399.8484859844,75.6634606727
400.5625011380,70.6232439067
401.2765162915,76.6100569583
401.9905314450,67.4352044660
402.7045465986,68.8219982166
403.4185617521,70.3103318655
404.1325769057,60.1693332909
404.8465920592,68.0676576833
405.5606072128,73.3622930515
406.2746223663,63.2087399064
406.9886375199,66.8934372614
407.7026526734,63.9171313224
408.4166678269,58.1428051469
409.1306829805,63.0071425203
409.8446981340,67.6441697143
410.5587132876,66.7431151162
411.2727284411,68.9100275047
411.9867435947,67.8984049099
412.7007587482,58.5485799651
413.4147739017,57.7523301223
414.1287890553,76.0946308793
414.8428042088,75.0865094676
415.5568193624,60.1709965716
416.2708345159,69.5188732944
416.9848496695,79.2914347401
417.6988648230,67.0937884707
418.4128799766,69.6559396849
419.1268951301,83.9233055061
419.8409102836,68.4689305402
420.5549254372,62.9229702573
421.2689405907,64.1940519874
421.9829557443,63.8158001867
422.6969708978,62.2067205674
423.4109860514,63.6924799470
424.1250012049,66.0115268179
424.8390163584,66.3183129929
425.5530315120,66.2518236501
426.2670466655,65.8574927693
426.9810618191,66.2380745464
427.6950769726,67.1429594879
428.4090921262,65.6579724249
429.1231072797,67.8926975462
429.8371224332,70.7055139061
430.5511375868,65.6281115155
431.2651527403,64.6815856942
431.9791678939,72.0045950694
432.6931830474,72.3629140555
433.4071982010,66.8608353535
434.1212133545,65.3595924305
434.8352285081,70.1203723074
435.5492436616,75.4235271329
436.2632588151,72.8431853915
436.9772739687,70.8939227318
437.6912891222,72.9609502057
438.4053042758,68.7525510692
439.1193194293,66.2862664139
439.8333345829,70.0095902248
440.5473497364,70.0333541111
441.2613648899,69.8853142597
441.9753800435,71.7118870318
442.6893951970,70.2816451067
443.4034103506,70.3158513906
444.1174255041,70.5935725045
444.8314406577,68.5621558191
445.5454558112,67.7760634841
446.2594709648,68.0348093888
446.9734861183,69.0779100118
447.6875012718,69.3918621161
448.4015164254,69.4573950908
449.1155315789,70.3338678781
449.8295467325,68.7491250916
450.5435618860,67.6112120722
451.2575770396,69.8697588272
451.9715921931,68.3478912381
452.6856073466,66.0394840020
453.3996225002,70.2882102326
454.1136376537,71.6579221576
454.8276528073,68.1208807186
455.5416679608,66.8503349346
456.2556831144,68.2441368237
456.9696982679,68.9858313189
457.6837134214,70.3620611570
458.3977285750,71.1770806842
459.1117437285,70.1841932008
459.8257588821,69.2965272871
460.5397740356,68.3200315195
461.2537891892,67.7700902224
461.9678043427,69.5184952146
462.6818194963,70.3556119485
463.3958346498,68.2797505067
464.1098498033,69.0506688353
464.8238649569,71.8537850984
465.5378801104,69.5741396274
466.2518952640,66.3070707829
466.9659104175,68.2854703328
467.6799255711,70.8608439655
468.3939407246,69.3155316191
469.1079558781,68.0331622774
469.8219710317,68.7184628098
470.5359861852,67.6587307753
471.2500013388,66.5331633134
471.9640164923,68.1226106949
472.6780316459,68.4619453981
473.3920467994,67.0369532082
474.1060619530,68.0773831000
474.8200771065,67.8042151030
475.5340922600,66.4493489001
476.2481074136,67.4029475243
476.9621225671,67.4031799867
477.6761377207,65.9002696229
478.3901528742,66.1271642637
479.1041680278,66.6920070520
479.8181831813,66.0979275112
480.5321983348,65.9253017873
481.2462134884,66.6092358022
481.9602286419,66.7110910832
482.6742437955,66.1797843855
483.3882589490,65.4289988187
484.1022741026,64.2908191668
484.8162892561,64.5368320758
485.5303044097,65.2506440654
486.2443195632,64.5080880409
486.9583347167,64.8083369803
487.6723498703,66.3686758251
488.3863650238,66.0029532111
489.1003801774,65.2866117757
489.8143953309,65.8464910917
490.5284104845,66.1625548751
491.2424256380,66.4449743372
491.9564407915,66.7302800193
492.6704559451,66.2904544395
493.3844710986,65.7688861014
494.0984862522,65.4894706592
494.8125014057,65.9672825522
495.5265165593,65.8777849631
496.2405317128,64.7796981772
496.9545468663,64.9319830274
497.6685620199,66.0129421965
498.3825771734,66.7170853159
499.0965923270,66.3368906964
499.8106074805,64.9113381096
500.5246226341,64.8731901778
501.2386377876,66.2554873450
501.9526529412,66.1021384713
502.6666680947,65.1250462109
503.3806832482,65.3285159788
504.0946984018,65.4483573024
504.8087135553,65.5173895617
505.5227287089,65.2136457653
506.2367438624,64.5676242144
506.9507590160,64.3032765594
507.6647741695,64.2971240771
508.3787893230,64.6826558027
509.0928044766,64.9585194333
509.8068196301,64.8091912077
510.5208347837,65.0808208944
511.2348499372,64.8178165216
511.9488650908,64.6716834139
512.6628802443,65.8134051721
513.3768953979,65.6382095217
514.0909105514,64.5268595481
514.8049257049,64.7936406906
515.5189408585,64.7555239825
516.2329560120,64.0949371940
516.9469711656,64.1705535184
517.6609863191,64.5395910843
518.3750014727,64.9540194498
519.0890166262,64.9238836953
519.8030317797,64.2900545642
520.5170469333,64.7694007964
521.2310620868,65.3642610651
521.9450772404,64.6550531179
522.6590923939,63.9600439924
523.3731075475,64.1498311714
524.0871227010,64.3052995078
524.8011378545,63.9878781633
525.5151530081,63.5387343348
526.2291681616,63.2638099101
526.9431833152,63.3493771831
527.6571984687,63.8321597241
528.3712136223,64.0998156330
529.0852287758,63.3472762623
529.7992439294,62.6273039196
530.5132590829,62.8165502193
531.2272742364,63.0673442256
531.9412893900,62.7793567342
532.6553045435,62.4044386535
533.3693196971,62.3981041832
534.0833348506,62.5221468377
534.7973500042,62.4787763672
535.5113651577,62.3957738789
536.2253803112,62.3050035124
536.9393954648,62.0488102812
537.6534106183,61.4457786004
538.3674257719,61.0587550697
539.0814409254,61.5335201363
539.7954560790,61.6316285937
540.5094712325,60.6843953356
541.2234863861,60.4404538103
541.9375015396,60.8272511392
542.6515166931,60.4383317335
543.3655318467,59.9756755182
544.0795470002,60.0994483994
544.7935621538,60.0677442607
545.5075773073,60.0036739387
546.2215924609,60.2918061120
546.9356076144,60.3226810755
547.6496227679,60.1487848195
548.3636379215,60.2287797494
549.0776530750,60.2190957575
549.7916682286,60.3965827615
550.5056833821,61.0153442265
551.2196985357,61.0457272603
551.9337136892,61.1598276706
552.6477288427,62.0730586534
553.3617439963,62.1299999008
554.0757591498,61.7184059792
554.7897743034,62.5406217779
555.5037894569,63.2488684752
556.2178046105,63.2033229293
556.9318197640,63.7312524075
557.6458349176,64.5612932106
558.3598500711,64.9434854005
559.0738652246,65.0823250418
559.7878803782,65.3401680110
560.5018955317,65.8631914944
561.2159106853,66.1771174013
561.9299258388,66.3072298758
562.6439409924,66.8848341308
563.3579561459,67.4627957420
564.0719712994,67.6391147346
564.7859864530,67.7852342299
565.5000016065,67.8443125763
566.2140167601,67.8494376439
566.9280319136,67.9300767182
567.6420470672,68.1210222331
568.3560622207,68.5894575733
569.0700773743,68.8446559349
569.7840925278,68.5193320653
570.4981076813,68.6341561648
571.2121228349,69.2849337635
571.9261379884,69.1704346180
572.6401531420,68.4747678027
573.3541682955,68.5174608795
574.0681834491,68.8813096954
574.7821986026,68.6795203133
575.4962137561,68.6656528112
576.2102289097,69.1118710077
576.9242440632,69.1054839599
577.6382592168,68.8379313589
578.3522743703,68.5535914970
579.0662895239,68.4193163912
579.7803046774,68.7498465022
580.4943198309,68.8226681279
581.2083349845,68.4059689972
581.9223501380,68.5153715005
582.6363652916,68.6728719485
583.3503804451,68.2567356337
584.0643955987,68.3176085977
584.7784107522,68.8609398257
585.4924259058,68.6169784734
586.2064410593,68.2696867624
586.9204562128,68.7619999169
587.6344713664,68.9350521925
588.3484865199,68.6430239509
589.0625016735,68.9320307581
589.7765168270,68.8370453632
590.4905319806,68.1449875195
591.2045471341,68.4010506604
591.9185622876,68.8711009557
592.6325774412,68.3346233509
593.3465925947,67.9803881180
594.0606077483,67.9407950042
594.7746229018,67.8585093373
595.4886380554,67.9744556101
596.2026532089,67.7801218921
596.9166683625,67.4082746951
597.6306835160,67.5496836382
598.3446986695,67.4881423734
599.0587138231,67.0368438602
599.7727289766,67.1425405862
600.4867441302,67.2893960811
601.2007592837,66.6814162180
601.9147744373,66.4761281858
602.6287895908,66.8044232353
603.3428047443,66.3876998448
604.0568198979,65.8541841266
604.7708350514,65.9687776466
605.4848502050,65.8413571354
606.1988653585,65.5656088579
606.9128805121,65.3975456245
607.6268956656,65.0149513796
608.3409108192,64.9620485963
609.0549259727,65.1018661013
609.7689411262,65.0781969193
610.4829562798,65.2911056269
611.1969714333,65.2556490694
611.9109865869,65.0870355233
612.6250017404,65.5020452352
613.3390168940,65.6644393159
614.0530320475,65.3294401879
614.7670472010,65.4224359014
615.4810623546,65.8407594565
616.1950775081,66.1523291844
616.9090926617,66.2245283555
617.6231078152,66.1815251462
618.3371229688,66.3126510443
619.0511381223,66.3852305728
619.7651532758,66.2068677645
620.4791684294,66.1892837933
621.1931835829,66.6441725914
621.9071987365,66.9349552354
622.6212138900,66.5177059606
623.3352290436,66.3729496857
624.0492441971,66.8670746280
624.7632593507,66.8399978423
625.4772745042,66.6282719989
626.1912896577,66.9257663406
626.9053048113,66.9495923279
627.6193199648,66.8795274156
628.3333351184,67.0538197928
629.0473502719,67.1077493996
629.7613654255,67.2883028212
630.4753805790,67.2587213338
631.1893957325,66.9982455779
631.9034108861,67.5550045170
632.6174260396,67.9558457609
633.3314411932,67.2437054035
634.0454563467,67.1926263632
634.7594715003,67.9893604149
635.4734866538,67.9738209134
636.1875018074,67.6472483192
636.9015169609,68.0033964923
637.6155321144,68.2603170946
638.3295472680,68.1403718857
639.0435624215,68.0691063494
639.7575775751,68.0054942101
640.4715927286,68.1107570987
641.1856078822,68.1042023574
641.8996230357,67.7074054652
642.6136381892,67.8214422631
643.3276533428,68.2241845590
644.0416684963,68.0562476916
644.7556836499,68.0995957851
645.4696988034,68.3508031068
646.1837139570,68.2611465935
646.8977291105,68.5206589314
647.6117442640,68.7587913803
648.3257594176,68.5027481820
649.0397745711,68.5189939358
649.7537897247,68.7426719059
650.4678048782,68.9721987147
651.1818200318,69.1041107343
651.8958351853,68.7882425961
652.6098503389,68.8723064174
653.3238654924,69.3830827498
654.0378806459,69.2721978748
654.7518957995,69.1657310183
655.4659109530,69.4931565905
656.1799261066,69.5737028013
656.8939412601,69.4338445233
657.6079564137,69.4303807765
658.3219715672,69.6875385807
659.0359867207,69.8098103080
659.7500018743,69.5496384227
660.4640170278,69.6574367726
661.1780321814,69.9072383627
661.8920473349,69.7242583688
662.6060624885,69.7449592365
663.3200776420,69.8775163717
664.0340927956,69.6957971361
664.7481079491,69.6719111936
665.4621231026,69.8889177842
666.1761382562,70.0901856684
666.8901534097,70.1586663561
667.6041685633,70.3608292830
668.3181837168,70.7689483000
669.0321988704,69.9740282191
669.7462140239,69.6585026832
670.4602291774,70.1515005376
671.1742443310,70.3648813580
671.8882594845,69.9471132600
672.6022746381,69.9879305828
673.3162897916,70.2335916440
674.0303049452,70.2424755781
674.7443200987,70.3412454266
675.4583352522,70.3040330107
676.1723504058,70.1569295075
676.8863655593,70.2582987485
677.6003807129,70.3330016776
678.3143958664,70.2594506377
679.0284110200,70.3260526795
679.7424261735,70.3643788583
680.4564413271,70.0917602517
681.1704564806,69.9543444821
681.8844716341,70.1167527667
682.5984867877,70.0741036922
683.3125019412,70.0307597858
684.0265170948,70.1628922615
684.7405322483,70.0192008031
685.4545474019,69.9735457020
686.1685625554,70.2092688810
686.8825777089,70.1999036128
687.5965928625,70.1414825285
688.3106080160,70.1371642660
689.0246231696,70.1118767573
689.7386383231,70.3511791788
690.4526534767,70.5096881397
691.1666686302,70.4241080393
691.8806837838,70.5040767731
692.5946989373,70.6998069578
693.3087140908,70.7482674838
694.0227292444,70.5849704923
694.7367443979,70.6120944695
695.4507595515,70.9180762249
696.1647747050,70.8114726295
696.8787898586,70.7302794001
697.5928050121,71.3225756881
698.3068201656,71.6424840405
699.0208353192,71.4108958121
699.7348504727,71.4581151651
700.4488656263,71.7938063820
701.1628807798,72.0346198993
701.8768959334,72.0912858885
702.5909110869,72.1113763553
703.3049262404,72.2083774131
704.0189413940,72.3811810148
704.7329565475,72.6511450147
705.4469717011,72.8365512287
706.1609868546,72.9699478582
706.8750020082,73.1987328895
707.5890171617,73.2355700802
708.3030323153,73.2514926387
709.0170474688,73.4091718640
709.7310626223,73.4681442808
710.4450777759,73.7828671466
711.1590929294,74.1029857155
711.8731080830,73.9680211423
712.5871232365,74.0680518804
713.3011383901,74.2911043700
714.0151535436,74.2503366000
714.7291686971,74.5250152390
715.4431838507,74.8509962199
716.1571990042,74.9311417144
716.8712141578,75.0689325342
717.5852293113,75.1383982994
718.2992444649,75.3265279166
719.0132596184,75.5697829736
719.7272747720,75.5890294990
720.4412899255,75.8506162993
721.1553050790,75.9898439254
721.8693202326,75.7817872010
722.5833353861,76.0439614405
723.2973505397,76.4586406259
724.0113656932,76.5630358766
724.7253808468,76.8092824012
725.4393960003,77.0355246629
726.1534111538,77.1549332376
726.8674263074,77.3551126403
727.5814414609,77.5944237530
728.2954566145,78.0385676327
729.0094717680,78.4252930328
729.7234869216,78.6093409302
730.4375020751,78.9832848729
731.1515172287,79.2225614059
731.8655323822,79.1813199879
732.5795475357,79.3894530835
733.2935626893,79.8183575224
734.0075778428,80.1813174230
734.7215929964,80.3124190155
735.4356081499,80.3358633077
736.1496233035,80.7028362488
736.8636384570,81.1247550289
737.5776536105,81.1426764254
738.2916687641,81.2391320024
739.0056839176,81.5840395684
739.7196990712,81.7377804663
740.4337142247,81.7546335522
741.1477293783,81.9246685428
741.8617445318,82.1889061861
742.5757596853,82.3601513151
743.2897748389,82.4344623614
744.0037899924,82.6145672304
744.7178051460,82.8727049837
745.4318202995,82.9083325041
746.1458354531,82.8394761012
746.8598506066,83.0201632763
747.5738657602,83.3190290711
748.2878809137,83.4171956605
749.0018960672,83.4381822385
749.7159112208,83.6215244489
750.4299263743,83.7735912274
751.1439415279,83.6579816115
751.8579566814,83.6318978219
752.5719718350,83.9336791840
753.2859869885,84.0609816082
754.0000021420,83.9026120257
754.7140172956,84.0012241723
755.4280324491,84.2963277698
756.1420476027,84.3645741845
756.8560627562,84.4453259296
757.5700779098,84.6909492305
758.2840930633,84.6316075702
758.9981082169,84.3466356042
759.7121233704,84.4661695383
760.4261385239,84.7467266215
761.1401536775,84.6889274408
761.8541688310,84.6071041038
762.5681839846,84.7291524323
763.2821991381,84.8521372357
763.9962142917,84.9358120411
764.7102294452,85.0365514262
765.4242445987,85.1308015867
766.1382597523,85.0416671877
766.8522749058,84.9266983778
767.5662900594,85.1667472307
768.2803052129,85.2972771014
768.9943203665,85.0870005131
769.7083355200,85.2391239207
770.4223506735,85.5939810367
771.1363658271,85.6525044538
771.8503809806,85.6499795253
772.5643961342,85.7489984561
773.2784112877,86.0504157197
773.9924264413,86.3125308208
774.7064415948,86.2607462348
775.4204567484,86.3767596522
776.1344719019,86.5274524510
776.8484870554,86.4844211481
777.5625022090,86.8005134458
778.2765173625,87.0475678275
778.9905325161,86.9682754090
779.7045476696,87.1699245393
780.4185628232,87.2865284771
781.1325779767,87.2062336905
781.8465931302,87.2627342545
782.5606082838,87.3161019538
783.2746234373,87.5763674095
783.9886385909,87.6170878358
784.7026537444,87.3399302703
785.4166688980,87.7415176359
786.1306840515,88.0361892528
786.8446992051,87.6972881293
787.5587143586,87.9943020754
788.2727295121,88.3488979373
788.9867446657,88.0912864728
789.7007598192,88.1617285618
790.4147749728,88.5315216151
791.1287901263,88.7878048583
791.8428052799,88.7458243976
792.5568204334,88.4210281558
793.2708355869,88.5737592513
793.9848507405,88.9557153515
794.6988658940,88.8627747567
795.4128810476,88.7661897253
796.1268962011,88.9488517225
796.8409113547,89.2546867553
797.5549265082,89.2379398576
798.2689416617,88.8807192758
798.9829568153,89.0885686287
799.6969719688,89.3795790892
800.4109871224,89.0556346798
801.1250022759,89.1318814371
801.8390174295,89.4120858112
802.5530325830,89.0455072812
803.2670477366,88.7950328417
803.9810628901,89.0761421497
804.6950780436,89.3089993264
805.4090931972,89.0943410848
806.1231083507,88.8400230955
806.8371235043,89.1325026906
807.5511386578,89.2913517312
808.2651538114,88.9121055158
808.9791689649,88.9226607324
809.6931841184,89.2703397613
810.4071992720,89.2421552623
811.1212144255,89.0585514649
811.8352295791,89.2600342136
812.5492447326,89.6297956380
813.2632598862,89.3367243151
813.9772750397,88.8992059126
814.6912901933,89.3451090874
815.4053053468,89.6330191557
816.1193205003,89.1009848327
816.8333356539,89.1095127803
817.5473508074,89.7280851944
818.2613659610,89.6737890367
818.9753811145,89.0364100409
819.6893962681,89.0830387152
820.4034114216,89.7208459383
821.1174265751,89.5087290607
821.8314417287,88.7988273093
822.5454568822,89.0898354610
823.2594720358,89.6154761301
823.9734871893,89.1011851504
824.6875023429,88.5469657446
825.4015174964,88.9230826312
826.1155326499,89.2377006536
826.8295478035,88.8275864224
827.5435629570,88.8586217553
828.2575781106,89.4839364730
828.9715932641,89.3172080595
829.6856084177,88.6840573014
830.3996235712,89.0239136271
831.1136387248,89.7942780976
831.8276538783,89.5429334822
832.5416690318,88.9382866389
833.2556841854,89.5416308289
833.9696993389,90.2849433347
834.6837144925,89.7264315348
835.3977296460,89.4332547756
836.1117447996,90.1690083858
836.8257599531,90.4336186740
837.5397751066,89.9826958293
838.2537902602,89.8152804620
838.9678054137,90.3596136062
839.6818205673,90.7892221692
840.3958357208,90.2049741781
841.1098508744,89.9661558491
841.8238660279,90.6719574840
842.5378811815,90.6320052077
843.2518963350,90.0471086938
843.9659114885,90.3201319120
844.6799266421,90.8511942135
845.3939417956,90.5635840145
846.1079569492,89.9479715308
846.8219721027,90.3226173038
847.5359872563,91.0175519001
848.2500024098,90.4079669550
848.9640175633,89.8382411268
849.6780327169,90.3863184076
850.3920478704,90.5271997469
851.1060630240,90.0440405428
851.8200781775,89.9387072349
852.5340933311,90.2308837192
853.2481084846,90.4542181384
853.9621236381,90.2731596371
854.6761387917,90.3929009560
855.3901539452,90.9853715488
856.1041690988,90.9299870109
856.8181842523,90.7225268103
857.5321994059,91.1998882409
858.2462145594,91.4658982914
858.9602297130,91.2205709116
859.6742448665,91.1082554735
860.3882600200,91.3503073187
861.1022751736,91.5790283751
861.8162903271,91.4583826738
862.5303054807,91.5077117246
863.2443206342,91.7706526241
863.9583357878,91.6810232863
864.6723509413,91.6159521257
865.3863660948,91.7860765618
866.1003812484,91.8442453713
866.8143964019,91.7460849771
867.5284115555,91.5804441961
868.2424267090,91.7289379031
868.9564418626,91.8677956488
869.6704570161,91.4827736789
870.3844721697,91.4641515739
871.0984873232,91.8213068069
871.8125024767,91.6137353208
872.5265176303,91.3204152799
873.2405327838,91.3649142169
873.9545479374,91.4905637942
874.6685630909,91.4887871069
875.3825782445,91.2475216941
876.0965933980,91.3261933998
876.8106085515,91.5588757421
877.5246237051,91.3053819124
878.2386388586,91.3140700693
878.9526540122,91.6212665633
879.6666691657,91.4699305013
880.3806843193,91.3284387499
881.0946994728,91.3880470129
881.8087146264,91.4273435761
882.5227297799,91.5374856574
883.2367449334,91.4993372271
883.9507600870,91.4649507271
884.6647752405,91.5878800299
885.3787903941,91.5458458605
886.0928055476,91.4942914599
886.8068207012,91.6437721615
887.5208358547,91.8553006874
888.2348510082,91.8650812497
888.9488661618,91.6556223521
889.6628813153,91.7851860627
890.3768964689,92.0080560133
891.0909116224,91.7728641470
891.8049267760,91.7708413445
892.5189419295,92.0690657839
893.2329570830,91.9401944241
893.9469722366,91.6479998252
894.6609873901,91.5657647301
895.3750025437,91.6127113378
896.0890176972,91.6379755243
896.8030328508,91.5482647766
897.5170480043,91.4822289269
898.2310631579,91.3302882536
898.9450783114,91.1640685783
899.6590934649,91.2934699430
900.3731086185,91.2963586564
901.0871237720,91.0671679255
901.8011389256,91.0851339815
902.5151540791,91.2195923882
903.2291692327,91.2561866919
903.9431843862,91.1483135462
904.6571995397,90.9848417082
905.3712146933,91.0713227745
906.0852298468,91.1692497166
906.7992450004,91.0799619218
907.5132601539,90.9921683214
908.2272753075,90.8326407842
908.9412904610,90.8190294627
909.6553056146,91.0161234935
910.3693207681,90.9748363564
911.0833359216,90.8366910972
911.7973510752,90.8039318830
912.5113662287,90.7268944786
913.2253813823,90.7293288672
913.9393965358,90.7591123400
914.6534116894,90.6389733102
915.3674268429,90.5090900705
916.0814419964,90.4629767182
916.7954571500,90.4329413814
917.5094723035,90.3560480616
918.2234874571,90.2946781331
918.9375026106,90.2314809191
919.6515177642,90.1146033494
920.3655329177,90.1556167966
921.0795480712,90.2426391804
921.7935632248,90.1053390936
922.5075783783,89.9384326633
923.2215935319,89.7896747848
923.9356086854,89.7056795297
924.6496238390,89.7573590533
925.3636389925,89.6557547991
926.0776541461,89.6114558328
926.7916692996,89.7691620605
927.5056844531,89.7149243740
928.2196996067,89.7069229849
928.9337147602,89.8780704473
929.6477299138,89.8396988825
930.3617450673,89.8761205740
931.0757602209,90.0979669692
931.7897753744,90.1420744313
932.5037905279,90.0991063698
933.2178056815,90.2267100988
933.9318208350,90.5152145732
934.6458359886,90.6232911917
935.3598511421,90.5514434925
936.0738662957,90.7060574001
936.7878814492,90.8158094749
937.5018966028,90.7665306254
938.2159117563,90.8896318772
938.9299269098,90.9259885893
939.6439420634,90.9386131865
940.3579572169,91.1036347733
941.0719723705,91.0520215257
941.7859875240,91.0351002711
942.5000026776,91.2290159532
943.2140178311,91.2467159319
943.9280329846,91.1588580218
944.6420481382,91.0487501974
945.3560632917,91.0102738524
946.0700784453,91.1310791806
946.7840935988,91.1168202874
947.4981087524,91.1224012769
948.2121239059,91.2150337618
948.9261390594,91.1226041254
949.6401542130,91.1619842120
950.3541693665,91.3079104651
951.0681845201,91.3066544169
951.7821996736,91.4193285316
952.4962148272,91.4604383923
953.2102299807,91.3451556460
953.9242451343,91.3962476320
954.6382602878,91.3935504305
955.3522754413,91.2481530711
956.0662905949,91.2330624321
956.7803057484,91.4139669976
957.4943209020,91.5739265091
958.2083360555,91.3792882994
958.9223512091,91.1348338883
959.6363663626,91.1575304088
960.3503815161,91.0789785636
961.0643966697,90.9958050246
961.7784118232,91.0230288501
962.4924269768,90.8118185274
963.2064421303,90.6364320279
963.9204572839,90.6775068133
964.6344724374,90.5795441387
965.3484875910,90.3787232442
966.0625027445,90.2370098156
966.7765178980,90.1448208102
967.4905330516,90.0145006399
968.2045482051,89.7895033991
968.9185633587,89.5936058066
969.6325785122,89.3843617119
970.3465936658,89.1407915120
971.0606088193,88.9739347950
971.7746239728,88.7819660733
972.4886391264,88.5804689066
973.2026542799,88.3737679105
973.9166694335,88.1283411235
974.6306845870,88.0805084435
975.3446997406,88.0862813343
976.0587148941,87.9403673002
976.7727300476,87.8635836833
977.4867452012,87.8278135968
978.2007603547,87.8541165475
978.9147755083,87.9848548876
979.6287906618,87.9672155172
980.3428058154,87.9631310349
981.0568209689,88.0538283140
981.7708361225,88.0424168929
982.4848512760,88.1159281857
983.1988664295,88.1814026229
983.9128815831,88.0942292355
984.6268967366,88.1020041511
985.3409118902,88.1224256545
986.0549270437,88.0986711177
986.7689421973,88.0785221948
987.4829573508,87.9100453761
988.1969725043,87.7199032358
988.9109876579,87.5405113415
989.6250028114,87.3192182661
990.3390179650,87.2086742295
991.0530331185,87.0122254576
991.7670482721,86.7241646804
992.4810634256,86.6308758023
993.1950785792,86.5042784639
993.9090937327,86.2692693787
994.6231088862,86.1777633021
995.3371240398,86.1522577065
996.0511391933,86.0770791838
996.7651543469,85.9853746939
997.4791695004,85.9196013695
998.1931846540,85.9147367807
998.9071998075,85.9771243218
999.6212149610,86.0118814527
1000.3352301146,85.8421013694
1001.0492452681,85.7172355137
1001.7632604217,85.8786234918
1002.4772755752,85.9278356237
1003.1912907288,85.8866734696
1003.9053058823,86.0316792636
1004.6193210359,86.0676041422
1005.3333361894,86.0737442265
1006.0473513429,86.2126112357
1006.7613664965,86.1985301228
1007.4753816500,86.1272247974
1008.1893968036,86.1118546819
1008.9034119571,86.1048584749
1009.6174271107,86.1521575824
1010.3314422642,86.0836409932
1011.0454574177,86.0331002633
1011.7594725713,86.1308529680
1012.4734877248,86.0367402418
1013.1875028784,85.9122690503
1013.9015180319,86.0321318558
1014.6155331855,86.1413745927
1015.3295483390,86.1256684361
1016.0435634925,86.0791931709
1016.7575786461,86.1549796249
1017.4715937996,86.2719307294
1018.1856089532,86.2193529822
1018.8996241067,86.2409484375
1019.6136392603,86.3340112301
1020.3276544138,86.3131630595
1021.0416695674,86.3930469603
1021.7556847209,86.3870035754
1022.4696998744,86.2255332002
1023.1837150280,86.2227536410
1023.8977301815,86.1329397121
1024.6117453351,85.9659988006
1025.3257604886,85.9418351925
1026.0397756422,85.7481057491
1026.7537907957,85.4907615771
1027.4678059492,85.3905319739
1028.1818211028,85.2293606867
1028.8958362563,85.0237142886
1029.6098514099,84.8370069151
1030.3238665634,84.6838812807
1031.0378817170,84.6066837304
1031.7518968705,84.4723324327
1032.4659120241,84.3107373387
1033.1799271776,84.1918346826
1033.8939423311,84.0600385346
1034.6079574847,83.9422451249
1035.3219726382,83.8282436524
1036.0359877918,83.7440348757
1036.7500029453,83.6376574706
1037.4640180989,83.4776869161
1038.1780332524,83.4586573140
1038.8920484059,83.4013392545
1039.6060635595,83.1936002999
1040.3200787130,83.1381135236
1041.0340938666,83.1104839162
1041.7481090201,83.0200190510
1042.4621241737,82.9560775897
1043.1761393272,82.8242751469
1043.8901544807,82.8738615622
1044.6041696343,83.0087713475
1045.3181847878,82.9153802483
1046.0321999414,82.9196082218
1046.7462150949,82.8834895153
1047.4602302485,82.7034856396
1048.1742454020,82.8460278456
1048.8882605556,82.9503330053
1049.6022757091,82.7696270080
1050.3162908626,82.7233897780
1051.0303060162,82.7608631358
1051.7443211697,82.8247023299
1052.4583363233,82.8195732659
1053.1723514768,82.6308515596
1053.8863666304,82.5767168521
1054.6003817839,82.5379907675
1055.3143969374,82.3858230492
1056.0284120910,82.3696393442
1056.7424272445,82.3216390034
1057.4564423981,82.2395245095
1058.1704575516,82.2005484367
1058.8844727052,82.0731797694
1059.5984878587,82.0630562788
1060.3125030123,82.0508388837
1061.0265181658,81.9032907547
1061.7405333193,81.9189565123
1062.4545484729,81.9225462856
1063.1685636264,81.8672413396
1063.8825787800,81.8959386700
1064.5965939335,81.7726469791
1065.3106090871,81.7386885814
1066.0246242406,81.9073003106
1066.7386393941,81.9094096559
1067.4526545477,81.9229317129
1068.1666697012,82.0556664488
1068.8806848548,82.1580020652
1069.5947000083,82.2715145698
1070.3087151619,82.2823358265
1071.0227303154,82.2979892600
1071.7367454689,82.5054942584
1072.4507606225,82.7085576519
1073.1647757760,82.8384117086
1073.8787909296,83.0011700896
1074.5928060831,83.2148535932
1075.3068212367,83.3226177637
1076.0208363902,83.3205947034
1076.7348515438,83.5937218592
1077.4488666973,83.9740909609
1078.1628818508,84.0578973089
1078.8768970044,84.1810811608
1079.5909121579,84.5252363460
1080.3049273115,84.8514101408
1081.0189424650,85.0482181042
1081.7329576186,85.2474208860
1082.4469727721,85.6216535333
1083.1609879256,85.7944338577
1083.8750030792,85.7943041484
1084.5890182327,86.1759538058
1085.3030333863,86.4399980796
1086.0170485398,86.4199926313
1086.7310636934,86.6843615358
1087.4450788469,86.8784288389
1088.1590940005,86.9435705199
1088.8731091540,87.1498694592
1089.5871243075,87.2519084565
1090.3011394611,87.4420954440
1091.0151546146,87.5669781162
1091.7291697682,87.4327715024
1092.4431849217,87.5775795107
1093.1572000753,87.7020175641
1093.8712152288,87.5547277335
1094.5852303823,87.6007865176
1095.2992455359,87.6438028913
1096.0132606894,87.5668530217
1096.7272758430,87.5249854140
1097.4412909965,87.5387577680
1098.1553061501,87.6421327278
1098.8693213036,87.4256557121
1099.5833364571,87.1139161104
1100.2973516107,87.2271646529
1101.0113667642,87.2367031128
1101.7253819178,87.1524400052
1102.4393970713,87.2747529597
1103.1534122249,87.1714548799
1103.8674273784,86.9763790205
1104.5814425320,86.9336686795
1105.2954576855,87.0361090348
1106.0094728390,87.2588840359
1106.7234879926,87.2184191466
1107.4375031461,87.2038239329
1108.1515182997,87.4092853601
1108.8655334532,87.3534530662
1109.5795486068,87.4019079339
1110.2935637603,87.5363288461
1111.0075789138,87.3991471406
1111.7215940674,87.4970816181
1112.4356092209,87.5507137280
1113.1496243745,87.4146739587
1113.8636395280,87.6007597750
1114.5776546816,87.5419691582
1115.2916698351,87.2917472309
1116.0056849887,87.4532113327
1116.7197001422,87.5315634604
1117.4337152957,87.4511078365
1118.1477304493,87.4491852196
1118.8617456028,87.4563097125
1119.5757607564,87.5196691332
1120.2897759099,87.3854868628
1121.0037910635,87.2812605843
1121.7178062170,87.4946448037
1122.4318213705,87.5559657063
1123.1458365241,87.5575495009
1123.8598516776,87.5801145800
1124.5738668312,87.4343135531
1125.2878819847,87.4936123999
1126.0018971383,87.5602032411
1126.7159122918,87.4606556239
1127.4299274454,87.5461004102
1128.1439425989,87.5460376674
1128.8579577524,87.5009486892
1129.5719729060,87.5465831161
1130.2859880595,87.3858682199
1131.0000032131,87.3992388926
1131.7140183666,87.5606762385
1132.4280335202,87.4087922853
1133.1420486737,87.3104130171
1133.8560638272,87.3614103581
1134.5700789808,87.3273683196
1135.2840941343,87.2236900465
1135.9981092879,87.1035457576
1136.7121244414,87.2483217445
1137.4261395950,87.3769651782
1138.1401547485,87.1317373151
1138.8541699020,87.0650395051
1139.5681850556,87.1454546142
1140.2822002091,86.9710946935
1140.9962153627,86.7996796147
1141.7102305162,86.7081802594
1142.4242456698,86.6986548041
1143.1382608233,86.7321405642
1143.8522759769,86.5850790619
1144.5662911304,86.5074349673
1145.2803062839,86.5525534929
1145.9943214375,86.4276979813
1146.7083365910,86.3076261116
1147.4223517446,86.3037734944
1148.1363668981,86.2348508036
1148.8503820517,86.0883994685
1149.5643972052,85.9654837896
1150.2784123587,85.8441420337
1150.9924275123,85.6276690360
1151.7064426658,85.4831496560
1152.4204578194,85.4734849342
1153.1344729729,85.3747031697
1153.8484881265,85.2748985755
1154.5625032800,85.2305390076
1155.2765184336,85.1004388959
1155.9905335871,84.9132873144
1156.7045487406,84.6612435769
1157.4185638942,84.5288919104
1158.1325790477,84.5567566931
1158.8465942013,84.3965727102
1159.5606093548,84.2432546355
1160.2746245084,84.2254318855
1160.9886396619,84.0463236289
1161.7026548154,83.9101563406
1162.4166699690,83.8672753235
1163.1306851225,83.6949691011
1163.8447002761,83.5134782697
1164.5587154296,83.3317938793
1165.2727305832,83.2290590112
1165.9867457367,83.2334630024
1166.7007608902,83.0876733569
1167.4147760438,82.9500564601
1168.1287911973,82.9660848982
1168.8428063509,82.9361167298
1169.5568215044,82.8318708213
1170.2708366580,82.7465893178
1170.9848518115,82.7980092492
1171.6988669651,82.8043043495
1172.4128821186,82.7078150666
1173.1268972721,82.9408425598
1173.8409124257,83.1861976450
1174.5549275792,83.1319524717
1175.2689427328,83.3219033804
1175.9829578863,83.6008993480
1176.6969730399,83.7402572111
1177.4109881934,83.9402054999
1178.1250033469,83.9363547745
1178.8390185005,83.9702264380
1179.5530336540,84.2105505893
1180.2670488076,84.2151749407
1180.9810639611,84.2807407081
1181.6950791147,84.4080200107
1182.4090942682,84.2979903948
1183.1231094218,84.3286319463
1183.8371245753,84.3109352804
1184.5511397288,84.1313040787
1185.2651548824,84.1343364896
1185.9791700359,84.0587895777
1186.6931851895,83.9641681593
1187.4072003430,83.9466242883
1188.1212154966,83.7692340687
1188.8352306501,83.7375802761
1189.5492458036,83.7111518887
1190.2632609572,83.5014750867
1190.9772761107,83.5030385516
1191.6912912643,83.4343720027
1192.4053064178,83.2406604147
1193.1193215714,83.2104546030
1193.8333367249,83.0539479586
1194.5473518784,82.9794259740
1195.2613670320,82.9856077216
1195.9753821855,82.6504062342
1196.6893973391,82.4836490298
1197.4034124926,82.5021041220
1198.1174276462,82.2074871468
1198.8314427997,82.0061020724
1199.5454579533,81.9617810639
1200.2594731068,81.7271801530
1200.9734882603,81.4456941769
1201.6875034139,81.2372657233
1202.4015185674,81.0756899450
1203.1155337210,80.8237093140
1203.8295488745,80.4855998684
1204.5435640281,80.3166940618
1205.2575791816,80.1574647900
1205.9715943351,79.8313649469
1206.6856094887,79.5318172421
1207.3996246422,79.3071796277
1208.1136397958,79.0969869982
1208.8276549493,78.8074131308
1209.5416701029,78.4984522000
1210.2556852564,78.3449308817
1210.9697004100,78.1129329651
1211.6837155635,77.7315544091
1212.3977307170,77.4933310473
1213.1117458706,77.3001304682
1213.8257610241,77.0113243873
1214.5397761777,76.7490655878
1215.2537913312,76.5643297364
1215.9678064848,76.4040352699
1216.6818216383,76.1693789783
1217.3958367918,75.9460561718
1218.1098519454,75.8310201572
1218.8238670989,75.6734318271
1219.5378822525,75.4990325495
1220.2518974060,75.4073306112
1220.9659125596,75.3097831053
1221.6799277131,75.1670185015
1222.3939428666,75.0092637660
1223.1079580202,74.9597198293
1223.8219731737,74.9480000924
1224.5359883273,74.7553643900
1225.2500034808,74.6548889881
1225.9640186344,74.7394487023
1226.6780337879,74.6434505475
1227.3920489415,74.5280223837
1228.1060640950,74.5775706189
1228.8200792485,74.6004982235
1229.5340944021,74.6206373313
1230.2481095556,74.6268117894
1230.9621247092,74.6159781813
1231.6761398627,74.7100901098
1232.3901550163,74.7781957337
1233.1041701698,74.8194810154
1233.8181853233,74.9730029708
1234.5322004769,75.1218702567
1235.2462156304,75.2407396627
1235.9602307840,75.4134624999
1236.6742459375,75.5876650240
1237.3882610911,75.6964703829
1238.1022762446,75.7979188282
1238.8162913982,75.9936879274
1239.5303065517,76.1737154385
1240.2443217052,76.2704045192
1240.9583368588,76.4062357263
1241.6723520123,76.5297142170
1242.3863671659,76.6442501893
1243.1003823194,76.7990287314
1243.8143974730,76.9086605047
1244.5284126265,77.0894271859
1245.2424277800,77.2880300665
1245.9564429336,77.3428270506
1246.6704580871,77.4956152148
1247.3844732407,77.7116215416
1248.0984883942,77.7775520338
1248.8125035478,77.8695995367
1249.5265187013,78.0028898945
1250.2405338549,78.1121062553
1250.9545490084,78.2486035050
1251.6685641619,78.2973837933
1252.3825793155,78.2502158452
1253.0965944690,78.1957926877
1253.8106096226,78.1697880356
1254.5246247761,78.2061414939
1255.2386399297,78.2088758752
1255.9526550832,78.1246792759
1256.6666702367,78.0014213653
1257.3806853903,77.9232989956
1258.0947005438,77.9520175151
1258.8087156974,77.9052358154
1259.5227308509,77.8036404462
1260.2367460045,77.8638245990
1260.9507611580,77.8635737322
1261.6647763115,77.7522880609
1262.3787914651,77.7938741613
1263.0928066186,77.8873469973
1263.8068217722,77.8991438450
1264.5208369257,77.8958860476
1265.2348520793,77.9998243923
1265.9488672328,78.2052669682
1266.6628823864,78.2651955641
1267.3768975399,78.3313297733
1268.0909126934,78.6188642434
1268.8049278470,78.7908201592
1269.5189430005,78.8719708164
1270.2329581541,79.1071430852
1270.9469733076,79.3346405942
1271.6609884612,79.5330437423
1272.3750036147,79.7207871308
1273.0890187682,79.8844505025
1273.8030339218,80.0676360705
1274.5170490753,80.2004224858
1275.2310642289,80.4184542749
1275.9450793824,80.6506707972
1276.6590945360,80.7064709535
1277.3731096895,80.8536864355
1278.0871248431,80.9779634077
1278.8011399966,80.9786250698
1279.5151551501,81.1175959478
1280.2291703037,81.1013953662
1280.9431854572,81.0571465949
1281.6572006108,81.2939210615
1282.3712157643,81.3363137432
1283.0852309179,81.2977909722
1283.7992460714,81.4104338220
1284.5132612249,81.3836646412
1285.2272763785,81.4247426659
1285.9412915320,81.4880796975
1286.6553066856,81.4289557028
1287.3693218391,81.5155300974
1288.0833369927,81.5002803124
1288.7973521462,81.4147655038
1289.5113672997,81.5061859321
1290.2253824533,81.4527663603
1290.9393976068,81.4193034513
1291.6534127604,81.5224746392
1292.3674279139,81.4668370871
1293.0814430675,81.4739466517
1293.7954582210,81.5590311175
1294.5094733746,81.5513998682
1295.2234885281,81.5409805248
1295.9375036816,81.4808209468
1296.6515188352,81.5394772720
1297.3655339887,81.6660840882
1298.0795491423,81.6026449994
1298.7935642958,81.6272692595
1299.5075794494,81.6907831510
1300.2215946029,81.6519283652
1300.9356097564,81.7583815026
1301.6496249100,81.8153563661
1302.3636400635,81.7700696579
1303.0776552171,81.7978202902
1303.7916703706,81.7597833351
1304.5056855242,81.7553452135
1305.2197006777,81.7670780842
1305.9337158313,81.6655698054
1306.6477309848,81.6354930295
1307.3617461383,81.6300983251
1308.0757612919,81.6001459278
1308.7897764454,81.5849514348
1309.5037915990,81.5369782733
1310.2178067525,81.5666299771
1310.9318219061,81.5472932615
1311.6458370596,81.4727398573
1312.3598522131,81.5342730119
1313.0738673667,81.4623529916
1313.7878825202,81.3593686258
1314.5018976738,81.4178862945
1315.2159128273,81.3575710801
1315.9299279809,81.3168679917
1316.6439431344,81.2728297898
1317.3579582879,81.1241034588
1318.0719734415,81.2103634187
1318.7859885950,81.2429484771
1319.5000037486,81.0855497930
1320.2140189021,81.0957030751
1320.9280340557,81.0147833632
1321.6420492092,80.9204347092
1322.3560643628,80.9298029987
1323.0700795163,80.7896209207
1323.7840946698,80.7627947790
1324.4981098234,80.7611676752
1325.2121249769,80.6102871268
1325.9261401305,80.6408049166
1326.6401552840,80.6105684987
1327.3541704376,80.4415775839
1328.0681855911,80.4024376330
1328.7822007446,80.3331061060
1329.4962158982,80.2997047284
1330.2102310517,80.2562009846
1330.9242462053,80.1603261567
1331.6382613588,80.2605487915
1332.3522765124,80.2342830973
1333.0662916659,80.1217813809
1333.7803068195,80.2125933824
1334.4943219730,80.1410386992
1335.2083371265,80.1851224104
1335.9223522801,80.4181253602
1336.6363674336,80.2474716756
1337.3503825872,80.2122138270
1338.0643977407,80.4589278219
1338.7784128943,80.4238441129
1339.4924280478,80.5205597799
1340.2064432013,80.7073606236
1340.9204583549,80.5211445146
1341.6344735084,80.5482052833
1342.3484886620,80.7636584375
1343.0625038155,80.7962954975
1343.7765189691,80.8079567304
1344.4905341226,80.8819642800
1345.2045492761,80.8907080354
1345.9185644297,80.9097721386
1346.6325795832,80.9823031729
1347.3465947368,81.0058649977
1348.0606098903,81.0305071725
1348.7746250439,81.1126250217
1349.4886401974,81.0869959619
1350.2026553510,81.0336900666
1350.9166705045,81.0733496792
1351.6306856580,81.0986793872
1352.3447008116,81.1507708232
1353.0587159651,81.1456687549
1353.7727311187,81.1001239632
1354.4867462722,81.1654494873
1355.2007614258,81.0642991861
1355.9147765793,80.9918495051
1356.6287917328,81.0690777686
1357.3428068864,80.8767879977
1358.0568220399,80.8146699856
1358.7708371935,80.8004271065
1359.4848523470,80.4954978639
1360.1988675006,80.6093570264
1360.9128826541,80.5149816545
1361.6268978077,79.8715776838
1362.3409129612,80.1604704035
1363.0549281147,80.3412955550
1363.7689432683,79.3691823648
1364.4829584218,79.2738923495
1365.1969735754,79.2448177960
1365.9109887289,78.9889797887
1366.6250038825,79.0309200598
1367.3390190360,78.9658900096
1368.0530341895,79.0823863092
1368.7670493431,79.2861646095
1369.4810644966,79.1015987461
1370.1950796502,79.3168535130
1370.9090948037,79.6343234691
1371.6231099573,79.5825879475
1372.3371251108,79.8439431478
1373.0511402643,80.1463025224
1373.7651554179,80.1166797374
1374.4791705714,80.2656426730
1375.1931857250,80.2984078843
1375.9072008785,80.2032318395
1376.6212160321,80.3103316267
1377.3352311856,80.3891351363
1378.0492463392,80.4378318039
1378.7632614927,80.5032302833
1379.4772766462,80.5687139952
1380.1912917998,80.6392577230
1380.9053069533,80.6277795678
1381.6193221069,80.7297618075
1382.3333372604,80.8517935054
1383.0473524140,80.7370568406
1383.7613675675,80.6620237631
1384.4753827210,80.6967279010
1385.1893978746,80.6893995465
1385.9034130281,80.7424261465
1386.6174281817,80.9685991755
1387.3314433352,81.1872233755
1388.0454584888,80.7434817940
1388.7594736423,80.5794055291
1389.4734887959,80.7883974275
1390.1875039494,80.6729479520
1390.9015191029,80.5414498458
1391.6155342565,80.6672600395
1392.3295494100,80.5082707723
1393.0435645636,80.5435837336
1393.7575797171,80.8660448815
1394.4715948707,80.7448337070
1395.1856100242,80.4177183427
1395.8996251777,80.2238206179
1396.6136403313,79.9811024226
1397.3276554848,79.8659135575
1398.0416706384,79.8183288635
1398.7556857919,79.9354493969
1399.4697009455,79.6379378889
1400.1837160990,79.0830469155
1400.8977312526,79.0443820111
1401.6117464061,78.9769179270
1402.3257615596,78.7404608990
1403.0397767132,78.6153082972
1403.7537918667,78.4020833710
1404.4678070203,78.5398900984
1405.1818221738,78.5350016825
1405.8958373274,77.8643817098
1406.6098524809,77.9131422999
1407.3238676344,77.9891611625
1408.0378827880,77.6499475478
1408.7518979415,77.7946447383
1409.4659130951,77.7335564810
1410.1799282486,77.5284021079
1410.8939434022,77.7751978299
1411.6079585557,77.6124243169
1412.3219737092,77.5398495550
1413.0359888628,77.7743822200
1413.7500040163,77.6292861738
1414.4640191699,77.7564972734
1415.1780343234,77.7959268137
1415.8920494770,77.6258007133
1416.6060646305,78.0567178593
1417.3200797841,77.8730749629
1418.0340949376,77.7293024873
1418.7481100911,78.9506823811
1419.4621252447,78.7084528158
1420.1761403982,77.2590226012
1420.8901555518,77.8405916586
1421.6041707053,77.6943799273
1422.3181858589,77.3930139696
1423.0322010124,77.8592306487
1423.7462161659,77.7998716871
1424.4602313195,77.2341835482
1425.1742464730,77.1337278727
1425.8882616266,76.9447784942
1426.6022767801,76.7151917494
1427.3162919337,76.4546854666
1428.0303070872,76.1909608590
1428.7443222408,75.9797917822
1429.4583373943,75.8653585652
1430.1723525478,75.4914133089
1430.8863677014,74.7101097886
1431.6003828549,74.5118480140
1432.3143980085,74.3244184756
1433.0284131620,73.5732115117
1433.7424283156,73.4023822753
1434.4564434691,72.9828534833
1435.1704586226,72.3880341927
1435.8844737762,72.9753490144
1436.5984889297,73.4359113628
1437.3125040833,71.3663127314
1438.0265192368,71.5764312966
1438.7405343904,71.4852071958
1439.4545495439,71.3560017674
1440.1685646974,71.5233986529
1440.8825798510,71.4404294192
1441.5965950045,71.6193725893
1442.3106101581,71.7994233134
1443.0246253116,71.8477675914
1443.7386404652,72.0551846927
1444.4526556187,72.0630921992
1445.1666707723,72.2667950211
1445.8806859258,72.4588879899
1446.5947010793,72.5124472603
1447.3087162329,73.3130279386
1448.0227313864,73.7115823541
1448.7367465400,73.2629347158
1449.4507616935,73.8736393958
1450.1647768471,74.3347545402
1450.8787920006,74.4700717490
1451.5928071541,75.1571908328
1452.3068223077,75.5582346818
1453.0208374612,75.7704550127
1453.7348526148,76.4203885643
1454.4488677683,76.9159918563
1455.1628829219,77.3682359686
1455.8768980754,78.3164123581
1456.5909132290,79.7495169064
1457.3049283825,78.7390115078
1458.0189435360,78.9284618535
1458.7329586896,79.2528138357
1459.4469738431,79.0760753320
1460.1609889967,79.0910905579
1460.8750041502,79.2618589116
1461.5890193038,79.4303825867
1462.3030344573,79.5365596595
1463.0170496108,79.5491777914
1463.7310647644,79.7544407775
1464.4450799179,80.3552450847
1465.1590950715,79.9248026282
1465.8731102250,79.2897210795
1466.5871253786,79.5955828259
1467.3011405321,79.6050750201
1468.0151556856,79.3020533260
1468.7291708392,79.6355739149
1469.4431859927,79.5689535306
1470.1572011463,79.4041458627
1470.8712162998,80.1703644086
1471.5852314534,80.6963992157
1472.2992466069,79.9612270162
1473.0132617605,80.5504279111
1473.7272769140,80.0915262524
1474.4412920675,79.1704481952
1475.1553072211,79.6065519411
1475.8693223746,80.0215856782
1476.5833375282,79.0023135357
1477.2973526817,78.6173119588
1478.0113678353,78.6474825847
1478.7253829888,78.5697519385
1479.4393981423,78.1797705499
1480.1534132959,78.0602152430
1480.8674284494,78.0776984648
1481.5814436030,77.6118399745
1482.2954587565,77.3603179782
1483.0094739101,77.1180636920
1483.7234890636,76.6930295425
1484.4375042172,76.6326050782
1485.1515193707,76.2970429037
1485.8655345242,75.9435104460
1486.5795496778,76.1870659809
1487.2935648313,75.5877697229
1488.0075799849,74.6543860706
1488.7215951384,74.7613983951
1489.4356102920,74.8446896879
1490.1496254455,74.2823187771
1490.8636405990,73.4306125309
1491.5776557526,72.6980361388
1492.2916709061,72.3700862945
1493.0056860597,72.0789026926
1493.7197012132,71.6047905378
1494.4337163668,71.1059362646
1495.1477315203,71.0004037803
1495.8617466738,71.6894342107
1496.5757618274,69.9824807176
1497.2897769809,69.0106947978
1498.0037921345,69.6120018934
1498.7178072880,69.5016520927
1499.4318224416,67.7825139634
1500.1458375951,67.8558054832
1500.8598527487,67.5736582584
1501.5738679022,66.9247549218
1502.2878830557,66.8644250604
1503.0018982093,66.2509397481
1503.7159133628,65.7354764926
1504.4299285164,65.9143000678
1505.1439436699,66.2386476806
1505.8579588235,66.3291678359
1506.5719739770,65.6145051337
1507.2859891305,64.6356507014
1508.0000042841,64.0603283988
1508.7140194376,63.5882296080
1509.4280345912,63.3613384985
1510.1420497447,62.7899376401
1510.8560648983,62.2484519249
1511.5700800518,62.5206988671
1512.2840952054,62.4417786654
1512.9981103589,61.5018931091
1513.7121255124,61.7300863300
1514.4261406660,61.9401567599
1515.1401558195,61.6299728448
1515.8541709731,61.9187704166
1516.5681861266,62.6080853663
1517.2822012802,62.9582483476
1517.9962164337,62.2644087942
1518.7102315872,62.2088538412
1519.4242467408,62.6660926094
1520.1382618943,63.2806338943
1520.8522770479,63.7061666159
1521.5662922014,63.3052935273
1522.2803073550,63.2743494393
1522.9943225085,63.2369820009
1523.7083376621,62.9083403169
1524.4223528156,63.1225623299
1525.1363679691,63.7906021580
1525.8503831227,63.0873956924
1526.5643982762,63.0919057638
1527.2784134298,63.5576896848
1527.9924285833,63.4219878292
1528.7064437369,63.5467515086
1529.4204588904,63.5597886601
1530.1344740439,63.3275623100
1530.8484891975,63.7510980926
1531.5625043510,63.9579491427
1532.2765195046,63.8131915812
1532.9905346581,64.7189609171
1533.7045498117,65.3094637834
1534.4185649652,64.3046990819
1535.1325801187,64.6474698523
1535.8465952723,64.8258025001
1536.5606104258,64.8034788767
1537.2746255794,65.1655945687
1537.9886407329,65.5611693351
1538.7026558865,66.4901360263
1539.4166710400,67.7079268817
1540.1306861936,66.4585083044
1540.8447013471,66.3766682388
1541.5587165006,66.7542560664
1542.2727316542,67.1497075465
1542.9867468077,66.9685003227
1543.7007619613,66.7975911604
1544.4147771148,67.1606011967
1545.1287922684,67.7713925298
1545.8428074219,67.4334680266
1546.5568225754,67.5640217044
1547.2708377290,67.9006132971
1547.9848528825,67.9904383328
1548.6988680361,68.2678369120
1549.4128831896,68.8426449719
1550.1268983432,69.1126258520
1550.8409134967,68.9071986500
1551.5549286503,69.0819148285
1552.2689438038,69.4171641530
1552.9829589573,69.6907630743
1553.6969741109,70.3816561833
1554.4109892644,71.1398914802
1555.1250044180,70.3846098057
1555.8390195715,70.5714200987
1556.5530347251,71.0927092104
1557.2670498786,71.7474033301
1557.9810650321,73.8312495111
1558.6950801857,72.3673466221
1559.4090953392,72.5847048172
1560.1231104928,74.9800059814
1560.8371256463,72.4120352044
1561.5511407999,72.5113995872
1562.2651559534,72.9765037719
1562.9791711069,72.8917599821
1563.6931862605,73.3566068018
1564.4072014140,74.1815181680
1565.1212165676,74.1146526838
1565.8352317211,74.2058254000
1566.5492468747,74.4372338312
1567.2632620282,74.6129989803
1567.9772771818,75.0315643046
1568.6912923353,75.5396940745
1569.4053074888,76.4698472807
1570.1193226424,75.9419462471
1570.8333377959,75.6107664929
1571.5473529495,76.0060537455
1572.2613681030,75.9126342901
1572.9753832566,75.8675748240
1573.6893984101,76.1558908390
1574.4034135636,75.9306765313
1575.1174287172,76.4343112727
1575.8314438707,78.2711416138
1576.5454590243,76.1924228928
1577.2594741778,75.9954627942
1577.9734893314,76.0570546863
1578.6875044849,75.6511174411
1579.4015196385,75.6735363688
1580.1155347920,75.3899772678
1580.8295499455,75.1585638810
1581.5435650991,75.2217162501
1582.2575802526,74.8576539067
1582.9715954062,74.7265814862
1583.6856105597,74.5257015289
1584.3996257133,74.1058429479
1585.1136408668,73.9998984918
1585.8276560203,73.4777084964
1586.5416711739,73.0916769563
1587.2556863274,72.9877097867
1587.9697014810,72.3242402561
1588.6837166345,71.9783154080
1589.3977317881,71.6872779208
1590.1117469416,71.0030585485
1590.8257620951,70.6626327804
1591.5397772487,70.1087581520
1592.2537924022,69.5162119122
1592.9678075558,69.1710163148
1593.6818227093,68.6117243788
1594.3958378629,68.2470689149
1595.1098530164,67.6270838595
1595.8238681700,66.9120233339
1596.5378833235,66.6400591691
1597.2518984770,65.9383856139
1597.9659136306,65.3769537841
1598.6799287841,65.0241850752
1599.3939439377,64.1916930134
1600.1079590912,63.8427905612
1600.8219742448,63.3326570770
1601.5359893983,62.3666795210
1602.2500045518,62.0782061235
1602.9640197054,61.4729734790
1603.6780348589,60.6991216454
1604.3920500125,60.2956470970
1605.1060651660,59.5166043090
1605.8200803196,59.1396400179
1606.5340954731,58.8329842260
1607.2481106267,58.1213393374
1607.9621257802,57.9135571445
1608.6761409337,57.5494831075
1609.3901560873,57.1876466870
1610.1041712408,57.0499940971
1610.8181863944,56.5096397098
1611.5322015479,56.4121195913
1612.2462167015,56.3285607728
1612.9602318550,55.9554128194
1613.6742470085,56.1414618647
1614.3882621621,55.9027878748
1615.1022773156,55.6166352211
1615.8162924692,56.1653995539
1616.5303076227,56.8947021575
1617.2443227763,56.3319642485
1617.9583379298,56.1132158466
1618.6723530833,56.0249591674
1619.3863682369,56.3714184351
1620.1003833904,56.5020528128
1620.8143985440,56.7088097964
1621.5284136975,57.2862332083
1622.2424288511,57.5109080003
1622.9564440046,58.4051287125
1623.6704591582,59.4059359155
1624.3844743117,58.8863599272
1625.0984894652,59.3513954947
1625.8125046188,59.9184526957
1626.5265197723,60.2295153891
1627.2405349259,61.1348069369
1627.9545500794,61.7472877003
1628.6685652330,61.9248744910
1629.3825803865,62.5687791083
1630.0965955400,63.0336820703
1630.8106106936,63.5055534981
1631.5246258471,64.0918693968
1632.2386410007,64.5184633355
1632.9526561542,65.0029283201
1633.6666713078,65.4464788326
1634.3806864613,66.1670890723
1635.0947016149,68.3962098313
1635.8087167684,67.8855542960
1636.5227319219,67.5218950830
1637.2367470755,68.2772088328
1637.9507622290,68.4685136986
1638.6647773826,68.4746258456
1639.3787925361,68.9223443599
1640.0928076897,69.3431921411
1640.8068228432,69.7426137435
1641.5208379967,70.2057912674
1642.2348531503,70.5379804712
1642.9488683038,70.9092664803
1643.6628834574,71.2693616640
1644.3768986109,71.4406347450
1645.0909137645,71.9149360468
1645.8049289180,73.1034551828
1646.5189440715,72.9246782315
1647.2329592251,73.2102215537
1647.9469743786,74.1488349557
1648.6609895322,73.6472409313
1649.3750046857,73.4958576581
1650.0890198393,73.8499410565
1650.8030349928,73.9831540070
1651.5170501464,74.2931250638
1652.2310652999,76.2460713610
1652.9450804534,78.5719013941
1653.6590956070,76.0058619062
1654.3731107605,76.4235612158
1655.0871259141,76.0888232643
1655.8011410676,75.9665864128
1656.5151562212,76.2646637586
1657.2291713747,76.5063068071
1657.9431865282,76.7968219657
1658.6572016818,77.1875428819
1659.3712168353,77.4329695452
1660.0852319889,77.7797319643
1660.7992471424,78.2489763384
1661.5132622960,78.5179802654
1662.2272774495,79.0299030193
1662.9412926031,79.8371555937
1663.6553077566,79.5088480941
1664.3693229101,79.6028014420
1665.0833380637,80.0116969235
1665.7973532172,80.1470091457
1666.5113683708,80.4191822601
1667.2253835243,80.7700453655
1667.9393986779,80.9679014972
1668.6534138314,81.9965225132
1669.3674289849,83.1154108106
1670.0814441385,81.9438683205
1670.7954592920,82.2321833672
1671.5094744456,82.9870182046
1672.2234895991,82.7586172441
1672.9375047527,82.7621485897
1673.6515199062,82.9392393025
1674.3655350598,83.3312837443
1675.0795502133,84.9638135706
1675.7935653668,84.6011401135
1676.5075805204,83.9370717142
1677.2215956739,84.2587532904
1677.9356108275,84.6260663060
1678.6496259810,84.6784231654
1679.3636411346,85.0055629679
1680.0776562881,85.5535356404
1680.7916714416,85.6589699460
1681.5056865952,85.5992529207
1682.2197017487,85.8309575703
1682.9337169023,86.6220622868
1683.6477320558,87.6447871506
1684.3617472094,88.4280762950
1685.0757623629,88.1429801064
1685.7897775164,87.3286878428
1686.5037926700,87.0361102612
1687.2178078235,87.1531767470
1687.9318229771,87.5056767046
1688.6458381306,87.5989153167
1689.3598532842,87.7334257066
1690.0738684377,88.0359452594
1690.7878835913,88.1867006522
1691.5018987448,88.1881668786
1692.2159138983,88.1788691694
1692.9299290519,88.3062267911
1693.6439442054,88.4070136419
1694.3579593590,88.3825972947
1695.0719745125,88.9755448025
1695.7859896661,91.7436085688
1696.5000048196,89.1864174364
1697.2140199731,88.6632359862
1697.9280351267,88.4766776213
1698.6420502802,88.3249608578
1699.3560654338,88.7191175756
1700.0700805873,106.9329433555
1700.7840957409,90.7702093820
1701.4981108944,89.5184933944
1702.2121260480,89.7145383373
1702.9261412015,90.1434636865
1703.6401563550,90.8593939571
1704.3541715086,92.0804561624
1705.0681866621,92.2721194588
1705.7822018157,92.7661020031
1706.4962169692,94.1514782004
1707.2102321228,94.1080510906
1707.9242472763,94.1861956043
1708.6382624298,94.6221499826
1709.3522775834,94.8083105810
1710.0662927369,95.3174200288
1710.7803078905,95.6066853258
1711.4943230440,95.4296067949
1712.2083381976,95.7301134242
1712.9223533511,96.1172965118
1713.6363685046,96.2028497215
1714.3503836582,96.6493029794
1715.0643988117,97.1030186823
1715.7784139653,96.6659771508
1716.4924291188,96.5136443312
1717.2064442724,97.1637751075
1717.9204594259,98.1134163729
1718.6344745795,97.5203946879
1719.3484897330,96.9671351348
1720.0625048865,96.7281359628
1720.7765200401,96.7115857870
1721.4905351936,96.7726703145
1722.2045503472,96.8033956718
1722.9185655007,97.0447483341
1723.6325806543,97.2604088168
1724.3465958078,97.0542921208
1725.0606109613,97.1237951911
1725.7746261149,97.2502017269
1726.4886412684,97.0821320764
1727.2026564220,97.2509314307
1727.9166715755,97.4106240399
1728.6306867291,97.2378225553
1729.3447018826,97.5760738496
1730.0587170362,98.0997541365
1730.7727321897,97.6937763199
1731.4867473432,97.5106787644
1732.2007624968,97.6198626495
1732.9147776503,97.8670911173
1733.6287928039,98.6668673719
1734.3428079574,99.5752353973
1735.0568231110,98.8357424458
1735.7708382645,98.0259694935
1736.4848534180,97.7447616999
1737.1988685716,97.9948799590
1737.9128837251,97.9159981627
1738.6268988787,97.7001598407
1739.3409140322,98.4759176103
1740.0549291858,99.0962692824
1740.7689443393,98.1657907527
1741.4829594928,97.9271350205
1742.1969746464,98.1345166692
1742.9109897999,98.4793736382
1743.6250049535,98.6420023380
1744.3390201070,98.4193657441
1745.0530352606,98.2693728967
1745.7670504141,98.3384974430
1746.4810655677,98.5191321439
1747.1950807212,98.6171144447
1747.9090958747,98.5967240051
1748.6231110283,99.0036209365
1749.3371261818,98.9483641496
1750.0511413354,98.3990219607
1750.7651564889,98.7288804452
1751.4791716425,99.7130020452
1752.1931867960,98.7418345586
1752.9072019495,98.4970788117
1753.6212171031,98.6396168034
1754.3352322566,98.6256629887
1755.0492474102,98.6213393258
1755.7632625637,98.5637541041
1756.4772777173,98.8753584621
1757.1912928708,99.2814298515
1757.9053080244,98.6671646564
1758.6193231779,98.5790476156
1759.3333383314,98.9717372323
1760.0473534850,98.6296590167
1760.7613686385,98.5953802034
1761.4753837921,99.4681044144
1762.1893989456,99.2907313024
1762.9034140992,98.8438007361
1763.6174292527,98.8567697625
1764.3314444062,98.8499058817
1765.0454595598,98.8790258738
1765.7594747133,98.8797894371
1766.4734898669,98.7343784179
1767.1875050204,98.7614142741
1767.9015201740,99.2956357704
1768.6155353275,99.4712921082
1769.3295504810,98.8638911866
1770.0435656346,98.8462632743
1770.7575807881,99.3745738719
1771.4715959417,99.3303399859
1772.1856110952,99.6602168630
1772.8996262488,100.1553925031
1773.6136414023,99.0436119168
1774.3276565559,98.7085019207
1775.0416717094,98.9036010277
1775.7556868629,99.0840462531
1776.4697020165,98.9729459659
1777.1837171700,98.6636994816
1777.8977323236,98.6914923747
1778.6117474771,98.9495842424
1779.3257626307,98.7748159343
1780.0397777842,98.8751271282
1780.7537929377,99.3086666224
1781.4678080913,99.0485572795
1782.1818232448,98.9244543610
1782.8958383984,98.8671824810
1783.6098535519,98.7068877368
1784.3238687055,98.9034192775
1785.0378838590,99.0687783687
1785.7518990126,98.9195840457
1786.4659141661,98.8983499656
1787.1799293196,98.7913531067
1787.8939444732,98.8893083947
1788.6079596267,99.0207384543
1789.3219747803,98.8010977824
1790.0359899338,98.9654839876
1790.7500050874,99.3070930882
1791.4640202409,98.9756770196
1792.1780353944,99.2610285267
1792.8920505480,100.1229265797
1793.6060657015,99.2315336415
1794.3200808551,98.8043422444
1795.0340960086,98.9876118398
1795.7481111622,99.0542411508
1796.4621263157,98.8938516135
1797.1761414693,98.8792292305
1797.8901566228,98.7814688703
1798.6041717763,98.8336040659
1799.3181869299,99.3616136086
1800.0322020834,99.2969622274
1800.7462172370,98.8903785381
1801.4602323905,99.0404671283
1802.1742475441,99.1914370218
1802.8882626976,98.9799112843
1803.6022778511,98.8985611741
1804.3162930047,98.7884413334
1805.0303081582,98.7743406106
1805.7443233118,98.9365792369
1806.4583384653,98.9206224954
1807.1723536189,98.9289552575
1807.8863687724,99.0251029722
1808.6003839259,98.9067750291
1809.3143990795,98.8537711405
1810.0284142330,99.1274656056
1810.7424293866,99.3922488714
1811.4564445401,99.1259491091
1812.1704596937,98.9345128156
1812.8844748472,99.0682402392
1813.5984900008,98.9877285843
1814.3125051543,98.8701042347
1815.0265203078,98.9995111924
1815.7405354614,98.8731119240
1816.4545506149,98.7997330302
1817.1685657685,99.0935216594
1817.8825809220,99.0544822408
1818.5965960756,98.8595674231
1819.3106112291,98.9265757395
1820.0246263826,99.0696205001
1820.7386415362,99.0947854106
1821.4526566897,98.8785460024
1822.1666718433,98.9022534512
1822.8806869968,99.1419222869
1823.5947021504,98.9118011582
1824.3087173039,98.9320048306
1825.0227324575,99.5835205683
1825.7367476110,99.3773534046
1826.4507627645,99.0020063239
1827.1647779181,98.9944221728
1827.8787930716,98.9423018568
1828.5928082252,99.0553802381
1829.3068233787,99.4378293808
1830.0208385323,99.5927136029
1830.7348536858,99.2396508746
1831.4488688393,99.0685620394
1832.1628839929,99.0598440836
1832.8768991464,98.9380145256
1833.5909143000,98.8946494104
1834.3049294535,99.0497966957
1835.0189446071,98.9345152347
1835.7329597606,98.8193307995
1836.4469749141,98.9763243346
1837.1609900677,98.9877222138
1837.8750052212,98.9334023036
1838.5890203748,98.9419425415
1839.3030355283,99.0004900840
1840.0170506819,99.0715775146
1840.7310658354,98.9196056086
1841.4450809890,99.0056145225
1842.1590961425,99.1742990162
1842.8731112960,98.8606415940
1843.5871264496,99.0853479736
1844.3011416031,100.0606939732
1845.0151567567,99.2455492299
1845.7291719102,98.9028115240
1846.4431870638,98.8785613961
1847.1572022173,98.8967396807
1847.8712173708,99.2247856905
1848.5852325244,99.1058024080
1849.2992476779,98.8364489920
1850.0132628315,99.0063418126
1850.7272779850,98.9481635956
1851.4412931386,98.8726775940
1852.1553082921,99.0013841260
1852.8693234457,98.8680623979
1853.5833385992,98.8284652728
1854.2973537527,98.9168096223
1855.0113689063,98.9539674179
1855.7253840598,98.9903809649
1856.4393992134,98.7928881746
1857.1534143669,98.7806255326
1857.8674295205,99.0259115160
1858.5814446740,99.0308425807
1859.2954598275,98.9645213396
1860.0094749811,98.7673429615
1860.7234901346,98.6819884884
1861.4375052882,98.9671962955
1862.1515204417,98.8777590611
1862.8655355953,98.7896874978
1863.5795507488,99.0243327938
1864.2935659023,98.8529935265
1865.0075810559,98.7910220961
1865.7215962094,98.9193254803
1866.4356113630,98.7780803567
1867.1496265165,99.0160090324
1867.8636416701,99.2432104775
1868.5776568236,99.2222039758
1869.2916719772,99.5827280101
1870.0056871307,99.1968731209
1870.7197022842,98.7715240153
1871.4337174378,98.9869951389
1872.1477325913,98.9452836957
1872.8617477449,98.7267442983
1873.5757628984,98.7670602086
1874.2897780520,98.7018459303
1875.0037932055,98.7187825767
1875.7178083590,98.8471131126
1876.4318235126,98.8677420335
1877.1458386661,98.9067524719
1877.8598538197,98.8956684744
1878.5738689732,98.8750826920
1879.2878841268,98.8053615060
1880.0018992803,98.7078841472
1880.7159144339,98.8625197697
1881.4299295874,98.9564042563
1882.1439447409,98.8788399630
1882.8579598945,98.8861462677
1883.5719750480,98.8650998590
1884.2859902016,99.0031468828
1885.0000053551,99.0464658499
1885.7140205087,98.7273888682
1886.4280356622,98.8738470519
1887.1420508157,99.0962581782
1887.8560659693,98.6596212878
1888.5700811228,98.6697067170
1889.2840962764,99.3012676488
1889.9981114299,99.1320794345
1890.7121265835,98.7943779950
1891.4261417370,98.9421519663
1892.1401568905,98.9315944345
1892.8541720441,98.7895357896
1893.5681871976,98.9452787806
1894.2822023512,98.8905256687
1894.9962175047,98.5668367039
1895.7102326583,98.6294573701
1896.4242478118,98.7324861040
1897.1382629654,98.7097543543
1897.8522781189,98.8499376709
1898.5662932724,98.8607851096
1899.2803084260,98.9065008523
1899.9943235795,99.0216128790
1900.7083387331,98.8081099610
1901.4223538866,98.7378350494
1902.1363690402,98.8515981984
1902.8503841937,98.8054528263
1903.5643993472,98.8671053011
1904.2784145008,98.8836303366
1904.9924296543,99.0235737362
1905.7064448079,99.1978452810
1906.4204599614,98.6912205385
1907.1344751150,98.5137827221
1907.8484902685,98.9450637977
1908.5625054221,98.7378498609
1909.2765205756,98.6831784973
1909.9905357291,99.0594870997
1910.7045508827,98.8817303535
1911.4185660362,98.7771216581
1912.1325811898,98.9136274542
1912.8465963433,99.0630130959
1913.5606114969,99.1158496295
1914.2746266504,98.6830609426
1914.9886418039,98.7559217322
1915.7026569575,99.1731039571
1916.4166721110,98.6857536601
1917.1306872646,98.7686458612
1917.8447024181,99.7019975960
1918.5587175717,98.9443259917
1919.2727327252,98.4682385063
1919.9867478788,98.9797097678
1920.7007630323,99.0148840887
1921.4147781858,98.8387400050
1922.1287933394,99.1727216467
1922.8428084929,99.1744537113
1923.5568236465,98.7852347887
1924.2708388000,98.8520840750
1924.9848539536,98.9170552707
1925.6988691071,98.6618385521
1926.4128842606,98.7498595856
1927.1268994142,98.8890077901
1927.8409145677,98.6259438097
1928.5549297213,98.6906657029
1929.2689448748,98.9183577568
1929.9829600284,98.8068119086
1930.6969751819,98.6666300223
1931.4109903354,98.4916735785
1932.1250054890,98.5923672688
1932.8390206425,98.9385273489
1933.5530357961,98.8285091389
1934.2670509496,98.7413824920
1934.9810661032,98.9098805385
1935.6950812567,98.9280314118
1936.4090964103,98.8622740675
1937.1231115638,98.7134226486
1937.8371267173,98.9009067338
1938.5511418709,98.9868486788
1939.2651570244,98.4866542620
1939.9791721780,98.8156080946
1940.6931873315,99.1321756139
1941.4072024851,98.4558063364
1942.1212176386,99.0155871697
1942.8352327921,99.7685286372
1943.5492479457,98.7410099516
1944.2632630992,98.6799908274
1944.9772782528,99.1034381566
1945.6912934063,99.0056284197
1946.4053085599,99.0480527682
1947.1193237134,98.3774825501
1947.8333388670,98.0668131914
1948.5473540205,99.0286471116
1949.2613691740,99.0628948411
1949.9753843276,98.3094064711
1950.6893994811,98.4890742072
1951.4034146347,98.9171935230
1952.1174297882,98.7541595817
1952.8314449418,98.5843734038
1953.5454600953,99.0058611051
1954.2594752488,99.2172953688
1954.9734904024,98.9880323841
1955.6875055559,99.0793429239
1956.4015207095,98.9849682969
1957.1155358630,98.8704529030
1957.8295510166,98.9574940449
1958.5435661701,98.6583886114
1959.2575813236,99.1704810452
1959.9715964772,99.6588693966
1960.6856116307,98.9920142680
1961.3996267843,99.3837541559
1962.1136419378,99.5977508873
1962.8276570914,98.8428481515
1963.5416722449,99.1744701733
1964.2556873985,98.7385885958
1964.9697025520,98.3389124596
1965.6837177055,99.5184607042
1966.3977328591,98.8701358454
1967.1117480126,98.2158153325
1967.8257631662,99.1768671591
1968.5397783197,98.5053701741
1969.2537934733,98.6566526598
1969.9678086268,99.2362981795
1970.6818237803,97.9458967047
1971.3958389339,98.6404696925
1972.1098540874,99.9279114768
1972.8238692410,98.9648495740
1973.5378843945,98.9863892830
1974.2518995481,99.0866126519
1974.9659147016,98.4290894317
1975.6799298552,99.0373283752
1976.3939450087,99.1226101263
1977.1079601622,98.6051416171
1977.8219753158,98.8894757662
1978.5359904693,98.8111240411
1979.2500056229,98.6006648020
1979.9640207764,98.6019628968
1980.6780359300,98.3866992389
1981.3920510835,98.3904655041
1982.1060662370,98.5810953710
1982.8200813906,98.5443689644
1983.5340965441,98.1837007966
1984.2481116977,97.9692612605
1984.9621268512,98.2408195320
1985.6761420048,98.2898094878
1986.3901571583,98.1342212384
1987.1041723118,98.4254333077
1987.8181874654,98.8690678305
1988.5322026189,98.7686590218
1989.2462177725,98.1131267830
1989.9602329260,98.1091255108
1990.6742480796,98.7819546643
1991.3882632331,98.6547241482
1992.1022783867,98.2789872080
1992.8162935402,98.5200878856
1993.5303086937,98.2883370033
1994.2443238473,98.0635335791
1994.9583390008,98.4954630487
1995.6723541544,98.8563041968
1996.3863693079,98.7552966273
1997.1003844615,98.2872267121
1997.8143996150,98.2422724119
1998.5284147685,98.7599341447
1999.2424299221,99.0061757997
1999.9564450756,99.1106606690
2000.6704602292,98.9968561082
2001.3844753827,98.6671208610
2002.0984905363,98.8993375150
2002.8125056898,99.1901798358
2003.5265208434,99.0445540340
2004.2405359969,98.7474339645
2004.9545511504,98.5890312853
2005.6685663040,98.9100014285
2006.3825814575,98.7620077128
2007.0965966111,98.2989258167
2007.8106117646,98.8454265830
2008.5246269182,98.8084398992
2009.2386420717,98.0845283667
2009.9526572252,98.3628363317
2010.6666723788,98.4870584488
2011.3806875323,98.1327821451
2012.0947026859,98.1740119408
2012.8087178394,98.1899301853
2013.5227329930,98.4051045451
2014.2367481465,98.6950167834
2014.9507633000,98.6445688209
2015.6647784536,98.4864092782
2016.3787936071,98.3558280820
2017.0928087607,98.7162228440
2017.8068239142,98.5579816041
2018.5208390678,98.0759367449
2019.2348542213,98.9764440445
2019.9488693749,98.8942494296
2020.6628845284,97.7803052227
2021.3768996819,98.6943559944
2022.0909148355,99.0942253271
2022.8049299890,98.1653667935
2023.5189451426,98.4077060423
2024.2329602961,98.1998740735
2024.9469754497,98.0336852204
2025.6609906032,98.9397924322
2026.3750057567,98.7042446962
2027.0890209103,98.5331984919
2027.8030360638,98.9655262668
2028.5170512174,98.4035905895
2029.2310663709,98.1904136825
2029.9450815245,98.5127128185
2030.6590966780,98.6930209647
2031.3731118316,98.7792356474
2032.0871269851,98.0770498701
2032.8011421386,98.0126325484
2033.5151572922,98.8104516934
2034.2291724457,98.5686374288
2034.9431875993,98.4411509777
2035.6572027528,98.6876802532
2036.3712179064,98.3118515795
2037.0852330599,98.1312662660
2037.7992482134,98.0875442546
2038.5132633670,98.3277108686
2039.2272785205,98.9781516541
2039.9412936741,98.6700234351
2040.6553088276,98.1502890241
2041.3693239812,98.3901799169
2042.0833391347,98.4924940049
2042.7973542883,98.5511762807
2043.5113694418,98.4258932387
2044.2253845953,97.8886049237
2044.9393997489,97.9649816532
2045.6534149024,98.3096280704
2046.3674300560,98.2519342221
2047.0814452095,98.2315197260
2047.7954603631,97.9440719794
2048.5094755166,97.6485935317
2049.2234906701,98.2858887529
2049.9375058237,98.7331927542
2050.6515209772,98.2429387178
2051.3655361308,98.1113075785
2052.0795512843,98.3458231965
2052.7935664379,98.3681690287
2053.5075815914,98.5621516297
2054.2215967449,98.5283011160
2054.9356118985,98.0919405757
2055.6496270520,98.1137056109
2056.3636422056,98.2619023612
2057.0776573591,98.2598459057
2057.7916725127,98.3989803939
2058.5056876662,98.2694101201
2059.2197028198,98.2029812946
2059.9337179733,98.3114778952
2060.6477331268,98.0033843250
2061.3617482804,98.0317901435
2062.0757634339,98.3726300250
2062.7897785875,98.1665551188
2063.5037937410,97.9896506162
2064.2178088946,98.0577211906
2064.9318240481,98.2566942498
2065.6458392016,98.4995519431
2066.3598543552,98.2050822937
2067.0738695087,98.1325310219
2067.7878846623,98.4271253487
2068.5018998158,98.1249116796
2069.2159149694,98.0400990076
2069.9299301229,98.2317831403
2070.6439452765,98.0417113213
2071.3579604300,98.2429652163
2072.0719755835,98.2883548348
2072.7859907371,97.8722740974
2073.5000058906,98.0658900653
2074.2140210442,98.1813892237
2074.9280361977,97.9580581273
2075.6420513513,98.1559028091
2076.3560665048,98.2495940051
2077.0700816583,98.2028473498
2077.7840968119,98.2262946524
2078.4981119654,98.1738457786
2079.2121271190,98.3972351815
2079.9261422725,98.4128841037
2080.6401574261,98.0924072793
2081.3541725796,98.2348150202
2082.0681877331,98.3470191708
2082.7822028867,98.1083482716
2083.4962180402,98.1838043932
2084.2102331938,98.3946296967
2084.9242483473,98.3420524666
2085.6382635009,98.1375504925
2086.3522786544,98.0689759043
2087.0662938080,98.2321809631
2087.7803089615,98.3019268870
2088.4943241150,98.2625625322
2089.2083392686,98.3318837495
2089.9223544221,98.3231084270
2090.6363695757,98.1102690514
2091.3503847292,98.0412094161
2092.0643998828,98.3537580198
2092.7784150363,98.4692713288
2093.4924301898,98.2449716209
2094.2064453434,98.4208550325
2094.9204604969,98.4712312879
2095.6344756505,98.1938811306
2096.3484908040,98.4612737697
2097.0625059576,98.3234465440
2097.7765211111,97.7803632258
2098.4905362647,98.2180404917
2099.2045514182,98.4319724654
2099.9185665717,97.9571665572
2100.6325817253,98.0704396393
2101.3465968788,98.1334389415
2102.0606120324,98.0651942711
2102.7746271859,98.4390725347
2103.4886423395,98.3778948416
2104.2026574930,98.1085373429
2104.9166726465,98.1417987377
2105.6306878001,97.9895969445
2106.3447029536,98.0111155347
2107.0587181072,98.2552861083
2107.7727332607,98.1638238299
2108.4867484143,98.0639529702
2109.2007635678,98.1166323832
2109.9147787213,98.1176109058
2110.6287938749,98.1610740040
2111.3428090284,98.1798000256
2112.0568241820,98.1305648916
2112.7708393355,98.1987089151
2113.4848544891,98.2764697541
2114.1988696426,98.0615754547
2114.9128847962,97.9484916159
2115.6268999497,98.2973391015
2116.3409151032,98.3910195410
2117.0549302568,98.1989177341
2117.7689454103,98.4051660218
2118.4829605639,98.4994353884
2119.1969757174,98.3144589219
2119.9109908710,98.4065094262
2120.6250060245,98.5578433044
2121.3390211780,98.6987073069
2122.0530363316,98.6995811864
2122.7670514851,98.3512108098
2123.4810666387,98.3624726232
2124.1950817922,98.6282878975
2124.9090969458,98.4997070435
2125.6231120993,98.5230501675
2126.3371272529,98.7519908603
2127.0511424064,98.7599425259
2127.7651575599,98.7818056536
2128.4791727135,98.6839404665
2129.1931878670,98.4486412553
2129.9072030206,98.5801213083
2130.6212181741,98.8594778943
2131.3352333277,98.8219591044
2132.0492484812,98.6858609598
2132.7632636347,98.7143877056
2133.4772787883,98.6699228222
2134.1912939418,98.6574717794
2134.9053090954,98.9083315575
2135.6193242489,98.8277111230
2136.3333394025,98.4535004874
2137.0473545560,98.5662873654
2137.7613697095,98.8495923363
2138.4753848631,98.8492665370
2139.1894000166,98.6589942292
2139.9034151702,98.4074617370
2140.6174303237,98.5332880982
2141.3314454773,98.7150642984
2142.0454606308,98.3479861733
2142.7594757844,98.2831464744
2143.4734909379,98.9607949453
2144.1875060914,99.3810757362
2144.9015212450,99.1045105503
2145.6155363985,98.7222991568
2146.3295515521,98.8128841052
2147.0435667056,98.7661027011
2147.7575818592,98.3403136383
2148.4715970127,98.6411088345
2149.1856121662,99.4063312540
2149.8996273198,99.3358848150
2150.6136424733,98.9789189053
2151.3276576269,99.0772305372
2152.0416727804,99.0623323180
2152.7556879340,98.7208168831
2153.4697030875,98.6884156536
2154.1837182411,98.9363294714
2154.8977333946,99.1640439599
2155.6117485481,99.3560730204
2156.3257637017,99.4034335725
2157.0397788552,99.6540739305
2157.7537940088,100.2714694056
2158.4678091623,99.8551781271
2159.1818243159,98.8187694358
2159.8958394694,98.4037678406
2160.6098546229,97.8827392698
2161.3238697765,97.9534160246
2162.0378849300,98.2413212485
2162.7519000836,98.0255967906
2163.4659152371,98.2280407749
2164.1799303907,98.0990434690
2164.8939455442,97.7939851586
2165.6079606978,98.7209872021
2166.3219758513,99.1003415607
2167.0359910048,98.3458556182
2167.7500061584,98.0935281161
2168.4640213119,98.1031912737
2169.1780364655,98.2408968902
2169.8920516190,98.0458803123
2170.6060667726,97.7865810429
2171.3200819261,98.5559488419
2172.0340970796,98.4931641710
2172.7481122332,97.6820098585
2173.4621273867,98.3480217453
2174.1761425403,98.5371752440
2174.8901576938,98.1641213624
2175.6041728474,98.8030441267
2176.3181880009,98.3399308006
2177.0322031544,97.6638613753
2177.7462183080,98.1979630822
2178.4602334615,98.2986682118
2179.1742486151,98.5521941037
2179.8882637686,99.1983327936
2180.6022789222,98.9124851288
2181.3162940757,98.5825265011
2182.0303092293,98.5766405984
2182.7443243828,98.7397678561
2183.4583395363,98.6085471239
2184.1723546899,97.9481713901
2184.8863698434,98.2016439301
2185.6003849970,98.5000160354
2186.3144001505,97.8504178566
2187.0284153041,97.9775797739
2187.7424304576,98.2835211385
2188.4564456111,98.0120771569
2189.1704607647,98.2262001120
2189.8844759182,98.1861063267
2190.5984910718,97.7707716966
2191.3125062253,97.6817587586
2192.0265213789,97.6835441709
2192.7405365324,97.9330564678
2193.4545516860,98.1070121911
2194.1685668395,98.1230352228
2194.8825819930,98.4372972134
2195.5965971466,98.1178060209
2196.3106123001,97.6402255566
2197.0246274537,97.7931141111
2197.7386426072,97.9632471938
2198.4526577608,98.3708284172
2199.1666729143,98.4554148915
2199.8806880678,97.8907932847
2200.5947032214,98.0923751468
2201.3087183749,98.2106726296
2202.0227335285,97.8216469686
2202.7367486820,98.2309995771
2203.4507638356,98.2938055606
2204.1647789891,97.8616455627
2204.8787941426,98.1197302430
2205.5928092962,98.0718138114
2206.3068244497,97.8816225406
2207.0208396033,98.3424551072
2207.7348547568,98.2592839498
2208.4488699104,97.7393358701
2209.1628850639,97.8231469520
2209.8769002175,98.0175777267
2210.5909153710,97.9525513320
2211.3049305245,98.1258894696
2212.0189456781,98.4369506563
2212.7329608316,98.2109645562
2213.4469759852,97.8482061316
2214.1609911387,98.0642877944
2214.8750062923,98.3877002501
2215.5890214458,98.2200125481
2216.3030365993,97.8450835806
2217.0170517529,97.8715691979
2217.7310669064,98.2236953694
2218.4450820600,98.3320966342
2219.1590972135,98.2948499013
2219.8731123671,98.1716621554
2220.5871275206,97.8110994662
2221.3011426742,97.9313372862
2222.0151578277,98.1582743812
2222.7291729812,97.8124989342
2223.4431881348,97.7880875429
2224.1572032883,98.0714321686
2224.8712184419,97.9223523152
2225.5852335954,97.7900591553
2226.2992487490,98.1294126522
2227.0132639025,98.5925304856
2227.7272790560,98.4421113461
2228.4412942096,97.9263262678
2229.1553093631,98.0628211711
2229.8693245167,98.1415286077
2230.5833396702,98.0288196421
2231.2973548238,98.3412717542
2232.0113699773,98.2848265710
2232.7253851308,98.1996936801
2233.4394002844,98.2985917847
2234.1534154379,97.8057421788
2234.8674305915,97.9451865015
2235.5814457450,98.4257613907
2236.2954608986,98.0493324184
2237.0094760521,98.1500402571
2237.7234912057,98.2034872996
2238.4375063592,97.5742029148
2239.1515215127,97.7066508157
2239.8655366663,97.9607759209
2240.5795518198,97.9609906817
2241.2935669734,98.3460618108
2242.0075821269,98.0992068478
2242.7215972805,97.9555854878
2243.4356124340,98.4086382902
2244.1496275875,98.1258061799
2244.8636427411,97.9815818623
2245.5776578946,98.3078402155
2246.2916730482,98.0695448772
2247.0056882017,97.9361658075
2247.7197033553,97.9770056735
2248.4337185088,97.7472915332
2249.1477336624,97.7610050060
2249.8617488159,97.8691551979
2250.5757639694,97.9007974880
2251.2897791230,98.1692096714
2252.0037942765,98.2300228722
2252.7178094301,97.9152130933
2253.4318245836,97.8176711596
2254.1458397372,97.9639344499
2254.8598548907,97.9629526882
2255.5738700442,97.9539820848
2256.2878851978,98.0381550039
2257.0019003513,97.8200344814
2257.7159155049,97.5591343659
2258.4299306584,97.7630410281
2259.1439458120,97.9460223115
2259.8579609655,97.7299880260
2260.5719761190,97.6402158276
2261.2859912726,97.8582418689
2262.0000064261,98.0447204539
2262.7140215797,98.0018451613
2263.4280367332,97.8266473730
2264.1420518868,97.7385793006
2264.8560670403,97.6279868971
2265.5700821939,97.5339249956
2266.2840973474,97.6558678951
2266.9981125009,97.7849637764
2267.7121276545,97.7382611651
2268.4261428080,97.7784071071
2269.1401579616,97.9013248874
2269.8541731151,97.8492792839
2270.5681882687,97.6733025671
2271.2822034222,97.6021383713
2271.9962185757,97.5783861324
2272.7102337293,97.6190829708
2273.4242488828,97.6450442468
2274.1382640364,97.5532084295
2274.8522791899,97.6081530553
2275.5662943435,97.6525144312
2276.2803094970,97.5099650140
2276.9943246506,97.6314920728
2277.7083398041,97.7410966986
2278.4223549576,97.6148032303
2279.1363701112,97.7779972805
2279.8503852647,97.8001443175
2280.5644004183,97.5233434642
2281.2784155718,97.6576158421
2281.9924307254,97.7305942118
2282.7064458789,97.5067150131
2283.4204610324,97.5170655041
2284.1344761860,97.5056346585
2284.8484913395,97.4792427846
2285.5625064931,97.6921534284
2286.2765216466,97.7747662937
2286.9905368002,97.6462394945
2287.7045519537,97.5719427250
2288.4185671072,97.6562289014
2289.1325822608,97.7139646277
2289.8465974143,97.6149075995
2290.5606125679,97.6999262712
2291.2746277214,97.8592299184
2291.9886428750,97.6776883811
2292.7026580285,97.5288505222
2293.4166731821,97.5797129416
2294.1306883356,97.7168471549
2294.8447034891,97.8679544711
2295.5587186427,97.8959931325
2296.2727337962,97.8822893585
2296.9867489498,97.8824244880
2297.7007641033,97.7981309890
2298.4147792569,97.8247830279
2299.1287944104,97.8055773673
2299.8428095639,97.8104978222
2300.5568247175,97.9857051437
2301.2708398710,97.8263455650
2301.9848550246,97.7320855526
2302.6988701781,97.8874856032
2303.4128853317,97.7506322571
2304.1269004852,97.8322091867
2304.8409156388,98.0041393612
2305.5549307923,97.7945826702
2306.2689459458,97.9256406934
2306.9829610994,97.8078676677
2307.6969762529,97.6100521961
2308.4109914065,98.0552718355
2309.1250065600,97.8752983871
2309.8390217136,97.5828628544
2310.5530368671,98.0408511856
2311.2670520206,97.6864877450
2311.9810671742,97.5109556223
2312.6950823277,97.9689925877
2313.4090974813,97.6728528229
2314.1231126348,97.7366996662
2314.8371277884,98.0824652893
2315.5511429419,97.6604003546
2316.2651580955,97.8391773958
2316.9791732490,97.7954914199
2317.6931884025,97.4360922342
2318.4072035561,98.0386478169
2319.1212187096,98.0842460850
2319.8352338632,97.5505087109
2320.5492490167,97.9257278848
2321.2632641703,97.6980725129
2321.9772793238,97.5295144850
2322.6912944773,97.8581062931
2323.4053096309,97.4327772834
2324.1193247844,97.5094146858
2324.8333399380,97.9942060673
2325.5473550915,97.8440964825
2326.2613702451,97.9114008967
2326.9753853986,98.0017235355
2327.6894005521,97.8508831037
2328.4034157057,98.1113562611
2329.1174308592,98.0640047545
2329.8314460128,97.8542542497
2330.5454611663,98.0266140070
2331.2594763199,97.8548243676
2331.9734914734,97.7713821895
2332.6875066270,97.9582140742
2333.4015217805,98.0631505351
2334.1155369340,98.1862834939
2334.8295520876,98.0040129091
2335.5435672411,97.8159870586
2336.2575823947,97.9971044471
2336.9715975482,98.0022228402
2337.6856127018,97.9905622213
2338.3996278553,98.0130115623
2339.1136430088,97.8822958083
2339.8276581624,97.9481461890
2340.5416733159,97.9038322688
2341.2556884695,97.8890750069
2341.9697036230,98.0392958876
2342.6837187766,97.8253469104
2343.3977339301,97.7651403010
2344.1117490837,97.8172482398
2344.8257642372,97.6490201072
2345.5397793907,97.8938684931
2346.2537945443,98.0578285927
2346.9678096978,97.9221795938
2347.6818248514,98.0501960132
2348.3958400049,98.0092104183
2349.1098551585,97.9440811067
2349.8238703120,98.0996201323
2350.5378854655,98.0184614795
2351.2519006191,97.9150194879
2351.9659157726,98.0799498840
2352.6799309262,98.0443365124
2353.3939460797,98.0087999224
2354.1079612333,98.0769832676
2354.8219763868,98.0754630060
2355.5359915403,98.0575699590
2356.2500066939,97.8091037008
2356.9640218474,97.8383597455
2357.6780370010,98.0607977342
2358.3920521545,97.8683860184
2359.1060673081,97.8943414384
2359.8200824616,98.1100565071
2360.5340976152,97.9924593404
2361.2481127687,97.9579892786
2361.9621279222,97.9032035474
2362.6761430758,97.7930731811
2363.3901582293,97.7041122039
2364.1041733829,97.6063881745
2364.8181885364,97.7435998185
2365.5322036900,97.5884380219
2366.2462188435,97.3513390083
2366.9602339970,97.6636569646
2367.6742491506,97.7934145987
2368.3882643041,97.6692781097
2369.1022794577,97.6300110988
2369.8162946112,97.3548146386
2370.5303097648,97.3472990805
2371.2443249183,97.5832784614
2371.9583400719,97.5645310189
2372.6723552254,97.4417081852
2373.3863703789,97.3371669288
2374.1003855325,97.4243140087
2374.8144006860,97.5227384398
2375.5284158396,97.4205800440
2376.2424309931,97.4899028331
2376.9564461467,97.5337678111
2377.6704613002,97.4852830522
2378.3844764537,97.6514887332
2379.0984916073,97.5731168615
2379.8125067608,97.4332079432
2380.5265219144,97.6984562639
2381.2405370679,97.7791018059
2381.9545522215,97.6887308485
2382.6685673750,97.7906125699
2383.3825825285,97.7678254274
2384.0965976821,97.7353196285
2384.8106128356,97.7890614255
2385.5246279892,97.7695957464
2386.2386431427,97.8382142276
2386.9526582963,97.8284162683
2387.6666734498,97.7935138060
2388.3806886034,97.6574913020
2389.0947037569,97.6484110368
2389.8087189104,97.8153078041
2390.5227340640,97.8154945326
2391.2367492175,97.8465675845
2391.9507643711,97.8724883088
2392.6647795246,97.8888673395
2393.3787946782,97.8812024928
2394.0928098317,97.8857965971
2394.8068249852,97.9118850955
2395.5208401388,97.9307104567
2396.2348552923,97.9226502956
2396.9488704459,97.9189279008
2397.6628855994,97.8892417171
2398.3769007530,97.8481772984
2399.0909159065,97.8226866358
2399.8049310601,97.7873793308
2400.5189462136,97.8001774311
2401.2329613671,97.9014795615
2401.9469765207,97.9714790535
2402.6609916742,97.8652701963
2403.3750068278,97.8121595103
2404.0890219813,97.8693408032
2404.8030371349,97.8794731147
2405.5170522884,97.9406880667
2406.2310674419,97.9195497700
2406.9450825955,97.7913792529
2407.6590977490,97.8788619513
2408.3731129026,97.9093627494
2409.0871280561,97.7403981269
2409.8011432097,97.8278886473
2410.5151583632,97.9468773936
2411.2291735167,97.7575181515
2411.9431886703,97.7391125248
2412.6572038238,97.9294687073
2413.3712189774,97.8205292571
2414.0852341309,97.6077310746
2414.7992492845,97.6546635945
2415.5132644380,97.7818363888
2416.2272795916,97.8452891549
2416.9412947451,97.7848354263
2417.6553098986,97.7125032458
2418.3693250522,97.8305445407
2419.0833402057,97.8844576096
2419.7973553593,97.8485732634
2420.5113705128,97.9458235506
2421.2253856664,97.8901417647
2421.9394008199,97.7522213939
2422.6534159734,97.8011086990
2423.3674311270,97.7987853614
2424.0814462805,97.8532195112
2424.7954614341,97.8568588175
2425.5094765876,97.6066450086
2426.2234917412,97.6927942653
2426.9375068947,97.8885821467
2427.6515220483,97.7336871378
2428.3655372018,97.7549005480
2429.0795523553,97.7770439155
2429.7935675089,97.6633896587
2430.5075826624,97.8391929247
2431.2215978160,97.8337835742
2431.9356129695,97.6764749431
2432.6496281231,97.7996876650
2433.3636432766,97.7731677084
2434.0776584301,97.7625180228
2434.7916735837,97.8911390861
2435.5056887372,97.7069868437
2436.2197038908,97.6304620938
2436.9337190443,97.7757374866
2437.6477341979,97.7156219285
2438.3617493514,97.6664640474
2439.0757645050,97.7034789708
2439.7897796585,97.7203530937
2440.5037948120,97.7404047206
2441.2178099656,97.6753443267
2441.9318251191,97.6647301306
2442.6458402727,97.7281646017
2443.3598554262,97.7337777917
2444.0738705798,97.6971767898
2444.7878857333,97.5851571610
2445.5019008868,97.6289879369
2446.2159160404,97.8035144499
2446.9299311939,97.7010012183
2447.6439463475,97.5274655341
2448.3579615010,97.5006636900
2449.0719766546,97.5897382773
2449.7859918081,97.8019472532
2450.5000069616,97.7344038381
2451.2140221152,97.5207326035
2451.9280372687,97.6600784930
2452.6420524223,97.7344459556
2453.3560675758,97.6163194618
2454.0700827294,97.6173097537
2454.7840978829,97.5989830246
2455.4981130365,97.6274317948
2456.2121281900,97.6886589568
2456.9261433435,97.6532179792
2457.6401584971,97.7434499578
2458.3541736506,97.8086296892
2459.0681888042,97.7000812401
2459.7822039577,97.6843964518
2460.4962191113,97.7210715282
2461.2102342648,97.7201915565
2461.9242494183,97.6880010203
2462.6382645719,97.6591536045
2463.3522797254,97.7339794841
2464.0662948790,97.6849596794
2464.7803100325,97.5397072585
2465.4943251861,97.6151511472
2466.2083403396,97.6780200978
2466.9223554932,97.6031464573
2467.6363706467,97.5940846476
2468.3503858002,97.6346898442
2469.0644009538,97.7074097653
2469.7784161073,97.7149697044
2470.4924312609,97.6553815661
2471.2064464144,97.6987826896
2471.9204615680,97.6860522422
2472.6344767215,97.6462365510
2473.3484918750,97.7412176569
2474.0625070286,97.7042278874
2474.7765221821,97.5708374060
2475.4905373357,97.5725966766
2476.2045524892,97.6095891364
2476.9185676428,97.6662802875
2477.6325827963,97.7075288229
2478.3465979498,97.6479791340
2479.0606131034,97.6292416131
2479.7746282569,97.6711147613
2480.4886434105,97.6719046609
2481.2026585640,97.6273095685
2481.9166737176,97.5910868247
2482.6306888711,97.6113333072
2483.3447040247,97.6034942494
2484.0587191782,97.5598878589
2484.7727343317,97.5653619324
2485.4867494853,97.5967555265
2486.2007646388,97.6606441292
2486.9147797924,97.6472757081
2487.6287949459,97.5066989601
2488.3428100995,97.5467026453
2489.0568252530,97.6660986369
2489.7708404065,97.5494113061
2490.4848555601,97.4796333974
2491.1988707136,97.5441690127
2491.9128858672,97.4953511952
2492.6269010207,97.5085831940
2493.3409161743,97.5613638679
2494.0549313278,97.4177705836
2494.7689464814,97.4243473701
2495.4829616349,97.6096496850
2496.1969767884,97.5078719972
2496.9109919420,97.4406683538
2497.6250070955,97.6269272390
2498.3390222491,97.5525029250
2499.0530374026,97.4156492362
2499.7670525562,97.5311588753
2500.4810677097,97.5107121281
2501.1950828632,97.4639174465
2501.9090980168,97.5500256843
2502.6231131703,97.4788227104
2503.3371283239,97.4487068893
2504.0511434774,97.5671592804
2504.7651586310,97.5640794182
2505.4791737845,97.5245123585
2506.1931889380,97.5542714658
2506.9072040916,97.5804557024
2507.6212192451,97.4898301353
2508.3352343987,97.3282111921
2509.0492495522,97.4084889502
2509.7632647058,97.5207456980
2510.4772798593,97.4322305230
2511.1912950129,97.5289044346
2511.9053101664,97.6551381132
2512.6193253199,97.5356329089
2513.3333404735,97.4855948611
2514.0473556270,97.4874629289
2514.7613707806,97.4741130237
2515.4753859341,97.4928971434
2516.1894010877,97.4302360648
2516.9034162412,97.4854965904
2517.6174313947,97.5744806884
2518.3314465483,97.4788502992
2519.0454617018,97.4977116717
2519.7594768554,97.5079845208
2520.4734920089,97.3981250806
2521.1875071625,97.5199778340
2521.9015223160,97.5946785385
2522.6155374696,97.4199437978
2523.3295526231,97.3585230281
2524.0435677766,97.3963219306
2524.7575829302,97.4220647335
2525.4715980837,97.4761361116
2526.1856132373,97.5404611673
2526.8996283908,97.5441482892
2527.6136435444,97.4346861502
2528.3276586979,97.4114429690
2529.0416738514,97.4794540120
2529.7556890050,97.4579649404
2530.4697041585,97.5063863200
2531.1837193121,97.4965520699
2531.8977344656,97.3631380678
2532.6117496192,97.4412481102
2533.3257647727,97.4689100063
2534.0397799262,97.4090807688
2534.7537950798,97.5790180725
2535.4678102333,97.5464334772
2536.1818253869,97.3714238071
2536.8958405404,97.4676351535
2537.6098556940,97.4300403048
2538.3238708475,97.3436714658
2539.0378860011,97.5109552157
2539.7519011546,97.5276012232
2540.4659163081,97.4419250741
2541.1799314617,97.5067023624
2541.8939466152,97.4934509472
2542.6079617688,97.4280340008
2543.3219769223,97.4610868944
2544.0359920759,97.4763630446
2544.7500072294,97.4567577876
2545.4640223829,97.5254472132
2546.1780375365,97.6016062485
2546.8920526900,97.5139251564
2547.6060678436,97.3918892656
2548.3200829971,97.4001682866
2549.0340981507,97.4432777771
2549.7481133042,97.4436401752
2550.4621284578,97.3871607469
2551.1761436113,97.3600661177
2551.8901587648,97.4081371508
2552.6041739184,97.4042880054
2553.3181890719,97.4274574868
2554.0322042255,97.4787977847
2554.7462193790,97.4208672421
2555.4602345326,97.4319973802
2556.1742496861,97.4617597922
2556.8882648396,97.3890320405
2557.6022799932,97.4251881352
2558.3162951467,97.4329929130
2559.0303103003,97.3503335299
2559.7443254538,97.3588683047
2560.4583406074,97.3301109590
2561.1723557609,97.3891155897
2561.8863709144,97.4985883494
2562.6003860680,97.3281154139
2563.3144012215,97.2490233964
2564.0284163751,97.3754952472
2564.7424315286,97.3481374938
2565.4564466822,97.3427664933
2566.1704618357,97.3570786445
2566.8844769893,97.2735128848
2567.5984921428,97.2956273684
2568.3125072963,97.2850650632
2569.0265224499,97.1872041280
2569.7405376034,97.1808750417
2570.4545527570,97.1998236721
2571.1685679105,97.2184376584
2571.8825830641,97.2358673162
2572.5965982176,97.3108250088
2573.3106133711,97.4476535059
2574.0246285247,97.3904782346
2574.7386436782,97.2594328929
2575.4526588318,97.2508810423
2576.1666739853,97.2093876292
2576.8806891389,97.2270666149
2577.5947042924,97.2838795413
2578.3087194460,97.2497095955
2579.0227345995,97.2552979431
2579.7367497530,97.1694148065
2580.4507649066,97.0544849398
2581.1647800601,97.1800817144
2581.8787952137,97.2518382505
2582.5928103672,97.1483516306
2583.3068255208,97.1025688034
2584.0208406743,97.1108525951
2584.7348558278,97.1547599180
2585.4488709814,97.1796975891
2586.1628861349,97.1909979637
2586.8769012885,97.2421933051
2587.5909164420,97.2283664275
2588.3049315956,97.2394481511
2589.0189467491,97.2283061021
2589.7329619027,97.0498116726
2590.4469770562,97.0328634007
2591.1609922097,97.1546148987
2591.8750073633,97.1349889236
2592.5890225168,97.1142663536
2593.3030376704,97.0921232791
2594.0170528239,97.0907948408
2594.7310679775,97.1204778911
2595.4450831310,96.9943768357
2596.1590982845,96.9890255795
2596.8731134381,97.0759651695
2597.5871285916,96.9339277345
2598.3011437452,96.9795166971
2599.0151588987,97.1622025091
2599.7291740523,97.0518610475
2600.4431892058,97.0103906716
2601.1572043593,97.1223828511
2601.8712195129,97.1640315328
2602.5852346664,97.1817988761
2603.2992498200,97.0726091001
2604.0132649735,97.0321824732
2604.7272801271,97.1424955195
2605.4412952806,97.0411009096
2606.1553104342,96.9801671682
2606.8693255877,97.1201034238
2607.5833407412,97.0578096964
2608.2973558948,96.9416403214
2609.0113710483,97.0073729474
2609.7253862019,97.0507508324
2610.4394013554,96.9946535417
2611.1534165090,96.9429171659
2611.8674316625,97.0188419343
2612.5814468160,97.1089505812
2613.2954619696,97.0407357142
2614.0094771231,96.9928603187
2614.7234922767,96.9779116491
2615.4375074302,96.9205495458
2616.1515225838,97.0088083660
2616.8655377373,97.0943143032
2617.5795528909,96.9942219518
2618.2935680444,96.9470391509
2619.0075831979,96.9815232095
2619.7215983515,97.0092787021
2620.4356135050,97.0615366068
2621.1496286586,97.0225026445
2621.8636438121,96.9505346464
2622.5776589657,97.0035529457
2623.2916741192,97.0159434423
2624.0056892727,96.9393328373
2624.7197044263,96.9646955596
2625.4337195798,97.0106198069
2626.1477347334,96.9434369857
2626.8617498869,96.9280874215
2627.5757650405,97.0201201687
2628.2897801940,97.0464571524
2629.0037953475,96.9803149955
2629.7178105011,96.9138084287
2630.4318256546,96.9210534542
2631.1458408082,96.9844995621
2631.8598559617,96.9369647795
2632.5738711153,96.8720071395
2633.2878862688,96.9843485861
2634.0019014224,97.0054438674
2634.7159165759,96.8777447957
2635.4299317294,96.9207981811
2636.1439468830,96.9852599047
2636.8579620365,96.9470045312
2637.5719771901,97.0047296212
2638.2859923436,97.0367881477
2639.0000074972,97.0117492119
2639.7140226507,97.0352044369
2640.4280378042,96.9636610531
2641.1420529578,96.9530060047
2641.8560681113,97.0699515032
2642.5700832649,96.9807724936
2643.2840984184,96.8838298191
2643.9981135720,96.9901709649
2644.7121287255,96.9831634051
2645.4261438791,96.9297000122
2646.1401590326,96.9891374330
2646.8541741861,96.9988490562
2647.5681893397,96.9975934270
2648.2822044932,96.9729240982
2648.9962196468,96.8778409570
2649.7102348003,96.8973395831
2650.4242499539,96.9870849781
2651.1382651074,97.0411053404
2651.8522802609,97.0728635754
2652.5662954145,96.9858059263
2653.2803105680,96.9286542179
2653.9943257216,97.0495336318
2654.7083408751,97.1083771967
2655.4223560287,97.0556136848
2656.1363711822,97.0115511199
2656.8503863357,96.9549248860
2657.5644014893,96.9370224947
2658.2784166428,96.9718047901
2658.9924317964,97.0041607696
2659.7064469499,97.0237318183
2660.4204621035,97.0060909385
2661.1344772570,97.0136531805
2661.8484924106,97.0588248592
2662.5625075641,97.0682212605
2663.2765227176,97.0839216002
2663.9905378712,97.0756660806
2664.7045530247,97.0368585853
2665.4185681783,97.0615604978
2666.1325833318,97.0474225123
2666.8465984854,97.0086622663
2667.5606136389,97.0709117318
2668.2746287924,97.0895440790
2668.9886439460,97.0634914834
2669.7026590995,97.1038528270
2670.4166742531,97.1066960117
2671.1306894066,97.0855043009
2671.8447045602,97.0970201644
2672.5587197137,97.0988218667
2673.2727348673,97.1047518126
2673.9867500208,97.0842339399
2674.7007651743,97.0494923700
2675.4147803279,97.0115630137
2676.1287954814,96.9463634908
2676.8428106350,97.0112793215
2677.5568257885,97.0976627574
2678.2708409421,96.9809377072
2678.9848560956,96.9512723238
2679.6988712491,97.0525947764
2680.4128864027,96.9876948691
2681.1269015562,96.9351700267
2681.8409167098,96.9944584322
2682.5549318633,96.9872784885
2683.2689470169,97.0058987583
2683.9829621704,97.0552254072
2684.6969773239,97.0124061540
2685.4109924775,96.9751386632
2686.1250076310,96.9951014975
2686.8390227846,97.0116116898
2687.5530379381,96.9913936487
2688.2670530917,96.9290309323
2688.9810682452,96.9002955439
2689.6950833988,96.9209154097
2690.4090985523,96.9013659185
2691.1231137058,96.8715335184
2691.8371288594,96.9177147350
2692.5511440129,96.9582437917
2693.2651591665,96.9078729968
2693.9791743200,96.8798224795
2694.6931894736,96.9205869928
2695.4072046271,96.9117520079
2696.1212197806,96.8644650891
2696.8352349342,96.8522105752
2697.5492500877,96.8626150355
2698.2632652413,96.8885830127
2698.9772803948,96.8844528179
2699.6912955484,96.8380574679
2700.4053107019,96.8181246218
2701.1193258555,96.8225065102
2701.8333410090,96.8448890177
2702.5473561625,96.8664442940
2703.2613713161,96.8288929217
2703.9753864696,96.7833983224
2704.6894016232,96.7663910262
2705.4034167767,96.7677729379
2706.1174319303,96.8107809660
2706.8314470838,96.8053364437
2707.5454622373,96.7381860683
2708.2594773909,96.7396282746
2708.9734925444,96.7532367316
2709.6875076980,96.7116724380
2710.4015228515,96.7114780004
2711.1155380051,96.7591905306
2711.8295531586,96.7671564177
2712.5435683122,96.7095188563
2713.2575834657,96.6579178214
2713.9715986192,96.6666702580
2714.6856137728,96.6687506921
2715.3996289263,96.6447503627
2716.1136440799,96.6524645332
2716.8276592334,96.6751035426
2717.5416743870,96.6608438215
2718.2556895405,96.6142334448
2718.9697046940,96.6213315401
2719.6837198476,96.6822056177
2720.3977350011,96.6589921631
2721.1117501547,96.5968640120
2721.8257653082,96.6118871072
2722.5397804618,96.6110193311
2723.2537956153,96.5580180700
2723.9678107688,96.5304807563
2724.6818259224,96.5370197816
2725.3958410759,96.5364315319
2726.1098562295,96.4858885606
2726.8238713830,96.4823856662
2727.5378865366,96.5740580108
2728.2519016901,96.5447047869
2728.9659168437,96.4159566792
2729.6799319972,96.4415719057
2730.3939471507,96.5066540270
2731.1079623043,96.4478747736
2731.8219774578,96.4151580580
2732.5359926114,96.4482229388
2733.2500077649,96.4442041020
2733.9640229185,96.4644214657
2734.6780380720,96.5158787470
2735.3920532255,96.4512029806
2736.1060683791,96.3591475095
2736.8200835326,96.4084052937
2737.5340986862,96.4366840969
2738.2481138397,96.3543223355
2738.9621289933,96.3341962376
2739.6761441468,96.3723852828
2740.3901593004,96.3865923168
2741.1041744539,96.4018743361
2741.8181896074,96.3855513839
2742.5322047610,96.3329202287
2743.2462199145,96.3016338804
2743.9602350681,96.3153956829
2744.6742502216,96.3625786227
2745.3882653752,96.3519459084
2746.1022805287,96.2812558745
2746.8162956822,96.2569782021
2747.5303108358,96.2428030754
2748.2443259893,96.2367004677
2748.9583411429,96.2874317159
2749.6723562964,96.2753214937
2750.3863714500,96.2478292068
2751.1003866035,96.3273862226
2751.8144017570,96.2942231958
2752.5284169106,96.1483174278
2753.2424320641,96.1886733633
2753.9564472177,96.2539912522
2754.6704623712,96.1576659605
2755.3844775248,96.1440296108
2756.0984926783,96.2079186662
2756.8125078319,96.1999922814
2757.5265229854,96.2054343482
2758.2405381389,96.1661811226
2758.9545532925,96.0914949197
2759.6685684460,96.1424266288
2760.3825835996,96.1839477593
2761.0965987531,96.1499074811
2761.8106139067,96.1333088271
2762.5246290602,96.0735731965
2763.2386442137,96.0663322530
2763.9526593673,96.1379383250
2764.6666745208,96.0958178919
2765.3806896744,96.0320282513
2766.0947048279,96.0128179363
2766.8087199815,95.9760385102
2767.5227351350,96.0217468986
2768.2367502886,96.0368531432
2768.9507654421,95.9873012700
2769.6647805956,96.0594684219
2770.3787957492,96.0418515853
2771.0928109027,95.8950704912
2771.8068260563,95.9403255372
2772.5208412098,96.0080454676
2773.2348563634,95.9135983724
2773.9488715169,95.8756022520
2774.6628866704,95.9062585805
2775.3769018240,95.8971141570
2776.0909169775,95.8688499517
2776.8049321311,95.8443744983
2777.5189472846,95.8522226018
2778.2329624382,95.8376472529
2778.9469775917,95.7743757257
2779.6609927452,95.8037046213
2780.3750078988,95.8640101058
2781.0890230523,95.7710084011
2781.8030382059,95.7268719210
2782.5170533594,95.8597540293
2783.2310685130,95.8473230118
2783.9450836665,95.7272846532
2784.6590988201,95.7961529640
2785.3731139736,95.8345746098
2786.0871291271,95.7695004032
2786.8011442807,95.8303264606
2787.5151594342,95.8333307462
2788.2291745878,95.7321610800
2788.9431897413,95.7366431342
2789.6572048949,95.7470349537
2790.3712200484,95.7541991536
2791.0852352019,95.7833872616
2791.7992503555,95.7165054346
2792.5132655090,95.6877062203
2793.2272806626,95.7183965163
2793.9412958161,95.7000446768
2794.6553109697,95.7534434596
2795.3693261232,95.8103496813
2796.0833412768,95.7477214839
2796.7973564303,95.6787707983
2797.5113715838,95.6576507240
2798.2253867374,95.6874754491
2798.9394018909,95.7107880566
2799.6534170445,95.7019500098
2800.3674321980,95.7284785402
2801.0814473516,95.6888347392
2801.7954625051,95.6343958502
2802.5094776586,95.6787343865
2803.2234928122,95.6124089822
2803.9375079657,95.5316133003
2804.6515231193,95.6482251460
2805.3655382728,95.7191020681
2806.0795534264,95.6548319244
2806.7935685799,95.5899731412
2807.5075837334,95.5705696244
2808.2215988870,95.5927549302
2808.9356140405,95.5543936977
2809.6496291941,95.5525803204
2810.3636443476,95.6504675191
2811.0776595012,95.6235314911
2811.7916746547,95.5677555469
2812.5056898083,95.5946008696
2813.2197049618,95.5727644131
2813.9337201153,95.6119448006
2814.6477352689,95.6608944578
2815.3617504224,95.5954380763
2816.0757655760,95.5947201624
2816.7897807295,95.6210292717
2817.5037958831,95.6123713909
2818.2178110366,95.6229101916
2818.9318261901,95.5441089977
2819.6458413437,95.4936247518
2820.3598564972,95.5730445278
2821.0738716508,95.6199460203
2821.7878868043,95.6218104355
2822.5019019579,95.5730802763
2823.2159171114,95.5455573432
2823.9299322650,95.6265046984
2824.6439474185,95.5917858617
2825.3579625720,95.5023475925
2826.0719777256,95.5339354228
2826.7859928791,95.4854445539
2827.5000080327,95.4530414918
2828.2140231862,95.5575684463
2828.9280383398,95.5321622883
2829.6420534933,95.4426939987
2830.3560686468,95.4799201507
2831.0700838004,95.5119010729
2831.7840989539,95.4935788960
2832.4981141075,95.4969774875
2833.2121292610,95.4927600848
2833.9261444146,95.4560324155
2834.6401595681,95.4466044034
2835.3541747217,95.4338852417
2836.0681898752,95.3427339100
2836.7822050287,95.3172489699
2837.4962201823,95.3658782824
2838.2102353358,95.3158409738
2838.9242504894,95.2924783274
2839.6382656429,95.3037360284
2840.3522807965,95.2023417439
2841.0662959500,95.1545181718
2841.7803111035,95.1568705068
2842.4943262571,95.0880522989
2843.2083414106,95.0600047358
2843.9223565642,95.0266603676
2844.6363717177,94.9794212761
2845.3503868713,94.9997659208
2846.0644020248,94.9400926655
2846.7784171783,94.8139652786
2847.4924323319,94.7664139137
2848.2064474854,94.7693137718
2848.9204626390,94.7452973924
2849.6344777925,94.6046334962
2850.3484929461,94.4520031921
2851.0625080996,94.4220526325
2851.7765232532,94.4036607195
2852.4905384067,94.4176583028
2853.2045535602,94.4456917269
2853.9185687138,94.3646278005
2854.6325838673,94.3560089141
2855.3465990209,94.4342925045
2856.0606141744,94.4132304130
2856.7746293280,94.3922329744
2857.4886444815,94.3759477468
2858.2026596350,94.3034568335
2858.9166747886,94.3387654152
2859.6306899421,94.4431548015
2860.3447050957,94.4124818695
2861.0587202492,94.3265047055
2861.7727354028,94.3594283621
2862.4867505563,94.4193112364
2863.2007657099,94.3931160067
2863.9147808634,94.3973594131
2864.6287960169,94.4488423607
2865.3428111705,94.4613225673
2866.0568263240,94.4699198800
2866.7708414776,94.4682219477
2867.4848566311,94.4621799359
2868.1988717847,94.4325442692
2868.9128869382,94.3208700872
2869.6269020917,94.3257854805
2870.3409172453,94.4210189742
2871.0549323988,94.3242456920
2871.7689475524,94.2278538226
2872.4829627059,94.2482435672
2873.1969778595,94.2221910956
2873.9109930130,94.2781583016
2874.6250081665,94.3386891374
2875.3390233201,94.2778484243
2876.0530384736,94.3623700806
2876.7670536272,94.5144313820
2877.4810687807,94.5187550061
2878.1950839343,94.5737660076
2878.9090990878,94.7154281126
2879.6231142414,94.7915552180
2880.3371293949,94.8643475145
2881.0511445484,95.0211484151
2881.7651597020,95.1967901695
2882.4791748555,95.2783825989
2883.1931900091,95.2811171593
2883.9072051626,95.2842042735
2884.6212203162,95.2918546306
2885.3352354697,95.3307122192
2886.0492506232,95.3655985736
2886.7632657768,95.3710146971
2887.4772809303,95.4540245546
2888.1912960839,95.4810534054
2888.9053112374,95.3492373061
2889.6193263910,95.3522679276
2890.3333415445,95.4400720984
2891.0473566981,95.3281443133
2891.7613718516,95.2395087943
2892.4753870051,95.2904375700
2893.1894021587,95.2279152817
2893.9034173122,95.1092690043
2894.6174324658,95.0658116075
2895.3314476193,95.0292646126
2896.0454627729,95.0458401190
2896.7594779264,95.0264078038
2897.4734930799,94.8569940730
2898.1875082335,94.8287674362
2898.9015233870,94.9447144218
2899.6155385406,94.8939582723
2900.3295536941,94.8509297675
2901.0435688477,94.8614082561
2901.7575840012,94.7132815390
2902.4715991547,94.6675743065
2903.1856143083,94.7612297144
2903.8996294618,94.6871139523
2904.6136446154,94.5938267524
2905.3276597689,94.6007642192
2906.0416749225,94.5663050927
2906.7556900760,94.4765875362
2907.4697052296,94.3309110620
2908.1837203831,94.2388366816
2908.8977355366,94.2451584374
2909.6117506902,94.1583595111
2910.3257658437,94.0448851337
2911.0397809973,94.0301091874
2911.7537961508,94.0005140997
2912.4678113044,93.9403140112
2913.1818264579,93.8815884079
2913.8958416114,93.8159072629
2914.6098567650,93.7298905480
2915.3238719185,93.5883785097
2916.0378870721,93.4900118176
2916.7519022256,93.4842035786
2917.4659173792,93.4348777248
2918.1799325327,93.2810279469
2918.8939476863,93.1290264559
2919.6079628398,93.0943557180
2920.3219779933,93.0366983518
2921.0359931469,92.8684984876
2921.7500083004,92.8265233219
2922.4640234540,92.8296323478
2923.1780386075,92.6945125800
2923.8920537611,92.6200839750
2924.6060689146,92.6006280056
2925.3200840681,92.5807881093
2926.0340992217,92.6385788141
2926.7481143752,92.6010527526
2927.4621295288,92.4913246478
2928.1761446823,92.4815531310
2928.8901598359,92.5079860559
2929.6041749894,92.5691306763
2930.3181901429,92.6118381425
2931.0322052965,92.6073930033
2931.7462204500,92.6594815188
2932.4602356036,92.6916565762
2933.1742507571,92.7299094995
2933.8882659107,92.8292717874
2934.6022810642,92.8566929905
2935.3162962178,92.8783084882
2936.0303113713,92.9365092706
2936.7443265248,93.0152712645
2937.4583416784,93.1994249427
2938.1723568319,93.3299993897
2938.8863719855,93.3961933497
2939.6003871390,93.4986790313
2940.3144022926,93.4610441875
2941.0284174461,93.4802519594
2941.7424325996,93.7231075411
2942.4564477532,93.8609362213
2943.1704629067,93.9633076426
2943.8844780603,94.1254864376
2944.5984932138,94.1402078478
2945.3125083674,94.2316362520
2946.0265235209,94.4853303415
2946.7405386745,94.6413870758
2947.4545538280,94.7353338465
2948.1685689815,94.7400891359
2948.8825841351,94.6863312831
2949.5965992886,94.8554183395
2950.3106144422,95.0306109113
2951.0246295957,94.9538821081
2951.7386447493,94.9451815758
2952.4526599028,95.0938755612
2953.1666750563,95.1975120131
2953.8806902099,95.2854616916
2954.5947053634,95.3323252266
2955.3087205170,95.3409190991
2956.0227356705,95.4851828108
2956.7367508241,95.5698248596
2957.4507659776,95.4580591875
2958.1647811312,95.5553408429
2958.8787962847,95.7733822599
2959.5928114382,95.6888919881
2960.3068265918,95.6598794239
2961.0208417453,95.8475946271
2961.7348568989,95.8073659089
2962.4488720524,95.7464445389
2963.1628872060,95.9193444518
2963.8769023595,95.9473237126
2964.5909175130,95.9731996428
2965.3049326666,96.3029437405
2966.0189478201,96.4281339041
2966.7329629737,96.2403439082
2967.4469781272,96.3262829153
2968.1609932808,96.5061852747
2968.8750084343,96.5325818870
2969.5890235878,97.0693895441
2970.3030387414,97.9580069408
2971.0170538949,98.0523311960
2971.7310690485,97.5271575028
2972.4450842020,97.3520072254
2973.1590993556,97.4076313164
2973.8731145091,97.2807966517
2974.5871296627,97.2133545031
2975.3011448162,97.3486172194
2976.0151599697,97.4449330730
2976.7291751233,97.5822532356
2977.4431902768,97.9179443061
2978.1572054304,98.2025012691
2978.8712205839,98.5770060012
2979.5852357375,99.0853500840
2980.2992508910,99.1219978878
2981.0132660445,99.2921842549
2981.7272811981,100.0567129923
2982.4412963516,99.6525527025
2983.1553115052,98.0871584715
2983.8693266587,97.4569488134
2984.5833418123,97.4085191437
2985.2973569658,97.0375391627
2986.0113721194,96.9858170015
2986.7253872729,97.0875619790
2987.4394024264,96.8900973822
2988.1534175800,96.7525017650
2988.8674327335,96.7312296465
2989.5814478871,96.7883671808
2990.2954630406,96.8971016082
2991.0094781942,96.8811603322
2991.7234933477,96.8461083446
2992.4375085012,96.7951918130
2993.1515236548,96.7120176686
2993.8655388083,96.6999451717
2994.5795539619,96.6086458867
2995.2935691154,96.5636977148
2996.0075842690,96.6670192344
2996.7215994225,96.6034054307
2997.4356145760,96.5041424349
2998.1496297296,96.5181802618
2998.8636448831,96.4222653023
2999.5776600367,96.3416336352
3000.2916751902,96.3056327025
3001.0056903438,96.1439248208
3001.7197054973,95.9922299138
3002.4337206509,95.8750077688
3003.1477358044,95.7604534654
3003.8617509579,95.7054020326
3004.5757661115,95.5775728153
3005.2897812650,95.3934486733
3006.0037964186,95.2937061261
3006.7178115721,95.1980523595
3007.4318267257,95.0685915172
3008.1458418792,94.9624153549
3008.8598570327,94.8620078094
3009.5738721863,94.7786382744
3010.2878873398,94.7544209958
3011.0019024934,94.7087927410
3011.7159176469,94.5558542890
3012.4299328005,94.4371659113
3013.1439479540,94.4531335570
3013.8579631076,94.4118234467
3014.5719782611,94.2790628953
3015.2859934146,94.2091592314
3016.0000085682,94.1471092960
3016.7140237217,94.0812746313
3017.4280388753,94.0999218814
3018.1420540288,94.0360882289
3018.8560691824,93.8660343610
3019.5700843359,93.8175073964
3020.2840994894,93.7867852670
3020.9981146430,93.7356012501
3021.7121297965,93.8476134532
3022.4261449501,93.8414397728
3023.1401601036,93.6536002790
3023.8541752572,93.6804447837
3024.5681904107,93.7339985971
3025.2822055642,93.6530649573
3025.9962207178,93.6485198257
3026.7102358713,93.5448283699
3027.4242510249,93.4367437949
3028.1382661784,93.4920753873
3028.8522813320,93.3481326098
3029.5662964855,93.2095154914
3030.2803116391,93.3787882292
3030.9943267926,93.4414002920
3031.7083419461,93.3126571495
3032.4223570997,93.2035915359
3033.1363722532,93.1636430925
3033.8503874068,93.1863166913
3034.5644025603,93.1021016253
3035.2784177139,93.0595716542
3035.9924328674,93.0941209926
3036.7064480209,92.8934658531
3037.4204631745,92.8281105603
3038.1344783280,92.9809627866
3038.8484934816,92.8407901719
3039.5625086351,92.7012807503
3040.2765237887,92.7031365897
3040.9905389422,92.5848472972
3041.7045540958,92.5657323579
3042.4185692493,92.5273007958
3043.1325844028,92.4437611345
3043.8465995564,92.5439646110
3044.5606147099,92.4071102203
3045.2746298635,92.1753029298
3045.9886450170,92.2871882953
3046.7026601706,92.2620645876
3047.4166753241,92.1086017988
3048.1306904776,92.1526195178
3048.8447056312,92.0601776361
3049.5587207847,91.9254124980
3050.2727359383,91.9626490868
3050.9867510918,91.8869513686
3051.7007662454,91.7818535461
3052.4147813989,91.8045447103
3053.1287965524,91.7334098651
3053.8428117060,91.5962623816
3054.5568268595,91.5350649706
3055.2708420131,91.4249050643
3055.9848571666,91.3336414918
3056.6988723202,91.3969061459
3057.4128874737,91.3669797188
3058.1269026273,91.2878587162
3058.8409177808,91.3465096031
3059.5549329343,91.2390233497
3060.2689480879,91.0862155655
3060.9829632414,91.1686468196
3061.6969783950,91.0987903129
3062.4109935485,90.9271087688
3063.1250087021,90.9108431725
3063.8390238556,90.8625067836
3064.5530390091,90.9135670119
3065.2670541627,90.9555175279
3065.9810693162,90.8254416391
3066.6950844698,90.9198547570
3067.4090996233,90.9545092155
3068.1231147769,90.6885616726
3068.8371299304,90.6891381859
3069.5511450840,90.7948746377
3070.2651602375,90.6987210360
3070.9791753910,90.6609581439
3071.6931905446,90.6692584052
3072.4072056981,90.6986592636
3073.1212208517,90.6889296966
3073.8352360052,90.5922358620
3074.5492511588,90.6484234810
3075.2632663123,90.6686223730
3075.9772814658,90.5974823470
3076.6912966194,90.7092660864
3077.4053117729,90.6939652775
3078.1193269265,90.6150212155
3078.8333420800,90.8282248619
3079.5473572336,90.9245694852
3080.2613723871,90.8065510143
3080.9753875406,90.7617593038
3081.6894026942,90.7249177111
3082.4034178477,90.7715969157
3083.1174330013,90.8633961516
3083.8314481548,90.8366089370
3084.5454633084,90.8418049628
3085.2594784619,90.9270445849
3085.9734936155,91.0151971919
3086.6875087690,91.0216460569
3087.4015239225,90.9330004559
3088.1155390761,90.9639764891
3088.8295542296,91.0169960972
3089.5435693832,90.9644190480
3090.2575845367,91.0523479893
3090.9715996903,91.1290178329
3091.6856148438,91.0696673580
3092.3996299973,91.1640195394
3093.1136451509,91.2403673278
3093.8276603044,91.1802866253
3094.5416754580,91.2265006856
3095.2556906115,91.2072505652
3095.9697057651,91.1550441299
3096.6837209186,91.3507787258
3097.3977360722,91.4391032885
3098.1117512257,91.2994706088
3098.8257663792,91.3378819708
3099.5397815328,91.4552085335
3100.2537966863,91.4376261936
3100.9678118399,91.4524452201
3101.6818269934,91.4826301419
3102.3958421470,91.4624173623
3103.1098573005,91.4990823959
3103.8238724540,91.5723194830
3104.5378876076,91.6225818242
3105.2519027611,91.6045772482
3105.9659179147,91.5325779434
3106.6799330682,91.6019761959
3107.3939482218,91.7629184847
3108.1079633753,91.7728119619
3108.8219785289,91.7472554629
3109.5359936824,91.7783199223
3110.2500088359,91.6901918527
3110.9640239895,91.6031618674
3111.6780391430,91.7406764064
3112.3920542966,91.8504261276
3113.1060694501,91.7260159331
3113.8200846037,91.6903352418
3114.5340997572,91.8183504241
3115.2481149107,91.8435696734
3115.9621300643,91.8825552422
3116.6761452178,91.9639079756
3117.3901603714,91.9097159066
3118.1041755249,91.9370065947
3118.8181906785,92.0306062963
3119.5322058320,91.9502500748
3120.2462209855,91.8655401630
3120.9602361391,91.8327231530
3121.6742512926,91.8642723188
3122.3882664462,91.9745631848
3123.1022815997,91.8777620392
3123.8162967533,91.7964250963
3124.5303119068,91.9635629503
3125.2443270604,92.0111805095
3125.9583422139,92.0069708880
3126.6723573674,92.0105585681
3127.3863725210,91.8114063587
3128.1003876745,91.7526597018
3128.8144028281,91.8700104128
3129.5284179816,91.9002607708
3130.2424331352,91.9146096143
3130.9564482887,91.8503664444
3131.6704634422,91.8913630711
3132.3844785958,92.0195729359
3133.0984937493,91.7865731063
3133.8125089029,91.6610819548
3134.5265240564,91.8088649367
3135.2405392100,91.6579240226
3135.9545543635,91.6065735122
3136.6685695171,91.7646675639
3137.3825846706,91.6724093944
3138.0965998241,91.6461718461
3138.8106149777,91.6503761517
3139.5246301312,91.5231866615
3140.2386452848,91.6012742419
3140.9526604383,91.6020314347
3141.6666755919,91.4699410626
3142.3806907454,91.5729704590
3143.0947058989,91.5735654695
3143.8087210525,91.4162187027
3144.5227362060,91.4388652946
3145.2367513596,91.4458043893
3145.9507665131,91.3560477109
3146.6647816667,91.3620236299
3147.3787968202,91.3669687949
3148.0928119737,91.2238213512
3148.8068271273,91.1132574728
3149.5208422808,91.1487989707
3150.2348574344,91.1043026110
3150.9488725879,91.0628494160
3151.6628877415,91.1334033714
3152.3769028950,91.0171278515
3153.0909180486,90.8922640600
3153.8049332021,90.9551579234
3154.5189483556,90.9318516023
3155.2329635092,90.9223718545
3155.9469786627,90.8803933215
3156.6609938163,90.7141256879
3157.3750089698,90.7692013377
3158.0890241234,90.7395049717
3158.8030392769,90.4715127623
3159.5170544304,90.5154787818
3160.2310695840,90.6173096930
3160.9450847375,90.4811092436
3161.6590998911,90.3934439838
3162.3731150446,90.2983279628
3163.0871301982,90.2131276281
3163.8011453517,90.1781513314
3164.5151605053,90.0897716656
3165.2291756588,90.0999833594
3165.9431908123,90.0905467880
3166.6572059659,90.0001898891
3167.3712211194,90.0198741582
3168.0852362730,89.9341405046
3168.7992514265,89.7922863792
3169.5132665801,89.7982544551
3170.2272817336,89.7082564555
3170.9412968871,89.6045436941
3171.6553120407,89.6117363668
3172.3693271942,89.5473570911
3173.0833423478,89.4829271871
3173.7973575013,89.4196768390
3174.5113726549,89.3324554156
3175.2253878084,89.3501484029
3175.9394029619,89.2964652682
3176.6534181155,89.0802021993
3177.3674332690,88.9437803601
3178.0814484226,88.9704926100
3178.7954635761,88.9892177119
3179.5094787297,88.8517573241
3180.2234938832,88.7298578564
3180.9375090368,88.7615887645
3181.6515241903,88.7133443035
3182.3655393438,88.5272909570
3183.0795544974,88.4118620511
3183.7935696509,88.4144690519
3184.5075848045,88.3854345624
3185.2215999580,88.2409166001
3185.9356151116,88.1777578107
3186.6496302651,88.1969436716
3187.3636454186,88.0582306709
3188.0776605722,87.9202829547
3188.7916757257,87.9005808989
3189.5056908793,87.8165771641
3190.2197060328,87.7024435662
3190.9337211864,87.5782260183
3191.6477363399,87.4581145166
3192.3617514935,87.4798770007
3193.0757666470,87.4808330568
3193.7897818005,87.2874445552
3194.5037969541,87.0887262612
3195.2178121076,87.0802219745
3195.9318272612,87.1797829479
3196.6458424147,87.1492029402
3197.3598575683,86.9757758462
3198.0738727218,86.8021909564
3198.7878878753,86.7260420369
3199.5019030289,86.7532478078
3200.2159181824,86.6606013761
3200.9299333360,86.4740751696
3201.6439484895,86.4699343656
3202.3579636431,86.4395485333
3203.0719787966,86.2846433320
3203.7859939501,86.2506399791
3204.5000091037,86.2159582330
3205.2140242572,86.1207023978
3205.9280394108,86.0244237641
3206.6420545643,85.8135301755
3207.3560697179,85.6533759555
3208.0700848714,85.6914690636
3208.7841000250,85.7277238415
3209.4981151785,85.6027645134
3210.2121303320,85.4140423524
3210.9261454856,85.3442599646
3211.6401606391,85.2151968639
3212.3541757927,85.0339736294
3213.0681909462,85.1546752165
3213.7822060998,85.1432528037
3214.4962212533,84.7360811685
3215.2102364068,84.6461198746
3215.9242515604,84.7724084768
3216.6382667139,84.6033803912
3217.3522818675,84.4289205997
3218.0662970210,84.4549371430
3218.7803121746,84.4682422681
3219.4943273281,84.3080262384
3220.2083424817,84.1436718049
3220.9223576352,84.1367625112
3221.6363727887,83.9989184072
3222.3503879423,83.7803080252
3223.0644030958,83.7242014026
3223.7784182494,83.6050367096
3224.4924334029,83.5072589742
3225.2064485565,83.4488766874
3225.9204637100,83.2152410898
3226.6344788635,83.1682021448
3227.3484940171,83.1913886987
3228.0625091706,82.9043754478
3228.7765243242,82.8035391247
3229.4905394777,82.9036938700
3230.2045546313,82.7024638296
3230.9185697848,82.4430544361
3231.6325849384,82.4465284064
3232.3466000919,82.4838644868
3233.0606152454,82.2866832982
3233.7746303990,82.0625223521
3234.4886455525,82.0012521319
3235.2026607061,81.8391862823
3235.9166758596,81.6466070854
3236.6306910132,81.6014871156
3237.3447061667,81.5034386822
3238.0587213202,81.3785752190
3238.7727364738,81.1998309725
3239.4867516273,80.9691113491
3240.2007667809,80.9146615202
3240.9147819344,80.7828242204
3241.6287970880,80.5635880257
3242.3428122415,80.5207217121
3243.0568273950,80.3886517957
3243.7708425486,80.2682749842
3244.4848577021,80.2542991869
3245.1988728557,79.9980282186
3245.9128880092,79.7648395684
3246.6269031628,79.6826607946
3247.3409183163,79.5194041626
3248.0549334699,79.4450269048
3248.7689486234,79.3908128140
3249.4829637769,79.2225813160
3250.1969789305,79.0114310353
3250.9109940840,78.7176405949
3251.6250092376,78.5217488082
3252.3390243911,78.4747764891
3253.0530395447,78.3828390757
3253.7670546982,78.2326698498
3254.4810698517,78.0254743920
3255.1950850053,77.9181636564
3255.9091001588,77.8791227234
3256.6231153124,77.6584783346
3257.3371304659,77.4192157408
3258.0511456195,77.2020944239
3258.7651607730,77.0418446303
3259.4791759266,77.1147167794
3260.1931910801,77.0144067806
3260.9072062336,76.7004021515
3261.6212213872,76.5523383986
3262.3352365407,76.4406206546
3263.0492516943,76.3510883938
3263.7632668478,76.2365135275
3264.4772820014,76.0666451657
3265.1912971549,76.0518550631
3265.9053123084,75.9217052875
3266.6193274620,75.7431106417
3267.3333426155,75.7225898533
3268.0473577691,75.5088676339
3268.7613729226,75.4203613795
3269.4753880762,75.4913690232
3270.1894032297,75.2375717314
3270.9034183832,75.1657309513
3271.6174335368,75.2806262208
3272.3314486903,75.1598925193
3273.0454638439,75.1410555556
3273.7594789974,75.1298320526
3274.4734941510,75.0966585788
3275.1875093045,75.1713615675
3275.9015244581,75.0578701158
3276.6155396116,75.0422479459
3277.3295547651,75.1802357301
3278.0435699187,75.1952338507
3278.7575850722,75.2890525646
3279.4716002258,75.2236182084
3280.1856153793,75.1642715623
3280.8996305329,75.4962942831
3281.6136456864,75.6319931851
3282.3276608399,75.6216616707
3283.0416759935,75.7533803276
3283.7556911470,75.7942821363
3284.4697063006,75.9846903598
3285.1837214541,76.1314467569
3285.8977366077,76.1429751321
3286.6117517612,76.4832175979
3287.3257669148,76.7476005655
3288.0397820683,76.8173366531
3288.7537972218,76.9678236288
3289.4678123754,77.0389483013
3290.1818275289,77.3084789399
3290.8958426825,77.5553694496
3291.6098578360,77.5290032881
3292.3238729896,77.8560729122
3293.0378881431,78.1457557345
3293.7519032966,78.1302045376
3294.4659184502,78.4401931936
3295.1799336037,78.7254684922
3295.8939487573,78.8095365950
3296.6079639108,79.0333688649
3297.3219790644,79.2749919472
3298.0359942179,79.5983137508
3298.7500093714,79.8228959442
3299.4640245250,79.9087099487
3300.1780396785,80.2240635464
3300.8920548321,80.3904289890
3301.6060699856,80.4352607979
3302.3200851392,80.7656588011
3303.0341002927,80.9702907844
3303.7481154463,81.1277710590
3304.4621305998,81.4276711642
3305.1761457533,81.5142421725
3305.8901609069,81.6432536180
3306.6041760604,81.9464896729
3307.3181912140,82.1528617132
3308.0322063675,82.3814655166
3308.7462215211,82.6449318011
3309.4602366746,82.8098475417
3310.1742518281,82.8952326111
3310.8882669817,83.0484184711
3311.6022821352,83.3301327891
3312.3162972888,83.4969319628
3313.0303124423,83.6986297421
3313.7443275959,84.0283174022
3314.4583427494,84.0834770841
3315.1723579030,84.1442236719
3315.8863730565,84.4355612882
3316.6003882100,84.6181878920
3317.3144033636,84.8165541027
3318.0284185171,84.9638046826
3318.7424336707,85.0147035608
3319.4564488242,85.2609406091
3320.1704639778,85.3682894654
3320.8844791313,85.4282760946
3321.5984942848,85.7597900566
3322.3125094384,85.8443670288
3323.0265245919,85.8746421523
3323.7405397455,86.1565939874
3324.4545548990,86.2273841274
3325.1685700526,86.3826790702
3325.8825852061,86.7235294908
3326.5966003596,86.7467785684
3327.3106155132,86.7674330236
3328.0246306667,86.9201497506
3328.7386458203,87.0127149390
3329.4526609738,87.2933443909
3330.1666761274,87.5274224654
3330.8806912809,87.4637368151
3331.5947064345,87.5302577904
3332.3087215880,87.7783376019
3333.0227367415,87.8912136562
3333.7367518951,87.9340932482
3334.4507670486,88.0927064210
3335.1647822022,88.2871347386
3335.8787973557,88.4128164236
3336.5928125093,88.5022393488
3337.3068276628,88.5246271627
3338.0208428163,88.5391424537
3338.7348579699,88.6609501574
3339.4488731234,88.7876481262
3340.1628882770,88.8793613125
3340.8769034305,88.9947882482
3341.5909185841,89.1061125678
3342.3049337376,89.1637908303
3343.0189488912,89.1213231562
3343.7329640447,89.1925088390
3344.4469791982,89.4320125122
3345.1609943518,89.4373782092
3345.8750095053,89.3897177438
3346.5890246589,89.6119800535
3347.3030398124,89.7477224287
3348.0170549660,89.7855851204
3348.7310701195,89.8885565224
3349.4450852730,89.9317120431
3350.1591004266,90.0454842811
3350.8731155801,90.1207044935
3351.5871307337,90.0632251665
3352.3011458872,90.2147762353
3353.0151610408,90.3726885646
3353.7291761943,90.3154687747
3354.4431913478,90.3497598747
3355.1572065014,90.4307114930
3355.8712216549,90.4435738040
3356.5852368085,90.5037492567
3357.2992519620,90.5959345702
3358.0132671156,90.6783390526
3358.7272822691,90.6941089434
3359.4412974227,90.7383115754
3360.1553125762,90.8515834789
3360.8693277297,90.8105038533
3361.5833428833,90.8295619752
3362.2973580368,91.0663999675
3363.0113731904,91.0875687774
3363.7253883439,90.9825451143
3364.4394034975,91.1178798888
3365.1534186510,91.2971348902
3365.8674338045,91.3240422716
3366.5814489581,91.2444308673
3367.2954641116,91.1704321833
3368.0094792652,91.2333496623
3368.7234944187,91.3369346629
3369.4375095723,91.3501123520
3370.1515247258,91.3693379612
3370.8655398794,91.4505151159
3371.5795550329,91.4890425396
3372.2935701864,91.5191304220
3373.0075853400,91.6160875992
3373.7216004935,91.6143773874
3374.4356156471,91.5904979979
3375.1496308006,91.7124919484
3375.8636459542,91.6502565150
3376.5776611077,91.5040893177
3377.2916762612,91.7073009737
3378.0056914148,91.9091733479
3378.7197065683,91.8753928392
3379.4337217219,91.8098534947
3380.1477368754,91.7182454523
3380.8617520290,91.8099575436
3381.5757671825,92.0337550756
3382.2897823361,92.0374479929
3383.0037974896,92.0400972888
3383.7178126431,92.1105177867
3384.4318277967,92.0829415204
3385.1458429502,92.1656615517
3385.8598581038,92.2535387689
3386.5738732573,92.1680716608
3387.2878884109,92.1506981387
3388.0019035644,92.2484124803
3388.7159187179,92.2891318086
3389.4299338715,92.1918389741
3390.1439490250,92.1082811490
3390.8579641786,92.2310030337
3391.5719793321,92.4000829050
3392.2859944857,92.4788881132
3393.0000096392,92.4632043800
3393.7140247927,92.3905576694
3394.4280399463,92.4260908433
3395.1420550998,92.4232327237
3395.8560702534,92.3412921873
3396.5700854069,92.4962879672
3397.2841005605,92.6042765829
3397.9981157140,92.4948565659
3398.7121308676,92.5840020524
3399.4261460211,92.6716735979
3400.1401611746,92.5393031277
3400.8541763282,92.4699756458
3401.5681914817,92.5087003690
3402.2822066353,92.6693605610
3402.9962217888,92.8502116954
3403.7102369424,92.8208552877
3404.4242520959,92.7287158694
3405.1382672494,92.7012414317
3405.8522824030,92.7133136068
3406.5662975565,92.7644194384
3407.2803127101,92.7618206920
3407.9943278636,92.7913800972
3408.7083430172,92.8628832211
3409.4223581707,92.8401672696
3410.1363733243,92.9064842990
3410.8503884778,93.0560004684
3411.5644036313,93.0503649067
3412.2784187849,93.0186790958
3412.9924339384,93.0805412960
3413.7064490920,93.1136967264
3414.4204642455,93.1050611243
3415.1344793991,93.1320755669
3415.8484945526,93.1269272501
3416.5625097061,93.0828242000
3417.2765248597,93.2350689980
3417.9905400132,93.3857087809
3418.7045551668,93.2178988847
3419.4185703203,93.1763873078
3420.1325854739,93.3197303620
3420.8466006274,93.2414988818
3421.5606157809,93.2734206461
3422.2746309345,93.3760525120
3422.9886460880,93.2450966284
3423.7026612416,93.3095730842
3424.4166763951,93.4447091081
3425.1306915487,93.3213477901
3425.8447067022,93.3580924324
3426.5587218558,93.5184420160
3427.2727370093,93.5438889114
3427.9867521628,93.5931516977
3428.7007673164,93.5651835477
3429.4147824699,93.5029078289
3430.1287976235,93.6534557041
3430.8428127770,93.7493309292
3431.5568279306,93.6079844328
3432.2708430841,93.5893390605
3432.9848582376,93.7946420426
3433.6988733912,93.8273519139
3434.4128885447,93.6493639308
3435.1269036983,93.7059908941
3435.8409188518,93.8960068733
3436.5549340054,93.8040844066
3437.2689491589,93.6805678072
3437.9829643125,93.8079020303
3438.6969794660,93.9150206100
3439.4109946195,93.8922538271
3440.1250097731,93.9222948717
3440.8390249266,93.9517439836
3441.5530400802,93.9313788161
3442.2670552337,93.9969561131
3442.9810703873,94.0144722496
3443.6950855408,93.9163808613
3444.4091006943,93.9369469679
3445.1231158479,93.9660365137
3445.8371310014,93.9470222991
3446.5511461550,94.0492095890
3447.2651613085,94.0355914046
3447.9791764621,93.9463563710
3448.6931916156,94.0058933910
3449.4072067691,94.0004822453
3450.1212219227,94.0348651019
3450.8352370762,94.1179929343
3451.5492522298,94.0458484838
3452.2632673833,94.1224324278
3452.9772825369,94.2098284850
3453.6912976904,94.0701594267
3454.4053128440,94.0973289466
3455.1193279975,94.1708573238
3455.8333431510,94.1909330431
3456.5473583046,94.3247144136
3457.2613734581,94.2500322496
3457.9753886117,94.1282844210
3458.6894037652,94.1958278958
3459.4034189188,94.2411937665
3460.1174340723,94.3361147121
3460.8314492258,94.2367100842
3461.5454643794,94.1204901103
3462.2594795329,94.4289987091
3462.9734946865,94.3358721053
3463.6875098400,94.0491742969
3464.4015249936,94.3887111738
3465.1155401471,94.4366167404
3465.8295553007,94.2052299188
3466.5435704542,94.4000013646
3467.2575856077,94.4185689076
3467.9716007613,94.3347398618
3468.6856159148,94.3349391751
3469.3996310684,94.2606636308
3470.1136462219,94.5634439511
3470.8276613755,94.6134801308
3471.5416765290,94.1965574698
3472.2556916825,94.3845372935
3472.9697068361,94.5904698043
3473.6837219896,94.3664441890
3474.3977371432,94.5269818074
3475.1117522967,94.6829484587
3475.8257674503,94.5752056453
3476.5397826038,94.6423240181
3477.2537977573,94.6258982751
3477.9678129109,94.5302427582
3478.6818280644,94.5513918729
3479.3958432180,94.6075343708
3480.1098583715,94.6423355791
3480.8238735251,94.5788430965
3481.5378886786,94.7272933576
3482.2519038322,94.9435826326
3482.9659189857,94.6886965083
3483.6799341392,94.5970519755
3484.3939492928,94.7809526067
3485.1079644463,94.6076841146
3485.8219795999,94.4715201821
3486.5359947534,94.5874313899
3487.2500099070,94.6500332793
3487.9640250605,94.7596818206
3488.6780402140,94.7689601292
3489.3920553676,94.6906793912
3490.1060705211,94.7906062328
3490.8200856747,94.9256225575
3491.5341008282,94.9837309464
3492.2481159818,94.8790766018
3492.9621311353,94.7225324046
3493.6761462889,94.8245368863
3494.3901614424,94.8482734079
3495.1041765959,94.7649144953
3495.8181917495,94.9931945415
3496.5322069030,95.1341523201
3497.2462220566,95.0231390470
3497.9602372101,95.0385317822
3498.6742523637,94.9885946558
3499.3882675172,94.8622018573
3500.1022826707,94.9558905103
3500.8162978243,95.0991683946
3501.5303129778,95.0856726221
3502.2443281314,95.0617360742
3502.9583432849,95.1454595492
3503.6723584385,95.1706239405
3504.3863735920,95.1507081317
3505.1003887456,95.1847790523
3505.8144038991,95.0461727034
3506.5284190526,94.9779039359
3507.2424342062,95.2030311915
3507.9564493597,95.1734971717
3508.6704645133,95.1229632223
3509.3844796668,95.5027740714
3510.0984948204,95.4983728259
3510.8125099739,95.2732667057
3511.5265251274,95.4104543130
3512.2405402810,95.3080706079
3512.9545554345,95.1597599025
3513.6685705881,95.4640879024
3514.3825857416,95.5018393183
3515.0966008952,95.2874767683
3515.8106160487,95.3642311712
3516.5246312022,95.3650202738
3517.2386463558,95.3259493115
3517.9526615093,95.5431672521
3518.6666766629,95.5636464928
3519.3806918164,95.4229679245
3520.0947069700,95.5346635786
3520.8087221235,95.6081771749
3521.5227372771,95.5833937150
3522.2367524306,95.7508904250
3522.9507675841,95.8203922910
3523.6647827377,95.6259577386
3524.3787978912,95.5851206972
3525.0928130448,95.6171523998
3525.8068281983,95.5696006495
3526.5208433519,95.6009185698
3527.2348585054,95.6616728843
3527.9488736589,95.6943485283
3528.6628888125,95.7415290086
3529.3769039660,95.7368003975
3530.0909191196,95.7952152599
3530.8049342731,95.8927222046
3531.5189494267,95.7434280148
3532.2329645802,95.5971629407
3532.9469797338,95.8017554609
3533.6609948873,95.9728649378
3534.3750100408,95.7986101161
3535.0890251944,95.7555412537
3535.8030403479,95.9716264213
3536.5170555015,95.9434251316
3537.2310706550,95.8707866444
3537.9450858086,96.0568786840
3538.6591009621,96.0329853408
3539.3731161156,95.8902760808
3540.0871312692,96.0693687289
3540.8011464227,96.0890694226
3541.5151615763,96.0852050592
3542.2291767298,96.0776851788
3542.9431918834,96.0384336673
3543.6572070369,96.0851502075
3544.3712221904,96.1443874311
3545.0852373440,96.1553970768
3545.7992524975,96.2132566096
3546.5132676511,96.2573255648
3547.2272828046,96.3258532424
3547.9412979582,96.3782160075
3548.6553131117,96.3185152574
3549.3693282653,96.3213228469
3550.0833434188,96.3762065898
3550.7973585723,96.3540940923
3551.5113737259,96.4147207490
3552.2253888794,96.4991843847
3552.9394040330,96.4966970054
3553.6534191865,96.5466593192
3554.3674343401,96.4612035546
3555.0814494936,96.2792424903
3555.7954646471,96.3451785308
3556.5094798007,96.5893761041
3557.2234949542,96.6447960181
3557.9375101078,96.5236384976
3558.6515252613,96.5689815723
3559.3655404149,96.7019366221
3560.0795555684,96.6142825705
3560.7935707220,96.6155190648
3561.5075858755,96.7924461405
3562.2216010290,96.7267048840
3562.9356161826,96.7831682814
3563.6496313361,97.0666121052
3564.3636464897,96.8503968236
3565.0776616432,96.5842530109
3565.7916767968,96.7559220312
3566.5056919503,96.6807106476
3567.2197071038,96.5329367925
3567.9337222574,96.6164005047
3568.6477374109,96.4692100297
3569.3617525645,96.6384336315
3570.0757677180,96.7803146709
3570.7897828716,96.6222439289
3571.5037980251,96.8649057579
3572.2178131786,97.1756726627
3572.9318283322,96.9890622821
3573.6458434857,96.9689971278
3574.3598586393,97.1653471374
3575.0738737928,97.0447600994
3575.7878889464,96.9835113097
3576.5019040999,97.1512440066
3577.2159192535,97.2619363749
3577.9299344070,97.2341862072
3578.6439495605,97.1117148304
3579.3579647141,97.0899757214
3580.0719798676,97.2799569474
3580.7859950212,97.4342000460
3581.5000101747,97.4357205222
3582.2140253283,97.3585389189
3582.9280404818,97.4248638611
3583.6420556353,97.6273340157
3584.3560707889,97.5162949462
3585.0700859424,97.2730165699
3585.7841010960,97.3800612077
3586.4981162495,97.5753661617
3587.2121314031,97.2788031911
3587.9261465566,97.2931911619
3588.6401617102,97.3698591581
3589.3541768637,97.1330625842
3590.0681920172,97.3579105497
3590.7822071708,97.5305422637
3591.4962223243,97.3422542943
3592.2102374779,97.4289823482
3592.9242526314,97.7383171884
3593.6382677850,97.5058642361
3594.3522829385,97.4559158470
3595.0662980920,97.8449605145
3595.7803132456,97.7885321726
3596.4943283991,97.6177983239
3597.2083435527,97.7642174285
3597.9223587062,97.8098892223
3598.6363738598,97.7533888299
3599.3503890133,97.7033848395
3600.0644041668,97.6719423788
3600.7784193204,97.7628885912
3601.4924344739,97.7934255551
3602.2064496275,97.8155815460
3602.9204647810,97.9664734937
3603.6344799346,98.1287778048
3604.3484950881,98.2607515310
3605.0625102417,98.1699626646
3605.7765253952,98.0321471377
3606.4905405487,98.2049846618
3607.2045557023,98.0936200061
3607.9185708558,97.8010850839
3608.6325860094,97.9865109308
3609.3466011629,98.0885218605
3610.0606163165,97.9788650288
3610.7746314700,98.2042109788
3611.4886466235,98.0659274595
3612.2026617771,98.1377656507
3612.9166769306,98.3489510942
3613.6306920842,97.9601919366
3614.3447072377,98.1493821693
3615.0587223913,98.7179672507
3615.7727375448,98.3169697795
3616.4867526984,98.1058511559
3617.2007678519,98.3829648555
3617.9147830054,98.3866297536
3618.6287981590,98.2520942507
3619.3428133125,98.1737484885
3620.0568284661,98.1928740263
3620.7708436196,98.4775705271
3621.4848587732,98.4609046502
3622.1988739267,98.4635795086
3622.9128890802,98.7174367982
3623.6269042338,98.5913090717
3624.3409193873,98.5022215673
3625.0549345409,98.7492870100
3625.7689496944,98.6930602809
3626.4829648480,98.4540092268
3627.1969800015,98.3870340012
3627.9109951551,98.2489657117
3628.6250103086,98.3627328390
3629.3390254621,98.7552839872
3630.0530406157,98.5830762864
3630.7670557692,98.5125024900
3631.4810709228,98.6149765215
3632.1950860763,98.6799191146
3632.9091012299,98.5241368292
3633.6231163834,98.5141004641
3634.3371315369,98.7938419119
3635.0511466905,98.9314698585
3635.7651618440,99.1380899479
3636.4791769976,99.3552022913
3637.1931921511,99.2145578265
3637.9072073047,99.0540326499
3638.6212224582,99.0583340946
3639.3352376117,99.1261153095
3640.0492527653,99.3513776331
3640.7632679188,99.4621988520
3641.4772830724,99.4707357961
3642.1912982259,99.5864245745
3642.9053133795,99.5040291772
3643.6193285330,99.5399150441
3644.3333436866,99.7585195789
3645.0473588401,99.5526256050
3645.7613739936,99.4375867978
3646.4753891472,99.8241545703
3647.1894043007,99.7355025660
3647.9034194543,99.2573858340
3648.6174346078,99.4722205070
3649.3314497614,99.2784846166
3650.0454649149,99.1326537689
3650.7594800684,99.8948401682
3651.4734952220,99.8310079282
3652.1875103755,99.3563181410
3652.9015255291,99.4722276245
3653.6155406826,99.5352566989
3654.3295558362,99.3678032412
3655.0435709897,99.2670577224
3655.7575861433,99.4756744777
3656.4716012968,99.6298878264
3657.1856164503,99.4670606889
3657.8996316039,99.6207893513
3658.6136467574,99.7254371074
3659.3276619110,99.8246802195
3660.0416770645,99.8700069851
3660.7556922181,99.5975151629
3661.4697073716,99.5670149278
3662.1837225251,99.8485525664
3662.8977376787,99.8407233445
3663.6117528322,99.8659972873
3664.3257679858,99.8940586713
3665.0397831393,99.8502239082
3665.7537982929,99.9349512298
3666.4678134464,99.9548338802
3667.1818285999,99.7974374423
3667.8958437535,99.8385941222
3668.6098589070,99.9322056659
3669.3238740606,99.7387301362
3670.0378892141,99.8098906794
3670.7519043677,100.0248600705
3671.4659195212,99.7966017070
3672.1799346748,99.8444894128
3672.8939498283,99.7880341357
3673.6079649818,99.6584362605
3674.3219801354,99.6284777783
3675.0359952889,99.5742576693
3675.7500104425,99.5792123834
3676.4640255960,99.6924270039
3677.1780407496,99.6783471678
3677.8920559031,99.6425748030
3678.6060710566,99.5343230215
3679.3200862102,99.4762777755
3680.0341013637,99.5491656314
3680.7481165173,99.4874092233
3681.4621316708,99.4703923182
3682.1761468244,99.6145469619
3682.8901619779,99.6385137781
3683.6041771315,99.7184461850
3684.3181922850,99.7219412925
3685.0322074385,99.5748504992
3685.7462225921,99.6814783879
3686.4602377456,99.6529832716
3687.1742528992,99.2873770934
3687.8882680527,99.3377727284
3688.6022832063,99.7699521134
3689.3162983598,99.3094643541
3690.0303135133,99.4436478196
3690.7443286669,99.6055296703
3691.4583438204,99.3608590138
3692.1723589740,99.3666656284
3692.8863741275,99.5328745180
3693.6003892811,99.4752373383
3694.3144044346,99.4677798432
3695.0284195881,99.6240437076
3695.7424347417,99.6174279292
3696.4564498952,99.5439139229
3697.1704650488,99.6596705101
3697.8844802023,99.6657235241
3698.5984953559,99.5294492862
3699.3125105094,99.4938930467
3700.0265256630,99.4829064128
3700.7405408165,99.5037721384
3701.4545559700,99.6134426786
3702.1685711236,99.4359892748
3702.8825862771,99.4255508599
3703.5966014307,99.6559010794
3704.3106165842,99.6798221269
3705.0246317378,99.5370980474
3705.7386468913,99.5361861161
3706.4526620448,99.6429060787
3707.1666771984,99.6739759488
3707.8806923519,99.6102644534
3708.5947075055,99.6351992934
3709.3087226590,99.8281880654
3710.0227378126,99.6024303514
3710.7367529661,99.3968051387
3711.4507681197,99.4423125759
3712.1647832732,99.7780340591
3712.8787984267,99.4732204690
3713.5928135803,99.5182457598
3714.3068287338,99.5030296706
3715.0208438874,99.4483231656
3715.7348590409,99.4520402449
3716.4488741945,99.4325455561
3717.1628893480,99.5256879073
3717.8769045015,99.7207434564
3718.5909196551,99.6248999871
3719.3049348086,99.4210565361
3720.0189499622,99.5150459093
3720.7329651157,99.5912537918
3721.4469802693,99.6390391216
3722.1609954228,99.6742044342
3722.8750105763,99.3438851805
3723.5890257299,99.3679435339
3724.3030408834,99.5252685915
3725.0170560370,99.4285066861
3725.7310711905,99.4480703965
3726.4450863441,99.5555533748
3727.1591014976,99.5528698148
3727.8731166512,99.6639763788
3728.5871318047,99.6130272185
3729.3011469582,99.6512483453
3730.0151621118,99.8785047711
3730.7291772653,99.5904810449
3731.4431924189,99.3723594846
3732.1572075724,99.8550652060
3732.8712227260,99.4203337875
3733.5852378795,99.3860244949
3734.2992530330,99.6748831968
3735.0132681866,99.3774555880
3735.7272833401,99.2150412610
3736.4412984937,99.4435636971
3737.1553136472,99.3097415587
3737.8693288008,99.6129322763
3738.5833439543,99.7161074183
3739.2973591079,99.5024537320
3740.0113742614,99.6715944574
3740.7253894149,99.7342018081
3741.4394045685,99.6029093862
3742.1534197220,99.6043118637
3742.8674348756,99.3828865583
3743.5814500291,99.1268825011
3744.2954651827,100.6414439204
3745.0094803362,99.4651191130
3745.7234954897,99.4726759322
3746.4375106433,99.7928047099
3747.1515257968,99.6490922088
3747.8655409504,99.2973929278
3748.5795561039,98.9129255957
3749.2935712575,99.0245306087
3750.0075864110,99.0871539434
3750.7216015645,99.1501918006
3751.4356167181,99.2506214980
3752.1496318716,99.5663914408
3752.8636470252,99.2382972266
3753.5776621787,99.4829483725
3754.2916773323,99.4617461435
3755.0056924858,99.4179593049
3755.7197076394,99.4551220344
3756.4337227929,99.3514099218
3757.1477379464,99.4083320608
3757.8617531000,99.4703788685
3758.5757682535,99.3612722275
3759.2897834071,99.5147256269
3760.0037985606,99.6268247895
3760.7178137142,99.5490085350
3761.4318288677,99.5727029580
3762.1458440212,99.4891253516
3762.8598591748,99.5877076018
3763.5738743283,99.6234660406
3764.2878894819,99.4444479801
3765.0019046354,99.6591304576
3765.7159197890,99.8395293191
3766.4299349425,99.4723006171
3767.1439500961,99.5745225164
3767.8579652496,99.5407777589
3768.5719804031,99.4150978488
3769.2859955567,99.6590686621
3770.0000107102,99.6826793590
3770.7140258638,99.4147018760
3771.4280410173,99.5750646364
3772.1420561709,99.5904033785
3772.8560713244,99.6082244194
3773.5700864779,99.6452997983
3774.2841016315,99.7327127331
3774.9981167850,99.8789583135
3775.7121319386,99.6691818313
3776.4261470921,99.5289364482
3777.1401622457,99.7186810283
3777.8541773992,99.6394148526
3778.5681925528,99.5731319488
3779.2822077063,99.8312749893
3779.9962228598,99.6442229463
3780.7102380134,99.4861956261
3781.4242531669,99.5887107244
3782.1382683205,99.6670607789
3782.8522834740,99.5637182844
3783.5662986276,99.3846759868
3784.2803137811,99.4850732303
3784.9943289346,99.6149976111
3785.7083440882,99.5130462620
3786.4223592417,99.5735336819
3787.1363743953,99.6415648360
3787.8503895488,99.6221127647
3788.5644047024,99.6647430300
3789.2784198559,99.6158108529
3789.9924350094,99.6637000739
3790.7064501630,99.7898190518
3791.4204653165,99.7756386965
3792.1344804701,99.8852420483
3792.8484956236,99.9351460205
3793.5625107772,99.8017330543
3794.2765259307,99.7686514806
3794.9905410843,99.6485509648
3795.7045562378,99.6956319170
3796.4185713913,100.1280810585
3797.1325865449,99.9389456105
3797.8466016984,99.7977759886
3798.5606168520,99.8454678628
3799.2746320055,99.6400335082
3799.9886471591,99.6123067574
3800.7026623126,99.7350832411
3801.4166774661,99.6931675263
3802.1306926197,99.7227538049
3802.8447077732,99.7800786541
3803.5587229268,99.6068288038
3804.2727380803,99.7223743756
3804.9867532339,99.5595573132
3805.7007683874,99.2148088307
3806.4147835410,99.4475242404
3807.1287986945,99.7757910567
3807.8428138480,99.4116466042
3808.5568290016,99.5770994230
3809.2708441551,99.7169622262
3809.9848593087,99.7491747512
3810.6988744622,99.7563390535
3811.4128896158,99.7182840962
3812.1269047693,99.6722858988
3812.8409199228,99.6861335744
3813.5549350764,99.7490667464
3814.2689502299,99.6762430546
3814.9829653835,99.5384551481
3815.6969805370,100.0354207053
3816.4109956906,100.2628448666
3817.1250108441,99.8525363580
3817.8390259976,99.8000227764
3818.5530411512,99.5765527397
3819.2670563047,99.3796436238
3819.9810714583,99.2787946824
3820.6950866118,99.4254257042
3821.4091017654,99.7942675959
3822.1231169189,99.6482012258
3822.8371320725,99.5510560163
3823.5511472260,99.6858947822
3824.2651623795,99.7237819097
3824.9791775331,99.5121576113
3825.6931926866,99.4356737623
3826.4072078402,99.7208345904
3827.1212229937,99.8853858586
3827.8352381473,99.6806295366
3828.5492533008,99.6735616296
3829.2632684543,99.8651513049
3829.9772836079,99.8486941720
3830.6912987614,99.7489891983
3831.4053139150,99.7815918521
3832.1193290685,99.7158644599
3832.8333442221,99.7225951253
3833.5473593756,99.6156224809
3834.2613745292,99.6060298997
3834.9753896827,100.1104993483
3835.6894048362,99.7714988181
3836.4034199898,99.3053214331
3837.1174351433,99.3903208712
3837.8314502969,100.0834056056
3838.5454654504,99.4542600206
3839.2594806040,99.4592730550
3839.9734957575,99.5208982595
3840.6875109110,99.5982820048
3841.4015260646,99.4145000585
3842.1155412181,99.3308062448
3842.8295563717,99.5958671128
3843.5435715252,99.7098028065
3844.2575866788,99.4784596379
3844.9716018323,99.6854761756
3845.6856169858,99.8020551133
3846.3996321394,99.8724780567
3847.1136472929,100.0336216850
3847.8276624465,99.7899696792
3848.5416776000,99.7156392341
3849.2556927536,100.0791225085
3849.9697079071,99.8601844959
3850.6837230607,99.4816986843
3851.3977382142,99.5976640627
3852.1117533677,99.5711583863
3852.8257685213,99.0692740009
3853.5397836748,99.4932682208
3854.2537988284,100.8820634811
3854.9678139819,99.3029012841
3855.6818291355,99.5310796878
3856.3958442890,99.3970912655
3857.1098594425,99.3633845055
3857.8238745961,99.5353327338
3858.5378897496,99.5739576756
3859.2519049032,99.7054089715
3859.9659200567,99.7710523439
3860.6799352103,99.6527985562
3861.3939503638,99.7638362439
3862.1079655174,99.8479326879
3862.8219806709,99.6085981048
3863.5359958244,99.5558935640
3864.2500109780,99.7289346654
3864.9640261315,99.9672802911
3865.6780412851,99.6697456605
3866.3920564386,99.5540832426
3867.1060715922,99.5951283825
3867.8200867457,99.4174400129
3868.5341018992,99.2510309231
3869.2481170528,99.5501293413
3869.9621322063,99.5996424502
3870.6761473599,99.3592341642
3871.3901625134,99.8055395174
3872.1041776670,99.7072274476
3872.8181928205,99.3262022210
3873.5322079740,99.3855104340
3874.2462231276,99.6311305973
3874.9602382811,99.6034804987
3875.6742534347,99.7065860879
3876.3882685882,99.7357074584
3877.1022837418,99.7794464431
3877.8162988953,99.6542502729
3878.5303140489,99.3951376307
3879.2443292024,99.4120687181
3879.9583443559,99.7555315458
3880.6723595095,99.8291400704
3881.3863746630,99.5503678703
3882.1003898166,99.5935772181
3882.8144049701,99.8365363185
3883.5284201237,99.6058322772
3884.2424352772,99.1352517191
3884.9564504307,99.2451134752
3885.6704655843,99.6326747659
3886.3844807378,99.3257923468
3887.0984958914,99.6251142043
3887.8125110449,99.7293478037
3888.5265261985,99.5596870869
3889.2405413520,99.4883933348
3889.9545565056,99.2422918805
3890.6685716591,99.2584635473
3891.3825868126,99.7743282252
3892.0966019662,99.5839525605
3892.8106171197,99.6618034794
3893.5246322733,99.8253865704
3894.2386474268,99.6947082122
3894.9526625804,99.7010865204
3895.6666777339,99.6708064921
3896.3806928874,99.5831160673
3897.0947080410,99.6040096380
3897.8087231945,99.3728658818
3898.5227383481,99.4083219642
3899.2367535016,99.9746450143
3899.9507686552,99.5048893765
3900.6647838087,99.4344581307
3901.3787989623,99.7844140369
3902.0928141158,99.2804316145
3902.8068292693,99.0866539627
3903.5208444229,99.3661575510
3904.2348595764,99.0610568195
3904.9488747300,99.0792058204
3905.6628898835,99.4566252959
3906.3769050371,99.3418389048
3907.0909201906,99.4747761489
3907.8049353441,99.7415304107
3908.5189504977,99.5985345891
3909.2329656512,99.5175476496
3909.9469808048,99.6236651289
3910.6609959583,99.6160943625
3911.3750111119,99.6093670127
3912.0890262654,99.6784066703
3912.8030414189,99.7601330062
3913.5170565725,99.7081607637
3914.2310717260,99.5353385173
3914.9450868796,99.4780363436
3915.6591020331,99.4063072541
3916.3731171867,99.3236680299
3917.0871323402,99.5868155196
3917.8011474938,99.6946708539
3918.5151626473,99.5617577258
3919.2291778008,99.5424274553
3919.9431929544,99.5697726719
3920.6572081079,99.5661994025
3921.3712232615,99.6844469907
3922.0852384150,99.6782356677
3922.7992535686,99.6002845985
3923.5132687221,99.6245203610
3924.2272838756,99.6347586047
3924.9412990292,99.6503653389
3925.6553141827,99.6394383695
3926.3693293363,99.6277732403
3927.0833444898,99.6754844546
3927.7973596434,99.6372485151
3928.5113747969,99.6258711189
3929.2253899505,99.7250537527
3929.9394051040,99.5870791154
3930.6534202575,99.4295846751
3931.3674354111,99.5122259467
3932.0814505646,99.5341655471
3932.7954657182,99.5622490484
3933.5094808717,99.6781173155
3934.2234960253,99.6382245995
3934.9375111788,99.5916479728
3935.6515263323,99.5477581474
3936.3655414859,99.4751264257
3937.0795566394,99.6415599128
3937.7935717930,99.7386597705
3938.5075869465,99.5683438344
3939.2216021001,99.5713779680
3939.9356172536,99.6767759023
3940.6496324071,99.6400242874
3941.3636475607,99.6263821788
3942.0776627142,99.6637078266
3942.7916778678,99.6153811259
3943.5056930213,99.5193956079
3944.2197081749,99.5884704221
3944.9337233284,99.6978845300
3945.6477384820,99.6432533365
3946.3617536355,99.5578101844
3947.0757687890,99.5511504976
3947.7897839426,99.5041936024
3948.5037990961,99.4841883829
3949.2178142497,99.5136327581
3949.9318294032,99.5375502882
3950.6458445568,99.5841265647
3951.3598597103,99.5824963437
3952.0738748638,99.5751387930
3952.7878900174,99.5814664717
3953.5019051709,99.5211665981
3954.2159203245,99.5915532335
3954.9299354780,99.6972693467
3955.6439506316,99.6187096495
3956.3579657851,99.6471148894
3957.0719809387,99.7101243202
3957.7859960922,99.6159252583
3958.5000112457,99.6519062557
3959.2140263993,99.6411192644
3959.9280415528,99.4706687724
3960.6420567064,99.5484752822
3961.3560718599,99.7559275815
3962.0700870135,99.7712266059
3962.7841021670,99.7248514311
3963.4981173205,99.6491171122
3964.2121324741,99.5486195136
3964.9261476276,99.5641426322
3965.6401627812,99.6166413182
3966.3541779347,99.6215279071
3967.0681930883,99.6282440927
3967.7822082418,99.6410193029
3968.4962233953,99.6483036482
3969.2102385489,99.6840897634
3969.9242537024,99.7182710392
3970.6382688560,99.6336300835
3971.3522840095,99.5553598442
3972.0662991631,99.6832911568
3972.7803143166,99.7356262703
3973.4943294702,99.5983384069
3974.2083446237,99.6284183428
3974.9223597772,99.7029531276
3975.6363749308,99.5938271780
3976.3503900843,99.5930808744
3977.0644052379,99.6764218489
3977.7784203914,99.6237989129
3978.4924355450,99.5963662116
3979.2064506985,99.6250729630
3979.9204658520,99.6628347369
3980.6344810056,99.7836175607
3981.3484961591,99.8136395251
3982.0625113127,99.7125730257
3982.7765264662,99.6859126332
3983.4905416198,99.6438940904
3984.2045567733,99.5729065364
3984.9185719269,99.6647269198
3985.6325870804,99.7570922976
3986.3466022339,99.6717068209
3987.0606173875,99.5925499290
3987.7746325410,99.6337956742
3988.4886476946,99.6956302705
3989.2026628481,99.6896256797
3989.9166780017,99.6622998610
3990.6306931552,99.6887633177
3991.3447083087,99.6884880483
3992.0587234623,99.6276740628
3992.7727386158,99.6248077123
3993.4867537694,99.6818804096
3994.2007689229,99.7087857021
3994.9147840765,99.6821680851
3995.6287992300,99.6159477791
3996.3428143835,99.5744438092
3997.0568295371,99.6004677757
3997.7708446906,99.6451242949
3998.4848598442,99.6633654490
3999.1988749977,99.6786571717
3999.9128901513,99.6948900896