399.8484859844,70.1326805044
400.5625011380,67.7447276923
401.2765162915,63.4330611715
401.9905314450,50.4645242169
402.7045465986,63.5886325542
403.4185617521,71.1956157152
404.1325769057,61.8682127967
404.8465920592,71.4562091581
405.5606072128,74.0244103305
406.2746223663,63.3029614114
406.9886375199,67.2362670031
407.7026526734,65.4489919551
408.4166678269,65.7896094903
409.1306829805,75.5781415909
409.8446981340,77.1130092639
410.5587132876,68.8005358158
411.2727284411,65.3486059492
411.9867435947,66.5453659142
412.7007587482,67.2166073373
413.4147739017,72.0426717945
414.1287890553,78.9670769437
414.8428042088,67.6419883759
415.5568193624,65.3906396148
416.2708345159,76.1107744847
416.9848496695,69.1136707742
417.6988648230,59.9511303850
418.4128799766,80.1621758599
419.1268951301,88.3702317245
419.8409102836,71.6200030996
420.5549254372,68.2453488501
421.2689405907,68.1382539663
421.9829557443,69.6201470144
422.6969708978,68.9350106580
423.4109860514,67.5417601240
424.1250012049,71.1073225009
424.8390163584,70.3217341259
425.5530315120,66.4547770467
426.2670466655,66.7646134294
426.9810618191,70.2540376461
427.6950769726,72.8341105661
428.4090921262,70.4109251850
429.1231072797,71.4122376595
429.8371224332,72.9861026486
430.5511375868,66.1947406921
431.2651527403,65.5354767678
431.9791678939,72.0005336262
432.6931830474,71.7706302684
433.4071982010,70.2034699390
434.1212133545,69.1449520386
434.8352285081,68.7992137358
435.5492436616,73.4510709935
436.2632588151,74.0481661890
436.9772739687,71.9226520244
437.6912891222,73.0980936124
438.4053042758,70.1013681882
439.1193194293,67.7566119819
439.8333345829,69.8088862213
440.5473497364,69.8663636442
441.2613648899,70.6688042072
441.9753800435,71.2627849289
442.6893951970,70.5023661439
443.4034103506,72.8349259120
444.1174255041,72.7434484388
444.8314406577,69.9250052357
445.5454558112,70.7013127704
446.2594709648,72.4956959311
446.9734861183,72.2012258185
447.6875012718,71.4041790061
448.4015164254,70.7163426756
449.1155315789,69.9516639213
449.8295467325,70.1044087286
450.5435618860,73.0954820131
451.2575770396,75.0362524481
451.9715921931,73.1985799495
452.6856073466,71.9535657419
453.3996225002,72.5559868793
454.1136376537,72.9366799436
454.8276528073,71.8043344272
455.5416679608,68.6394013724
456.2556831144,69.9822991843
456.9696982679,73.8650853105
457.6837134214,71.3407355610
458.3977285750,69.0323120865
459.1117437285,71.4864778381
459.8257588821,73.0611400909
460.5397740356,73.2020847287
461.2537891892,71.0502035716
461.9678043427,70.2686995614
462.6818194963,71.8754636555
463.3958346498,70.3116521756
464.1098498033,70.1348392974
464.8238649569,72.9384906408
465.5378801104,71.5454037728
466.2518952640,69.1931556407
466.9659104175,70.0427869168
467.6799255711,71.3300317075
468.3939407246,72.1673468289
469.1079558781,72.3370809467
469.8219710317,71.9295532710
470.5359861852,69.8479919977
471.2500013388,68.2082088987
471.9640164923,70.1066859467
472.6780316459,71.9598636394
473.3920467994,70.4960370889
474.1060619530,70.7980823982
474.8200771065,69.8391130649
475.5340922600,68.6058659251
476.2481074136,69.5905534309
476.9621225671,68.9776395470
477.6761377207,69.0312397754
478.3901528742,70.8835070018
479.1041680278,70.6983645655
479.8181831813,70.3772177752
480.5321983348,70.0838140490
481.2462134884,68.5408254588
481.9602286419,69.6790089625
482.6742437955,71.5124850062
483.3882589490,69.9971829631
484.1022741026,67.7416141199
484.8162892561,68.3147015676
485.5303044097,68.9375531096
486.2443195632,68.2012172019
486.9583347167,68.9680182481
487.6723498703,70.4155027147
488.3863650238,68.7567149657
489.1003801774,67.5891585602
489.8143953309,69.5633226653
490.5284104845,70.3744372725
491.2424256380,69.6409566680
491.9564407915,69.5846540756
492.6704559451,69.5495907373
493.3844710986,69.4007523987
494.0984862522,68.9487469726
494.8125014057,68.8472660791
495.5265165593,69.4181172975
496.2405317128,68.9190919160
496.9545468663,68.2089214622
497.6685620199,68.7851653059
498.3825771734,69.4193133853
499.0965923270,69.2188358030
499.8106074805,68.8343353407
500.5246226341,68.8768944957
501.2386377876,69.2211483608
501.9526529412,69.1830278335
502.6666680947,68.8135772396
503.3806832482,68.7179662825
504.0946984018,69.1467147184
504.8087135553,69.6807146570
505.5227287089,69.4223119258
506.2367438624,69.4815544615
506.9507590160,69.1492506994
507.6647741695,67.8347026860
508.3787893230,68.3852065627
509.0928044766,69.3637877753
509.8068196301,68.3660203193
510.5208347837,68.5299424533
511.2348499372,69.5762410350
511.9488650908,69.1748914563
512.6628802443,68.9150127970
513.3768953979,68.6481412198
514.0909105514,68.4746193208
514.8049257049,69.2697979528
515.5189408585,68.9252153328
516.2329560120,68.1344728859
516.9469711656,68.6008209011
517.6609863191,68.5169628152
518.3750014727,68.2976085278
519.0890166262,68.7171637019
519.8030317797,68.6553371279
520.5170469333,68.6981357139
521.2310620868,68.8983960201
521.9450772404,68.4233231678
522.6590923939,68.2331351477
523.3731075475,68.2021762999
524.0871227010,67.7153815312
524.8011378545,68.0127778472
525.5151530081,68.7531656642
526.2291681616,67.8765896343
526.9431833152,67.1804325543
527.6571984687,68.0105275686
528.3712136223,68.3758182226
529.0852287758,67.8976140150
529.7992439294,67.9089663109
530.5132590829,67.7020770875
531.2272742364,67.4304940743
531.9412893900,67.5462082266
532.6553045435,67.1647008951
533.3693196971,66.9855727972
534.0833348506,67.1386750614
534.7973500042,66.6610509759
535.5113651577,66.6958437973
536.2253803112,67.1665584468
536.9393954648,66.7688151904
537.6534106183,66.3376723799
538.3674257719,66.2877387687
539.0814409254,66.2748311708
539.7954560790,66.1236049310
540.5094712325,65.5543542874
541.2234863861,65.5481041872
541.9375015396,65.9638251800
542.6515166931,65.4118840252
543.3655318467,64.9228356482
544.0795470002,65.2287267828
544.7935621538,65.3891529936
545.5075773073,65.7419970860
546.2215924609,66.1044236164
546.9356076144,65.7979856150
547.6496227679,65.5581358389
548.3636379215,65.3440611471
549.0776530750,65.0515177881
549.7916682286,65.4366384053
550.5056833821,65.9366540758
551.2196985357,66.0012576684
551.9337136892,66.4725104231
552.6477288427,66.6544654499
553.3617439963,66.0111277012
554.0757591498,66.0114990250
554.7897743034,66.7824298168
555.5037894569,67.2235283496
556.2178046105,67.4488840581
556.9318197640,67.5176630345
557.6458349176,67.7119635785
558.3598500711,68.3310255871
559.0738652246,68.5722812336
559.7878803782,68.9308496248
560.5018955317,69.6740462814
561.2159106853,69.4676709773
561.9299258388,69.6975675765
562.6439409924,70.9778588443
563.3579561459,70.6515847950
564.0719712994,70.0029057457
564.7859864530,71.0250027894
565.5000016065,71.3289792946
566.2140167601,70.7748909912
566.9280319136,70.7310088889
567.6420470672,70.8796940828
568.3560622207,71.6863016576
569.0700773743,72.1041805423
569.7840925278,71.1443990007
570.4981076813,71.1853470229
571.2121228349,71.7488285530
571.9261379884,71.1690447844
572.6401531420,71.0583712925
573.3541682955,71.5007860770
574.0681834491,71.2560320677
574.7821986026,70.9047667862
575.4962137561,70.9012705381
576.2102289097,71.2362963457
576.9242440632,71.4644861413
577.6382592168,71.3148439229
578.3522743703,71.4456815403
579.0662895239,71.5005425301
579.7803046774,71.0302048848
580.4943198309,70.9871253956
581.2083349845,71.1985370003
581.9223501380,70.9342526914
582.6363652916,70.8459776194
583.3503804451,71.0525748285
584.0643955987,71.2589804925
584.7784107522,71.5191133362
585.4924259058,71.3809358006
586.2064410593,71.1017361675
586.9204562128,71.2988645053
587.6344713664,71.3769314259
588.3484865199,71.2074286258
589.0625016735,71.4517467516
589.7765168270,71.5888636688
590.4905319806,71.2741962000
591.2045471341,71.3148980685
591.9185622876,71.4892345150
592.6325774412,71.2621953247
593.3465925947,71.3119800106
594.0606077483,71.4357248158
594.7746229018,71.1739100778
595.4886380554,70.9036370115
596.2026532089,70.4057969153
596.9166683625,70.1517852807
597.6306835160,70.7940536176
598.3446986695,70.8373405176
599.0587138231,70.1712663872
599.7727289766,70.4362903590
600.4867441302,70.5714733802
601.2007592837,69.7415828314
601.9147744373,69.5309411819
602.6287895908,69.8106523837
603.3428047443,69.7740728864
604.0568198979,69.6499618839
604.7708350514,69.2121256812
605.4848502050,68.7996428659
606.1988653585,68.8386023645
606.9128805121,68.7018970919
607.6268956656,68.4980605748
608.3409108192,68.4974315853
609.0549259727,68.3247087509
609.7689411262,68.3289329428
610.4829562798,68.5607367338
611.1969714333,68.5612654900
611.9109865869,68.4936827121
612.6250017404,68.4139914748
613.3390168940,68.3972557033
614.0530320475,68.4195408786
614.7670472010,68.3459048547
615.4810623546,68.6877441467
616.1950775081,69.0455920404
616.9090926617,68.7724418048
617.6231078152,68.7316407245
618.3371229688,69.0018255584
619.0511381223,69.0783576595
619.7651532758,69.0496900451
620.4791684294,68.7318809880
621.1931835829,68.8967504165
621.9071987365,69.3632980544
622.6212138900,68.6776805189
623.3352290436,68.2084675275
624.0492441971,68.8813469526
624.7632593507,69.0073049280
625.4772745042,68.8255317949
626.1912896577,68.9355441729
626.9053048113,68.7254905012
627.6193199648,68.7590939846
628.3333351184,69.0152680240
629.0473502719,69.0532266166
629.7613654255,69.1328276988
630.4753805790,68.8796991929
631.1893957325,68.7272389927
631.9034108861,69.3620270665
632.6174260396,69.7784364195
633.3314411932,69.5243444567
634.0454563467,69.3071238722
634.7594715003,69.4859928432
635.4734866538,69.7296237984
636.1875018074,69.5780495332
636.9015169609,69.6246392000
637.6155321144,69.9152714149
638.3295472680,69.7838363002
639.0435624215,69.8739137563
639.7575775751,70.2026205973
640.4715927286,69.9398357282
641.1856078822,69.7380758030
641.8996230357,69.9584377928
642.6136381892,70.1655029794
643.3276533428,70.3341958826
644.0416684963,70.5004958192
644.7556836499,70.7131062470
645.4696988034,70.6798584390
646.1837139570,70.4321192020
646.8977291105,70.6883324353
647.6117442640,71.0427674206
648.3257594176,71.0382989532
649.0397745711,71.1133379225
649.7537897247,71.2089964815
650.4678048782,71.3857340267
651.1818200318,71.4523310269
651.8958351853,71.1189641634
652.6098503389,71.3204576834
653.3238654924,71.8195930639
654.0378806459,71.6554515971
654.7518957995,71.6480247547
655.4659109530,72.0423633047
656.1799261066,72.1328832150
656.8939412601,71.9964120849
657.6079564137,71.9554939764
658.3219715672,72.1981993541
659.0359867207,72.3937512619
659.7500018743,72.3980686109
660.4640170278,72.5893564162
661.1780321814,72.5301857880
661.8920473349,72.3383115400
662.6060624885,72.5372861689
663.3200776420,72.4527906962
664.0340927956,72.4393935712
664.7481079491,72.7946787983
665.4621231026,72.5551800501
666.1761382562,72.3154118527
666.8901534097,72.5607904839
667.6041685633,73.0409172206
668.3181837168,73.6245300083
669.0321988704,72.8594991707
669.7462140239,72.3945249055
670.4602291774,72.5039054286
671.1742443310,72.6866122120
671.8882594845,72.5632568431
672.6022746381,72.4966215887
673.3162897916,72.5566768195
674.0303049452,72.8539011446
674.7443200987,72.8611787581
675.4583352522,72.5749448654
676.1723504058,72.7432899519
676.8863655593,72.8830492018
677.6003807129,72.8992207394
678.3143958664,73.0669121441
679.0284110200,72.8577335729
679.7424261735,72.7111251169
680.4564413271,72.6452784367
681.1704564806,72.4127605285
681.8844716341,72.8753659576
682.5984867877,73.1065238480
683.3125019412,72.5379603407
684.0265170948,72.6237873690
684.7405322483,72.8971429379
685.4545474019,72.8499928913
686.1685625554,73.1572247354
686.8825777089,73.1448998020
687.5965928625,72.8590460206
688.3106080160,72.8479324454
689.0246231696,72.7955251822
689.7386383231,72.9844695408
690.4526534767,73.0920480676
691.1666686302,72.9089563567
691.8806837838,73.2176538501
692.5946989373,73.3758436099
693.3087140908,72.9712986987
694.0227292444,72.9734719881
694.7367443979,73.4536046702
695.4507595515,73.7329747607
696.1647747050,73.4563198387
696.8787898586,73.2654171993
697.5928050121,73.6776152484
698.3068201656,73.8439556006
699.0208353192,73.7794775825
699.7348504727,74.0990091508
700.4488656263,74.2724963885
701.1628807798,74.3464316402
701.8768959334,74.4966103562
702.5909110869,74.4702709644
703.3049262404,74.7250141390
704.0189413940,75.0155581798
704.7329565475,74.9593984786
705.4469717011,75.1680649171
706.1609868546,75.3950538131
706.8750020082,75.3611907160
707.5890171617,75.5647242689
708.3030323153,75.7466118723
709.0170474688,75.7296208082
709.7310626223,75.9195984285
710.4450777759,76.2714263682
711.1590929294,76.4108233479
711.8731080830,76.1431300891
712.5871232365,76.0767326118
713.3011383901,76.6965503513
714.0151535436,76.9892617157
714.7291686971,76.6054004054
715.4431838507,76.7328584097
716.1571990042,77.3983091346
716.8712141578,77.5143935016
717.5852293113,77.3305065052
718.2992444649,77.5441814891
719.0132596184,77.7467436267
719.7272747720,77.8657313386
720.4412899255,78.2805881052
721.1553050790,78.2839166671
721.8693202326,77.9400706234
722.5833353861,78.1653877300
723.2973505397,78.5044673111
724.0113656932,78.5549738165
724.7253808468,78.8158249755
725.4393960003,78.9439821048
726.1534111538,78.9706411268
726.8674263074,79.3662647544
727.5814414609,79.6464778032
728.2954566145,79.8778278330
729.0094717680,80.3394330169
729.7234869216,80.4349266789
730.4375020751,80.3542741001
731.1515172287,80.6411079223
731.8655323822,80.9424642250
732.5795475357,81.1259094448
733.2935626893,81.4097078908
734.0075778428,81.7873668132
734.7215929964,81.9965199329
735.4356081499,81.8848423032
736.1496233035,82.0385621125
736.8636384570,82.5758223762
737.5776536105,82.6356326675
738.2916687641,82.5008256486
739.0056839176,82.8496064806
739.7196990712,83.1153576358
740.4337142247,83.0986010552
741.1477293783,83.1497333825
741.8617445318,83.2413655750
742.5757596853,83.4316926473
743.2897748389,83.5237853929
744.0037899924,83.4760050760
744.7178051460,83.6825306412
745.4318202995,83.7737904459
746.1458354531,83.6688427605
746.8598506066,83.8791366451
747.5738657602,84.0155983690
748.2878809137,83.9922599407
749.0018960672,84.1938888227
749.7159112208,84.2335689766
750.4299263743,84.1393900482
751.1439415279,84.1629477016
751.8579566814,84.1452376327
752.5719718350,84.2915672421
753.2859869885,84.3807540632
754.0000021420,84.2275395715
754.7140172956,84.4272146813
755.4280324491,84.6323355815
756.1420476027,84.4466690222
756.8560627562,84.5958740409
757.5700779098,84.9291074528
758.2840930633,84.8796620312
758.9981082169,84.8332348680
759.7121233704,84.9959269329
760.4261385239,85.0780047285
761.1401536775,84.8838090517
761.8541688310,84.7067209927
762.5681839846,85.0763709423
763.2821991381,85.4927159457
763.9962142917,85.2736715857
764.7102294452,85.0894244457
765.4242445987,85.3229695485
766.1382597523,85.3352811405
766.8522749058,85.3059331452
767.5662900594,85.6129918753
768.2803052129,85.6421169170
768.9943203665,85.3847256291
769.7083355200,85.5107162994
770.4223506735,85.7783803344
771.1363658271,85.8688883858
771.8503809806,85.8836964024
772.5643961342,85.8704762397
773.2784112877,86.1487371212
773.9924264413,86.4368623688
774.7064415948,86.2707274636
775.4204567484,86.3480575026
776.1344719019,86.6532975548
776.8484870554,86.6100092490
777.5625022090,86.7965538990
778.2765173625,87.0195557613
778.9905325161,86.8252638021
779.7045476696,86.9902281951
780.4185628232,87.3270523903
781.1325779767,87.1583361514
781.8465931302,86.9240280126
782.5606082838,87.0468484149
783.2746234373,87.4102100298
783.9886385909,87.4220357672
784.7026537444,87.2235280357
785.4166688980,87.6177074276
786.1306840515,87.8173461859
786.8446992051,87.4245988168
787.5587143586,87.6159995226
788.2727295121,87.9995468635
788.9867446657,87.8555663698
789.7007598192,87.7571904762
790.4147749728,87.9259260338
791.1287901263,88.2431640809
791.8428052799,88.2222982313
792.5568204334,87.8548743689
793.2708355869,88.0816002658
793.9848507405,88.4099707604
794.6988658940,88.2176060314
795.4128810476,88.2849830288
796.1268962011,88.4448871763
796.8409113547,88.4213345503
797.5549265082,88.4302160162
798.2689416617,88.2596465191
798.9829568153,88.3539050809
799.6969719688,88.5567023645
800.4109871224,88.2183610014
801.1250022759,88.2591763181
801.8390174295,88.6985482523
802.5530325830,88.4379026661
803.2670477366,88.0397695700
803.9810628901,88.2301871798
804.6950780436,88.4789072541
805.4090931972,88.2431476821
806.1231083507,88.0456795448
806.8371235043,88.4761907419
807.5511386578,88.5970405108
808.2651538114,88.0778457674
808.9791689649,88.1751514286
809.6931841184,88.5791286805
810.4071992720,88.3690175719
811.1212144255,88.2119023546
811.8352295791,88.5761566456
812.5492447326,88.8279294843
813.2632598862,88.3898038785
813.9772750397,87.9763380634
814.6912901933,88.4863314760
815.4053053468,88.8369524854
816.1193205003,88.2484747589
816.8333356539,88.1510981600
817.5473508074,88.8132772924
818.2613659610,88.8269723296
818.9753811145,88.1613247586
819.6893962681,88.1266566023
820.4034114216,88.6217347262
821.1174265751,88.3700906916
821.8314417287,87.8853449482
822.5454568822,88.3213946514
823.2594720358,88.6570711240
823.9734871893,88.0830055512
824.6875023429,87.7580507763
825.4015174964,88.1965113151
826.1155326499,88.4136742231
826.8295478035,87.8797033571
827.5435629570,87.6942858549
828.2575781106,88.3673085125
828.9715932641,88.4928509019
829.6856084177,87.8433099284
830.3996235712,88.0006512945
831.1136387248,88.7896430621
831.8276538783,88.6751954163
832.5416690318,88.0480826568
833.2556841854,88.3939117799
833.9696993389,89.0194642245
834.6837144925,88.5970273429
835.3977296460,88.3458324897
836.1117447996,89.0358847840
836.8257599531,89.2750823743
837.5397751066,88.8390419308
838.2537902602,88.6987816972
838.9678054137,89.0805368243
839.6818205673,89.4029455367
840.3958357208,88.9889087190
841.1098508744,88.8407644665
841.8238660279,89.5749599263
842.5378811815,89.5290560581
843.2518963350,88.7837850435
843.9659114885,89.0576298506
844.6799266421,89.6817524781
845.3939417956,89.3920174231
846.1079569492,88.8196503006
846.8219721027,89.0295200021
847.5359872563,89.5276111860
848.2500024098,89.1175884385
848.9640175633,88.6532683252
849.6780327169,89.0745671084
850.3920478704,89.2897254507
851.1060630240,88.9590436500
851.8200781775,88.8842382852
852.5340933311,89.1333780819
853.2481084846,89.2645251979
853.9621236381,88.9988868858
854.6761387917,89.1156803378
855.3901539452,89.7331170048
856.1041690988,89.5520983243
856.8181842523,89.2280657105
857.5321994059,89.7187655073
858.2462145594,89.8287738908
858.9602297130,89.5080308434
859.6742448665,89.5692561651
860.3882600200,89.7783971944
861.1022751736,89.9508719931
861.8162903271,89.8393416278
862.5303054807,89.7345514878
863.2443206342,90.0508519702
863.9583357878,90.0072675453
864.6723509413,89.7771187715
865.3863660948,90.0113592172
866.1003812484,90.0047178986
866.8143964019,89.7700683634
867.5284115555,89.7998131928
868.2424267090,89.9289624036
868.9564418626,90.0528637414
869.6704570161,89.8505112296
870.3844721697,89.6472300968
871.0984873232,89.9430619954
871.8125024767,89.8650884959
872.5265176303,89.4378514933
873.2405327838,89.5966950862
873.9545479374,89.8183437277
874.6685630909,89.5951776013
875.3825782445,89.3972734715
876.0965933980,89.5118819558
876.8106085515,89.6380290718
877.5246237051,89.3927990514
878.2386388586,89.3256896382
878.9526540122,89.6903450643
879.6666691657,89.6207617292
880.3806843193,89.3384989140
881.0946994728,89.4346603698
881.8087146264,89.4517862669
882.5227297799,89.4620247512
883.2367449334,89.6509991032
883.9507600870,89.6418814320
884.6647752405,89.5818729799
885.3787903941,89.5614801454
886.0928055476,89.4830398960
886.8068207012,89.6181624319
887.5208358547,89.7573095794
888.2348510082,89.5739187045
888.9488661618,89.4770623580
889.6628813153,89.7085844820
890.3768964689,89.8633643718
891.0909116224,89.7337792013
891.8049267760,89.6657062777
892.5189419295,89.7999833409
893.2329570830,89.7516833281
893.9469722366,89.4759942350
894.6609873901,89.3559921509
895.3750025437,89.3333284568
896.0890176972,89.2065968632
896.8030328508,89.1877622159
897.5170480043,89.2063141138
898.2310631579,88.9654158034
898.9450783114,88.7930209379
899.6590934649,88.9114801020
900.3731086185,88.9601391403
901.0871237720,88.9093515932
901.8011389256,88.8420949299
902.5151540791,88.7154031526
903.2291692327,88.7579353374
903.9431843862,88.8221453248
904.6571995397,88.6852616535
905.3712146933,88.6511874827
906.0852298468,88.6871803807
906.7992450004,88.6725972252
907.5132601539,88.6927026480
908.2272753075,88.5731319158
908.9412904610,88.4977401360
909.6553056146,88.5970433741
910.3693207681,88.5380723278
911.0833359216,88.5054533336
911.7973510752,88.5296911085
912.5113662287,88.3373842621
913.2253813823,88.3120012393
913.9393965358,88.4255746250
914.6534116894,88.2877287579
915.3674268429,88.1906714177
916.0814419964,88.1536505577
916.7954571500,88.0293562318
917.5094723035,88.0285833939
918.2234874571,88.0390101701
918.9375026106,88.0180440995
919.6515177642,88.0116961179
920.3655329177,87.8333178365
921.0795480712,87.7624875067
921.7935632248,87.8890787447
922.5075783783,87.7624548064
923.2215935319,87.5695114871
923.9356086854,87.6018789764
924.6496238390,87.6078607391
925.3636389925,87.5350101431
926.0776541461,87.4809508255
926.7916692996,87.4506371145
927.5056844531,87.4772137426
928.2196996067,87.5784106127
928.9337147602,87.7822634796
929.6477299138,87.8484229113
930.3617450673,87.6890647885
931.0757602209,87.7926066600
931.7897753744,88.0148129808
932.5037905279,87.8840118657
933.2178056815,87.9154201342
933.9318208350,88.2205449599
934.6458359886,88.2301177016
935.3598511421,88.1928757628
936.0738662957,88.2970178257
936.7878814492,88.2676589234
937.5018966028,88.3047888566
938.2159117563,88.4081523039
938.9299269098,88.4185199105
939.6439420634,88.5178730446
940.3579572169,88.5373476890
941.0719723705,88.4028188767
941.7859875240,88.3952591200
942.5000026776,88.4513401606
943.2140178311,88.4776259599
943.9280329846,88.4112465994
944.6420481382,88.2620177294
945.3560632917,88.2989183711
946.0700784453,88.3110128819
946.7840935988,88.1813766087
947.4981087524,88.2943241097
948.2121239059,88.3658510034
948.9261390594,88.2074481605
949.6401542130,88.2242157311
950.3541693665,88.2717239745
951.0681845201,88.2777051160
951.7821996736,88.3974589133
952.4962148272,88.3513671614
953.2102299807,88.2383341354
953.9242451343,88.3096976007
954.6382602878,88.3193410037
955.3522754413,88.1756692945
956.0662905949,88.0569481811
956.7803057484,88.1184382401
957.4943209020,88.1802105903
958.2083360555,87.9393432089
958.9223512091,87.7118251830
959.6363663626,87.7054266994
960.3503815161,87.6127172336
961.0643966697,87.5114923267
961.7784118232,87.5093205530
962.4924269768,87.3652932493
963.2064421303,87.0784756836
963.9204572839,86.8946260111
964.6344724374,86.8774810810
965.3484875910,86.7425233876
966.0625027445,86.4559119733
966.7765178980,86.3227576242
967.4905330516,86.1838844812
968.2045482051,85.9215865338
968.9185633587,85.7087669517
969.6325785122,85.3979286318
970.3465936658,85.0995930847
971.0606088193,84.9593812231
971.7746239728,84.7377052572
972.4886391264,84.5364553811
973.2026542799,84.3489317783
973.9166694335,84.1026607561
974.6306845870,84.1390841967
975.3446997406,84.2190900813
976.0587148941,84.0588640727
976.7727300476,84.0090658242
977.4867452012,84.0591685916
978.2007603547,84.1562987990
978.9147755083,84.3355639039
979.6287906618,84.3612237217
980.3428058154,84.4183109020
981.0568209689,84.5758755101
981.7708361225,84.5806617913
982.4848512760,84.6626263079
983.1988664295,84.8235970495
983.9128815831,84.8074546408
984.6268967366,84.7368990306
985.3409118902,84.7063827904
986.0549270437,84.7381380092
986.7689421973,84.6697014863
987.4829573508,84.3708412007
988.1969725043,84.1821417992
988.9109876579,84.0584199122
989.6250028114,83.7769556454
990.3390179650,83.5953335201
991.0530331185,83.4420484095
991.7670482721,83.1843590221
992.4810634256,83.0277734357
993.1950785792,82.9173418685
993.9090937327,82.8069982693
994.6231088862,82.7327558818
995.3371240398,82.6985245319
996.0511391933,82.8072220538
996.7651543469,82.8430460508
997.4791695004,82.7584018868
998.1931846540,82.8952013250
998.9071998075,83.0459913096
999.6212149610,82.9686244019
1000.3352301146,82.9440768410
1001.0492452681,83.0666817687
1001.7632604217,83.2286136711
1002.4772755752,83.3628518196
1003.1912907288,83.5126058077
1003.9053058823,83.7286275509
1004.6193210359,83.7907506924
1005.3333361894,83.7312901707
1006.0473513429,83.8601505551
1006.7613664965,84.0589605536
1007.4753816500,84.1282563837
1008.1893968036,84.1484814306
1008.9034119571,84.1890005100
1009.6174271107,84.2180189662
1010.3314422642,84.1911788275
1011.0454574177,84.1760360607
1011.7594725713,84.1679172704
1012.4734877248,84.0829360102
1013.1875028784,84.0664561444
1013.9015180319,84.1913623541
1014.6155331855,84.2723748209
1015.3295483390,84.2042563824
1016.0435634925,84.1241697055
1016.7575786461,84.2275465179
1017.4715937996,84.3190282046
1018.1856089532,84.2297497355
1018.8996241067,84.2357413025
1019.6136392603,84.3095823282
1020.3276544138,84.3131451224
1021.0416695674,84.3475506170
1021.7556847209,84.2749832911
1022.4696998744,84.1682766696
1023.1837150280,84.1282447266
1023.8977301815,83.9825588542
1024.6117453351,83.9666564873
1025.3257604886,83.9285351586
1026.0397756422,83.5135117318
1026.7537907957,83.3043368512
1027.4678059492,83.3561440482
1028.1818211028,83.1624280770
1028.8958362563,83.0049433927
1029.6098514099,82.9863661364
1030.3238665634,82.9428963664
1031.0378817170,82.8949379468
1031.7518968705,82.6665266008
1032.4659120241,82.4774441495
1033.1799271776,82.5118606316
1033.8939423311,82.4251772124
1034.6079574847,82.3230061075
1035.3219726382,82.3446588415
1036.0359877918,82.2709436577
1036.7500029453,82.1614044845
1037.4640180989,82.1046488599
1038.1780332524,82.1230044214
1038.8920484059,82.1335032060
1039.6060635595,81.9645388260
1040.3200787130,81.8492515766
1041.0340938666,81.8909634104
1041.7481090201,81.8794707128
1042.4621241737,81.8480123469
1043.1761393272,81.7703644755
1043.8901544807,81.6732367095
1044.6041696343,81.7079574883
1045.3181847878,81.7717337910
1046.0321999414,81.8422741636
1046.7462150949,81.8470623333
1047.4602302485,81.7154519564
1048.1742454020,81.7321115388
1048.8882605556,81.7732761407
1049.6022757091,81.6271189569
1050.3162908626,81.6434791612
1051.0303060162,81.7913476654
1051.7443211697,81.7799745574
1052.4583363233,81.7203685232
1053.1723514768,81.6909090095
1053.8863666304,81.6272086610
1054.6003817839,81.5158272894
1055.3143969374,81.4575965106
1056.0284120910,81.4682631126
1056.7424272445,81.3828519084
1057.4564423981,81.3235281755
1058.1704575516,81.3676090655
1058.8844727052,81.3115017206
1059.5984878587,81.3020810686
1060.3125030123,81.3957017603
1061.0265181658,81.3544929961
1061.7405333193,81.2353013825
1062.4545484729,81.1489650046
1063.1685636264,81.2110157175
1063.8825787800,81.3561946608
1064.5965939335,81.2714030704
1065.3106090871,81.2397660697
1066.0246242406,81.4534790893
1066.7386393941,81.4722418700
1067.4526545477,81.4415369471
1068.1666697012,81.6040292971
1068.8806848548,81.6968093152
1069.5947000083,81.7454039813
1070.3087151619,81.7754318873
1071.0227303154,81.8180770128
1071.7367454689,82.0937905047
1072.4507606225,82.2721949298
1073.1647757760,82.1854725288
1073.8787909296,82.3129717842
1074.5928060831,82.5644483319
1075.3068212367,82.5854115324
1076.0208363902,82.6032184577
1076.7348515438,82.7944022838
1077.4488666973,83.0396952185
1078.1628818508,83.2243322511
1078.8768970044,83.2824011257
1079.5909121579,83.3929984419
1080.3049273115,83.6550150860
1081.0189424650,83.8024917431
1081.7329576186,83.9452627570
1082.4469727721,84.2710418001
1083.1609879256,84.3750273916
1083.8750030792,84.3481978911
1084.5890182327,84.6045261647
1085.3030333863,84.7350129696
1086.0170485398,84.6701964001
1086.7310636934,84.8669011355
1087.4450788469,85.0996393555
1088.1590940005,85.1494568447
1088.8731091540,85.1991384863
1089.5871243075,85.2736457628
1090.3011394611,85.3639536921
1091.0151546146,85.4059345287
1091.7291697682,85.3980682481
1092.4431849217,85.3639428225
1093.1572000753,85.2187291528
1093.8712152288,85.1936833036
1094.5852303823,85.3237764769
1095.2992455359,85.3130367005
1096.0132606894,85.2579500783
1096.7272758430,85.1678562321
1097.4412909965,85.0556986353
1098.1553061501,85.1036443343
1098.8693213036,84.9604145735
1099.5833364571,84.7053515765
1100.2973516107,84.8190595603
1101.0113667642,84.8391364284
1101.7253819178,84.5759097338
1102.4393970713,84.5860225418
1103.1534122249,84.6689712956
1103.8674273784,84.4638789809
1104.5814425320,84.3764848916
1105.2954576855,84.6109837398
1106.0094728390,84.7276670611
1106.7234879926,84.6488870065
1107.4375031461,84.7055115735
1108.1515182997,84.7416089112
1108.8655334532,84.6916026826
1109.5795486068,84.8046806443
1110.2935637603,84.8361718460
1111.0075789138,84.7534452385
1111.7215940674,84.7657907608
1112.4356092209,84.6795501229
1113.1496243745,84.6657222092
1113.8636395280,84.7527732542
1114.5776546816,84.5703530845
1115.2916698351,84.4896019026
1116.0056849887,84.6901510573
1116.7197001422,84.7016843564
1117.4337152957,84.5648057169
1118.1477304493,84.5297472952
1118.8617456028,84.5835941938
1119.5757607564,84.5626430336
1120.2897759099,84.4670130202
1121.0037910635,84.5408328316
1121.7178062170,84.5727248049
1122.4318213705,84.4721413205
1123.1458365241,84.5408701447
1123.8598516776,84.4840617946
1124.5738668312,84.3140696602
1125.2878819847,84.4032406082
1126.0018971383,84.4397977003
1126.7159122918,84.4148640853
1127.4299274454,84.4743980921
1128.1439425989,84.4059465843
1128.8579577524,84.3830328497
1129.5719729060,84.3354359020
1130.2859880595,84.1745616941
1131.0000032131,84.2412436385
1131.7140183666,84.2749716659
1132.4280335202,84.1274710723
1133.1420486737,84.0767742761
1133.8560638272,84.0173364066
1134.5700789808,83.9885750457
1135.2840941343,83.9224745022
1135.9981092879,83.7194865480
1136.7121244414,83.7628516896
1137.4261395950,83.8500809638
1138.1401547485,83.6841706157
1138.8541699020,83.5845181940
1139.5681850556,83.5287226440
1140.2822002091,83.4354168253
1140.9962153627,83.2912904453
1141.7102305162,83.0972195630
1142.4242456698,83.1585024437
1143.1382608233,83.1573973786
1143.8522759769,82.8355259750
1144.5662911304,82.7524067485
1145.2803062839,82.7767452168
1145.9943214375,82.5805374243
1146.7083365910,82.4475463352
1147.4223517446,82.3868169382
1148.1363668981,82.3283107810
1148.8503820517,82.1975427690
1149.5643972052,81.9524656916
1150.2784123587,81.8516535413
1150.9924275123,81.7337522949
1151.7064426658,81.5134740072
1152.4204578194,81.5054042318
1153.1344729729,81.4494282305
1153.8484881265,81.2216654940
1154.5625032800,81.1431897133
1155.2765184336,81.0851831843
1155.9905335871,80.9060211244
1156.7045487406,80.7380936712
1157.4185638942,80.6556679402
1158.1325790477,80.6249977114
1158.8465942013,80.5361124665
1159.5606093548,80.4690316832
1160.2746245084,80.4411235323
1160.9886396619,80.3268494145
1161.7026548154,80.2817577965
1162.4166699690,80.3162528392
1163.1306851225,80.2609442801
1163.8447002761,80.1791830245
1164.5587154296,80.1043705790
1165.2727305832,80.0944653579
1165.9867457367,80.1463379809
1166.7007608902,80.1005221820
1167.4147760438,80.0702160022
1168.1287911973,80.1697128345
1168.8428063509,80.2868455508
1169.5568215044,80.3327515109
1170.2708366580,80.3425154474
1170.9848518115,80.4736984322
1171.6988669651,80.5686598329
1172.4128821186,80.5636874590
1173.1268972721,80.8604208154
1173.8409124257,81.1752066428
1174.5549275792,81.1863084320
1175.2689427328,81.3749743407
1175.9829578863,81.6379224075
1176.6969730399,81.7347482942
1177.4109881934,81.8866827313
1178.1250033469,81.9388562628
1178.8390185005,81.9928840302
1179.5530336540,82.1587034033
1180.2670488076,82.1349030084
1180.9810639611,82.1644085809
1181.6950791147,82.2447331479
1182.4090942682,82.1015565094
1183.1231094218,82.0645428118
1183.8371245753,82.0706091882
1184.5511397288,81.9239683210
1185.2651548824,81.8166957269
1185.9791700359,81.7003195663
1186.6931851895,81.6509976022
1187.4072003430,81.5810897805
1188.1212154966,81.3154152616
1188.8352306501,81.2625090790
1189.5492458036,81.2926824609
1190.2632609572,81.0807847157
1190.9772761107,80.9894916836
1191.6912912643,80.9247023464
1192.4053064178,80.7432350511
1193.1193215714,80.6546021908
1193.8333367249,80.4958667601
1194.5473518784,80.3539729503
1195.2613670320,80.2744520541
1195.9753821855,79.9829548508
1196.6893973391,79.7858236098
1197.4034124926,79.7545004724
1198.1174276462,79.5321010139
1198.8314427997,79.3135639597
1199.5454579533,79.1796555473
1200.2594731068,78.9349136679
1200.9734882603,78.6756915240
1201.6875034139,78.4606076264
1202.4015185674,78.2262013876
1203.1155337210,77.9389339176
1203.8295488745,77.6692880349
1204.5435640281,77.5147584726
1205.2575791816,77.3089466377
1205.9715943351,76.9726530990
1206.6856094887,76.6964619137
1207.3996246422,76.5337215587
1208.1136397958,76.3745830110
1208.8276549493,76.0789175077
1209.5416701029,75.7325699705
1210.2556852564,75.5484228424
1210.9697004100,75.3546434443
1211.6837155635,75.0682516829
1212.3977307170,74.9238919789
1213.1117458706,74.7578092781
1213.8257610241,74.4302666894
1214.5397761777,74.2460324277
1215.2537913312,74.2069025007
1215.9678064848,74.0601562759
1216.6818216383,73.8608190945
1217.3958367918,73.7179251960
1218.1098519454,73.6196979725
1218.8238670989,73.5533385214
1219.5378822525,73.4306508888
1220.2518974060,73.2605042718
1220.9659125596,73.2059272419
1221.6799277131,73.1608910680
1222.3939428666,72.9991630760
1223.1079580202,72.9712279377
1223.8219731737,73.0436231459
1224.5359883273,72.9283325088
1225.2500034808,72.8046485503
1225.9640186344,72.8200917470
1226.6780337879,72.7999149760
1227.3920489415,72.7859476688
1228.1060640950,72.8340689889
1228.8200792485,72.8966931630
1229.5340944021,73.0281243565
1230.2481095556,73.1551632403
1230.9621247092,73.2260210280
1231.6761398627,73.3947892914
1232.3901550163,73.6373606969
1233.1041701698,73.8091346787
1233.8181853233,73.9999812520
1234.5322004769,74.2849586429
1235.2462156304,74.5128585246
1235.9602307840,74.6978939036
1236.6742459375,74.9815780347
1237.3882610911,75.1985867429
1238.1022762446,75.3086443180
1238.8162913982,75.5231578287
1239.5303065517,75.7343102063
1240.2443217052,75.8751416082
1240.9583368588,76.0539966576
1241.6723520123,76.1834910895
1242.3863671659,76.3354173357
1243.1003823194,76.5266857604
1243.8143974730,76.6077531092
1244.5284126265,76.7591526265
1245.2424277800,76.9291708724
1245.9564429336,76.9444669121
1246.6704580871,77.1091447069
1247.3844732407,77.3472477291
1248.0984883942,77.3542195090
1248.8125035478,77.3930156304
1249.5265187013,77.5480892211
1250.2405338549,77.5911913946
1250.9545490084,77.5999941210
1251.6685641619,77.6518885083
1252.3825793155,77.5807596214
1253.0965944690,77.4249634053
1253.8106096226,77.4174134837
1254.5246247761,77.4345398887
1255.2386399297,77.3210559337
1255.9526550832,77.2558645288
1256.6666702367,77.1829867504
1257.3806853903,77.0656835367
1258.0947005438,77.0810839729
1258.8087156974,77.0340333420
1259.5227308509,76.9182188829
1260.2367460045,76.9640196202
1260.9507611580,76.9542886838
1261.6647763115,76.8831704832
1262.3787914651,76.9428178063
1263.0928066186,77.0195391110
1263.8068217722,77.0985314681
1264.5208369257,77.1829208834
1265.2348520793,77.3271528857
1265.9488672328,77.5780562338
1266.6628823864,77.6705591822
1267.3768975399,77.7894926252
1268.0909126934,78.1525471244
1268.8049278470,78.3437199448
1269.5189430005,78.4580813431
1270.2329581541,78.7448142440
1270.9469733076,78.9726010926
1271.6609884612,79.1946398757
1272.3750036147,79.4006950962
1273.0890187682,79.5535935253
1273.8030339218,79.7685533428
1274.5170490753,79.8690966111
1275.2310642289,80.0335205474
1275.9450793824,80.3304216122
1276.6590945360,80.3730762165
1277.3731096895,80.4198542568
1278.0871248431,80.5735814806
1278.8011399966,80.6168805735
1279.5151551501,80.7361398748
1280.2291703037,80.7241487919
1280.9431854572,80.6416104838
1281.6572006108,80.8375738382
1282.3712157643,80.8722803119
1283.0852309179,80.7808417374
1283.7992460714,80.8977442806
1284.5132612249,80.8959130659
1285.2272763785,80.8456210211
1285.9412915320,80.9024738847
1286.6553066856,80.9522739222
1287.3693218391,81.0179362710
1288.0833369927,80.9079823024
1288.7973521462,80.8020450547
1289.5113672997,80.9030251224
1290.2253824533,80.8416836456
1290.9393976068,80.7725108381
1291.6534127604,80.8542904245
1292.3674279139,80.8034207655
1293.0814430675,80.7945409431
1293.7954582210,80.8534129900
1294.5094733746,80.8152972837
1295.2234885281,80.7958482500
1295.9375036816,80.7725193389
1296.6515188352,80.8265358238
1297.3655339887,80.9145796033
1298.0795491423,80.8437144408
1298.7935642958,80.8456487425
1299.5075794494,80.9035331298
1300.2215946029,80.8811645753
1300.9356097564,80.9295267095
1301.6496249100,80.9371839811
1302.3636400635,80.9420429718
1303.0776552171,80.9926423168
1303.7916703706,80.8921676397
1304.5056855242,80.8718967722
1305.2197006777,80.9368152457
1305.9337158313,80.8237182713
1306.6477309848,80.7521053248
1307.3617461383,80.7859539781
1308.0757612919,80.7970670609
1308.7897764454,80.7685279611
1309.5037915990,80.6740965773
1310.2178067525,80.6489360158
1310.9318219061,80.6499446783
1311.6458370596,80.5917733543
1312.3598522131,80.6018598914
1313.0738673667,80.5818617358
1313.7878825202,80.5417974624
1314.5018976738,80.5297161977
1315.2159128273,80.4408534139
1315.9299279809,80.4437322586
1316.6439431344,80.4118313782
1317.3579582879,80.2632539554
1318.0719734415,80.3389753228
1318.7859885950,80.3852781326
1319.5000037486,80.2592214194
1320.2140189021,80.2209625840
1320.9280340557,80.0842732916
1321.6420492092,80.0146197420
1322.3560643628,80.0641024673
1323.0700795163,79.9350240647
1323.7840946698,79.9061734939
1324.4981098234,79.9319692380
1325.2121249769,79.8157810904
1325.9261401305,79.8182073453
1326.6401552840,79.7415148419
1327.3541704376,79.5873549395
1328.0681855911,79.5850224926
1328.7822007446,79.5042761525
1329.4962158982,79.4732505082
1330.2102310517,79.4857922877
1330.9242462053,79.3680162041
1331.6382613588,79.4199297260
1332.3522765124,79.4349728924
1333.0662916659,79.3215638092
1333.7803068195,79.4321093915
1334.4943219730,79.4460114651
1335.2083371265,79.3873668360
1335.9223522801,79.5363297240
1336.6363674336,79.5188019896
1337.3503825872,79.4716783824
1338.0643977407,79.6038411356
1338.7784128943,79.6216227563
1339.4924280478,79.7162990225
1340.2064432013,79.8435022349
1340.9204583549,79.6952085233
1341.6344735084,79.7033852877
1342.3484886620,79.8714365145
1343.0625038155,79.8865021187
1343.7765189691,79.8660176889
1344.4905341226,79.9330865387
1345.2045492761,79.9457056980
1345.9185644297,79.9351563694
1346.6325795832,80.0025138620
1347.3465947368,80.0172117935
1348.0606098903,79.9850806293
1348.7746250439,80.0327724987
1349.4886401974,80.0064833005
1350.2026553510,79.9268962961
1350.9166705045,79.9370493224
1351.6306856580,79.9552158557
1352.3447008116,80.0011336192
1353.0587159651,79.9674322771
1353.7727311187,79.8755865223
1354.4867462722,79.9468087029
1355.2007614258,79.8519476085
1355.9147765793,79.6768994745
1356.6287917328,79.7296821041
1357.3428068864,79.6234245324
1358.0568220399,79.5278292218
1358.7708371935,79.5113026239
1359.4848523470,79.2474076287
1360.1988675006,79.2598843118
1360.9128826541,79.2137987835
1361.6268978077,78.7313528522
1362.3409129612,78.9357543863
1363.0549281147,79.1446104951
1363.7689432683,78.3711711185
1364.4829584218,78.2811146061
1365.1969735754,78.2617927005
1365.9109887289,77.9677216536
1366.6250038825,78.0367579337
1367.3390190360,78.1011680927
1368.0530341895,78.1551109603
1368.7670493431,78.3133148929
1369.4810644966,78.1843830940
1370.1950796502,78.3137569158
1370.9090948037,78.6617672697
1371.6231099573,78.6249872437
1372.3371251108,78.6514159382
1373.0511402643,78.8669738000
1373.7651554179,78.9337730955
1374.4791705714,79.0404626860
1375.1931857250,79.0590873764
1375.9072008785,78.9463844634
1376.6212160321,78.9841831568
1377.3352311856,79.0043392968
1378.0492463392,78.9792850553
1378.7632614927,79.0507586102
1379.4772766462,79.1431817286
1380.1912917998,79.1837738630
1380.9053069533,79.1732748646
1381.6193221069,79.2114615378
1382.3333372604,79.2421300919
1383.0473524140,79.1525519660
1383.7613675675,79.0724367033
1384.4753827210,79.0720623258
1385.1893978746,79.0626475838
1385.9034130281,79.0399201827
1386.6174281817,79.2009747066
1387.3314433352,79.4808203143
1388.0454584888,79.0756884523
1388.7594736423,78.8203770695
1389.4734887959,78.9187009280
1390.1875039494,78.7541243308
1390.9015191029,78.5908472476
1391.6155342565,78.6622586382
1392.3295494100,78.4883083131
1393.0435645636,78.4382553549
1393.7575797171,78.6721946940
1394.4715948707,78.6676873434
1395.1856100242,78.3532544799
1395.8996251777,78.0935974897
1396.6136403313,77.8630872847
1397.3276554848,77.6593962576
1398.0416706384,77.5343124993
1398.7556857919,77.7089075374
1399.4697009455,77.4558669033
1400.1837160990,76.8540279705
1400.8977312526,76.7659375823
1401.6117464061,76.6931750799
1402.3257615596,76.4837043922
1403.0397767132,76.3857893820
1403.7537918667,76.2331709929
1404.4678070203,76.3689644027
1405.1818221738,76.3580944968
1405.8958373274,75.7743636876
1406.6098524809,75.8393311548
1407.3238676344,75.9905678754
1408.0378827880,75.7299532723
1408.7518979415,75.8270036319
1409.4659130951,75.8255671631
1410.1799282486,75.7063370930
1410.8939434022,75.9543751917
1411.6079585557,75.8482166230
1412.3219737092,75.7862602067
1413.0359888628,76.0686872429
1413.7500040163,75.9747029235
1414.4640191699,76.0351975817
1415.1780343234,76.1348045549
1415.8920494770,75.9449229379
1416.6060646305,76.2265373475
1417.3200797841,76.2170908534
1418.0340949376,76.0524081657
1418.7481100911,77.0084001441
1419.4621252447,77.3084651240
1420.1761403982,75.7774632871
1420.8901555518,76.1056528991
1421.6041707053,76.0212031438
1422.3181858589,75.6670774525
1423.0322010124,75.9479096509
1423.7462161659,75.9849380562
1424.4602313195,75.5398270262
1425.1742464730,75.4134979308
1425.8882616266,75.2728710032
1426.6022767801,75.0376522349
1427.3162919337,74.7530690612
1428.0303070872,74.5351437005
1428.7443222408,74.3658411777
1429.4583373943,74.2902268086
1430.1723525478,74.0559360788
1430.8863677014,73.3501689309
1431.6003828549,73.1062119844
1432.3143980085,72.9969130651
1433.0284131620,72.4015901553
1433.7424283156,72.1987647318
1434.4564434691,71.8916688327
1435.1704586226,71.4594063850
1435.8844737762,71.9853139445
1436.5984889297,72.5972106049
1437.3125040833,70.7177847182
1438.0265192368,70.8256561368
1438.7405343904,70.7665203019
1439.4545495439,70.5802340895
1440.1685646974,70.6439540344
1440.8825798510,70.5455293792
1441.5965950045,70.6638891757
1442.3106101581,70.7808232083
1443.0246253116,70.7277481483
1443.7386404652,70.8386247486
1444.4526556187,70.8377186298
1445.1666707723,70.9656563222
1445.8806859258,71.1171507446
1446.5947010793,71.1360428586
1447.3087162329,71.7521913631
1448.0227313864,72.0925428017
1448.7367465400,71.6249486332
1449.4507616935,72.0610425149
1450.1647768471,72.4225976346
1450.8787920006,72.4842531147
1451.5928071541,73.0875870146
1452.3068223077,73.3837732542
1453.0208374612,73.3821205462
1453.7348526148,73.9618917418
1454.4488677683,74.4222754854
1455.1628829219,74.6210988465
1455.8768980754,75.3795556486
1456.5909132290,76.7278423637
1457.3049283825,75.7745136908
1458.0189435360,75.8833834462
1458.7329586896,76.0226287175
1459.4469738431,75.7189915211
1460.1609889967,75.6062299175
1460.8750041502,75.5805087610
1461.5890193038,75.6653890424
1462.3030344573,75.6893107532
1463.0170496108,75.5651595449
1463.7310647644,75.6541671428
1464.4450799179,76.1278653425
1465.1590950715,75.8022732020
1465.8731102250,74.9777777994
1466.5871253786,74.9920748642
1467.3011405321,75.0361220427
1468.0151556856,74.7146548716
1468.7291708392,74.7692391444
1469.4431859927,74.6893023828
1470.1572011463,74.4409418737
1470.8712162998,74.9148910471
1471.5852314534,75.3975832259
1472.2992466069,74.6692759778
1473.0132617605,75.1031824434
1473.7272769140,74.8060956787
1474.4412920675,73.6507657617
1475.1553072211,73.7714516382
1475.8693223746,74.0965549949
1476.5833375282,73.2986527143
1477.2973526817,72.7201222883
1478.0113678353,72.5154399398
1478.7253829888,72.4327303882
1479.4393981423,72.0463908901
1480.1534132959,71.7778727704
1480.8674284494,71.8108823900
1481.5814436030,71.3565216767
1482.2954587565,70.9901563478
1483.0094739101,70.7745263815
1483.7234890636,70.2977607490
1484.4375042172,70.1567646547
1485.1515193707,69.8780561871
1485.8655345242,69.4037957083
1486.5795496778,69.5762852570
1487.2935648313,69.2893537023
1488.0075799849,68.3746880706
1488.7215951384,68.3243353109
1489.4356102920,68.3486665981
1490.1496254455,68.0072485382
1490.8636405990,67.4532040368
1491.5776557526,66.7406415937
1492.2916709061,66.3920404809
1493.0056860597,66.1578581559
1493.7197012132,65.7682076383
1494.4337163668,65.4314211847
1495.1477315203,65.2790211870
1495.8617466738,65.8523780944
1496.5757618274,65.1341728785
1497.2897769809,64.0425771535
1498.0037921345,64.3365365681
1498.7178072880,64.7582609426
1499.4318224416,63.4641148751
1500.1458375951,63.3281305821
1500.8598527487,63.2162589526
1501.5738679022,62.8631352271
1502.2878830557,62.9377315681
1503.0018982093,62.5724384261
1503.7159133628,62.2070677275
1504.4299285164,62.4151901756
1505.1439436699,62.7719399789
1505.8579588235,63.3456558368
1506.5719739770,63.2103091298
1507.2859891305,62.4904049728
1508.0000042841,62.2236994090
1508.7140194376,61.8448223134
1509.4280345912,61.7048952605
1510.1420497447,61.6383372721
1510.8560648983,61.2075153354
1511.5700800518,61.4374959313
1512.2840952054,61.9853602320
1512.9981103589,61.3697336043
1513.7121255124,61.5130432418
1514.4261406660,61.9539399838
1515.1401558195,61.9208515031
1515.8541709731,62.3241367334
1516.5681861266,63.1950829423
1517.2822012802,63.8552099675
1517.9962164337,63.4672858001
1518.7102315872,63.4292925215
1519.4242467408,63.8112442970
1520.1382618943,64.6123966365
1520.8522770479,65.2904445615
1521.5662922014,65.1387007443
1522.2803073550,65.4084215104
1522.9943225085,65.5970579241
1523.7083376621,65.4487473817
1524.4223528156,65.7245783929
1525.1363679691,66.5514506147
1525.8503831227,66.3541623717
1526.5643982762,66.3607016943
1527.2784134298,66.9298103475
1527.9924285833,67.1319367101
1528.7064437369,67.2965785734
1529.4204588904,67.5242175150
1530.1344740439,67.4908968842
1530.8484891975,67.9100955511
1531.5625043510,68.3548350212
1532.2765195046,68.3092846819
1532.9905346581,69.1572430949
1533.7045498117,70.3950845877
1534.4185649652,69.3638008864
1535.1325801187,69.5106082967
1535.8465952723,69.7500533941
1536.5606104258,69.8187715846
1537.2746255794,70.3124672792
1537.9886407329,70.8013226981
1538.7026558865,71.6543475912
1539.4166710400,73.5362498712
1540.1306861936,72.1979932564
1540.8447013471,71.7370541956
1541.5587165006,72.2755331054
1542.2727316542,72.7722130086
1542.9867468077,72.3825485853
1543.7007619613,72.2264133341
1544.4147771148,72.5852363176
1545.1287922684,73.3022095163
1545.8428074219,72.9092218079
1546.5568225754,72.8837653398
1547.2708377290,73.1982751853
1547.9848528825,73.2922774893
1548.6988680361,73.5865059118
1549.4128831896,74.2162277027
1550.1268983432,74.4657646647
1550.8409134967,74.2643948496
1551.5549286503,74.3761749301
1552.2689438038,74.5760021284
1552.9829589573,74.8479213495
1553.6969741109,75.4526049445
1554.4109892644,76.2321072146
1555.1250044180,75.5634304984
1555.8390195715,75.5202298093
1556.5530347251,75.9692787203
1557.2670498786,76.8626842266
1557.9810650321,79.2603081188
1558.6950801857,77.6165951808
1559.4090953392,77.6513076655
1560.1231104928,80.2156133880
1560.8371256463,77.5263922822
1561.5511407999,77.2952278702
1562.2651559534,77.6392531508
1562.9791711069,77.6389963644
1563.6931862605,77.8804063549
1564.4072014140,78.5952969449
1565.1212165676,78.6927641487
1565.8352317211,78.6688603389
1566.5492468747,78.9302621803
1567.2632620282,79.1038603813
1567.9772771818,79.3339277311
1568.6912923353,79.8403825722
1569.4053074888,80.9301361633
1570.1193226424,80.4774757886
1570.8333377959,79.9668082079
1571.5473529495,80.1836123702
1572.2613681030,80.1774294976
1572.9753832566,80.1551221615
1573.6893984101,80.4142331026
1574.4034135636,80.2662749186
1575.1174287172,80.5273968248
1575.8314438707,82.3654755712
1576.5454590243,81.4877451849
1577.2594741778,80.6162187459
1577.9734893314,80.4906971807
1578.6875044849,80.2592520418
1579.4015196385,80.3108373522
1580.1155347920,80.1675267910
1580.8295499455,79.9853507907
1581.5435650991,80.0551440686
1582.2575802526,79.9028995442
1582.9715954062,79.8155985768
1583.6856105597,79.7594598794
1584.3996257133,79.5157497509
1585.1136408668,79.3626222081
1585.8276560203,79.1218159966
1586.5416711739,78.9623171548
1587.2556863274,78.8441465627
1587.9697014810,78.4880395850
1588.6837166345,78.3268661849
1589.3977317881,78.1086687086
1590.1117469416,77.6957281065
1590.8257620951,77.4758716028
1591.5397772487,77.1261033728
1592.2537924022,76.7996431800
1592.9678075558,76.5211919563
1593.6818227093,76.1412462287
1594.3958378629,76.0360704118
1595.1098530164,75.6580976794
1595.8238681700,75.1514105410
1596.5378833235,75.0155199911
1597.2518984770,74.5817650836
1597.9659136306,74.2195044947
1598.6799287841,74.0002709620
1599.3939439377,73.4046411029
1600.1079590912,73.1415373488
1600.8219742448,72.8462269524
1601.5359893983,72.2435212030
1602.2500045518,72.0227603252
1602.9640197054,71.5561896152
1603.6780348589,71.0078444859
1604.3920500125,70.6878932795
1605.1060651660,70.0457208531
1605.8200803196,69.7030309275
1606.5340954731,69.3900535515
1607.2481106267,68.7506991894
1607.9621257802,68.5243421083
1608.6761409337,68.1496220199
1609.3901560873,67.7273592590
1610.1041712408,67.4562362439
1610.8181863944,66.8165340801
1611.5322015479,66.5840074279
1612.2462167015,66.4347544468
1612.9602318550,65.9025871678
1613.6742470085,65.7838894134
1614.3882621621,65.4362050733
1615.1022773156,65.0390077568
1615.8162924692,65.3362786210
1616.5303076227,65.9957793249
1617.2443227763,65.1254749737
1617.9583379298,64.5575470467
1618.6723530833,64.2249669278
1619.3863682369,64.2609715172
1620.1003833904,64.0697896972
1620.8143985440,63.9793495145
1621.5284136975,64.1832964953
1622.2424288511,64.0763433930
1622.9564440046,64.7546042711
1623.6704591582,65.3345926389
1624.3844743117,64.3475390573
1625.0984894652,64.5682120443
1625.8125046188,64.8764063901
1626.5265197723,64.8583943137
1627.2405349259,65.5405140080
1627.9545500794,65.8794584824
1628.6685652330,65.7059422707
1629.3825803865,66.0627971611
1630.0965955400,66.2820374591
1630.8106106936,66.6228015825
1631.5246258471,66.9792257537
1632.2386410007,67.1443429597
1632.9526561542,67.5491366449
1633.6666713078,67.8610532243
1634.3806864613,68.4879028166
1635.0947016149,70.9209429627
1635.8087167684,69.8331781634
1636.5227319219,69.3646505263
1637.2367470755,70.0729617872
1637.9507622290,70.0742801992
1638.6647773826,70.0810814298
1639.3787925361,70.4265424218
1640.0928076897,70.6020279509
1640.8068228432,71.0155198736
1641.5208379967,71.4889673382
1642.2348531503,71.7101217199
1642.9488683038,71.9656903610
1643.6628834574,72.2166427947
1644.3768986109,72.4642409800
1645.0909137645,73.0804220795
1645.8049289180,74.4417884535
1646.5189440715,74.0518372604
1647.2329592251,74.2062147133
1647.9469743786,75.1022976686
1648.6609895322,74.5429648444
1649.3750046857,74.3694371815
1650.0890198393,74.7560872765
1650.8030349928,74.8473861955
1651.5170501464,75.1504381464
1652.2310652999,77.3025140991
1652.9450804534,79.5321021479
1653.6590956070,76.9651765751
1654.3731107605,77.3481606338
1655.0871259141,76.7819015083
1655.8011410676,76.7181463355
1656.5151562212,77.0854616148
1657.2291713747,77.2964249505
1657.9431865282,77.6068348963
1658.6572016818,77.9211336735
1659.3712168353,78.0840427162
1660.0852319889,78.4791733664
1660.7992471424,78.8787829115
1661.5132622960,79.1158406457
1662.2272774495,79.7336835125
1662.9412926031,80.4784123330
1663.6553077566,80.0720815504
1664.3693229101,80.1927022388
1665.0833380637,80.5855192231
1665.7973532172,80.7021578807
1666.5113683708,80.9630321068
1667.2253835243,81.3236115374
1667.9393986779,81.5114864949
1668.6534138314,82.4497464465
1669.3674289849,83.5909337495
1670.0814441385,82.4722021692
1670.7954592920,82.7197980014
1671.5094744456,83.4503786596
1672.2234895991,83.2014622469
1672.9375047527,83.1882505210
1673.6515199062,83.3427284021
1674.3655350598,83.7136593565
1675.0795502133,85.5439938339
1675.7935653668,85.1327514630
1676.5075805204,84.2833755747
1677.2215956739,84.5848053305
1677.9356108275,84.8924520371
1678.6496259810,84.8757132014
1679.3636411346,85.2439351836
1680.0776562881,85.7840169342
1680.7916714416,85.8544350166
1681.5056865952,85.7934760120
1682.2197017487,85.9493187493
1682.9337169023,86.7374542867
1683.6477320558,87.8850183790
1684.3617472094,88.7337652651
1685.0757623629,88.3724535998
1685.7897775164,87.2136871935
1686.5037926700,86.7538349744
1687.2178078235,86.8633044314
1687.9318229771,87.1320380384
1688.6458381306,87.1575019231
1689.3598532842,87.3158899783
1690.0738684377,87.4567948406
1690.7878835913,87.4875521577
1691.5018987448,87.4136679456
1692.2159138983,87.2146653603
1692.9299290519,87.2865792498
1693.6439442054,87.2539412717
1694.3579593590,87.0069774529
1695.0719745125,87.6832133056
1695.7859896661,90.6426199597
1696.5000048196,87.5967995488
1697.2140199731,87.1171415917
1697.9280351267,86.8940287410
1698.6420502802,86.8006536423
1699.3560654338,87.3822303043
1700.0700805873,110.4176160302
1700.7840957409,90.4982305963
1701.4981108944,88.7902862608
1702.2121260480,89.1200429743
1702.9261412015,89.6975242832
1703.6401563550,90.5148553297
1704.3541715086,91.9260986344
1705.0681866621,92.1097595088
1705.7822018157,92.5958577582
1706.4962169692,94.0429137260
1707.2102321228,93.9287957571
1707.9242472763,93.9106182284
1708.6382624298,94.2793965396
1709.3522775834,94.5345580021
1710.0662927369,95.0895243366
1710.7803078905,95.2803435569
1711.4943230440,95.0851896415
1712.2083381976,95.3706883276
1712.9223533511,95.6692098851
1713.6363685046,95.7420296532
1714.3503836582,96.1839996801
1715.0643988117,96.6444884794
1715.7784139653,96.2293402837
1716.4924291188,96.0342109237
1717.2064442724,96.6838947753
1717.9204594259,97.6851766595
1718.6344745795,97.0054932951
1719.3484897330,96.3735939827
1720.0625048865,96.0528054451
1720.7765200401,96.0563403075
1721.4905351936,96.2089758563
1722.2045503472,96.1610093141
1722.9185655007,96.3398862404
1723.6325806543,96.5844622364
1724.3465958078,96.3095573826
1725.0606109613,96.3603882325
1725.7746261149,96.5200657052
1726.4886412684,96.3224999215
1727.2026564220,96.4732383705
1727.9166715755,96.5777877838
1728.6306867291,96.4016666949
1729.3447018826,96.8457114527
1730.0587170362,97.3244814588
1730.7727321897,96.8052611206
1731.4867473432,96.6004246202
1732.2007624968,96.6447292932
1732.9147776503,96.9545075280
1733.6287928039,97.9822443932
1734.3428079574,98.7466780484
1735.0568231110,97.8617677335
1735.7708382645,97.0374183295
1736.4848534180,96.7548966435
1737.1988685716,97.0738026608
1737.9128837251,96.9538835523
1738.6268988787,96.6533909015
1739.3409140322,97.4521853830
1740.0549291858,98.1357162510
1740.7689443393,97.1335219766
1741.4829594928,96.8021124116
1742.1969746464,96.9724343482
1742.9109897999,97.3822961647
1743.6250049535,97.5332637382
1744.3390201070,97.2546979307
1745.0530352606,97.0950607020
1745.7670504141,97.1687434170
1746.4810655677,97.3811437384
1747.1950807212,97.4250354383
1747.9090958747,97.3660441830
1748.6231110283,97.8580890750
1749.3371261818,97.6795624364
1750.0511413354,97.0827866973
1750.7651564889,97.6067727912
1751.4791716425,98.5233092197
1752.1931867960,97.3661878321
1752.9072019495,97.1597795610
1753.6212171031,97.2722466123
1754.3352322566,97.2509631986
1755.0492474102,97.2555390283
1755.7632625637,97.1433209089
1756.4772777173,97.5615850767
1757.1912928708,98.0334745836
1757.9053080244,97.2796508823
1758.6193231779,97.2210385648
1759.3333383314,97.6031864276
1760.0473534850,97.1627287198
1760.7613686385,97.2271053779
1761.4753837921,98.2481117092
1762.1893989456,97.8383866421
1762.9034140992,97.2568435255
1763.6174292527,97.2724290970
1764.3314444062,97.3480624929
1765.0454595598,97.3856057341
1765.7594747133,97.3209623873
1766.4734898669,97.1888615210
1767.1875050204,97.2335860831
1767.9015201740,97.7762628786
1768.6155353275,97.9110860333
1769.3295504810,97.1853972724
1770.0435656346,97.1816158661
1770.7575807881,97.8612433646
1771.4715959417,97.7608365659
1772.1856110952,98.0641400501
1772.8996262488,98.6604158860
1773.6136414023,97.4081927337
1774.3276565559,97.0660623767
1775.0416717094,97.3202811884
1775.7556868629,97.4289285226
1776.4697020165,97.3167769446
1777.1837171700,97.0909230608
1777.8977323236,97.0886885700
1778.6117474771,97.2157361825
1779.3257626307,97.0188776153
1780.0397777842,97.2364236253
1780.7537929377,97.6696378320
1781.4678080913,97.2317776515
1782.1818232448,97.0965943641
1782.8958383984,97.1247153009
1783.6098535519,97.0027142549
1784.3238687055,97.2532726497
1785.0378838590,97.3701119747
1785.7518990126,97.1197189820
1786.4659141661,97.1373364094
1787.1799293196,97.0497601670
1787.8939444732,97.0886859274
1788.6079596267,97.1944946356
1789.3219747803,96.9587983603
1790.0359899338,97.1167144508
1790.7500050874,97.4652445645
1791.4640202409,97.0995454985
1792.1780353944,97.3615302614
1792.8920505480,98.2170499799
1793.6060657015,97.3563224660
1794.3200808551,96.9724157617
1795.0340960086,97.1142805621
1795.7481111622,97.0853309406
1796.4621263157,96.9842535705
1797.1761414693,97.0182741317
1797.8901566228,96.8132358891
1798.6041717763,96.7863309010
1799.3181869299,97.3871961932
1800.0322020834,97.3772233153
1800.7462172370,96.8973704789
1801.4602323905,97.0458026374
1802.1742475441,97.2611171795
1802.8882626976,97.0092986282
1803.6022778511,96.9137861402
1804.3162930047,96.8460755498
1805.0303081582,96.8148670242
1805.7443233118,96.9351347897
1806.4583384653,96.8808802578
1807.1723536189,96.8766714069
1807.8863687724,97.0267424901
1808.6003839259,96.9029112996
1809.3143990795,96.8354308518
1810.0284142330,97.1719905564
1810.7424293866,97.3829315895
1811.4564445401,97.0055868226
1812.1704596937,96.8250335333
1812.8844748472,96.9766404939
1813.5984900008,96.8784624476
1814.3125051543,96.7288765536
1815.0265203078,96.8777377339
1815.7405354614,96.8668454452
1816.4545506149,96.7978748533
1817.1685657685,96.9759358920
1817.8825809220,96.9373966314
1818.5965960756,96.7361556296
1819.3106112291,96.7614390692
1820.0246263826,96.9345080576
1820.7386415362,96.9058811029
1821.4526566897,96.6501013201
1822.1666718433,96.7853059547
1822.8806869968,96.9809479752
1823.5947021504,96.5799688095
1824.3087173039,96.6707173045
1825.0227324575,97.5244566136
1825.7367476110,97.1290586848
1826.4507627645,96.6155222040
1827.1647779181,96.7270465439
1827.8787930716,96.7802077542
1828.5928082252,96.8067681874
1829.3068233787,97.1646103905
1830.0208385323,97.4683322539
1830.7348536858,97.0661596037
1831.4488688393,96.7095153948
1832.1628839929,96.6006740177
1832.8768991464,96.5586384797
1833.5909143000,96.5375947074
1834.3049294535,96.6876930657
1835.0189446071,96.6791726280
1835.7329597606,96.5167572007
1836.4469749141,96.5639673968
1837.1609900677,96.7071914203
1837.8750052212,96.6925664099
1838.5890203748,96.5648339142
1839.3030355283,96.6090934678
1840.0170506819,96.7106723931
1840.7310658354,96.5586677110
1841.4450809890,96.5880662340
1842.1590961425,96.6569236534
1842.8731112960,96.4892229093
1843.5871264496,97.0143965710
1844.3011416031,97.9655609285
1845.0151567567,96.8605582694
1845.7291719102,96.5248920983
1846.4431870638,96.5654021612
1847.1572022173,96.5799028040
1847.8712173708,96.7564080205
1848.5852325244,96.5877995496
1849.2992476779,96.4516308055
1850.0132628315,96.6059345390
1850.7272779850,96.4372644531
1851.4412931386,96.4178251548
1852.1553082921,96.6100494668
1852.8693234457,96.4754602176
1853.5833385992,96.5106880561
1854.2973537527,96.5957770223
1855.0113689063,96.4581241109
1855.7253840598,96.4775766945
1856.4393992134,96.4471646113
1857.1534143669,96.4165193190
1857.8674295205,96.4992916791
1858.5814446740,96.4747453053
1859.2954598275,96.5220018846
1860.0094749811,96.4016622972
1860.7234901346,96.1932454473
1861.4375052882,96.3811131239
1862.1515204417,96.4565980629
1862.8655355953,96.3922640688
1863.5795507488,96.4756189701
1864.2935659023,96.3646829748
1865.0075810559,96.3325586711
1865.7215962094,96.3743729994
1866.4356113630,96.3077704061
1867.1496265165,96.5477252842
1867.8636416701,96.6917932857
1868.5776568236,96.7475407158
1869.2916719772,97.0790338096
1870.0056871307,96.6631028887
1870.7197022842,96.3595919772
1871.4337174378,96.5073596929
1872.1477325913,96.2890834808
1872.8617477449,96.1144717667
1873.5757628984,96.2568108578
1874.2897780520,96.2692789217
1875.0037932055,96.3704098769
1875.7178083590,96.3764976413
1876.4318235126,96.1719849628
1877.1458386661,96.2969534398
1877.8598538197,96.4534923473
1878.5738689732,96.3367894135
1879.2878841268,96.2585897737
1880.0018992803,96.2285227393
1880.7159144339,96.2454326265
1881.4299295874,96.3830787711
1882.1439447409,96.4512111942
1882.8579598945,96.2638969227
1883.5719750480,96.1343955367
1884.2859902016,96.4168321039
1885.0000053551,96.5313865938
1885.7140205087,96.2662452375
1886.4280356622,96.2735710285
1887.1420508157,96.2758111447
1887.8560659693,96.0378316346
1888.5700811228,96.1240195044
1889.2840962764,96.5175643710
1889.9981114299,96.5344607033
1890.7121265835,96.2179321704
1891.4261417370,96.0367911046
1892.1401568905,96.1197332215
1892.8541720441,96.2329773560
1893.5681871976,96.2590830825
1894.2822023512,96.1891048160
1894.9962175047,96.0950692676
1895.7102326583,96.1361962802
1896.4242478118,96.0233021116
1897.1382629654,95.9201352327
1897.8522781189,96.1257962564
1898.5662932724,96.1509438642
1899.2803084260,96.1398629732
1899.9943235795,96.2550553427
1900.7083387331,96.0627805038
1901.4223538866,96.0030625735
1902.1363690402,96.1487663186
1902.8503841937,96.0960717989
1903.5643993472,96.1233845308
1904.2784145008,96.1675176880
1904.9924296543,96.3616787213
1905.7064448079,96.4927991888
1906.4204599614,95.9596217575
1907.1344751150,95.9937643635
1907.8484902685,96.5496998646
1908.5625054221,96.0838914848
1909.2765205756,95.9406123522
1909.9905357291,96.3930151982
1910.7045508827,96.0196697398
1911.4185660362,95.8669860445
1912.1325811898,96.1364452317
1912.8465963433,96.1449794997
1913.5606114969,96.1801033061
1914.2746266504,96.0436000796
1914.9886418039,96.1365113098
1915.7026569575,96.4369508785
1916.4166721110,95.9867691815
1917.1306872646,95.9385235676
1917.8447024181,96.6880896331
1918.5587175717,96.2860027923
1919.2727327252,95.9559549385
1919.9867478788,96.1895662607
1920.7007630323,96.0204139732
1921.4147781858,95.9438674796
1922.1287933394,96.2051525072
1922.8428084929,96.0877105298
1923.5568236465,95.9061990851
1924.2708388000,96.1628763704
1924.9848539536,96.3232474933
1925.6988691071,96.0858522907
1926.4128842606,96.0218942951
1927.1268994142,96.1746662523
1927.8409145677,96.0433656644
1928.5549297213,95.9182972222
1929.2689448748,95.9910080266
1929.9829600284,95.9777457683
1930.6969751819,95.7910799484
1931.4109903354,95.5768757468
1932.1250054890,95.7693617500
1932.8390206425,96.0490782027
1933.5530357961,95.9214758678
1934.2670509496,95.9328439852
1934.9810661032,95.9700028079
1935.6950812567,95.9451812856
1936.4090964103,96.1755155975
1937.1231115638,96.0536477151
1937.8371267173,96.0149314636
1938.5511418709,96.2062238569
1939.2651570244,95.8002134164
1939.9791721780,95.9217619376
1940.6931873315,96.2327956428
1941.4072024851,95.6606893784
1942.1212176386,96.1231055330
1942.8352327921,96.8757853865
1943.5492479457,95.8780157540
1944.2632630992,95.7228560124
1944.9772782528,96.1319840079
1945.6912934063,96.0095150010
1946.4053085599,96.0866666759
1947.1193237134,95.6193569937
1947.8333388670,95.1616673016
1948.5473540205,95.7605849060
1949.2613691740,95.9487336252
1949.9753843276,95.5412204173
1950.6893994811,95.6469151982
1951.4034146347,95.9644009711
1952.1174297882,95.9674544503
1952.8314449418,95.9552170665
1953.5454600953,96.4284384019
1954.2594752488,96.3515734978
1954.9734904024,95.5063581125
1955.6875055559,95.9001298754
1956.4015207095,96.5932657871
1957.1155358630,95.8947343838
1957.8295510166,95.3893480848
1958.5435661701,95.8297240347
1959.2575813236,96.2587756445
1959.9715964772,96.0421748641
1960.6856116307,95.7757771961
1961.3996267843,96.3286366558
1962.1136419378,96.2033945033
1962.8276570914,95.5769911514
1963.5416722449,96.1738950854
1964.2556873985,96.3447112013
1964.9697025520,96.1060177000
1965.6837177055,96.2691279976
1966.3977328591,95.3592725350
1967.1117480126,95.3960965323
1967.8257631662,96.6329980566
1968.5397783197,95.9336309920
1969.2537934733,95.4776218177
1969.9678086268,95.8540718962
1970.6818237803,95.6027111540
1971.3958389339,96.2667387140
1972.1098540874,96.8186631577
1972.8238692410,96.0316125790
1973.5378843945,95.5285399361
1974.2518995481,95.2446022713
1974.9659147016,95.5835808818
1975.6799298552,96.3648986238
1976.3939450087,96.1649423735
1977.1079601622,96.0901679375
1977.8219753158,96.2768137688
1978.5359904693,95.9254913926
1979.2500056229,95.7572168831
1979.9640207764,95.4072950514
1980.6780359300,94.8822121394
1981.3920510835,95.0590774570
1982.1060662370,95.6705895842
1982.8200813906,95.6576597110
1983.5340965441,94.9139837796
1984.2481116977,95.0976942204
1984.9621268512,95.8367235199
1985.6761420048,95.2822296424
1986.3901571583,94.9702827516
1987.1041723118,95.4926416523
1987.8181874654,95.4732499937
1988.5322026189,95.6188473902
1989.2462177725,95.6222130376
1989.9602329260,95.2311061877
1990.6742480796,95.6949078879
1991.3882632331,95.7900455154
1992.1022783867,95.1345494308
1992.8162935402,95.5371849565
1993.5303086937,95.8404593105
1994.2443238473,95.4141579418
1994.9583390008,95.3117263415
1995.6723541544,95.6272581674
1996.3863693079,95.7788843264
1997.1003844615,95.4404652529
1997.8143996150,95.4261683028
1998.5284147685,95.9900878243
1999.2424299221,96.0403991113
1999.9564450756,95.8548638153
2000.6704602292,95.9706873482
2001.3844753827,96.0076569257
2002.0984905363,96.0550912924
2002.8125056898,96.1902847949
2003.5265208434,96.3831260423
2004.2405359969,96.1299329595
2004.9545511504,95.4606936699
2005.6685663040,95.5593942481
2006.3825814575,95.6614802140
2007.0965966111,95.2372666237
2007.8106117646,95.4142520630
2008.5246269182,95.3420049787
2009.2386420717,95.2571691508
2009.9526572252,95.7825257025
2010.6666723788,95.2965226732
2011.3806875323,94.7828092503
2012.0947026859,95.1096244574
2012.8087178394,95.1920412149
2013.5227329930,95.6824892995
2014.2367481465,95.6204570221
2014.9507633000,94.5590181446
2015.6647784536,94.6815257337
2016.3787936071,95.3832724691
2017.0928087607,95.5523160586
2017.8068239142,95.3277940710
2018.5208390678,95.0706871805
2019.2348542213,95.9444097957
2019.9488693749,95.8488240605
2020.6628845284,94.2851739981
2021.3768996819,94.9607328580
2022.0909148355,96.0829815821
2022.8049299890,95.4675326734
2023.5189451426,95.6535095856
2024.2329602961,95.5290854523
2024.9469754497,94.6308951658
2025.6609906032,94.9941659508
2026.3750057567,95.5193806466
2027.0890209103,95.7776592127
2027.8030360638,95.8549077984
2028.5170512174,94.9880340227
2029.2310663709,94.5753186362
2029.9450815245,95.2779094908
2030.6590966780,95.9236324435
2031.3731118316,95.6659515042
2032.0871269851,94.9412400172
2032.8011421386,95.2449222321
2033.5151572922,95.6909550636
2034.2291724457,95.1257952029
2034.9431875993,94.9165488636
2035.6572027528,95.0915359142
2036.3712179064,95.2448280299
2037.0852330599,95.1649969452
2037.7992482134,94.5540877147
2038.5132633670,95.2160278714
2039.2272785205,96.1012485945
2039.9412936741,94.8748268637
2040.6553088276,94.3097797245
2041.3693239812,95.3782403721
2042.0833391347,95.6693751373
2042.7973542883,95.5136306883
2043.5113694418,95.3063206570
2044.2253845953,95.0276894047
2044.9393997489,95.0635472921
2045.6534149024,94.9278698143
2046.3674300560,95.0677415347
2047.0814452095,95.2419572756
2047.7954603631,94.7040020453
2048.5094755166,94.8708539073
2049.2234906701,95.5209647783
2049.9375058237,95.2278136637
2050.6515209772,95.0186552027
2051.3655361308,95.2018417636
2052.0795512843,94.9549175392
2052.7935664379,94.7414555506
2053.5075815914,95.0446581964
2054.2215967449,95.2646004835
2054.9356118985,94.9854106762
2055.6496270520,94.7992131960
2056.3636422056,95.0323073354
2057.0776573591,95.1954993003
2057.7916725127,95.1827046557
2058.5056876662,95.1555460774
2059.2197028198,95.1183155314
2059.9337179733,95.1535795690
2060.6477331268,95.0728764826
2061.3617482804,94.9129801995
2062.0757634339,94.9959912514
2062.7897785875,95.1484110799
2063.5037937410,95.1246474196
2064.2178088946,95.1136211735
2064.9318240481,95.3258263090
2065.6458392016,95.3362688187
2066.3598543552,94.9431203792
2067.0738695087,94.9948294334
2067.7878846623,95.2490464334
2068.5018998158,94.8832527637
2069.2159149694,94.8048148495
2069.9299301229,95.1119996150
2070.6439452765,94.9285176664
2071.3579604300,94.8387367195
2072.0719755835,94.9807548360
2072.7859907371,94.9176377526
2073.5000058906,94.9659947593
2074.2140210442,95.0345480850
2074.9280361977,95.0531562953
2075.6420513513,95.0882741068
2076.3560665048,95.0010823044
2077.0700816583,95.0794317298
2077.7840968119,95.1300230763
2078.4981119654,95.1162865242
2079.2121271190,95.4351561142
2079.9261422725,95.3232470756
2080.6401574261,94.8226154412
2081.3541725796,94.9156474262
2082.0681877331,95.1452038019
2082.7822028867,95.1500735779
2083.4962180402,95.2189923551
2084.2102331938,95.1991169490
2084.9242483473,95.1553223877
2085.6382635009,95.0762366919
2086.3522786544,95.0013252501
2087.0662938080,95.0863424319
2087.7803089615,95.0280154244
2088.4943241150,95.0779331934
2089.2083392686,95.2881153892
2089.9223544221,95.0004261978
2090.6363695757,94.7212931788
2091.3503847292,94.9251750526
2092.0643998828,95.1273109974
2092.7784150363,95.3108272866
2093.4924301898,95.3326287878
2094.2064453434,95.1585449741
2094.9204604969,95.1241201228
2095.6344756505,95.0159427921
2096.3484908040,94.9130063657
2097.0625059576,94.9823975748
2097.7765211111,94.8903612943
2098.4905362647,94.9419223167
2099.2045514182,95.2818419605
2099.9185665717,95.3101238498
2100.6325817253,94.9775556931
2101.3465968788,94.8145883804
2102.0606120324,95.0817876774
2102.7746271859,95.2340930373
2103.4886423395,94.9293702436
2104.2026574930,94.8416668046
2104.9166726465,94.8904813114
2105.6306878001,94.5850754948
2106.3447029536,94.5451666543
2107.0587181072,94.9315772012
2107.7727332607,95.1122424858
2108.4867484143,95.0295879608
2109.2007635678,94.8586998933
2109.9147787213,94.8226798903
2110.6287938749,95.0206448275
2111.3428090284,95.0812258927
2112.0568241820,94.9499057746
2112.7708393355,94.9534664918
2113.4848544891,95.0176788814
2114.1988696426,94.9184128076
2114.9128847962,94.8526599282
2115.6268999497,94.9290053664
2116.3409151032,94.9691720609
2117.0549302568,95.0354763107
2117.7689454103,95.0580669803
2118.4829605639,94.9612216538
2119.1969757174,95.1429996888
2119.9109908710,95.3266760609
2120.6250060245,95.2083999886
2121.3390211780,95.4169002018
2122.0530363316,95.5537769439
2122.7670514851,95.1411165547
2123.4810666387,94.9967994965
2124.1950817922,95.0701170426
2124.9090969458,95.0728200296
2125.6231120993,95.3600888016
2126.3371272529,95.4189136978
2127.0511424064,95.1773273935
2127.7651575599,95.2388454441
2128.4791727135,95.3654553160
2129.1931878670,95.4653003055
2129.9072030206,95.5171410913
2130.6212181741,95.3574231141
2131.3352333277,95.4898366156
2132.0492484812,95.7706475130
2132.7632636347,95.6048404497
2133.4772787883,95.4133126983
2134.1912939418,95.4462851020
2134.9053090954,95.3513174836
2135.6193242489,95.1795703114
2136.3333394025,95.0847089496
2137.0473545560,95.1251670747
2137.7613697095,95.4025323867
2138.4753848631,95.5304214950
2139.1894000166,95.2829228479
2139.9034151702,95.3473492919
2140.6174303237,95.6178591738
2141.3314454773,95.1980215359
2142.0454606308,94.8963970063
2142.7594757844,95.3761107836
2143.4734909379,95.7067668255
2144.1875060914,95.8716898413
2144.9015212450,95.8906661881
2145.6155363985,95.3928696639
2146.3295515521,95.4347547098
2147.0435667056,95.5829868891
2147.7575818592,94.9169777824
2148.4715970127,95.0405302497
2149.1856121662,95.9466443662
2149.8996273198,95.7536783071
2150.6136424733,95.2165887169
2151.3276576269,95.5088046519
2152.0416727804,95.7381859439
2152.7556879340,95.3855411668
2153.4697030875,95.3349024026
2154.1837182411,95.8300883499
2154.8977333946,96.1156232415
2155.6117485481,95.9105060637
2156.3257637017,95.5709562146
2157.0397788552,96.0129340147
2157.7537940088,97.1168000189
2158.4678091623,96.3598891327
2159.1818243159,94.5961480157
2159.8958394694,94.3014206436
2160.6098546229,94.1659299254
2161.3238697765,94.5378318684
2162.0378849300,95.0356005927
2162.7519000836,94.3459449474
2163.4659152371,94.5153643566
2164.1799303907,94.9298033922
2164.8939455442,94.2497971609
2165.6079606978,94.9721896316
2166.3219758513,95.5074012586
2167.0359910048,94.1728284987
2167.7500061584,94.1775182000
2168.4640213119,95.0829724765
2169.1780364655,95.0004213630
2169.8920516190,94.8549669208
2170.6060667726,94.5631190550
2171.3200819261,94.5517241532
2172.0340970796,94.9889730508
2172.7481122332,94.8103377493
2173.4621273867,94.7886033302
2174.1761425403,95.1324886202
2174.8901576938,95.1911370188
2175.6041728474,95.0194817789
2176.3181880009,94.2913426360
2177.0322031544,94.1166089012
2177.7462183080,94.7885235411
2178.4602334615,94.8840924218
2179.1742486151,94.9183975217
2179.8882637686,95.2452911959
2180.6022789222,95.2456648150
2181.3162940757,95.3350369744
2182.0303092293,95.2338146011
2182.7443243828,94.9218947884
2183.4583395363,94.6079212343
2184.1723546899,94.4993900633
2184.8863698434,95.0793407734
2185.6003849970,95.1475481338
2186.3144001505,94.7416549863
2187.0284153041,95.2294455998
2187.7424304576,94.8671833690
2188.4564456111,94.2011349134
2189.1704607647,95.0256721661
2189.8844759182,95.1628464731
2190.5984910718,94.5861608299
2191.3125062253,94.6608954575
2192.0265213789,94.3766519442
2192.7405365324,94.4153183271
2193.4545516860,94.9727232181
2194.1685668395,94.8640903935
2194.8825819930,95.0287898996
2195.5965971466,95.1435873924
2196.3106123001,94.5045857850
2197.0246274537,94.2895658185
2197.7386426072,94.7932257301
2198.4526577608,95.1255976103
2199.1666729143,94.6212428893
2199.8806880678,94.3135658175
2200.5947032214,95.1769230733
2201.3087183749,95.2366453261
2202.0227335285,94.5244637016
2202.7367486820,94.9974042756
2203.4507638356,95.2105197647
2204.1647789891,94.8767970541
2204.8787941426,95.0741312273
2205.5928092962,94.6295213481
2206.3068244497,94.4247570143
2207.0208396033,95.3817600632
2207.7348547568,95.2635865151
2208.4488699104,94.4416373399
2209.1628850639,94.5409966456
2209.8769002175,94.5886637966
2210.5909153710,94.4826243876
2211.3049305245,95.0664931553
2212.0189456781,95.3061115773
2212.7329608316,94.6222777826
2213.4469759852,94.3815365313
2214.1609911387,94.6726085102
2214.8750062923,94.7232848834
2215.5890214458,94.7263007918
2216.3030365993,94.6228432790
2217.0170517529,94.5733934030
2217.7310669064,94.8632943501
2218.4450820600,94.5824902348
2219.1590972135,94.3412473147
2219.8731123671,94.9084465715
2220.5871275206,94.7803104480
2221.3011426742,94.3558158328
2222.0151578277,94.6296357671
2222.7291729812,94.5094769779
2223.4431881348,94.5288767506
2224.1572032883,95.0263800375
2224.8712184419,94.6449126445
2225.5852335954,94.2416928002
2226.2992487490,94.5565660250
2227.0132639025,94.6527299363
2227.7272790560,94.6168480088
2228.4412942096,94.7706117394
2229.1553093631,94.9294190000
2229.8693245167,94.7787793829
2230.5833396702,94.4056978499
2231.2973548238,94.4819953874
2232.0113699773,94.7240502650
2232.7253851308,94.6850195727
2233.4394002844,94.6697516992
2234.1534154379,94.5233032796
2234.8674305915,94.4531963240
2235.5814457450,94.5830105814
2236.2954608986,94.4868182976
2237.0094760521,94.4910286346
2237.7234912057,94.6256450487
2238.4375063592,94.5651090588
2239.1515215127,94.5309377579
2239.8655366663,94.4616613305
2240.5795518198,94.5496704897
2241.2935669734,94.6136239885
2242.0075821269,94.3078609704
2242.7215972805,94.6141124520
2243.4356124340,95.0812951079
2244.1496275875,94.5464225214
2244.8636427411,94.2891008725
2245.5776578946,94.4836073310
2246.2916730482,94.3301413779
2247.0056882017,94.4471110581
2247.7197033553,94.6250416990
2248.4337185088,94.4971741384
2249.1477336624,94.5281819733
2249.8617488159,94.4363326944
2250.5757639694,94.3492880818
2251.2897791230,94.5151465286
2252.0037942765,94.5497704617
2252.7178094301,94.4855472613
2253.4318245836,94.6190131049
2254.1458397372,94.5828582998
2254.8598548907,94.4047788619
2255.5738700442,94.5086095074
2256.2878851978,94.6515780789
2257.0019003513,94.4960432673
2257.7159155049,94.2796954473
2258.4299306584,94.2749492191
2259.1439458120,94.4417022527
2259.8579609655,94.4504138640
2260.5719761190,94.2079471695
2261.2859912726,94.2809073002
2262.0000064261,94.6322829474
2262.7140215797,94.4467771588
2263.4280367332,94.0951625381
2264.1420518868,94.3110010315
2264.8560670403,94.4344073283
2265.5700821939,94.2566471515
2266.2840973474,94.2926094073
2266.9981125009,94.2778506168
2267.7121276545,94.1970219702
2268.4261428080,94.2786795852
2269.1401579616,94.2213700633
2269.8541731151,94.0875263339
2270.5681882687,94.1755587244
2271.2822034222,94.2987531417
2271.9962185757,94.2042143447
2272.7102337293,94.0266002396
2273.4242488828,94.0894343016
2274.1382640364,94.1920643993
2274.8522791899,94.0685020191
2275.5662943435,94.0074321767
2276.2803094970,94.0824300726
2276.9943246506,94.0815662310
2277.7083398041,94.0719466137
2278.4223549576,94.1063841250
2279.1363701112,94.1237769857
2279.8503852647,94.0669428684
2280.5644004183,94.0098975264
2281.2784155718,94.1488262236
2281.9924307254,94.2211196689
2282.7064458789,94.0113466236
2283.4204610324,93.9724611648
2284.1344761860,94.1115466845
2284.8484913395,94.0721637920
2285.5625064931,94.0550348003
2286.2765216466,94.1618688569
2286.9905368002,94.1476115095
2287.7045519537,94.0693466257
2288.4185671072,94.0745432237
2289.1325822608,94.1061276538
2289.8465974143,94.1297045648
2290.5606125679,94.1314460031
2291.2746277214,94.1695259504
2291.9886428750,94.2330735442
2292.7026580285,94.1960396198
2293.4166731821,94.1123541993
2294.1306883356,94.1349901870
2294.8447034891,94.1924264266
2295.5587186427,94.2384213049
2296.2727337962,94.2624583274
2296.9867489498,94.2646048719
2297.7007641033,94.3142304070
2298.4147792569,94.2547191819
2299.1287944104,94.0786782004
2299.8428095639,94.2521601971
2300.5568247175,94.4534581166
2301.2708398710,94.2032072183
2301.9848550246,94.1839757397
2302.6988701781,94.3018232052
2303.4128853317,94.1623599312
2304.1269004852,94.3016944588
2304.8409156388,94.4088876772
2305.5549307923,94.1816449647
2306.2689459458,94.2550708261
2306.9829610994,94.1808726983
2307.6969762529,94.1663655817
2308.4109914065,94.4866678288
2309.1250065600,94.1883829249
2309.8390217136,94.0545185584
2310.5530368671,94.3742708569
2311.2670520206,94.1083148557
2311.9810671742,94.0871965851
2312.6950823277,94.3470010926
2313.4090974813,93.9873638725
2314.1231126348,94.1317227784
2314.8371277884,94.4130145712
2315.5511429419,94.0580485955
2316.2651580955,94.1953969037
2316.9791732490,94.2430111746
2317.6931884025,94.0279465193
2318.4072035561,94.3986483636
2319.1212187096,94.3621403638
2319.8352338632,94.0486273951
2320.5492490167,94.3255193984
2321.2632641703,94.0747630654
2321.9772793238,93.9822519899
2322.6912944773,94.2712969120
2323.4053096309,93.9792826866
2324.1193247844,93.9973432305
2324.8333399380,94.2677978347
2325.5473550915,94.2140370636
2326.2613702451,94.3767428041
2326.9753853986,94.4569729969
2327.6894005521,94.2266772614
2328.4034157057,94.3562129771
2329.1174308592,94.2845077018
2329.8314460128,94.1684168581
2330.5454611663,94.3512513013
2331.2594763199,94.2381430962
2331.9734914734,94.1585927913
2332.6875066270,94.2623554683
2333.4015217805,94.2917524110
2334.1155369340,94.4339560287
2334.8295520876,94.3613399654
2335.5435672411,94.1739341128
2336.2575823947,94.2854796617
2336.9715975482,94.3204834709
2337.6856127018,94.3176844871
2338.3996278553,94.3539054156
2339.1136430088,94.2386866052
2339.8276581624,94.2636970107
2340.5416733159,94.2080826792
2341.2556884695,94.1391371272
2341.9697036230,94.3339932636
2342.6837187766,94.3006997665
2343.3977339301,94.1765173212
2344.1117490837,94.2278937633
2344.8257642372,94.1761335567
2345.5397793907,94.2481568563
2346.2537945443,94.3462835359
2346.9678096978,94.3634918546
2347.6818248514,94.4445733196
2348.3958400049,94.3645792767
2349.1098551585,94.3254559753
2349.8238703120,94.4766321144
2350.5378854655,94.3890930125
2351.2519006191,94.3730636292
2351.9659157726,94.5319804326
2352.6799309262,94.3841714068
2353.3939460797,94.4109948162
2354.1079612333,94.4613873929
2354.8219763868,94.3527028928
2355.5359915403,94.5051509617
2356.2500066939,94.3087840474
2356.9640218474,94.1661564652
2357.6780370010,94.3675654752
2358.3920521545,94.0961799633
2359.1060673081,94.0556242196
2359.8200824616,94.2860771611
2360.5340976152,94.2264418831
2361.2481127687,94.4278573560
2361.9621279222,94.3961200043
2362.6761430758,94.1268432904
2363.3901582293,94.2463910377
2364.1041733829,94.0674572310
2364.8181885364,93.9510050096
2365.5322036900,94.0614190241
2366.2462188435,93.8729683218
2366.9602339970,93.9197239274
2367.6742491506,93.9686979525
2368.3882643041,93.8023152309
2369.1022794577,93.8994340447
2369.8162946112,93.8087741110
2370.5303097648,93.6487620005
2371.2443249183,93.7892184229
2371.9583400719,93.7996440890
2372.6723552254,93.7964421406
2373.3863703789,93.8960102068
2374.1003855325,93.7852882867
2374.8144006860,93.6943296795
2375.5284158396,93.7821856256
2376.2424309931,93.8265749322
2376.9564461467,93.7609400485
2377.6704613002,93.7610128149
2378.3844764537,93.8294346483
2379.0984916073,93.8331693148
2379.8125067608,93.9298374919
2380.5265219144,94.0641916682
2381.2405370679,94.0338853726
2381.9545522215,94.0621337067
2382.6685673750,94.1277510495
2383.3825825285,94.0822336619
2384.0965976821,94.1539016602
2384.8106128356,94.1814068909
2385.5246279892,94.0946312796
2386.2386431427,94.2371395067
2386.9526582963,94.1185639096
2387.6666734498,94.1567863139
2388.3806886034,94.1829252447
2389.0947037569,94.3133243087
2389.8087189104,94.2885594208
2390.5227340640,94.1269341819
2391.2367492175,94.1660212261
2391.9507643711,94.3231502211
2392.6647795246,94.3071919867
2393.3787946782,94.2918503688
2394.0928098317,94.3016649991
2394.8068249852,94.2046263408
2395.5208401388,94.1952160349
2396.2348552923,94.0747280430
2396.9488704459,94.1075721838
2397.6628855994,94.2353456296
2398.3769007530,94.2399134119
2399.0909159065,94.2569484100
2399.8049310601,94.2725393227
2400.5189462136,94.2398872969
2401.2329613671,94.2788119876
2401.9469765207,94.4202635087
2402.6609916742,94.3439631702
2403.3750068278,94.2317381116
2404.0890219813,94.2395720378
2404.8030371349,94.2360671938
2405.5170522884,94.3085793799
2406.2310674419,94.2660911006
2406.9450825955,94.1768682871
2407.6590977490,94.2827519662
2408.3731129026,94.1790515831
2409.0871280561,94.0448062250
2409.8011432097,94.2479274378
2410.5151583632,94.2714070555
2411.2291735167,94.0865049376
2411.9431886703,94.1340968892
2412.6572038238,94.2750733074
2413.3712189774,94.2441077432
2414.0852341309,94.0879072044
2414.7992492845,94.0652856753
2415.5132644380,94.1539791070
2416.2272795916,94.1503029636
2416.9412947451,94.1227045197
2417.6553098986,94.0680117277
2418.3693250522,94.0823749265
2419.0833402057,94.2450254021
2419.7973553593,94.2326540377
2420.5113705128,94.1470551786
2421.2253856664,94.1704067467
2421.9394008199,94.0866619122
2422.6534159734,94.1087397746
2423.3674311270,94.2287958104
2424.0814462805,94.1964018079
2424.7954614341,94.1960735445
2425.5094765876,94.1560063748
2426.2234917412,94.1169042201
2426.9375068947,94.2250889142
2427.6515220483,94.1794660125
2428.3655372018,94.1149650138
2429.0795523553,94.1157720345
2429.7935675089,94.0178632303
2430.5075826624,94.1168015910
2431.2215978160,94.1691561835
2431.9356129695,94.0405704869
2432.6496281231,94.1509642509
2433.3636432766,94.1027338915
2434.0776584301,93.9368974578
2434.7916735837,94.0929888837
2435.5056887372,94.0691206990
2436.2197038908,93.9892841758
2436.9337190443,94.1055942769
2437.6477341979,93.9477356406
2438.3617493514,93.9058027934
2439.0757645050,94.1531189430
2439.7897796585,94.1209761478
2440.5037948120,94.0048658316
2441.2178099656,93.9599410606
2441.9318251191,93.8832717770
2442.6458402727,93.9353051074
2443.3598554262,93.9978319011
2444.0738705798,94.0194468736
2444.7878857333,94.0562123540
2445.5019008868,93.9784601411
2446.2159160404,93.9665290772
2446.9299311939,94.0193915662
2447.6439463475,93.8753018883
2448.3579615010,93.7689415682
2449.0719766546,93.9214416244
2449.7859918081,94.0647085697
2450.5000069616,94.0603468609
2451.2140221152,94.0529807662
2451.9280372687,94.0338870193
2452.6420524223,93.9372997681
2453.3560675758,93.9303621639
2454.0700827294,93.9756764115
2454.7840978829,93.9398240884
2455.4981130365,93.9390290443
2456.2121281900,93.9029396650
2456.9261433435,93.8329453353
2457.6401584971,93.9319615195
2458.3541736506,94.0633746169
2459.0681888042,94.0858824740
2459.7822039577,93.9775412401
2460.4962191113,93.8432012351
2461.2102342648,93.9986593080
2461.9242494183,94.1012835288
2462.6382645719,93.9121142763
2463.3522797254,93.9680919236
2464.0662948790,94.0379710555
2464.7803100325,93.8419482535
2465.4943251861,93.9046898887
2466.2083403396,94.0423317792
2466.9223554932,93.9486208861
2467.6363706467,93.9195355452
2468.3503858002,93.9183455042
2469.0644009538,93.9261457346
2469.7784161073,93.9740878784
2470.4924312609,93.9505320616
2471.2064464144,94.0137502070
2471.9204615680,94.0150196829
2472.6344767215,93.8449741316
2473.3484918750,93.9461828374
2474.0625070286,94.1195745789
2474.7765221821,93.9253541763
2475.4905373357,93.7882658730
2476.2045524892,93.9378416426
2476.9185676428,93.9763278582
2477.6325827963,93.9163717721
2478.3465979498,94.0158715392
2479.0606131034,94.0724541456
2479.7746282569,93.9791453782
2480.4886434105,93.9593947071
2481.2026585640,93.9592242885
2481.9166737176,93.9486296350
2482.6306888711,93.9827600264
2483.3447040247,93.9207000610
2484.0587191782,93.9187665624
2484.7727343317,93.9589771738
2485.4867494853,93.8449444567
2486.2007646388,93.9214270107
2486.9147797924,94.0030460687
2487.6287949459,93.8108344985
2488.3428100995,93.8903352011
2489.0568252530,93.9980851580
2489.7708404065,93.8442025013
2490.4848555601,93.9118663827
2491.1988707136,93.8450710320
2491.9128858672,93.6808038180
2492.6269010207,93.9616902688
2493.3409161743,93.9696044835
2494.0549313278,93.6808861934
2494.7689464814,93.8045651322
2495.4829616349,93.8612088542
2496.1969767884,93.7809269002
2496.9109919420,93.9214583208
2497.6250070955,93.8899101764
2498.3390222491,93.7823864496
2499.0530374026,93.8457171036
2499.7670525562,93.7975392498
2500.4810677097,93.7217798674
2501.1950828632,93.7774164805
2501.9090980168,93.7964964027
2502.6231131703,93.7817884898
2503.3371283239,93.8738180499
2504.0511434774,93.9844965479
2504.7651586310,93.9128618729
2505.4791737845,93.8321027876
2506.1931889380,93.8979680765
2506.9072040916,93.8366706102
2507.6212192451,93.7196752627
2508.3352343987,93.7629867171
2509.0492495522,93.7864956445
2509.7632647058,93.7683389967
2510.4772798593,93.7929956230
2511.1912950129,93.8455482589
2511.9053101664,93.9193609285
2512.6193253199,93.8309698396
2513.3333404735,93.7012769032
2514.0473556270,93.8362281362
2514.7613707806,93.9450566152
2515.4753859341,93.8221175826
2516.1894010877,93.7839009666
2516.9034162412,93.8687405725
2517.6174313947,93.8364725698
2518.3314465483,93.7448877307
2519.0454617018,93.7981908394
2519.7594768554,93.8477595278
2520.4734920089,93.7955080750
2521.1875071625,93.8975932232
2521.9015223160,93.9605397545
2522.6155374696,93.7428183756
2523.3295526231,93.6870556566
2524.0435677766,93.7713864165
2524.7575829302,93.6541321541
2525.4715980837,93.6702172466
2526.1856132373,93.8834981102
2526.8996283908,93.9114283893
2527.6136435444,93.8419101942
2528.3276586979,93.8245753775
2529.0416738514,93.8222130684
2529.7556890050,93.8486862341
2530.4697041585,93.8290055804
2531.1837193121,93.7350897520
2531.8977344656,93.6836908923
2532.6117496192,93.7161665996
2533.3257647727,93.7736977615
2534.0397799262,93.8329586359
2534.7537950798,93.8989976788
2535.4678102333,93.8775054246
2536.1818253869,93.7568576701
2536.8958405404,93.7314781809
2537.6098556940,93.7383722586
2538.3238708475,93.6351375573
2539.0378860011,93.6732304864
2539.7519011546,93.8683656982
2540.4659163081,93.8427812125
2541.1799314617,93.7178978519
2541.8939466152,93.7707330901
2542.6079617688,93.7765276252
2543.3219769223,93.7011174320
2544.0359920759,93.7927663010
2544.7500072294,93.8773823820
2545.4640223829,93.7816011234
2546.1780375365,93.7004131711
2546.8920526900,93.6662933068
2547.6060678436,93.6318946265
2548.3200829971,93.6812347435
2549.0340981507,93.7314931435
2549.7481133042,93.6729961337
2550.4621284578,93.6224541890
2551.1761436113,93.6412854927
2551.8901587648,93.6386309587
2552.6041739184,93.6926228738
2553.3181890719,93.8661039716
2554.0322042255,93.8670443918
2554.7462193790,93.6890160948
2555.4602345326,93.6925453349
2556.1742496861,93.7481408154
2556.8882648396,93.7073714172
2557.6022799932,93.7857252320
2558.3162951467,93.8078744122
2559.0303103003,93.6947386692
2559.7443254538,93.7038942889
2560.4583406074,93.6553735798
2561.1723557609,93.5675972859
2561.8863709144,93.7034519819
2562.6003860680,93.7271321576
2563.3144012215,93.5572606916
2564.0284163751,93.6094515127
2564.7424315286,93.7709705742
2565.4564466822,93.7624385893
2566.1704618357,93.7045486736
2566.8844769893,93.6722155987
2567.5984921428,93.6087082500
2568.3125072963,93.5807794683
2569.0265224499,93.6130340581
2569.7405376034,93.5694400233
2570.4545527570,93.5320913943
2571.1685679105,93.6239775301
2571.8825830641,93.6507346598
2572.5965982176,93.6312418643
2573.3106133711,93.6926968069
2574.0246285247,93.6502211083
2574.7386436782,93.5591025847
2575.4526588318,93.5446124850
2576.1666739853,93.5196844250
2576.8806891389,93.6223711867
2577.5947042924,93.7260247976
2578.3087194460,93.5518201626
2579.0227345995,93.4269754064
2579.7367497530,93.4688185983
2580.4507649066,93.4412835233
2581.1647800601,93.4974592170
2581.8787952137,93.6228955307
2582.5928103672,93.5624495781
2583.3068255208,93.4786650972
2584.0208406743,93.4973882103
2584.7348558278,93.4945815694
2585.4488709814,93.5204974244
2586.1628861349,93.5486605094
2586.8769012885,93.4460954043
2587.5909164420,93.4339140826
2588.3049315956,93.5551216611
2589.0189467491,93.4653823392
2589.7329619027,93.3978938667
2590.4469770562,93.5993292700
2591.1609922097,93.5930952707
2591.8750073633,93.4373656147
2592.5890225168,93.4971809812
2593.3030376704,93.4681678600
2594.0170528239,93.3856281598
2594.7310679775,93.4623826648
2595.4450831310,93.4254710623
2596.1590982845,93.3714452915
2596.8731134381,93.4164418739
2597.5871285916,93.3525481615
2598.3011437452,93.3643968885
2599.0151588987,93.4783105627
2599.7291740523,93.4315169016
2600.4431892058,93.3732125820
2601.1572043593,93.4291083657
2601.8712195129,93.4721226647
2602.5852346664,93.4408428353
2603.2992498200,93.3609206279
2604.0132649735,93.3447633733
2604.7272801271,93.3740234725
2605.4412952806,93.3662054373
2606.1553104342,93.4119685160
2606.8693255877,93.4930282957
2607.5833407412,93.4665674474
2608.2973558948,93.3683864637
2609.0113710483,93.3645921076
2609.7253862019,93.4339569186
2610.4394013554,93.3638461893
2611.1534165090,93.2953720992
2611.8674316625,93.4149458763
2612.5814468160,93.4399530250
2613.2954619696,93.3794167425
2614.0094771231,93.4269056829
2614.7234922767,93.3717066205
2615.4375074302,93.3069333641
2616.1515225838,93.4153955279
2616.8655377373,93.4388552775
2617.5795528909,93.3594514011
2618.2935680444,93.3304308044
2619.0075831979,93.3491981165
2619.7215983515,93.4423419967
2620.4356135050,93.4835608476
2621.1496286586,93.3924457731
2621.8636438121,93.3176045155
2622.5776589657,93.3194197186
2623.2916741192,93.3841088232
2624.0056892727,93.4111851425
2624.7197044263,93.3572402391
2625.4337195798,93.3521619810
2626.1477347334,93.3485865983
2626.8617498869,93.3253083656
2627.5757650405,93.3826046308
2628.2897801940,93.4039158768
2629.0037953475,93.3477704758
2629.7178105011,93.2975272815
2630.4318256546,93.2840304069
2631.1458408082,93.3634854871
2631.8598559617,93.3972601441
2632.5738711153,93.3356628797
2633.2878862688,93.3642249971
2634.0019014224,93.3818100546
2634.7159165759,93.3283163309
2635.4299317294,93.3355553792
2636.1439468830,93.3503105395
2636.8579620365,93.3861443060
2637.5719771901,93.4084604052
2638.2859923436,93.3294805008
2639.0000074972,93.3091410062
2639.7140226507,93.3166334589
2640.4280378042,93.3029053385
2641.1420529578,93.3799030964
2641.8560681113,93.3588335386
2642.5700832649,93.2949959099
2643.2840984184,93.4047046680
2643.9981135720,93.4098562703
2644.7121287255,93.3179490622
2645.4261438791,93.3497673461
2646.1401590326,93.3346290688
2646.8541741861,93.3159922001
2647.5681893397,93.3459525079
2648.2822044932,93.2666127636
2648.9962196468,93.2571030237
2649.7102348003,93.3513500636
2650.4242499539,93.3438389757
2651.1382651074,93.3454704823
2651.8522802609,93.3835838314
2652.5662954145,93.3461108027
2653.2803105680,93.3300933846
2653.9943257216,93.3739537270
2654.7083408751,93.4010784860
2655.4223560287,93.3813301804
2656.1363711822,93.3263506453
2656.8503863357,93.2948300030
2657.5644014893,93.3183920704
2658.2784166428,93.3820386899
2658.9924317964,93.4307317330
2659.7064469499,93.4073929495
2660.4204621035,93.3859758890
2661.1344772570,93.4262636571
2661.8484924106,93.4574666922
2662.5625075641,93.4321471982
2663.2765227176,93.3702788905
2663.9905378712,93.3471060356
2664.7045530247,93.3939253826
2665.4185681783,93.4295241881
2666.1325833318,93.4203762746
2666.8465984854,93.3975748617
2667.5606136389,93.3904749796
2668.2746287924,93.4086590327
2668.9886439460,93.4046413135
2669.7026590995,93.4033038332
2670.4166742531,93.4348753375
2671.1306894066,93.4242794454
2671.8447045602,93.4168275473
2672.5587197137,93.4547654778
2673.2727348673,93.4587782040
2673.9867500208,93.4670462480
2674.7007651743,93.4428376013
2675.4147803279,93.3043253023
2676.1287954814,93.2495127230
2676.8428106350,93.3528824950
2677.5568257885,93.3948936978
2678.2708409421,93.3606681362
2678.9848560956,93.3935808797
2679.6988712491,93.4353579277
2680.4128864027,93.3838244622
2681.1269015562,93.3488047275
2681.8409167098,93.3816563465
2682.5549318633,93.3464794069
2683.2689470169,93.3190975543
2683.9829621704,93.4076997303
2684.6969773239,93.4263581376
2685.4109924775,93.3460157602
2686.1250076310,93.3233455752
2686.8390227846,93.3489702351
2687.5530379381,93.3620123819
2688.2670530917,93.3113149202
2688.9810682452,93.2563203311
2689.6950833988,93.3002918845
2690.4090985523,93.3007976683
2691.1231137058,93.2421561700
2691.8371288594,93.2866916869
2692.5511440129,93.3121368176
2693.2651591665,93.2570276386
2693.9791743200,93.2548130457
2694.6931894736,93.2707081886
2695.4072046271,93.2539650548
2696.1212197806,93.2124030912
2696.8352349342,93.1744845274
2697.5492500877,93.2035967234
2698.2632652413,93.2400063536
2698.9772803948,93.2363893946
2699.6912955484,93.2303600857
2700.4053107019,93.2374226869
2701.1193258555,93.2748521607
2701.8333410090,93.2474611740
2702.5473561625,93.1820685890
2703.2613713161,93.2383749292
2703.9753864696,93.2515080625
2704.6894016232,93.1891480387
2705.4034167767,93.2301352059
2706.1174319303,93.2123247653
2706.8314470838,93.1523333270
2707.5454622373,93.1866027639
2708.2594773909,93.1526763058
2708.9734925444,93.1385557184
2709.6875076980,93.1707423421
2710.4015228515,93.0908669344
2711.1155380051,93.1077252401
2711.8295531586,93.1743580647
2712.5435683122,93.1033143378
2713.2575834657,93.0922599599
2713.9715986192,93.0862716933
2714.6856137728,93.0472379233
2715.3996289263,93.1013750646
2716.1136440799,93.0696108482
2716.8276592334,93.0464118284
2717.5416743870,93.1159236682
2718.2556895405,93.0369412122
2718.9697046940,93.0248861903
2719.6837198476,93.1356954252
2720.3977350011,93.0770067680
2721.1117501547,93.0267148756
2721.8257653082,93.0290640226
2722.5397804618,92.9700448525
2723.2537956153,93.0001132197
2723.9678107688,93.0048576561
2724.6818259224,92.9499010451
2725.3958410759,92.9709301419
2726.1098562295,92.9265251232
2726.8238713830,92.9106203141
2727.5378865366,93.0286613036
2728.2519016901,93.0368823218
2728.9659168437,92.9419488955
2729.6799319972,92.8854928769
2730.3939471507,92.8889514568
2731.1079623043,92.9363093414
2731.8219774578,92.9085414183
2732.5359926114,92.8699602861
2733.2500077649,92.9024269395
2733.9640229185,92.8702188319
2734.6780380720,92.8345549556
2735.3920532255,92.8691128119
2736.1060683791,92.8855421530
2736.8200835326,92.8952184114
2737.5340986862,92.8613467526
2738.2481138397,92.7976115205
2738.9621289933,92.8122777343
2739.6761441468,92.8438796821
2740.3901593004,92.8661839861
2741.1041744539,92.8930489451
2741.8181896074,92.8645533736
2742.5322047610,92.8209641127
2743.2462199145,92.7924553744
2743.9602350681,92.7853028221
2744.6742502216,92.8307787025
2745.3882653752,92.8437256922
2746.1022805287,92.7858146571
2746.8162956822,92.7468608559
2747.5303108358,92.7976028970
2748.2443259893,92.8694542608
2748.9583411429,92.8031345988
2749.6723562964,92.7071702631
2750.3863714500,92.7500062793
2751.1003866035,92.7991288310
2751.8144017570,92.8012577452
2752.5284169106,92.7839822309
2753.2424320641,92.7376346523
2753.9564472177,92.7509032557
2754.6704623712,92.7374817452
2755.3844775248,92.6829714078
2756.0984926783,92.7544863189
2756.8125078319,92.7744815875
2757.5265229854,92.6960937331
2758.2405381389,92.7277469137
2758.9545532925,92.7407561276
2759.6685684460,92.7132679955
2760.3825835996,92.7472029570
2761.0965987531,92.7079560810
2761.8106139067,92.6357712017
2762.5246290602,92.6154143030
2763.2386442137,92.6383287729
2763.9526593673,92.7342947653
2764.6666745208,92.7276323635
2765.3806896744,92.6265270918
2766.0947048279,92.6363438115
2766.8087199815,92.6144710629
2767.5227351350,92.5642160610
2768.2367502886,92.6394607168
2768.9507654421,92.6649872978
2769.6647805956,92.6108303017
2770.3787957492,92.5832483748
2771.0928109027,92.5409168233
2771.8068260563,92.5494044700
2772.5208412098,92.5913672246
2773.2348563634,92.5528246327
2773.9488715169,92.5125576514
2774.6628866704,92.5214319455
2775.3769018240,92.5299013310
2776.0909169775,92.5200982917
2776.8049321311,92.4932859752
2777.5189472846,92.4785861359
2778.2329624382,92.4508963039
2778.9469775917,92.4243476034
2779.6609927452,92.5040523024
2780.3750078988,92.5551566932
2781.0890230523,92.4167015661
2781.8030382059,92.3424672016
2782.5170533594,92.4615144389
2783.2310685130,92.4873425603
2783.9450836665,92.4023419126
2784.6590988201,92.3947747943
2785.3731139736,92.3790823758
2786.0871291271,92.3726785806
2786.8011442807,92.4349073890
2787.5151594342,92.3942106529
2788.2291745878,92.3543568954
2788.9431897413,92.4283389906
2789.6572048949,92.4083941447
2790.3712200484,92.3666887785
2791.0852352019,92.3696655752
2791.7992503555,92.2983488766
2792.5132655090,92.3316467522
2793.2272806626,92.4008150687
2793.9412958161,92.3064822672
2794.6553109697,92.3213929166
2795.3693261232,92.4185817930
2796.0833412768,92.3645767564
2796.7973564303,92.3416582683
2797.5113715838,92.3477712948
2798.2253867374,92.2956036060
2798.9394018909,92.3490223678
2799.6534170445,92.4166857674
2800.3674321980,92.3444119387
2801.0814473516,92.2748713832
2801.7954625051,92.3107488182
2802.5094776586,92.3357622228
2803.2234928122,92.2498465782
2803.9375079657,92.1960372845
2804.6515231193,92.2527997636
2805.3655382728,92.2483637277
2806.0795534264,92.1864171623
2806.7935685799,92.1800622070
2807.5075837334,92.1808209319
2808.2215988870,92.1708479463
2808.9356140405,92.1818907368
2809.6496291941,92.2148662124
2810.3636443476,92.2250755630
2811.0776595012,92.1948342877
2811.7916746547,92.2045333483
2812.5056898083,92.2041023778
2813.2197049618,92.1583031513
2813.9337201153,92.1951455565
2814.6477352689,92.2218395855
2815.3617504224,92.1802610602
2816.0757655760,92.2134617826
2816.7897807295,92.2265597606
2817.5037958831,92.1644047930
2818.2178110366,92.1245577499
2818.9318261901,92.0804077094
2819.6458413437,92.1085941193
2820.3598564972,92.2141275579
2821.0738716508,92.2519942063
2821.7878868043,92.2627012882
2822.5019019579,92.2255184583
2823.2159171114,92.1055613705
2823.9299322650,92.0695209462
2824.6439474185,92.1044531113
2825.3579625720,92.1050741370
2826.0719777256,92.0920398842
2826.7859928791,92.0748232840
2827.5000080327,92.0929234795
2828.2140231862,92.1113583443
2828.9280383398,92.0537042795
2829.6420534933,92.0116551660
2830.3560686468,92.0193044246
2831.0700838004,92.0270182911
2831.7840989539,92.0617649150
2832.4981141075,92.0768748680
2833.2121292610,92.0114156665
2833.9261444146,91.9496738716
2834.6401595681,91.9479465937
2835.3541747217,91.9306676214
2836.0681898752,91.8811009567
2836.7822050287,91.8694116817
2837.4962201823,91.8670457407
2838.2102353358,91.8523698527
2838.9242504894,91.8419120262
2839.6382656429,91.7802044285
2840.3522807965,91.7381143658
2841.0662959500,91.7385934596
2841.7803111035,91.6479715539
2842.4943262571,91.5867680997
2843.2083414106,91.6192514460
2843.9223565642,91.5842823500
2844.6363717177,91.5372742866
2845.3503868713,91.5006853681
2846.0644020248,91.4424588735
2846.7784171783,91.4133195085
2847.4924323319,91.2970123381
2848.2064474854,91.2013888450
2848.9204626390,91.2617197532
2849.6344777925,91.2040523010
2850.3484929461,91.0662242221
2851.0625080996,91.0406849043
2851.7765232532,91.0399928707
2852.4905384067,91.0886027480
2853.2045535602,91.0929467351
2853.9185687138,91.0185535070
2854.6325838673,91.0415629058
2855.3465990209,91.0342018851
2856.0606141744,91.0454188235
2856.7746293280,91.1483412419
2857.4886444815,91.0415694363
2858.2026596350,90.9578167588
2858.9166747886,91.1034686082
2859.6306899421,91.1086386483
2860.3447050957,91.0908143878
2861.0587202492,91.1925020679
2861.7727354028,91.1715019060
2862.4867505563,91.1322055222
2863.2007657099,91.1554639119
2863.9147808634,91.1908566979
2864.6287960169,91.2737743847
2865.3428111705,91.2578765852
2866.0568263240,91.2163404421
2866.7708414776,91.3186877833
2867.4848566311,91.3533939061
2868.1988717847,91.2755494649
2868.9128869382,91.2580602666
2869.6269020917,91.2892757022
2870.3409172453,91.2984105775
2871.0549323988,91.2524766842
2871.7689475524,91.2229085911
2872.4829627059,91.2512357009
2873.1969778595,91.2701563924
2873.9109930130,91.3193773734
2874.6250081665,91.3622921900
2875.3390233201,91.3407496978
2876.0530384736,91.3855086511
2876.7670536272,91.4537071742
2877.4810687807,91.4715450759
2878.1950839343,91.6004407297
2878.9090990878,91.8108731460
2879.6231142414,91.9073385909
2880.3371293949,91.9158827274
2881.0511445484,91.9968521661
2881.7651597020,92.1714599198
2882.4791748555,92.2830484357
2883.1931900091,92.3029982278
2883.9072051626,92.3233298475
2884.6212203162,92.2953993830
2885.3352354697,92.2725823250
2886.0492506232,92.3426371915
2886.7632657768,92.3739107475
2887.4772809303,92.3807129144
2888.1912960839,92.4262057059
2888.9053112374,92.3657120753
2889.6193263910,92.2658047721
2890.3333415445,92.2957764403
2891.0473566981,92.3538496245
2891.7613718516,92.3116813278
2892.4753870051,92.1969322228
2893.1894021587,92.1174286267
2893.9034173122,92.0983776513
2894.6174324658,92.0582400931
2895.3314476193,92.0554972386
2896.0454627729,92.0969156983
2896.7594779264,91.9969129193
2897.4734930799,91.8715512138
2898.1875082335,91.9017156281
2898.9015233870,91.8532830901
2899.6155385406,91.6974638304
2900.3295536941,91.7133967105
2901.0435688477,91.7986533108
2901.7575840012,91.7315672147
2902.4715991547,91.5918601244
2903.1856143083,91.5346836167
2903.8996294618,91.5826505065
2904.6136446154,91.5586043795
2905.3276597689,91.4750322768
2906.0416749225,91.5447101041
2906.7556900760,91.5188831063
2907.4697052296,91.2906926244
2908.1837203831,91.2603213419
2908.8977355366,91.2823755104
2909.6117506902,91.1337306795
2910.3257658437,91.1321062522
2911.0397809973,91.1677306126
2911.7537961508,91.0106994244
2912.4678113044,90.8964125971
2913.1818264579,90.8601421374
2913.8958416114,90.7827721155
2914.6098567650,90.6723450668
2915.3238719185,90.5637090772
2916.0378870721,90.5318028526
2916.7519022256,90.4981341573
2917.4659173792,90.3937930939
2918.1799325327,90.2940781785
2918.8939476863,90.2276455727
2919.6079628398,90.2235797205
2920.3219779933,90.1399649019
2921.0359931469,89.9675971735
2921.7500083004,89.9790083749
2922.4640234540,89.9881895378
2923.1780386075,89.8941775223
2923.8920537611,89.9418034192
2924.6060689146,89.9261333937
2925.3200840681,89.8917596101
2926.0340992217,90.0100399146
2926.7481143752,89.9800655577
2927.4621295288,89.9708531787
2928.1761446823,90.0537489203
2928.8901598359,89.9461606747
2929.6041749894,89.9929690650
2930.3181901429,90.1615566412
2931.0322052965,90.1407992472
2931.7462204500,90.2243162807
2932.4602356036,90.2803505590
2933.1742507571,90.2206178450
2933.8882659107,90.3807668346
2934.6022810642,90.4756827491
2935.3162962178,90.4366919035
2936.0303113713,90.5464092861
2936.7443265248,90.5850930434
2937.4583416784,90.6146665680
2938.1723568319,90.8234362464
2938.8863719855,90.9400173620
2939.6003871390,90.9186871598
2940.3144022926,90.9499936752
2941.0284174461,91.0894224789
2941.7424325996,91.2429701867
2942.4564477532,91.3154649598
2943.1704629067,91.4284647052
2943.8844780603,91.5355539844
2944.5984932138,91.5181180613
2945.3125083674,91.6143076613
2946.0265235209,91.8467664071
2946.7405386745,92.0105061014
2947.4545538280,92.0895816890
2948.1685689815,92.0751262601
2948.8825841351,92.1067533772
2949.5965992886,92.2804767768
2950.3106144422,92.3653818756
2951.0246295957,92.3429531733
2951.7386447493,92.3751408076
2952.4526599028,92.4822811747
2953.1666750563,92.6184885008
2953.8806902099,92.6354664433
2954.5947053634,92.5928381724
2955.3087205170,92.6750361243
2956.0227356705,92.7474523368
2956.7367508241,92.7592567780
2957.4507659776,92.8286149471
2958.1647811312,92.9452778407
2958.8787962847,93.0831910816
2959.5928114382,93.1374634857
2960.3068265918,93.1052304039
2961.0208417453,93.1500485377
2961.7348568989,93.2038756517
2962.4488720524,93.2373751591
2963.1628872060,93.3295539327
2963.8769023595,93.3918961045
2964.5909175130,93.5301560387
2965.3049326666,93.7851032921
2966.0189478201,93.8323834755
2966.7329629737,93.7922226337
2967.4469781272,93.9998239042
2968.1609932808,94.1335407941
2968.8750084343,94.1357795239
2969.5890235878,94.7041480996
2970.3030387414,95.6452865287
2971.0170538949,95.7765636404
2971.7310690485,95.1764042278
2972.4450842020,94.9441026505
2973.1590993556,95.0451418579
2973.8731145091,94.9062180348
2974.5871296627,94.7878507085
2975.3011448162,94.9393352226
2976.0151599697,95.0580459635
2976.7291751233,95.1928108319
2977.4431902768,95.5313938151
2978.1572054304,95.7736137678
2978.8712205839,96.0549881181
2979.5852357375,96.5962852282
2980.2992508910,96.7544415577
2981.0132660445,96.8564173159
2981.7272811981,97.5302242849
2982.4412963516,97.2082771889
2983.1553115052,95.6149320518
2983.8693266587,94.8988996955
2984.5833418123,94.8913547957
2985.2973569658,94.4985925001
2986.0113721194,94.3944239196
2986.7253872729,94.5035114466
2987.4394024264,94.2766204450
2988.1534175800,94.1788607109
2988.8674327335,94.2168136698
2989.5814478871,94.1964861773
2990.2954630406,94.2762783063
2991.0094781942,94.3390327474
2991.7234933477,94.3357021787
2992.4375085012,94.2442332373
2993.1515236548,94.1155105202
2993.8655388083,94.1569925277
2994.5795539619,94.1339172861
2995.2935691154,94.0229250806
2996.0075842690,94.0645990357
2996.7215994225,94.0120763424
2997.4356145760,93.9232162246
2998.1496297296,93.9638126391
2998.8636448831,93.8490214723
2999.5776600367,93.7165216685
3000.2916751902,93.7055845038
3001.0056903438,93.5571089559
3001.7197054973,93.3788697164
3002.4337206509,93.2857597038
3003.1477358044,93.1674181012
3003.8617509579,93.0658613090
3004.5757661115,92.9700092233
3005.2897812650,92.8320895934
3006.0037964186,92.6924584886
3006.7178115721,92.5689904497
3007.4318267257,92.4591151897
3008.1458418792,92.3450766445
3008.8598570327,92.2738203712
3009.5738721863,92.2683362050
3010.2878873398,92.2334049070
3011.0019024934,92.1374898543
3011.7159176469,92.0133959233
3012.4299328005,91.8927762599
3013.1439479540,91.7877277462
3013.8579631076,91.6664564349
3014.5719782611,91.5892455734
3015.2859934146,91.5494718180
3016.0000085682,91.4626119071
3016.7140237217,91.4255222402
3017.4280388753,91.4565724155
3018.1420540288,91.4361762402
3018.8560691824,91.3508191762
3019.5700843359,91.2486943060
3020.2840994894,91.2520978888
3020.9981146430,91.3419097718
3021.7121297965,91.3152672498
3022.4261449501,91.2226138369
3023.1401601036,91.1585432760
3023.8541752572,91.0819939853
3024.5681904107,91.1073969293
3025.2822055642,91.1872317764
3025.9962207178,91.0982411013
3026.7102358713,90.9628907513
3027.4242510249,90.9767270986
3028.1382661784,90.9852471022
3028.8522813320,90.8390527228
3029.5662964855,90.7465334599
3030.2803116391,90.8387023144
3030.9943267926,90.8966864493
3031.7083419461,90.8432683073
3032.4223570997,90.7658455397
3033.1363722532,90.7003213445
3033.8503874068,90.7466873824
3034.5644025603,90.7861386517
3035.2784177139,90.6855135281
3035.9924328674,90.6540074999
3036.7064480209,90.6466533043
3037.4204631745,90.5421405511
3038.1344783280,90.5275582847
3038.8484934816,90.5165514159
3039.5625086351,90.3916788989
3040.2765237887,90.3402423536
3040.9905389422,90.3641538555
3041.7045540958,90.3498380083
3042.4185692493,90.2786152208
3043.1325844028,90.2208151110
3043.8465995564,90.2512353465
3044.5606147099,90.2035028887
3045.2746298635,90.0781689740
3045.9886450170,90.0996600523
3046.7026601706,90.1327477148
3047.4166753241,90.0697558898
3048.1306904776,90.0336915139
3048.8447056312,89.9897708789
3049.5587207847,89.9489590842
3050.2727359383,89.9096328073
3050.9867510918,89.7999329546
3051.7007662454,89.7205444419
3052.4147813989,89.6811290848
3053.1287965524,89.6585226612
3053.8428117060,89.6638225721
3054.5568268595,89.5521259456
3055.2708420131,89.4585922939
3055.9848571666,89.5278795956
3056.6988723202,89.4698758057
3057.4128874737,89.3604708081
3058.1269026273,89.4432419625
3058.8409177808,89.4842704858
3059.5549329343,89.4543928169
3060.2689480879,89.4463412269
3060.9829632414,89.3299608744
3061.6969783950,89.2817341369
3062.4109935485,89.3199895694
3063.1250087021,89.1931135535
3063.8390238556,89.1687376006
3064.5530390091,89.3065016644
3065.2670541627,89.2092474423
3065.9810693162,89.1085321322
3066.6950844698,89.2111623294
3067.4090996233,89.1762035736
3068.1231147769,89.0266669678
3068.8371299304,88.9840802168
3069.5511450840,89.0768942311
3070.2651602375,89.2378060438
3070.9791753910,89.1792036943
3071.6931905446,88.9998869663
3072.4072056981,89.0586545726
3073.1212208517,89.1097129239
3073.8352360052,89.0601831360
3074.5492511588,89.1346695292
3075.2632663123,89.1088566997
3075.9772814658,89.0307797659
3076.6912966194,89.1474091809
3077.4053117729,89.1513173137
3078.1193269265,89.0602599129
3078.8333420800,89.2130432915
3079.5473572336,89.3824192268
3080.2613723871,89.3471393833
3080.9753875406,89.2576109024
3081.6894026942,89.1978746171
3082.4034178477,89.2130598742
3083.1174330013,89.2732862330
3083.8314481548,89.2643663043
3084.5454633084,89.2420192361
3085.2594784619,89.3027971919
3085.9734936155,89.3532257290
3086.6875087690,89.3046586214
3087.4015239225,89.2649382849
3088.1155390761,89.3209646436
3088.8295542296,89.3920737671
3089.5435693832,89.4246807844
3090.2575845367,89.4347457511
3090.9715996903,89.4318011759
3091.6856148438,89.4480299028
3092.3996299973,89.4997090882
3093.1136451509,89.5612600976
3093.8276603044,89.5954800650
3094.5416754580,89.5706379116
3095.2556906115,89.5381136586
3095.9697057651,89.5722102835
3096.6837209186,89.6257918947
3097.3977360722,89.6561309003
3098.1117512257,89.6985945152
3098.8257663792,89.6842410711
3099.5397815328,89.5959867389
3100.2537966863,89.6574789361
3100.9678118399,89.8363278844
3101.6818269934,89.8108697651
3102.3958421470,89.6949169999
3103.1098573005,89.7316170074
3103.8238724540,89.7689169667
3104.5378876076,89.7621987256
3105.2519027611,89.8098692385
3105.9659179147,89.8104436314
3106.6799330682,89.7735614101
3107.3939482218,89.8047374670
3108.1079633753,89.8253282150
3108.8219785289,89.8016772333
3109.5359936824,89.8170059959
3110.2500088359,89.8130648420
3110.9640239895,89.7383282566
3111.6780391430,89.8002618173
3112.3920542966,90.0022493342
3113.1060694501,90.0046687210
3113.8200846037,89.8687944575
3114.5340997572,89.8380012126
3115.2481149107,89.8441387489
3115.9621300643,89.8934136537
3116.6761452178,89.9337552297
3117.3901603714,89.9022894908
3118.1041755249,90.0060501418
3118.8181906785,90.0683434550
3119.5322058320,89.9166603798
3120.2462209855,89.8698523507
3120.9602361391,89.8929041199
3121.6742512926,89.9037145474
3122.3882664462,89.9641657541
3123.1022815997,89.8751644976
3123.8162967533,89.8360770488
3124.5303119068,89.9232138665
3125.2443270604,89.8617982695
3125.9583422139,89.9369892747
3126.6723573674,90.0074349267
3127.3863725210,89.7472983388
3128.1003876745,89.7676692413
3128.8144028281,89.9869521437
3129.5284179816,89.8920824276
3130.2424331352,89.8183149297
3130.9564482887,89.7842501410
3131.6704634422,89.7522829821
3132.3844785958,89.9170172251
3133.0984937493,89.8564505537
3133.8125089029,89.6462766776
3134.5265240564,89.7304743519
3135.2405392100,89.7715847791
3135.9545543635,89.6785965182
3136.6685695171,89.6888059490
3137.3825846706,89.6934595746
3138.0965998241,89.6463863429
3138.8106149777,89.5887574069
3139.5246301312,89.5905385350
3140.2386452848,89.6537561963
3140.9526604383,89.5971729070
3141.6666755919,89.5089843085
3142.3806907454,89.5430419119
3143.0947058989,89.5525576932
3143.8087210525,89.4735034548
3144.5227362060,89.4386063179
3145.2367513596,89.4218073453
3145.9507665131,89.2844271993
3146.6647816667,89.3117969367
3147.3787968202,89.5521936064
3148.0928119737,89.3941030033
3148.8068271273,89.1701277173
3149.5208422808,89.3485557671
3150.2348574344,89.2461167854
3150.9488725879,89.0901749576
3151.6628877415,89.2626236338
3152.3769028950,89.0873200019
3153.0909180486,89.0347000132
3153.8049332021,89.3419019879
3154.5189483556,89.1642639670
3155.2329635092,89.0229625921
3155.9469786627,89.1283513383
3156.6609938163,88.9327168796
3157.3750089698,88.9960384492
3158.0890241234,89.1272289763
3158.8030392769,88.8600965453
3159.5170544304,88.8091939823
3160.2310695840,88.8156450788
3160.9450847375,88.7221564314
3161.6590998911,88.8035505239
3162.3731150446,88.6673662451
3163.0871301982,88.5418108508
3163.8011453517,88.6086978085
3164.5151605053,88.4074288774
3165.2291756588,88.3651466886
3165.9431908123,88.5039718061
3166.6572059659,88.3310208196
3167.3712211194,88.2721215362
3168.0852362730,88.3114790742
3168.7992514265,88.2140813301
3169.5132665801,88.3026200431
3170.2272817336,88.2991735094
3170.9412968871,88.1034012586
3171.6553120407,88.0952131881
3172.3693271942,88.0458660601
3173.0833423478,87.9246621881
3173.7973575013,87.9525355717
3174.5113726549,87.9178786214
3175.2253878084,87.8755355621
3175.9394029619,87.9080440115
3176.6534181155,87.7481529737
3177.3674332690,87.5849661177
3178.0814484226,87.6720435300
3178.7954635761,87.6846219714
3179.5094787297,87.5488377003
3180.2234938832,87.5308795261
3180.9375090368,87.5575860424
3181.6515241903,87.5346601438
3182.3655393438,87.4621128103
3183.0795544974,87.3340396835
3183.7935696509,87.3778432865
3184.5075848045,87.4328984222
3185.2215999580,87.1917809564
3185.9356151116,87.1367420115
3186.6496302651,87.2868164173
3187.3636454186,87.0693135236
3188.0776605722,86.8763863447
3188.7916757257,87.0015251263
3189.5056908793,86.9234001262
3190.2197060328,86.7149260914
3190.9337211864,86.7193216847
3191.6477363399,86.7380947298
3192.3617514935,86.6902962603
3193.0757666470,86.7175825462
3193.7897818005,86.6455622837
3194.5037969541,86.4288438686
3195.2178121076,86.4652974016
3195.9318272612,86.5577211039
3196.6458424147,86.2978906933
3197.3598575683,86.1948552681
3198.0738727218,86.2625661258
3198.7878878753,86.0893846445
3199.5019030289,86.1703196661
3200.2159181824,86.2746899461
3200.9299333360,85.8938045733
3201.6439484895,85.7517524035
3202.3579636431,85.8506950578
3203.0719787966,85.7219641198
3203.7859939501,85.7104467808
3204.5000091037,85.7218711131
3205.2140242572,85.6897319146
3205.9280394108,85.7911762386
3206.6420545643,85.6527870211
3207.3560697179,85.4417858260
3208.0700848714,85.4913361446
3208.7841000250,85.4946096349
3209.4981151785,85.4201594052
3210.2121303320,85.3282064317
3210.9261454856,85.2358042712
3211.6401606391,85.2238538164
3212.3541757927,85.1356413838
3213.0681909462,85.1243195976
3213.7822060998,85.1693520718
3214.4962212533,84.9147003920
3215.2102364068,84.7826560103
3215.9242515604,84.9268789442
3216.6382667139,84.8469837960
3217.3522818675,84.6638949094
3218.0662970210,84.5982492677
3218.7803121746,84.5423788584
3219.4943273281,84.5109198888
3220.2083424817,84.4663038003
3220.9223576352,84.3929713642
3221.6363727887,84.3121309744
3222.3503879423,84.2216211385
3223.0644030958,84.1633737834
3223.7784182494,84.0920473795
3224.4924334029,83.9971509219
3225.2064485565,83.8498022669
3225.9204637100,83.7355705354
3226.6344788635,83.8175217867
3227.3484940171,83.7190584860
3228.0625091706,83.4161689652
3228.7765243242,83.4691287711
3229.4905394777,83.6028968697
3230.2045546313,83.4768338693
3230.9185697848,83.3298704343
3231.6325849384,83.1986781813
3232.3466000919,83.1954951755
3233.0606152454,83.1905046937
3233.7746303990,82.9461041866
3234.4886455525,82.9023965711
3235.2026607061,82.9851806280
3235.9166758596,82.7831351507
3236.6306910132,82.6317521514
3237.3447061667,82.6154004903
3238.0587213202,82.5187610057
3238.7727364738,82.3822476046
3239.4867516273,82.2354953769
3240.2007667809,82.2233312327
3240.9147819344,82.2411870086
3241.6287970880,82.0999195429
3242.3428122415,82.0039587985
3243.0568273950,81.9254313104
3243.7708425486,81.8338911198
3244.4848577021,81.8499260323
3245.1988728557,81.7291651857
3245.9128880092,81.4626766495
3246.6269031628,81.2941099081
3247.3409183163,81.2635471932
3248.0549334699,81.3306303249
3248.7689486234,81.2315283332
3249.4829637769,81.0240192997
3250.1969789305,81.0183586317
3250.9109940840,80.9233980792
3251.6250092376,80.6170320789
3252.3390243911,80.5013253482
3253.0530395447,80.5571747196
3253.7670546982,80.4617200156
3254.4810698517,80.2480864446
3255.1950850053,80.1811399352
3255.9091001588,80.1453385447
3256.6231153124,79.9976105827
3257.3371304659,79.9384524223
3258.0511456195,79.8305721258
3258.7651607730,79.6707553773
3259.4791759266,79.7165004237
3260.1931910801,79.5739154887
3260.9072062336,79.2950668482
3261.6212213872,79.3350314911
3262.3352365407,79.2648987933
3263.0492516943,79.0238321819
3263.7632668478,78.9845517465
3264.4772820014,78.9870638072
3265.1912971549,78.9769946315
3265.9053123084,78.8817810115
3266.6193274620,78.6993112207
3267.3333426155,78.6158218712
3268.0473577691,78.4925382112
3268.7613729226,78.5025996835
3269.4753880762,78.5964035058
3270.1894032297,78.3426635819
3270.9034183832,78.2744928616
3271.6174335368,78.4891424250
3272.3314486903,78.3493236384
3273.0454638439,78.2036512752
3273.7594789974,78.2722320725
3274.4734941510,78.3067961129
3275.1875093045,78.3601913260
3275.9015244581,78.2765371902
3276.6155396116,78.1458300414
3277.3295547651,78.1699331669
3278.0435699187,78.1952071863
3278.7575850722,78.2523854875
3279.4716002258,78.2149550019
3280.1856153793,78.1791044989
3280.8996305329,78.4202071144
3281.6136456864,78.5195070234
3282.3276608399,78.4623471399
3283.0416759935,78.4876713633
3283.7556911470,78.4351473642
3284.4697063006,78.6258703012
3285.1837214541,78.8822216182
3285.8977366077,78.7983843492
3286.6117517612,78.9598191346
3287.3257669148,79.2466286991
3288.0397820683,79.1732540355
3288.7537972218,79.1516376227
3289.4678123754,79.2732581358
3290.1818275289,79.4845546295
3290.8958426825,79.7986141267
3291.6098578360,79.8870820512
3292.3238729896,79.8832747788
3293.0378881431,79.9757374271
3293.7519032966,80.1148053891
3294.4659184502,80.4271875102
3295.1799336037,80.6813223438
3295.8939487573,80.7366039762
3296.6079639108,80.7839184014
3297.3219790644,80.8554509987
3298.0359942179,81.1287674693
3298.7500093714,81.4502180772
3299.4640245250,81.5318275125
3300.1780396785,81.6831999883
3300.8920548321,81.8709638669
3301.6060699856,81.8976318443
3302.3200851392,82.0129590684
3303.0341002927,82.1632470515
3303.7481154463,82.3232814362
3304.4621305998,82.6008493174
3305.1761457533,82.7731665055
3305.8901609069,82.8494875877
3306.6041760604,82.9592575491
3307.3181912140,83.1154714378
3308.0322063675,83.3757523922
3308.7462215211,83.5469990427
3309.4602366746,83.6174433730
3310.1742518281,83.7922510065
3310.8882669817,83.9369217210
3311.6022821352,84.0746685524
3312.3162972888,84.2576364017
3313.0303124423,84.3085511864
3313.7443275959,84.4293216611
3314.4583427494,84.7031910790
3315.1723579030,84.8205402644
3315.8863730565,84.8646093111
3316.6003882100,85.0229883278
3317.3144033636,85.1625026986
3318.0284185171,85.3018717732
3318.7424336707,85.5230462093
3319.4564488242,85.6209917731
3320.1704639778,85.6283700041
3320.8844791313,85.8331365943
3321.5984942848,85.9860578527
3322.3125094384,85.9144657202
3323.0265245919,86.0626894748
3323.7405397455,86.3232206929
3324.4545548990,86.3842362393
3325.1685700526,86.6097483079
3325.8825852061,86.8923020321
3326.5966003596,86.8093357609
3327.3106155132,86.6963122945
3328.0246306667,86.8308729027
3328.7386458203,87.0506704215
3329.4526609738,87.2411823643
3330.1666761274,87.3548588296
3330.8806912809,87.4435898260
3331.5947064345,87.5215703953
3332.3087215880,87.5603479000
3333.0227367415,87.6602326582
3333.7367518951,87.7912423745
3334.4507670486,87.8960751974
3335.1647822022,88.0477727869
3335.8787973557,88.1940737651
3336.5928125093,88.2526749483
3337.3068276628,88.2460389509
3338.0208428163,88.2334589422
3338.7348579699,88.2558458670
3339.4488731234,88.3253604776
3340.1628882770,88.4591321991
3340.8769034305,88.5670113032
3341.5909185841,88.6192264649
3342.3049337376,88.7537656212
3343.0189488912,88.8643947825
3343.7329640447,88.8651640655
3344.4469791982,88.8948115423
3345.1609943518,88.8882936352
3345.8750095053,88.9155566367
3346.5890246589,89.0966732175
3347.3030398124,89.1898531086
3348.0170549660,89.1853718966
3348.7310701195,89.2054284559
3349.4450852730,89.2519237648
3350.1591004266,89.4207598778
3350.8731155801,89.4959634904
3351.5871307337,89.4398535778
3352.3011458872,89.5813941936
3353.0151610408,89.6770017072
3353.7291761943,89.6185704971
3354.4431913478,89.6975278559
3355.1572065014,89.7442036212
3355.8712216549,89.7680875094
3356.5852368085,89.8887619090
3357.2992519620,89.8588107586
3358.0132671156,89.8132513880
3358.7272822691,89.9088859712
3359.4412974227,90.0136177230
3360.1553125762,90.1428739528
3360.8693277297,90.1520156264
3361.5833428833,90.0629916659
3362.2973580368,90.1370635176
3363.0113731904,90.1923770421
3363.7253883439,90.1526028340
3364.4394034975,90.2121463995
3365.1534186510,90.3134137265
3365.8674338045,90.3935036079
3366.5814489581,90.4230958087
3367.2954641116,90.3727297243
3368.0094792652,90.3068126866
3368.7234944187,90.2839288243
3369.4375095723,90.4215441540
3370.1515247258,90.6227260127
3370.8655398794,90.6552259310
3371.5795550329,90.5964021893
3372.2935701864,90.5341070214
3373.0075853400,90.5605791942
3373.7216004935,90.7005186151
3374.4356156471,90.6869595691
3375.1496308006,90.6817075687
3375.8636459542,90.8402980570
3376.5776611077,90.7489095518
3377.2916762612,90.5904855380
3378.0056914148,90.7258682913
3378.7197065683,90.8038281595
3379.4337217219,90.7527456324
3380.1477368754,90.7782497501
3380.8617520290,90.8161111267
3381.5757671825,90.8718092784
3382.2897823361,90.9277633619
3383.0037974896,90.9613072879
3383.7178126431,91.0376488108
3384.4318277967,91.0669810378
3385.1458429502,91.0030723959
3385.8598581038,90.9609719859
3386.5738732573,91.0164735465
3387.2878884109,91.0957121731
3388.0019035644,91.0929857371
3388.7159187179,91.1364311457
3389.4299338715,91.2235545269
3390.1439490250,91.1554822664
3390.8579641786,91.1335561831
3391.5719793321,91.2660683942
3392.2859944857,91.2653363034
3393.0000096392,91.2171441761
3393.7140247927,91.3353470498
3394.4280399463,91.3850245021
3395.1420550998,91.2227996366
3395.8560702534,91.1648381982
3396.5700854069,91.4206873019
3397.2841005605,91.5734704731
3397.9981157140,91.3597549871
3398.7121308676,91.2820408821
3399.4261460211,91.4947604057
3400.1401611746,91.5520862747
3400.8541763282,91.4060545481
3401.5681914817,91.3646007516
3402.2822066353,91.4667817023
3402.9962217888,91.5830235351
3403.7102369424,91.6666674893
3404.4242520959,91.6591138931
3405.1382672494,91.5845617036
3405.8522824030,91.6128389229
3406.5662975565,91.6920535074
3407.2803127101,91.6644682833
3407.9943278636,91.6133737717
3408.7083430172,91.6073531369
3409.4223581707,91.6828044452
3410.1363733243,91.7846863347
3410.8503884778,91.7402830597
3411.5644036313,91.7388203063
3412.2784187849,91.8415915503
3412.9924339384,91.7959130038
3413.7064490920,91.8010008314
3414.4204642455,91.8732678962
3415.1344793991,91.7751702617
3415.8484945526,91.7740131729
3416.5625097061,91.8805151419
3417.2765248597,91.9193911385
3417.9905400132,91.9856088833
3418.7045551668,91.9593163331
3419.4185703203,91.9921153569
3420.1325854739,92.1707916041
3420.8466006274,92.1009048332
3421.5606157809,92.0549686270
3422.2746309345,92.1712090648
3422.9886460880,92.0792378328
3423.7026612416,92.0513577228
3424.4166763951,92.1100908998
3425.1306915487,92.0670479796
3425.8447067022,92.1779144534
3426.5587218558,92.1925230339
3427.2727370093,92.1124765524
3427.9867521628,92.2869519737
3428.7007673164,92.2708574732
3429.4147824699,92.1466950529
3430.1287976235,92.3411174964
3430.8428127770,92.4377659337
3431.5568279306,92.3608220551
3432.2708430841,92.2879513097
3432.9848582376,92.2064505713
3433.6988733912,92.3510854926
3434.4128885447,92.4124365295
3435.1269036983,92.2806073861
3435.8409188518,92.4713144903
3436.5549340054,92.5697913396
3437.2689491589,92.3391469531
3437.9829643125,92.4279702668
3438.6969794660,92.6069344589
3439.4109946195,92.5571477080
3440.1250097731,92.6250302282
3440.8390249266,92.6844410796
3441.5530400802,92.6643239699
3442.2670552337,92.7124938727
3442.9810703873,92.5901769726
3443.6950855408,92.4832025249
3444.4091006943,92.6216697590
3445.1231158479,92.6737198124
3445.8371310014,92.7065976125
3446.5511461550,92.8868693243
3447.2651613085,92.8353164417
3447.9791764621,92.6417199310
3448.6931916156,92.6114200197
3449.4072067691,92.6429524026
3450.1212219227,92.7501167594
3450.8352370762,92.7854712781
3451.5492522298,92.6959130853
3452.2632673833,92.7366948257
3452.9772825369,92.7077064544
3453.6912976904,92.6348519070
3454.4053128440,92.8320321624
3455.1193279975,92.8888322613
3455.8333431510,92.7919559062
3456.5473583046,92.9197119992
3457.2613734581,92.9517556094
3457.9753886117,92.8897811660
3458.6894037652,92.9205801655
3459.4034189188,92.8786687258
3460.1174340723,92.8582272101
3460.8314492258,92.7798778399
3461.5454643794,92.7909465125
3462.2594795329,93.0660188537
3462.9734946865,92.9458604875
3463.6875098400,92.8312894501
3464.4015249936,93.2701281588
3465.1155401471,93.2175521381
3465.8295553007,92.8618533378
3466.5435704542,93.0462975371
3467.2575856077,93.1074179140
3467.9716007613,92.9889893044
3468.6856159148,92.9510272336
3469.3996310684,92.8407846474
3470.1136462219,93.0492887051
3470.8276613755,93.1902680690
3471.5416765290,92.9613505437
3472.2556916825,93.0470625505
3472.9697068361,93.1569660109
3473.6837219896,93.0873823476
3474.3977371432,93.2170256272
3475.1117522967,93.2090081108
3475.8257674503,93.2234127427
3476.5397826038,93.4147351836
3477.2537977573,93.2900272152
3477.9678129109,93.1688016781
3478.6818280644,93.2331201792
3479.3958432180,93.1569059790
3480.1098583715,93.1399776920
3480.8238735251,93.1989502790
3481.5378886786,93.2108187347
3482.2519038322,93.2439096638
3482.9659189857,93.2286185110
3483.6799341392,93.2592393886
3484.3939492928,93.3082455792
3485.1079644463,93.2884748664
3485.8219795999,93.2675317827
3486.5359947534,93.2272477612
3487.2500099070,93.3803682465
3487.9640250605,93.5544397222
3488.6780402140,93.3448909410
3489.3920553676,93.2738346608
3490.1060705211,93.3891647188
3490.8200856747,93.3628379957
3491.5341008282,93.5379930935
3492.2481159818,93.6353332036
3492.9621311353,93.3838558335
3493.6761462889,93.3569807530
3494.3901614424,93.4838922716
3495.1041765959,93.4805481261
3495.8181917495,93.4768528414
3496.5322069030,93.5338056695
3497.2462220566,93.6675788191
3497.9602372101,93.6256355645
3498.6742523637,93.4562960534
3499.3882675172,93.5060651263
3500.1022826707,93.6409263759
3500.8162978243,93.7977207979
3501.5303129778,93.7741437470
3502.2443281314,93.5116342590
3502.9583432849,93.7077038855
3503.6723584385,93.9229252897
3504.3863735920,93.6699912353
3505.1003887456,93.7111205989
3505.8144038991,93.7364193427
3506.5284190526,93.6298607969
3507.2424342062,93.8666097407
3507.9564493597,93.7797889666
3508.6704645133,93.6385601495
3509.3844796668,94.0234289120
3510.0984948204,93.9976054630
3510.8125099739,93.8707700817
3511.5265251274,94.0109312745
3512.2405402810,93.8381676573
3512.9545554345,93.8696542958
3513.6685705881,94.0455543676
3514.3825857416,93.8330056416
3515.0966008952,93.8603802588
3515.8106160487,93.9525906409
3516.5246312022,93.7383781468
3517.2386463558,93.8480487443
3517.9526615093,94.1569539292
3518.6666766629,94.1494146637
3519.3806918164,94.0012890623
3520.0947069700,93.9927081517
3520.8087221235,94.0831262994
3521.5227372771,94.1016254260
3522.2367524306,94.2577827125
3522.9507675841,94.4475455308
3523.6647827377,94.1441624166
3524.3787978912,93.9475009863
3525.0928130448,94.1171102818
3525.8068281983,94.0912990571
3526.5208433519,94.0589216903
3527.2348585054,94.2734095339
3527.9488736589,94.4281411027
3528.6628888125,94.3899612952
3529.3769039660,94.2516811082
3530.0909191196,94.3338251174
3530.8049342731,94.4536386851
3531.5189494267,94.2559253302
3532.2329645802,94.1567639384
3532.9469797338,94.2896691961
3533.6609948873,94.4130028637
3534.3750100408,94.3737409105
3535.0890251944,94.1138109156
3535.8030403479,94.1682154573
3536.5170555015,94.5240895773
3537.2310706550,94.4818712757
3537.9450858086,94.4616334899
3538.6591009621,94.5358620252
3539.3731161156,94.4153455355
3540.0871312692,94.5236197160
3540.8011464227,94.5256267976
3541.5151615763,94.5101330626
3542.2291767298,94.5909490228
3542.9431918834,94.5665763928
3543.6572070369,94.6053977384
3544.3712221904,94.6354298126
3545.0852373440,94.4515848927
3545.7992524975,94.5727483182
3546.5132676511,94.7326528755
3547.2272828046,94.5780333100
3547.9412979582,94.6893424680
3548.6553131117,94.7995773527
3549.3693282653,94.6667549188
3550.0833434188,94.7249031098
3550.7973585723,94.7199318716
3551.5113737259,94.6329138914
3552.2253888794,94.8571673841
3552.9394040330,94.8878104694
3553.6534191865,94.7439385321
3554.3674343401,94.8032095471
3555.0814494936,94.8134573673
3555.7954646471,94.7728527508
3556.5094798007,94.9189488740
3557.2234949542,95.0349058706
3557.9375101078,94.9692124322
3558.6515252613,94.9371167570
3559.3655404149,94.9615413278
3560.0795555684,94.8841823686
3560.7935707220,94.9306343578
3561.5075858755,95.0964942952
3562.2216010290,94.9791783974
3562.9356161826,94.9944551915
3563.6496313361,95.2693350068
3564.3636464897,95.0821327288
3565.0776616432,94.9061500920
3565.7916767968,95.1075738263
3566.5056919503,94.8285287550
3567.2197071038,94.7223187720
3567.9337222574,95.1072069183
3568.6477374109,94.9422430208
3569.3617525645,94.9620669854
3570.0757677180,95.1405069311
3570.7897828716,94.9855381800
3571.5037980251,95.1480765597
3572.2178131786,95.4255370531
3572.9318283322,95.2802100841
3573.6458434857,95.3092389965
3574.3598586393,95.4359385379
3575.0738737928,95.2867455197
3575.7878889464,95.3357956392
3576.5019040999,95.4462715355
3577.2159192535,95.3885030052
3577.9299344070,95.3843518010
3578.6439495605,95.3675222914
3579.3579647141,95.3729868345
3580.0719798676,95.4648069022
3580.7859950212,95.5006506230
3581.5000101747,95.5503457724
3582.2140253283,95.5204236702
3582.9280404818,95.4855469713
3583.6420556353,95.6808126737
3584.3560707889,95.6258802120
3585.0700859424,95.3911649859
3585.7841010960,95.5758120510
3586.4981162495,95.7458659220
3587.2121314031,95.3835244639
3587.9261465566,95.5448010260
3588.6401617102,95.5840904699
3589.3541768637,95.1967904404
3590.0681920172,95.5158820288
3590.7822071708,95.7239904614
3591.4962223243,95.5401918277
3592.2102374779,95.7028026940
3592.9242526314,95.8683371510
3593.6382677850,95.5296712350
3594.3522829385,95.6056700456
3595.0662980920,95.9534411208
3595.7803132456,95.8520353065
3596.4943283991,95.7617282568
3597.2083435527,95.9109959330
3597.9223587062,95.9428007620
3598.6363738598,95.7876599126
3599.3503890133,95.7176506798
3600.0644041668,95.7872688460
3600.7784193204,95.7797052565
3601.4924344739,95.8048819767
3602.2064496275,95.9692111926
3602.9204647810,95.9873890082
3603.6344799346,96.0070478590
3604.3484950881,96.1020505750
3605.0625102417,95.9221160699
3605.7765253952,95.8937915259
3606.4905405487,96.1616282022
3607.2045557023,95.9740894935
3607.9185708558,95.8061562433
3608.6325860094,96.0191577431
3609.3466011629,95.9963258487
3610.0606163165,95.9410897054
3610.7746314700,96.0692822592
3611.4886466235,95.8591522760
3612.2026617771,96.1774663430
3612.9166769306,96.3176929404
3613.6306920842,95.8221041710
3614.3447072377,96.2288026991
3615.0587223913,96.6513203822
3615.7727375448,96.1514509829
3616.4867526984,96.2842617330
3617.2007678519,96.5282684088
3617.9147830054,96.1136136679
3618.6287981590,96.1491922493
3619.3428133125,96.2254715406
3620.0568284661,96.0974137195
3620.7708436196,96.3969308526
3621.4848587732,96.3519985943
3622.1988739267,96.3364729451
3622.9128890802,96.6337606743
3623.6269042338,96.4308534999
3624.3409193873,96.3694110646
3625.0549345409,96.7019641036
3625.7689496944,96.6354349626
3626.4829648480,96.4483814445
3627.1969800015,96.3427000140
3627.9109951551,96.1458571226
3628.6250103086,96.4007715429
3629.3390254621,96.3590519322
3630.0530406157,96.1964216220
3630.7670557692,96.5695657942
3631.4810709228,96.5619856124
3632.1950860763,96.5094437301
3632.9091012299,96.6722311472
3633.6231163834,96.5787453912
3634.3371315369,96.5674999800
3635.0511466905,96.8691806086
3635.7651618440,97.1203449387
3636.4791769976,97.3354592713
3637.1931921511,97.2547055943
3637.9072073047,97.0150953448
3638.6212224582,97.0642871785
3639.3352376117,97.1487519912
3640.0492527653,97.1518883956
3640.7632679188,97.1712269162
3641.4772830724,97.2663475931
3642.1912982259,97.4495504835
3642.9053133795,97.3496336223
3643.6193285330,97.2824675272
3644.3333436866,97.4496210559
3645.0473588401,97.2830083946
3645.7613739936,97.2574664813
3646.4753891472,97.5797746928
3647.1894043007,97.0759498867
3647.9034194543,96.6911315871
3648.6174346078,97.1669576038
3649.3314497614,96.7392643398
3650.0454649149,96.5630853869
3650.7594800684,97.5655549545
3651.4734952220,97.4927175957
3652.1875103755,97.1147542354
3652.9015255291,97.2884574395
3653.6155406826,97.2410489214
3654.3295558362,97.1807859326
3655.0435709897,97.2611525881
3655.7575861433,97.4331238894
3656.4716012968,97.3781834137
3657.1856164503,97.1924059343
3657.8996316039,97.4228168130
3658.6136467574,97.4981739616
3659.3276619110,97.5837217812
3660.0416770645,97.7468317100
3660.7556922181,97.4479519100
3661.4697073716,97.2564664584
3662.1837225251,97.4782469241
3662.8977376787,97.5080106387
3663.6117528322,97.6283970484
3664.3257679858,97.6822954830
3665.0397831393,97.5783103315
3665.7537982929,97.7183318767
3666.4678134464,97.7009005708
3667.1818285999,97.4769849220
3667.8958437535,97.6288274639
3668.6098589070,97.6610721623
3669.3238740606,97.2667753718
3670.0378892141,97.5428042957
3670.7519043677,97.8865339676
3671.4659195212,97.3682463851
3672.1799346748,97.5038896358
3672.8939498283,97.4704447835
3673.6079649818,97.4233853366
3674.3219801354,97.4158479081
3675.0359952889,97.2152559179
3675.7500104425,97.0927817186
3676.4640255960,97.2627684454
3677.1780407496,97.3202131523
3677.8920559031,97.3843038972
3678.6060710566,97.2598583016
3679.3200862102,97.2247267040
3680.0341013637,97.2914457038
3680.7481165173,97.0961766517
3681.4621316708,97.1173196946
3682.1761468244,97.3687452711
3682.8901619779,97.3112428801
3683.6041771315,97.4026252593
3684.3181922850,97.4730087671
3685.0322074385,97.2612718715
3685.7462225921,97.3255007572
3686.4602377456,97.2564699329
3687.1742528992,96.9229070226
3687.8882680527,97.1724873139
3688.6022832063,97.4025794555
3689.3162983598,96.6113786358
3690.0303135133,96.9609940955
3690.7443286669,97.2206359404
3691.4583438204,96.6808359569
3692.1723589740,96.7999192985
3692.8863741275,97.1252410014
3693.6003892811,96.9735565646
3694.3144044346,96.9948775726
3695.0284195881,97.2303976182
3695.7424347417,97.1859393104
3696.4564498952,97.2018820456
3697.1704650488,97.3207087788
3697.8844802023,97.2483284329
3698.5984953559,97.1923031941
3699.3125105094,97.0942808996
3700.0265256630,96.9947016979
3700.7405408165,97.1298249463
3701.4545559700,97.2379079132
3702.1685711236,96.9962779907
3702.8825862771,96.9674557542
3703.5966014307,97.0828867182
3704.3106165842,97.2162875856
3705.0246317378,97.1880411115
3705.7386468913,97.0664099457
3706.4526620448,97.2759824922
3707.1666771984,97.3634375688
3707.8806923519,97.1279610258
3708.5947075055,97.1748120450
3709.3087226590,97.3295439230
3710.0227378126,96.8701010001
3710.7367529661,96.8599851024
3711.4507681197,97.1488588635
3712.1647832732,97.2869213824
3712.8787984267,96.6084057512
3713.5928135803,96.8318242973
3714.3068287338,97.0477085100
3715.0208438874,96.9166407736
3715.7348590409,96.8689361661
3716.4488741945,97.0140342710
3717.1628893480,97.0913679056
3717.8769045015,97.2419632691
3718.5909196551,97.2645822301
3719.3049348086,97.0221553399
3720.0189499622,97.0730478410
3720.7329651157,97.2047227500
3721.4469802693,97.2173846915
3722.1609954228,97.1068782039
3722.8750105763,96.6994948894
3723.5890257299,96.9049189561
3724.3030408834,97.1454957137
3725.0170560370,96.7901639362
3725.7310711905,96.7751989254
3726.4450863441,97.0869725435
3727.1591014976,97.0740905689
3727.8731166512,97.1655043995
3728.5871318047,97.1505386373
3729.3011469582,97.2158973846
3730.0151621118,97.4244282013
3730.7291772653,97.1354491499
3731.4431924189,97.1917364115
3732.1572075724,97.6786495954
3732.8712227260,96.6660855702
3733.5852378795,96.8719482113
3734.2992530330,97.3217922501
3735.0132681866,96.5606738771
3735.7272833401,96.7886587152
3736.4412984937,97.1011479559
3737.1553136472,96.3401038303
3737.8693288008,96.9264055541
3738.5833439543,97.2595685945
3739.2973591079,96.8208008196
3740.0113742614,97.0951431986
3740.7253894149,97.3104303605
3741.4394045685,97.0854991189
3742.1534197220,97.0296388503
3742.8674348756,96.7862981259
3743.5814500291,96.7339400260
3744.2954651827,99.1206497960
3745.0094803362,96.3204181355
3745.7234954897,96.5459779563
3746.4375106433,97.1879463780
3747.1515257968,97.0578153460
3747.8655409504,96.7707707928
3748.5795561039,96.5740211983
3749.2935712575,96.6705553741
3750.0075864110,96.2461042359
3750.7216015645,96.5050271674
3751.4356167181,96.9889410986
3752.1496318716,97.3003086900
3752.8636470252,96.4404634700
3753.5776621787,96.9813414920
3754.2916773323,97.0019303099
3755.0056924858,96.7613746666
3755.7197076394,96.9171449849
3756.4337227929,96.9236943861
3757.1477379464,96.7508265887
3757.8617531000,96.8417745737
3758.5757682535,96.9412472851
3759.2897834071,97.0870339131
3760.0037985606,96.9015345881
3760.7178137142,96.8364424444
3761.4318288677,97.0397066277
3762.1458440212,97.0424628533
3762.8598591748,97.1090918105
3763.5738743283,97.1058443096
3764.2878894819,96.9316776013
3765.0019046354,97.1581215459
3765.7159197890,97.2300679760
3766.4299349425,96.8299129731
3767.1439500961,97.0598690649
3767.8579652496,97.0432911617
3768.5719804031,96.9109135708
3769.2859955567,97.2742255796
3770.0000107102,97.1059512853
3770.7140258638,96.6526082489
3771.4280410173,97.0214857929
3772.1420561709,97.0622404315
3772.8560713244,96.9672075963
3773.5700864779,97.1306180515
3774.2841016315,97.2079269074
3774.9981167850,97.1575041106
3775.7121319386,97.0285257912
3776.4261470921,97.0735595460
3777.1401622457,97.2352463875
3777.8541773992,97.0949542563
3778.5681925528,97.1169625514
3779.2822077063,97.4492565725
3779.9962228598,97.0689303288
3780.7102380134,96.8898371618
3781.4242531669,97.0896970613
3782.1382683205,97.0449691770
3782.8522834740,96.9219302251
3783.5662986276,96.9671194490
3784.2803137811,97.0511569830
3784.9943289346,97.0834389474
3785.7083440882,97.1195636084
3786.4223592417,97.1741675553
3787.1363743953,97.1669668033
3787.8503895488,97.1946087648
3788.5644047024,97.2305015265
3789.2784198559,97.1588786899
3789.9924350094,97.1790257684
3790.7064501630,97.1855979572
3791.4204653165,97.0992506723
3792.1344804701,97.2501819280
3792.8484956236,97.3990631784
3793.5625107772,97.3039773043
3794.2765259307,97.1950184548
3794.9905410843,97.1468305963
3795.7045562378,97.3260558391
3796.4185713913,97.5543435715
3797.1325865449,97.2918154772
3797.8466016984,97.3560964001
3798.5606168520,97.3279899196
3799.2746320055,96.9810499086
3799.9886471591,97.1233167791
3800.7026623126,97.3866056594
3801.4166774661,96.9941166099
3802.1306926197,96.9748989207
3802.8447077732,97.2361473250
3803.5587229268,97.0641272891
3804.2727380803,97.1018653494
3804.9867532339,97.0103014691
3805.7007683874,96.8111029370
3806.4147835410,97.1132549852
3807.1287986945,97.2750370859
3807.8428138480,96.7850915009
3808.5568290016,97.0501739084
3809.2708441551,97.1943684692
3809.9848593087,97.1852555689
3810.6988744622,97.2847068820
3811.4128896158,97.2624059140
3812.1269047693,97.1617676968
3812.8409199228,97.1891311864
3813.5549350764,97.0971660833
3814.2689502299,96.9716905653
3814.9829653835,97.1251007493
3815.6969805370,97.5526264785
3816.4109956906,97.0339910063
3817.1250108441,96.9407017656
3817.8390259976,97.1623462671
3818.5530411512,96.9018040398
3819.2670563047,96.7600354326
3819.9810714583,96.8556903113
3820.6950866118,96.9905883767
3821.4091017654,96.8672288209
3822.1231169189,96.6753884311
3822.8371320725,96.9641796941
3823.5511472260,97.2307785735
3824.2651623795,97.1157022203
3824.9791775331,96.9257251577
3825.6931926866,96.9275667634
3826.4072078402,97.1097106034
3827.1212229937,97.1788927729
3827.8352381473,96.9579345481
3828.5492533008,97.0295739088
3829.2632684543,97.3626182230
3829.9772836079,97.2784840286
3830.6912987614,97.0679871587
3831.4053139150,97.1509630351
3832.1193290685,97.0663305018
3832.8333442221,97.0782947830
3833.5473593756,97.1384786657
3834.2613745292,97.2512948678
3834.9753896827,97.4619260782
3835.6894048362,96.8270359521
3836.4034199898,96.6610582443
3837.1174351433,97.1801527619
3837.8314502969,97.6309762713
3838.5454654504,96.6241312660
3839.2594806040,96.8677324787
3839.9734957575,96.9975229467
3840.6875109110,96.9891547543
3841.4015260646,96.6930595209
3842.1155412181,96.5791565887
3842.8295563717,97.0579699843
3843.5435715252,97.2960967195
3844.2575866788,96.8423956706
3844.9716018323,97.0655087510
3845.6856169858,97.2167549944
3846.3996321394,97.2796234078
3847.1136472929,97.5043111972
3847.8276624465,97.2087008165
3848.5416776000,97.1463346319
3849.2556927536,97.5244657707
3849.9697079071,97.1368354421
3850.6837230607,96.9345517154
3851.3977382142,97.2867859376
3852.1117533677,96.7629940645
3852.8257685213,96.3339493001
3853.5397836748,97.2010655494
3854.2537988284,97.7022252097
3854.9678139819,96.1337026250
3855.6818291355,96.9092984853
3856.3958442890,96.9703612451
3857.1098594425,96.8528783740
3857.8238745961,96.8513505835
3858.5378897496,96.8992259818
3859.2519049032,97.1250113768
3859.9659200567,97.1352473085
3860.6799352103,97.0347828508
3861.3939503638,97.2455415149
3862.1079655174,97.1684510645
3862.8219806709,96.9145641591
3863.5359958244,97.0253976318
3864.2500109780,97.1800281228
3864.9640261315,97.2266499001
3865.6780412851,96.8591573404
3866.3920564386,96.8295749966
3867.1060715922,96.9887349070
3867.8200867457,96.8609416028
3868.5341018992,96.7539457651
3869.2481170528,97.0525032209
3869.9621322063,96.6633249405
3870.6761473599,96.4381918580
3871.3901625134,97.1361359843
3872.1041776670,97.0365267793
3872.8181928205,96.7483907085
3873.5322079740,97.0675079314
3874.2462231276,97.1190572150
3874.9602382811,96.8140841455
3875.6742534347,97.0772107687
3876.3882685882,97.1525070472
3877.1022837418,97.1294785457
3877.8162988953,97.0963864315
3878.5303140489,96.8746163036
3879.2443292024,96.8579733135
3879.9583443559,97.2513454388
3880.6723595095,97.1077965714
3881.3863746630,96.6896230466
3882.1003898166,96.9775184579
3882.8144049701,97.3990483020
3883.5284201237,97.0642388003
3884.2424352772,96.6511027813
3884.9564504307,96.9763414639
3885.6704655843,97.2953764293
3886.3844807378,96.6506604719
3887.0984958914,96.9513516737
3887.8125110449,97.0924909760
3888.5265261985,97.0087156984
3889.2405413520,97.0405194687
3889.9545565056,96.8481710037
3890.6685716591,96.8757023263
3891.3825868126,97.1172986410
3892.0966019662,96.7355850780
3892.8106171197,97.0597974707
3893.5246322733,97.3628476868
3894.2386474268,97.1150486163
3894.9526625804,97.1266914437
3895.6666777339,97.1165930022
3896.3806928874,96.9514318605
3897.0947080410,97.0012543271
3897.8087231945,96.8759945943
3898.5227383481,96.9925392959
3899.2367535016,97.4025631594
3899.9507686552,96.6503624747
3900.6647838087,96.7892323558
3901.3787989623,97.3587581377
3902.0928141158,96.6066227383
3902.8068292693,96.4503198949
3903.5208444229,96.8941981255
3904.2348595764,96.4291320912
3904.9488747300,96.4487743872
3905.6628898835,96.9318272901
3906.3769050371,96.7003781746
3907.0909201906,96.8325574435
3907.8049353441,97.2101603327
3908.5189504977,97.1011440179
3909.2329656512,96.9646947414
3909.9469808048,96.9982708804
3910.6609959583,97.0824333890
3911.3750111119,97.1782975702
3912.0890262654,97.0999228497
3912.8030414189,97.0495209078
3913.5170565725,97.0837973664
3914.2310717260,96.9970571757
3914.9450868796,96.8835226392
3915.6591020331,96.8047387292
3916.3731171867,96.8947531210
3917.0871323402,97.0650696941
3917.8011474938,96.8451444243
3918.5151626473,96.8725147212
3919.2291778008,97.0756684329
3919.9431929544,96.9556870667
3920.6572081079,96.8701127842
3921.3712232615,97.0425532941
3922.0852384150,97.0298650473
3922.7992535686,97.0625710001
3923.5132687221,97.1686259237
3924.2272838756,97.1206197316
3924.9412990292,97.1369585406
3925.6553141827,97.1220864014
3926.3693293363,97.0579338771
3927.0833444898,97.0226721779
3927.7973596434,96.9059517838
3928.5113747969,97.0176038571
3929.2253899505,97.2619026804
3929.9394051040,97.0001424342
3930.6534202575,96.7725534589
3931.3674354111,96.9932502964
3932.0814505646,97.0632785336
3932.7954657182,97.0138410928
3933.5094808717,97.0753286994
3934.2234960253,96.9417337407
3934.9375111788,96.9718599620
3935.6515263323,97.1572219299
3936.3655414859,96.9976485072
3937.0795566394,96.9475086912
3937.7935717930,97.1256300827
3938.5075869465,96.9921060764
3939.2216021001,96.9047484313
3939.9356172536,97.0401292557
3940.6496324071,96.9577143630
3941.3636475607,96.9603005721
3942.0776627142,97.1912897611
3942.7916778678,97.0442418301
3943.5056930213,96.8011428203
3944.2197081749,97.0189054195
3944.9337233284,97.1120158215
3945.6477384820,96.9914441311
3946.3617536355,97.0802347735
3947.0757687890,97.1151794859
3947.7897839426,96.8562543666
3948.5037990961,96.7759730221
3949.2178142497,96.9078093466
3949.9318294032,96.9718368380
3950.6458445568,96.9432768272
3951.3598597103,96.9348650541
3952.0738748638,97.0172544372
3952.7878900174,97.0613772589
3953.5019051709,96.9511913904
3954.2159203245,96.9772975597
3954.9299354780,97.1116633355
3955.6439506316,97.0845527768
3956.3579657851,97.1130087438
3957.0719809387,97.1914423648
3957.7859960922,97.1097471013
3958.5000112457,97.1035428165
3959.2140263993,97.0840017301
3959.9280415528,96.8909345877
3960.6420567064,96.9120410784
3961.3560718599,97.1358369483
3962.0700870135,97.1599461560
3962.7841021670,97.0804412521
3963.4981173205,97.0295759243
3964.2121324741,97.0073473828
3964.9261476276,97.1058313506
3965.6401627812,97.1261143813
3966.3541779347,97.0098534027
3967.0681930883,96.9727454808
3967.7822082418,97.0007828333
3968.4962233953,97.0900086371
3969.2102385489,97.1660582707
3969.9242537024,97.0631004856
3970.6382688560,97.0016795805
3971.3522840095,97.0454454858
3972.0662991631,97.0457376990
3972.7803143166,97.0958064577
3973.4943294702,97.1070029513
3974.2083446237,97.0522573619
3974.9223597772,97.0974383769
3975.6363749308,97.0681636248
3976.3503900843,97.0477717420
3977.0644052379,97.1679647381
3977.7784203914,97.0479934269
3978.4924355450,96.8644192717
3979.2064506985,96.9701818035
3979.9204658520,97.0510608718
3980.6344810056,97.0863770512
3981.3484961591,97.1802178153
3982.0625113127,97.1269508635
3982.7765264662,97.0530610759
3983.4905416198,97.0365738750
3984.2045567733,97.0127323840
3984.9185719269,97.0809886067
3985.6325870804,97.1061409017
3986.3466022339,97.0932011086
3987.0606173875,97.1675508531
3987.7746325410,97.1048793769
3988.4886476946,97.0121704058
3989.2026628481,97.0998431802
3989.9166780017,97.1420758321
3990.6306931552,97.1205055210
3991.3447083087,97.1079079657
3992.0587234623,97.0764110028
3992.7727386158,97.1178025953
3993.4867537694,97.1089024090
3994.2007689229,97.0485394897
3994.9147840765,97.1190064217
3995.6287992300,97.1197596417
3996.3428143835,97.0351730984
3997.0568295371,97.0701182844
3997.7708446906,97.1056172166
3998.4848598442,97.1130379058
3999.1988749977,97.1177216520
3999.9128901513,97.0497445557