399.8484859844,84.5960941771
400.5625011380,81.0994264650
401.2765162915,88.3889834706
401.9905314450,71.9136764730
402.7045465986,80.8291552077
403.4185617521,92.1383062237
404.1325769057,73.3972530124
404.8465920592,79.5855336829
405.5606072128,89.3683979258
406.2746223663,79.6589158674
406.9886375199,83.0081711045
407.7026526734,80.1080030303
408.4166678269,80.1520858725
409.1306829805,86.4405609718
409.8446981340,83.3789638773
410.5587132876,82.0321807712
411.2727284411,82.9415984866
411.9867435947,80.2645050109
412.7007587482,76.1767036344
413.4147739017,77.9229693366
414.1287890553,92.5921718106
414.8428042088,90.2436025498
415.5568193624,81.2817947849
416.2708345159,90.1291551420
416.9848496695,87.3095141119
417.6988648230,78.1716541310
418.4128799766,88.6087008089
419.1268951301,85.9411546664
419.8409102836,84.5371680579
420.5549254372,86.6100972298
421.2689405907,84.7553574784
421.9829557443,89.2209819839
422.6969708978,85.6579390249
423.4109860514,78.0271607007
424.1250012049,85.7278949789
424.8390163584,82.5591346106
425.5530315120,79.8241830735
426.2670466655,85.8096709776
426.9810618191,83.7677381324
427.6950769726,84.4546928053
428.4090921262,84.6310250920
429.1231072797,83.1866510676
429.8371224332,88.1910389077
430.5511375868,85.0482594500
431.2651527403,81.8185181636
431.9791678939,86.8039529860
432.6931830474,85.7181435027
433.4071982010,85.1157400579
434.1212133545,83.0162208542
434.8352285081,78.8636435291
435.5492436616,84.9417610909
436.2632588151,85.1942264560
436.9772739687,83.1094103700
437.6912891222,89.6084125963
438.4053042758,85.2103913127
439.1193194293,80.8968964548
439.8333345829,86.0168161818
440.5473497364,84.0739588965
441.2613648899,83.5723922686
441.9753800435,86.1143928439
442.6893951970,83.7833242826
443.4034103506,85.8555081161
444.1174255041,84.9861276308
444.8314406577,82.3206549817
445.5454558112,84.9603617127
446.2594709648,84.9705448534
446.9734861183,85.1381053708
447.6875012718,86.0581967169
448.4015164254,83.3980385559
449.1155315789,84.7410160810
449.8295467325,86.5606331900
450.5435618860,85.8903580031
451.2575770396,87.2660964993
451.9715921931,85.4211455305
452.6856073466,85.2237823887
453.3996225002,88.7032718360
454.1136376537,85.9574312294
454.8276528073,83.9256420099
455.5416679608,84.2040945960
456.2556831144,84.5915367567
456.9696982679,87.9677979182
457.6837134214,90.0352339974
458.3977285750,87.8178718856
459.1117437285,88.1950975224
459.8257588821,86.6434705044
460.5397740356,84.5196021046
461.2537891892,84.1163530029
461.9678043427,86.2557373723
462.6818194963,88.3200855092
463.3958346498,84.8572848856
464.1098498033,84.8149513200
464.8238649569,89.6624896933
465.5378801104,87.0997739693
466.2518952640,84.2845084257
466.9659104175,87.1227844517
467.6799255711,88.8030961453
468.3939407246,88.5602250625
469.1079558781,87.0131110748
469.8219710317,86.4439171158
470.5359861852,86.2411158983
471.2500013388,84.7911620655
471.9640164923,88.2399073271
472.6780316459,90.0063273487
473.3920467994,84.1474871205
474.1060619530,85.7678260987
474.8200771065,87.1298505498
475.5340922600,84.9050236524
476.2481074136,87.0024500392
476.9621225671,85.9007624488
477.6761377207,83.5784246349
478.3901528742,86.6245382171
479.1041680278,87.5294798402
479.8181831813,87.1876095398
480.5321983348,86.4482095074
481.2462134884,83.0607434426
481.9602286419,84.4296757515
482.6742437955,87.0909564277
483.3882589490,85.9940306611
484.1022741026,85.3879673249
484.8162892561,85.1028020947
485.5303044097,84.8394347006
486.2443195632,84.3539790801
486.9583347167,83.1414664282
487.6723498703,84.1586356627
488.3863650238,84.4851564648
489.1003801774,83.6228544962
489.8143953309,84.8990490968
490.5284104845,85.1008009472
491.2424256380,84.9033933165
491.9564407915,85.5890175646
492.6704559451,84.4449676022
493.3844710986,84.6670255943
494.0984862522,84.7995378210
494.8125014057,83.2683285672
495.5265165593,84.1631692903
496.2405317128,84.1912444134
496.9545468663,82.7981070969
497.6685620199,84.0285439689
498.3825771734,84.5003093461
499.0965923270,83.2037096799
499.8106074805,82.9179431352
500.5246226341,83.0821365820
501.2386377876,83.7215695278
501.9526529412,84.3908928566
502.6666680947,84.1037497401
503.3806832482,83.6406066003
504.0946984018,83.4042693864
504.8087135553,84.2981504193
505.5227287089,84.1459925847
506.2367438624,82.5652059425
506.9507590160,82.8005138332
507.6647741695,83.1839697937
508.3787893230,82.8485529742
509.0928044766,83.8223818110
509.8068196301,84.3429296275
510.5208347837,84.3764035119
511.2348499372,84.3971436069
511.9488650908,84.1158221687
512.6628802443,84.7835163085
513.3768953979,84.4635769021
514.0909105514,83.6136236727
514.8049257049,84.6409105540
515.5189408585,84.4277274824
516.2329560120,83.3664084726
516.9469711656,83.6745152799
517.6609863191,83.4240699271
518.3750014727,83.9386509005
519.0890166262,84.8434695664
519.8030317797,83.9382068170
520.5170469333,84.0303913087
521.2310620868,84.6996845325
521.9450772404,84.2283607374
522.6590923939,84.0686239331
523.3731075475,84.2107086001
524.0871227010,84.4080859849
524.8011378545,84.5133171439
525.5151530081,84.1832925744
526.2291681616,84.0900886221
526.9431833152,83.7797339140
527.6571984687,84.0429260393
528.3712136223,85.3021553350
529.0852287758,85.0948307197
529.7992439294,84.4427613204
530.5132590829,84.6604206792
531.2272742364,84.5941078266
531.9412893900,84.8616850585
532.6553045435,84.5804233623
533.3693196971,83.5524524395
534.0833348506,84.0304003392
534.7973500042,84.6186522200
535.5113651577,84.3868882912
536.2253803112,84.7104885025
536.9393954648,84.7342792340
537.6534106183,84.2038256349
538.3674257719,83.8648566388
539.0814409254,83.7980524144
539.7954560790,83.8761820699
540.5094712325,83.4613130663
541.2234863861,83.3832422910
541.9375015396,83.6521084319
542.6515166931,82.7792632066
543.3655318467,82.2410815573
544.0795470002,83.0092643552
544.7935621538,83.3048920182
545.5075773073,82.7771621904
546.2215924609,82.2875151482
546.9356076144,82.6477343967
547.6496227679,82.8545624155
548.3636379215,81.9539756208
549.0776530750,82.1129936610
549.7916682286,82.8347785670
550.5056833821,82.3300907381
551.2196985357,82.4707071101
551.9337136892,82.8406014326
552.6477288427,82.1504586220
553.3617439963,81.8269284176
554.0757591498,81.7299144930
554.7897743034,81.9933196284
555.5037894569,82.7171817075
556.2178046105,82.0108909377
556.9318197640,81.0062728594
557.6458349176,81.4234321708
558.3598500711,81.6181149117
559.0738652246,81.1831399232
559.7878803782,81.5528234753
560.5018955317,82.5015568751
561.2159106853,82.5325319416
561.9299258388,82.0868522106
562.6439409924,82.6412010971
563.3579561459,83.0963967378
564.0719712994,83.0183834249
564.7859864530,83.5387511996
565.5000016065,83.5916782403
566.2140167601,83.2158075721
566.9280319136,83.3426476782
567.6420470672,83.3245485455
568.3560622207,83.8427964669
569.0700773743,84.4903038611
569.7840925278,83.6972332171
570.4981076813,83.4756286503
571.2121228349,84.4699255182
571.9261379884,84.6831476900
572.6401531420,84.0969806798
573.3541682955,83.9431291081
574.0681834491,84.2322873000
574.7821986026,84.0128537936
575.4962137561,83.6611363510
576.2102289097,84.2077728876
576.9242440632,84.2483550593
577.6382592168,83.8194749832
578.3522743703,84.0976930080
579.0662895239,84.1407587811
579.7803046774,84.0656508210
580.4943198309,84.1513648425
581.2083349845,83.6734858753
581.9223501380,83.6853788457
582.6363652916,83.8574396620
583.3503804451,83.7553650353
584.0643955987,84.5245370599
584.7784107522,84.7350364091
585.4924259058,83.8751108827
586.2064410593,83.9920073899
586.9204562128,84.4566785934
587.6344713664,84.3425106074
588.3484865199,84.0128758138
589.0625016735,83.9011886372
589.7765168270,84.3004429493
590.4905319806,84.0950662063
591.2045471341,83.7668839675
591.9185622876,84.5140738534
592.6325774412,84.6573657534
593.3465925947,84.2741968845
594.0606077483,84.2497296147
594.7746229018,83.9077891598
595.4886380554,83.9483256895
596.2026532089,84.0577658488
596.9166683625,83.7235509457
597.6306835160,84.1366069674
598.3446986695,84.2726618268
599.0587138231,83.9601183208
599.7727289766,84.6187576369
600.4867441302,84.7689143917
601.2007592837,84.0844252314
601.9147744373,83.9663723300
602.6287895908,84.1467185132
603.3428047443,84.4621794291
604.0568198979,84.2714286758
604.7708350514,83.6545628924
605.4848502050,83.8955125121
606.1988653585,83.9955190372
606.9128805121,83.4936747532
607.6268956656,83.5983810433
608.3409108192,83.7408429136
609.0549259727,83.4917602765
609.7689411262,83.4783577923
610.4829562798,83.7335958733
611.1969714333,83.8579834803
611.9109865869,83.6575237948
612.6250017404,83.7246260252
613.3390168940,83.8323617048
614.0530320475,83.3291003920
614.7670472010,83.3150852579
615.4810623546,83.7163581092
616.1950775081,83.6448363054
616.9090926617,83.7738748770
617.6231078152,83.8931966095
618.3371229688,83.8722712508
619.0511381223,84.1873615207
619.7651532758,84.0274039305
620.4791684294,84.0063592773
621.1931835829,84.7045079262
621.9071987365,84.6291672156
622.6212138900,84.3321571424
623.3352290436,84.6299983849
624.0492441971,84.6495749229
624.7632593507,84.6652403732
625.4772745042,84.8874708318
626.1912896577,84.9588092855
626.9053048113,85.0394814508
627.6193199648,84.8094040659
628.3333351184,84.6267500287
629.0473502719,84.8994775527
629.7613654255,84.7870750501
630.4753805790,84.4415269048
631.1893957325,84.6142570059
631.9034108861,85.1640942169
632.6174260396,85.5940160969
633.3314411932,85.4107172498
634.0454563467,85.2077716345
634.7594715003,85.7029052189
635.4734866538,85.9218304116
636.1875018074,85.6222045281
636.9015169609,85.8926480693
637.6155321144,86.1220797394
638.3295472680,85.6974744554
639.0435624215,85.7823906539
639.7575775751,86.3076103433
640.4715927286,86.0843403471
641.1856078822,85.6211929031
641.8996230357,85.5972066897
642.6136381892,85.7807484948
643.3276533428,86.1470643540
644.0416684963,86.2958900794
644.7556836499,86.1267757380
645.4696988034,86.3197646928
646.1837139570,86.3789905216
646.8977291105,86.0877426566
647.6117442640,86.1851824715
648.3257594176,86.1808956804
649.0397745711,85.9667596999
649.7537897247,86.1724957367
650.4678048782,86.3060235846
651.1818200318,86.0939521694
651.8958351853,85.8188693844
652.6098503389,85.8287435011
653.3238654924,86.0826357910
654.0378806459,85.8132945717
654.7518957995,85.4980513378
655.4659109530,85.6250695015
656.1799261066,85.3226332609
656.8939412601,85.0793138990
657.6079564137,85.3284669633
658.3219715672,85.2667335020
659.0359867207,85.0793729619
659.7500018743,84.8513382282
660.4640170278,84.6805523936
661.1780321814,84.8697662321
661.8920473349,84.6833881647
662.6060624885,84.4206846220
663.3200776420,84.6488793037
664.0340927956,84.6132164038
664.7481079491,84.5868323584
665.4621231026,84.8707691630
666.1761382562,84.8238926458
666.8901534097,84.6536833352
667.6041685633,84.0902525727
668.3181837168,85.0170985011
669.0321988704,85.2491814870
669.7462140239,84.9357313935
670.4602291774,85.0895556114
671.1742443310,85.5433136386
671.8882594845,85.3881404353
672.6022746381,85.4541288358
673.3162897916,85.7579479867
674.0303049452,85.6731822445
674.7443200987,85.8140060644
675.4583352522,85.8667185071
676.1723504058,85.7083528784
676.8863655593,85.8922869234
677.6003807129,85.8326450210
678.3143958664,85.8370048627
679.0284110200,86.2662952040
679.7424261735,86.2268427733
680.4564413271,85.9776477574
681.1704564806,86.0467297907
681.8844716341,86.2133194541
682.5984867877,86.3980055357
683.3125019412,86.3469604212
684.0265170948,86.2458178163
684.7405322483,86.2133886503
685.4545474019,85.9933743444
686.1685625554,86.0322228989
686.8825777089,86.0771709000
687.5965928625,85.7476500438
688.3106080160,85.6758498676
689.0246231696,85.7112973146
689.7386383231,85.7353371551
690.4526534767,85.9933722379
691.1666686302,86.0631871995
691.8806837838,85.9536112963
692.5946989373,85.7408211104
693.3087140908,85.4178593261
694.0227292444,85.3729321819
694.7367443979,85.3788735422
695.4507595515,85.3445216505
696.1647747050,85.2080073878
696.8787898586,84.8036087702
697.5928050121,84.9414449234
698.3068201656,85.3227425557
699.0208353192,85.0014455426
699.7348504727,84.8053679250
700.4488656263,84.9743855128
701.1628807798,84.8343273580
701.8768959334,84.4366605658
702.5909110869,84.2051014169
703.3049262404,84.4394682911
704.0189413940,84.4098146836
704.7329565475,84.0024756774
705.4469717011,84.2104000021
706.1609868546,84.1708802030
706.8750020082,83.6390468691
707.5890171617,83.7494142269
708.3030323153,83.6983385897
709.0170474688,83.4293673920
709.7310626223,83.6310268606
710.4450777759,83.4640597637
711.1590929294,83.2066990747
711.8731080830,83.0601739298
712.5871232365,82.6638958394
713.3011383901,82.8366545018
714.0151535436,82.8410309691
714.7291686971,82.1896775087
715.4431838507,82.1894742601
716.1571990042,82.2162583695
716.8712141578,81.7242700222
717.5852293113,81.5217213551
718.2992444649,81.2112590697
719.0132596184,80.7660904291
719.7272747720,80.5710939710
720.4412899255,80.4361754447
721.1553050790,80.3388508149
721.8693202326,80.0420050061
722.5833353861,79.7813532429
723.2973505397,79.8820134954
724.0113656932,80.1071483851
724.7253808468,80.7046160051
725.4393960003,81.3054272814
726.1534111538,81.6438781562
726.8674263074,82.4245940952
727.5814414609,83.4007859626
728.2954566145,84.3587079307
729.0094717680,85.3083271194
729.7234869216,85.7558124185
730.4375020751,86.3619912388
731.1515172287,87.4160273837
731.8655323822,88.0544748281
732.5795475357,88.5884962155
733.2935626893,89.4534864386
734.0075778428,90.2925604890
734.7215929964,90.9122392471
735.4356081499,91.4424494782
736.1496233035,92.2302875612
736.8636384570,92.9161113052
737.5776536105,93.1400972480
738.2916687641,93.5917589151
739.0056839176,94.1239632014
739.7196990712,94.2512928586
740.4337142247,94.3659879194
741.1477293783,94.4269318244
741.8617445318,94.4758473883
742.5757596853,94.6453130771
743.2897748389,94.5334328010
744.0037899924,94.4245197544
744.7178051460,94.4448972390
745.4318202995,94.3199794763
746.1458354531,94.3452762874
746.8598506066,94.2478223672
747.5738657602,93.9482743067
748.2878809137,93.9216144190
749.0018960672,93.8802843648
749.7159112208,93.8843576250
750.4299263743,93.9127188203
751.1439415279,93.5397924256
751.8579566814,93.4601915460
752.5719718350,93.7224740530
753.2859869885,93.5082987819
754.0000021420,93.1698322627
754.7140172956,93.1440051542
755.4280324491,93.2459072768
756.1420476027,93.1589765934
756.8560627562,93.0472528577
757.5700779098,93.4261512584
758.2840930633,93.5236121531
758.9981082169,93.0092597098
759.7121233704,93.0333162638
760.4261385239,93.1882290120
761.1401536775,92.8946760686
761.8541688310,92.8609149865
762.5681839846,92.9859927089
763.2821991381,93.0986254541
763.9962142917,93.1988941199
764.7102294452,93.0417861053
765.4242445987,92.9789531981
766.1382597523,92.8684757832
766.8522749058,92.6750247653
767.5662900594,92.8884567965
768.2803052129,92.9527041007
768.9943203665,92.8061303590
769.7083355200,92.8115897356
770.4223506735,92.6107597075
771.1363658271,92.5930006555
771.8503809806,92.5822911306
772.5643961342,92.1896468171
773.2784112877,92.4256946593
773.9924264413,92.8015510070
774.7064415948,92.4548102555
775.4204567484,92.2927085368
776.1344719019,92.3202280510
776.8484870554,92.2840242062
777.5625022090,92.5060381704
778.2765173625,92.5077543689
778.9905325161,92.2842562241
779.7045476696,92.2235913177
780.4185628232,92.3267392200
781.1325779767,92.4441540648
781.8465931302,92.0985642067
782.5606082838,91.9209011393
783.2746234373,92.4256328182
783.9886385909,92.3232114598
784.7026537444,91.8600622507
785.4166688980,92.0881166405
786.1306840515,92.1779999399
786.8446992051,91.9313300126
787.5587143586,91.9700836551
788.2727295121,92.0289745599
788.9867446657,91.8668933685
789.7007598192,91.6762906263
790.4147749728,91.8297563445
791.1287901263,92.0325750675
791.8428052799,91.7780584516
792.5568204334,91.7132223419
793.2708355869,91.9143596095
793.9848507405,91.8523513227
794.6988658940,91.9485274649
795.4128810476,92.1534017595
796.1268962011,92.3424571250
796.8409113547,92.7031928811
797.5549265082,92.4814497770
798.2689416617,92.0458822525
798.9829568153,92.3859073178
799.6969719688,92.5728462008
800.4109871224,92.2544125167
801.1250022759,92.3267427355
801.8390174295,92.5862265389
802.5530325830,92.5273983880
803.2670477366,92.3022731404
803.9810628901,92.2710445688
804.6950780436,92.4234135735
805.4090931972,92.2198041643
806.1231083507,91.9597881934
806.8371235043,92.2349825767
807.5511386578,92.3736886501
808.2651538114,92.0874523421
808.9791689649,92.1391339364
809.6931841184,92.3783219706
810.4071992720,92.2117432101
811.1212144255,91.9784309620
811.8352295791,92.1650908963
812.5492447326,92.4609287435
813.2632598862,92.2457116406
813.9772750397,91.8170150536
814.6912901933,92.0134275058
815.4053053468,92.3689774147
816.1193205003,92.0422869922
816.8333356539,92.0037060394
817.5473508074,92.6507633158
818.2613659610,92.5021982495
818.9753811145,91.6882565912
819.6893962681,91.8424929407
820.4034114216,92.5217323056
821.1174265751,92.2792000250
821.8314417287,91.6232575160
822.5454568822,91.9323223364
823.2594720358,92.5770248354
823.9734871893,92.1122586167
824.6875023429,91.5335808607
825.4015174964,92.0116362710
826.1155326499,92.2578059554
826.8295478035,91.6101555204
827.5435629570,91.4034440181
828.2575781106,92.0105794214
828.9715932641,92.1571014660
829.6856084177,91.3694942536
830.3996235712,91.2788334451
831.1136387248,92.1374881018
831.8276538783,91.8271111832
832.5416690318,90.9172788720
833.2556841854,91.3854570765
833.9696993389,91.7824393787
834.6837144925,91.0348445543
835.3977296460,90.7967658298
836.1117447996,91.2843745150
836.8257599531,91.2988465228
837.5397751066,90.7022324536
838.2537902602,90.4336935883
838.9678054137,90.9644111832
839.6818205673,91.1265443267
840.3958357208,90.3466144277
841.1098508744,90.2043177041
841.8238660279,90.8759688018
842.5378811815,90.7114249739
843.2518963350,89.9731623586
843.9659114885,90.1462487613
844.6799266421,90.6957575028
845.3939417956,90.3806232072
846.1079569492,89.8513307000
846.8219721027,90.1485079002
847.5359872563,90.6537259020
848.2500024098,90.4112854565
848.9640175633,90.0552059279
849.6780327169,90.4234905833
850.3920478704,90.7483029485
851.1060630240,90.4075484953
851.8200781775,90.3513030898
852.5340933311,90.7430669520
853.2481084846,90.7197164673
853.9621236381,90.4682041465
854.6761387917,90.6161887893
855.3901539452,90.9305035404
856.1041690988,90.7865517844
856.8181842523,90.3964514035
857.5321994059,90.6507206028
858.2462145594,91.0119173107
858.9602297130,90.5226361326
859.6742448665,90.2027878619
860.3882600200,90.5735662468
861.1022751736,90.6789591214
861.8162903271,90.5575149269
862.5303054807,90.5587499787
863.2443206342,90.4532301707
863.9583357878,90.2973806880
864.6723509413,90.1576779009
865.3863660948,90.1417872294
866.1003812484,90.1523878851
866.8143964019,89.7853955986
867.5284115555,89.4384994776
868.2424267090,89.4147303385
868.9564418626,89.1224212982
869.6704570161,88.5529218512
870.3844721697,88.2003810383
871.0984873232,88.0952508486
871.8125024767,87.9727271863
872.5265176303,87.8828841488
873.2405327838,88.3563098414
873.9545479374,89.1772310190
874.6685630909,89.4728414548
875.3825782445,89.5051280134
876.0965933980,89.9253442632
876.8106085515,90.2610558452
877.5246237051,90.1051294346
878.2386388586,90.0226527612
878.9526540122,90.3146497227
879.6666691657,90.5355296750
880.3806843193,90.5676451743
881.0946994728,90.6254421101
881.8087146264,90.6705217349
882.5227297799,90.7475888469
883.2367449334,90.7969545749
883.9507600870,90.6933369619
884.6647752405,90.6625800166
885.3787903941,90.6258557226
886.0928055476,90.5120620451
886.8068207012,90.6463046861
887.5208358547,90.7653879001
888.2348510082,90.6529595826
888.9488661618,90.6297703657
889.6628813153,90.6561181463
890.3768964689,90.6496382013
891.0909116224,90.5936460822
891.8049267760,90.5070069845
892.5189419295,90.6232711423
893.2329570830,90.5979037030
893.9469722366,90.2961000528
894.6609873901,90.2506055727
895.3750025437,90.2304364908
896.0890176972,90.0527438370
896.8030328508,90.0489167792
897.5170480043,89.9785759320
898.2310631579,89.8129504859
898.9450783114,89.7514525268
899.6590934649,89.6743946310
900.3731086185,89.6975514497
901.0871237720,89.7777047445
901.8011389256,89.8266282134
902.5151540791,89.9369647629
903.2291692327,89.9049305128
903.9431843862,89.8468226866
904.6571995397,89.8807138263
905.3712146933,89.8191125689
906.0852298468,89.9535902785
906.7992450004,90.1440959383
907.5132601539,89.9992872280
908.2272753075,89.9316404577
908.9412904610,90.0411848909
909.6553056146,90.0942905669
910.3693207681,90.1105026207
911.0833359216,90.0771583689
911.7973510752,90.1281901848
912.5113662287,90.1760109363
913.2253813823,90.1589461301
913.9393965358,90.3185303550
914.6534116894,90.2977427997
915.3674268429,90.0671478425
916.0814419964,90.1157295858
916.7954571500,90.1768403709
917.5094723035,90.1916702921
918.2234874571,90.2669746543
918.9375026106,90.1191091844
919.6515177642,90.0861697310
920.3655329177,90.1988692103
921.0795480712,90.1195730937
921.7935632248,90.1768024213
922.5075783783,90.1620798178
923.2215935319,89.9069881454
923.9356086854,89.9597748847
924.6496238390,90.0513947324
925.3636389925,89.8935443012
926.0776541461,89.8539073409
926.7916692996,89.8711046192
927.5056844531,89.8671706425
928.2196996067,89.9394212628
928.9337147602,90.0172776805
929.6477299138,90.0231572976
930.3617450673,89.9556649496
931.0757602209,90.0296649560
931.7897753744,90.1156200772
932.5037905279,89.9341177839
933.2178056815,89.9142008592
933.9318208350,90.1214536859
934.6458359886,90.1608789223
935.3598511421,90.1565110099
936.0738662957,90.1691523219
936.7878814492,90.2055303199
937.5018966028,90.2706793423
938.2159117563,90.1458842135
938.9299269098,90.1254799986
939.6439420634,90.3019754068
940.3579572169,90.2291852285
941.0719723705,90.0730756788
941.7859875240,90.0355336411
942.5000026776,90.0248248867
943.2140178311,90.0530494558
943.9280329846,89.9445007790
944.6420481382,89.8138117798
945.3560632917,89.8041308288
946.0700784453,89.6573330215
946.7840935988,89.5465718646
947.4981087524,89.6147678575
948.2121239059,89.6053576042
948.9261390594,89.5261387784
949.6401542130,89.4372655393
950.3541693665,89.3972343064
951.0681845201,89.3940841401
951.7821996736,89.3084989233
952.4962148272,89.2795188050
953.2102299807,89.2297019907
953.9242451343,89.1250936555
954.6382602878,89.1317504371
955.3522754413,88.8659132927
956.0662905949,88.5115076486
956.7803057484,88.6273815489
957.4943209020,88.6013361949
958.2083360555,88.1869184523
958.9223512091,87.9263268963
959.6363663626,87.7753524981
960.3503815161,87.6147396052
961.0643966697,87.4382871834
961.7784118232,87.2654029571
962.4924269768,87.1367282060
963.2064421303,86.8170749409
963.9204572839,86.5773612562
964.6344724374,86.5768683670
965.3484875910,86.2727441067
966.0625027445,85.9440229032
966.7765178980,85.8728986328
967.4905330516,85.6001194559
968.2045482051,85.3611800358
968.9185633587,85.2699758301
969.6325785122,84.9281533006
970.3465936658,84.5933113460
971.0606088193,84.5192150688
971.7746239728,84.4726346369
972.4886391264,84.2154356027
973.2026542799,83.8190434011
973.9166694335,83.6293061551
974.6306845870,83.5408537780
975.3446997406,83.3127272388
976.0587148941,83.0654158522
976.7727300476,82.7505474194
977.4867452012,82.4617436110
978.2007603547,82.3380185412
978.9147755083,82.1097189548
979.6287906618,81.7874363826
980.3428058154,81.5497305296
981.0568209689,81.3403471802
981.7708361225,81.1016297082
982.4848512760,80.8712265886
983.1988664295,80.8597316679
983.9128815831,80.9084968825
984.6268967366,80.7855740375
985.3409118902,80.9130023642
986.0549270437,81.1609517568
986.7689421973,81.1209448394
987.4829573508,81.1690478585
988.1969725043,81.2359810060
988.9109876579,81.1177252962
989.6250028114,81.1620784795
990.3390179650,81.1750331710
991.0530331185,81.0312548269
991.7670482721,80.9806713481
992.4810634256,80.8682949153
993.1950785792,80.7197437985
993.9090937327,80.6083539694
994.6231088862,80.4441974917
995.3371240398,80.3775003879
996.0511391933,80.2765392996
996.7651543469,80.0789694406
997.4791695004,80.0257963948
998.1931846540,79.9608164955
998.9071998075,79.8361712514
999.6212149610,79.7636864436
1000.3352301146,79.6456659299
1001.0492452681,79.6127713945
1001.7632604217,79.6499095372
1002.4772755752,79.5866505334
1003.1912907288,79.5788138704
1003.9053058823,79.6246847453
1004.6193210359,79.5904457117
1005.3333361894,79.4990714438
1006.0473513429,79.3931003758
1006.7613664965,79.3511248770
1007.4753816500,79.2969038984
1008.1893968036,79.1646486739
1008.9034119571,79.0370908560
1009.6174271107,78.8530512207
1010.3314422642,78.6588960947
1011.0454574177,78.4665345442
1011.7594725713,78.1344273514
1012.4734877248,77.8592155029
1013.1875028784,77.6935994537
1013.9015180319,77.4493453006
1014.6155331855,77.2458170514
1015.3295483390,77.1195400196
1016.0435634925,77.0411959580
1016.7575786461,77.0626287973
1017.4715937996,77.1471420421
1018.1856089532,77.3853050953
1018.8996241067,77.6490154461
1019.6136392603,77.7971667104
1020.3276544138,78.1425394387
1021.0416695674,78.4958607804
1021.7556847209,78.5325273153
1022.4696998744,78.7445814672
1023.1837150280,79.2193160980
1023.8977301815,79.5220112902
1024.6117453351,79.7892396515
1025.3257604886,80.1235738911
1026.0397756422,80.3282183912
1026.7537907957,80.4711571267
1027.4678059492,80.5571583676
1028.1818211028,80.5102873398
1028.8958362563,80.4560127249
1029.6098514099,80.4134791259
1030.3238665634,80.3847861320
1031.0378817170,80.4453442927
1031.7518968705,80.4413205251
1032.4659120241,80.4075307642
1033.1799271776,80.5810473124
1033.8939423311,80.7190034323
1034.6079574847,80.7703270689
1035.3219726382,81.0543898167
1036.0359877918,81.2304332983
1036.7500029453,81.1738127841
1037.4640180989,81.3954671505
1038.1780332524,81.6880775609
1038.8920484059,81.7413246807
1039.6060635595,81.8276759943
1040.3200787130,81.9228406246
1041.0340938666,81.9501203666
1041.7481090201,81.9594008074
1042.4621241737,81.8478646267
1043.1761393272,81.7190344633
1043.8901544807,81.6181359086
1044.6041696343,81.4857587900
1045.3181847878,81.4113777456
1046.0321999414,81.2476035772
1046.7462150949,80.9532215499
1047.4602302485,80.7289397160
1048.1742454020,80.5273457946
1048.8882605556,80.3280505183
1049.6022757091,80.1326996081
1050.3162908626,79.8974189346
1051.0303060162,79.7247639429
1051.7443211697,79.6172790951
1052.4583363233,79.5983769196
1053.1723514768,79.5860804157
1053.8863666304,79.4401031726
1054.6003817839,79.4675762903
1055.3143969374,79.5953556298
1056.0284120910,79.5137944617
1056.7424272445,79.5847770256
1057.4564423981,79.7589352859
1058.1704575516,79.7889543601
1058.8844727052,79.9858109531
1059.5984878587,80.2110607948
1060.3125030123,80.3754008038
1061.0265181658,80.7461966368
1061.7405333193,81.0526484964
1062.4545484729,81.2809336872
1063.1685636264,81.6922624783
1063.8825787800,82.0476695290
1064.5965939335,82.3041016728
1065.3106090871,82.6101892973
1066.0246242406,82.9052171642
1066.7386393941,83.1943119904
1067.4526545477,83.4677296388
1068.1666697012,83.7069712493
1068.8806848548,83.8833598695
1069.5947000083,83.9434129778
1070.3087151619,83.9840439681
1071.0227303154,84.0341471921
1071.7367454689,84.1125891837
1072.4507606225,84.1840770570
1073.1647757760,84.0656972736
1073.8787909296,84.0272760518
1074.5928060831,84.1772976764
1075.3068212367,84.0435262580
1076.0208363902,83.7981959381
1076.7348515438,83.8206215968
1077.4488666973,83.8939832457
1078.1628818508,83.8953678088
1078.8768970044,83.8040252438
1079.5909121579,83.7376621133
1080.3049273115,83.8406249486
1081.0189424650,83.8371725242
1081.7329576186,83.8490846686
1082.4469727721,84.0496327298
1083.1609879256,83.9461527758
1083.8750030792,83.6790601762
1084.5890182327,83.6923742379
1085.3030333863,83.6507780444
1086.0170485398,83.5236788440
1086.7310636934,83.5754278765
1087.4450788469,83.5611905786
1088.1590940005,83.3961027113
1088.8731091540,83.3165033210
1089.5871243075,83.3389627146
1090.3011394611,83.3366866470
1091.0151546146,83.2086943359
1091.7291697682,82.9941421865
1092.4431849217,82.8902034934
1093.1572000753,82.8498395818
1093.8712152288,82.6452688627
1094.5852303823,82.4904111469
1095.2992455359,82.5421067368
1096.0132606894,82.4092339343
1096.7272758430,82.2071975939
1097.4412909965,82.2996754175
1098.1553061501,82.2569319035
1098.8693213036,81.9395533295
1099.5833364571,81.8351842278
1100.2973516107,81.9263391971
1101.0113667642,81.9395703765
1101.7253819178,81.8716592364
1102.4393970713,81.8797946510
1103.1534122249,81.9783425842
1103.8674273784,81.9436668337
1104.5814425320,81.9132947455
1105.2954576855,82.1429193177
1106.0094728390,82.3828189957
1106.7234879926,82.5052302250
1107.4375031461,82.6304834841
1108.1515182997,82.7525597173
1108.8655334532,82.8919736438
1109.5795486068,82.9916123992
1110.2935637603,83.0345992202
1111.0075789138,83.1770128570
1111.7215940674,83.4124619390
1112.4356092209,83.6595857171
1113.1496243745,83.9254054922
1113.8636395280,84.2550528125
1114.5776546816,84.5814064071
1115.2916698351,84.7812263988
1116.0056849887,85.0716536780
1116.7197001422,85.4436778492
1117.4337152957,85.5459427667
1118.1477304493,85.7273272047
1118.8617456028,86.1804614554
1119.5757607564,86.3651764129
1120.2897759099,86.4711641972
1121.0037910635,86.8298816332
1121.7178062170,87.0562733874
1122.4318213705,87.2079934726
1123.1458365241,87.5328981004
1123.8598516776,87.8291323749
1124.5738668312,88.1034438268
1125.2878819847,88.4583672741
1126.0018971383,88.8494915127
1126.7159122918,89.2914661685
1127.4299274454,89.7172192645
1128.1439425989,90.1358973149
1128.8579577524,90.6488013449
1129.5719729060,91.0702412715
1130.2859880595,91.2887392720
1131.0000032131,91.6013719590
1131.7140183666,92.1110175889
1132.4280335202,92.5139177617
1133.1420486737,92.7311627415
1133.8560638272,93.0585753476
1134.5700789808,93.5066172974
1135.2840941343,93.7943711173
1135.9981092879,94.0605964916
1136.7121244414,94.5386677019
1137.4261395950,94.9051013132
1138.1401547485,94.9868922597
1138.8541699020,95.1176086303
1139.5681850556,95.3209236811
1140.2822002091,95.3738232179
1140.9962153627,95.3546496415
1141.7102305162,95.4312193673
1142.4242456698,95.5772986620
1143.1382608233,95.6110110770
1143.8522759769,95.5074158753
1144.5662911304,95.4919369889
1145.2803062839,95.5392631031
1145.9943214375,95.5056585918
1146.7083365910,95.5728321536
1147.4223517446,95.7377719493
1148.1363668981,95.7571616030
1148.8503820517,95.7172862715
1149.5643972052,95.7002137754
1150.2784123587,95.6192923683
1150.9924275123,95.5582712443
1151.7064426658,95.5499927821
1152.4204578194,95.5297815598
1153.1344729729,95.4720203333
1153.8484881265,95.3487157811
1154.5625032800,95.2989107064
1155.2765184336,95.2892862223
1155.9905335871,95.0692882959
1156.7045487406,94.8549476238
1157.4185638942,94.8198703547
1158.1325790477,94.7141663126
1158.8465942013,94.5770890747
1159.5606093548,94.4776407332
1160.2746245084,94.3594352225
1160.9886396619,94.3597469240
1161.7026548154,94.3817738696
1162.4166699690,94.3896825675
1163.1306851225,94.5231786700
1163.8447002761,94.5540840942
1164.5587154296,94.5572922798
1165.2727305832,94.7956252253
1165.9867457367,94.9737922509
1166.7007608902,95.0455010405
1167.4147760438,95.2349715061
1168.1287911973,95.4558533019
1168.8428063509,95.6682275411
1169.5568215044,95.7883786259
1170.2708366580,95.8443559065
1170.9848518115,96.0332318989
1171.6988669651,96.0950029092
1172.4128821186,96.0331826436
1173.1268972721,96.2177696099
1173.8409124257,96.3257550546
1174.5549275792,96.2229823773
1175.2689427328,96.2929626941
1175.9829578863,96.4120161321
1176.6969730399,96.4657682057
1177.4109881934,96.5054299790
1178.1250033469,96.3931999667
1178.8390185005,96.3274765117
1179.5530336540,96.4124975832
1180.2670488076,96.4034365734
1180.9810639611,96.3851186161
1181.6950791147,96.3977398371
1182.4090942682,96.2900538413
1183.1231094218,96.1915955520
1183.8371245753,96.1670698409
1184.5511397288,96.0677858142
1185.2651548824,95.8971913165
1185.9791700359,95.8232184024
1186.6931851895,95.8397376625
1187.4072003430,95.6986285470
1188.1212154966,95.4550641011
1188.8352306501,95.3606184046
1189.5492458036,95.2675600183
1190.2632609572,95.0510824685
1190.9772761107,94.8742539771
1191.6912912643,94.7360451386
1192.4053064178,94.5463819832
1193.1193215714,94.3245250208
1193.8333367249,94.1731167979
1194.5473518784,94.1135292707
1195.2613670320,93.9235773833
1195.9753821855,93.6064277636
1196.6893973391,93.4575976715
1197.4034124926,93.3965394783
1198.1174276462,93.2318078533
1198.8314427997,93.0943752124
1199.5454579533,92.9834576352
1200.2594731068,92.7942862847
1200.9734882603,92.6418150748
1201.6875034139,92.5615448242
1202.4015185674,92.4183808848
1203.1155337210,92.2060768650
1203.8295488745,92.0483357335
1204.5435640281,91.9866720881
1205.2575791816,91.9315903216
1205.9715943351,91.8187219939
1206.6856094887,91.6922766962
1207.3996246422,91.6278785461
1208.1136397958,91.6477521324
1208.8276549493,91.6686114491
1209.5416701029,91.6675019738
1210.2556852564,91.7178309534
1210.9697004100,91.6769994987
1211.6837155635,91.4847724082
1212.3977307170,91.4292565623
1213.1117458706,91.4505362937
1213.8257610241,91.2751029264
1214.5397761777,91.1078947529
1215.2537913312,91.0652315572
1215.9678064848,90.9235096991
1216.6818216383,90.7048846154
1217.3958367918,90.5255443619
1218.1098519454,90.3944711206
1218.8238670989,90.3069957990
1219.5378822525,90.1325356089
1220.2518974060,89.8816501042
1220.9659125596,89.7426325856
1221.6799277131,89.6351259318
1222.3939428666,89.4172227062
1223.1079580202,89.2360037599
1223.8219731737,89.1746130949
1224.5359883273,89.0555611225
1225.2500034808,88.8508531365
1225.9640186344,88.7170694307
1226.6780337879,88.5713900153
1227.3920489415,88.3549335320
1228.1060640950,88.2039983101
1228.8200792485,88.0406809536
1229.5340944021,87.8502048274
1230.2481095556,87.7230486535
1230.9621247092,87.5157516724
1231.6761398627,87.3309485484
1232.3901550163,87.2497559560
1233.1041701698,87.0334030045
1233.8181853233,86.8754545841
1234.5322004769,86.8446084395
1235.2462156304,86.6539819667
1235.9602307840,86.5896873957
1236.6742459375,86.7131990047
1237.3882610911,86.6196741965
1238.1022762446,86.5056979512
1238.8162913982,86.5849469486
1239.5303065517,86.6539449170
1240.2443217052,86.6333644035
1240.9583368588,86.5857471566
1241.6723520123,86.6551075410
1242.3863671659,86.7965697004
1243.1003823194,86.8219832016
1243.8143974730,86.8925736293
1244.5284126265,87.0995343213
1245.2424277800,87.2457519928
1245.9564429336,87.3161097448
1246.6704580871,87.4605870905
1247.3844732407,87.7454666498
1248.0984883942,87.9804934374
1248.8125035478,88.0849865163
1249.5265187013,88.3169701098
1250.2405338549,88.5920860460
1250.9545490084,88.7080463849
1251.6685641619,88.8278246002
1252.3825793155,88.8858894298
1253.0965944690,88.8597523906
1253.8106096226,88.9863986832
1254.5246247761,89.1246783650
1255.2386399297,89.1569248011
1255.9526550832,89.1485390027
1256.6666702367,89.0541968415
1257.3806853903,89.0843720364
1258.0947005438,89.2359952359
1258.8087156974,89.1958621005
1259.5227308509,89.1826720562
1260.2367460045,89.3560225211
1260.9507611580,89.4160242897
1261.6647763115,89.4076764155
1262.3787914651,89.5133177671
1263.0928066186,89.6600690686
1263.8068217722,89.7700301544
1264.5208369257,89.8194350857
1265.2348520793,89.9088904129
1265.9488672328,90.0886466006
1266.6628823864,90.1873494426
1267.3768975399,90.2557804497
1268.0909126934,90.4356890824
1268.8049278470,90.5242666310
1269.5189430005,90.4805812781
1270.2329581541,90.5633593709
1270.9469733076,90.7424093652
1271.6609884612,90.8294777349
1272.3750036147,90.8723789826
1273.0890187682,90.9439513889
1273.8030339218,90.9775568508
1274.5170490753,90.9892429166
1275.2310642289,91.0839118622
1275.9450793824,91.2040185031
1276.6590945360,91.2352676740
1277.3731096895,91.2304762675
1278.0871248431,91.2733129563
1278.8011399966,91.3618579590
1279.5151551501,91.4182330705
1280.2291703037,91.3992826514
1280.9431854572,91.4686044042
1281.6572006108,91.6636697809
1282.3712157643,91.7604699991
1283.0852309179,91.8332647772
1283.7992460714,92.0409368291
1284.5132612249,92.1674014162
1285.2272763785,92.1976029524
1285.9412915320,92.3207423132
1286.6553066856,92.4663600212
1287.3693218391,92.5887131562
1288.0833369927,92.6813001775
1288.7973521462,92.7316711170
1289.5113672997,92.8298795011
1290.2253824533,92.8889071354
1290.9393976068,92.9055070859
1291.6534127604,93.0626250835
1292.3674279139,93.2088145530
1293.0814430675,93.2481756336
1293.7954582210,93.3959456138
1294.5094733746,93.5914782836
1295.2234885281,93.6826540113
1295.9375036816,93.7688087718
1296.6515188352,93.9033172112
1297.3655339887,94.0169002094
1298.0795491423,94.0932521473
1298.7935642958,94.1602835868
1299.5075794494,94.2270396139
1300.2215946029,94.3062036831
1300.9356097564,94.3643794916
1301.6496249100,94.3928321772
1302.3636400635,94.4747862865
1303.0776552171,94.4926236492
1303.7916703706,94.3490762255
1304.5056855242,94.2854723583
1305.2197006777,94.3009039609
1305.9337158313,94.1991341151
1306.6477309848,94.0619386397
1307.3617461383,93.9723646848
1308.0757612919,93.9276850933
1308.7897764454,93.8813174920
1309.5037915990,93.7721226521
1310.2178067525,93.7042487176
1310.9318219061,93.6216489287
1311.6458370596,93.4503008813
1312.3598522131,93.4414398040
1313.0738673667,93.5405402186
1313.7878825202,93.5027094687
1314.5018976738,93.5312926730
1315.2159128273,93.5781214643
1315.9299279809,93.5523489934
1316.6439431344,93.6689536532
1317.3579582879,93.7632440448
1318.0719734415,93.8334746805
1318.7859885950,94.1372272699
1319.5000037486,94.3036946220
1320.2140189021,94.2779224009
1320.9280340557,94.3576480058
1321.6420492092,94.4202185366
1322.3560643628,94.4865625945
1323.0700795163,94.5586231594
1323.7840946698,94.5803073696
1324.4981098234,94.6583392344
1325.2121249769,94.6834980894
1325.9261401305,94.6889330204
1326.6401552840,94.7106122575
1327.3541704376,94.5666830855
1328.0681855911,94.4351686840
1328.7822007446,94.3564691991
1329.4962158982,94.1737366896
1330.2102310517,93.9788519411
1330.9242462053,93.7467176436
1331.6382613588,93.4968787541
1332.3522765124,93.2075841094
1333.0662916659,92.8181813926
1333.7803068195,92.5621755669
1334.4943219730,92.3248467792
1335.2083371265,91.9713900819
1335.9223522801,91.8276305599
1336.6363674336,91.7658728593
1337.3503825872,91.5439410506
1338.0643977407,91.5610637654
1338.7784128943,91.7541807767
1339.4924280478,91.8590668333
1340.2064432013,92.2375040290
1340.9204583549,92.4675602571
1341.6344735084,92.4481370939
1342.3484886620,92.9264993125
1343.0625038155,93.4631160349
1343.7765189691,93.6723925797
1344.4905341226,94.1496883181
1345.2045492761,94.4824900400
1345.9185644297,94.6439710548
1346.6325795832,95.1041207919
1347.3465947368,95.2807696571
1348.0606098903,95.3228559179
1348.7746250439,95.6113337865
1349.4886401974,95.6591861370
1350.2026553510,95.6419711678
1350.9166705045,95.7231032242
1351.6306856580,95.7037232560
1352.3447008116,95.7963077690
1353.0587159651,95.8278466909
1353.7727311187,95.7475435547
1354.4867462722,95.8591988776
1355.2007614258,95.8750015123
1355.9147765793,95.8297012228
1356.6287917328,95.9456210148
1357.3428068864,95.8928767619
1358.0568220399,95.8851504100
1358.7708371935,95.9922678338
1359.4848523470,95.8044913525
1360.1988675006,95.8582570586
1360.9128826541,96.1922325194
1361.6268978077,95.9030452363
1362.3409129612,95.9599139213
1363.0549281147,96.8093590686
1363.7689432683,96.4513410517
1364.4829584218,95.8618761244
1365.1969735754,95.9052027186
1365.9109887289,95.9242008585
1366.6250038825,95.8113355938
1367.3390190360,95.8763815732
1368.0530341895,95.9734787391
1368.7670493431,96.1180001424
1369.4810644966,96.1144702368
1370.1950796502,96.0271179711
1370.9090948037,96.2944363603
1371.6231099573,96.5130124534
1372.3371251108,96.4666454948
1373.0511402643,96.8016014069
1373.7651554179,97.3351880078
1374.4791705714,97.5178114224
1375.1931857250,97.6676540620
1375.9072008785,97.5305952739
1376.6212160321,97.4168129846
1377.3352311856,97.6244416007
1378.0492463392,97.7762157394
1378.7632614927,97.9330099901
1379.4772766462,98.1954470602
1380.1912917998,98.2851578522
1380.9053069533,98.3961144187
1381.6193221069,98.5496356459
1382.3333372604,98.5801687599
1383.0473524140,98.6273422742
1383.7613675675,98.6197306657
1384.4753827210,98.6604138980
1385.1893978746,98.8205311079
1385.9034130281,98.7607755351
1386.6174281817,98.8856244180
1387.3314433352,99.6963842453
1388.0454584888,99.6097988551
1388.7594736423,98.9506726713
1389.4734887959,98.8024294203
1390.1875039494,98.8473830931
1390.9015191029,98.7524787249
1391.6155342565,98.7854207285
1392.3295494100,98.7961075319
1393.0435645636,98.6013391342
1393.7575797171,98.7098547142
1394.4715948707,99.4435156220
1395.1856100242,99.2743100777
1395.8996251777,98.5185805283
1396.6136403313,98.1485735647
1397.3276554848,97.8450661571
1398.0416706384,97.5658259730
1398.7556857919,97.9395012579
1399.4697009455,98.1080338795
1400.1837160990,97.1751348068
1400.8977312526,96.5095547014
1401.6117464061,96.3211879426
1402.3257615596,96.2438349610
1403.0397767132,95.8549258919
1403.7537918667,95.4512472698
1404.4678070203,95.5937913709
1405.1818221738,95.7695775220
1405.8958373274,95.0106472313
1406.6098524809,94.3907173796
1407.3238676344,94.2758556603
1408.0378827880,94.3187646973
1408.7518979415,94.1536312649
1409.4659130951,94.2072686555
1410.1799282486,94.3935456216
1410.8939434022,94.5032798460
1411.6079585557,94.8331100086
1412.3219737092,95.0422403384
1413.0359888628,95.3109611616
1413.7500040163,95.6497469820
1414.4640191699,95.7448640596
1415.1780343234,96.0294701758
1415.8920494770,96.1081968684
1416.6060646305,96.2490157992
1417.3200797841,96.8698797241
1418.0340949376,96.4622762482
1418.7481100911,96.6556867648
1419.4621252447,99.7963549674
1420.1761403982,97.0806431932
1420.8901555518,96.1163307137
1421.6041707053,96.2977493939
1422.3181858589,95.9902215445
1423.0322010124,96.0058056596
1423.7462161659,96.9175646115
1424.4602313195,96.3565716872
1425.1742464730,95.8826527145
1425.8882616266,95.9678202427
1426.6022767801,95.7095227832
1427.3162919337,95.7633618629
1428.0303070872,95.8259060947
1428.7443222408,95.4927867830
1429.4583373943,95.9816800828
1430.1723525478,96.6020454872
1430.8863677014,95.8880384355
1431.6003828549,95.6098190395
1432.3143980085,95.7380380078
1433.0284131620,95.7314920779
1433.7424283156,95.8212685905
1434.4564434691,95.8221212480
1435.1704586226,95.5911983425
1435.8844737762,95.7641833612
1436.5984889297,98.2476463056
1437.3125040833,97.4866101517
1438.0265192368,96.0813896810
1438.7405343904,95.6946787387
1439.4545495439,95.9401375050
1440.1685646974,95.8698835126
1440.8825798510,95.7699272192
1441.5965950045,95.9290853982
1442.3106101581,95.9305674514
1443.0246253116,95.9517515487
1443.7386404652,95.9751235699
1444.4526556187,95.9268907377
1445.1666707723,96.1021847939
1445.8806859258,96.0848496438
1446.5947010793,95.8737928836
1447.3087162329,96.3216303809
1448.0227313864,97.0626674185
1448.7367465400,96.3951454676
1449.4507616935,95.9671932552
1450.1647768471,96.0456948042
1450.8787920006,96.0034905273
1451.5928071541,96.1016144529
1452.3068223077,96.5427762279
1453.0208374612,96.2652836649
1453.7348526148,96.0522279673
1454.4488677683,96.6797509560
1455.1628829219,96.9026888104
1455.8768980754,96.8096903540
1456.5909132290,99.1784628125
1457.3049283825,98.9936822320
1458.0189435360,98.0578900756
1458.7329586896,98.1903026614
1459.4469738431,97.5874051909
1460.1609889967,97.0543530122
1460.8750041502,96.8465400457
1461.5890193038,96.7967185942
1462.3030344573,97.0774129234
1463.0170496108,97.0805944494
1463.7310647644,96.7674302946
1464.4450799179,97.5157037916
1465.1590950715,98.6139017018
1465.8731102250,97.1229407971
1466.5871253786,96.4797865476
1467.3011405321,96.6044091162
1468.0151556856,96.5111072872
1468.7291708392,96.4406637443
1469.4431859927,96.6582823391
1470.1572011463,96.4890960111
1470.8712162998,96.6496092078
1471.5852314534,98.2317342073
1472.2992466069,98.5341911884
1473.0132617605,98.3080325448
1473.7272769140,99.0895046401
1474.4412920675,97.6265986613
1475.1553072211,96.8128084882
1475.8693223746,97.7408720242
1476.5833375282,98.4344421393
1477.2973526817,97.1337316027
1478.0113678353,96.8085980544
1478.7253829888,97.1363341582
1479.4393981423,97.0208725185
1480.1534132959,96.9436235694
1480.8674284494,97.4080730392
1481.5814436030,97.5318835265
1482.2954587565,97.3092136255
1483.0094739101,97.3412982146
1483.7234890636,97.4159850487
1484.4375042172,97.5670318821
1485.1515193707,97.6986718544
1485.8655345242,97.5542447892
1486.5795496778,98.0127855407
1487.2935648313,99.1138885782
1488.0075799849,98.4177452161
1488.7215951384,97.8033404699
1489.4356102920,98.6163227329
1490.1496254455,99.6573731423
1490.8636405990,98.9652926184
1491.5776557526,98.2840423140
1492.2916709061,97.8065259563
1493.0056860597,97.7066237025
1493.7197012132,97.9487639169
1494.4337163668,97.8064962398
1495.1477315203,97.5980734252
1495.8617466738,98.9686838787
1496.5757618274,100.0876131294
1497.2897769809,97.9792590188
1498.0037921345,97.5052145228
1498.7178072880,99.1788373805
1499.4318224416,98.4555211985
1500.1458375951,97.1999358241
1500.8598527487,97.1317435273
1501.5738679022,97.2834387088
1502.2878830557,97.0407608524
1503.0018982093,96.9313675471
1503.7159133628,96.6227828152
1504.4299285164,96.5578282079
1505.1439436699,97.9660493036
1505.8579588235,100.1921716882
1506.5719739770,99.9372577501
1507.2859891305,100.1836454274
1508.0000042841,99.0820401140
1508.7140194376,98.1436759371
1509.4280345912,98.0288053048
1510.1420497447,97.9584305089
1510.8560648983,97.3642705298
1511.5700800518,97.3454071107
1512.2840952054,98.5069509146
1512.9981103589,98.0249829359
1513.7121255124,97.2260378398
1514.4261406660,97.5862246583
1515.1401558195,98.0294787447
1515.8541709731,97.6390674539
1516.5681861266,98.6734931251
1517.2822012802,100.5857154445
1517.9962164337,98.3807071079
1518.7102315872,97.3553881106
1519.4242467408,97.2365618853
1520.1382618943,98.1573564261
1520.8522770479,99.9813483070
1521.5662922014,98.7416060696
1522.2803073550,98.6454148693
1522.9943225085,98.7897109648
1523.7083376621,97.2701020530
1524.4223528156,96.9209297670
1525.1363679691,98.4680742406
1525.8503831227,98.0430234525
1526.5643982762,97.1191134248
1527.2784134298,97.3813732872
1527.9924285833,97.6691478791
1528.7064437369,97.5968778301
1529.4204588904,97.2530892925
1530.1344740439,96.6473102190
1530.8484891975,96.8551123128
1531.5625043510,97.3359331580
1532.2765195046,96.8585454632
1532.9905346581,97.5902881922
1533.7045498117,100.2169149183
1534.4185649652,97.8580299470
1535.1325801187,96.8890130987
1535.8465952723,97.0069624492
1536.5606104258,96.8941114113
1537.2746255794,96.8747904504
1537.9886407329,97.3781315407
1538.7026558865,98.8971367929
1539.4166710400,102.5899579558
1540.1306861936,100.4705274311
1540.8447013471,98.0145989710
1541.5587165006,97.7900055988
1542.2727316542,99.0530206057
1542.9867468077,98.0867724699
1543.7007619613,96.8919249375
1544.4147771148,96.6659358716
1545.1287922684,97.9452508397
1545.8428074219,97.3846345269
1546.5568225754,96.3781364622
1547.2708377290,96.3876607344
1547.9848528825,96.5552069956
1548.6988680361,96.3305394873
1549.4128831896,96.8477951271
1550.1268983432,97.6538941058
1550.8409134967,96.6664302163
1551.5549286503,96.3501141622
1552.2689438038,96.5327583549
1552.9829589573,96.3402355529
1553.6969741109,96.8311525981
1554.4109892644,99.0408419929
1555.1250044180,97.4306105106
1555.8390195715,96.5419097082
1556.5530347251,96.7459598220
1557.2670498786,97.8012023483
1557.9810650321,102.7580414395
1558.6950801857,99.9036600182
1559.4090953392,98.6124573245
1560.1231104928,103.2710707055
1560.8371256463,98.1382354571
1561.5511407999,96.4677218784
1562.2651559534,96.3389484233
1562.9791711069,96.3522475553
1563.6931862605,96.1132414718
1564.4072014140,96.9553080634
1565.1212165676,97.3298649867
1565.8352317211,96.4359237736
1566.5492468747,96.3652638010
1567.2632620282,96.4657455838
1567.9772771818,96.2720669867
1568.6912923353,96.8135363273
1569.4053074888,98.7189735784
1570.1193226424,98.1387047694
1570.8333377959,96.6904452043
1571.5473529495,96.2710629457
1572.2613681030,96.3114946401
1572.9753832566,96.2756641233
1573.6893984101,96.3268393885
1574.4034135636,96.3278593488
1575.1174287172,96.3140621929
1575.8314438707,98.6947610380
1576.5454590243,99.7044671370
1577.2594741778,97.0586653105
1577.9734893314,96.3273964495
1578.6875044849,96.2957724794
1579.4015196385,96.3106417977
1580.1155347920,96.2901516528
1580.8295499455,96.1458883438
1581.5435650991,96.1771680548
1582.2575802526,96.4125526367
1582.9715954062,96.4194303854
1583.6856105597,96.4725781620
1584.3996257133,96.5264920700
1585.1136408668,96.4156077191
1585.8276560203,96.4734968661
1586.5416711739,96.4824491770
1587.2556863274,96.4516775778
1587.9697014810,96.5395019668
1588.6837166345,96.4127288404
1589.3977317881,96.4034800754
1590.1117469416,96.5918394820
1590.8257620951,96.4673498376
1591.5397772487,96.4187854412
1592.2537924022,96.5240628317
1592.9678075558,96.4015502973
1593.6818227093,96.4650104144
1594.3958378629,96.7703671407
1595.1098530164,96.6983633436
1595.8238681700,96.4618210447
1596.5378833235,96.5146512063
1597.2518984770,96.5643831517
1597.9659136306,96.3930849728
1598.6799287841,96.3822200101
1599.3939439377,96.4608297331
1600.1079590912,96.4303467015
1600.8219742448,96.5540338161
1601.5359893983,96.5393709885
1602.2500045518,96.4312910946
1602.9640197054,96.6905612527
1603.6780348589,96.6670402500
1604.3920500125,96.4120774783
1605.1060651660,96.5135152868
1605.8200803196,96.4736562354
1606.5340954731,96.4953005906
1607.2481106267,96.7775683553
1607.9621257802,96.5465693266
1608.6761409337,96.5139929440
1609.3901560873,96.9356054573
1610.1041712408,96.7293225437
1610.8181863944,96.4825659998
1611.5322015479,96.5452947412
1612.2462167015,96.4587693311
1612.9602318550,96.4820165603
1613.6742470085,96.5740948097
1614.3882621621,96.4666643012
1615.1022773156,96.3970798023
1615.8162924692,96.8393496024
1616.5303076227,99.9194202310
1617.2443227763,98.7376929645
1617.9583379298,96.6771743235
1618.6723530833,96.2718966628
1619.3863682369,96.2694779573
1620.1003833904,95.9824280041
1620.8143985440,96.1051719953
1621.5284136975,96.1060469190
1622.2424288511,95.8454655113
1622.9564440046,97.0461059041
1623.6704591582,98.1426223668
1624.3844743117,96.1994518494
1625.0984894652,95.6537284342
1625.8125046188,95.7498680760
1626.5265197723,95.5080058382
1627.2405349259,95.9417038920
1627.9545500794,96.7206809183
1628.6685652330,95.8601781207
1629.3825803865,95.4126929364
1630.0965955400,95.4602361878
1630.8106106936,95.3071294537
1631.5246258471,95.3264520083
1632.2386410007,95.4931045654
1632.9526561542,95.4049791965
1633.6666713078,95.2854008693
1634.3806864613,95.6548008253
1635.0947016149,99.3597034109
1635.8087167684,99.0171106164
1636.5227319219,95.9406606798
1637.2367470755,96.0360225419
1637.9507622290,96.1610060532
1638.6647773826,95.0532788241
1639.3787925361,94.9435227259
1640.0928076897,95.1968999525
1640.8068228432,94.9319827033
1641.5208379967,95.1429877796
1642.2348531503,95.2731408230
1642.9488683038,95.0820453927
1643.6628834574,95.2427485361
1644.3768986109,94.9849497735
1645.0909137645,95.1681411157
1645.8049289180,97.6671668258
1646.5189440715,96.7039753060
1647.2329592251,96.2340673379
1647.9469743786,97.5120153092
1648.6609895322,96.1040416876
1649.3750046857,95.1901594880
1650.0890198393,95.1476364723
1650.8030349928,95.0249675674
1651.5170501464,95.2533832982
1652.2310652999,97.7551638816
1652.9450804534,103.4210039946
1653.6590956070,98.3270579048
1654.3731107605,97.5094487899
1655.0871259141,96.0419795393
1655.8011410676,95.0485164149
1656.5151562212,94.7528652527
1657.2291713747,94.8633640347
1657.9431865282,94.8321457161
1658.6572016818,94.7098267164
1659.3712168353,94.6408161425
1660.0852319889,94.6856669771
1660.7992471424,94.9021351653
1661.5132622960,94.8542527054
1662.2272774495,95.2697549650
1662.9412926031,96.7007840147
1663.6553077566,95.2986098544
1664.3693229101,94.4872355846
1665.0833380637,94.6926250367
1665.7973532172,94.5473734453
1666.5113683708,94.4857386677
1667.2253835243,94.6961326048
1667.9393986779,94.3615863275
1668.6534138314,95.6151822919
1669.3674289849,98.2118028703
1670.0814441385,95.1407230196
1670.7954592920,94.8204068186
1671.5094744456,95.9076761993
1672.2234895991,94.9950061822
1672.9375047527,94.4105814284
1673.6515199062,94.2190637588
1674.3655350598,94.2109376805
1675.0795502133,96.8060155774
1675.7935653668,96.5167275655
1676.5075805204,94.3668555134
1677.2215956739,94.0540183591
1677.9356108275,94.2222397483
1678.6496259810,94.0325494094
1679.3636411346,94.1635583192
1680.0776562881,94.7129258156
1680.7916714416,94.5562679951
1681.5056865952,93.9410612003
1682.2197017487,93.8736132304
1682.9337169023,95.0043216493
1683.6477320558,96.5323148775
1684.3617472094,97.7825639825
1685.0757623629,97.1861179651
1685.7897775164,94.8972060304
1686.5037926700,93.6919901583
1687.2178078235,93.4541498981
1687.9318229771,93.9311854056
1688.6458381306,93.7649700795
1689.3598532842,93.4860444943
1690.0738684377,93.7467404825
1690.7878835913,93.6089024873
1691.5018987448,93.1185435704
1692.2159138983,93.0202565709
1692.9299290519,93.0751248866
1693.6439442054,92.9139438132
1694.3579593590,92.7286084093
1695.0719745125,93.3592929865
1695.7859896661,98.2206994252
1696.5000048196,94.1905798276
1697.2140199731,92.8209884431
1697.9280351267,92.5457002677
1698.6420502802,92.0322348653
1699.3560654338,92.0870186342
1700.0700805873,133.9998321240
1700.7840957409,95.7892803562
1701.4981108944,92.1074472337
1702.2121260480,91.0118153414
1702.9261412015,90.1262286353
1703.6401563550,90.4937110595
1704.3541715086,91.2207992426
1705.0681866621,90.0378244355
1705.7822018157,89.8253615497
1706.4962169692,90.7215275454
1707.2102321228,89.7627280987
1707.9242472763,88.8602825802
1708.6382624298,88.6233103767
1709.3522775834,88.6022792201
1710.0662927369,88.7600352187
1710.7803078905,88.6917173615
1711.4943230440,88.2152554763
1712.2083381976,88.2389829326
1712.9223533511,88.5484443014
1713.6363685046,88.5142282936
1714.3503836582,89.1102689194
1715.0643988117,90.0679290216
1715.7784139653,89.3443838188
1716.4924291188,89.1079145550
1717.2064442724,90.2404538962
1717.9204594259,91.8696829915
1718.6344745795,91.2375400968
1719.3484897330,90.2751954467
1720.0625048865,89.8345381998
1720.7765200401,90.0703818241
1721.4905351936,90.3966681306
1722.2045503472,90.4109912193
1722.9185655007,90.8412302671
1723.6325806543,91.5328085827
1724.3465958078,91.3760330442
1725.0606109613,91.3925524447
1725.7746261149,91.7329001565
1726.4886412684,91.7541106900
1727.2026564220,92.1597958282
1727.9166715755,92.5984955421
1728.6306867291,92.4529435040
1729.3447018826,93.0495168291
1730.0587170362,94.1206185463
1730.7727321897,93.7402796771
1731.4867473432,93.5906483171
1732.2007624968,93.8696425680
1732.9147776503,94.4358903790
1733.6287928039,95.9326097147
1734.3428079574,97.6391980873
1735.0568231110,96.8928839521
1735.7708382645,95.5347853415
1736.4848534180,94.9685551216
1737.1988685716,95.7445975377
1737.9128837251,95.9966043881
1738.6268988787,95.5508623087
1739.3409140322,96.8739104686
1740.0549291858,98.5199258735
1740.7689443393,97.1580112375
1741.4829594928,96.6226073139
1742.1969746464,96.9283531199
1742.9109897999,97.8250703362
1743.6250049535,98.2106697518
1744.3390201070,97.8241115861
1745.0530352606,97.7833453577
1745.7670504141,97.9604424889
1746.4810655677,98.3500554152
1747.1950807212,98.6450878167
1747.9090958747,98.5382267596
1748.6231110283,99.4628540579
1749.3371261818,99.4088044935
1750.0511413354,98.1329290729
1750.7651564889,98.7442986865
1751.4791716425,100.9872380501
1752.1931867960,99.0292218411
1752.9072019495,98.3962588748
1753.6212171031,98.6069996356
1754.3352322566,98.5931479153
1755.0492474102,98.4968645057
1755.7632625637,98.3897894231
1756.4772777173,99.0792275499
1757.1912928708,99.9361612327
1757.9053080244,98.8616264052
1758.6193231779,98.5181894770
1759.3333383314,99.0277053705
1760.0473534850,98.5395137146
1760.7613686385,98.3844337348
1761.4753837921,99.8922610977
1762.1893989456,99.9877445331
1762.9034140992,98.8806134830
1763.6174292527,98.6126298476
1764.3314444062,98.6803584997
1765.0454595598,98.6708565922
1765.7594747133,98.7044799270
1766.4734898669,98.6086906623
1767.1875050204,98.4216149742
1767.9015201740,99.1602224641
1768.6155353275,99.8888529311
1769.3295504810,98.7419556429
1770.0435656346,98.4688701953
1770.7575807881,99.6006108630
1771.4715959417,99.7110729295
1772.1856110952,99.9545910627
1772.8996262488,101.0829496277
1773.6136414023,99.2794804022
1774.3276565559,98.4391651898
1775.0416717094,98.8377743576
1775.7556868629,99.1871203115
1776.4697020165,98.7583027576
1777.1837171700,98.3659697451
1777.8977323236,98.4380143666
1778.6117474771,98.6843962547
1779.3257626307,98.4816498032
1780.0397777842,98.6851500071
1780.7537929377,99.3899274606
1781.4678080913,98.8382335018
1782.1818232448,98.4255773683
1782.8958383984,98.4765292948
1783.6098535519,98.2607230033
1784.3238687055,98.4863880051
1785.0378838590,99.0296496573
1785.7518990126,98.6004554065
1786.4659141661,98.4165879532
1787.1799293196,98.4820653255
1787.8939444732,98.4997543510
1788.6079596267,98.6297049481
1789.3219747803,98.3342465542
1790.0359899338,98.3659933043
1790.7500050874,99.1552986885
1791.4640202409,98.7977538769
1792.1780353944,98.9293315443
1792.8920505480,100.5946339325
1793.6060657015,99.0920235435
1794.3200808551,98.1076481294
1795.0340960086,98.4649486997
1795.7481111622,98.6547940698
1796.4621263157,98.4593289001
1797.1761414693,98.4449025128
1797.8901566228,98.0269702458
1798.6041717763,98.0905659982
1799.3181869299,99.0666562541
1800.0322020834,98.9347042791
1800.7462172370,98.2724256650
1801.4602323905,98.4180593327
1802.1742475441,98.7800100833
1802.8882626976,98.5370900156
1803.6022778511,98.1811837781
1804.3162930047,98.0943452522
1805.0303081582,98.2407625967
1805.7443233118,98.3323110021
1806.4583384653,98.2131589670
1807.1723536189,98.1803000654
1807.8863687724,98.3975207613
1808.6003839259,98.2899095948
1809.3143990795,98.0287702723
1810.0284142330,98.4515169432
1810.7424293866,98.9868271058
1811.4564445401,98.4912601607
1812.1704596937,98.2096091780
1812.8844748472,98.3793493927
1813.5984900008,98.2598421566
1814.3125051543,98.1386951567
1815.0265203078,98.2591603914
1815.7405354614,98.2278973296
1816.4545506149,98.1638914988
1817.1685657685,98.2457774610
1817.8825809220,98.2051924540
1818.5965960756,98.0460416735
1819.3106112291,98.0618152002
1820.0246263826,98.2425063520
1820.7386415362,98.2076978699
1821.4526566897,98.0001437108
1822.1666718433,98.1394089313
1822.8806869968,98.3315937314
1823.5947021504,98.0572182046
1824.3087173039,98.1696407403
1825.0227324575,99.2179432481
1825.7367476110,99.0529987296
1826.4507627645,98.2087359527
1827.1647779181,98.1482688907
1827.8787930716,98.2975167683
1828.5928082252,98.3030484697
1829.3068233787,98.9494317430
1830.0208385323,99.5721062785
1830.7348536858,98.7900731952
1831.4488688393,98.3424380969
1832.1628839929,98.1059165003
1832.8768991464,97.9171748105
1833.5909143000,98.0888884271
1834.3049294535,98.2209708420
1835.0189446071,98.1164103832
1835.7329597606,98.0903421530
1836.4469749141,98.1215531571
1837.1609900677,98.3002850820
1837.8750052212,98.4078553553
1838.5890203748,98.1395648843
1839.3030355283,98.1061448310
1840.0170506819,98.2372918433
1840.7310658354,98.0339810494
1841.4450809890,98.1472683129
1842.1590961425,98.3322406355
1842.8731112960,97.9617043947
1843.5871264496,98.4281593323
1844.3011416031,100.3349763781
1845.0151567567,99.0939474595
1845.7291719102,98.2056554708
1846.4431870638,98.1343556691
1847.1572022173,98.1767468644
1847.8712173708,98.3704537693
1848.5852325244,98.3923168409
1849.2992476779,98.0262005108
1850.0132628315,98.0546520578
1850.7272779850,98.2452531228
1851.4412931386,98.0908958352
1852.1553082921,98.0982265763
1852.8693234457,98.1889112848
1853.5833385992,98.0882501266
1854.2973537527,98.0677570874
1855.0113689063,98.1214821459
1855.7253840598,98.1334073657
1856.4393992134,98.0780149928
1857.1534143669,98.0564971535
1857.8674295205,98.1886686557
1858.5814446740,98.2269170250
1859.2954598275,98.1497953261
1860.0094749811,98.0581273444
1860.7234901346,97.8971065296
1861.4375052882,97.9907875062
1862.1515204417,98.2118370472
1862.8655355953,98.1660214170
1863.5795507488,98.1543627295
1864.2935659023,98.1818492519
1865.0075810559,98.1422694388
1865.7215962094,98.1587432181
1866.4356113630,98.1648809137
1867.1496265165,98.4028735435
1867.8636416701,98.6125884996
1868.5776568236,98.6247216106
1869.2916719772,99.2125030522
1870.0056871307,98.9627581164
1870.7197022842,98.0480973884
1871.4337174378,98.0538337459
1872.1477325913,98.2612264397
1872.8617477449,97.9293857004
1873.5757628984,98.0651457903
1874.2897780520,98.1649783575
1875.0037932055,97.9903992877
1875.7178083590,98.2198253207
1876.4318235126,98.1960755205
1877.1458386661,98.0813875494
1877.8598538197,98.2305555293
1878.5738689732,98.0603846818
1879.2878841268,98.0007112601
1880.0018992803,98.0780896228
1880.7159144339,98.0404340433
1881.4299295874,98.3027288123
1882.1439447409,98.2232684112
1882.8579598945,97.9685840400
1883.5719750480,98.2427088073
1884.2859902016,98.2572791283
1885.0000053551,98.1559884315
1885.7140205087,98.2332562078
1886.4280356622,98.0812519027
1887.1420508157,98.1652066545
1887.8560659693,97.9962520657
1888.5700811228,97.7254519741
1889.2840962764,98.6771626905
1889.9981114299,98.9298960036
1890.7121265835,98.0780622098
1891.4261417370,98.1348289685
1892.1401568905,98.1084830881
1892.8541720441,97.9574228472
1893.5681871976,98.3956484056
1894.2822023512,98.1704610125
1894.9962175047,97.9828349789
1895.7102326583,98.3785909158
1896.4242478118,97.9140888061
1897.1382629654,97.7097511577
1897.8522781189,98.1601229851
1898.5662932724,98.1132915986
1899.2803084260,98.2531680526
1899.9943235795,98.3524509656
1900.7083387331,97.9780316889
1901.4223538866,98.1516330280
1902.1363690402,98.3270555398
1902.8503841937,98.0921833298
1903.5643993472,98.0970340444
1904.2784145008,98.0320698332
1904.9924296543,98.1954343319
1905.7064448079,98.4877703957
1906.4204599614,98.0239190715
1907.1344751150,97.8876147048
1907.8484902685,98.3926643289
1908.5625054221,98.2511251459
1909.2765205756,98.1873261673
1909.9905357291,98.5626767340
1910.7045508827,98.2885903730
1911.4185660362,97.9438892661
1912.1325811898,98.0662425168
1912.8465963433,98.2231742884
1913.5606114969,98.2083569214
1914.2746266504,98.0144388589
1914.9886418039,98.0264230412
1915.7026569575,98.2991763641
1916.4166721110,98.1324270905
1917.1306872646,98.0505257174
1917.8447024181,98.7424952524
1918.5587175717,98.6226032415
1919.2727327252,98.0260804106
1919.9867478788,98.1241788139
1920.7007630323,98.1707055949
1921.4147781858,97.9277041559
1922.1287933394,98.1315640611
1922.8428084929,98.2327103059
1923.5568236465,97.9897983951
1924.2708388000,98.0959356283
1924.9848539536,98.0429679320
1925.6988691071,97.7979413608
1926.4128842606,98.0115818756
1927.1268994142,98.2253645677
1927.8409145677,98.0296717436
1928.5549297213,97.8182983317
1929.2689448748,97.8232335392
1929.9829600284,97.9043413213
1930.6969751819,97.7864847460
1931.4109903354,97.6566771322
1932.1250054890,97.8613225246
1932.8390206425,98.0682873978
1933.5530357961,98.0687719915
1934.2670509496,98.0009730543
1934.9810661032,97.9160213749
1935.6950812567,97.9530555747
1936.4090964103,97.9119675342
1937.1231115638,97.9103029717
1937.8371267173,98.2722227261
1938.5511418709,98.1343699225
1939.2651570244,97.7369703599
1939.9791721780,98.1990265872
1940.6931873315,98.2233799552
1941.4072024851,97.6599009216
1942.1212176386,98.4190256899
1942.8352327921,99.0277272061
1943.5492479457,97.9065231461
1944.2632630992,97.7226906974
1944.9772782528,98.3722094097
1945.6912934063,98.3600287391
1946.4053085599,97.9692592443
1947.1193237134,97.5133515335
1947.8333388670,97.4853177521
1948.5473540205,98.0348502037
1949.2613691740,97.9264834531
1949.9753843276,97.4054945673
1950.6893994811,97.6779047372
1951.4034146347,98.0529468579
1952.1174297882,97.9755877761
1952.8314449418,98.0261243773
1953.5454600953,98.1658513481
1954.2594752488,98.1300944573
1954.9734904024,98.0154928655
1955.6875055559,97.9308001729
1956.4015207095,97.9596523235
1957.1155358630,98.1212553283
1957.8295510166,98.1728536744
1958.5435661701,97.9802210869
1959.2575813236,98.0399774418
1959.9715964772,98.4126317606
1960.6856116307,98.3590485916
1961.3996267843,98.0800551973
1962.1136419378,98.1959142879
1962.8276570914,98.3883634696
1963.5416722449,98.2530116090
1964.2556873985,97.9882671977
1964.9697025520,98.2391540755
1965.6837177055,98.3708138077
1966.3977328591,97.4505382109
1967.1117480126,97.5178718079
1967.8257631662,98.8723809971
1968.5397783197,98.3870044847
1969.2537934733,97.5611861240
1969.9678086268,97.9813881708
1970.6818237803,98.0231594950
1971.3958389339,98.4340637996
1972.1098540874,99.0385149159
1972.8238692410,98.0916186735
1973.5378843945,97.7793034882
1974.2518995481,98.2720262590
1974.9659147016,98.0370410145
1975.6799298552,98.5511047584
1976.3939450087,98.6970377780
1977.1079601622,97.6631569779
1977.8219753158,97.9549088423
1978.5359904693,98.4158030076
1979.2500056229,97.9286436300
1979.9640207764,97.8898196962
1980.6780359300,97.4406304966
1981.3920510835,96.9825778733
1982.1060662370,97.6554713893
1982.8200813906,97.7118406234
1983.5340965441,97.0212007497
1984.2481116977,97.3143075466
1984.9621268512,97.9176717723
1985.6761420048,97.8638050500
1986.3901571583,97.6992690358
1987.1041723118,97.6763316089
1987.8181874654,97.7067611663
1988.5322026189,97.7731839224
1989.2462177725,97.5990127641
1989.9602329260,97.6481322319
1990.6742480796,98.3523752139
1991.3882632331,98.3853273392
1992.1022783867,97.4264862809
1992.8162935402,97.6941225210
1993.5303086937,98.3306791697
1994.2443238473,97.8055050270
1994.9583390008,97.3464361035
1995.6723541544,97.5926339992
1996.3863693079,97.8565759501
1997.1003844615,97.9471418001
1997.8143996150,97.8188635601
1998.5284147685,98.2056111182
1999.2424299221,98.8227137524
1999.9564450756,98.3276615782
2000.6704602292,97.8980336652
2001.3844753827,98.3707565140
2002.0984905363,98.4152707612
2002.8125056898,98.2664434001
2003.5265208434,98.2613096643
2004.2405359969,97.9285982055
2004.9545511504,97.9952473349
2005.6685663040,98.1810915617
2006.3825814575,98.0730133918
2007.0965966111,98.3993780258
2007.8106117646,98.2207010794
2008.5246269182,97.4675255580
2009.2386420717,97.7442203005
2009.9526572252,98.1998448320
2010.6666723788,97.8040165734
2011.3806875323,97.5798060893
2012.0947026859,97.7229060160
2012.8087178394,97.9198952885
2013.5227329930,98.2786224642
2014.2367481465,98.1585771667
2014.9507633000,97.4593828326
2015.6647784536,97.2534646642
2016.3787936071,98.0614597041
2017.0928087607,98.9934004789
2017.8068239142,98.6872420573
2018.5208390678,97.9356483493
2019.2348542213,98.1631421799
2019.9488693749,98.2249601240
2020.6628845284,97.5228728713
2021.3768996819,97.9787472969
2022.0909148355,98.5987437472
2022.8049299890,97.5789739162
2023.5189451426,97.1617092807
2024.2329602961,97.6886730248
2024.9469754497,97.4231667852
2025.6609906032,97.7536319208
2026.3750057567,98.4868752583
2027.0890209103,98.0240129028
2027.8030360638,97.6928290192
2028.5170512174,97.8768947178
2029.2310663709,97.7076031153
2029.9450815245,98.0587640772
2030.6590966780,98.5523098530
2031.3731118316,98.0763005234
2032.0871269851,97.5040182264
2032.8011421386,97.7079026864
2033.5151572922,98.0973061786
2034.2291724457,97.8071847175
2034.9431875993,97.3391669146
2035.6572027528,97.5036323924
2036.3712179064,97.9007384741
2037.0852330599,98.1161903581
2037.7992482134,97.8900622178
2038.5132633670,97.5280518971
2039.2272785205,97.6620229836
2039.9412936741,97.5528467799
2040.6553088276,97.0905717619
2041.3693239812,97.3554426979
2042.0833391347,97.7421325788
2042.7973542883,97.9058973110
2043.5113694418,98.1259537013
2044.2253845953,97.8519803930
2044.9393997489,97.7766943261
2045.6534149024,98.0420119246
2046.3674300560,97.6617263131
2047.0814452095,97.7187042370
2047.7954603631,98.1710094435
2048.5094755166,97.6843864752
2049.2234906701,97.5477683281
2049.9375058237,97.8694621489
2050.6515209772,97.4059942580
2051.3655361308,97.3821383841
2052.0795512843,97.9319248710
2052.7935664379,97.7819896186
2053.5075815914,97.5077864110
2054.2215967449,97.5746240441
2054.9356118985,97.3409449020
2055.6496270520,97.2370202119
2056.3636422056,97.6001087798
2057.0776573591,97.7042805778
2057.7916725127,97.5327037506
2058.5056876662,97.6178756508
2059.2197028198,97.7223650120
2059.9337179733,97.6457719834
2060.6477331268,97.5989233836
2061.3617482804,97.4654087088
2062.0757634339,97.4517057732
2062.7897785875,97.7065276964
2063.5037937410,97.5722293670
2064.2178088946,97.4632616075
2064.9318240481,97.9604246907
2065.6458392016,97.8471562454
2066.3598543552,97.3216586867
2067.0738695087,97.7196302957
2067.7878846623,97.9316853075
2068.5018998158,97.3332008164
2069.2159149694,97.3575549614
2069.9299301229,97.7000158962
2070.6439452765,97.4864928230
2071.3579604300,97.4263456919
2072.0719755835,97.5177077129
2072.7859907371,97.3899707727
2073.5000058906,97.5083148301
2074.2140210442,97.6768433287
2074.9280361977,97.5910311057
2075.6420513513,97.5660257170
2076.3560665048,97.5030388955
2077.0700816583,97.4343782552
2077.7840968119,97.5774126809
2078.4981119654,97.6758727552
2079.2121271190,97.7293784980
2079.9261422725,97.7272797747
2080.6401574261,97.5894726543
2081.3541725796,97.7190615192
2082.0681877331,97.9170585457
2082.7822028867,97.7706562340
2083.4962180402,97.6438462448
2084.2102331938,97.6129852023
2084.9242483473,97.6447001147
2085.6382635009,97.8141554971
2086.3522786544,97.7039518106
2087.0662938080,97.5556470950
2087.7803089615,97.7044150755
2088.4943241150,97.6927658018
2089.2083392686,97.7329641401
2089.9223544221,97.8135567294
2090.6363695757,97.4656488571
2091.3503847292,97.4938231174
2092.0643998828,97.9673730725
2092.7784150363,97.9511352843
2093.4924301898,97.8606207309
2094.2064453434,97.9800290185
2094.9204604969,97.8763112718
2095.6344756505,97.9431043985
2096.3484908040,98.0416084957
2097.0625059576,97.6378120810
2097.7765211111,97.4433795146
2098.4905362647,97.8292787369
2099.2045514182,97.9877943922
2099.9185665717,97.7148692845
2100.6325817253,97.6626833307
2101.3465968788,97.7243441409
2102.0606120324,97.5128322852
2102.7746271859,97.6082806346
2103.4886423395,97.9383484710
2104.2026574930,97.7481422102
2104.9166726465,97.4972535674
2105.6306878001,97.5097697128
2106.3447029536,97.4105155669
2107.0587181072,97.4937565286
2107.7727332607,97.6586011025
2108.4867484143,97.5840785931
2109.2007635678,97.5872533838
2109.9147787213,97.5700488846
2110.6287938749,97.5613544324
2111.3428090284,97.6863267027
2112.0568241820,97.3932664105
2112.7708393355,97.1687137976
2113.4848544891,97.6439147817
2114.1988696426,97.7929623552
2114.9128847962,97.4787911414
2115.6268999497,97.6686954759
2116.3409151032,97.8863926954
2117.0549302568,97.6809867246
2117.7689454103,97.6924571627
2118.4829605639,97.8554648969
2119.1969757174,97.8162293130
2119.9109908710,97.8174685081
2120.6250060245,97.8137450026
2121.3390211780,97.7482729721
2122.0530363316,97.7777761313
2122.7670514851,97.6696385830
2123.4810666387,97.6311569971
2124.1950817922,98.0144553120
2124.9090969458,98.1138923933
2125.6231120993,97.8907594941
2126.3371272529,98.0666826413
2127.0511424064,98.1754396525
2127.7651575599,98.0005917319
2128.4791727135,98.1032118642
2129.1931878670,98.1485921863
2129.9072030206,97.9728185291
2130.6212181741,98.0151494587
2131.3352333277,98.1365654507
2132.0492484812,98.1938265538
2132.7632636347,98.1959701154
2133.4772787883,98.1410437055
2134.1912939418,98.1357932244
2134.9053090954,98.0648365646
2135.6193242489,98.1304246118
2136.3333394025,98.2496938716
2137.0473545560,97.9875434780
2137.7613697095,98.0146853561
2138.4753848631,98.3053877322
2139.1894000166,98.0037255203
2139.9034151702,97.7826237174
2140.6174303237,97.8800843124
2141.3314454773,97.8145943075
2142.0454606308,97.9180426190
2142.7594757844,98.0457963406
2143.4734909379,98.1735523365
2144.1875060914,98.3948482723
2144.9015212450,98.0902475448
2145.6155363985,97.9117352807
2146.3295515521,98.3405129568
2147.0435667056,98.3981704680
2147.7575818592,98.0343780366
2148.4715970127,97.7707892373
2149.1856121662,97.9255531120
2149.8996273198,98.2286135174
2150.6136424733,97.9598270445
2151.3276576269,98.0489151677
2152.0416727804,98.4171536700
2152.7556879340,97.9855948655
2153.4697030875,98.1836741272
2154.1837182411,98.7991959983
2154.8977333946,98.5064964716
2155.6117485481,98.6778132711
2156.3257637017,98.7458049604
2157.0397788552,98.2262329344
2157.7537940088,98.7329693510
2158.4678091623,98.3777219774
2159.1818243159,97.0894436980
2159.8958394694,96.9751818030
2160.6098546229,97.0047667115
2161.3238697765,97.2317867177
2162.0378849300,97.1774118959
2162.7519000836,96.6783538740
2163.4659152371,97.2409712899
2164.1799303907,97.5370336217
2164.8939455442,97.2958562344
2165.6079606978,98.1574997938
2166.3219758513,98.2833704952
2167.0359910048,97.5333161330
2167.7500061584,97.5107658761
2168.4640213119,97.1753541207
2169.1780364655,97.1280572363
2169.8920516190,97.8148543010
2170.6060667726,97.7342462357
2171.3200819261,97.5790550725
2172.0340970796,97.8491969218
2172.7481122332,97.8306565699
2173.4621273867,97.8650209744
2174.1761425403,97.9369746963
2174.8901576938,97.9299853388
2175.6041728474,97.6703875454
2176.3181880009,97.2146254947
2177.0322031544,97.2700384329
2177.7462183080,97.2978601490
2178.4602334615,97.5535006426
2179.1742486151,98.3506960301
2179.8882637686,98.1933722695
2180.6022789222,97.8567124721
2181.3162940757,98.1753913347
2182.0303092293,97.8838475292
2182.7443243828,98.0342891646
2183.4583395363,98.0971058139
2184.1723546899,97.1595033813
2184.8863698434,97.5758670590
2185.6003849970,97.8755370361
2186.3144001505,96.8940410039
2187.0284153041,97.5842208663
2187.7424304576,98.2752911635
2188.4564456111,97.3062767038
2189.1704607647,97.3053798428
2189.8844759182,97.6704725062
2190.5984910718,97.4412697698
2191.3125062253,97.7257670537
2192.0265213789,97.7246653819
2192.7405365324,97.4664927184
2193.4545516860,97.7102990054
2194.1685668395,97.8462921875
2194.8825819930,97.8136184854
2195.5965971466,97.6800822216
2196.3106123001,97.4906634164
2197.0246274537,97.4508734663
2197.7386426072,97.5596361308
2198.4526577608,97.8346694888
2199.1666729143,97.6755898719
2199.8806880678,97.3098370587
2200.5947032214,97.7498154233
2201.3087183749,97.9335861283
2202.0227335285,97.5127334929
2202.7367486820,97.8489083163
2203.4507638356,98.1240055579
2204.1647789891,97.7891710465
2204.8787941426,97.7952745584
2205.5928092962,97.7465712258
2206.3068244497,97.4485668017
2207.0208396033,97.5641405501
2207.7348547568,97.6609839884
2208.4488699104,97.3910569069
2209.1628850639,97.4662700418
2209.8769002175,97.8030533465
2210.5909153710,97.6579677384
2211.3049305245,97.6589358424
2212.0189456781,98.1880107892
2212.7329608316,97.9118819583
2213.4469759852,97.3090731305
2214.1609911387,97.5748514710
2214.8750062923,97.7910563802
2215.5890214458,97.7508679524
2216.3030365993,97.9065427836
2217.0170517529,97.6178698353
2217.7310669064,97.3483789961
2218.4450820600,97.5642373416
2219.1590972135,97.6551657315
2219.8731123671,97.6415800157
2220.5871275206,97.6630100630
2221.3011426742,97.5443555919
2222.0151578277,97.3077930811
2222.7291729812,97.2281758499
2223.4431881348,97.4696447297
2224.1572032883,97.5685128438
2224.8712184419,97.3716207521
2225.5852335954,97.4293226502
2226.2992487490,97.7780859431
2227.0132639025,98.1568726951
2227.7272790560,98.1329253936
2228.4412942096,97.6887332875
2229.1553093631,97.8273741667
2229.8693245167,98.0031692568
2230.5833396702,97.7170474466
2231.2973548238,97.7718992574
2232.0113699773,97.6607912209
2232.7253851308,97.5075994492
2233.4394002844,97.7271442387
2234.1534154379,97.3955424618
2234.8674305915,97.2792086513
2235.5814457450,97.7070896163
2236.2954608986,97.5334796360
2237.0094760521,97.6476716764
2237.7234912057,98.0465635284
2238.4375063592,97.6322098335
2239.1515215127,97.3787682737
2239.8655366663,97.5702443041
2240.5795518198,97.7685416735
2241.2935669734,97.7839099962
2242.0075821269,97.4143712580
2242.7215972805,97.7037413438
2243.4356124340,98.0115509235
2244.1496275875,97.3634455920
2244.8636427411,97.5940191516
2245.5776578946,98.1134424905
2246.2916730482,97.4816908202
2247.0056882017,97.3028562195
2247.7197033553,97.4946854427
2248.4337185088,97.3047637867
2249.1477336624,97.4798696866
2249.8617488159,97.6344161591
2250.5757639694,97.5904609170
2251.2897791230,97.4854860553
2252.0037942765,97.2140008245
2252.7178094301,97.4560281259
2253.4318245836,97.8481585245
2254.1458397372,97.4824739103
2254.8598548907,97.2704935284
2255.5738700442,97.4248824978
2256.2878851978,97.4664890821
2257.0019003513,97.5161564615
2257.7159155049,97.2788571871
2258.4299306584,97.1403406390
2259.1439458120,97.4240524962
2259.8579609655,97.3421340145
2260.5719761190,97.0971747201
2261.2859912726,97.3776579588
2262.0000064261,97.8031882061
2262.7140215797,97.6641507421
2263.4280367332,97.1842503457
2264.1420518868,97.2979772030
2264.8560670403,97.4714361228
2265.5700821939,97.1796549469
2266.2840973474,97.2801918566
2266.9981125009,97.3772357851
2267.7121276545,97.1737720922
2268.4261428080,97.4235533891
2269.1401579616,97.4993712123
2269.8541731151,97.2473300966
2270.5681882687,97.2807688575
2271.2822034222,97.3259930938
2271.9962185757,97.3270263030
2272.7102337293,97.1601982755
2273.4242488828,97.0310214852
2274.1382640364,97.4166997091
2274.8522791899,97.3728277836
2275.5662943435,97.0356642499
2276.2803094970,97.3565899259
2276.9943246506,97.4198969669
2277.7083398041,97.1670061939
2278.4223549576,97.2034890975
2279.1363701112,97.0639903492
2279.8503852647,96.9818397740
2280.5644004183,97.0944848450
2281.2784155718,97.0611674083
2281.9924307254,97.2344773280
2282.7064458789,97.3258509627
2283.4204610324,97.1676035466
2284.1344761860,97.1066096253
2284.8484913395,97.1127207753
2285.5625064931,97.2991400204
2286.2765216466,97.3920155594
2286.9905368002,97.2198128763
2287.7045519537,97.2649540907
2288.4185671072,97.2668055465
2289.1325822608,97.2078073745
2289.8465974143,97.3332960960
2290.5606125679,97.2213949450
2291.2746277214,97.2649781749
2291.9886428750,97.5015393718
2292.7026580285,97.2599050996
2293.4166731821,97.1042102183
2294.1306883356,97.3010463752
2294.8447034891,97.3868831577
2295.5587186427,97.4396423191
2296.2727337962,97.3649371970
2296.9867489498,97.3305119226
2297.7007641033,97.3828123832
2298.4147792569,97.3845966790
2299.1287944104,97.5006718933
2299.8428095639,97.4322839213
2300.5568247175,97.3905424855
2301.2708398710,97.4964741421
2301.9848550246,97.2607414535
2302.6988701781,97.4541025522
2303.4128853317,97.7352230928
2304.1269004852,97.3393703389
2304.8409156388,97.5908546706
2305.5549307923,97.6951336814
2306.2689459458,97.1633503419
2306.9829610994,97.5763767850
2307.6969762529,97.6231926245
2308.4109914065,97.1652431465
2309.1250065600,97.5395104212
2309.8390217136,97.3349960949
2310.5530368671,97.1883855275
2311.2670520206,97.6743899985
2311.9810671742,97.1009023014
2312.6950823277,97.1625510925
2313.4090974813,97.7505663284
2314.1231126348,97.1298546160
2314.8371277884,97.4865592480
2315.5511429419,97.7520372801
2316.2651580955,97.1243023538
2316.9791732490,97.5310839312
2317.6931884025,97.3357986294
2318.4072035561,96.9801639906
2319.1212187096,97.7840640994
2319.8352338632,97.2604264428
2320.5492490167,97.0757378944
2321.2632641703,97.7661333254
2321.9772793238,97.0732997690
2322.6912944773,97.2029649629
2323.4053096309,97.6149765132
2324.1193247844,96.8937443968
2324.8333399380,97.3999609573
2325.5473550915,97.8637543216
2326.2613702451,97.3925311892
2326.9753853986,97.7048527976
2327.6894005521,97.5693223981
2328.4034157057,97.4806184658
2329.1174308592,97.9709685316
2329.8314460128,97.4916559595
2330.5454611663,97.5839233693
2331.2594763199,97.9025305982
2331.9734914734,97.3824935512
2332.6875066270,97.6501861392
2333.4015217805,97.8015716858
2334.1155369340,97.6112494205
2334.8295520876,97.8803969041
2335.5435672411,97.4149308382
2336.2575823947,97.3986418826
2336.9715975482,98.0362373083
2337.6856127018,97.6008279466
2338.3996278553,97.5838793292
2339.1136430088,97.7435298005
2339.8276581624,97.3421983060
2340.5416733159,97.6481365400
2341.2556884695,97.6809410681
2341.9697036230,97.4604126063
2342.6837187766,97.7830333040
2343.3977339301,97.4491925453
2344.1117490837,97.2329516015
2344.8257642372,97.6349514278
2345.5397793907,97.6005588889
2346.2537945443,97.7318826773
2346.9678096978,97.9013756650
2347.6818248514,97.7959124099
2348.3958400049,97.7701840319
2349.1098551585,97.6171874467
2349.8238703120,97.5892361154
2350.5378854655,97.7513107944
2351.2519006191,97.5592554018
2351.9659157726,97.7775104298
2352.6799309262,97.9836051678
2353.3939460797,97.5675597429
2354.1079612333,97.6168750242
2354.8219763868,97.7581939150
2355.5359915403,97.5885923548
2356.2500066939,97.5401423011
2356.9640218474,97.3603455934
2357.6780370010,97.4440290160
2358.3920521545,97.5789184018
2359.1060673081,97.4479452117
2359.8200824616,97.6384628295
2360.5340976152,97.5209911265
2361.2481127687,97.4923091553
2361.9621279222,97.7818314833
2362.6761430758,97.2986732854
2363.3901582293,97.1594293395
2364.1041733829,97.5240350684
2364.8181885364,97.2705471961
2365.5322036900,97.2451591613
2366.2462188435,97.3292852326
2366.9602339970,97.1469673534
2367.6742491506,97.2862076498
2368.3882643041,97.1983512124
2369.1022794577,96.9715286352
2369.8162946112,96.9950067375
2370.5303097648,96.9195890359
2371.2443249183,97.0612185122
2371.9583400719,97.1893874698
2372.6723552254,96.9615126159
2373.3863703789,97.0064110490
2374.1003855325,97.0669138759
2374.8144006860,96.9682603525
2375.5284158396,97.1053898819
2376.2424309931,97.1404044342
2376.9564461467,97.1130823841
2377.6704613002,97.1701903034
2378.3844764537,97.1066397368
2379.0984916073,97.1861017505
2379.8125067608,97.3288513047
2380.5265219144,97.3441729839
2381.2405370679,97.4467311499
2381.9545522215,97.4631520716
2382.6685673750,97.4471863075
2383.3825825285,97.5511162702
2384.0965976821,97.5185834926
2384.8106128356,97.4592658103
2385.5246279892,97.5248605477
2386.2386431427,97.6149591747
2386.9526582963,97.6195238501
2387.6666734498,97.5997507312
2388.3806886034,97.6066541619
2389.0947037569,97.6669182012
2389.8087189104,97.6405176579
2390.5227340640,97.6362468046
2391.2367492175,97.6739804160
2391.9507643711,97.6491410118
2392.6647795246,97.6437436516
2393.3787946782,97.6433420526
2394.0928098317,97.6774876261
2394.8068249852,97.7516786588
2395.5208401388,97.7816598611
2396.2348552923,97.6750224256
2396.9488704459,97.6290336584
2397.6628855994,97.6306081860
2398.3769007530,97.6830696952
2399.0909159065,97.7319640655
2399.8049310601,97.6368281033
2400.5189462136,97.7603321268
2401.2329613671,97.7863714925
2401.9469765207,97.7967569717
2402.6609916742,97.8243354068
2403.3750068278,97.7325627377
2404.0890219813,97.8012499647
2404.8030371349,97.8276224603
2405.5170522884,97.7970788377
2406.2310674419,97.8993491381
2406.9450825955,97.7863819711
2407.6590977490,97.7298399476
2408.3731129026,97.7960505301
2409.0871280561,97.6244631534
2409.8011432097,97.6997094770
2410.5151583632,97.8985070146
2411.2291735167,97.7486673906
2411.9431886703,97.7349521915
2412.6572038238,97.8449879632
2413.3712189774,97.7795924477
2414.0852341309,97.6755087895
2414.7992492845,97.6162938001
2415.5132644380,97.7122146634
2416.2272795916,97.7201808219
2416.9412947451,97.5535380587
2417.6553098986,97.6310912693
2418.3693250522,97.7289630683
2419.0833402057,97.6861326937
2419.7973553593,97.7776641443
2420.5113705128,97.7831314773
2421.2253856664,97.6737426996
2421.9394008199,97.6356641069
2422.6534159734,97.6569656122
2423.3674311270,97.7720757577
2424.0814462805,97.8230385416
2424.7954614341,97.7620938291
2425.5094765876,97.7090832256
2426.2234917412,97.7088830370
2426.9375068947,97.8419860250
2427.6515220483,97.7863776129
2428.3655372018,97.5604993567
2429.0795523553,97.6474285870
2429.7935675089,97.7367909790
2430.5075826624,97.6787376954
2431.2215978160,97.7191192283
2431.9356129695,97.6700606178
2432.6496281231,97.6870231366
2433.3636432766,97.7967036513
2434.0776584301,97.8090273355
2434.7916735837,97.8476787529
2435.5056887372,97.6389080687
2436.2197038908,97.4805676137
2436.9337190443,97.7106993131
2437.6477341979,97.6821072065
2438.3617493514,97.6501795672
2439.0757645050,97.8058984403
2439.7897796585,97.6126721448
2440.5037948120,97.6247718191
2441.2178099656,97.7451721652
2441.9318251191,97.5764745201
2442.6458402727,97.7603263984
2443.3598554262,97.7990270503
2444.0738705798,97.5314477277
2444.7878857333,97.6943937773
2445.5019008868,97.6874593765
2446.2159160404,97.5525060716
2446.9299311939,97.7003238986
2447.6439463475,97.5197990301
2448.3579615010,97.4363473191
2449.0719766546,97.6755764278
2449.7859918081,97.6510846630
2450.5000069616,97.7172680271
2451.2140221152,97.7968657215
2451.9280372687,97.6184539515
2452.6420524223,97.5770644471
2453.3560675758,97.6036783272
2454.0700827294,97.6525542108
2454.7840978829,97.7016610916
2455.4981130365,97.5921567887
2456.2121281900,97.6064845919
2456.9261433435,97.6281846276
2457.6401584971,97.5864070181
2458.3541736506,97.7092234073
2459.0681888042,97.6891759821
2459.7822039577,97.6309726266
2460.4962191113,97.7224380591
2461.2102342648,97.7190239786
2461.9242494183,97.7692896123
2462.6382645719,97.7467913792
2463.3522797254,97.6362180816
2464.0662948790,97.7513119902
2464.7803100325,97.7307455581
2465.4943251861,97.6529938498
2466.2083403396,97.7473283869
2466.9223554932,97.6608057485
2467.6363706467,97.6815671809
2468.3503858002,97.7876412631
2469.0644009538,97.6619426744
2469.7784161073,97.7331903986
2470.4924312609,97.7860023201
2471.2064464144,97.6279544890
2471.9204615680,97.6812724109
2472.6344767215,97.7565603486
2473.3484918750,97.8221188672
2474.0625070286,97.8186060654
2474.7765221821,97.5580781521
2475.4905373357,97.5854037352
2476.2045524892,97.7475503127
2476.9185676428,97.6713534029
2477.6325827963,97.7514115520
2478.3465979498,97.7385126944
2479.0606131034,97.6747593586
2479.7746282569,97.8879240052
2480.4886434105,97.8384254458
2481.2026585640,97.7257669361
2481.9166737176,97.8229912346
2482.6306888711,97.6685041287
2483.3447040247,97.6133342623
2484.0587191782,97.7539799588
2484.7727343317,97.6316805378
2485.4867494853,97.6232123878
2486.2007646388,97.8150433780
2486.9147797924,97.7907891674
2487.6287949459,97.6953023890
2488.3428100995,97.7332439918
2489.0568252530,97.7364810827
2489.7708404065,97.6146085467
2490.4848555601,97.5717040288
2491.1988707136,97.6131474878
2491.9128858672,97.6610240982
2492.6269010207,97.8439466435
2493.3409161743,97.8120445422
2494.0549313278,97.5327347657
2494.7689464814,97.6331753103
2495.4829616349,97.7455882859
2496.1969767884,97.5516123833
2496.9109919420,97.6102555159
2497.6250070955,97.7082817951
2498.3390222491,97.5824849090
2499.0530374026,97.5416443326
2499.7670525562,97.5723333536
2500.4810677097,97.6489609502
2501.1950828632,97.6807940285
2501.9090980168,97.6293015788
2502.6231131703,97.6886379020
2503.3371283239,97.6784110066
2504.0511434774,97.6496097871
2504.7651586310,97.7056931281
2505.4791737845,97.6247011414
2506.1931889380,97.7353856600
2506.9072040916,97.9053334950
2507.6212192451,97.6394448550
2508.3352343987,97.5010239949
2509.0492495522,97.6295965795
2509.7632647058,97.5793416013
2510.4772798593,97.5366471611
2511.1912950129,97.5748296176
2511.9053101664,97.6599125550
2512.6193253199,97.7516878266
2513.3333404735,97.6563003680
2514.0473556270,97.6119837533
2514.7613707806,97.6646478919
2515.4753859341,97.6240804461
2516.1894010877,97.5749956872
2516.9034162412,97.5042647507
2517.6174313947,97.5683811629
2518.3314465483,97.6966074352
2519.0454617018,97.5948911932
2519.7594768554,97.6036973081
2520.4734920089,97.6362129043
2521.1875071625,97.5239797093
2521.9015223160,97.6975510200
2522.6155374696,97.7292844754
2523.3295526231,97.5137521630
2524.0435677766,97.6199828307
2524.7575829302,97.5908178863
2525.4715980837,97.5007927011
2526.1856132373,97.7392202072
2526.8996283908,97.6759423332
2527.6136435444,97.5683075783
2528.3276586979,97.7437775679
2529.0416738514,97.6558322103
2529.7556890050,97.6220075750
2530.4697041585,97.7501093939
2531.1837193121,97.6160071030
2531.8977344656,97.5941474524
2532.6117496192,97.7164198868
2533.3257647727,97.6860085920
2534.0397799262,97.7159877026
2534.7537950798,97.7674413809
2535.4678102333,97.7252622934
2536.1818253869,97.6917261530
2536.8958405404,97.6376054773
2537.6098556940,97.5616269929
2538.3238708475,97.5327163447
2539.0378860011,97.6129726253
2539.7519011546,97.7142128979
2540.4659163081,97.6524974707
2541.1799314617,97.5834454048
2541.8939466152,97.6334105569
2542.6079617688,97.6320818649
2543.3219769223,97.5670979270
2544.0359920759,97.5879581340
2544.7500072294,97.7175649350
2545.4640223829,97.7816552575
2546.1780375365,97.7335761203
2546.8920526900,97.7232797024
2547.6060678436,97.7048322858
2548.3200829971,97.7133227792
2549.0340981507,97.7546101180
2549.7481133042,97.6068800807
2550.4621284578,97.5388809806
2551.1761436113,97.6826426211
2551.8901587648,97.6425789069
2552.6041739184,97.6437759465
2553.3181890719,97.8155651404
2554.0322042255,97.7437914205
2554.7462193790,97.6689866802
2555.4602345326,97.7640457881
2556.1742496861,97.6846847355
2556.8882648396,97.6021851483
2557.6022799932,97.6854557397
2558.3162951467,97.6709970068
2559.0303103003,97.6181490963
2559.7443254538,97.6979498613
2560.4583406074,97.7468219643
2561.1723557609,97.7068161153
2561.8863709144,97.7037570236
2562.6003860680,97.6675770141
2563.3144012215,97.6206910903
2564.0284163751,97.6845620087
2564.7424315286,97.6843831477
2565.4564466822,97.6781179814
2566.1704618357,97.8051385523
2566.8844769893,97.7314947044
2567.5984921428,97.5731645626
2568.3125072963,97.6293589519
2569.0265224499,97.6175693816
2569.7405376034,97.5839557236
2570.4545527570,97.6312740744
2571.1685679105,97.5414989165
2571.8825830641,97.5795706311
2572.5965982176,97.7607154462
2573.3106133711,97.7237175659
2574.0246285247,97.6653062575
2574.7386436782,97.6878309117
2575.4526588318,97.6855013182
2576.1666739853,97.7105628832
2576.8806891389,97.6780043281
2577.5947042924,97.6682595169
2578.3087194460,97.6669424370
2579.0227345995,97.4955351836
2579.7367497530,97.4790343393
2580.4507649066,97.6587769286
2581.1647800601,97.6585425766
2581.8787952137,97.6460122800
2582.5928103672,97.6774914675
2583.3068255208,97.5815011361
2584.0208406743,97.5687632523
2584.7348558278,97.6575816663
2585.4488709814,97.6888534313
2586.1628861349,97.6875759464
2586.8769012885,97.6082407652
2587.5909164420,97.5707440747
2588.3049315956,97.7088863546
2589.0189467491,97.7569160470
2589.7329619027,97.6536859294
2590.4469770562,97.6465497627
2591.1609922097,97.7001081746
2591.8750073633,97.7008481235
2592.5890225168,97.6995744388
2593.3030376704,97.7174558594
2594.0170528239,97.7382541827
2594.7310679775,97.6919340931
2595.4450831310,97.6073625490
2596.1590982845,97.6675413573
2596.8731134381,97.7158294176
2597.5871285916,97.5887697605
2598.3011437452,97.6113445387
2599.0151588987,97.7716076680
2599.7291740523,97.7349141937
2600.4431892058,97.6645841358
2601.1572043593,97.7150911613
2601.8712195129,97.7164699766
2602.5852346664,97.6618701812
2603.2992498200,97.6743783646
2604.0132649735,97.7488996251
2604.7272801271,97.7299756645
2605.4412952806,97.6724831678
2606.1553104342,97.7560309174
2606.8693255877,97.7732795662
2607.5833407412,97.6872956028
2608.2973558948,97.7125302861
2609.0113710483,97.7159212931
2609.7253862019,97.7170398178
2610.4394013554,97.7291777882
2611.1534165090,97.6301499683
2611.8674316625,97.7411686104
2612.5814468160,97.8912686603
2613.2954619696,97.7059965283
2614.0094771231,97.6643421174
2614.7234922767,97.7261289012
2615.4375074302,97.6014989059
2616.1515225838,97.6823289393
2616.8655377373,97.7730309237
2617.5795528909,97.6504792916
2618.2935680444,97.6690475908
2619.0075831979,97.7054252869
2619.7215983515,97.7172811216
2620.4356135050,97.7927442537
2621.1496286586,97.7332170780
2621.8636438121,97.7082803796
2622.5776589657,97.6898649726
2623.2916741192,97.5584415764
2624.0056892727,97.6705863215
2624.7197044263,97.8075851823
2625.4337195798,97.6831731052
2626.1477347334,97.6765484355
2626.8617498869,97.7512890238
2627.5757650405,97.7134252553
2628.2897801940,97.7048830684
2629.0037953475,97.6968814336
2629.7178105011,97.6656455322
2630.4318256546,97.6802887228
2631.1458408082,97.7188909797
2631.8598559617,97.7168857556
2632.5738711153,97.6710808685
2633.2878862688,97.7146665330
2634.0019014224,97.7694080508
2634.7159165759,97.7139416216
2635.4299317294,97.7121694062
2636.1439468830,97.7242631345
2636.8579620365,97.7071342355
2637.5719771901,97.7655324250
2638.2859923436,97.7554689277
2639.0000074972,97.7293623770
2639.7140226507,97.7867380173
2640.4280378042,97.7662799781
2641.1420529578,97.7564455003
2641.8560681113,97.7600364242
2642.5700832649,97.7033652297
2643.2840984184,97.7472601395
2643.9981135720,97.7417880563
2644.7121287255,97.6574865032
2645.4261438791,97.7287516206
2646.1401590326,97.7657013513
2646.8541741861,97.7200876157
2647.5681893397,97.7405469314
2648.2822044932,97.7157626938
2648.9962196468,97.7022096149
2649.7102348003,97.7397322746
2650.4242499539,97.7492887090
2651.1382651074,97.7970592477
2651.8522802609,97.8187957945
2652.5662954145,97.8004645016
2653.2803105680,97.8067910243
2653.9943257216,97.7868591569
2654.7083408751,97.8139372406
2655.4223560287,97.8280329964
2656.1363711822,97.7498545135
2656.8503863357,97.7527382145
2657.5644014893,97.7695310615
2658.2784166428,97.7554539972
2658.9924317964,97.8327150757
2659.7064469499,97.8401574440
2660.4204621035,97.7732626876
2661.1344772570,97.7926290575
2661.8484924106,97.8422102217
2662.5625075641,97.8761078328
2663.2765227176,97.8395786712
2663.9905378712,97.7998649888
2664.7045530247,97.8656493562
2665.4185681783,97.8752446386
2666.1325833318,97.8645765052
2666.8465984854,97.9133984078
2667.5606136389,97.8700849347
2668.2746287924,97.8528031113
2668.9886439460,97.8990090453
2669.7026590995,97.8918595663
2670.4166742531,97.9365787356
2671.1306894066,97.9324260126
2671.8447045602,97.8706524291
2672.5587197137,97.9604545776
2673.2727348673,98.0175875337
2673.9867500208,97.9536972127
2674.7007651743,97.9147087673
2675.4147803279,97.8606313822
2676.1287954814,97.8473040226
2676.8428106350,97.8998010656
2677.5568257885,97.9058327465
2678.2708409421,97.8800751629
2678.9848560956,97.8649146358
2679.6988712491,97.9023415276
2680.4128864027,97.9249526775
2681.1269015562,97.8878652870
2681.8409167098,97.9208069552
2682.5549318633,97.9034467997
2683.2689470169,97.8359814691
2683.9829621704,97.9428358690
2684.6969773239,97.9869058277
2685.4109924775,97.9015818915
2686.1250076310,97.9276194664
2686.8390227846,97.9353636983
2687.5530379381,97.9217640210
2688.2670530917,97.9251007166
2688.9810682452,97.8439555596
2689.6950833988,97.8629006091
2690.4090985523,97.8858500383
2691.1231137058,97.7804250687
2691.8371288594,97.8510342221
2692.5511440129,97.9501903319
2693.2651591665,97.8718991695
2693.9791743200,97.8634787915
2694.6931894736,97.8614296822
2695.4072046271,97.7946112111
2696.1212197806,97.8145022887
2696.8352349342,97.8466879893
2697.5492500877,97.8644319268
2698.2632652413,97.8877472897
2698.9772803948,97.8554391560
2699.6912955484,97.8303913898
2700.4053107019,97.8371255405
2701.1193258555,97.8228662625
2701.8333410090,97.7960955646
2702.5473561625,97.8112976881
2703.2613713161,97.8564035380
2703.9753864696,97.8165261242
2704.6894016232,97.7724065570
2705.4034167767,97.8112906900
2706.1174319303,97.7894359967
2706.8314470838,97.7811429211
2707.5454622373,97.8309706351
2708.2594773909,97.7984834696
2708.9734925444,97.8282386421
2709.6875076980,97.8740981612
2710.4015228515,97.7721622356
2711.1155380051,97.7922030153
2711.8295531586,97.9041805344
2712.5435683122,97.8473247772
2713.2575834657,97.7881382926
2713.9715986192,97.8081269382
2714.6856137728,97.8244416051
2715.3996289263,97.8363144030
2716.1136440799,97.7848615242
2716.8276592334,97.7458401230
2717.5416743870,97.7963140523
2718.2556895405,97.8208106099
2718.9697046940,97.8056104961
2719.6837198476,97.7947428019
2720.3977350011,97.7874333469
2721.1117501547,97.7956875770
2721.8257653082,97.8045426989
2722.5397804618,97.8402529728
2723.2537956153,97.8810820021
2723.9678107688,97.8407227665
2724.6818259224,97.7601502390
2725.3958410759,97.7046626090
2726.1098562295,97.7127194765
2726.8238713830,97.7929414247
2727.5378865366,97.8081177588
2728.2519016901,97.7626096804
2728.9659168437,97.8218224408
2729.6799319972,97.8674765550
2730.3939471507,97.7617424571
2731.1079623043,97.7039065277
2731.8219774578,97.7483525426
2732.5359926114,97.7241811915
2733.2500077649,97.7218841505
2733.9640229185,97.8183349223
2734.6780380720,97.8096438539
2735.3920532255,97.7148256350
2736.1060683791,97.7292548437
2736.8200835326,97.7936850592
2737.5340986862,97.7748582184
2738.2481138397,97.6870804430
2738.9621289933,97.6667983333
2739.6761441468,97.7605356668
2740.3901593004,97.7997832297
2741.1041744539,97.7652648003
2741.8181896074,97.7781318948
2742.5322047610,97.7844182851
2743.2462199145,97.7743310838
2743.9602350681,97.8075594933
2744.6742502216,97.8597760056
2745.3882653752,97.8856916645
2746.1022805287,97.8200441939
2746.8162956822,97.7568337600
2747.5303108358,97.7997238158
2748.2443259893,97.8286726240
2748.9583411429,97.8467702779
2749.6723562964,97.8466995319
2750.3863714500,97.7677377001
2751.1003866035,97.8050917410
2751.8144017570,97.8677786113
2752.5284169106,97.7849903332
2753.2424320641,97.8154243258
2753.9564472177,97.8658177337
2754.6704623712,97.7716739052
2755.3844775248,97.7935711763
2756.0984926783,97.8307982566
2756.8125078319,97.7935548879
2757.5265229854,97.8791866125
2758.2405381389,97.8867205050
2758.9545532925,97.7937030172
2759.6685684460,97.8624714494
2760.3825835996,97.9281340244
2761.0965987531,97.8817543241
2761.8106139067,97.8375259191
2762.5246290602,97.7785592598
2763.2386442137,97.7973223132
2763.9526593673,97.9127104079
2764.6666745208,97.9023163006
2765.3806896744,97.8000749982
2766.0947048279,97.8086160386
2766.8087199815,97.8385828707
2767.5227351350,97.7875026622
2768.2367502886,97.7948168330
2768.9507654421,97.8692859565
2769.6647805956,97.8764850045
2770.3787957492,97.8107199541
2771.0928109027,97.7269326379
2771.8068260563,97.7505909037
2772.5208412098,97.8574911192
2773.2348563634,97.8166306618
2773.9488715169,97.7607724205
2774.6628866704,97.8530038538
2775.3769018240,97.8733060683
2776.0909169775,97.8279357147
2776.8049321311,97.8044035850
2777.5189472846,97.7507437420
2778.2329624382,97.7494047489
2778.9469775917,97.7202956757
2779.6609927452,97.6857043099
2780.3750078988,97.7887834560
2781.0890230523,97.7447256667
2781.8030382059,97.6354963904
2782.5170533594,97.7935576098
2783.2310685130,97.8607680267
2783.9450836665,97.7527945628
2784.6590988201,97.7758166486
2785.3731139736,97.7876411292
2786.0871291271,97.7771587705
2786.8011442807,97.8233192563
2787.5151594342,97.7769131552
2788.2291745878,97.7394397058
2788.9431897413,97.7642224082
2789.6572048949,97.7371232243
2790.3712200484,97.7342762295
2791.0852352019,97.7596382423
2791.7992503555,97.7584471750
2792.5132655090,97.7791040723
2793.2272806626,97.7984959204
2793.9412958161,97.7741826855
2794.6553109697,97.7549551660
2795.3693261232,97.8007779323
2796.0833412768,97.8137685035
2796.7973564303,97.7254565371
2797.5113715838,97.7095871991
2798.2253867374,97.7557284383
2798.9394018909,97.7474354578
2799.6534170445,97.7921513529
2800.3674321980,97.8184996013
2801.0814473516,97.7584981456
2801.7954625051,97.7630869704
2802.5094776586,97.7583523881
2803.2234928122,97.7106107609
2803.9375079657,97.7081921286
2804.6515231193,97.6687159446
2805.3655382728,97.6689067110
2806.0795534264,97.7365826865
2806.7935685799,97.6796937316
2807.5075837334,97.6208181428
2808.2215988870,97.6930193574
2808.9356140405,97.7256209848
2809.6496291941,97.6995571786
2810.3636443476,97.6964511449
2811.0776595012,97.6838275211
2811.7916746547,97.6819441169
2812.5056898083,97.7307924495
2813.2197049618,97.7520143620
2813.9337201153,97.7153836049
2814.6477352689,97.7288688801
2815.3617504224,97.7443138720
2816.0757655760,97.6723868285
2816.7897807295,97.6811992917
2817.5037958831,97.7762054776
2818.2178110366,97.7470704478
2818.9318261901,97.6640955642
2819.6458413437,97.6752388338
2820.3598564972,97.7263461483
2821.0738716508,97.7412630241
2821.7878868043,97.7208161074
2822.5019019579,97.6939086404
2823.2159171114,97.6489017342
2823.9299322650,97.6216853015
2824.6439474185,97.6488277054
2825.3579625720,97.6442897919
2826.0719777256,97.6210557738
2826.7859928791,97.6259379771
2827.5000080327,97.6120463406
2828.2140231862,97.6291944177
2828.9280383398,97.6398746297
2829.6420534933,97.5892915664
2830.3560686468,97.5999289974
2831.0700838004,97.6220019020
2831.7840989539,97.6081439542
2832.4981141075,97.6326026956
2833.2121292610,97.5890544536
2833.9261444146,97.5225467521
2834.6401595681,97.5548459590
2835.3541747217,97.5674346652
2836.0681898752,97.5356747948
2836.7822050287,97.4986491388
2837.4962201823,97.4855954123
2838.2102353358,97.5170970451
2838.9242504894,97.4763636189
2839.6382656429,97.4402958285
2840.3522807965,97.4498758476
2841.0662959500,97.3538730698
2841.7803111035,97.3372823393
2842.4943262571,97.4122589410
2843.2083414106,97.3718513664
2843.9223565642,97.3945362611
2844.6363717177,97.4241548250
2845.3503868713,97.3690536197
2846.0644020248,97.4375920593
2846.7784171783,97.3994251844
2847.4924323319,97.2175285033
2848.2064474854,97.2147940812
2848.9204626390,97.2397507261
2849.6344777925,97.2438202360
2850.3484929461,97.2564776454
2851.0625080996,97.1398795267
2851.7765232532,97.1677396196
2852.4905384067,97.2998829430
2853.2045535602,97.2391532172
2853.9185687138,97.2813010871
2854.6325838673,97.4047935494
2855.3465990209,97.3801093098
2856.0606141744,97.4663719457
2856.7746293280,97.5313192234
2857.4886444815,97.3686831409
2858.2026596350,97.3934148294
2858.9166747886,97.6410485981
2859.6306899421,97.6787404217
2860.3447050957,97.5754711356
2861.0587202492,97.6125566162
2861.7727354028,97.6722290774
2862.4867505563,97.6581817673
2863.2007657099,97.6891239732
2863.9147808634,97.7620832187
2864.6287960169,97.8476562812
2865.3428111705,97.8947079645
2866.0568263240,97.8597851955
2866.7708414776,97.9285202066
2867.4848566311,98.0507077905
2868.1988717847,98.0275067329
2868.9128869382,98.0555694065
2869.6269020917,98.1572038369
2870.3409172453,98.1473171073
2871.0549323988,98.1381068012
2871.7689475524,98.1857090860
2872.4829627059,98.2150743194
2873.1969778595,98.1764462036
2873.9109930130,98.1250392139
2874.6250081665,98.1976962774
2875.3390233201,98.2300724281
2876.0530384736,98.2011556119
2876.7670536272,98.3298296476
2877.4810687807,98.4077081065
2878.1950839343,98.4464961667
2878.9090990878,98.6179894965
2879.6231142414,98.6333157088
2880.3371293949,98.6640251253
2881.0511445484,98.9390610666
2881.7651597020,99.1006209385
2882.4791748555,99.1810626256
2883.1931900091,99.2632337295
2883.9072051626,99.2037318796
2884.6212203162,99.1585197107
2885.3352354697,99.1200708012
2886.0492506232,99.0810580228
2886.7632657768,99.1700425045
2887.4772809303,99.2275515727
2888.1912960839,99.2231854557
2888.9053112374,99.1889832846
2889.6193263910,99.1180928153
2890.3333415445,99.1524438487
2891.0473566981,99.1411208231
2891.7613718516,99.0349713979
2892.4753870051,99.0064614644
2893.1894021587,98.9182397759
2893.9034173122,98.8276653097
2894.6174324658,98.8015463261
2895.3314476193,98.7387669461
2896.0454627729,98.8092948855
2896.7594779264,98.7982319084
2897.4734930799,98.6057836048
2898.1875082335,98.6741498658
2898.9015233870,98.7156082281
2899.6155385406,98.5281955458
2900.3295536941,98.5675595199
2901.0435688477,98.6596771683
2901.7575840012,98.6003694239
2902.4715991547,98.5534861061
2903.1856143083,98.5070926366
2903.8996294618,98.5578036978
2904.6136446154,98.5838420275
2905.3276597689,98.4997543689
2906.0416749225,98.5693508108
2906.7556900760,98.5836449969
2907.4697052296,98.4694309099
2908.1837203831,98.5125247506
2908.8977355366,98.5462693739
2909.6117506902,98.5681190910
2910.3257658437,98.6398082722
2911.0397809973,98.5607499719
2911.7537961508,98.5217563310
2912.4678113044,98.5559390960
2913.1818264579,98.4611065407
2913.8958416114,98.4267936700
2914.6098567650,98.4938281120
2915.3238719185,98.5218676522
2916.0378870721,98.5102902338
2916.7519022256,98.4944748284
2917.4659173792,98.5310634710
2918.1799325327,98.5035366795
2918.8939476863,98.4535260509
2919.6079628398,98.5253230905
2920.3219779933,98.4882319439
2921.0359931469,98.4485718941
2921.7500083004,98.5985142753
2922.4640234540,98.6272212239
2923.1780386075,98.6271615304
2923.8920537611,98.7324599964
2924.6060689146,98.7268074974
2925.3200840681,98.8025576190
2926.0340992217,98.9757903505
2926.7481143752,98.9698485475
2927.4621295288,98.9414540889
2928.1761446823,99.0368781969
2928.8901598359,99.1512082557
2929.6041749894,99.1881983258
2930.3181901429,99.2047069009
2931.0322052965,99.3097257636
2931.7462204500,99.3413017641
2932.4602356036,99.2804119053
2933.1742507571,99.2770781467
2933.8882659107,99.2547997183
2934.6022810642,99.3114129168
2935.3162962178,99.4102135946
2936.0303113713,99.3207428596
2936.7443265248,99.3149759868
2937.4583416784,99.4451477415
2938.1723568319,99.4793102468
2938.8863719855,99.5708090823
2939.6003871390,99.5877947196
2940.3144022926,99.4250657243
2941.0284174461,99.4441238827
2941.7424325996,99.5868612313
2942.4564477532,99.6495177756
2943.1704629067,99.7228920971
2943.8844780603,99.7907582531
2944.5984932138,99.8638750869
2945.3125083674,99.9828371093
2946.0265235209,100.1128039801
2946.7405386745,100.2576784328
2947.4545538280,100.3760663163
2948.1685689815,100.4672550171
2948.8825841351,100.5500026033
2949.5965992886,100.6490630534
2950.3106144422,100.8058789968
2951.0246295957,100.8584910974
2951.7386447493,100.8275333359
2952.4526599028,100.9911782775
2953.1666750563,101.2259251516
2953.8806902099,101.2713738551
2954.5947053634,101.2503492405
2955.3087205170,101.4037301060
2956.0227356705,101.6181976931
2956.7367508241,101.5905883221
2957.4507659776,101.5676764147
2958.1647811312,101.8111477173
2958.8787962847,101.9605718334
2959.5928114382,101.9998773595
2960.3068265918,102.1417674264
2961.0208417453,102.2116617627
2961.7348568989,102.2293876225
2962.4488720524,102.2996702767
2963.1628872060,102.4616281579
2963.8769023595,102.7225190804
2964.5909175130,102.8723542055
2965.3049326666,103.0944576450
2966.0189478201,103.3881812525
2966.7329629737,103.2923485593
2967.4469781272,103.2825148155
2968.1609932808,103.5754900130
2968.8750084343,103.6894840832
2969.5890235878,104.3999980276
2970.3030387414,105.7685739077
2971.0170538949,105.9924639474
2971.7310690485,105.0726594464
2972.4450842020,104.6574584719
2973.1590993556,104.8355688101
2973.8731145091,104.8095857124
2974.5871296627,104.6381587660
2975.3011448162,104.7127049003
2976.0151599697,104.9067404754
2976.7291751233,105.1971630851
2977.4431902768,105.7130181583
2978.1572054304,106.0995645840
2978.8712205839,106.5339968455
2979.5852357375,107.1753357499
2980.2992508910,107.2412463874
2981.0132660445,107.4789701832
2981.7272811981,108.5417282198
2982.4412963516,108.0041224577
2983.1553115052,105.6537080398
2983.8693266587,104.4518948178
2984.5833418123,104.3181154379
2985.2973569658,103.9482528949
2986.0113721194,103.8429141181
2986.7253872729,103.8199061339
2987.4394024264,103.4962746696
2988.1534175800,103.3562100384
2988.8674327335,103.3182291330
2989.5814478871,103.2996582768
2990.2954630406,103.3465939576
2991.0094781942,103.2357385335
2991.7234933477,103.1597576290
2992.4375085012,103.0560836086
2993.1515236548,102.7952786778
2993.8655388083,102.7606472872
2994.5795539619,102.7280780549
2995.2935691154,102.5653536061
2996.0075842690,102.6126621860
2996.7215994225,102.4851828657
2997.4356145760,102.2005182284
2998.1496297296,102.2205470913
2998.8636448831,102.1143922058
2999.5776600367,101.8284545664
3000.2916751902,101.7529324170
3001.0056903438,101.6094974844
3001.7197054973,101.3827510841
3002.4337206509,101.2744024358
3003.1477358044,101.0719136373
3003.8617509579,100.8076017032
3004.5757661115,100.6517023596
3005.2897812650,100.5336845809
3006.0037964186,100.3789525822
3006.7178115721,100.1818122562
3007.4318267257,100.0226090939
3008.1458418792,99.8787035932
3008.8598570327,99.6875818156
3009.5738721863,99.6177908089
3010.2878873398,99.6256778938
3011.0019024934,99.4964971853
3011.7159176469,99.3732011961
3012.4299328005,99.2935344116
3013.1439479540,99.1041838641
3013.8579631076,98.9615079821
3014.5719782611,98.9645638498
3015.2859934146,98.9207699040
3016.0000085682,98.7838732928
3016.7140237217,98.7373006503
3017.4280388753,98.8230679940
3018.1420540288,98.8162712676
3018.8560691824,98.6747927822
3019.5700843359,98.6241353629
3020.2840994894,98.6382425867
3020.9981146430,98.6468011451
3021.7121297965,98.7164242732
3022.4261449501,98.6735676249
3023.1401601036,98.5305605729
3023.8541752572,98.5442159584
3024.5681904107,98.6003740750
3025.2822055642,98.6246251679
3025.9962207178,98.6518071733
3026.7102358713,98.5109778203
3027.4242510249,98.4307611911
3028.1382661784,98.5657340473
3028.8522813320,98.5026589236
3029.5662964855,98.4057111866
3030.2803116391,98.5833861144
3030.9943267926,98.5922220979
3031.7083419461,98.4233666406
3032.4223570997,98.4492682757
3033.1363722532,98.4787818909
3033.8503874068,98.4676814155
3034.5644025603,98.5214485978
3035.2784177139,98.5042232923
3035.9924328674,98.4885762584
3036.7064480209,98.4955175808
3037.4204631745,98.4462453216
3038.1344783280,98.4538721229
3038.8484934816,98.4167309160
3039.5625086351,98.3053035468
3040.2765237887,98.3265218421
3040.9905389422,98.3842004941
3041.7045540958,98.3977311163
3042.4185692493,98.3764936096
3043.1325844028,98.2859936533
3043.8465995564,98.3268219777
3044.5606147099,98.3787091348
3045.2746298635,98.2733216704
3045.9886450170,98.3526264138
3046.7026601706,98.4498598969
3047.4166753241,98.3310597107
3048.1306904776,98.3620801832
3048.8447056312,98.3755558236
3049.5587207847,98.2688316965
3050.2727359383,98.3733712009
3050.9867510918,98.3718784233
3051.7007662454,98.2332173163
3052.4147813989,98.2684077052
3053.1287965524,98.2126735850
3053.8428117060,98.1633899655
3054.5568268595,98.1857720473
3055.2708420131,98.0080887713
3055.9848571666,98.0639492251
3056.6988723202,98.3144384798
3057.4128874737,98.2193817891
3058.1269026273,98.1771648784
3058.8409177808,98.2341041686
3059.5549329343,98.0941752629
3060.2689480879,98.0993393997
3060.9829632414,98.1495871587
3061.6969783950,98.0894315667
3062.4109935485,98.1337825986
3063.1250087021,98.0258446673
3063.8390238556,97.9261969041
3064.5530390091,98.1582160125
3065.2670541627,98.1424689144
3065.9810693162,97.9382987130
3066.6950844698,98.1303604489
3067.4090996233,98.2568832118
3068.1231147769,97.9875586382
3068.8371299304,97.8924863552
3069.5511450840,98.0873412050
3070.2651602375,98.1532149152
3070.9791753910,98.0547848521
3071.6931905446,98.0021046547
3072.4072056981,97.9924485289
3073.1212208517,98.0205987478
3073.8352360052,98.0789476512
3074.5492511588,98.0199248339
3075.2632663123,97.9208450089
3075.9772814658,97.9512862077
3076.6912966194,98.0099780340
3077.4053117729,97.9991803930
3078.1193269265,97.9507595450
3078.8333420800,97.9851740207
3079.5473572336,98.1332198046
3080.2613723871,98.1288746777
3080.9753875406,97.9898435299
3081.6894026942,97.9661565120
3082.4034178477,97.9153426640
3083.1174330013,97.8719093900
3083.8314481548,98.0396706807
3084.5454633084,98.0917919663
3085.2594784619,97.9344714948
3085.9734936155,97.9410944737
3086.6875087690,98.0270985514
3087.4015239225,97.9644535576
3088.1155390761,97.9424719480
3088.8295542296,98.0392693024
3089.5435693832,98.0588387208
3090.2575845367,98.0042810813
3090.9715996903,98.0031414632
3091.6856148438,97.9744285733
3092.3996299973,97.9108848562
3093.1136451509,97.9534074396
3093.8276603044,97.9839095764
3094.5416754580,97.8807079726
3095.2556906115,97.8365675636
3095.9697057651,97.9116214846
3096.6837209186,97.9513855878
3097.3977360722,97.9443766998
3098.1117512257,97.9156254149
3098.8257663792,97.8427299378
3099.5397815328,97.8267210306
3100.2537966863,97.8985995562
3100.9678118399,97.8878557026
3101.6818269934,97.8106692720
3102.3958421470,97.8437778550
3103.1098573005,97.9076460257
3103.8238724540,97.8853530264
3104.5378876076,97.8383527218
3105.2519027611,97.8084523908
3105.9659179147,97.8112387943
3106.6799330682,97.8179189342
3107.3939482218,97.8125662951
3108.1079633753,97.8416506806
3108.8219785289,97.8122689647
3109.5359936824,97.7236677546
3110.2500088359,97.6982223380
3110.9640239895,97.6776129735
3111.6780391430,97.7537067326
3112.3920542966,97.9225308922
3113.1060694501,97.8156328148
3113.8200846037,97.6071168938
3114.5340997572,97.6705713764
3115.2481149107,97.8085586806
3115.9621300643,97.8848546065
3116.6761452178,97.8914033611
3117.3901603714,97.8228101871
3118.1041755249,97.8356244540
3118.8181906785,97.8175446034
3119.5322058320,97.7174725632
3120.2462209855,97.6816483747
3120.9602361391,97.5781749178
3121.6742512926,97.5628992463
3122.3882664462,97.7362316532
3123.1022815997,97.6938663027
3123.8162967533,97.6219365923
3124.5303119068,97.7078815672
3125.2443270604,97.6749781023
3125.9583422139,97.7628684854
3126.6723573674,97.8521657960
3127.3863725210,97.5689830360
3128.1003876745,97.4807686651
3128.8144028281,97.6512108497
3129.5284179816,97.6036258095
3130.2424331352,97.5707716934
3130.9564482887,97.5825977955
3131.6704634422,97.5872485084
3132.3844785958,97.7651187778
3133.0984937493,97.7382325277
3133.8125089029,97.5730569889
3134.5265240564,97.6709614949
3135.2405392100,97.6244385758
3135.9545543635,97.4884821950
3136.6685695171,97.6179235439
3137.3825846706,97.6295955467
3138.0965998241,97.5354941856
3138.8106149777,97.5218856876
3139.5246301312,97.4299129669
3140.2386452848,97.5015782163
3140.9526604383,97.5778149980
3141.6666755919,97.3590274579
3142.3806907454,97.4215415295
3143.0947058989,97.6768377948
3143.8087210525,97.5467254047
3144.5227362060,97.4462641464
3145.2367513596,97.5021008864
3145.9507665131,97.4435827481
3146.6647816667,97.5224967244
3147.3787968202,97.5536527366
3148.0928119737,97.3799852570
3148.8068271273,97.4722561553
3149.5208422808,97.5721867053
3150.2348574344,97.3389956968
3150.9488725879,97.2853426441
3151.6628877415,97.4014755562
3152.3769028950,97.3239350842
3153.0909180486,97.3223868916
3153.8049332021,97.4566541804
3154.5189483556,97.4719792200
3155.2329635092,97.4251373313
3155.9469786627,97.3564364993
3156.6609938163,97.3383873821
3157.3750089698,97.4860488183
3158.0890241234,97.4926994601
3158.8030392769,97.2817395190
3159.5170544304,97.2816411264
3160.2310695840,97.3913475145
3160.9450847375,97.2869893593
3161.6590998911,97.2266070623
3162.3731150446,97.3170552741
3163.0871301982,97.3063685618
3163.8011453517,97.2328950190
3164.5151605053,97.2190835268
3165.2291756588,97.2264509627
3165.9431908123,97.2189087390
3166.6572059659,97.1724526909
3167.3712211194,97.1365238321
3168.0852362730,97.1811101205
3168.7992514265,97.2668955821
3169.5132665801,97.2778475008
3170.2272817336,97.1872410030
3170.9412968871,97.1811883485
3171.6553120407,97.2298706483
3172.3693271942,97.1010629548
3173.0833423478,97.0196859595
3173.7973575013,97.1133759839
3174.5113726549,97.1300193883
3175.2253878084,97.1576889496
3175.9394029619,97.1086332139
3176.6534181155,96.8572890676
3177.3674332690,96.9353910363
3178.0814484226,97.2035629218
3178.7954635761,97.0764252182
3179.5094787297,97.0201679704
3180.2234938832,97.2039525070
3180.9375090368,97.1836157145
3181.6515241903,97.1000203440
3182.3655393438,97.0276060535
3183.0795544974,96.9229535694
3183.7935696509,96.9842558109
3184.5075848045,97.0219545456
3185.2215999580,96.9777379060
3185.9356151116,97.0552926902
3186.6496302651,97.0269143953
3187.3636454186,96.8767853036
3188.0776605722,96.8596075210
3188.7916757257,96.8883956979
3189.5056908793,96.8964970247
3190.2197060328,96.8631351092
3190.9337211864,96.7549958033
3191.6477363399,96.7669866683
3192.3617514935,96.9053301933
3193.0757666470,96.8928441758
3193.7897818005,96.6954588735
3194.5037969541,96.6051555506
3195.2178121076,96.7270373562
3195.9318272612,96.7719733923
3196.6458424147,96.7365151602
3197.3598575683,96.8296226146
3198.0738727218,96.7561753283
3198.7878878753,96.5716291978
3199.5019030289,96.7189246959
3200.2159181824,96.8102209029
3200.9299333360,96.6102892742
3201.6439484895,96.6019326576
3202.3579636431,96.6374212110
3203.0719787966,96.4984330210
3203.7859939501,96.5409239889
3204.5000091037,96.6473535218
3205.2140242572,96.5891677938
3205.9280394108,96.5582278363
3206.6420545643,96.5213050239
3207.3560697179,96.4672312845
3208.0700848714,96.5275607766
3208.7841000250,96.5492352586
3209.4981151785,96.5093849094
3210.2121303320,96.5209789521
3210.9261454856,96.4806331099
3211.6401606391,96.3830351807
3212.3541757927,96.3385712261
3213.0681909462,96.4243147495
3213.7822060998,96.5391892540
3214.4962212533,96.3776985470
3215.2102364068,96.1732036063
3215.9242515604,96.3136537979
3216.6382667139,96.4279726564
3217.3522818675,96.3399189977
3218.0662970210,96.3296112071
3218.7803121746,96.2267166707
3219.4943273281,96.0555644881
3220.2083424817,96.0837630785
3220.9223576352,96.1101814841
3221.6363727887,96.1097839610
3222.3503879423,96.1887595857
3223.0644030958,96.1678354381
3223.7784182494,96.0948253461
3224.4924334029,96.0338916638
3225.2064485565,95.9519677144
3225.9204637100,95.9840979560
3226.6344788635,96.0031263117
3227.3484940171,95.8658802435
3228.0625091706,95.7753535469
3228.7765243242,95.7745378497
3229.4905394777,95.7882264734
3230.2045546313,95.8038509620
3230.9185697848,95.7640710556
3231.6325849384,95.7505678835
3232.3466000919,95.8220547780
3233.0606152454,95.8325850008
3233.7746303990,95.7208458690
3234.4886455525,95.6571496522
3235.2026607061,95.7113332889
3235.9166758596,95.6590787104
3236.6306910132,95.5780816175
3237.3447061667,95.6779143768
3238.0587213202,95.5798081227
3238.7727364738,95.3442433963
3239.4867516273,95.4671030142
3240.2007667809,95.5511837731
3240.9147819344,95.3699069326
3241.6287970880,95.3362839342
3242.3428122415,95.3459226153
3243.0568273950,95.3674302804
3243.7708425486,95.4696756187
3244.4848577021,95.3920472670
3245.1988728557,95.3121678178
3245.9128880092,95.2802092646
3246.6269031628,95.0927800164
3247.3409183163,95.0727802345
3248.0549334699,95.2054218467
3248.7689486234,95.2381693641
3249.4829637769,95.2792032285
3250.1969789305,95.1491516181
3250.9109940840,94.9588923135
3251.6250092376,95.0036883681
3252.3390243911,94.9559825983
3253.0530395447,94.8631374519
3253.7670546982,94.9678655464
3254.4810698517,94.9669133154
3255.1950850053,94.8544595193
3255.9091001588,94.7859532109
3256.6231153124,94.7797358764
3257.3371304659,94.8682062235
3258.0511456195,94.7651242085
3258.7651607730,94.6015002897
3259.4791759266,94.7705356710
3260.1931910801,94.8440181358
3260.9072062336,94.6600633910
3261.6212213872,94.6558690977
3262.3352365407,94.6850236973
3263.0492516943,94.5880890867
3263.7632668478,94.5929909807
3264.4772820014,94.6332273949
3265.1912971549,94.6123003541
3265.9053123084,94.6527558902
3266.6193274620,94.6339619151
3267.3333426155,94.4309319251
3268.0473577691,94.4170869983
3268.7613729226,94.6540496576
3269.4753880762,94.5593915349
3270.1894032297,94.2911326634
3270.9034183832,94.4402687211
3271.6174335368,94.6495242230
3272.3314486903,94.5469834850
3273.0454638439,94.4335693935
3273.7594789974,94.4931537460
3274.4734941510,94.6192742163
3275.1875093045,94.6046156774
3275.9015244581,94.5230517275
3276.6155396116,94.5630772855
3277.3295547651,94.5381875932
3278.0435699187,94.5179057474
3278.7575850722,94.5958087115
3279.4716002258,94.4288520937
3280.1856153793,94.2746706906
3280.8996305329,94.4324138174
3281.6136456864,94.4995118523
3282.3276608399,94.4470597304
3283.0416759935,94.3966468836
3283.7556911470,94.3539100961
3284.4697063006,94.4915043492
3285.1837214541,94.5060344113
3285.8977366077,94.3543546715
3286.6117517612,94.4981371188
3287.3257669148,94.6417582487
3288.0397820683,94.5138371022
3288.7537972218,94.3695441364
3289.4678123754,94.2751071961
3290.1818275289,94.4246331712
3290.8958426825,94.6466826691
3291.6098578360,94.5034042661
3292.3238729896,94.4287191441
3293.0378881431,94.5778165378
3293.7519032966,94.4877388531
3294.4659184502,94.4275998391
3295.1799336037,94.6135876269
3295.8939487573,94.6208711118
3296.6079639108,94.4022386307
3297.3219790644,94.3567089137
3298.0359942179,94.5579661164
3298.7500093714,94.6142599814
3299.4640245250,94.5374112993
3300.1780396785,94.6629172047
3300.8920548321,94.7021580641
3301.6060699856,94.5156973095
3302.3200851392,94.4768508833
3303.0341002927,94.5158349877
3303.7481154463,94.5687720254
3304.4621305998,94.6523867411
3305.1761457533,94.5356683935
3305.8901609069,94.5059992771
3306.6041760604,94.6928968508
3307.3181912140,94.6966032101
3308.0322063675,94.7263240053
3308.7462215211,94.8778109516
3309.4602366746,94.7967108532
3310.1742518281,94.7199152060
3310.8882669817,94.7743248333
3311.6022821352,94.7871587008
3312.3162972888,94.8298624634
3313.0303124423,94.7833898056
3313.7443275959,94.6838558808
3314.4583427494,94.7147846648
3315.1723579030,94.6571789727
3315.8863730565,94.6056138839
3316.6003882100,94.7403539676
3317.3144033636,94.7788750853
3318.0284185171,94.7142052165
3318.7424336707,94.6723719518
3319.4564488242,94.6546731455
3320.1704639778,94.7787577022
3320.8844791313,94.8209812514
3321.5984942848,94.6228402904
3322.3125094384,94.5249863438
3323.0265245919,94.5841593650
3323.7405397455,94.6036170260
3324.4545548990,94.5789687045
3325.1685700526,94.6268761795
3325.8825852061,94.7624131536
3326.5966003596,94.6909028376
3327.3106155132,94.4888536065
3328.0246306667,94.5502932334
3328.7386458203,94.5842597707
3329.4526609738,94.4737034309
3330.1666761274,94.5397445942
3330.8806912809,94.5184365034
3331.5947064345,94.4364837801
3332.3087215880,94.5799246232
3333.0227367415,94.5583919093
3333.7367518951,94.4567466286
3334.4507670486,94.6136694150
3335.1647822022,94.6721659214
3335.8787973557,94.6442079909
3336.5928125093,94.6831295565
3337.3068276628,94.5867256534
3338.0208428163,94.5544506952
3338.7348579699,94.6130786639
3339.4488731234,94.5804749595
3340.1628882770,94.6382579582
3340.8769034305,94.6659821629
3341.5909185841,94.6311298516
3342.3049337376,94.8142128061
3343.0189488912,94.8943216687
3343.7329640447,94.7577319154
3344.4469791982,94.8138533544
3345.1609943518,94.8966208912
3345.8750095053,94.8645293536
3346.5890246589,94.9846637356
3347.3030398124,95.0885679350
3348.0170549660,95.0084728227
3348.7310701195,95.0153994667
3349.4450852730,95.1265484136
3350.1591004266,95.1249604158
3350.8731155801,95.0961686633
3351.5871307337,95.1846477379
3352.3011458872,95.2647262170
3353.0151610408,95.2589483391
3353.7291761943,95.2655848409
3354.4431913478,95.3089906547
3355.1572065014,95.3756406726
3355.8712216549,95.4139408632
3356.5852368085,95.3659962317
3357.2992519620,95.4036491077
3358.0132671156,95.5544860075
3358.7272822691,95.5634602762
3359.4412974227,95.5501282406
3360.1553125762,95.6979116110
3360.8693277297,95.7236363813
3361.5833428833,95.6382612551
3362.2973580368,95.7429155957
3363.0113731904,95.8023360829
3363.7253883439,95.6642404949
3364.4394034975,95.6781667815
3365.1534186510,95.8395177178
3365.8674338045,95.8714463146
3366.5814489581,95.7777899002
3367.2954641116,95.6734852253
3368.0094792652,95.7680000925
3368.7234944187,96.0242986792
3369.4375095723,96.0428520137
3370.1515247258,95.9356121825
3370.8655398794,95.9820743886
3371.5795550329,95.9674706164
3372.2935701864,95.9454436452
3373.0075853400,96.0345753576
3373.7216004935,96.0057347949
3374.4356156471,96.0173079343
3375.1496308006,96.1575493269
3375.8636459542,96.1296376896
3376.5776611077,96.0620546722
3377.2916762612,96.0605481721
3378.0056914148,96.0558156362
3378.7197065683,96.2228305883
3379.4337217219,96.3228027650
3380.1477368754,96.1987741849
3380.8617520290,96.2874575108
3381.5757671825,96.4502796878
3382.2897823361,96.4098425736
3383.0037974896,96.4435690551
3383.7178126431,96.4474724038
3384.4318277967,96.3539099296
3385.1458429502,96.4621108873
3385.8598581038,96.5511491735
3386.5738732573,96.4986683706
3387.2878884109,96.5200982523
3388.0019035644,96.5001079629
3388.7159187179,96.4999029202
3389.4299338715,96.5580939539
3390.1439490250,96.4459374372
3390.8579641786,96.4657769944
3391.5719793321,96.7083737704
3392.2859944857,96.7433608944
3393.0000096392,96.7126680963
3393.7140247927,96.7471102614
3394.4280399463,96.6186343138
3395.1420550998,96.5275161463
3395.8560702534,96.5929840318
3396.5700854069,96.7094149070
3397.2841005605,96.8021835727
3397.9981157140,96.6498356616
3398.7121308676,96.5609187366
3399.4261460211,96.7898540953
3400.1401611746,96.7257984053
3400.8541763282,96.4376428165
3401.5681914817,96.5953488415
3402.2822066353,96.8424556907
3402.9962217888,96.7692742796
3403.7102369424,96.7421706473
3404.4242520959,96.8502323000
3405.1382672494,96.8327600675
3405.8522824030,96.7366159219
3406.5662975565,96.7479468900
3407.2803127101,96.7944753522
3407.9943278636,96.8155016870
3408.7083430172,96.8841605177
3409.4223581707,96.8493364038
3410.1363733243,96.7490900543
3410.8503884778,96.8417660019
3411.5644036313,96.9065817413
3412.2784187849,96.8842141210
3412.9924339384,96.9947370929
3413.7064490920,96.9610467283
3414.4204642455,96.8292869325
3415.1344793991,96.9273257191
3415.8484945526,96.9522071174
3416.5625097061,96.9309054427
3417.2765248597,97.1625035114
3417.9905400132,97.2363470195
3418.7045551668,97.0854138266
3419.4185703203,97.1853764814
3420.1325854739,97.3589029499
3420.8466006274,97.3042956860
3421.5606157809,97.3088842841
3422.2746309345,97.4176058897
3422.9886460880,97.3863642549
3423.7026612416,97.3210901700
3424.4166763951,97.2807858673
3425.1306915487,97.1733514539
3425.8447067022,97.2248469453
3426.5587218558,97.4004776810
3427.2727370093,97.4420253577
3427.9867521628,97.5108809637
3428.7007673164,97.4858022290
3429.4147824699,97.2750711389
3430.1287976235,97.4407611741
3430.8428127770,97.7483036870
3431.5568279306,97.5559013053
3432.2708430841,97.3873474723
3432.9848582376,97.5672518811
3433.6988733912,97.6559980676
3434.4128885447,97.6020681739
3435.1269036983,97.6109224154
3435.8409188518,97.7060546643
3436.5549340054,97.7314965538
3437.2689491589,97.6756688762
3437.9829643125,97.7799961147
3438.6969794660,97.8165610031
3439.4109946195,97.6450080852
3440.1250097731,97.6940001472
3440.8390249266,97.8094468300
3441.5530400802,97.8335887169
3442.2670552337,98.0614808890
3442.9810703873,98.0227103003
3443.6950855408,97.7036072898
3444.4091006943,97.8282416456
3445.1231158479,97.9996396204
3445.8371310014,97.9026945262
3446.5511461550,98.1001071326
3447.2651613085,98.2723228021
3447.9791764621,98.0511235227
3448.6931916156,97.9666890358
3449.4072067691,98.0363470880
3450.1212219227,98.1342272381
3450.8352370762,98.2181069125
3451.5492522298,98.1298586603
3452.2632673833,98.1221081434
3452.9772825369,98.2409193656
3453.6912976904,98.2150554292
3454.4053128440,98.2232218734
3455.1193279975,98.2556796381
3455.8333431510,98.2277095330
3456.5473583046,98.3442301715
3457.2613734581,98.3832421005
3457.9753886117,98.3280555506
3458.6894037652,98.4191492613
3459.4034189188,98.3828430293
3460.1174340723,98.2645463610
3460.8314492258,98.2673877962
3461.5454643794,98.3390678546
3462.2594795329,98.5793978519
3462.9734946865,98.5744203812
3463.6875098400,98.3179544565
3464.4015249936,98.5017260252
3465.1155401471,98.6107345473
3465.8295553007,98.3715554183
3466.5435704542,98.4774523531
3467.2575856077,98.6054859609
3467.9716007613,98.5335440832
3468.6856159148,98.5270631370
3469.3996310684,98.4654805675
3470.1136462219,98.6101962624
3470.8276613755,98.6371084300
3471.5416765290,98.3617017744
3472.2556916825,98.6149444059
3472.9697068361,98.7968814297
3473.6837219896,98.5444265626
3474.3977371432,98.7992165964
3475.1117522967,98.9176466828
3475.8257674503,98.7094325646
3476.5397826038,98.9206653386
3477.2537977573,98.8417185875
3477.9678129109,98.6582584522
3478.6818280644,98.8676836618
3479.3958432180,98.7819738876
3480.1098583715,98.7494385644
3480.8238735251,98.8735878408
3481.5378886786,98.7400101630
3482.2519038322,98.9398393026
3482.9659189857,99.0587940231
3483.6799341392,98.8101173913
3484.3939492928,98.9294986152
3485.1079644463,99.0090896415
3485.8219795999,98.8469359190
3486.5359947534,98.8621128216
3487.2500099070,98.9008410894
3487.9640250605,99.0409768677
3488.6780402140,99.0624684687
3489.3920553676,98.8620370686
3490.1060705211,98.9333127282
3490.8200856747,99.0379960097
3491.5341008282,99.0795113278
3492.2481159818,99.1400760411
3492.9621311353,98.9374524344
3493.6761462889,99.0065274486
3494.3901614424,99.2530400830
3495.1041765959,99.0365521255
3495.8181917495,98.9884539016
3496.5322069030,99.2237378729
3497.2462220566,99.3117953164
3497.9602372101,99.3349513530
3498.6742523637,99.1370029701
3499.3882675172,99.0508926142
3500.1022826707,99.2189215042
3500.8162978243,99.1718716714
3501.5303129778,99.2287712284
3502.2443281314,99.3574443901
3502.9583432849,99.3113162310
3503.6723584385,99.4568932618
3504.3863735920,99.4310283461
3505.1003887456,99.2645692216
3505.8144038991,99.3311617153
3506.5284190526,99.3304103621
3507.2424342062,99.3467370978
3507.9564493597,99.2990690145
3508.6704645133,99.2714027602
3509.3844796668,99.7143423705
3510.0984948204,99.6616393649
3510.8125099739,99.2950854728
3511.5265251274,99.5307386584
3512.2405402810,99.4755910136
3512.9545554345,99.3402838124
3513.6685705881,99.6987765095
3514.3825857416,99.4543671501
3515.0966008952,99.1072738155
3515.8106160487,99.3979243186
3516.5246312022,99.4868050415
3517.2386463558,99.4531051133
3517.9526615093,99.5548854081
3518.6666766629,99.5345447592
3519.3806918164,99.5260129428
3520.0947069700,99.4906876802
3520.8087221235,99.4898340957
3521.5227372771,99.5291019299
3522.2367524306,99.5773169734
3522.9507675841,99.8362135915
3523.6647827377,99.7649628396
3524.3787978912,99.4856132746
3525.0928130448,99.6184670940
3525.8068281983,99.6476341336
3526.5208433519,99.5876132539
3527.2348585054,99.7352036277
3527.9488736589,99.7302555183
3528.6628888125,99.7975770206
3529.3769039660,99.7676521226
3530.0909191196,99.5946489167
3530.8049342731,99.7807959745
3531.5189494267,99.7429326416
3532.2329645802,99.5012143465
3532.9469797338,99.6610034620
3533.6609948873,99.6916585041
3534.3750100408,99.5142170568
3535.0890251944,99.4222150732
3535.8030403479,99.5264354275
3536.5170555015,99.9433232914
3537.2310706550,99.8398969695
3537.9450858086,99.5497800159
3538.6591009621,99.7818095179
3539.3731161156,99.6893659227
3540.0871312692,99.5412271229
3540.8011464227,99.6058778784
3541.5151615763,99.6795464817
3542.2291767298,99.4900538527
3542.9431918834,99.5713754548
3543.6572070369,99.5716330413
3544.3712221904,99.5619155328
3545.0852373440,99.5094877217
3545.7992524975,99.3412154441
3546.5132676511,99.5116352444
3547.2272828046,99.7747935629
3547.9412979582,99.8190552689
3548.6553131117,99.8201945090
3549.3693282653,99.7954064851
3550.0833434188,99.8423758927
3550.7973585723,99.6732421723
3551.5113737259,99.4808746764
3552.2253888794,99.8309487619
3552.9394040330,99.9087398264
3553.6534191865,99.6797829536
3554.3674343401,99.7253155694
3555.0814494936,99.6468662701
3555.7954646471,99.5865503620
3556.5094798007,99.8446728935
3557.2234949542,99.9309745606
3557.9375101078,99.8441013012
3558.6515252613,99.7144025224
3559.3655404149,99.6351319785
3560.0795555684,99.8066491448
3560.7935707220,99.9065990657
3561.5075858755,99.9700985096
3562.2216010290,99.9256397878
3562.9356161826,99.7553121845
3563.6496313361,99.9490350079
3564.3636464897,99.6920924194
3565.0776616432,98.9857277191
3565.7916767968,99.4141228578
3566.5056919503,99.8709909074
3567.2197071038,99.0854273722
3567.9337222574,99.2866689750
3568.6477374109,99.8880405082
3569.3617525645,99.7312404838
3570.0757677180,99.5249330033
3570.7897828716,99.4993040092
3571.5037980251,99.7348361034
3572.2178131786,99.9518388679
3572.9318283322,99.8881807208
3573.6458434857,99.9476910705
3574.3598586393,100.1352158461
3575.0738737928,100.0677729299
3575.7878889464,99.9494096358
3576.5019040999,99.9546677515
3577.2159192535,100.0393510267
3577.9299344070,100.0438347084
3578.6439495605,99.8723618297
3579.3579647141,99.7111730445
3580.0719798676,99.8179666012
3580.7859950212,100.0889562998
3581.5000101747,100.0707236064
3582.2140253283,99.8583655365
3582.9280404818,99.9908854126
3583.6420556353,100.2450703969
3584.3560707889,100.1689736713
3585.0700859424,99.7207797133
3585.7841010960,99.3053059169
3586.4981162495,99.9560448273
3587.2121314031,99.9975336819
3587.9261465566,99.2533454410
3588.6401617102,99.7525263567
3589.3541768637,100.1926865090
3590.0681920172,99.8198166009
3590.7822071708,99.9293548010
3591.4962223243,99.9804860912
3592.2102374779,99.6009153237
3592.9242526314,100.0268103104
3593.6382677850,100.0374388605
3594.3522829385,99.5498300634
3595.0662980920,100.1378386201
3595.7803132456,100.5550940221
3596.4943283991,100.0914534915
3597.2083435527,100.0155646173
3597.9223587062,100.1402990716
3598.6363738598,100.1859614769
3599.3503890133,99.9974398809
3600.0644041668,99.9028764733
3600.7784193204,100.2146418392
3601.4924344739,100.0840258914
3602.2064496275,99.9732923689
3602.9204647810,100.2936733622
3603.6344799346,100.3016916707
3604.3484950881,100.3546518433
3605.0625102417,100.3333888778
3605.7765253952,99.8040173081
3606.4905405487,99.9925207122
3607.2045557023,100.6546561732
3607.9185708558,100.0139106164
3608.6325860094,99.5331555547
3609.3466011629,100.2464041405
3610.0606163165,100.5722881583
3610.7746314700,100.2567590058
3611.4886466235,99.5096458320
3612.2026617771,99.7988124138
3612.9166769306,100.5066268949
3613.6306920842,100.0287364022
3614.3447072377,100.0622168687
3615.0587223913,100.8644331455
3615.7727375448,100.5964790912
3616.4867526984,100.0117017243
3617.2007678519,100.1610190356
3617.9147830054,100.5774663436
3618.6287981590,100.1068545421
3619.3428133125,100.0067054917
3620.0568284661,100.6585564162
3620.7708436196,100.5833659535
3621.4848587732,100.3538579477
3622.1988739267,100.5098662755
3622.9128890802,100.6368752061
3623.6269042338,100.6562448005
3624.3409193873,100.5523486724
3625.0549345409,100.3648277637
3625.7689496944,100.6128004208
3626.4829648480,100.5779575279
3627.1969800015,99.8267355782
3627.9109951551,99.1856748505
3628.6250103086,99.4003784153
3629.3390254621,100.5281863569
3630.0530406157,100.7961620433
3630.7670557692,100.4224902928
3631.4810709228,100.3472453372
3632.1950860763,100.4001904945
3632.9091012299,100.0713865301
3633.6231163834,100.2506114324
3634.3371315369,100.6183641550
3635.0511466905,100.6958825062
3635.7651618440,101.1852998180
3636.4791769976,101.3716160758
3637.1931921511,101.0274896529
3637.9072073047,101.0731858228
3638.6212224582,101.1038026802
3639.3352376117,100.9641949261
3640.0492527653,101.0491323255
3640.7632679188,101.1415972506
3641.4772830724,101.2521574840
3642.1912982259,101.3452066434
3642.9053133795,101.2813083345
3643.6193285330,101.3054219424
3644.3333436866,101.4099267792
3645.0473588401,101.3540655439
3645.7613739936,100.9608989834
3646.4753891472,100.8693312871
3647.1894043007,101.7642350994
3647.9034194543,100.9556607194
3648.6174346078,100.1992490739
3649.3314497614,100.7260444744
3650.0454649149,100.8793164761
3650.7594800684,101.3651252704
3651.4734952220,101.9938059554
3652.1875103755,101.2926347797
3652.9015255291,100.9304661011
3653.6155406826,101.0996503685
3654.3295558362,101.0729654373
3655.0435709897,100.5676482977
3655.7575861433,100.5292995521
3656.4716012968,101.6159382455
3657.1856164503,101.6705363461
3657.8996316039,101.2774012648
3658.6136467574,101.1587195092
3659.3276619110,101.4551681978
3660.0416770645,101.5171990150
3660.7556922181,101.3645814803
3661.4697073716,101.1945600526
3662.1837225251,101.2600519939
3662.8977376787,101.4310969596
3663.6117528322,101.3284233094
3664.3257679858,101.3499314615
3665.0397831393,101.4206719688
3665.7537982929,101.3910569695
3666.4678134464,101.3948812092
3667.1818285999,101.1988632890
3667.8958437535,101.0021374946
3668.6098589070,101.3844334808
3669.3238740606,101.2009080380
3670.0378892141,100.8290187039
3670.7519043677,101.5548890296
3671.4659195212,101.4235168610
3672.1799346748,101.2609220833
3672.8939498283,101.1296458675
3673.6079649818,100.7615990920
3674.3219801354,100.4296588786
3675.0359952889,100.7945133172
3675.7500104425,100.8647188461
3676.4640255960,101.0691886926
3677.1780407496,101.1355100569
3677.8920559031,100.8734206742
3678.6060710566,100.7221279660
3679.3200862102,100.8913311395
3680.0341013637,100.9441012326
3680.7481165173,100.7848590009
3681.4621316708,100.6480144074
3682.1761468244,100.7833339372
3682.8901619779,100.8520691184
3683.6041771315,100.7197739931
3684.3181922850,100.8314557468
3685.0322074385,100.9032152741
3685.7462225921,100.8657501072
3686.4602377456,100.7090899101
3687.1742528992,99.9970235278
3687.8882680527,99.6031720371
3688.6022832063,101.3321710044
3689.3162983598,100.7224560460
3690.0303135133,100.1546178799
3690.7443286669,100.1789347223
3691.4583438204,100.7675277287
3692.1723589740,100.8009984202
3692.8863741275,100.6065808125
3693.6003892811,100.4540143082
3694.3144044346,100.5589667635
3695.0284195881,100.5808089451
3695.7424347417,100.5328132186
3696.4564498952,100.6007994887
3697.1704650488,100.6922905123
3697.8844802023,100.7636335550
3698.5984953559,100.6840663185
3699.3125105094,100.5663944505
3700.0265256630,100.5188713573
3700.7405408165,100.2582731883
3701.4545559700,100.3334047973
3702.1685711236,100.9183077746
3702.8825862771,100.8645778235
3703.5966014307,100.6140765950
3704.3106165842,100.6027558312
3705.0246317378,100.6105651156
3705.7386468913,100.6145835778
3706.4526620448,100.7181480753
3707.1666771984,100.6515222307
3707.8806923519,100.4144527683
3708.5947075055,100.2953077293
3709.3087226590,100.8179386035
3710.0227378126,100.9270546279
3710.7367529661,100.2543650901
3711.4507681197,99.6115601390
3712.1647832732,101.0108194697
3712.8787984267,101.0142049110
3713.5928135803,100.5405379946
3714.3068287338,100.3845633847
3715.0208438874,100.5617357604
3715.7348590409,100.6464999323
3716.4488741945,100.6675494278
3717.1628893480,100.5538097814
3717.8769045015,100.4393041637
3718.5909196551,100.5559753937
3719.3049348086,100.6236728702
3720.0189499622,100.6605641448
3720.7329651157,100.6288589207
3721.4469802693,100.3609345274
3722.1609954228,100.6272289907
3722.8750105763,100.9147172262
3723.5890257299,100.5091272311
3724.3030408834,100.2735214883
3725.0170560370,100.4380094392
3725.7310711905,100.3263224990
3726.4450863441,100.3896988949
3727.1591014976,100.6638721137
3727.8731166512,100.6703010385
3728.5871318047,100.6615025944
3729.3011469582,100.7604365011
3730.0151621118,100.8463697210
3730.7291772653,100.4858859442
3731.4431924189,99.9992545319
3732.1572075724,101.1556141631
3732.8712227260,101.1225847736
3733.5852378795,100.1108571241
3734.2992530330,99.6979545690
3735.0132681866,100.5407887961
3735.7272833401,100.1229200043
3736.4412984937,100.2691491480
3737.1553136472,100.3904162529
3737.8693288008,100.5080724002
3738.5833439543,100.9264650828
3739.2973591079,100.7596982639
3740.0113742614,100.4728681976
3740.7253894149,100.7674548368
3741.4394045685,101.0259189808
3742.1534197220,100.8086238188
3742.8674348756,100.1397204996
3743.5814500291,98.2414385105
3744.2954651827,100.2201925706
3745.0094803362,101.7377122190
3745.7234954897,100.8798310188
3746.4375106433,100.7449893371
3747.1515257968,100.6890058413
3747.8655409504,100.3008565148
3748.5795561039,99.1447329274
3749.2935712575,99.9554737877
3750.0075864110,101.0203511987
3750.7216015645,100.2681173839
3751.4356167181,99.0107981266
3752.1496318716,100.7365939592
3752.8636470252,100.8926256618
3753.5776621787,100.7225715807
3754.2916773323,100.6183988691
3755.0056924858,100.3898862685
3755.7197076394,100.2449686802
3756.4337227929,100.4634673124
3757.1477379464,100.6569020589
3757.8617531000,100.5468092605
3758.5757682535,100.1163844563
3759.2897834071,100.2471065200
3760.0037985606,101.0294502997
3760.7178137142,100.7992035988
3761.4318288677,100.5171601023
3762.1458440212,100.5748455379
3762.8598591748,100.6611766828
3763.5738743283,100.7388891362
3764.2878894819,100.5116856348
3765.0019046354,100.2330818510
3765.7159197890,100.8681403664
3766.4299349425,101.0061363067
3767.1439500961,100.7404335055
3767.8579652496,100.7434784447
3768.5719804031,100.4241026789
3769.2859955567,100.1247979898
3770.0000107102,100.8879133884
3770.7140258638,100.8607671226
3771.4280410173,100.6686801645
3772.1420561709,100.7399534021
3772.8560713244,100.8163631768
3773.5700864779,100.8489789667
3774.2841016315,100.8494301758
3774.9981167850,100.8454392446
3775.7121319386,100.8769540592
3776.4261470921,100.8073518071
3777.1401622457,100.8804145204
3777.8541773992,100.7396505647
3778.5681925528,100.2205550279
3779.2822077063,100.7792861805
3779.9962228598,101.4746919731
3780.7102380134,100.8562145577
3781.4242531669,100.5806443421
3782.1382683205,100.8307127296
3782.8522834740,100.7276681047
3783.5662986276,100.4977318756
3784.2803137811,100.5319182219
3784.9943289346,100.6947851280
3785.7083440882,100.8237382540
3786.4223592417,100.8615637923
3787.1363743953,100.9130850557
3787.8503895488,100.9349489177
3788.5644047024,100.9028094815
3789.2784198559,100.9556521485
3789.9924350094,100.9669713336
3790.7064501630,100.9199354123
3791.4204653165,100.9619534375
3792.1344804701,101.0621157249
3792.8484956236,101.1464770935
3793.5625107772,101.1283227760
3794.2765259307,100.9986013188
3794.9905410843,100.7524521981
3795.7045562378,100.6475491203
3796.4185713913,101.3435033865
3797.1325865449,101.5849175178
3797.8466016984,101.1303938850
3798.5606168520,100.9953424096
3799.2746320055,100.8664595598
3799.9886471591,100.1799022052
3800.7026623126,99.8242122583
3801.4166774661,101.3106672797
3802.1306926197,101.6168836026
3802.8447077732,101.4043949862
3803.5587229268,100.8875569213
3804.2727380803,100.9192854325
3804.9867532339,100.8681975130
3805.7007683874,99.9403681051
3806.4147835410,99.7182157463
3807.1287986945,101.6258399818
3807.8428138480,101.3304723233
3808.5568290016,100.8433580971
3809.2708441551,100.8536155297
3809.9848593087,101.1341626800
3810.6988744622,101.1096433557
3811.4128896158,100.9316780574
3812.1269047693,100.8823106781
3812.8409199228,100.8541404143
3813.5549350764,100.8723156556
3814.2689502299,100.6472938981
3814.9829653835,99.8471063382
3815.6969805370,100.2923379832
3816.4109956906,102.0553710625
3817.1250108441,101.3616364599
3817.8390259976,100.8515422799
3818.5530411512,100.6769266519
3819.2670563047,100.4693865443
3819.9810714583,100.0431951245
3820.6950866118,100.2194108891
3821.4091017654,101.0909553230
3822.1231169189,101.3021601215
3822.8371320725,101.0341326297
3823.5511472260,100.8403395052
3824.2651623795,101.0113950518
3824.9791775331,100.9120819699
3825.6931926866,100.5212618704
3826.4072078402,100.6047112992
3827.1212229937,101.0388984931
3827.8352381473,101.0635280530
3828.5492533008,100.9460103851
3829.2632684543,101.1703239518
3829.9772836079,101.1207893658
3830.6912987614,100.3640307721
3831.4053139150,100.5275334035
3832.1193290685,101.6816971929
3832.8333442221,101.3282708207
3833.5473593756,100.4031839789
3834.2613745292,100.2038401553
3834.9753896827,101.4317422033
3835.6894048362,101.3963238431
3836.4034199898,100.0514814740
3837.1174351433,99.1301206147
3837.8314502969,101.7523100969
3838.5454654504,101.3868488703
3839.2594806040,100.4619240815
3839.9734957575,100.3899510425
3840.6875109110,101.2234296948
3841.4015260646,101.2860183154
3842.1155412181,100.6124923277
3842.8295563717,100.1583586836
3843.5435715252,100.8878453847
3844.2575866788,101.3876406719
3844.9716018323,101.0208484224
3845.6856169858,100.9405620459
3846.3996321394,101.1213970770
3847.1136472929,101.1514114129
3847.8276624465,101.1157615622
3848.5416776000,100.9831772588
3849.2556927536,101.1311238514
3849.9697079071,101.3193407282
3850.6837230607,100.5186616017
3851.3977382142,99.7790172772
3852.1117533677,101.0400325393
3852.8257685213,99.9510946699
3853.5397836748,98.1910392024
3854.2537988284,102.4905066790
3854.9678139819,101.5833061920
3855.6818291355,100.9475763938
3856.3958442890,100.3579914962
3857.1098594425,100.6371276341
3857.8238745961,100.9242453010
3858.5378897496,100.9415338804
3859.2519049032,101.0272237437
3859.9659200567,100.9596511912
3860.6799352103,100.6793976801
3861.3939503638,100.8914809200
3862.1079655174,101.5044188363
3862.8219806709,101.1420159407
3863.5359958244,100.4628095920
3864.2500109780,100.3180900356
3864.9640261315,101.0910665652
3865.6780412851,101.1641457864
3866.3920564386,100.9466962958
3867.1060715922,100.7682567872
3867.8200867457,100.6262377360
3868.5341018992,100.0844381126
3869.2481170528,99.6169797034
3869.9621322063,100.7624152924
3870.6761473599,101.1393662081
3871.3901625134,101.3440922712
3872.1041776670,101.1718827124
3872.8181928205,100.3590126452
3873.5322079740,100.0936206824
3874.2462231276,101.4175588990
3874.9602382811,101.4125405666
3875.6742534347,101.0368948967
3876.3882685882,101.0204259920
3877.1022837418,101.0757818422
3877.8162988953,101.1222735126
3878.5303140489,100.7091695901
3879.2443292024,100.0065685090
3879.9583443559,100.6659506511
3880.6723595095,101.7404422196
3881.3863746630,101.0121189090
3882.1003898166,100.7288255506
3882.8144049701,100.9670047336
3883.5284201237,101.0149562978
3884.2424352772,100.2967861755
3884.9564504307,99.5640085389
3885.6704655843,100.7802322025
3886.3844807378,101.3485618787
3887.0984958914,101.0001405512
3887.8125110449,100.9329330987
3888.5265261985,101.0690375026
3889.2405413520,100.9617068607
3889.9545565056,100.4510664957
3890.6685716591,100.0196893190
3891.3825868126,101.0043436745
3892.0966019662,101.4240013343
3892.8106171197,101.0859273531
3893.5246322733,101.1029493268
3894.2386474268,101.2453268786
3894.9526625804,101.1065087988
3895.6666777339,101.1189948300
3896.3806928874,100.9740714969
3897.0947080410,100.8100183919
3897.8087231945,100.6226641362
3898.5227383481,100.1616960737
3899.2367535016,101.1265294712
3899.9507686552,101.5225208631
3900.6647838087,100.3522666795
3901.3787989623,100.0423652642
3902.0928141158,101.2780078801
3902.8068292693,100.4616756270
3903.5208444229,99.9319642846
3904.2348595764,100.6099295646
3904.9488747300,100.7114990812
3905.6628898835,100.8633957555
3906.3769050371,100.8783334408
3907.0909201906,100.7559992021
3907.8049353441,100.9682516117
3908.5189504977,101.0343925874
3909.2329656512,100.9064019813
3909.9469808048,101.0002216727
3910.6609959583,101.0965648233
3911.3750111119,101.1209496196
3912.0890262654,101.0592819721
3912.8030414189,100.9459666392
3913.5170565725,101.0589588566
3914.2310717260,101.0792188003
3914.9450868796,100.8026871753
3915.6591020331,100.5652405169
3916.3731171867,100.4669553317
3917.0871323402,100.7977922501
3917.8011474938,101.1566380340
3918.5151626473,100.8996093627
3919.2291778008,100.5264187751
3919.9431929544,100.9555790887
3920.6572081079,101.3553693598
3921.3712232615,101.0687812950
3922.0852384150,100.8762984295
3922.7992535686,100.9925561738
3923.5132687221,100.8748995546
3924.2272838756,100.7956033541
3924.9412990292,101.2170322853
3925.6553141827,101.3833999784
3926.3693293363,101.1673233100
3927.0833444898,101.0280118188
3927.7973596434,100.9296895701
3928.5113747969,100.9141662019
3929.2253899505,101.1157401777
3929.9394051040,101.1994446377
3930.6534202575,100.9164714511
3931.3674354111,100.6588744898
3932.0814505646,100.8599525516
3932.7954657182,101.1769384078
3933.5094808717,101.1031372095
3934.2234960253,101.0061754458
3934.9375111788,101.0880877561
3935.6515263323,101.0462738877
3936.3655414859,100.9326837757
3937.0795566394,101.0167008476
3937.7935717930,101.0955662387
3938.5075869465,101.0380583126
3939.2216021001,101.0632332051
3939.9356172536,101.1894401648
3940.6496324071,101.1345040363
3941.3636475607,100.8557086238
3942.0776627142,100.7524962120
3942.7916778678,101.0417065528
3943.5056930213,101.1714057158
3944.2197081749,101.1365036053
3944.9337233284,101.1228058137
3945.6477384820,101.0773737639
3946.3617536355,100.9424012633
3947.0757687890,100.9178909654
3947.7897839426,101.0002878798
3948.5037990961,100.8658407718
3949.2178142497,100.7527471006
3949.9318294032,101.0301352837
3950.6458445568,101.1873154611
3951.3598597103,100.9853330797
3952.0738748638,100.9890427339
3952.7878900174,101.1469821776
3953.5019051709,101.0618202867
3954.2159203245,101.0490103789
3954.9299354780,101.1482827215
3955.6439506316,101.0919193661
3956.3579657851,101.1524944240
3957.0719809387,101.2913547520
3957.7859960922,101.1880393732
3958.5000112457,101.1456473464
3959.2140263993,101.2133220636
3959.9280415528,101.0582364122
3960.6420567064,100.9713448465
3961.3560718599,101.2493356470
3962.0700870135,101.3724834572
3962.7841021670,101.2049262338
3963.4981173205,101.1781637973
3964.2121324741,101.1671856300
3964.9261476276,101.0889863121
3965.6401627812,101.1352472360
3966.3541779347,101.1307457474
3967.0681930883,101.0141446054
3967.7822082418,101.0629340680
3968.4962233953,101.2106323598
3969.2102385489,101.2192569058
3969.9242537024,101.1762077799
3970.6382688560,101.1579395396
3971.3522840095,101.1222684612
3972.0662991631,101.2086623930
3972.7803143166,101.3337441682
3973.4943294702,101.2265916386
3974.2083446237,101.1208185625
3974.9223597772,101.1915961351
3975.6363749308,101.1838142471
3976.3503900843,101.1835327238
3977.0644052379,101.2703214784
3977.7784203914,101.2311974214
3978.4924355450,101.1870733533
3979.2064506985,101.2134310288
3979.9204658520,101.2064240432
3980.6344810056,101.2491122210
3981.3484961591,101.2511590956
3982.0625113127,101.1894636791
3982.7765264662,101.2283453289
3983.4905416198,101.1998620942
3984.2045567733,101.0944371335
3984.9185719269,101.1454282269
3985.6325870804,101.2600919499
3986.3466022339,101.3083713424
3987.0606173875,101.2546584370
3987.7746325410,101.1438503670
3988.4886476946,101.1671371980
3989.2026628481,101.2437669096
3989.9166780017,101.2561302703
3990.6306931552,101.2790248717
3991.3447083087,101.2205110747
3992.0587234623,101.1645686815
3992.7727386158,101.2283079026
3993.4867537694,101.2060306715
3994.2007689229,101.1989473037
3994.9147840765,101.3545511737
3995.6287992300,101.3838495236
3996.3428143835,101.2711382423
3997.0568295371,101.2277344654
3997.7708446906,101.2738959708
3998.4848598442,101.3355355144
3999.1988749977,101.2556682542
3999.9128901513,101.1488003393