399.8484859844,83.6996491739
400.5625011380,85.8001930792
401.2765162915,90.1955954123
401.9905314450,70.6249009313
402.7045465986,89.4772167457
403.4185617521,101.8187015762
404.1325769057,80.0560877757
404.8465920592,95.4760128664
405.5606072128,99.7215118198
406.2746223663,85.2583424279
406.9886375199,91.3871870137
407.7026526734,73.3689729012
408.4166678269,74.6680771155
409.1306829805,91.5621790199
409.8446981340,80.2369588841
410.5587132876,79.4423713172
411.2727284411,88.0195413381
411.9867435947,88.0264932548
412.7007587482,87.4962855992
413.4147739017,81.0230773617
414.1287890553,84.6433885417
414.8428042088,89.9717007677
415.5568193624,83.4963434291
416.2708345159,93.7175072042
416.9848496695,98.8355659714
417.6988648230,78.7685096787
418.4128799766,75.7283713761
419.1268951301,90.0981366747
419.8409102836,89.7434955417
420.5549254372,82.7658760224
421.2689405907,82.6084108034
421.9829557443,89.3662446366
422.6969708978,84.0504279326
423.4109860514,80.8214571779
424.1250012049,91.1457577561
424.8390163584,84.8654380380
425.5530315120,81.0935491787
426.2670466655,90.5838804342
426.9810618191,88.4920274047
427.6950769726,85.4049820591
428.4090921262,82.0603093664
429.1231072797,81.1719234170
429.8371224332,88.0781386940
430.5511375868,82.0105965586
431.2651527403,79.0742527034
431.9791678939,89.8169783261
432.6931830474,86.4955282383
433.4071982010,82.2023410404
434.1212133545,84.5629999242
434.8352285081,83.0294230649
435.5492436616,85.7723384230
436.2632588151,84.3993818855
436.9772739687,83.0915581027
437.6912891222,89.6274814898
438.4053042758,85.8938905560
439.1193194293,83.8751486564
439.8333345829,89.2831023624
440.5473497364,85.4266114713
441.2613648899,84.8193786718
441.9753800435,87.1064663283
442.6893951970,83.9079888336
443.4034103506,87.6499871190
444.1174255041,86.8268125935
444.8314406577,83.3301607966
445.5454558112,87.6194849067
446.2594709648,87.7845277248
446.9734861183,84.4916968879
447.6875012718,84.1576611114
448.4015164254,83.8291179160
449.1155315789,88.1993668505
449.8295467325,88.4254582817
450.5435618860,86.4239716866
451.2575770396,90.6016140326
451.9715921931,87.5066235388
452.6856073466,84.6670910562
453.3996225002,90.8501414917
454.1136376537,87.5562715246
454.8276528073,83.2760870925
455.5416679608,85.9617714617
456.2556831144,87.9969640542
456.9696982679,89.2657223471
457.6837134214,86.9614348830
458.3977285750,85.3986808416
459.1117437285,88.8960392050
459.8257588821,89.0135697178
460.5397740356,87.1642459598
461.2537891892,87.0406022298
461.9678043427,86.9295662104
462.6818194963,87.1178802004
463.3958346498,85.9721273002
464.1098498033,88.2531820042
464.8238649569,91.6291942071
465.5378801104,87.3834860946
466.2518952640,84.2516377009
466.9659104175,86.7472768552
467.6799255711,88.0626597232
468.3939407246,88.4327083514
469.1079558781,87.4519250713
469.8219710317,87.9770880843
470.5359861852,88.8566487698
471.2500013388,85.2369040012
471.9640164923,85.7878391952
472.6780316459,89.6331485246
473.3920467994,85.9925381104
474.1060619530,87.3289434118
474.8200771065,89.3191984495
475.5340922600,85.9382485208
476.2481074136,85.5816450819
476.9621225671,86.4141264447
477.6761377207,86.7080183821
478.3901528742,88.1700830383
479.1041680278,87.5806549341
479.8181831813,87.2532820344
480.5321983348,86.4308281053
481.2462134884,84.9961730133
481.9602286419,86.5247719599
482.6742437955,85.3145937304
483.3882589490,83.2091346303
484.1022741026,84.5337616440
484.8162892561,84.0902452193
485.5303044097,84.7450883692
486.2443195632,85.1678876941
486.9583347167,82.6173605816
487.6723498703,84.5706651288
488.3863650238,85.9300485304
489.1003801774,83.3862189128
489.8143953309,84.5964696483
490.5284104845,85.1430169312
491.2424256380,84.2004053883
491.9564407915,86.1240314243
492.6704559451,85.6105076562
493.3844710986,84.2889626488
494.0984862522,83.9910154916
494.8125014057,83.0111864576
495.5265165593,84.3300551416
496.2405317128,85.1118359790
496.9545468663,83.3251824008
497.6685620199,83.5067381935
498.3825771734,84.4938397192
499.0965923270,83.8984035465
499.8106074805,82.9333761620
500.5246226341,83.3831890274
501.2386377876,85.2655817693
501.9526529412,84.9903791359
502.6666680947,83.6249382260
503.3806832482,84.7778913162
504.0946984018,84.3002588665
504.8087135553,82.9015526000
505.5227287089,83.3038927449
506.2367438624,83.3984477540
506.9507590160,83.5210619480
507.6647741695,82.9509634398
508.3787893230,82.1521435137
509.0928044766,83.6038531265
509.8068196301,84.6529714303
510.5208347837,84.0626262605
511.2348499372,84.0244359921
511.9488650908,84.3278205164
512.6628802443,84.7112378442
513.3768953979,84.5516340754
514.0909105514,84.1432201452
514.8049257049,84.4943391623
515.5189408585,84.3100532857
516.2329560120,83.8449047398
516.9469711656,83.6671189164
517.6609863191,83.6186824610
518.3750014727,84.4617317145
519.0890166262,84.4506656643
519.8030317797,83.9008977470
520.5170469333,84.9239083169
521.2310620868,84.6511273961
521.9450772404,83.7612820633
522.6590923939,84.5762216065
523.3731075475,84.6935345488
524.0871227010,84.2511203873
524.8011378545,84.2188428956
525.5151530081,84.1184254060
526.2291681616,84.7840723895
526.9431833152,84.4127340164
527.6571984687,83.7457151069
528.3712136223,84.4678840108
529.0852287758,84.8062265051
529.7992439294,84.7406479033
530.5132590829,84.6503981468
531.2272742364,84.0613032592
531.9412893900,84.3773058666
532.6553045435,84.3554222275
533.3693196971,83.7376746461
534.0833348506,84.7129717352
534.7973500042,85.1449233219
535.5113651577,84.2712843924
536.2253803112,84.1167527069
536.9393954648,84.3726161467
537.6534106183,84.3908108208
538.3674257719,83.8455807204
539.0814409254,83.6353408710
539.7954560790,84.3507385320
540.5094712325,83.9614276015
541.2234863861,83.5146568616
541.9375015396,84.0044172986
542.6515166931,83.2122636329
543.3655318467,82.6025178318
544.0795470002,83.3882738578
544.7935621538,83.4951111359
545.5075773073,82.9741890324
546.2215924609,82.6133834851
546.9356076144,82.7802785558
547.6496227679,82.8645105601
548.3636379215,82.1465523157
549.0776530750,82.3948380362
549.7916682286,82.8068471025
550.5056833821,81.9466651293
551.2196985357,81.9927786616
551.9337136892,82.2658010314
552.6477288427,81.8926795657
553.3617439963,82.0232274740
554.0757591498,81.6751775006
554.7897743034,81.6355870743
555.5037894569,82.2551783796
556.2178046105,81.3265732665
556.9318197640,80.5342258933
557.6458349176,81.2168647022
558.3598500711,81.6542152045
559.0738652246,81.6226064265
559.7878803782,81.4391127104
560.5018955317,81.8476127788
561.2159106853,82.4318351230
561.9299258388,81.9264004136
562.6439409924,82.2445005862
563.3579561459,83.2218702471
564.0719712994,82.9958225672
564.7859864530,83.1314486348
565.5000016065,83.5690302097
566.2140167601,83.5602918706
566.9280319136,83.6623731718
567.6420470672,83.3050717647
568.3560622207,83.8336196731
569.0700773743,84.9558339729
569.7840925278,84.2135618051
570.4981076813,83.9534942633
571.2121228349,84.6288526513
571.9261379884,83.9326670386
572.6401531420,83.5574733143
573.3541682955,84.1546385262
574.0681834491,84.3029916173
574.7821986026,84.0319136163
575.4962137561,83.9588133041
576.2102289097,84.6752201636
576.9242440632,84.7714295299
577.6382592168,83.9825312119
578.3522743703,84.1204319782
579.0662895239,84.1999126627
579.7803046774,83.5714465776
580.4943198309,83.8330670437
581.2083349845,84.2097077031
581.9223501380,84.2607898077
582.6363652916,84.5609936598
583.3503804451,84.3511724081
584.0643955987,84.2172187174
584.7784107522,84.4382645073
585.4924259058,84.2476596255
586.2064410593,84.1195760950
586.9204562128,84.2920842271
587.6344713664,84.4735539288
588.3484865199,84.3970703218
589.0625016735,84.2447006756
589.7765168270,84.4865526866
590.4905319806,84.3626462030
591.2045471341,84.2033301239
591.9185622876,84.7191527891
592.6325774412,84.5439097789
593.3465925947,84.3483908232
594.0606077483,84.7374659858
594.7746229018,84.3903673941
595.4886380554,84.2447500493
596.2026532089,84.4094293478
596.9166683625,83.9636641045
597.6306835160,84.2636409275
598.3446986695,84.6351015240
599.0587138231,84.2148363966
599.7727289766,84.4006981990
600.4867441302,84.4663864345
601.2007592837,84.0693231120
601.9147744373,84.2056907047
602.6287895908,84.2057834759
603.3428047443,84.1914436395
604.0568198979,84.3021551120
604.7708350514,83.8550519414
605.4848502050,83.7258966042
606.1988653585,84.0378268178
606.9128805121,83.8283782399
607.6268956656,83.4034094222
608.3409108192,83.4180965482
609.0549259727,83.7266333460
609.7689411262,83.7591561594
610.4829562798,83.7113381108
611.1969714333,83.8798675325
611.9109865869,83.6620460893
612.6250017404,83.5253577978
613.3390168940,83.7983202730
614.0530320475,83.6545401046
614.7670472010,83.6190993445
615.4810623546,83.8747609098
616.1950775081,83.8066513014
616.9090926617,83.8375386025
617.6231078152,83.7783740883
618.3371229688,83.8386221959
619.0511381223,84.4600113691
619.7651532758,84.3904315291
620.4791684294,84.0436619640
621.1931835829,84.5983606642
621.9071987365,84.7758108929
622.6212138900,84.5537182049
623.3352290436,84.8904135116
624.0492441971,85.1521324035
624.7632593507,85.1273876080
625.4772745042,85.1118138721
626.1912896577,85.1220891293
626.9053048113,85.1227122994
627.6193199648,84.9187323864
628.3333351184,84.8714239983
629.0473502719,85.1158099919
629.7613654255,85.1638186910
630.4753805790,85.0481262345
631.1893957325,85.0069207662
631.9034108861,85.3310240108
632.6174260396,85.7276250738
633.3314411932,85.4881916011
634.0454563467,85.5221951232
634.7594715003,86.2471040417
635.4734866538,86.2621855211
636.1875018074,85.8192818344
636.9015169609,86.0584395795
637.6155321144,86.3560336649
638.3295472680,86.2590607060
639.0435624215,86.2060743112
639.7575775751,86.2261140693
640.4715927286,86.0674876050
641.1856078822,85.9097747378
641.8996230357,86.0480845618
642.6136381892,86.2820080205
643.3276533428,86.3696727366
644.0416684963,86.3317781509
644.7556836499,86.2571630482
645.4696988034,86.4302175779
646.1837139570,86.6332906037
646.8977291105,86.5305023661
647.6117442640,86.4852780406
648.3257594176,86.5018827440
649.0397745711,86.3523910203
649.7537897247,86.2591206183
650.4678048782,86.2748439897
651.1818200318,86.1873374117
651.8958351853,85.9345431986
652.6098503389,86.0675884986
653.3238654924,86.5868641876
654.0378806459,86.3979562767
654.7518957995,85.9396327542
655.4659109530,86.0494103586
656.1799261066,85.8482905169
656.8939412601,85.4245899286
657.6079564137,85.4625825538
658.3219715672,85.4373010265
659.0359867207,85.1391784127
659.7500018743,84.8034104074
660.4640170278,84.8236341363
661.1780321814,85.0863598714
661.8920473349,84.8878637851
662.6060624885,84.7461296277
663.3200776420,84.9829520378
664.0340927956,84.8169794456
664.7481079491,84.7175538601
665.4621231026,84.9089584357
666.1761382562,84.8118696249
666.8901534097,84.7739605905
667.6041685633,85.1765582124
668.3181837168,85.7106407881
669.0321988704,85.3651667876
669.7462140239,85.2575573772
670.4602291774,85.5111382878
671.1742443310,85.6869003819
671.8882594845,85.2935049530
672.6022746381,85.3836281193
673.3162897916,85.9286148403
674.0303049452,85.9642740897
674.7443200987,86.0111972125
675.4583352522,86.2588871955
676.1723504058,86.3007458608
676.8863655593,86.2892149488
677.6003807129,86.1984032508
678.3143958664,86.2472889418
679.0284110200,86.5534269574
679.7424261735,86.5559941556
680.4564413271,86.2152203353
681.1704564806,86.1104536180
681.8844716341,86.5221396804
682.5984867877,86.7696897849
683.3125019412,86.4102448406
684.0265170948,86.3474298670
684.7405322483,86.5044431411
685.4545474019,86.2466906749
686.1685625554,86.2934226933
686.8825777089,86.4460272783
687.5965928625,86.2695672082
688.3106080160,86.2523245818
689.0246231696,86.0485894541
689.7386383231,85.8544731179
690.4526534767,86.1240086422
691.1666686302,86.2188808614
691.8806837838,86.2488377370
692.5946989373,86.0789876245
693.3087140908,85.4005485426
694.0227292444,85.2602063708
694.7367443979,85.5951446610
695.4507595515,85.5433691338
696.1647747050,85.2957326584
696.8787898586,85.1404517110
697.5928050121,85.2311841504
698.3068201656,85.1602567785
699.0208353192,84.7250009971
699.7348504727,84.6537807008
700.4488656263,84.7172381871
701.1628807798,84.6246156843
701.8768959334,84.6006111004
702.5909110869,84.3539707316
703.3049262404,84.3379847377
704.0189413940,84.4212721279
704.7329565475,83.9249045670
705.4469717011,83.9189732363
706.1609868546,84.1162013845
706.8750020082,83.5189213871
707.5890171617,83.4294039959
708.3030323153,83.6714289680
709.0170474688,83.2798387572
709.7310626223,83.1620657498
710.4450777759,83.1752775362
711.1590929294,82.9042006218
711.8731080830,82.8168310845
712.5871232365,82.6300891455
713.3011383901,82.4403247689
714.0151535436,82.3421594132
714.7291686971,81.9366205645
715.4431838507,81.8270172619
716.1571990042,81.9801993845
716.8712141578,81.5046897893
717.5852293113,80.9222840852
718.2992444649,80.7203109848
719.0132596184,80.4353012895
719.7272747720,80.2288369067
720.4412899255,80.2822135589
721.1553050790,79.9792217957
721.8693202326,79.6709254763
722.5833353861,79.8931384486
723.2973505397,80.0357927824
724.0113656932,80.3530607739
724.7253808468,81.1976897784
725.4393960003,81.5844381123
726.1534111538,82.0199084711
726.8674263074,83.0419599165
727.5814414609,83.7453857485
728.2954566145,84.5956513125
729.0094717680,85.5912996412
729.7234869216,85.9853692095
730.4375020751,86.6602414649
731.1515172287,87.6598747513
731.8655323822,88.3186850096
732.5795475357,88.9771102632
733.2935626893,89.5825989219
734.0075778428,90.2937244474
734.7215929964,91.1375990492
735.4356081499,91.5680297096
736.1496233035,92.1505601205
736.8636384570,92.9439902020
737.5776536105,93.2636263459
738.2916687641,93.5685008748
739.0056839176,93.9308729660
739.7196990712,94.1872643334
740.4337142247,94.5800183603
741.1477293783,94.6071871073
741.8617445318,94.4990821294
742.5757596853,94.7308973003
743.2897748389,94.6325125062
744.0037899924,94.4869365449
744.7178051460,94.6796298980
745.4318202995,94.5314414990
746.1458354531,94.3304953446
746.8598506066,94.4444547441
747.5738657602,94.4529471149
748.2878809137,94.3336079200
749.0018960672,94.1938900486
749.7159112208,94.0680400923
750.4299263743,93.9197451487
751.1439415279,93.7162878590
751.8579566814,93.8295429371
752.5719718350,94.0965514141
753.2859869885,93.9731350193
754.0000021420,93.6563553459
754.7140172956,93.5999804014
755.4280324491,93.8334023089
756.1420476027,93.8592160411
756.8560627562,93.6492385903
757.5700779098,93.8225753707
758.2840930633,93.9590172024
758.9981082169,93.6038976069
759.7121233704,93.5649469947
760.4261385239,93.8161832310
761.1401536775,93.6865289809
761.8541688310,93.4728168954
762.5681839846,93.5393347693
763.2821991381,93.6375424959
763.9962142917,93.5158819610
764.7102294452,93.4677137967
765.4242445987,93.6684226850
766.1382597523,93.6290996486
766.8522749058,93.4381936562
767.5662900594,93.4303940736
768.2803052129,93.3695022457
768.9943203665,93.3489861852
769.7083355200,93.3245249676
770.4223506735,93.1938941643
771.1363658271,93.3319030160
771.8503809806,93.3417791462
772.5643961342,93.1154532532
773.2784112877,93.3130124234
773.9924264413,93.4356094734
774.7064415948,93.2190721041
775.4204567484,93.2067267624
776.1344719019,93.1062068012
776.8484870554,92.9305420841
777.5625022090,93.1226653911
778.2765173625,93.3481332541
778.9905325161,93.2898782459
779.7045476696,93.1302977294
780.4185628232,93.1988909174
781.1325779767,93.2429563355
781.8465931302,92.9105823725
782.5606082838,92.9429750110
783.2746234373,93.2649056442
783.9886385909,92.8623166068
784.7026537444,92.5717809073
785.4166688980,93.0233429233
786.1306840515,93.0732027673
786.8446992051,92.6316469676
787.5587143586,92.5757208973
788.2727295121,92.7992824049
788.9867446657,92.7807562182
789.7007598192,92.5582807711
790.4147749728,92.6092345955
791.1287901263,92.8240270196
791.8428052799,92.5974454188
792.5568204334,92.2073857731
793.2708355869,92.3345821175
793.9848507405,92.7283723719
794.6988658940,92.7945912304
795.4128810476,92.7574329818
796.1268962011,92.9102016094
796.8409113547,93.0090694295
797.5549265082,93.0605497073
798.2689416617,93.1069336839
798.9829568153,93.0548749139
799.6969719688,93.1420072909
800.4109871224,93.1605595991
801.1250022759,93.0518698170
801.8390174295,93.2552188573
802.5530325830,93.1528082352
803.2670477366,92.7759932941
803.9810628901,93.1514310763
804.6950780436,93.3619335268
805.4090931972,92.8270191832
806.1231083507,92.8542428443
806.8371235043,93.2584901937
807.5511386578,93.1843660545
808.2651538114,92.9692443502
808.9791689649,92.9297198011
809.6931841184,93.0633293885
810.4071992720,93.0237917193
811.1212144255,92.7165635246
811.8352295791,92.8790512475
812.5492447326,93.2579174999
813.2632598862,92.9199021139
813.9772750397,92.5260178504
814.6912901933,92.9340229971
815.4053053468,93.2416582511
816.1193205003,92.7712359200
816.8333356539,92.7702055422
817.5473508074,93.4605049849
818.2613659610,93.3356059801
818.9753811145,92.6893469624
819.6893962681,92.8089057022
820.4034114216,93.2304670418
821.1174265751,93.1685429894
821.8314417287,92.7650436055
822.5454568822,92.8404617438
823.2594720358,93.3895344511
823.9734871893,92.9839724339
824.6875023429,92.2964250910
825.4015174964,92.9076091784
826.1155326499,93.2349140688
826.8295478035,92.3977217287
827.5435629570,92.2689201545
828.2575781106,92.9088835180
828.9715932641,92.9204075582
829.6856084177,92.3143371513
830.3996235712,92.2675106657
831.1136387248,92.9014274271
831.8276538783,92.6262243891
832.5416690318,91.7749029794
833.2556841854,92.2467110524
833.9696993389,92.8200697564
834.6837144925,92.0476281018
835.3977296460,91.5839565088
836.1117447996,92.0665154590
836.8257599531,92.2789509825
837.5397751066,91.8350025416
838.2537902602,91.4216773196
838.9678054137,91.6762620171
839.6818205673,91.9589775785
840.3958357208,91.3659198739
841.1098508744,90.9488081283
841.8238660279,91.4208290798
842.5378811815,91.4350829668
843.2518963350,90.7404609217
843.9659114885,90.8794407273
844.6799266421,91.5710643933
845.3939417956,91.2220574439
846.1079569492,90.5504515406
846.8219721027,90.9151602349
847.5359872563,91.3631009488
848.2500024098,90.9637964871
848.9640175633,90.7172131674
849.6780327169,91.1271100853
850.3920478704,91.3772916464
851.1060630240,91.1572065980
851.8200781775,91.0932090481
852.5340933311,91.3902266049
853.2481084846,91.4930057360
853.9621236381,91.2056802100
854.6761387917,91.1999100353
855.3901539452,91.6151899487
856.1041690988,91.5831394679
856.8181842523,91.2274190912
857.5321994059,91.4768870365
858.2462145594,91.6865309587
858.9602297130,91.1711390391
859.6742448665,91.0279492653
860.3882600200,91.4654846165
861.1022751736,91.4279934900
861.8162903271,91.1414503566
862.5303054807,91.2441934405
863.2443206342,91.3090011601
863.9583357878,91.0238339456
864.6723509413,90.7701028374
865.3863660948,90.7593289208
866.1003812484,90.7013368517
866.8143964019,90.4076342773
867.5284115555,90.1013360600
868.2424267090,89.9627777308
868.9564418626,89.7128014870
869.6704570161,89.0404902837
870.3844721697,88.4824730670
871.0984873232,88.5298374666
871.8125024767,88.4182226991
872.5265176303,88.1478961976
873.2405327838,88.8181972670
873.9545479374,89.7796757320
874.6685630909,89.9832141365
875.3825782445,90.1430884499
876.0965933980,90.6038884619
876.8106085515,90.7312247495
877.5246237051,90.5962775546
878.2386388586,90.7657648061
878.9526540122,91.1648096738
879.6666691657,91.2242407862
880.3806843193,91.0681046021
881.0946994728,91.2032940740
881.8087146264,91.3822113217
882.5227297799,91.3340869623
883.2367449334,91.3246563156
883.9507600870,91.4476393222
884.6647752405,91.5010727178
885.3787903941,91.3512005100
886.0928055476,91.2854616076
886.8068207012,91.4622756697
887.5208358547,91.4643056224
888.2348510082,91.3033290127
888.9488661618,91.2708961837
889.6628813153,91.3183562500
890.3768964689,91.4777998307
891.0909116224,91.4650565423
891.8049267760,91.2088289292
892.5189419295,91.2832891921
893.2329570830,91.3634567206
893.9469722366,91.0329664204
894.6609873901,90.8575128875
895.3750025437,90.8291779839
896.0890176972,90.7251872869
896.8030328508,90.7551503123
897.5170480043,90.6994696856
898.2310631579,90.4828377996
898.9450783114,90.4010870028
899.6590934649,90.4882108367
900.3731086185,90.5890029882
901.0871237720,90.5437814213
901.8011389256,90.5083416172
902.5151540791,90.5783774904
903.2291692327,90.5329673588
903.9431843862,90.5191417009
904.6571995397,90.6024575332
905.3712146933,90.6167243324
906.0852298468,90.6959385524
906.7992450004,90.7513019777
907.5132601539,90.7208120563
908.2272753075,90.7455520445
908.9412904610,90.7517167545
909.6553056146,90.8650610320
910.3693207681,90.9802222496
911.0833359216,90.8880314396
911.7973510752,90.9498638717
912.5113662287,91.0419124080
913.2253813823,90.9556758863
913.9393965358,91.0677414493
914.6534116894,91.1575174720
915.3674268429,91.0489784122
916.0814419964,91.0495919402
916.7954571500,91.0682399691
917.5094723035,91.0811493106
918.2234874571,91.0196476023
918.9375026106,90.8736320768
919.6515177642,91.0234138283
920.3655329177,91.1119341359
921.0795480712,90.9211176515
921.7935632248,90.9757967523
922.5075783783,90.9655055133
923.2215935319,90.7425834933
923.9356086854,90.8163770478
924.6496238390,90.9387955575
925.3636389925,90.8750220913
926.0776541461,90.8112403574
926.7916692996,90.7675633215
927.5056844531,90.7974681162
928.2196996067,90.8342798149
928.9337147602,90.8909820629
929.6477299138,90.9384327459
930.3617450673,90.7877231280
931.0757602209,90.7907997430
931.7897753744,90.9389896900
932.5037905279,90.8027468546
933.2178056815,90.8067083181
933.9318208350,91.0297644118
934.6458359886,91.0234504795
935.3598511421,90.9926939477
936.0738662957,91.0571975820
936.7878814492,91.1362698365
937.5018966028,91.1750060961
938.2159117563,91.0320877089
938.9299269098,91.0297030652
939.6439420634,91.1697234772
940.3579572169,91.0707364505
941.0719723705,90.9820874789
941.7859875240,90.9610343364
942.5000026776,90.9111624145
943.2140178311,90.9834584222
943.9280329846,90.8788401687
944.6420481382,90.6627151248
945.3560632917,90.6677670081
946.0700784453,90.5759385601
946.7840935988,90.4468919718
947.4981087524,90.5161739161
948.2121239059,90.4656723845
948.9261390594,90.3034659586
949.6401542130,90.2520904878
950.3541693665,90.2489652407
951.0681845201,90.2186167313
951.7821996736,90.1543975151
952.4962148272,90.0874983788
953.2102299807,89.9726603765
953.9242451343,89.8966013700
954.6382602878,89.8930645934
955.3522754413,89.6233745487
956.0662905949,89.3564294641
956.7803057484,89.4972342919
957.4943209020,89.4079788576
958.2083360555,88.9421015413
958.9223512091,88.7415183309
959.6363663626,88.7024315751
960.3503815161,88.4729941616
961.0643966697,88.1614556941
961.7784118232,87.9688510593
962.4924269768,87.8520897729
963.2064421303,87.6110871756
963.9204572839,87.3858315138
964.6344724374,87.2273699798
965.3484875910,86.9199580779
966.0625027445,86.6729988225
966.7765178980,86.5276723853
967.4905330516,86.2503341399
968.2045482051,86.0106301771
968.9185633587,85.8016393035
969.6325785122,85.5003965135
970.3465936658,85.2234172172
971.0606088193,84.9653004563
971.7746239728,84.7975440264
972.4886391264,84.6231742324
973.2026542799,84.2385104568
973.9166694335,83.9872640921
974.6306845870,83.9075810148
975.3446997406,83.5918875949
976.0587148941,83.2124597819
976.7727300476,83.0066665552
977.4867452012,82.8244556381
978.2007603547,82.5931838358
978.9147755083,82.3313150139
979.6287906618,82.0344485687
980.3428058154,81.7381288322
981.0568209689,81.5468193783
981.7708361225,81.4301429147
982.4848512760,81.2659248772
983.1988664295,81.1631241469
983.9128815831,81.1295514296
984.6268967366,81.0921336726
985.3409118902,81.2113520865
986.0549270437,81.3817273263
986.7689421973,81.4315888454
987.4829573508,81.4959143455
988.1969725043,81.5464120623
988.9109876579,81.5458760527
989.6250028114,81.5608120949
990.3390179650,81.5064688125
991.0530331185,81.4004848182
991.7670482721,81.2935263253
992.4810634256,81.2083858543
993.1950785792,81.1702710018
993.9090937327,81.0131680598
994.6231088862,80.8162795182
995.3371240398,80.7899493744
996.0511391933,80.7167241492
996.7651543469,80.4930204225
997.4791695004,80.2950398486
998.1931846540,80.2406229482
998.9071998075,80.3033426550
999.6212149610,80.1909296397
1000.3352301146,79.9767278090
1001.0492452681,80.0416192414
1001.7632604217,80.1239506206
1002.4772755752,79.9876405981
1003.1912907288,79.9602597138
1003.9053058823,80.0716636624
1004.6193210359,80.0692601423
1005.3333361894,79.9477466238
1006.0473513429,79.8927997013
1006.7613664965,79.9194313939
1007.4753816500,79.8007816259
1008.1893968036,79.5925549885
1008.9034119571,79.5331032039
1009.6174271107,79.4930962120
1010.3314422642,79.2868784967
1011.0454574177,79.0181041513
1011.7594725713,78.7862526749
1012.4734877248,78.4721660540
1013.1875028784,78.0932567677
1013.9015180319,77.9018790022
1014.6155331855,77.7173678130
1015.3295483390,77.3622814768
1016.0435634925,77.2270971087
1016.7575786461,77.2625727307
1017.4715937996,77.2397161196
1018.1856089532,77.3956724232
1018.8996241067,77.5510336879
1019.6136392603,77.6243952845
1020.3276544138,77.9790600444
1021.0416695674,78.3093808997
1021.7556847209,78.3452771598
1022.4696998744,78.4674311968
1023.1837150280,78.7356051600
1023.8977301815,79.0235601482
1024.6117453351,79.3857967654
1025.3257604886,79.6752317694
1026.0397756422,79.7709940300
1026.7537907957,79.8518729850
1027.4678059492,79.9679455655
1028.1818211028,80.0067128477
1028.8958362563,80.0555618696
1029.6098514099,80.1153016287
1030.3238665634,80.0743171942
1031.0378817170,80.1177560898
1031.7518968705,80.2237771452
1032.4659120241,80.2028325786
1033.1799271776,80.2877357270
1033.8939423311,80.4760904771
1034.6079574847,80.6310025444
1035.3219726382,80.9409062484
1036.0359877918,81.1598114821
1036.7500029453,81.1720228840
1037.4640180989,81.4320110817
1038.1780332524,81.7945539451
1038.8920484059,81.8713876241
1039.6060635595,81.8606443963
1040.3200787130,82.0368410956
1041.0340938666,82.2997880174
1041.7481090201,82.2801954447
1042.4621241737,82.0393129866
1043.1761393272,81.9290678602
1043.8901544807,81.8510139287
1044.6041696343,81.7716461481
1045.3181847878,81.6918531402
1046.0321999414,81.3987382279
1046.7462150949,81.1220516390
1047.4602302485,80.9380926919
1048.1742454020,80.6374877434
1048.8882605556,80.4094180259
1049.6022757091,80.2114178697
1050.3162908626,80.0196546164
1051.0303060162,79.9864822369
1051.7443211697,79.8072340018
1052.4583363233,79.6601105686
1053.1723514768,79.8223891598
1053.8863666304,79.8140955606
1054.6003817839,79.6790453247
1055.3143969374,79.7060641369
1056.0284120910,79.7715073900
1056.7424272445,79.9328485712
1057.4564423981,80.0777792100
1058.1704575516,80.1851049898
1058.8844727052,80.4511697842
1059.5984878587,80.6898204267
1060.3125030123,80.9627832064
1061.0265181658,81.3374699626
1061.7405333193,81.5842708860
1062.4545484729,81.9314592975
1063.1685636264,82.4002042285
1063.8825787800,82.7359578904
1064.5965939335,83.0799437680
1065.3106090871,83.3909165504
1066.0246242406,83.6732478325
1066.7386393941,84.0596217847
1067.4526545477,84.2864483580
1068.1666697012,84.4488209809
1068.8806848548,84.8153301555
1069.5947000083,85.0409706958
1070.3087151619,84.9704895035
1071.0227303154,84.9917830838
1071.7367454689,85.2061222835
1072.4507606225,85.2197417117
1073.1647757760,84.9771631977
1073.8787909296,84.9083494639
1074.5928060831,84.9237934001
1075.3068212367,84.7800533627
1076.0208363902,84.6969258280
1076.7348515438,84.6794101802
1077.4488666973,84.7401840123
1078.1628818508,84.8543094388
1078.8768970044,84.7056107477
1079.5909121579,84.6432956907
1080.3049273115,84.8522644393
1081.0189424650,84.7920949477
1081.7329576186,84.7350567459
1082.4469727721,84.9082121826
1083.1609879256,84.7630371262
1083.8750030792,84.4814112973
1084.5890182327,84.4411857565
1085.3030333863,84.3615627863
1086.0170485398,84.1775599314
1086.7310636934,84.1298231560
1087.4450788469,84.2233405593
1088.1590940005,84.1601775537
1088.8731091540,83.9126341551
1089.5871243075,83.8342684987
1090.3011394611,83.8760990878
1091.0151546146,83.7616346838
1091.7291697682,83.5259650257
1092.4431849217,83.3221574557
1093.1572000753,83.2584926288
1093.8712152288,83.1353246482
1094.5852303823,82.8648302949
1095.2992455359,82.8049701295
1096.0132606894,82.7906633938
1096.7272758430,82.5330070544
1097.4412909965,82.4023373821
1098.1553061501,82.4289708620
1098.8693213036,82.2746770244
1099.5833364571,82.0496359799
1100.2973516107,81.9876535197
1101.0113667642,82.0049339972
1101.7253819178,81.9492571789
1102.4393970713,81.9902538937
1103.1534122249,82.0687055438
1103.8674273784,81.9187446265
1104.5814425320,81.9845775553
1105.2954576855,82.3729155393
1106.0094728390,82.4699758210
1106.7234879926,82.4497153968
1107.4375031461,82.6008802828
1108.1515182997,82.7376819218
1108.8655334532,82.9465693147
1109.5795486068,83.0659380583
1110.2935637603,83.0186470495
1111.0075789138,83.2256565850
1111.7215940674,83.5569311285
1112.4356092209,83.7308388609
1113.1496243745,83.9479812767
1113.8636395280,84.2974785594
1114.5776546816,84.6668606147
1115.2916698351,84.9577496210
1116.0056849887,85.2839199533
1116.7197001422,85.6555208080
1117.4337152957,85.7685147888
1118.1477304493,85.8986229346
1118.8617456028,86.3696433791
1119.5757607564,86.6598717937
1120.2897759099,86.7167506823
1121.0037910635,86.9705663338
1121.7178062170,87.2305420228
1122.4318213705,87.4174938682
1123.1458365241,87.6899710132
1123.8598516776,87.9027427794
1124.5738668312,88.1229116822
1125.2878819847,88.4934753815
1126.0018971383,88.9035177220
1126.7159122918,89.3611799928
1127.4299274454,89.8063424866
1128.1439425989,90.1177721184
1128.8579577524,90.4859951703
1129.5719729060,90.9163460049
1130.2859880595,91.2436755587
1131.0000032131,91.6416765355
1131.7140183666,92.0790355100
1132.4280335202,92.3574320478
1133.1420486737,92.6539659889
1133.8560638272,93.0294890755
1134.5700789808,93.3797726435
1135.2840941343,93.7004648540
1135.9981092879,93.9652784528
1136.7121244414,94.3626247502
1137.4261395950,94.8129607744
1138.1401547485,94.9204845556
1138.8541699020,95.0048284454
1139.5681850556,95.2597327515
1140.2822002091,95.2786953601
1140.9962153627,95.2588468708
1141.7102305162,95.4127526264
1142.4242456698,95.5036198016
1143.1382608233,95.5729286676
1143.8522759769,95.5390929816
1144.5662911304,95.4412717123
1145.2803062839,95.5686757952
1145.9943214375,95.5969437458
1146.7083365910,95.4939136500
1147.4223517446,95.6667361237
1148.1363668981,95.7564065282
1148.8503820517,95.6192723321
1149.5643972052,95.6387843681
1150.2784123587,95.6572330085
1150.9924275123,95.5612900273
1151.7064426658,95.5143268533
1152.4204578194,95.4920431477
1153.1344729729,95.4802633304
1153.8484881265,95.3888053305
1154.5625032800,95.2694705975
1155.2765184336,95.2766886283
1155.9905335871,95.1546156112
1156.7045487406,94.8959331138
1157.4185638942,94.7878073295
1158.1325790477,94.7168386657
1158.8465942013,94.6183683560
1159.5606093548,94.5361599655
1160.2746245084,94.4459207008
1160.9886396619,94.4640993250
1161.7026548154,94.4949077945
1162.4166699690,94.5187599749
1163.1306851225,94.7094754392
1163.8447002761,94.8172710035
1164.5587154296,94.8180158659
1165.2727305832,95.0226480427
1165.9867457367,95.2547208638
1166.7007608902,95.4014438056
1167.4147760438,95.6064489736
1168.1287911973,95.8133192818
1168.8428063509,96.0437045378
1169.5568215044,96.2584953715
1170.2708366580,96.3857080421
1170.9848518115,96.5660431291
1171.6988669651,96.6513912662
1172.4128821186,96.6002356090
1173.1268972721,96.7700990220
1173.8409124257,96.9600744756
1174.5549275792,96.9142521249
1175.2689427328,96.9784388755
1175.9829578863,97.1313867637
1176.6969730399,97.1472125142
1177.4109881934,97.1678604325
1178.1250033469,97.1607389785
1178.8390185005,97.1112588875
1179.5530336540,97.1789394342
1180.2670488076,97.2147797570
1180.9810639611,97.1832451317
1181.6950791147,97.2346063944
1182.4090942682,97.2022124169
1183.1231094218,97.0708461375
1183.8371245753,97.0447227549
1184.5511397288,97.0106374158
1185.2651548824,96.9097027646
1185.9791700359,96.8857322125
1186.6931851895,96.8415266192
1187.4072003430,96.6747243701
1188.1212154966,96.5129851722
1188.8352306501,96.4195522862
1189.5492458036,96.3312599876
1190.2632609572,96.1769276349
1190.9772761107,95.9947173797
1191.6912912643,95.8879418470
1192.4053064178,95.7821005061
1193.1193215714,95.5851058542
1193.8333367249,95.4297723299
1194.5473518784,95.3499821314
1195.2613670320,95.1695556426
1195.9753821855,94.9148877018
1196.6893973391,94.7864719061
1197.4034124926,94.7175304273
1198.1174276462,94.5493502532
1198.8314427997,94.3917076511
1199.5454579533,94.2704844125
1200.2594731068,94.0908610961
1200.9734882603,93.9659724532
1201.6875034139,93.8796814277
1202.4015185674,93.7197704571
1203.1155337210,93.5905422347
1203.8295488745,93.4721030673
1204.5435640281,93.3606832451
1205.2575791816,93.3503262614
1205.9715943351,93.2414399057
1206.6856094887,93.0595843225
1207.3996246422,93.0904901133
1208.1136397958,93.1709970108
1208.8276549493,93.1168953981
1209.5416701029,93.0753839556
1210.2556852564,93.1379884362
1210.9697004100,93.2159605311
1211.6837155635,93.1470503233
1212.3977307170,93.0305936248
1213.1117458706,93.0071286357
1213.8257610241,92.8915823722
1214.5397761777,92.7585116160
1215.2537913312,92.7617909640
1215.9678064848,92.6150092848
1216.6818216383,92.3221280382
1217.3958367918,92.1763781389
1218.1098519454,92.1189243087
1218.8238670989,91.9637529017
1219.5378822525,91.6648369259
1220.2518974060,91.4339030061
1220.9659125596,91.4029469284
1221.6799277131,91.2698120613
1222.3939428666,90.9919671629
1223.1079580202,90.8196182273
1223.8219731737,90.6902472577
1224.5359883273,90.5556147034
1225.2500034808,90.4424226955
1225.9640186344,90.2687396927
1226.6780337879,90.0517263225
1227.3920489415,89.8286934231
1228.1060640950,89.6583214821
1228.8200792485,89.5663609904
1229.5340944021,89.3935681170
1230.2481095556,89.0877924330
1230.9621247092,88.7858065217
1231.6761398627,88.6206062093
1232.3901550163,88.5152382724
1233.1041701698,88.2669987937
1233.8181853233,88.0342802937
1234.5322004769,87.9354334908
1235.2462156304,87.7892524256
1235.9602307840,87.7311528066
1236.6742459375,87.7561337731
1237.3882610911,87.5838435838
1238.1022762446,87.4277995866
1238.8162913982,87.4829047099
1239.5303065517,87.5527215406
1240.2443217052,87.5025247894
1240.9583368588,87.3779668042
1241.6723520123,87.4009366237
1242.3863671659,87.5421366264
1243.1003823194,87.5563568621
1243.8143974730,87.6023597953
1244.5284126265,87.7624759776
1245.2424277800,87.8412257843
1245.9564429336,87.8910889013
1246.6704580871,88.0343572231
1247.3844732407,88.2661591347
1248.0984883942,88.4239809291
1248.8125035478,88.4811253391
1249.5265187013,88.7206807113
1250.2405338549,88.9958588905
1250.9545490084,89.0644648273
1251.6685641619,89.1493971553
1252.3825793155,89.1671077719
1253.0965944690,89.1347604912
1253.8106096226,89.3160520362
1254.5246247761,89.3773384512
1255.2386399297,89.2889496090
1255.9526550832,89.3327060946
1256.6666702367,89.2697221753
1257.3806853903,89.2478226023
1258.0947005438,89.4100069939
1258.8087156974,89.3610811674
1259.5227308509,89.3029295002
1260.2367460045,89.4571292516
1260.9507611580,89.5090320833
1261.6647763115,89.4983130808
1262.3787914651,89.5479707269
1263.0928066186,89.6436923769
1263.8068217722,89.7828634004
1264.5208369257,89.8363681182
1265.2348520793,89.9356813939
1265.9488672328,90.1153022161
1266.6628823864,90.1050001999
1267.3768975399,90.1353858072
1268.0909126934,90.3636296439
1268.8049278470,90.4554969358
1269.5189430005,90.4350079260
1270.2329581541,90.4720642412
1270.9469733076,90.5728623641
1271.6609884612,90.7294267768
1272.3750036147,90.7498431995
1273.0890187682,90.6815107331
1273.8030339218,90.7476621259
1274.5170490753,90.8347834537
1275.2310642289,90.9060279903
1275.9450793824,91.0014378759
1276.6590945360,91.0066162053
1277.3731096895,91.0311254210
1278.0871248431,91.1384866736
1278.8011399966,91.1722923603
1279.5151551501,91.1446985881
1280.2291703037,91.1385315281
1280.9431854572,91.2431237121
1281.6572006108,91.4631109680
1282.3712157643,91.5939069050
1283.0852309179,91.6498701918
1283.7992460714,91.8145346531
1284.5132612249,92.0076105291
1285.2272763785,92.1345062541
1285.9412915320,92.2189864786
1286.6553066856,92.3146731689
1287.3693218391,92.4742655282
1288.0833369927,92.6100745206
1288.7973521462,92.7003706966
1289.5113672997,92.7884738908
1290.2253824533,92.8076075523
1290.9393976068,92.8481848650
1291.6534127604,92.9787712562
1292.3674279139,93.1039925981
1293.0814430675,93.2407755430
1293.7954582210,93.3783048872
1294.5094733746,93.4919129630
1295.2234885281,93.5927289943
1295.9375036816,93.6414088170
1296.6515188352,93.7808468002
1297.3655339887,93.9795617703
1298.0795491423,93.9982498995
1298.7935642958,94.0181341419
1299.5075794494,94.1463106317
1300.2215946029,94.2299024544
1300.9356097564,94.3069321513
1301.6496249100,94.3294269834
1302.3636400635,94.3226322280
1303.0776552171,94.3766919242
1303.7916703706,94.2900282494
1304.5056855242,94.1424917491
1305.2197006777,94.1224769193
1305.9337158313,94.0185054478
1306.6477309848,93.8374065310
1307.3617461383,93.7969340791
1308.0757612919,93.7729276470
1308.7897764454,93.6127215458
1309.5037915990,93.4759241544
1310.2178067525,93.4569909276
1310.9318219061,93.3685620582
1311.6458370596,93.2338894366
1312.3598522131,93.2841339811
1313.0738673667,93.3306877593
1313.7878825202,93.2417214151
1314.5018976738,93.2840684957
1315.2159128273,93.3022884569
1315.9299279809,93.2356784126
1316.6439431344,93.4002167628
1317.3579582879,93.5769104127
1318.0719734415,93.6560725099
1318.7859885950,93.9525770551
1319.5000037486,94.1373832231
1320.2140189021,94.1160185224
1320.9280340557,94.2151863842
1321.6420492092,94.3183275044
1322.3560643628,94.3963788533
1323.0700795163,94.4839034347
1323.7840946698,94.5190283214
1324.4981098234,94.5857138723
1325.2121249769,94.6547050335
1325.9261401305,94.7050257914
1326.6401552840,94.6987275802
1327.3541704376,94.5868218292
1328.0681855911,94.5240862147
1328.7822007446,94.4372647645
1329.4962158982,94.2696170631
1330.2102310517,94.1108277375
1330.9242462053,93.8893547145
1331.6382613588,93.7255159091
1332.3522765124,93.5190593417
1333.0662916659,93.1273646011
1333.7803068195,92.9232072514
1334.4943219730,92.7546747068
1335.2083371265,92.4078510671
1335.9223522801,92.2950888341
1336.6363674336,92.2506421979
1337.3503825872,92.0033177732
1338.0643977407,91.9925885563
1338.7784128943,92.1114265986
1339.4924280478,92.1663406755
1340.2064432013,92.4858899456
1340.9204583549,92.5926562931
1341.6344735084,92.5124610136
1342.3484886620,92.9289586919
1343.0625038155,93.4053378544
1343.7765189691,93.6243021651
1344.4905341226,94.0944943002
1345.2045492761,94.4502655830
1345.9185644297,94.6400690237
1346.6325795832,95.0077764301
1347.3465947368,95.1512188769
1348.0606098903,95.2919257177
1348.7746250439,95.6037817345
1349.4886401974,95.6400053454
1350.2026553510,95.6576018783
1350.9166705045,95.7058734452
1351.6306856580,95.6516260240
1352.3447008116,95.7684790644
1353.0587159651,95.7689244924
1353.7727311187,95.6624443639
1354.4867462722,95.8138368940
1355.2007614258,95.8157906098
1355.9147765793,95.7334013025
1356.6287917328,95.8576997650
1357.3428068864,95.8227987256
1358.0568220399,95.8849991049
1358.7708371935,96.0450700638
1359.4848523470,95.7718245569
1360.1988675006,95.8077420537
1360.9128826541,96.2473341388
1361.6268978077,95.9233304420
1362.3409129612,95.9291822006
1363.0549281147,96.8491142477
1363.7689432683,96.4866351867
1364.4829584218,95.8475493342
1365.1969735754,95.9163985019
1365.9109887289,95.9766588371
1366.6250038825,95.8165901305
1367.3390190360,95.8328721506
1368.0530341895,96.0082531398
1368.7670493431,96.1778322148
1369.4810644966,96.0394054525
1370.1950796502,95.9724519419
1370.9090948037,96.3641723795
1371.6231099573,96.5339409768
1372.3371251108,96.4119592606
1373.0511402643,96.8030087361
1373.7651554179,97.4179630305
1374.4791705714,97.5930003137
1375.1931857250,97.7177350057
1375.9072008785,97.5946540522
1376.6212160321,97.4965955997
1377.3352311856,97.6948015378
1378.0492463392,97.8580849382
1378.7632614927,98.0029309711
1379.4772766462,98.2409440218
1380.1912917998,98.3996469728
1380.9053069533,98.5593189852
1381.6193221069,98.7088271598
1382.3333372604,98.7966760593
1383.0473524140,98.8441063655
1383.7613675675,98.7520743011
1384.4753827210,98.7725831720
1385.1893978746,98.9291761782
1385.9034130281,98.9058279786
1386.6174281817,99.1570991327
1387.3314433352,100.0059885416
1388.0454584888,99.8257315842
1388.7594736423,99.2115571705
1389.4734887959,99.0923972915
1390.1875039494,99.0516484005
1390.9015191029,98.9453430680
1391.6155342565,99.0594805582
1392.3295494100,99.0547107935
1393.0435645636,98.7700270431
1393.7575797171,98.8810006521
1394.4715948707,99.7346606577
1395.1856100242,99.5612617240
1395.8996251777,98.7639652296
1396.6136403313,98.4131680914
1397.3276554848,98.1057954578
1398.0416706384,97.8232122940
1398.7556857919,98.2348186196
1399.4697009455,98.4061040049
1400.1837160990,97.4855374663
1400.8977312526,96.8399390656
1401.6117464061,96.6103529286
1402.3257615596,96.5179214763
1403.0397767132,96.1230849300
1403.7537918667,95.6782259311
1404.4678070203,95.8976575068
1405.1818221738,96.1581936097
1405.8958373274,95.3265382490
1406.6098524809,94.7722815233
1407.3238676344,94.6804874717
1408.0378827880,94.5213567785
1408.7518979415,94.3414183644
1409.4659130951,94.4979478004
1410.1799282486,94.5939687045
1410.8939434022,94.6186151407
1411.6079585557,94.9796265500
1412.3219737092,95.2042885176
1413.0359888628,95.4301254789
1413.7500040163,95.7142866042
1414.4640191699,95.8123217124
1415.1780343234,96.1230726101
1415.8920494770,96.1782454401
1416.6060646305,96.2689806840
1417.3200797841,96.8903502438
1418.0340949376,96.5729820000
1418.7481100911,96.8813008451
1419.4621252447,100.1070406432
1420.1761403982,97.1940894538
1420.8901555518,96.1918294823
1421.6041707053,96.3561250760
1422.3181858589,96.0736808682
1423.0322010124,96.1060656881
1423.7462161659,97.0254679022
1424.4602313195,96.4591476081
1425.1742464730,95.9595862519
1425.8882616266,96.0531377714
1426.6022767801,95.7987966617
1427.3162919337,95.7862966758
1428.0303070872,95.8430751192
1428.7443222408,95.5826304243
1429.4583373943,96.0774023339
1430.1723525478,96.6101550160
1430.8863677014,95.8779065322
1431.6003828549,95.6763182303
1432.3143980085,95.8814769266
1433.0284131620,95.8280780461
1433.7424283156,95.9010713070
1434.4564434691,95.9647579026
1435.1704586226,95.7697338048
1435.8844737762,96.0220631585
1436.5984889297,98.5607297581
1437.3125040833,97.5651317065
1438.0265192368,96.2427645531
1438.7405343904,95.9169810058
1439.4545495439,96.0950241613
1440.1685646974,96.0367072945
1440.8825798510,95.9892897229
1441.5965950045,96.1282839103
1442.3106101581,96.1549070042
1443.0246253116,96.2229348065
1443.7386404652,96.1930835257
1444.4526556187,96.0741102040
1445.1666707723,96.2694301539
1445.8806859258,96.2779831332
1446.5947010793,96.0123066335
1447.3087162329,96.4714748752
1448.0227313864,97.3032522706
1448.7367465400,96.5505993577
1449.4507616935,96.1121920260
1450.1647768471,96.2694343538
1450.8787920006,96.1819524002
1451.5928071541,96.2534166741
1452.3068223077,96.7912128602
1453.0208374612,96.4756916509
1453.7348526148,96.1938090374
1454.4488677683,96.8562232189
1455.1628829219,97.1354690323
1455.8768980754,97.0798550391
1456.5909132290,99.6332482846
1457.3049283825,99.2983084944
1458.0189435360,98.2769642262
1458.7329586896,98.4649295295
1459.4469738431,97.8667267474
1460.1609889967,97.2589214998
1460.8750041502,97.0441873189
1461.5890193038,97.0187879296
1462.3030344573,97.2300828035
1463.0170496108,97.2170795964
1463.7310647644,96.9995358020
1464.4450799179,97.8247612644
1465.1590950715,98.9129786672
1465.8731102250,97.3429399244
1466.5871253786,96.6749379092
1467.3011405321,96.8672365255
1468.0151556856,96.7867420777
1468.7291708392,96.6589710079
1469.4431859927,96.8850500809
1470.1572011463,96.6860040106
1470.8712162998,96.7772708973
1471.5852314534,98.4162600145
1472.2992466069,98.8002579873
1473.0132617605,98.4995968534
1473.7272769140,99.2818639941
1474.4412920675,97.8479504181
1475.1553072211,97.0914071528
1475.8693223746,98.1974992967
1476.5833375282,98.8441154455
1477.2973526817,97.4118814452
1478.0113678353,97.1058793833
1478.7253829888,97.4424530634
1479.4393981423,97.2881692214
1480.1534132959,97.1879377109
1480.8674284494,97.6644888492
1481.5814436030,97.8138814816
1482.2954587565,97.5559082003
1483.0094739101,97.5990841845
1483.7234890636,97.7538716782
1484.4375042172,97.8758182505
1485.1515193707,97.9986536062
1485.8655345242,97.9675706417
1486.5795496778,98.3719659504
1487.2935648313,99.2695360829
1488.0075799849,98.7137148643
1488.7215951384,98.2422536841
1489.4356102920,99.0543444124
1490.1496254455,100.0622854173
1490.8636405990,99.4388913118
1491.5776557526,98.7911848834
1492.2916709061,98.2237856549
1493.0056860597,98.0344318737
1493.7197012132,98.3114162166
1494.4337163668,98.2303629751
1495.1477315203,98.0307066327
1495.8617466738,99.4486015386
1496.5757618274,100.5340520488
1497.2897769809,98.3950499768
1498.0037921345,97.9702338305
1498.7178072880,99.6606602825
1499.4318224416,98.9013352922
1500.1458375951,97.6919819311
1500.8598527487,97.6575777886
1501.5738679022,97.8100816578
1502.2878830557,97.5978560514
1503.0018982093,97.4789929763
1503.7159133628,97.1047222512
1504.4299285164,97.0536962481
1505.1439436699,98.5686106383
1505.8579588235,100.7171031352
1506.5719739770,100.2659411123
1507.2859891305,100.7232002302
1508.0000042841,99.7335860730
1508.7140194376,98.7139508992
1509.4280345912,98.5664346998
1510.1420497447,98.4649423882
1510.8560648983,97.8014553055
1511.5700800518,97.7503259928
1512.2840952054,98.9207684873
1512.9981103589,98.4178869123
1513.7121255124,97.6163744865
1514.4261406660,98.0224167405
1515.1401558195,98.4844460482
1515.8541709731,98.0535270150
1516.5681861266,99.1185863407
1517.2822012802,101.1064167485
1517.9962164337,98.7976818795
1518.7102315872,97.7444678692
1519.4242467408,97.6440032700
1520.1382618943,98.5974155508
1520.8522770479,100.5654665696
1521.5662922014,99.3694577227
1522.2803073550,99.2208428661
1522.9943225085,99.2717280848
1523.7083376621,97.6640319386
1524.4223528156,97.3041788672
1525.1363679691,98.9399735432
1525.8503831227,98.5615904118
1526.5643982762,97.6017931278
1527.2784134298,97.8412162244
1527.9924285833,98.1057869840
1528.7064437369,98.0561580591
1529.4204588904,97.7103733639
1530.1344740439,97.0503203952
1530.8484891975,97.2407840132
1531.5625043510,97.7042965583
1532.2765195046,97.1840237055
1532.9905346581,97.9813138680
1533.7045498117,100.8338209189
1534.4185649652,98.3132708595
1535.1325801187,97.3062682633
1535.8465952723,97.4472798257
1536.5606104258,97.2388365032
1537.2746255794,97.1999536571
1537.9886407329,97.7985756013
1538.7026558865,99.2655500132
1539.4166710400,102.8010073833
1540.1306861936,100.9152690545
1540.8447013471,98.4663749321
1541.5587165006,98.2694070379
1542.2727316542,99.5919534789
1542.9867468077,98.5110184355
1543.7007619613,97.3444076176
1544.4147771148,97.2544727344
1545.1287922684,98.5945418196
1545.8428074219,97.8619975626
1546.5568225754,96.7973396973
1547.2708377290,96.8675566017
1547.9848528825,97.0411996727
1548.6988680361,96.7193907756
1549.4128831896,97.2964203070
1550.1268983432,98.2975821476
1550.8409134967,97.1566911494
1551.5549286503,96.7573134063
1552.2689438038,96.9878611197
1552.9829589573,96.8559418181
1553.6969741109,97.4263593483
1554.4109892644,99.6583758850
1555.1250044180,97.8867254011
1555.8390195715,96.9343207522
1556.5530347251,97.1285066694
1557.2670498786,98.3023706696
1557.9810650321,103.2955058301
1558.6950801857,100.2563050332
1559.4090953392,99.2881364400
1560.1231104928,104.5751718652
1560.8371256463,98.6837306176
1561.5511407999,96.9656684428
1562.2651559534,96.8599487247
1562.9791711069,96.8363355960
1563.6931862605,96.5590425103
1564.4072014140,97.4114983517
1565.1212165676,97.9388623057
1565.8352317211,97.0553198272
1566.5492468747,96.8766645719
1567.2632620282,96.9385084684
1567.9772771818,96.7249851422
1568.6912923353,97.2798240338
1569.4053074888,99.4074602219
1570.1193226424,98.7179803951
1570.8333377959,97.1416101165
1571.5473529495,96.8149387924
1572.2613681030,96.8850566845
1572.9753832566,96.7528579582
1573.6893984101,96.7635294463
1574.4034135636,96.7795807419
1575.1174287172,96.8237642178
1575.8314438707,99.2710936888
1576.5454590243,100.1242430442
1577.2594741778,97.5781751644
1577.9734893314,96.9521862777
1578.6875044849,96.8299217469
1579.4015196385,96.7104263581
1580.1155347920,96.7043976672
1580.8295499455,96.6454744263
1581.5435650991,96.7092416547
1582.2575802526,96.9116071098
1582.9715954062,96.8491614281
1583.6856105597,96.9043710498
1584.3996257133,97.0174331850
1585.1136408668,96.8502211434
1585.8276560203,96.8559862364
1586.5416711739,96.9691955031
1587.2556863274,96.9495072850
1587.9697014810,96.9490798287
1588.6837166345,96.8734727849
1589.3977317881,96.9130888347
1590.1117469416,97.0615307385
1590.8257620951,96.9622048886
1591.5397772487,96.9235803585
1592.2537924022,96.9594051045
1592.9678075558,96.8428495219
1593.6818227093,96.9667911920
1594.3958378629,97.2329406813
1595.1098530164,97.1017404205
1595.8238681700,96.9336034203
1596.5378833235,97.0356431658
1597.2518984770,97.0486898435
1597.9659136306,96.9236925672
1598.6799287841,96.9637589381
1599.3939439377,96.9850529788
1600.1079590912,96.9430257564
1600.8219742448,97.0915014069
1601.5359893983,97.0355779297
1602.2500045518,96.9085437099
1602.9640197054,97.2123564315
1603.6780348589,97.2039535555
1604.3920500125,96.8877516976
1605.1060651660,96.9865731075
1605.8200803196,97.0322000865
1606.5340954731,97.0179780234
1607.2481106267,97.2055267498
1607.9621257802,97.0330263001
1608.6761409337,97.0728084750
1609.3901560873,97.5102851837
1610.1041712408,97.2156804991
1610.8181863944,96.8702492001
1611.5322015479,97.0328228219
1612.2462167015,97.0095777549
1612.9602318550,96.8713655121
1613.6742470085,96.9755476294
1614.3882621621,96.9951772333
1615.1022773156,96.8618106963
1615.8162924692,97.2763744144
1616.5303076227,100.5604325505
1617.2443227763,99.3214517150
1617.9583379298,97.1690437253
1618.6723530833,96.7681648601
1619.3863682369,96.7691325656
1620.1003833904,96.3988900083
1620.8143985440,96.4463929207
1621.5284136975,96.5313607467
1622.2424288511,96.3432172581
1622.9564440046,97.5907753263
1623.6704591582,98.7301312675
1624.3844743117,96.6868963885
1625.0984894652,96.1670330248
1625.8125046188,96.2982855150
1626.5265197723,95.9374526677
1627.2405349259,96.3561192039
1627.9545500794,97.2599286634
1628.6685652330,96.3487928168
1629.3825803865,95.9058762268
1630.0965955400,96.0110751583
1630.8106106936,95.8700055844
1631.5246258471,95.8954564110
1632.2386410007,96.0046097434
1632.9526561542,95.8754113557
1633.6666713078,95.7668385416
1634.3806864613,96.1103110681
1635.0947016149,99.9723616087
1635.8087167684,99.8148382116
1636.5227319219,96.5201973380
1637.2367470755,96.6890133382
1637.9507622290,96.8553469423
1638.6647773826,95.6158880076
1639.3787925361,95.4857380387
1640.0928076897,95.7241208076
1640.8068228432,95.4547696203
1641.5208379967,95.6576414494
1642.2348531503,95.7094406928
1642.9488683038,95.5294484655
1643.6628834574,95.6833996788
1644.3768986109,95.3523928591
1645.0909137645,95.6075882650
1645.8049289180,98.2806907693
1646.5189440715,97.0796130700
1647.2329592251,96.6164492100
1647.9469743786,98.1605145324
1648.6609895322,96.7180106643
1649.3750046857,95.6542868096
1650.0890198393,95.5536736470
1650.8030349928,95.4582611958
1651.5170501464,95.7112641163
1652.2310652999,98.4199669880
1652.9450804534,104.8098987413
1653.6590956070,98.8931508240
1654.3731107605,98.0502016684
1655.0871259141,96.5699869859
1655.8011410676,95.5270152957
1656.5151562212,95.2672579448
1657.2291713747,95.3471888258
1657.9431865282,95.2415814228
1658.6572016818,95.1588996468
1659.3712168353,95.0573777240
1660.0852319889,95.0546490195
1660.7992471424,95.3746778518
1661.5132622960,95.3229178906
1662.2272774495,95.6249540645
1662.9412926031,97.0554249740
1663.6553077566,95.6956136048
1664.3693229101,94.9379055098
1665.0833380637,95.1888444614
1665.7973532172,94.9119273729
1666.5113683708,94.8186038889
1667.2253835243,95.1320056769
1667.9393986779,94.7909011220
1668.6534138314,96.0567460841
1669.3674289849,98.6693854698
1670.0814441385,95.4631160490
1670.7954592920,95.1923679169
1671.5094744456,96.3899306903
1672.2234895991,95.3806315168
1672.9375047527,94.8029576774
1673.6515199062,94.6652094697
1674.3655350598,94.6421770846
1675.0795502133,97.3829691210
1675.7935653668,97.0291635433
1676.5075805204,94.7148868018
1677.2215956739,94.4778631328
1677.9356108275,94.7044795641
1678.6496259810,94.3748319664
1679.3636411346,94.5517363002
1680.0776562881,95.2799303747
1680.7916714416,94.9748742897
1681.5056865952,94.2568239001
1682.2197017487,94.2029183744
1682.9337169023,95.3491528492
1683.6477320558,97.0983593468
1684.3617472094,98.6393649721
1685.0757623629,97.8211169645
1685.7897775164,95.3867011341
1686.5037926700,94.0874677707
1687.2178078235,93.7731478455
1687.9318229771,94.2864752440
1688.6458381306,94.1157035439
1689.3598532842,93.8598616428
1690.0738684377,94.1933234229
1690.7878835913,93.9898760972
1691.5018987448,93.4585953353
1692.2159138983,93.3408382212
1692.9299290519,93.3554374607
1693.6439442054,93.2756936069
1694.3579593590,93.0413785943
1695.0719745125,93.5096295924
1695.7859896661,99.2229178284
1696.5000048196,94.7843860655
1697.2140199731,93.0634964681
1697.9280351267,92.8564742145
1698.6420502802,92.2471915583
1699.3560654338,91.9768732823
1700.0700805873,136.5374452496
1700.7840957409,97.0839217532
1701.4981108944,92.3436741047
1702.2121260480,91.2898452929
1702.9261412015,90.4146044992
1703.6401563550,90.5542699332
1704.3541715086,91.4352632632
1705.0681866621,90.4539177246
1705.7822018157,90.1245799767
1706.4962169692,91.1296192290
1707.2102321228,90.2412665394
1707.9242472763,89.2549726953
1708.6382624298,89.0163750441
1709.3522775834,88.9657723059
1710.0662927369,89.1852831835
1710.7803078905,89.3193249974
1711.4943230440,88.7738239764
1712.2083381976,88.7318664634
1712.9223533511,89.1688125370
1713.6363685046,89.1061297395
1714.3503836582,89.6895541245
1715.0643988117,90.9320245678
1715.7784139653,90.0471026085
1716.4924291188,89.6363864412
1717.2064442724,90.9742653086
1717.9204594259,92.8433359858
1718.6344745795,92.1201625939
1719.3484897330,91.1942974846
1720.0625048865,90.5700281024
1720.7765200401,90.6466429702
1721.4905351936,91.0824864367
1722.2045503472,91.1507890155
1722.9185655007,91.4901968454
1723.6325806543,92.1422791982
1724.3465958078,91.9902022832
1725.0606109613,92.0551751818
1725.7746261149,92.4619073106
1726.4886412684,92.4132891974
1727.2026564220,92.7071485824
1727.9166715755,93.0809785610
1728.6306867291,92.9298274540
1729.3447018826,93.6090145282
1730.0587170362,94.7872069277
1730.7727321897,94.2522776655
1731.4867473432,93.9644484626
1732.2007624968,94.2686252421
1732.9147776503,94.9117491185
1733.6287928039,96.4983466202
1734.3428079574,98.2875230183
1735.0568231110,97.2527151151
1735.7708382645,95.8532305315
1736.4848534180,95.3772428089
1737.1988685716,96.0536351844
1737.9128837251,96.1763177704
1738.6268988787,95.8269695975
1739.3409140322,97.2326212888
1740.0549291858,98.8299537283
1740.7689443393,97.4192554799
1741.4829594928,96.8592204530
1742.1969746464,97.2211855728
1742.9109897999,98.1171797067
1743.6250049535,98.3914080322
1744.3390201070,98.0206483876
1745.0530352606,97.9512965517
1745.7670504141,98.0949778148
1746.4810655677,98.5539534432
1747.1950807212,98.8518121006
1747.9090958747,98.7545526754
1748.6231110283,99.6814805127
1749.3371261818,99.5492983895
1750.0511413354,98.3966542406
1750.7651564889,99.1457438335
1751.4791716425,101.2464581995
1752.1931867960,99.3334200636
1752.9072019495,98.7065737154
1753.6212171031,98.7659151021
1754.3352322566,98.7613422538
1755.0492474102,98.7263295872
1755.7632625637,98.6520625133
1756.4772777173,99.4370628746
1757.1912928708,100.2338636102
1757.9053080244,99.0752955678
1758.6193231779,98.7594694715
1759.3333383314,99.2683207478
1760.0473534850,98.7983166824
1760.7613686385,98.7070133610
1761.4753837921,100.2639817679
1762.1893989456,100.2509928203
1762.9034140992,99.0919950662
1763.6174292527,98.9027619615
1764.3314444062,99.0301533687
1765.0454595598,98.9629372980
1765.7594747133,98.9574160370
1766.4734898669,98.8399456883
1767.1875050204,98.7525610568
1767.9015201740,99.7402249817
1768.6155353275,100.2490725666
1769.3295504810,98.9296425376
1770.0435656346,98.8012393317
1770.7575807881,100.0044745622
1771.4715959417,100.0238460681
1772.1856110952,100.3386531569
1772.8996262488,101.4462338655
1773.6136414023,99.5966100774
1774.3276565559,98.7721754197
1775.0416717094,99.0976059618
1775.7556868629,99.4365529162
1776.4697020165,99.0726998137
1777.1837171700,98.6942059521
1777.8977323236,98.7982950334
1778.6117474771,99.0831981781
1779.3257626307,98.8712737225
1780.0397777842,99.0552908451
1780.7537929377,99.7320158170
1781.4678080913,99.1686422038
1782.1818232448,98.7655575714
1782.8958383984,98.8445602906
1783.6098535519,98.6151936493
1784.3238687055,98.8074592723
1785.0378838590,99.4234154686
1785.7518990126,99.0108370414
1786.4659141661,98.7787274219
1787.1799293196,98.8458728796
1787.8939444732,98.8110158769
1788.6079596267,98.8972754545
1789.3219747803,98.6797491480
1790.0359899338,98.7008808855
1790.7500050874,99.4786302799
1791.4640202409,99.2359479214
1792.1780353944,99.3246023870
1792.8920505480,100.9062124506
1793.6060657015,99.5251591097
1794.3200808551,98.5688275500
1795.0340960086,98.9026178974
1795.7481111622,99.0780340106
1796.4621263157,98.8861097304
1797.1761414693,98.8466561652
1797.8901566228,98.4040106296
1798.6041717763,98.5411106324
1799.3181869299,99.5681946493
1800.0322020834,99.3118825881
1800.7462172370,98.6461168790
1801.4602323905,98.8331527148
1802.1742475441,99.1451282946
1802.8882626976,98.9324600460
1803.6022778511,98.6300525093
1804.3162930047,98.5213885093
1805.0303081582,98.6248230288
1805.7443233118,98.6690743660
1806.4583384653,98.5455418126
1807.1723536189,98.5698021607
1807.8863687724,98.8255015656
1808.6003839259,98.7334742857
1809.3143990795,98.5235052792
1810.0284142330,99.0152747668
1810.7424293866,99.4908503510
1811.4564445401,98.8994237662
1812.1704596937,98.6780900103
1812.8844748472,98.8835761625
1813.5984900008,98.6817010326
1814.3125051543,98.5365939041
1815.0265203078,98.6770851875
1815.7405354614,98.6739787126
1816.4545506149,98.6258050661
1817.1685657685,98.7051715381
1817.8825809220,98.7863997970
1818.5965960756,98.6606064742
1819.3106112291,98.4962101201
1820.0246263826,98.6847758396
1820.7386415362,98.7596198508
1821.4526566897,98.4622055452
1822.1666718433,98.5863306202
1822.8806869968,98.8405960456
1823.5947021504,98.4986869254
1824.3087173039,98.5781932768
1825.0227324575,99.7173308030
1825.7367476110,99.6100828992
1826.4507627645,98.6613364019
1827.1647779181,98.5029180053
1827.8787930716,98.6939130924
1828.5928082252,98.7127814750
1829.3068233787,99.3965068641
1830.0208385323,100.2967727396
1830.7348536858,99.3100395548
1831.4488688393,98.6288710823
1832.1628839929,98.5672147820
1832.8768991464,98.4884240636
1833.5909143000,98.4582110239
1834.3049294535,98.5695804108
1835.0189446071,98.5389755762
1835.7329597606,98.5147440946
1836.4469749141,98.6184241210
1837.1609900677,98.7353904744
1837.8750052212,98.6947944257
1838.5890203748,98.5793952824
1839.3030355283,98.7139924527
1840.0170506819,98.7122845867
1840.7310658354,98.4143725667
1841.4450809890,98.6171848419
1842.1590961425,98.8315650556
1842.8731112960,98.4338936370
1843.5871264496,98.9450684575
1844.3011416031,100.8767759186
1845.0151567567,99.5576468547
1845.7291719102,98.6974163404
1846.4431870638,98.6861927358
1847.1572022173,98.7132580621
1847.8712173708,98.8756119404
1848.5852325244,98.9664884783
1849.2992476779,98.6066363839
1850.0132628315,98.5158528059
1850.7272779850,98.6855352091
1851.4412931386,98.6472734524
1852.1553082921,98.6951566454
1852.8693234457,98.7314114781
1853.5833385992,98.6283537876
1854.2973537527,98.6343267992
1855.0113689063,98.6237461667
1855.7253840598,98.6163489981
1856.4393992134,98.6520209920
1857.1534143669,98.5668213328
1857.8674295205,98.6156999774
1858.5814446740,98.7853918330
1859.2954598275,98.7048650507
1860.0094749811,98.5138974616
1860.7234901346,98.4360589200
1861.4375052882,98.4946303466
1862.1515204417,98.6042404388
1862.8655355953,98.6670067594
1863.5795507488,98.7060330552
1864.2935659023,98.6276791430
1865.0075810559,98.5723087155
1865.7215962094,98.6623148478
1866.4356113630,98.7394754942
1867.1496265165,99.0406401066
1867.8636416701,99.3147094678
1868.5776568236,99.2638163166
1869.2916719772,99.6469903739
1870.0056871307,99.4837778703
1870.7197022842,98.6944699375
1871.4337174378,98.6122593816
1872.1477325913,98.8167492705
1872.8617477449,98.5646032375
1873.5757628984,98.6165573723
1874.2897780520,98.7027937779
1875.0037932055,98.6028094167
1875.7178083590,98.7375685650
1876.4318235126,98.6227100469
1877.1458386661,98.6241470950
1877.8598538197,98.8560699017
1878.5738689732,98.5257051177
1879.2878841268,98.4264974935
1880.0018992803,98.7043042376
1880.7159144339,98.5764213585
1881.4299295874,98.7166792462
1882.1439447409,98.8902970075
1882.8579598945,98.5782813251
1883.5719750480,98.6003498638
1884.2859902016,98.8679313552
1885.0000053551,98.8738244600
1885.7140205087,98.7238006364
1886.4280356622,98.6807670193
1887.1420508157,98.8092845242
1887.8560659693,98.5245600458
1888.5700811228,98.4703298433
1889.2840962764,99.4481252405
1889.9981114299,99.2753984291
1890.7121265835,98.4712315447
1891.4261417370,98.6921328831
1892.1401568905,98.6660071642
1892.8541720441,98.4814523784
1893.5681871976,98.7963268639
1894.2822023512,98.5585075132
1894.9962175047,98.5116537229
1895.7102326583,98.9068855337
1896.4242478118,98.5431211208
1897.1382629654,98.4876841286
1897.8522781189,98.7833223345
1898.5662932724,98.5819082373
1899.2803084260,98.6479957718
1899.9943235795,98.6397757735
1900.7083387331,98.3558443639
1901.4223538866,98.6144346929
1902.1363690402,98.7611041999
1902.8503841937,98.5673743076
1903.5643993472,98.5241149877
1904.2784145008,98.4588748125
1904.9924296543,98.7079208192
1905.7064448079,98.8747700421
1906.4204599614,98.4363205625
1907.1344751150,98.4662225829
1907.8484902685,98.7711137718
1908.5625054221,98.4842818547
1909.2765205756,98.5739309319
1909.9905357291,99.0426758780
1910.7045508827,98.8258448424
1911.4185660362,98.5328593193
1912.1325811898,98.6591545744
1912.8465963433,98.8694495796
1913.5606114969,98.9099405669
1914.2746266504,98.7670215677
1914.9886418039,98.8199413123
1915.7026569575,98.9814225518
1916.4166721110,98.6139399044
1917.1306872646,98.5111047504
1917.8447024181,99.5064678777
1918.5587175717,99.3966697170
1919.2727327252,98.3923647542
1919.9867478788,98.4104277423
1920.7007630323,98.7673118858
1921.4147781858,98.5899587766
1922.1287933394,98.7843476045
1922.8428084929,99.0593620505
1923.5568236465,98.7788624278
1924.2708388000,98.6750078952
1924.9848539536,98.6258022702
1925.6988691071,98.6271124831
1926.4128842606,98.7680500755
1927.1268994142,98.5514765838
1927.8409145677,98.3702148661
1928.5549297213,98.6475360534
1929.2689448748,98.8846394985
1929.9829600284,98.7845514032
1930.6969751819,98.4217153551
1931.4109903354,98.3399283450
1932.1250054890,98.5604082855
1932.8390206425,98.4596472843
1933.5530357961,98.5026173221
1934.2670509496,98.7766385650
1934.9810661032,98.5641222693
1935.6950812567,98.4523720454
1936.4090964103,98.6391756711
1937.1231115638,98.6584912241
1937.8371267173,98.8457505323
1938.5511418709,98.7607982387
1939.2651570244,98.3893474525
1939.9791721780,98.7118460448
1940.6931873315,98.8832655946
1941.4072024851,98.5021786666
1942.1212176386,99.0608757992
1942.8352327921,99.7708091413
1943.5492479457,98.9283796231
1944.2632630992,98.4340588536
1944.9772782528,98.6777339875
1945.6912934063,98.6736429756
1946.4053085599,98.5788835923
1947.1193237134,98.4076115284
1947.8333388670,98.0125347563
1948.5473540205,98.3787742753
1949.2613691740,98.9606755435
1949.9753843276,98.5008842745
1950.6893994811,98.3043029187
1951.4034146347,98.6850970015
1952.1174297882,98.5666767265
1952.8314449418,98.6855104219
1953.5454600953,98.9538281414
1954.2594752488,98.6570595009
1954.9734904024,98.7303550856
1955.6875055559,98.9631479191
1956.4015207095,98.7944661527
1957.1155358630,98.7995588858
1957.8295510166,98.6098118449
1958.5435661701,98.5225135092
1959.2575813236,99.0662999273
1959.9715964772,98.9062131584
1960.6856116307,98.5082051024
1961.3996267843,99.0768652846
1962.1136419378,99.2465481213
1962.8276570914,98.9354790301
1963.5416722449,99.1196413717
1964.2556873985,98.9366160296
1964.9697025520,98.5694774517
1965.6837177055,98.7395056561
1966.3977328591,98.4525316618
1967.1117480126,98.1062096737
1967.8257631662,98.7503916056
1968.5397783197,99.0165615281
1969.2537934733,98.7880388057
1969.9678086268,98.7200955960
1970.6818237803,98.4461624066
1971.3958389339,98.9815054277
1972.1098540874,100.0655890643
1972.8238692410,99.4928455479
1973.5378843945,98.7109545367
1974.2518995481,98.7825295748
1974.9659147016,98.4987196345
1975.6799298552,99.0215591203
1976.3939450087,99.8254686251
1977.1079601622,99.2133173538
1977.8219753158,99.0158470704
1978.5359904693,99.2680331000
1979.2500056229,98.8737987635
1979.9640207764,98.7105077852
1980.6780359300,98.3771007401
1981.3920510835,98.0640568984
1982.1060662370,98.2320611855
1982.8200813906,97.9467125601
1983.5340965441,97.8574140919
1984.2481116977,98.2853439204
1984.9621268512,98.3881089742
1985.6761420048,98.4870063841
1986.3901571583,98.3087069641
1987.1041723118,98.1495950144
1987.8181874654,98.7355902457
1988.5322026189,98.6626741495
1989.2462177725,98.2051008265
1989.9602329260,98.6315697436
1990.6742480796,98.7814277531
1991.3882632331,98.3180059638
1992.1022783867,98.0742295421
1992.8162935402,98.5142145088
1993.5303086937,98.9895586698
1994.2443238473,98.4388020238
1994.9583390008,98.1936298930
1995.6723541544,98.9788404226
1996.3863693079,98.6924448690
1997.1003844615,98.1923470085
1997.8143996150,98.5851706626
1998.5284147685,98.4709669760
1999.2424299221,98.6266251887
1999.9564450756,99.1729124068
2000.6704602292,98.8740337700
2001.3844753827,98.7873344915
2002.0984905363,99.0234415188
2002.8125056898,99.0709649792
2003.5265208434,99.1500789588
2004.2405359969,98.6999544857
2004.9545511504,98.6951263123
2005.6685663040,99.1429478975
2006.3825814575,98.5521985095
2007.0965966111,98.4650895292
2007.8106117646,98.8868204309
2008.5246269182,98.4534654511
2009.2386420717,98.7777331985
2009.9526572252,99.3468063323
2010.6666723788,98.7743323745
2011.3806875323,98.4262305763
2012.0947026859,98.4646241556
2012.8087178394,98.6461277059
2013.5227329930,99.1064670167
2014.2367481465,98.8927691945
2014.9507633000,98.2750861599
2015.6647784536,98.1528596963
2016.3787936071,98.6443593283
2017.0928087607,99.2776093401
2017.8068239142,99.2275533795
2018.5208390678,99.1281537118
2019.2348542213,99.1448724119
2019.9488693749,98.6232947459
2020.6628845284,98.7238696890
2021.3768996819,99.4050874000
2022.0909148355,99.2624717911
2022.8049299890,98.9563928355
2023.5189451426,98.8019528056
2024.2329602961,98.5039101133
2024.9469754497,98.6942288484
2025.6609906032,99.1266512058
2026.3750057567,99.0847110043
2027.0890209103,98.8053643574
2027.8030360638,98.7346717472
2028.5170512174,98.6310828325
2029.2310663709,98.1756650555
2029.9450815245,98.4654963131
2030.6590966780,99.4234235526
2031.3731118316,99.2149918034
2032.0871269851,98.5496241854
2032.8011421386,98.6268931741
2033.5151572922,98.6630439136
2034.2291724457,98.5552861284
2034.9431875993,98.3310325314
2035.6572027528,98.2489351959
2036.3712179064,98.9593842896
2037.0852330599,99.0219974189
2037.7992482134,98.1570879852
2038.5132633670,98.4939869478
2039.2272785205,99.2136157409
2039.9412936741,98.6533057525
2040.6553088276,98.2370902679
2041.3693239812,98.5612124804
2042.0833391347,98.5952229478
2042.7973542883,98.7441208831
2043.5113694418,99.0488089566
2044.2253845953,98.6694684402
2044.9393997489,98.3572265123
2045.6534149024,98.5613250605
2046.3674300560,98.2274707049
2047.0814452095,97.6089775688
2047.7954603631,97.6306332656
2048.5094755166,98.0814997317
2049.2234906701,98.5271337951
2049.9375058237,98.4304872009
2050.6515209772,98.0632777404
2051.3655361308,98.2718767386
2052.0795512843,98.5304200067
2052.7935664379,98.3578701895
2053.5075815914,98.2267222987
2054.2215967449,98.1600747661
2054.9356118985,98.1364877552
2055.6496270520,98.3187141155
2056.3636422056,98.5457047771
2057.0776573591,98.5480786403
2057.7916725127,98.2130854009
2058.5056876662,98.1715611846
2059.2197028198,98.5494493949
2059.9337179733,98.3437565079
2060.6477331268,97.9884507450
2061.3617482804,98.2288702875
2062.0757634339,98.3707034664
2062.7897785875,98.3606550150
2063.5037937410,98.2738611103
2064.2178088946,98.1108921447
2064.9318240481,98.5056650569
2065.6458392016,98.6226968896
2066.3598543552,98.0288873412
2067.0738695087,98.0806689376
2067.7878846623,98.4471098275
2068.5018998158,98.3007444063
2069.2159149694,98.2047629881
2069.9299301229,98.1875459272
2070.6439452765,98.2350641295
2071.3579604300,98.3977355320
2072.0719755835,98.1549006013
2072.7859907371,97.8815630835
2073.5000058906,98.1954801865
2074.2140210442,98.5920856820
2074.9280361977,98.4185712499
2075.6420513513,98.0397688109
2076.3560665048,98.1946102081
2077.0700816583,98.4194743794
2077.7840968119,98.2086223168
2078.4981119654,98.2470121793
2079.2121271190,98.4457080984
2079.9261422725,98.3128842618
2080.6401574261,98.2810097782
2081.3541725796,98.3340807197
2082.0681877331,98.3043041829
2082.7822028867,98.3703770056
2083.4962180402,98.3171719327
2084.2102331938,98.2423107006
2084.9242483473,98.3361387003
2085.6382635009,98.3392614328
2086.3522786544,98.3344409939
2087.0662938080,98.4178125357
2087.7803089615,98.4061389210
2088.4943241150,98.3997451862
2089.2083392686,98.5427007282
2089.9223544221,98.5666496741
2090.6363695757,98.2185106557
2091.3503847292,98.1452308795
2092.0643998828,98.6620672461
2092.7784150363,98.8065217251
2093.4924301898,98.5542035982
2094.2064453434,98.5539825702
2094.9204604969,98.2870982437
2095.6344756505,98.0877905515
2096.3484908040,98.4515825358
2097.0625059576,98.3669816391
2097.7765211111,97.9995502735
2098.4905362647,98.2728305353
2099.2045514182,98.5663941640
2099.9185665717,98.4156058748
2100.6325817253,98.3227894986
2101.3465968788,98.4119087240
2102.0606120324,98.4189513027
2102.7746271859,98.3797131089
2103.4886423395,98.5131624775
2104.2026574930,98.5919195695
2104.9166726465,98.4091257053
2105.6306878001,98.2327857704
2106.3447029536,98.1659934350
2107.0587181072,98.2724284841
2107.7727332607,98.4100304205
2108.4867484143,98.2245303546
2109.2007635678,98.0606350990
2109.9147787213,98.2705816294
2110.6287938749,98.5063550173
2111.3428090284,98.4234090471
2112.0568241820,98.1533638904
2112.7708393355,98.2508884643
2113.4848544891,98.4995374844
2114.1988696426,98.2471475992
2114.9128847962,98.1669829172
2115.6268999497,98.5219005362
2116.3409151032,98.5165462070
2117.0549302568,98.4282846880
2117.7689454103,98.5031721944
2118.4829605639,98.4731379196
2119.1969757174,98.5638363575
2119.9109908710,98.4880445392
2120.6250060245,98.3513839294
2121.3390211780,98.7506268470
2122.0530363316,98.8710012248
2122.7670514851,98.3765885675
2123.4810666387,98.2071121919
2124.1950817922,98.4090879744
2124.9090969458,98.6179933736
2125.6231120993,98.8012118586
2126.3371272529,98.8103315719
2127.0511424064,98.6717377777
2127.7651575599,98.6216783167
2128.4791727135,98.8784658692
2129.1931878670,99.0727818998
2129.9072030206,98.8735991900
2130.6212181741,98.8698596187
2131.3352333277,99.0483921343
2132.0492484812,99.0379110817
2132.7632636347,99.1162895961
2133.4772787883,99.0411061869
2134.1912939418,98.8637736013
2134.9053090954,99.0418101154
2135.6193242489,99.1332383903
2136.3333394025,98.9391910577
2137.0473545560,98.6159301315
2137.7613697095,98.5958347734
2138.4753848631,99.1427707794
2139.1894000166,99.1829711862
2139.9034151702,98.9092097038
2140.6174303237,99.1344091597
2141.3314454773,98.7011639280
2142.0454606308,98.2198174086
2142.7594757844,98.7307796605
2143.4734909379,99.0504070594
2144.1875060914,99.1681067206
2144.9015212450,99.0714221606
2145.6155363985,98.4930778962
2146.3295515521,99.1084563284
2147.0435667056,99.9252398318
2147.7575818592,99.0797652754
2148.4715970127,98.7571840013
2149.1856121662,99.4280299012
2149.8996273198,99.2111161800
2150.6136424733,98.7191833995
2151.3276576269,99.2394275753
2152.0416727804,99.7580082109
2152.7556879340,99.0326954072
2153.4697030875,98.4148866194
2154.1837182411,99.0246511192
2154.8977333946,99.6234687658
2155.6117485481,99.6470082201
2156.3257637017,99.3586990224
2157.0397788552,99.0514369550
2157.7537940088,99.7067717700
2158.4678091623,99.5685281629
2159.1818243159,98.1323057511
2159.8958394694,97.9773504274
2160.6098546229,98.0304055812
2161.3238697765,97.7102105094
2162.0378849300,98.1951710259
2162.7519000836,98.7175273523
2163.4659152371,98.6257540058
2164.1799303907,98.2426876627
2164.8939455442,98.2016606981
2165.6079606978,98.8541369544
2166.3219758513,98.9784319835
2167.0359910048,98.5287057666
2167.7500061584,98.3836573811
2168.4640213119,98.3784260032
2169.1780364655,98.7795608456
2169.8920516190,98.8175603443
2170.6060667726,98.3066368631
2171.3200819261,98.7183233565
2172.0340970796,98.9371437770
2172.7481122332,98.3522358703
2173.4621273867,98.3358118482
2174.1761425403,98.3563778521
2174.8901576938,98.4841365795
2175.6041728474,98.6623011813
2176.3181880009,98.0283367005
2177.0322031544,98.0115195232
2177.7462183080,98.4103567751
2178.4602334615,98.4635383550
2179.1742486151,99.0209708224
2179.8882637686,98.9538229499
2180.6022789222,98.7325790677
2181.3162940757,99.4632885206
2182.0303092293,99.0492543505
2182.7443243828,98.4924311478
2183.4583395363,98.6429703649
2184.1723546899,98.2457469334
2184.8863698434,98.6316843391
2185.6003849970,98.8155205989
2186.3144001505,97.9976353120
2187.0284153041,98.6775484218
2187.7424304576,99.0272147739
2188.4564456111,98.1170034679
2189.1704607647,98.5162916941
2189.8844759182,98.6750039272
2190.5984910718,98.0478459494
2191.3125062253,98.3486528080
2192.0265213789,98.5028845935
2192.7405365324,98.6059309372
2193.4545516860,99.1522999619
2194.1685668395,98.9932121237
2194.8825819930,98.6347079426
2195.5965971466,98.5090959575
2196.3106123001,98.3643890820
2197.0246274537,98.3770690763
2197.7386426072,98.6769403390
2198.4526577608,99.1956940052
2199.1666729143,98.9464624322
2199.8806880678,98.2726240705
2200.5947032214,98.6187561412
2201.3087183749,98.7140314768
2202.0227335285,98.2832957440
2202.7367486820,98.8283284494
2203.4507638356,99.1067290535
2204.1647789891,98.6651132854
2204.8787941426,98.6423427295
2205.5928092962,98.5370464961
2206.3068244497,98.4678663477
2207.0208396033,98.7869314385
2207.7348547568,98.5603568533
2208.4488699104,98.2263276271
2209.1628850639,98.6735614324
2209.8769002175,98.9393378656
2210.5909153710,98.5176792020
2211.3049305245,98.6303088045
2212.0189456781,99.1070208062
2212.7329608316,98.6498547457
2213.4469759852,98.3717844762
2214.1609911387,98.7972914136
2214.8750062923,98.7064901354
2215.5890214458,98.5979022479
2216.3030365993,98.5743774019
2217.0170517529,98.2233839988
2217.7310669064,98.4204688255
2218.4450820600,98.6439634282
2219.1590972135,98.5324314667
2219.8731123671,98.6461006419
2220.5871275206,98.3204106432
2221.3011426742,98.3174972711
2222.0151578277,98.6800903780
2222.7291729812,97.9698427790
2223.4431881348,97.8672864329
2224.1572032883,98.6675587446
2224.8712184419,98.2409521852
2225.5852335954,97.9017196733
2226.2992487490,98.6792099165
2227.0132639025,99.1148574393
2227.7272790560,98.9403124781
2228.4412942096,98.5350563201
2229.1553093631,98.5422690708
2229.8693245167,98.6129099008
2230.5833396702,98.3551280306
2231.2973548238,98.6125733965
2232.0113699773,98.6786639128
2232.7253851308,98.2106022683
2233.4394002844,98.3087999194
2234.1534154379,98.2954158652
2234.8674305915,98.1369625840
2235.5814457450,98.4506335621
2236.2954608986,98.4223073345
2237.0094760521,98.4913848301
2237.7234912057,98.7062544412
2238.4375063592,98.3667512964
2239.1515215127,98.3703350869
2239.8655366663,98.4692535031
2240.5795518198,98.3126124087
2241.2935669734,98.5695001280
2242.0075821269,98.6093597326
2242.7215972805,98.5430332362
2243.4356124340,98.5947904260
2244.1496275875,98.2512248607
2244.8636427411,98.3207541778
2245.5776578946,98.5151001937
2246.2916730482,98.2269520084
2247.0056882017,98.4040879936
2247.7197033553,98.4358706400
2248.4337185088,98.0416598576
2249.1477336624,98.2148241921
2249.8617488159,98.4417368931
2250.5757639694,98.4677790702
2251.2897791230,98.5720730227
2252.0037942765,98.4473357590
2252.7178094301,98.3388460349
2253.4318245836,98.3570974066
2254.1458397372,98.1881665941
2254.8598548907,98.0805807736
2255.5738700442,98.0372128339
2256.2878851978,98.0722449793
2257.0019003513,98.1725010778
2257.7159155049,98.0332233675
2258.4299306584,98.1744267656
2259.1439458120,98.4738564118
2259.8579609655,98.2494258259
2260.5719761190,98.1087574919
2261.2859912726,98.2772738280
2262.0000064261,98.3350528053
2262.7140215797,98.1689064140
2263.4280367332,97.9149646052
2264.1420518868,98.0697897218
2264.8560670403,98.2466578712
2265.5700821939,97.9474326751
2266.2840973474,97.8902774395
2266.9981125009,97.9825807831
2267.7121276545,97.9616707575
2268.4261428080,98.1270209839
2269.1401579616,98.0217415079
2269.8541731151,97.9239599126
2270.5681882687,98.1474813356
2271.2822034222,98.0649509288
2271.9962185757,97.8983720564
2272.7102337293,97.7686443384
2273.4242488828,97.6606690134
2274.1382640364,97.8905710253
2274.8522791899,97.8951812294
2275.5662943435,97.7643049218
2276.2803094970,97.9645655254
2276.9943246506,97.9188977247
2277.7083398041,97.8708749651
2278.4223549576,97.9765714453
2279.1363701112,97.9023441677
2279.8503852647,97.9898741781
2280.5644004183,97.8953596891
2281.2784155718,97.7580487923
2281.9924307254,98.0157947927
2282.7064458789,97.8441947925
2283.4204610324,97.6610581755
2284.1344761860,97.9423771742
2284.8484913395,97.8501955247
2285.5625064931,97.8743629116
2286.2765216466,98.0915393517
2286.9905368002,97.9621107458
2287.7045519537,98.0475383920
2288.4185671072,97.9968388649
2289.1325822608,97.8436981484
2289.8465974143,98.1147495563
2290.5606125679,97.9604657207
2291.2746277214,97.8678583720
2291.9886428750,98.2644257886
2292.7026580285,97.9404345796
2293.4166731821,97.6329823428
2294.1306883356,98.0549915606
2294.8447034891,98.1166788664
2295.5587186427,98.0490764152
2296.2727337962,98.1198560804
2296.9867489498,98.0366171194
2297.7007641033,98.0464479661
2298.4147792569,98.1250363690
2299.1287944104,98.1270144284
2299.8428095639,98.1192899732
2300.5568247175,98.2151873904
2301.2708398710,98.2545430716
2301.9848550246,98.1112006715
2302.6988701781,98.2551850631
2303.4128853317,98.2130911783
2304.1269004852,97.8634305459
2304.8409156388,98.2341717582
2305.5549307923,98.3498746059
2306.2689459458,97.8846449262
2306.9829610994,98.1581399501
2307.6969762529,98.1493882423
2308.4109914065,97.8338677431
2309.1250065600,98.2340603369
2309.8390217136,97.9950888333
2310.5530368671,97.8545084573
2311.2670520206,98.3315718907
2311.9810671742,97.8525469349
2312.6950823277,97.9058559378
2313.4090974813,98.3227400520
2314.1231126348,97.7235113282
2314.8371277884,97.9785919792
2315.5511429419,98.3083931907
2316.2651580955,97.8251745881
2316.9791732490,98.1033748787
2317.6931884025,97.9571222799
2318.4072035561,97.7870264680
2319.1212187096,98.4862740948
2319.8352338632,97.8844698838
2320.5492490167,97.7109785516
2321.2632641703,98.3095959739
2321.9772793238,97.7196834112
2322.6912944773,97.8431768713
2323.4053096309,98.1555563600
2324.1193247844,97.6057055902
2324.8333399380,98.1361503326
2325.5473550915,98.4088996303
2326.2613702451,98.0042270821
2326.9753853986,98.4911714438
2327.6894005521,98.3402764914
2328.4034157057,98.1287001952
2329.1174308592,98.5731936377
2329.8314460128,98.1428243045
2330.5454611663,98.0699455013
2331.2594763199,98.3025460835
2331.9734914734,97.9290791131
2332.6875066270,98.1466322186
2333.4015217805,98.2857050987
2334.1155369340,98.1133576614
2334.8295520876,98.2414186027
2335.5435672411,97.9011575956
2336.2575823947,97.9936340536
2336.9715975482,98.4818542268
2337.6856127018,98.1365781386
2338.3996278553,98.2564521764
2339.1136430088,98.3083870857
2339.8276581624,97.8036724015
2340.5416733159,98.1165665200
2341.2556884695,98.3220592926
2341.9697036230,98.1245067516
2342.6837187766,98.2678570297
2343.3977339301,98.0782309974
2344.1117490837,97.9803181325
2344.8257642372,98.1872386976
2345.5397793907,98.1977105641
2346.2537945443,98.3285771620
2346.9678096978,98.3357636651
2347.6818248514,98.3772408989
2348.3958400049,98.4790815944
2349.1098551585,98.2332021862
2349.8238703120,98.1735592866
2350.5378854655,98.3427988653
2351.2519006191,98.1304606260
2351.9659157726,98.2954466168
2352.6799309262,98.3478907102
2353.3939460797,97.9673211030
2354.1079612333,98.2283245953
2354.8219763868,98.3469542357
2355.5359915403,98.2020034979
2356.2500066939,98.3593360188
2356.9640218474,98.0664486870
2357.6780370010,97.9047500767
2358.3920521545,98.0781571837
2359.1060673081,98.0859794719
2359.8200824616,98.2610346981
2360.5340976152,98.1318354967
2361.2481127687,98.1252307303
2361.9621279222,98.3096034979
2362.6761430758,97.8455188924
2363.3901582293,97.7631250179
2364.1041733829,97.9270898145
2364.8181885364,97.7234703957
2365.5322036900,97.9526823303
2366.2462188435,97.8449771408
2366.9602339970,97.5030334372
2367.6742491506,97.8393086373
2368.3882643041,97.7619056459
2369.1022794577,97.5089761484
2369.8162946112,97.6883762730
2370.5303097648,97.5244664678
2371.2443249183,97.4814787291
2371.9583400719,97.6340830460
2372.6723552254,97.4579798651
2373.3863703789,97.5801342202
2374.1003855325,97.7014835333
2374.8144006860,97.5096178250
2375.5284158396,97.6763147145
2376.2424309931,97.8294695041
2376.9564461467,97.6927402124
2377.6704613002,97.6818626585
2378.3844764537,97.7290873775
2379.0984916073,97.8063108843
2379.8125067608,97.9113969221
2380.5265219144,97.9422441411
2381.2405370679,98.0352634334
2381.9545522215,98.1205199240
2382.6685673750,98.1333227964
2383.3825825285,98.1344844100
2384.0965976821,98.1189360168
2384.8106128356,98.1097937661
2385.5246279892,98.0978973795
2386.2386431427,98.1963353662
2386.9526582963,98.1586501348
2387.6666734498,98.2299453682
2388.3806886034,98.2354441576
2389.0947037569,98.2801551680
2389.8087189104,98.2542774093
2390.5227340640,98.2541904997
2391.2367492175,98.3283979448
2391.9507643711,98.3340369212
2392.6647795246,98.3568719765
2393.3787946782,98.3772452798
2394.0928098317,98.3406322895
2394.8068249852,98.3631888026
2395.5208401388,98.3646238093
2396.2348552923,98.2785686660
2396.9488704459,98.2317560890
2397.6628855994,98.3303178214
2398.3769007530,98.3928139506
2399.0909159065,98.4620189121
2399.8049310601,98.3465913254
2400.5189462136,98.4043480813
2401.2329613671,98.4811412065
2401.9469765207,98.5625197084
2402.6609916742,98.4934326293
2403.3750068278,98.3469928200
2404.0890219813,98.4750610513
2404.8030371349,98.4735771741
2405.5170522884,98.3949777395
2406.2310674419,98.4770568654
2406.9450825955,98.3565652553
2407.6590977490,98.3935264751
2408.3731129026,98.5181324899
2409.0871280561,98.3405659402
2409.8011432097,98.4515838133
2410.5151583632,98.5097471086
2411.2291735167,98.2401820762
2411.9431886703,98.4106351473
2412.6572038238,98.5389746239
2413.3712189774,98.3037732627
2414.0852341309,98.3231271707
2414.7992492845,98.3807629190
2415.5132644380,98.3922946216
2416.2272795916,98.4394148927
2416.9412947451,98.2802122917
2417.6553098986,98.2505934845
2418.3693250522,98.4324909089
2419.0833402057,98.5045576618
2419.7973553593,98.5453840619
2420.5113705128,98.5520221580
2421.2253856664,98.4736831611
2421.9394008199,98.3459301634
2422.6534159734,98.3430089319
2423.3674311270,98.5179556952
2424.0814462805,98.5131576130
2424.7954614341,98.3920796623
2425.5094765876,98.3914911626
2426.2234917412,98.3785590823
2426.9375068947,98.4073876547
2427.6515220483,98.3650053660
2428.3655372018,98.2691965384
2429.0795523553,98.3783249890
2429.7935675089,98.3807925219
2430.5075826624,98.3406988684
2431.2215978160,98.4348124734
2431.9356129695,98.3238017197
2432.6496281231,98.3252175771
2433.3636432766,98.4570454781
2434.0776584301,98.3925167411
2434.7916735837,98.4486512815
2435.5056887372,98.3420311965
2436.2197038908,98.1627607918
2436.9337190443,98.3871992437
2437.6477341979,98.3508374852
2438.3617493514,98.2664177409
2439.0757645050,98.5544527982
2439.7897796585,98.4374250842
2440.5037948120,98.2976710362
2441.2178099656,98.3917147959
2441.9318251191,98.2070033272
2442.6458402727,98.2865800369
2443.3598554262,98.4404479260
2444.0738705798,98.2154723216
2444.7878857333,98.2561387991
2445.5019008868,98.3639022607
2446.2159160404,98.3288610914
2446.9299311939,98.4419510803
2447.6439463475,98.3089853884
2448.3579615010,98.1442362285
2449.0719766546,98.3147681711
2449.7859918081,98.3737294164
2450.5000069616,98.3166890466
2451.2140221152,98.3800938656
2451.9280372687,98.4388384586
2452.6420524223,98.3470416305
2453.3560675758,98.2661448229
2454.0700827294,98.4050613442
2454.7840978829,98.4152095757
2455.4981130365,98.3115267215
2456.2121281900,98.4028311063
2456.9261433435,98.3126031125
2457.6401584971,98.2308204996
2458.3541736506,98.4169788979
2459.0681888042,98.3782475248
2459.7822039577,98.3278138454
2460.4962191113,98.3883299638
2461.2102342648,98.3375476357
2461.9242494183,98.4728814849
2462.6382645719,98.4901807688
2463.3522797254,98.3477399915
2464.0662948790,98.4755905666
2464.7803100325,98.4040174383
2465.4943251861,98.2713356236
2466.2083403396,98.4202584150
2466.9223554932,98.3768772623
2467.6363706467,98.3870423136
2468.3503858002,98.4924718593
2469.0644009538,98.3428591738
2469.7784161073,98.3950766980
2470.4924312609,98.5653387241
2471.2064464144,98.5067264308
2471.9204615680,98.4009837172
2472.6344767215,98.3179941596
2473.3484918750,98.4594774252
2474.0625070286,98.5402199091
2474.7765221821,98.2913450080
2475.4905373357,98.3272012540
2476.2045524892,98.4636724135
2476.9185676428,98.3752033864
2477.6325827963,98.4699539111
2478.3465979498,98.4869893082
2479.0606131034,98.4080912491
2479.7746282569,98.5023671008
2480.4886434105,98.4281235060
2481.2026585640,98.3594253031
2481.9166737176,98.4544340632
2482.6306888711,98.4170387558
2483.3447040247,98.3566276293
2484.0587191782,98.3385790469
2484.7727343317,98.3839906746
2485.4867494853,98.4404949037
2486.2007646388,98.3593311926
2486.9147797924,98.4060309876
2487.6287949459,98.4343278699
2488.3428100995,98.2926596841
2489.0568252530,98.3596760966
2489.7708404065,98.3815712460
2490.4848555601,98.2669919695
2491.1988707136,98.3264484278
2491.9128858672,98.3718462074
2492.6269010207,98.4650729972
2493.3409161743,98.4654877103
2494.0549313278,98.1914806677
2494.7689464814,98.2167810198
2495.4829616349,98.4018044466
2496.1969767884,98.3790903465
2496.9109919420,98.3826523014
2497.6250070955,98.2630705239
2498.3390222491,98.2249673328
2499.0530374026,98.4023269880
2499.7670525562,98.3740088562
2500.4810677097,98.3892446658
2501.1950828632,98.4243751397
2501.9090980168,98.3077030997
2502.6231131703,98.4004229111
2503.3371283239,98.3965260614
2504.0511434774,98.3260587943
2504.7651586310,98.4768532936
2505.4791737845,98.3966526980
2506.1931889380,98.3928667297
2506.9072040916,98.5067166580
2507.6212192451,98.2428977847
2508.3352343987,98.2436819971
2509.0492495522,98.4025841806
2509.7632647058,98.1896350848
2510.4772798593,98.2340007751
2511.1912950129,98.4126996074
2511.9053101664,98.3919450240
2512.6193253199,98.3930333771
2513.3333404735,98.2320491323
2514.0473556270,98.2448502896
2514.7613707806,98.5024800247
2515.4753859341,98.3807928851
2516.1894010877,98.2446302757
2516.9034162412,98.3853975624
2517.6174313947,98.4334997375
2518.3314465483,98.3625407664
2519.0454617018,98.2618596170
2519.7594768554,98.2986177659
2520.4734920089,98.3422792731
2521.1875071625,98.2591302419
2521.9015223160,98.4182240634
2522.6155374696,98.4814539910
2523.3295526231,98.2669587799
2524.0435677766,98.3358654673
2524.7575829302,98.3738927679
2525.4715980837,98.2546384218
2526.1856132373,98.3581522540
2526.8996283908,98.3408103865
2527.6136435444,98.2750194617
2528.3276586979,98.3818347054
2529.0416738514,98.3613012082
2529.7556890050,98.3432628995
2530.4697041585,98.3376996632
2531.1837193121,98.2743137201
2531.8977344656,98.3630419041
2532.6117496192,98.3826615586
2533.3257647727,98.3481216835
2534.0397799262,98.4640354021
2534.7537950798,98.4894473629
2535.4678102333,98.4169386481
2536.1818253869,98.3190891359
2536.8958405404,98.2537557136
2537.6098556940,98.2965312839
2538.3238708475,98.2335831792
2539.0378860011,98.2749588182
2539.7519011546,98.4980837128
2540.4659163081,98.4211868517
2541.1799314617,98.3267840084
2541.8939466152,98.3939643877
2542.6079617688,98.2850524430
2543.3219769223,98.2986674287
2544.0359920759,98.4291005778
2544.7500072294,98.4026638506
2545.4640223829,98.4634964759
2546.1780375365,98.4803917978
2546.8920526900,98.3748825149
2547.6060678436,98.3798733929
2548.3200829971,98.3579176652
2549.0340981507,98.3506209273
2549.7481133042,98.3600918924
2550.4621284578,98.2210646011
2551.1761436113,98.2645889721
2551.8901587648,98.4389466892
2552.6041739184,98.4011596142
2553.3181890719,98.4464963005
2554.0322042255,98.5664882831
2554.7462193790,98.4723626478
2555.4602345326,98.4111670466
2556.1742496861,98.4240484679
2556.8882648396,98.3337519945
2557.6022799932,98.3575713981
2558.3162951467,98.4914217343
2559.0303103003,98.4934334910
2559.7443254538,98.4642734349
2560.4583406074,98.4459071342
2561.1723557609,98.3554413433
2561.8863709144,98.3425182783
2562.6003860680,98.3879256307
2563.3144012215,98.3600522508
2564.0284163751,98.3470393637
2564.7424315286,98.3726596411
2565.4564466822,98.4519068730
2566.1704618357,98.5124431177
2566.8844769893,98.3883028428
2567.5984921428,98.3633467983
2568.3125072963,98.4738248829
2569.0265224499,98.3645310960
2569.7405376034,98.3412951815
2570.4545527570,98.4806967950
2571.1685679105,98.3658327824
2571.8825830641,98.3302109422
2572.5965982176,98.5477023211
2573.3106133711,98.5756369994
2574.0246285247,98.4530201811
2574.7386436782,98.3720559523
2575.4526588318,98.3718757140
2576.1666739853,98.4523756455
2576.8806891389,98.4413323380
2577.5947042924,98.3992871550
2578.3087194460,98.3921805710
2579.0227345995,98.3160228512
2579.7367497530,98.3096899266
2580.4507649066,98.3390799756
2581.1647800601,98.2983912739
2581.8787952137,98.3512807267
2582.5928103672,98.3758305314
2583.3068255208,98.3108950455
2584.0208406743,98.3349376472
2584.7348558278,98.3759149526
2585.4488709814,98.4777245573
2586.1628861349,98.5535749146
2586.8769012885,98.3558984997
2587.5909164420,98.3072192400
2588.3049315956,98.5304739892
2589.0189467491,98.4713449297
2589.7329619027,98.3295390322
2590.4469770562,98.4115758891
2591.1609922097,98.3905826659
2591.8750073633,98.3593699804
2592.5890225168,98.4284379231
2593.3030376704,98.3606050264
2594.0170528239,98.3661507882
2594.7310679775,98.4431787572
2595.4450831310,98.3056688774
2596.1590982845,98.2827296907
2596.8731134381,98.4096548921
2597.5871285916,98.3448724995
2598.3011437452,98.3507560352
2599.0151588987,98.4671879333
2599.7291740523,98.4160637434
2600.4431892058,98.3922055395
2601.1572043593,98.4451364737
2601.8712195129,98.4359447419
2602.5852346664,98.4318726922
2603.2992498200,98.4524975322
2604.0132649735,98.5270330014
2604.7272801271,98.5264981968
2605.4412952806,98.4044841341
2606.1553104342,98.4702097030
2606.8693255877,98.5506358305
2607.5833407412,98.4161239200
2608.2973558948,98.3408874915
2609.0113710483,98.3190978582
2609.7253862019,98.3586150362
2610.4394013554,98.4556948250
2611.1534165090,98.3740473998
2611.8674316625,98.4060591737
2612.5814468160,98.5394912863
2613.2954619696,98.4123304108
2614.0094771231,98.4145291635
2614.7234922767,98.4831361300
2615.4375074302,98.3424010337
2616.1515225838,98.4286084857
2616.8655377373,98.4847481924
2617.5795528909,98.2931666302
2618.2935680444,98.3709982078
2619.0075831979,98.4612693074
2619.7215983515,98.3759887271
2620.4356135050,98.4686156969
2621.1496286586,98.5114440005
2621.8636438121,98.4108010252
2622.5776589657,98.3753763724
2623.2916741192,98.3631756339
2624.0056892727,98.3991526527
2624.7197044263,98.4198643429
2625.4337195798,98.3672109697
2626.1477347334,98.3680257608
2626.8617498869,98.4046579113
2627.5757650405,98.4333600014
2628.2897801940,98.4140412548
2629.0037953475,98.3681414472
2629.7178105011,98.3686731034
2630.4318256546,98.3334318904
2631.1458408082,98.3681375401
2631.8598559617,98.4392103831
2632.5738711153,98.3280928871
2633.2878862688,98.3344695380
2634.0019014224,98.4325185239
2634.7159165759,98.3495190742
2635.4299317294,98.4153769586
2636.1439468830,98.4750756327
2636.8579620365,98.3180029679
2637.5719771901,98.3665129301
2638.2859923436,98.4129008611
2639.0000074972,98.3063131098
2639.7140226507,98.3776692235
2640.4280378042,98.3986088750
2641.1420529578,98.3586660804
2641.8560681113,98.4179399787
2642.5700832649,98.3481488516
2643.2840984184,98.3486123645
2643.9981135720,98.4722476110
2644.7121287255,98.4064450358
2645.4261438791,98.3454366550
2646.1401590326,98.3878421610
2646.8541741861,98.3886380490
2647.5681893397,98.3995198461
2648.2822044932,98.3850886744
2648.9962196468,98.3422166708
2649.7102348003,98.3197296928
2650.4242499539,98.3387484847
2651.1382651074,98.4351264884
2651.8522802609,98.4360664672
2652.5662954145,98.3495316188
2653.2803105680,98.3757818482
2653.9943257216,98.4138572976
2654.7083408751,98.4327783697
2655.4223560287,98.4621807289
2656.1363711822,98.4180532951
2656.8503863357,98.3996877048
2657.5644014893,98.4121104260
2658.2784166428,98.4147999374
2658.9924317964,98.4641059920
2659.7064469499,98.4482107605
2660.4204621035,98.4410655127
2661.1344772570,98.5193260582
2661.8484924106,98.4770935109
2662.5625075641,98.4315811489
2663.2765227176,98.4794940681
2663.9905378712,98.4314351616
2664.7045530247,98.4281385729
2665.4185681783,98.5460368204
2666.1325833318,98.5578435621
2666.8465984854,98.5086580582
2667.5606136389,98.5354467773
2668.2746287924,98.5254579157
2668.9886439460,98.4342476471
2669.7026590995,98.4603492506
2670.4166742531,98.5636551580
2671.1306894066,98.5111398525
2671.8447045602,98.4955437458
2672.5587197137,98.5939312533
2673.2727348673,98.5475233287
2673.9867500208,98.5294497213
2674.7007651743,98.5851966829
2675.4147803279,98.4795802155
2676.1287954814,98.4605466085
2676.8428106350,98.5763122416
2677.5568257885,98.5612408061
2678.2708409421,98.5314141008
2678.9848560956,98.5452949250
2679.6988712491,98.5458596613
2680.4128864027,98.5551366139
2681.1269015562,98.5071817767
2681.8409167098,98.4786591833
2682.5549318633,98.5070597474
2683.2689470169,98.5136295632
2683.9829621704,98.5556198056
2684.6969773239,98.5716574438
2685.4109924775,98.5604084809
2686.1250076310,98.5983942548
2686.8390227846,98.5405801790
2687.5530379381,98.4832503047
2688.2670530917,98.5497681426
2688.9810682452,98.5391168133
2689.6950833988,98.4915222460
2690.4090985523,98.4901294154
2691.1231137058,98.4594096122
2691.8371288594,98.4933081519
2692.5511440129,98.5471640618
2693.2651591665,98.5027792922
2693.9791743200,98.4788137837
2694.6931894736,98.5170504962
2695.4072046271,98.5090264503
2696.1212197806,98.4328332593
2696.8352349342,98.4212912029
2697.5492500877,98.4939106536
2698.2632652413,98.4919705449
2698.9772803948,98.4604818275
2699.6912955484,98.4475562097
2700.4053107019,98.4136323705
2701.1193258555,98.4916220664
2701.8333410090,98.5480480864
2702.5473561625,98.4551567970
2703.2613713161,98.4667421236
2703.9753864696,98.4813474950
2704.6894016232,98.4025952004
2705.4034167767,98.4629591116
2706.1174319303,98.4845321002
2706.8314470838,98.3906922593
2707.5454622373,98.4239347184
2708.2594773909,98.4717556078
2708.9734925444,98.4463120765
2709.6875076980,98.4121806441
2710.4015228515,98.3836598986
2711.1155380051,98.4583742834
2711.8295531586,98.5090752574
2712.5435683122,98.4242454308
2713.2575834657,98.3997291673
2713.9715986192,98.4263860936
2714.6856137728,98.4137816120
2715.3996289263,98.4075156078
2716.1136440799,98.3947913963
2716.8276592334,98.4233685035
2717.5416743870,98.4591553347
2718.2556895405,98.4037096200
2718.9697046940,98.3867884801
2719.6837198476,98.4386398699
2720.3977350011,98.4207400978
2721.1117501547,98.3891692474
2721.8257653082,98.4386649395
2722.5397804618,98.4811119887
2723.2537956153,98.4410413085
2723.9678107688,98.4023974690
2724.6818259224,98.4018980513
2725.3958410759,98.3793029671
2726.1098562295,98.3557325024
2726.8238713830,98.3562355857
2727.5378865366,98.3899138562
2728.2519016901,98.4323928480
2728.9659168437,98.3933179119
2729.6799319972,98.3805172978
2730.3939471507,98.4172087051
2731.1079623043,98.3285138252
2731.8219774578,98.3046914873
2732.5359926114,98.4054519793
2733.2500077649,98.3621648241
2733.9640229185,98.3406807749
2734.6780380720,98.4081988594
2735.3920532255,98.3641598758
2736.1060683791,98.3967472171
2736.8200835326,98.4832308911
2737.5340986862,98.4043653754
2738.2481138397,98.3437963517
2738.9621289933,98.3514030384
2739.6761441468,98.3395134346
2740.3901593004,98.3764495290
2741.1041744539,98.3989705915
2741.8181896074,98.3983613172
2742.5322047610,98.4368949030
2743.2462199145,98.4290566450
2743.9602350681,98.3948014144
2744.6742502216,98.4342719823
2745.3882653752,98.4901147828
2746.1022805287,98.4558334812
2746.8162956822,98.3998894094
2747.5303108358,98.4450777643
2748.2443259893,98.4714374071
2748.9583411429,98.4090471584
2749.6723562964,98.4074043423
2750.3863714500,98.4532911029
2751.1003866035,98.4742446942
2751.8144017570,98.4710301463
2752.5284169106,98.4296674379
2753.2424320641,98.4260337884
2753.9564472177,98.4340708261
2754.6704623712,98.4143406368
2755.3844775248,98.4754976819
2756.0984926783,98.5079754334
2756.8125078319,98.4678931488
2757.5265229854,98.5069533489
2758.2405381389,98.4967742060
2758.9545532925,98.4396445332
2759.6685684460,98.5114455713
2760.3825835996,98.5472681760
2761.0965987531,98.4787764541
2761.8106139067,98.4391734184
2762.5246290602,98.4322887630
2763.2386442137,98.4866807235
2763.9526593673,98.5411851000
2764.6666745208,98.4828567271
2765.3806896744,98.4252809780
2766.0947048279,98.4381631567
2766.8087199815,98.4377369047
2767.5227351350,98.4175143786
2768.2367502886,98.4354237118
2768.9507654421,98.4863166999
2769.6647805956,98.4864900352
2770.3787957492,98.4247659655
2771.0928109027,98.3791243386
2771.8068260563,98.3842672288
2772.5208412098,98.4256363616
2773.2348563634,98.4508994234
2773.9488715169,98.4445689120
2774.6628866704,98.4480887966
2775.3769018240,98.4575873558
2776.0909169775,98.4545781958
2776.8049321311,98.3995505561
2777.5189472846,98.3429523170
2778.2329624382,98.3888294429
2778.9469775917,98.3891767279
2779.6609927452,98.3340411033
2780.3750078988,98.4033501219
2781.0890230523,98.3987946213
2781.8030382059,98.3121372700
2782.5170533594,98.3985864474
2783.2310685130,98.4577571853
2783.9450836665,98.4270732670
2784.6590988201,98.4403277641
2785.3731139736,98.3626761008
2786.0871291271,98.3466804986
2786.8011442807,98.4469803859
2787.5151594342,98.3751729012
2788.2291745878,98.3230260441
2788.9431897413,98.4148599191
2789.6572048949,98.4000099853
2790.3712200484,98.3661811968
2791.0852352019,98.3724438210
2791.7992503555,98.3264051221
2792.5132655090,98.3380600643
2793.2272806626,98.3903391117
2793.9412958161,98.4022983271
2794.6553109697,98.4018392704
2795.3693261232,98.3804614404
2796.0833412768,98.3839858790
2796.7973564303,98.4024750405
2797.5113715838,98.3612733052
2798.2253867374,98.3277499964
2798.9394018909,98.3524966434
2799.6534170445,98.3869131024
2800.3674321980,98.3758112668
2801.0814473516,98.3293129076
2801.7954625051,98.3294053431
2802.5094776586,98.3407971605
2803.2234928122,98.3192543243
2803.9375079657,98.3230565275
2804.6515231193,98.3061153059
2805.3655382728,98.2733086768
2806.0795534264,98.2921809543
2806.7935685799,98.2800047878
2807.5075837334,98.2550211617
2808.2215988870,98.2934369373
2808.9356140405,98.3223108904
2809.6496291941,98.3244255379
2810.3636443476,98.2881630921
2811.0776595012,98.2276587634
2811.7916746547,98.2839825062
2812.5056898083,98.3630278085
2813.2197049618,98.2992317865
2813.9337201153,98.2562017263
2814.6477352689,98.2989634017
2815.3617504224,98.2953989273
2816.0757655760,98.3084345127
2816.7897807295,98.3392463751
2817.5037958831,98.2598549963
2818.2178110366,98.1950611686
2818.9318261901,98.2343193645
2819.6458413437,98.2468374415
2820.3598564972,98.2758862681
2821.0738716508,98.3630778414
2821.7878868043,98.3461257959
2822.5019019579,98.2534413317
2823.2159171114,98.2219118552
2823.9299322650,98.2148079965
2824.6439474185,98.1930008130
2825.3579625720,98.1666122816
2826.0719777256,98.1457270089
2826.7859928791,98.1672491382
2827.5000080327,98.2111973184
2828.2140231862,98.2120007234
2828.9280383398,98.1648326391
2829.6420534933,98.1322315028
2830.3560686468,98.1404517044
2831.0700838004,98.1530372553
2831.7840989539,98.1833042829
2832.4981141075,98.2173183061
2833.2121292610,98.1940364643
2833.9261444146,98.1575453129
2834.6401595681,98.1165856965
2835.3541747217,98.0637200759
2836.0681898752,98.0720010160
2836.7822050287,98.0730084731
2837.4962201823,98.0284620007
2838.2102353358,98.0360037885
2838.9242504894,98.0500727009
2839.6382656429,98.0325747424
2840.3522807965,97.9914667708
2841.0662959500,97.9151346969
2841.7803111035,97.8984953510
2842.4943262571,97.8932416789
2843.2083414106,97.8617992599
2843.9223565642,97.9390048085
2844.6363717177,97.9769517776
2845.3503868713,97.8941782905
2846.0644020248,97.8362684745
2846.7784171783,97.7250430754
2847.4924323319,97.6755915921
2848.2064474854,97.7604938666
2848.9204626390,97.6764558394
2849.6344777925,97.5790135751
2850.3484929461,97.6324374271
2851.0625080996,97.5977951553
2851.7765232532,97.6268874608
2852.4905384067,97.7180712680
2853.2045535602,97.6508207570
2853.9185687138,97.6978690985
2854.6325838673,97.8127904494
2855.3465990209,97.7695230135
2856.0606141744,97.8285850921
2856.7746293280,97.9157633377
2857.4886444815,97.8594071586
2858.2026596350,97.9000652657
2858.9166747886,97.9895097903
2859.6306899421,97.9915450569
2860.3447050957,98.0264645455
2861.0587202492,98.0750088973
2861.7727354028,98.1022094443
2862.4867505563,98.1294221200
2863.2007657099,98.1178193010
2863.9147808634,98.1478154614
2864.6287960169,98.2404804514
2865.3428111705,98.2442120304
2866.0568263240,98.2172871383
2866.7708414776,98.3327016648
2867.4848566311,98.4673580274
2868.1988717847,98.4660336262
2868.9128869382,98.4539735892
2869.6269020917,98.5048155674
2870.3409172453,98.5199793549
2871.0549323988,98.4969744300
2871.7689475524,98.5254336807
2872.4829627059,98.6059820430
2873.1969778595,98.6398672540
2873.9109930130,98.6229319813
2874.6250081665,98.6433992367
2875.3390233201,98.6749106696
2876.0530384736,98.6988215859
2876.7670536272,98.7353633660
2877.4810687807,98.7532172342
2878.1950839343,98.8527941149
2878.9090990878,99.0348584907
2879.6231142414,99.1020494896
2880.3371293949,99.1299473029
2881.0511445484,99.2568988900
2881.7651597020,99.4225649290
2882.4791748555,99.5718211080
2883.1931900091,99.5913778463
2883.9072051626,99.5199283390
2884.6212203162,99.5208475957
2885.3352354697,99.5135924619
2886.0492506232,99.4825110594
2886.7632657768,99.4911995594
2887.4772809303,99.5004150875
2888.1912960839,99.5546583886
2888.9053112374,99.5382158136
2889.6193263910,99.4091555636
2890.3333415445,99.4366733163
2891.0473566981,99.4957090965
2891.7613718516,99.3917047088
2892.4753870051,99.3492167574
2893.1894021587,99.3181480733
2893.9034173122,99.1700899875
2894.6174324658,99.1147547195
2895.3314476193,99.1748393130
2896.0454627729,99.1948180246
2896.7594779264,99.1249974829
2897.4734930799,99.0076428273
2898.1875082335,98.9837965307
2898.9015233870,99.0270662788
2899.6155385406,98.9719757885
2900.3295536941,98.9199640773
2901.0435688477,98.9973839024
2901.7575840012,99.0217672629
2902.4715991547,98.9311011573
2903.1856143083,98.9630011082
2903.8996294618,99.0643242758
2904.6136446154,98.9919351106
2905.3276597689,98.9151137141
2906.0416749225,98.9653475790
2906.7556900760,98.9646131240
2907.4697052296,98.9175700388
2908.1837203831,98.8929100998
2908.8977355366,98.8754433181
2909.6117506902,98.8633032193
2910.3257658437,98.8246680399
2911.0397809973,98.8498252320
2911.7537961508,98.9010316220
2912.4678113044,98.8248732412
2913.1818264579,98.8051425088
2913.8958416114,98.8347990217
2914.6098567650,98.7578484818
2915.3238719185,98.7833607422
2916.0378870721,98.8347407914
2916.7519022256,98.7924436697
2917.4659173792,98.8256579414
2918.1799325327,98.7523168488
2918.8939476863,98.6984064082
2919.6079628398,98.9079179910
2920.3219779933,98.8830472239
2921.0359931469,98.7358112308
2921.7500083004,98.9322618969
2922.4640234540,98.9928940136
2923.1780386075,98.8765129776
2923.8920537611,99.0362003870
2924.6060689146,99.1924683756
2925.3200840681,99.2109583695
2926.0340992217,99.2898720620
2926.7481143752,99.3260995973
2927.4621295288,99.3519239353
2928.1761446823,99.4595251792
2928.8901598359,99.5087410821
2929.6041749894,99.4952972030
2930.3181901429,99.5301206679
2931.0322052965,99.5947169791
2931.7462204500,99.6468434126
2932.4602356036,99.6749972602
2933.1742507571,99.6591920898
2933.8882659107,99.6744034761
2934.6022810642,99.7514897813
2935.3162962178,99.7202831803
2936.0303113713,99.6323793202
2936.7443265248,99.7308929178
2937.4583416784,99.9002237081
2938.1723568319,99.9640230747
2938.8863719855,99.9832403359
2939.6003871390,99.9620095286
2940.3144022926,99.9369994584
2941.0284174461,99.9882352326
2941.7424325996,100.0699663490
2942.4564477532,100.1521270561
2943.1704629067,100.2094323922
2943.8844780603,100.2117513610
2944.5984932138,100.2396337422
2945.3125083674,100.3824529924
2946.0265235209,100.6209973627
2946.7405386745,100.8397966861
2947.4545538280,100.9373270630
2948.1685689815,100.9206760324
2948.8825841351,100.9516384052
2949.5965992886,101.2087912629
2950.3106144422,101.4220048370
2951.0246295957,101.3212309298
2951.7386447493,101.3170006296
2952.4526599028,101.5635881478
2953.1666750563,101.6913635619
2953.8806902099,101.7119472531
2954.5947053634,101.7718304952
2955.3087205170,101.9037142570
2956.0227356705,102.1029273789
2956.7367508241,102.1499905474
2957.4507659776,102.1549944874
2958.1647811312,102.3531281450
2958.8787962847,102.4943284016
2959.5928114382,102.5537252368
2960.3068265918,102.6932783410
2961.0208417453,102.7585543519
2961.7348568989,102.7811958473
2962.4488720524,102.9022770042
2963.1628872060,103.0527687970
2963.8769023595,103.1858642849
2964.5909175130,103.3802551309
2965.3049326666,103.6949053717
2966.0189478201,103.8482977581
2966.7329629737,103.7736828472
2967.4469781272,103.9452492571
2968.1609932808,104.1482244163
2968.8750084343,104.1298391785
2969.5890235878,104.7992506299
2970.3030387414,106.0666347775
2971.0170538949,106.3107766666
2971.7310690485,105.5120512743
2972.4450842020,105.1417775499
2973.1590993556,105.2998508567
2973.8731145091,105.1967621826
2974.5871296627,105.0192408603
2975.3011448162,105.1858267319
2976.0151599697,105.4087794398
2976.7291751233,105.6399412833
2977.4431902768,106.0537595984
2978.1572054304,106.4075270520
2978.8712205839,106.8470468705
2979.5852357375,107.4260954590
2980.2992508910,107.6176483552
2981.0132660445,108.0474462026
2981.7272811981,108.9583001929
2982.4412963516,108.2873095087
2983.1553115052,106.0864726099
2983.8693266587,105.0012216446
2984.5833418123,104.8680091879
2985.2973569658,104.3808297735
2986.0113721194,104.1686616696
2986.7253872729,104.2041868577
2987.4394024264,103.9171760701
2988.1534175800,103.8112088101
2988.8674327335,103.8205035302
2989.5814478871,103.6725409175
2990.2954630406,103.6997596978
2991.0094781942,103.7270226468
2991.7234933477,103.6095022844
2992.4375085012,103.5286852264
2993.1515236548,103.4150727074
2993.8655388083,103.3309742396
2994.5795539619,103.2382166871
2995.2935691154,103.1007735444
2996.0075842690,103.0991383824
2996.7215994225,102.9709860330
2997.4356145760,102.7184732208
2998.1496297296,102.7030017245
2998.8636448831,102.6248424578
2999.5776600367,102.3997554167
3000.2916751902,102.3167081852
3001.0056903438,102.1653365347
3001.7197054973,101.9081174111
3002.4337206509,101.7294104571
3003.1477358044,101.5651652915
3003.8617509579,101.4118071471
3004.5757661115,101.2357179916
3005.2897812650,101.0289843784
3006.0037964186,100.8780476904
3006.7178115721,100.7120392177
3007.4318267257,100.5554178720
3008.1458418792,100.4213393959
3008.8598570327,100.2388455900
3009.5738721863,100.1912623910
3010.2878873398,100.2026170152
3011.0019024934,99.9949690915
3011.7159176469,99.8416849211
3012.4299328005,99.8887100370
3013.1439479540,99.7961209714
3013.8579631076,99.5782622408
3014.5719782611,99.4946207524
3015.2859934146,99.4914058702
3016.0000085682,99.4257477329
3016.7140237217,99.3663799377
3017.4280388753,99.3753605057
3018.1420540288,99.3108107823
3018.8560691824,99.1806471270
3019.5700843359,99.1842454900
3020.2840994894,99.2710037847
3020.9981146430,99.3088940993
3021.7121297965,99.2907066627
3022.4261449501,99.1904332845
3023.1401601036,99.1475093998
3023.8541752572,99.2170339560
3024.5681904107,99.1797105553
3025.2822055642,99.1530051650
3025.9962207178,99.2533927838
3026.7102358713,99.1631359979
3027.4242510249,99.0127092824
3028.1382661784,99.0647047610
3028.8522813320,99.0104239418
3029.5662964855,98.9492920149
3030.2803116391,99.1641450663
3030.9943267926,99.2323941115
3031.7083419461,99.0662088469
3032.4223570997,99.0147754225
3033.1363722532,99.0148073087
3033.8503874068,99.0881502479
3034.5644025603,99.1745946656
3035.2784177139,99.0634378150
3035.9924328674,99.0553792179
3036.7064480209,99.1507690780
3037.4204631745,99.0584570367
3038.1344783280,99.0482634348
3038.8484934816,99.0903982382
3039.5625086351,98.9609637139
3040.2765237887,98.9226965190
3040.9905389422,98.9609264150
3041.7045540958,98.9404617775
3042.4185692493,98.9211629735
3043.1325844028,98.8857640309
3043.8465995564,98.9689731696
3044.5606147099,99.0151553178
3045.2746298635,98.8707537444
3045.9886450170,98.9185569114
3046.7026601706,98.9561006225
3047.4166753241,98.8030657043
3048.1306904776,98.9496632526
3048.8447056312,99.0783567749
3049.5587207847,98.9104388155
3050.2727359383,98.9301674411
3050.9867510918,98.9524854341
3051.7007662454,98.8397916559
3052.4147813989,98.8636890296
3053.1287965524,98.8591295726
3053.8428117060,98.7977941887
3054.5568268595,98.6909044990
3055.2708420131,98.5749832639
3055.9848571666,98.7754244658
3056.6988723202,98.9496292950
3057.4128874737,98.8041674285
3058.1269026273,98.7843232361
3058.8409177808,98.8121803207
3059.5549329343,98.7468165657
3060.2689480879,98.7645209062
3060.9829632414,98.7238177897
3061.6969783950,98.7013467919
3062.4109935485,98.7298558627
3063.1250087021,98.6120596870
3063.8390238556,98.6141775585
3064.5530390091,98.7523007988
3065.2670541627,98.7201600212
3065.9810693162,98.6877981486
3066.6950844698,98.7291045794
3067.4090996233,98.7045929647
3068.1231147769,98.6005701843
3068.8371299304,98.4880983825
3069.5511450840,98.5710147071
3070.2651602375,98.7227608128
3070.9791753910,98.6304255041
3071.6931905446,98.5128531170
3072.4072056981,98.5497325526
3073.1212208517,98.5492254924
3073.8352360052,98.5011370497
3074.5492511588,98.5052239644
3075.2632663123,98.5475058629
3075.9772814658,98.6063260690
3076.6912966194,98.6221966044
3077.4053117729,98.5091421132
3078.1193269265,98.4119986926
3078.8333420800,98.5516705575
3079.5473572336,98.7148270354
3080.2613723871,98.6600757289
3080.9753875406,98.5663033056
3081.6894026942,98.5239268249
3082.4034178477,98.5309745539
3083.1174330013,98.5558035515
3083.8314481548,98.4676044399
3084.5454633084,98.4450620352
3085.2594784619,98.5321965798
3085.9734936155,98.5091136035
3086.6875087690,98.5302633577
3087.4015239225,98.5643527270
3088.1155390761,98.4815863717
3088.8295542296,98.5280785284
3089.5435693832,98.5229945395
3090.2575845367,98.3880537392
3090.9715996903,98.5072815449
3091.6856148438,98.6082684000
3092.3996299973,98.4591847751
3093.1136451509,98.4098654376
3093.8276603044,98.4596545899
3094.5416754580,98.4910004132
3095.2556906115,98.5017453680
3095.9697057651,98.4395655987
3096.6837209186,98.4446914562
3097.3977360722,98.5075054467
3098.1117512257,98.4911589496
3098.8257663792,98.4796024642
3099.5397815328,98.4914692312
3100.2537966863,98.4575603598
3100.9678118399,98.3845348938
3101.6818269934,98.3599281125
3102.3958421470,98.4088233627
3103.1098573005,98.4112413131
3103.8238724540,98.4305270435
3104.5378876076,98.4755671071
3105.2519027611,98.3575926222
3105.9659179147,98.2577390512
3106.6799330682,98.3092052575
3107.3939482218,98.3324864785
3108.1079633753,98.3467043625
3108.8219785289,98.3686796811
3109.5359936824,98.3733632674
3110.2500088359,98.3104610088
3110.9640239895,98.1598284295
3111.6780391430,98.2510014525
3112.3920542966,98.4096928196
3113.1060694501,98.2283742528
3113.8200846037,98.1644656385
3114.5340997572,98.2720271180
3115.2481149107,98.2680182054
3115.9621300643,98.4130248493
3116.6761452178,98.3818548230
3117.3901603714,98.1520431449
3118.1041755249,98.3279678872
3118.8181906785,98.4304599509
3119.5322058320,98.2286293410
3120.2462209855,98.2295639791
3120.9602361391,98.1844760738
3121.6742512926,98.1418683996
3122.3882664462,98.2784069893
3123.1022815997,98.1701969967
3123.8162967533,98.0928090379
3124.5303119068,98.2167954775
3125.2443270604,98.1539096514
3125.9583422139,98.1730335833
3126.6723573674,98.2833998257
3127.3863725210,98.1097182070
3128.1003876745,98.0046453115
3128.8144028281,98.1516160367
3129.5284179816,98.2189536803
3130.2424331352,98.1346433919
3130.9564482887,98.0774540080
3131.6704634422,98.1760943624
3132.3844785958,98.2459258295
3133.0984937493,98.0931344338
3133.8125089029,97.9896821508
3134.5265240564,98.0528967562
3135.2405392100,98.0129562874
3135.9545543635,97.9352417170
3136.6685695171,98.0358290704
3137.3825846706,98.0987944598
3138.0965998241,98.0126760859
3138.8106149777,98.0190881890
3139.5246301312,98.0420522434
3140.2386452848,97.9755097082
3140.9526604383,97.9800407642
3141.6666755919,97.9588405525
3142.3806907454,97.9516445369
3143.0947058989,98.0918105671
3143.8087210525,98.0563312020
3144.5227362060,97.9087636008
3145.2367513596,97.9456884231
3145.9507665131,97.9842118789
3146.6647816667,98.0225152380
3147.3787968202,98.0275537239
3148.0928119737,97.8826781779
3148.8068271273,97.8852843347
3149.5208422808,97.8899323589
3150.2348574344,97.7323567669
3150.9488725879,97.8269052066
3151.6628877415,97.9593699787
3152.3769028950,97.8665552896
3153.0909180486,97.8643933711
3153.8049332021,97.8413134271
3154.5189483556,97.7944657275
3155.2329635092,97.9208744773
3155.9469786627,97.9057381545
3156.6609938163,97.7981726527
3157.3750089698,97.8796508777
3158.0890241234,97.8937273000
3158.8030392769,97.7571268748
3159.5170544304,97.6771910646
3160.2310695840,97.6718049013
3160.9450847375,97.7148311380
3161.6590998911,97.7522888479
3162.3731150446,97.7021000756
3163.0871301982,97.6361314636
3163.8011453517,97.6698482961
3164.5151605053,97.7081207710
3165.2291756588,97.6488967151
3165.9431908123,97.6128933978
3166.6572059659,97.6331765880
3167.3712211194,97.6626815923
3168.0852362730,97.6733347883
3168.7992514265,97.5703518087
3169.5132665801,97.5322166364
3170.2272817336,97.6372278446
3170.9412968871,97.6124344365
3171.6553120407,97.5792641284
3172.3693271942,97.5946335884
3173.0833423478,97.4952976856
3173.7973575013,97.5130286337
3174.5113726549,97.5269174205
3175.2253878084,97.4506513755
3175.9394029619,97.5942912672
3176.6534181155,97.5225541596
3177.3674332690,97.3002278427
3178.0814484226,97.5761516128
3178.7954635761,97.6700578665
3179.5094787297,97.4019831991
3180.2234938832,97.5083534012
3180.9375090368,97.5762617555
3181.6515241903,97.4054989280
3182.3655393438,97.3713639893
3183.0795544974,97.2824455177
3183.7935696509,97.3041274669
3184.5075848045,97.4447788424
3185.2215999580,97.2892624617
3185.9356151116,97.2272409997
3186.6496302651,97.3972313836
3187.3636454186,97.3754711404
3188.0776605722,97.3020569865
3188.7916757257,97.3059212110
3189.5056908793,97.2833632561
3190.2197060328,97.2567105030
3190.9337211864,97.1918457363
3191.6477363399,97.1507818035
3192.3617514935,97.1755164459
3193.0757666470,97.1671995978
3193.7897818005,97.0774333175
3194.5037969541,96.9750174029
3195.2178121076,97.0685369105
3195.9318272612,97.1855560159
3196.6458424147,97.0835038761
3197.3598575683,97.1544125489
3198.0738727218,97.2625060592
3198.7878878753,97.0051039274
3199.5019030289,96.9334227997
3200.2159181824,97.0544249499
3200.9299333360,96.8552385439
3201.6439484895,96.7585947897
3202.3579636431,96.8873597468
3203.0719787966,96.8531977307
3203.7859939501,96.8927242743
3204.5000091037,97.0317189017
3205.2140242572,96.9558604957
3205.9280394108,96.8514144280
3206.6420545643,96.8675554633
3207.3560697179,96.8134733410
3208.0700848714,96.7232850408
3208.7841000250,96.7679115118
3209.4981151785,96.8403177236
3210.2121303320,96.8361694433
3210.9261454856,96.8286265695
3211.6401606391,96.6988997637
3212.3541757927,96.5644597361
3213.0681909462,96.7842938898
3213.7822060998,96.9127936660
3214.4962212533,96.5723343216
3215.2102364068,96.4400842489
3215.9242515604,96.6479248329
3216.6382667139,96.6663341387
3217.3522818675,96.5890773878
3218.0662970210,96.6087846734
3218.7803121746,96.5569688826
3219.4943273281,96.4379412193
3220.2083424817,96.3762261503
3220.9223576352,96.4141806968
3221.6363727887,96.5080625623
3222.3503879423,96.5148618364
3223.0644030958,96.3599209132
3223.7784182494,96.1910928728
3224.4924334029,96.1870542682
3225.2064485565,96.2269514254
3225.9204637100,96.1778172719
3226.6344788635,96.1730165296
3227.3484940171,96.1623342042
3228.0625091706,96.1036913947
3228.7765243242,96.1666579048
3229.4905394777,96.1979784884
3230.2045546313,96.1223634093
3230.9185697848,96.1062450601
3231.6325849384,96.0208179854
3232.3466000919,95.9582075169
3233.0606152454,96.0280806161
3233.7746303990,95.9250376561
3234.4886455525,95.8888931993
3235.2026607061,96.0790883770
3235.9166758596,95.9507409570
3236.6306910132,95.7113668682
3237.3447061667,95.8042475298
3238.0587213202,95.7882947956
3238.7727364738,95.6085737559
3239.4867516273,95.6744599115
3240.2007667809,95.7954107282
3240.9147819344,95.6547501880
3241.6287970880,95.4866398935
3242.3428122415,95.5928878231
3243.0568273950,95.6773231682
3243.7708425486,95.5205586233
3244.4848577021,95.5354156416
3245.1988728557,95.6446776012
3245.9128880092,95.4669400593
3246.6269031628,95.3300175699
3247.3409183163,95.3469546384
3248.0549334699,95.3644355871
3248.7689486234,95.4590172731
3249.4829637769,95.4105151495
3250.1969789305,95.2402898561
3250.9109940840,95.2406222147
3251.6250092376,95.1858907768
3252.3390243911,95.1050499010
3253.0530395447,95.1563009590
3253.7670546982,95.0943459205
3254.4810698517,95.0752150898
3255.1950850053,95.1579376738
3255.9091001588,95.0533281539
3256.6231153124,94.9649567565
3257.3371304659,94.9268545231
3258.0511456195,94.7859463441
3258.7651607730,94.8000214553
3259.4791759266,94.9159954808
3260.1931910801,94.9090445709
3260.9072062336,94.8154087792
3261.6212213872,94.7032242410
3262.3352365407,94.7669854727
3263.0492516943,94.8483242319
3263.7632668478,94.6931888697
3264.4772820014,94.6859246836
3265.1912971549,94.8016499897
3265.9053123084,94.7382741730
3266.6193274620,94.7706426960
3267.3333426155,94.7314821396
3268.0473577691,94.4695247805
3268.7613729226,94.5249562697
3269.4753880762,94.7020368822
3270.1894032297,94.5814044840
3270.9034183832,94.6023182931
3271.6174335368,94.7876085348
3272.3314486903,94.7175225469
3273.0454638439,94.6169539770
3273.7594789974,94.7022480045
3274.4734941510,94.6812421498
3275.1875093045,94.5600281812
3275.9015244581,94.6258381407
3276.6155396116,94.7026144352
3277.3295547651,94.5993729166
3278.0435699187,94.6145926155
3278.7575850722,94.6988224732
3279.4716002258,94.5890551177
3280.1856153793,94.5586112118
3280.8996305329,94.6560145918
3281.6136456864,94.5664986579
3282.3276608399,94.4756134763
3283.0416759935,94.5553049513
3283.7556911470,94.5839077078
3284.4697063006,94.6111930587
3285.1837214541,94.6884027463
3285.8977366077,94.6198504149
3286.6117517612,94.5730346762
3287.3257669148,94.6950325090
3288.0397820683,94.6905577829
3288.7537972218,94.5924988275
3289.4678123754,94.5968856929
3290.1818275289,94.5490597183
3290.8958426825,94.5700136580
3291.6098578360,94.7493756408
3292.3238729896,94.7383310107
3293.0378881431,94.6263025145
3293.7519032966,94.6283726627
3294.4659184502,94.6248644856
3295.1799336037,94.7146281198
3295.8939487573,94.7958429995
3296.6079639108,94.6312206165
3297.3219790644,94.5531893919
3298.0359942179,94.6992315820
3298.7500093714,94.7802757958
3299.4640245250,94.7639247497
3300.1780396785,94.7072734076
3300.8920548321,94.6527730241
3301.6060699856,94.6076218979
3302.3200851392,94.5532301083
3303.0341002927,94.6507769330
3303.7481154463,94.8099882465
3304.4621305998,94.7634045329
3305.1761457533,94.6937036927
3305.8901609069,94.7745572271
3306.6041760604,94.8257459091
3307.3181912140,94.8049271817
3308.0322063675,94.8949765903
3308.7462215211,95.0315993271
3309.4602366746,94.9206745293
3310.1742518281,94.7673185132
3310.8882669817,94.8426712955
3311.6022821352,94.8593244128
3312.3162972888,94.8548326080
3313.0303124423,95.0120828748
3313.7443275959,94.9893898626
3314.4583427494,94.8625559021
3315.1723579030,94.8730412217
3315.8863730565,94.8388174990
3316.6003882100,94.8647438499
3317.3144033636,94.9306193747
3318.0284185171,94.8028515796
3318.7424336707,94.7759615595
3319.4564488242,94.8933513345
3320.1704639778,94.8478701393
3320.8844791313,94.7980759106
3321.5984942848,94.8252445366
3322.3125094384,94.7258279242
3323.0265245919,94.6076864018
3323.7405397455,94.6663092471
3324.4545548990,94.7776389653
3325.1685700526,94.8413134352
3325.8825852061,94.9223324873
3326.5966003596,94.7862610075
3327.3106155132,94.4440229440
3328.0246306667,94.5030819002
3328.7386458203,94.8183550576
3329.4526609738,94.8229748071
3330.1666761274,94.7580926846
3330.8806912809,94.7134880718
3331.5947064345,94.6030343829
3332.3087215880,94.7082849825
3333.0227367415,94.7906857852
3333.7367518951,94.6476891127
3334.4507670486,94.6695518751
3335.1647822022,94.8446085080
3335.8787973557,94.9227273925
3336.5928125093,94.8511538064
3337.3068276628,94.6973231308
3338.0208428163,94.6769916188
3338.7348579699,94.6972682678
3339.4488731234,94.6707028719
3340.1628882770,94.7562662725
3340.8769034305,94.8282203108
3341.5909185841,94.8736813385
3342.3049337376,94.9377703728
3343.0189488912,94.8778286144
3343.7329640447,94.9338174241
3344.4469791982,95.0608230572
3345.1609943518,94.9375977111
3345.8750095053,94.9275781432
3346.5890246589,95.1200503391
3347.3030398124,95.1704528234
3348.0170549660,95.1830747760
3348.7310701195,95.1939996218
3349.4450852730,95.2344673687
3350.1591004266,95.3736936743
3350.8731155801,95.3301782688
3351.5871307337,95.2897600747
3352.3011458872,95.5106581359
3353.0151610408,95.5626269612
3353.7291761943,95.4474244463
3354.4431913478,95.4848456601
3355.1572065014,95.5197569595
3355.8712216549,95.5876431223
3356.5852368085,95.7820199426
3357.2992519620,95.8435230031
3358.0132671156,95.7562890669
3358.7272822691,95.7318781358
3359.4412974227,95.8230188845
3360.1553125762,95.9262898222
3360.8693277297,95.8839149595
3361.5833428833,95.8487807615
3362.2973580368,96.0013709062
3363.0113731904,96.0312138785
3363.7253883439,95.9151187392
3364.4394034975,96.0256946598
3365.1534186510,96.1940136069
3365.8674338045,96.2091523252
3366.5814489581,96.1923046657
3367.2954641116,96.0304326131
3368.0094792652,95.9445822418
3368.7234944187,96.2161626427
3369.4375095723,96.3109870132
3370.1515247258,96.1449693816
3370.8655398794,96.2194272733
3371.5795550329,96.3068430218
3372.2935701864,96.2255724083
3373.0075853400,96.2393174529
3373.7216004935,96.2806717188
3374.4356156471,96.3218993748
3375.1496308006,96.4136324348
3375.8636459542,96.4006243050
3376.5776611077,96.3499547110
3377.2916762612,96.4091602457
3378.0056914148,96.5431013829
3378.7197065683,96.6409684883
3379.4337217219,96.5886760999
3380.1477368754,96.5288183656
3380.8617520290,96.6119841792
3381.5757671825,96.6752088992
3382.2897823361,96.6625234728
3383.0037974896,96.6821837907
3383.7178126431,96.7131824474
3384.4318277967,96.6941016299
3385.1458429502,96.6797587456
3385.8598581038,96.7767252305
3386.5738732573,96.8977522213
3387.2878884109,96.8747675308
3388.0019035644,96.7993190889
3388.7159187179,96.8407847094
3389.4299338715,96.9551901500
3390.1439490250,96.9491585107
3390.8579641786,96.8333290234
3391.5719793321,96.8597141040
3392.2859944857,96.9848946150
3393.0000096392,97.0019075537
3393.7140247927,96.9904933847
3394.4280399463,96.9768558402
3395.1420550998,96.9525674057
3395.8560702534,97.0220940085
3396.5700854069,97.1374116791
3397.2841005605,97.1999225499
3397.9981157140,97.1226614636
3398.7121308676,96.9841258981
3399.4261460211,97.0148085470
3400.1401611746,97.0525595239
3400.8541763282,96.9636680791
3401.5681914817,97.0496416487
3402.2822066353,97.2296245856
3402.9962217888,97.2286177550
3403.7102369424,97.1773017313
3404.4242520959,97.2049604344
3405.1382672494,97.2436661483
3405.8522824030,97.1484840319
3406.5662975565,97.0092163115
3407.2803127101,97.0871048036
3407.9943278636,97.2269011689
3408.7083430172,97.2467133691
3409.4223581707,97.2341049967
3410.1363733243,97.1954013575
3410.8503884778,97.2748250143
3411.5644036313,97.4076123070
3412.2784187849,97.3256649021
3412.9924339384,97.3103129642
3413.7064490920,97.4282712137
3414.4204642455,97.3883239469
3415.1344793991,97.3872751686
3415.8484945526,97.4358069395
3416.5625097061,97.3937892449
3417.2765248597,97.4949567314
3417.9905400132,97.5817524816
3418.7045551668,97.4906927268
3419.4185703203,97.5861234627
3420.1325854739,97.7906156869
3420.8466006274,97.7556308928
3421.5606157809,97.7077011667
3422.2746309345,97.7894049966
3422.9886460880,97.7252775964
3423.7026612416,97.5631672453
3424.4166763951,97.5773801875
3425.1306915487,97.6758052908
3425.8447067022,97.7280365074
3426.5587218558,97.7921573147
3427.2727370093,97.8528488778
3427.9867521628,97.8954842694
3428.7007673164,97.8543727575
3429.4147824699,97.7991812542
3430.1287976235,97.9559560769
3430.8428127770,98.0772958466
3431.5568279306,98.0099819592
3432.2708430841,98.0447097014
3432.9848582376,98.0643010758
3433.6988733912,98.0903906220
3434.4128885447,98.2156929075
3435.1269036983,98.0954298050
3435.8409188518,98.0485132489
3436.5549340054,98.2709606372
3437.2689491589,98.2094913447
3437.9829643125,98.1148763720
3438.6969794660,98.1853892464
3439.4109946195,98.1389173002
3440.1250097731,98.2639652462
3440.8390249266,98.3764378935
3441.5530400802,98.3282750462
3442.2670552337,98.5556764553
3442.9810703873,98.5375180923
3443.6950855408,98.2489016684
3444.4091006943,98.3908538272
3445.1231158479,98.4504399112
3445.8371310014,98.3787653665
3446.5511461550,98.7521677944
3447.2651613085,98.9370683766
3447.9791764621,98.6912717835
3448.6931916156,98.5901813058
3449.4072067691,98.5672870164
3450.1212219227,98.6193336130
3450.8352370762,98.6747158836
3451.5492522298,98.6173685794
3452.2632673833,98.6734975539
3452.9772825369,98.7446118938
3453.6912976904,98.7095285331
3454.4053128440,98.6834701816
3455.1193279975,98.6487606248
3455.8333431510,98.7251827706
3456.5473583046,98.8178637895
3457.2613734581,98.7559083766
3457.9753886117,98.7851285452
3458.6894037652,98.8401312757
3459.4034189188,98.8347083360
3460.1174340723,98.8819903426
3460.8314492258,98.7747443539
3461.5454643794,98.8506397305
3462.2594795329,99.1986966623
3462.9734946865,98.9996948951
3463.6875098400,98.7895270793
3464.4015249936,99.1533891422
3465.1155401471,99.1050605204
3465.8295553007,98.8699299765
3466.5435704542,99.1798974460
3467.2575856077,99.2792145462
3467.9716007613,99.1311876435
3468.6856159148,99.1581161103
3469.3996310684,99.0354377184
3470.1136462219,99.0131939930
3470.8276613755,99.1105439217
3471.5416765290,99.0035117477
3472.2556916825,99.0455191665
3472.9697068361,99.0959221910
3473.6837219896,99.0819636441
3474.3977371432,99.3982760444
3475.1117522967,99.4985186424
3475.8257674503,99.3258744102
3476.5397826038,99.4436800181
3477.2537977573,99.4270664805
3477.9678129109,99.3371657134
3478.6818280644,99.4238410692
3479.3958432180,99.2550885957
3480.1098583715,99.2107482620
3480.8238735251,99.4523771028
3481.5378886786,99.4803614178
3482.2519038322,99.6310429771
3482.9659189857,99.7436621360
3483.6799341392,99.4912708150
3484.3939492928,99.4788916047
3485.1079644463,99.5605458298
3485.8219795999,99.3403546986
3486.5359947534,99.3178998101
3487.2500099070,99.5911122833
3487.9640250605,99.7255899391
3488.6780402140,99.5750160620
3489.3920553676,99.4787043566
3490.1060705211,99.6376064629
3490.8200856747,99.6692458019
3491.5341008282,99.5858489712
3492.2481159818,99.6804728709
3492.9621311353,99.6177772840
3493.6761462889,99.5219875055
3494.3901614424,99.6919942431
3495.1041765959,99.7153470766
3495.8181917495,99.6922675382
3496.5322069030,99.8905080431
3497.2462220566,99.8613475886
3497.9602372101,99.6794112994
3498.6742523637,99.7177770591
3499.3882675172,99.7879492308
3500.1022826707,99.8640056231
3500.8162978243,99.9963476873
3501.5303129778,99.8686307981
3502.2443281314,99.7623300691
3502.9583432849,100.1071928345
3503.6723584385,100.1997188116
3504.3863735920,99.9464068664
3505.1003887456,100.0175681101
3505.8144038991,99.9829897177
3506.5284190526,99.8303595563
3507.2424342062,99.9951901082
3507.9564493597,99.8897134566
3508.6704645133,99.8205931274
3509.3844796668,100.2938274473
3510.0984948204,100.2172275511
3510.8125099739,99.9256978928
3511.5265251274,100.1036583525
3512.2405402810,100.0527481307
3512.9545554345,100.0429251457
3513.6685705881,100.2719795600
3514.3825857416,100.0679480469
3515.0966008952,99.8865675772
3515.8106160487,100.0204936377
3516.5246312022,100.0600209576
3517.2386463558,100.0760060067
3517.9526615093,100.1533167262
3518.6666766629,100.2392600936
3519.3806918164,100.1590968829
3520.0947069700,100.0583627310
3520.8087221235,100.2457261966
3521.5227372771,100.2076553652
3522.2367524306,100.1685689903
3522.9507675841,100.6407915361
3523.6647827377,100.5579592366
3524.3787978912,100.2173987403
3525.0928130448,100.3735227436
3525.8068281983,100.2264657069
3526.5208433519,100.1158018200
3527.2348585054,100.4048606624
3527.9488736589,100.4197521077
3528.6628888125,100.4952132474
3529.3769039660,100.4654903252
3530.0909191196,100.2006450520
3530.8049342731,100.3709410646
3531.5189494267,100.4181754880
3532.2329645802,100.2212138650
3532.9469797338,100.3848605480
3533.6609948873,100.3876099691
3534.3750100408,100.1233941354
3535.0890251944,100.0247323020
3535.8030403479,100.2585855845
3536.5170555015,100.7176586672
3537.2310706550,100.5739604910
3537.9450858086,100.2411176663
3538.6591009621,100.3376827282
3539.3731161156,100.2918373829
3540.0871312692,100.3362866289
3540.8011464227,100.2684291413
3541.5151615763,100.1949516680
3542.2291767298,100.1662816594
3542.9431918834,100.2810268984
3543.6572070369,100.1430905391
3544.3712221904,100.0305621716
3545.0852373440,100.1126968975
3545.7992524975,100.0901726756
3546.5132676511,100.1014274349
3547.2272828046,100.2885813977
3547.9412979582,100.3799590861
3548.6553131117,100.3015312319
3549.3693282653,100.3367367446
3550.0833434188,100.4671121681
3550.7973585723,100.2318919667
3551.5113737259,100.0440859513
3552.2253888794,100.3521127297
3552.9394040330,100.4243807241
3553.6534191865,100.3645829943
3554.3674343401,100.4277364386
3555.0814494936,100.2960867445
3555.7954646471,100.3335382606
3556.5094798007,100.5614643874
3557.2234949542,100.4901339375
3557.9375101078,100.4256918380
3558.6515252613,100.4192209003
3559.3655404149,100.3410374237
3560.0795555684,100.4398379475
3560.7935707220,100.4887293530
3561.5075858755,100.4661904399
3562.2216010290,100.4578639490
3562.9356161826,100.4411394887
3563.6496313361,100.6644339176
3564.3636464897,100.4832162292
3565.0776616432,99.8437041135
3565.7916767968,100.0408489073
3566.5056919503,100.4457776376
3567.2197071038,99.8879693903
3567.9337222574,100.0604259525
3568.6477374109,100.6044878426
3569.3617525645,100.4668144661
3570.0757677180,100.3041449341
3570.7897828716,100.3391995015
3571.5037980251,100.4289834597
3572.2178131786,100.5378444245
3572.9318283322,100.5715646857
3573.6458434857,100.5316044760
3574.3598586393,100.5580166982
3575.0738737928,100.6121773019
3575.7878889464,100.5635032980
3576.5019040999,100.4836406332
3577.2159192535,100.5783563505
3577.9299344070,100.6614677334
3578.6439495605,100.5512095148
3579.3579647141,100.4987372056
3580.0719798676,100.6390812000
3580.7859950212,100.7696498601
3581.5000101747,100.7328759333
3582.2140253283,100.6319130377
3582.9280404818,100.6687872421
3583.6420556353,100.8007116082
3584.3560707889,100.8018947958
3585.0700859424,100.4349198137
3585.7841010960,100.0473112569
3586.4981162495,100.5724448654
3587.2121314031,100.6103272564
3587.9261465566,100.0374574680
3588.6401617102,100.4260939591
3589.3541768637,100.7588313785
3590.0681920172,100.5649875289
3590.7822071708,100.7248864502
3591.4962223243,100.7159725552
3592.2102374779,100.3352853656
3592.9242526314,100.6131953576
3593.6382677850,100.7297504917
3594.3522829385,100.3949522321
3595.0662980920,100.6465677636
3595.7803132456,100.9454302086
3596.4943283991,100.7927441969
3597.2083435527,100.7264768032
3597.9223587062,100.7663531788
3598.6363738598,100.8677241547
3599.3503890133,100.6985529464
3600.0644041668,100.6330112408
3600.7784193204,100.9919254081
3601.4924344739,100.8354340180
3602.2064496275,100.6721335202
3602.9204647810,100.9499963410
3603.6344799346,100.9030058928
3604.3484950881,100.9223666793
3605.0625102417,101.0292473108
3605.7765253952,100.5942195471
3606.4905405487,100.6263167075
3607.2045557023,101.2117110506
3607.9185708558,100.7054749542
3608.6325860094,100.2189731238
3609.3466011629,100.8630134193
3610.0606163165,101.2122830458
3610.7746314700,100.9319203199
3611.4886466235,100.1483411746
3612.2026617771,100.5930292347
3612.9166769306,101.2044743457
3613.6306920842,100.4585721496
3614.3447072377,100.6388277266
3615.0587223913,101.7555657067
3615.7727375448,101.3141862236
3616.4867526984,100.6275101432
3617.2007678519,100.8770338347
3617.9147830054,101.0695312874
3618.6287981590,100.3835876741
3619.3428133125,100.3811352699
3620.0568284661,101.1636126790
3620.7708436196,101.1673988110
3621.4848587732,101.0221596428
3622.1988739267,101.1040031170
3622.9128890802,101.1648332099
3623.6269042338,101.2245162661
3624.3409193873,101.1839406212
3625.0549345409,100.9867647860
3625.7689496944,101.1413001584
3626.4829648480,101.0882920384
3627.1969800015,100.4300185742
3627.9109951551,99.8897120577
3628.6250103086,100.0150080642
3629.3390254621,100.8438889911
3630.0530406157,101.1926791607
3630.7670557692,101.1130828877
3631.4810709228,101.2097255208
3632.1950860763,101.2003655315
3632.9091012299,100.6836903159
3633.6231163834,100.9029187264
3634.3371315369,101.4543361375
3635.0511466905,101.4269955866
3635.7651618440,101.8923595017
3636.4791769976,102.2337810787
3637.1931921511,101.8293802124
3637.9072073047,101.8062456085
3638.6212224582,101.8982359733
3639.3352376117,101.6706709798
3640.0492527653,101.6939042366
3640.7632679188,101.7799708168
3641.4772830724,101.8559384916
3642.1912982259,102.0708822414
3642.9053133795,102.0075637340
3643.6193285330,101.8763440869
3644.3333436866,102.1039575682
3645.0473588401,102.1596100749
3645.7613739936,101.5544752120
3646.4753891472,101.2997140601
3647.1894043007,102.3075020077
3647.9034194543,101.4667347737
3648.6174346078,100.7577263878
3649.3314497614,101.4098638719
3650.0454649149,101.2582645428
3650.7594800684,101.6118724598
3651.4734952220,102.6500657632
3652.1875103755,102.0699176453
3652.9015255291,101.6166533364
3653.6155406826,101.8175053585
3654.3295558362,101.7882597230
3655.0435709897,101.1272070529
3655.7575861433,101.0138776096
3656.4716012968,102.1385896635
3657.1856164503,102.2742322270
3657.8996316039,102.0220039599
3658.6136467574,101.9643304625
3659.3276619110,102.1949672593
3660.0416770645,102.1984215211
3660.7556922181,101.9692128859
3661.4697073716,101.9356090545
3662.1837225251,101.9855002693
3662.8977376787,101.9101698988
3663.6117528322,101.9283166863
3664.3257679858,102.0945454701
3665.0397831393,102.0565375838
3665.7537982929,102.0435404094
3666.4678134464,102.1711235726
3667.1818285999,101.7574067313
3667.8958437535,101.3912751561
3668.6098589070,102.1470297645
3669.3238740606,101.8241706037
3670.0378892141,101.1500148514
3670.7519043677,102.4757760013
3671.4659195212,102.3537745077
3672.1799346748,102.0356240828
3672.8939498283,101.8436639914
3673.6079649818,101.3400550105
3674.3219801354,100.8135537318
3675.0359952889,101.5770560980
3675.7500104425,101.6714378909
3676.4640255960,101.7315248494
3677.1780407496,101.9839936465
3677.8920559031,101.6940138654
3678.6060710566,101.4153030875
3679.3200862102,101.6147791776
3680.0341013637,101.7208364539
3680.7481165173,101.5670892863
3681.4621316708,101.4815300966
3682.1761468244,101.5783516732
3682.8901619779,101.5976740857
3683.6041771315,101.5248688035
3684.3181922850,101.5685439064
3685.0322074385,101.4934004614
3685.7462225921,101.4948695564
3686.4602377456,101.4811588192
3687.1742528992,100.7242938270
3687.8882680527,100.0026814257
3688.6022832063,101.9643182958
3689.3162983598,101.3719622154
3690.0303135133,100.8358228383
3690.7443286669,100.9960840603
3691.4583438204,101.4696027243
3692.1723589740,101.3732818497
3692.8863741275,101.3304089778
3693.6003892811,101.2386854365
3694.3144044346,101.2781775011
3695.0284195881,101.3572725006
3695.7424347417,101.3319069713
3696.4564498952,101.3795263001
3697.1704650488,101.5221746535
3697.8844802023,101.5387022602
3698.5984953559,101.3695907357
3699.3125105094,101.2577296350
3700.0265256630,101.2383495276
3700.7405408165,100.9979213539
3701.4545559700,101.0845807348
3702.1685711236,101.5910642507
3702.8825862771,101.4876646964
3703.5966014307,101.3035695739
3704.3106165842,101.3868561000
3705.0246317378,101.3462325887
3705.7386468913,101.2549504609
3706.4526620448,101.4330338276
3707.1666771984,101.5075523020
3707.8806923519,101.2603230250
3708.5947075055,100.9746753811
3709.3087226590,101.3509847557
3710.0227378126,101.5741588224
3710.7367529661,100.9820646203
3711.4507681197,100.2037373781
3712.1647832732,101.6433156333
3712.8787984267,101.6556540557
3713.5928135803,101.2922980320
3714.3068287338,101.1799363197
3715.0208438874,101.3151727746
3715.7348590409,101.3340752461
3716.4488741945,101.3045054597
3717.1628893480,101.2789507217
3717.8769045015,101.2536814789
3718.5909196551,101.2485712446
3719.3049348086,101.3532021865
3720.0189499622,101.5115772317
3720.7329651157,101.3610915779
3721.4469802693,101.0441698553
3722.1609954228,101.3800598115
3722.8750105763,101.5012189096
3723.5890257299,101.1661029595
3724.3030408834,101.0863932106
3725.0170560370,101.1367668007
3725.7310711905,100.8656622216
3726.4450863441,100.9267700917
3727.1591014976,101.3689536488
3727.8731166512,101.4609391452
3728.5871318047,101.3001676106
3729.3011469582,101.3560440971
3730.0151621118,101.5602488874
3730.7291772653,101.1604661662
3731.4431924189,100.6051604198
3732.1572075724,101.8130881430
3732.8712227260,101.7161323867
3733.5852378795,100.7698653069
3734.2992530330,100.3479516236
3735.0132681866,101.2952483568
3735.7272833401,100.8259848092
3736.4412984937,100.9283058616
3737.1553136472,101.0541646679
3737.8693288008,101.1704786397
3738.5833439543,101.5920306343
3739.2973591079,101.5575339187
3740.0113742614,101.2755390159
3740.7253894149,101.4041082259
3741.4394045685,101.5966833139
3742.1534197220,101.3761780637
3742.8674348756,100.7157133664
3743.5814500291,98.7859192949
3744.2954651827,101.3774056227
3745.0094803362,102.8800738485
3745.7234954897,101.5012897370
3746.4375106433,101.3298986464
3747.1515257968,101.3877971677
3747.8655409504,100.9720232790
3748.5795561039,99.4639799235
3749.2935712575,100.3208585861
3750.0075864110,101.4901723540
3750.7216015645,100.8126406978
3751.4356167181,99.5343045855
3752.1496318716,101.3303968741
3752.8636470252,101.3714148570
3753.5776621787,101.3425648941
3754.2916773323,101.3863402669
3755.0056924858,101.2055408260
3755.7197076394,100.9641842271
3756.4337227929,101.0870564721
3757.1477379464,101.2950124432
3757.8617531000,101.2386527476
3758.5757682535,100.9089653471
3759.2897834071,100.9882195875
3760.0037985606,101.6175688600
3760.7178137142,101.5190047035
3761.4318288677,101.2907241831
3762.1458440212,101.2482786076
3762.8598591748,101.3615404313
3763.5738743283,101.4007626726
3764.2878894819,101.1322004747
3765.0019046354,100.9496382627
3765.7159197890,101.6375627556
3766.4299349425,101.6165988298
3767.1439500961,101.4707811505
3767.8579652496,101.5407329390
3768.5719804031,100.9708283656
3769.2859955567,100.5419078679
3770.0000107102,101.6616124576
3770.7140258638,101.5926910109
3771.4280410173,101.4420404346
3772.1420561709,101.6646132465
3772.8560713244,101.6443081763
3773.5700864779,101.5023832763
3774.2841016315,101.5620057679
3774.9981167850,101.6418250771
3775.7121319386,101.6340531910
3776.4261470921,101.4837303559
3777.1401622457,101.5067191139
3777.8541773992,101.4498606587
3778.5681925528,101.0117891209
3779.2822077063,101.5003889504
3779.9962228598,102.1743797104
3780.7102380134,101.5656890301
3781.4242531669,101.2608608626
3782.1382683205,101.5846482922
3782.8522834740,101.5209648872
3783.5662986276,101.2147317761
3784.2803137811,101.3399658223
3784.9943289346,101.6459828485
3785.7083440882,101.6184940112
3786.4223592417,101.5271142791
3787.1363743953,101.7240121814
3787.8503895488,101.7905399676
3788.5644047024,101.6188556937
3789.2784198559,101.7234306664
3789.9924350094,101.8170801103
3790.7064501630,101.6818559866
3791.4204653165,101.7527145652
3792.1344804701,101.9378827736
3792.8484956236,101.9730640789
3793.5625107772,101.8701583444
3794.2765259307,101.6349045352
3794.9905410843,101.3467602624
3795.7045562378,101.2885917122
3796.4185713913,101.9668618003
3797.1325865449,102.2036404274
3797.8466016984,101.8122572853
3798.5606168520,101.6805800862
3799.2746320055,101.5448270500
3799.9886471591,100.8171081250
3800.7026623126,100.4620379822
3801.4166774661,102.0669916533
3802.1306926197,102.0910075158
3802.8447077732,102.0315260535
3803.5587229268,101.7468315617
3804.2727380803,101.6320381705
3804.9867532339,101.4882479900
3805.7007683874,100.6408728953
3806.4147835410,100.2213431889
3807.1287986945,102.0017988315
3807.8428138480,102.0043615042
3808.5568290016,101.6768684882
3809.2708441551,101.6393672313
3809.9848593087,101.7896777881
3810.6988744622,101.7763679842
3811.4128896158,101.7674215810
3812.1269047693,101.6786069446
3812.8409199228,101.4086279942
3813.5549350764,101.4136063663
3814.2689502299,101.3730232328
3814.9829653835,100.5323548355
3815.6969805370,100.7627770954
3816.4109956906,102.5242758939
3817.1250108441,101.9163816888
3817.8390259976,101.5112006894
3818.5530411512,101.3157736173
3819.2670563047,100.9591681844
3819.9810714583,100.4872008653
3820.6950866118,100.8363622377
3821.4091017654,101.6354546459
3822.1231169189,101.7796635828
3822.8371320725,101.6905131150
3823.5511472260,101.5989860373
3824.2651623795,101.7574113733
3824.9791775331,101.5301080989
3825.6931926866,101.0914657580
3826.4072078402,101.3694799304
3827.1212229937,101.7936330889
3827.8352381473,101.6541171496
3828.5492533008,101.6289005227
3829.2632684543,101.8839159530
3829.9772836079,101.7648813911
3830.6912987614,101.1274767634
3831.4053139150,101.2555795694
3832.1193290685,102.0354242311
3832.8333442221,101.8746203832
3833.5473593756,101.2716849202
3834.2613745292,100.9229800754
3834.9753896827,101.8095289498
3835.6894048362,101.9342696373
3836.4034199898,100.7536601783
3837.1174351433,99.7051164943
3837.8314502969,102.0699375417
3838.5454654504,101.7608404782
3839.2594806040,101.2368059271
3839.9734957575,101.2692044681
3840.6875109110,101.6637606324
3841.4015260646,101.6996643833
3842.1155412181,101.3216454445
3842.8295563717,100.9190839275
3843.5435715252,101.5409827767
3844.2575866788,101.9446239805
3844.9716018323,101.6368653729
3845.6856169858,101.6146246443
3846.3996321394,101.7563882687
3847.1136472929,101.8781431183
3847.8276624465,101.8864491242
3848.5416776000,101.6099594951
3849.2556927536,101.8276468559
3849.9697079071,102.0645028378
3850.6837230607,101.0494048735
3851.3977382142,100.2523225072
3852.1117533677,101.6310956298
3852.8257685213,100.4371699056
3853.5397836748,98.9515119607
3854.2537988284,103.7733668739
3854.9678139819,101.8954425436
3855.6818291355,101.4750057037
3856.3958442890,101.0628254540
3857.1098594425,101.4777366644
3857.8238745961,101.6961208792
3858.5378897496,101.6009347907
3859.2519049032,101.8007879833
3859.9659200567,101.8043583243
3860.6799352103,101.3399476406
3861.3939503638,101.3012828955
3862.1079655174,101.9054555842
3862.8219806709,101.8234225913
3863.5359958244,101.2092123978
3864.2500109780,100.8414021267
3864.9640261315,101.6955842490
3865.6780412851,101.8654629337
3866.3920564386,101.6384196471
3867.1060715922,101.5455405015
3867.8200867457,101.2758495917
3868.5341018992,100.6252507474
3869.2481170528,100.4162480026
3869.9621322063,101.5715785845
3870.6761473599,101.6489381752
3871.3901625134,101.9095693356
3872.1041776670,101.7415419684
3872.8181928205,101.0424769983
3873.5322079740,100.7908600843
3874.2462231276,101.8489918706
3874.9602382811,101.9946569407
3875.6742534347,101.8795674331
3876.3882685882,101.8528351150
3877.1022837418,101.8135375847
3877.8162988953,101.8145890827
3878.5303140489,101.4310595156
3879.2443292024,100.6706033766
3879.9583443559,101.1308224331
3880.6723595095,102.3836108361
3881.3863746630,101.8545661966
3882.1003898166,101.5268412174
3882.8144049701,101.6987911564
3883.5284201237,101.7522222103
3884.2424352772,101.0797831923
3884.9564504307,100.3426836714
3885.6704655843,101.4256945911
3886.3844807378,101.9687258789
3887.0984958914,101.7887375181
3887.8125110449,101.7646646224
3888.5265261985,101.8310997978
3889.2405413520,101.6306897864
3889.9545565056,101.0549290031
3890.6685716591,100.6343906858
3891.3825868126,101.7247415354
3892.0966019662,102.2041892412
3892.8106171197,101.9142187497
3893.5246322733,101.9376668595
3894.2386474268,102.0139561455
3894.9526625804,101.7458019717
3895.6666777339,101.7230518879
3896.3806928874,101.7079604053
3897.0947080410,101.6319182382
3897.8087231945,101.3936231449
3898.5227383481,100.8034982889
3899.2367535016,101.7322426725
3899.9507686552,102.1884436319
3900.6647838087,101.0424745715
3901.3787989623,100.7980632158
3902.0928141158,102.0052822710
3902.8068292693,100.9435864820
3903.5208444229,100.4790598024
3904.2348595764,101.4158110650
3904.9488747300,101.3322353252
3905.6628898835,101.5042782579
3906.3769050371,101.6354904379
3907.0909201906,101.4154862522
3907.8049353441,101.6124930685
3908.5189504977,101.7492690968
3909.2329656512,101.6151503844
3909.9469808048,101.6906977206
3910.6609959583,101.7291499199
3911.3750111119,101.7368437195
3912.0890262654,101.8161345260
3912.8030414189,101.7873079901
3913.5170565725,101.8216695050
3914.2310717260,101.8192334258
3914.9450868796,101.6210735040
3915.6591020331,101.3367253325
3916.3731171867,101.0941293364
3917.0871323402,101.4382004701
3917.8011474938,101.8405211331
3918.5151626473,101.6549043640
3919.2291778008,101.3984817459
3919.9431929544,101.7039732870
3920.6572081079,101.9805130048
3921.3712232615,101.8676503642
3922.0852384150,101.6660796469
3922.7992535686,101.6675097443
3923.5132687221,101.6441899974
3924.2272838756,101.5288347104
3924.9412990292,101.8084795447
3925.6553141827,102.0301790585
3926.3693293363,101.8303550053
3927.0833444898,101.7045781156
3927.7973596434,101.7316842983
3928.5113747969,101.6974395337
3929.2253899505,101.7527043880
3929.9394051040,101.8783225984
3930.6534202575,101.7011635822
3931.3674354111,101.3670114655
3932.0814505646,101.5183829336
3932.7954657182,101.8936706090
3933.5094808717,101.7894212666
3934.2234960253,101.7306673886
3934.9375111788,101.8912192708
3935.6515263323,101.7743952496
3936.3655414859,101.6304644736
3937.0795566394,101.7842192130
3937.7935717930,101.9167085083
3938.5075869465,101.9030781519
3939.2216021001,101.8341235657
3939.9356172536,101.9003618381
3940.6496324071,101.9651087778
3941.3636475607,101.6568220643
3942.0776627142,101.4732989385
3942.7916778678,101.8258815967
3943.5056930213,101.8900999394
3944.2197081749,101.8708727632
3944.9337233284,101.9586915861
3945.6477384820,101.8354484826
3946.3617536355,101.6231219210
3947.0757687890,101.5833022195
3947.7897839426,101.6910701064
3948.5037990961,101.6983842923
3949.2178142497,101.5780692383
3949.9318294032,101.7078998827
3950.6458445568,101.9145651074
3951.3598597103,101.8080850960
3952.0738748638,101.8039801999
3952.7878900174,101.9422915608
3953.5019051709,101.8538023126
3954.2159203245,101.8266217151
3954.9299354780,101.9111356259
3955.6439506316,101.8920363388
3956.3579657851,101.9628325907
3957.0719809387,102.0603024260
3957.7859960922,101.9939455757
3958.5000112457,101.9398579290
3959.2140263993,101.9798853725
3959.9280415528,101.9340658233
3960.6420567064,101.7965030571
3961.3560718599,101.9623686429
3962.0700870135,102.1991067191
3962.7841021670,102.0438636343
3963.4981173205,101.9885744590
3964.2121324741,102.0783841498
3964.9261476276,101.9298439117
3965.6401627812,101.8722779359
3966.3541779347,101.9253821169
3967.0681930883,101.8163651753
3967.7822082418,101.8190357118
3968.4962233953,101.9603005346
3969.2102385489,102.0420992649
3969.9242537024,102.0607359080
3970.6382688560,101.9768371024
3971.3522840095,101.9924217984
3972.0662991631,102.1404572083
3972.7803143166,102.0743831051
3973.4943294702,102.0014178241
3974.2083446237,102.0895407875
3974.9223597772,101.9943252793
3975.6363749308,101.9150201192
3976.3503900843,102.0939706584
3977.0644052379,102.0945584168
3977.7784203914,101.9528584191
3978.4924355450,102.0144031951
3979.2064506985,102.0460933083
3979.9204658520,102.0115080145
3980.6344810056,102.1060987704
3981.3484961591,102.0839892663
3982.0625113127,101.9645757203
3982.7765264662,101.9715336389
3983.4905416198,101.9349568327
3984.2045567733,101.9270134771
3984.9185719269,102.0463573986
3985.6325870804,102.0527694507
3986.3466022339,102.0413053386
3987.0606173875,102.0960892657
3987.7746325410,102.0463172029
3988.4886476946,101.9876449165
3989.2026628481,102.0002099369
3989.9166780017,102.0839303885
3990.6306931552,102.1545873144
3991.3447083087,102.0073210013
3992.0587234623,101.9314693011
3992.7727386158,102.0294027036
3993.4867537694,101.9365434759
3994.2007689229,101.9304213766
3994.9147840765,102.1546291468
3995.6287992300,102.1317372823
3996.3428143835,101.9914038492
3997.0568295371,101.9623374501
3997.7708446906,101.9997083018
3998.4848598442,102.1580494792
3999.1988749977,102.1425107841
3999.9128901513,101.9615052459