399.8484859844,76.2140503420
400.5625011380,72.7504443183
401.2765162915,86.2412484504
401.9905314450,80.2154397992
402.7045465986,80.3044012674
403.4185617521,90.9966687162
404.1325769057,82.0484161210
404.8465920592,87.1712147910
405.5606072128,92.9013963608
406.2746223663,78.4423657780
406.9886375199,80.7504250638
407.7026526734,78.6625990155
408.4166678269,76.3425717172
409.1306829805,90.6659190985
409.8446981340,87.9774341077
410.5587132876,78.7178302635
411.2727284411,86.6878286155
411.9867435947,88.0047493820
412.7007587482,81.4432955736
413.4147739017,84.4895484635
414.1287890553,90.2796705231
414.8428042088,85.1789648805
415.5568193624,78.6067026877
416.2708345159,87.2561432137
416.9848496695,92.9667427982
417.6988648230,77.7296162319
418.4128799766,71.5385118858
419.1268951301,88.4156814855
419.8409102836,89.0314663230
420.5549254372,84.2838921086
421.2689405907,84.3909888895
421.9829557443,84.8861391881
422.6969708978,81.1863057114
423.4109860514,81.9657998897
424.1250012049,87.6926309527
424.8390163584,85.8085071604
425.5530315120,81.7551676480
426.2670466655,83.1337109597
426.9810618191,84.6418361373
427.6950769726,87.8822843233
428.4090921262,84.5870407455
429.1231072797,82.2884891932
429.8371224332,90.2450681052
430.5511375868,88.2118709486
431.2651527403,82.8839764391
431.9791678939,89.2941149291
432.6931830474,87.9575160144
433.4071982010,83.6861820343
434.1212133545,87.4725448732
434.8352285081,88.7686029409
435.5492436616,90.2769609505
436.2632588151,90.9623759046
436.9772739687,88.6311436188
437.6912891222,89.5205681957
438.4053042758,85.2997889682
439.1193194293,84.2696220262
439.8333345829,90.7194817468
440.5473497364,86.8745398469
441.2613648899,83.8512226475
441.9753800435,89.3921123328
442.6893951970,87.1027878866
443.4034103506,86.7396112368
444.1174255041,88.0651485136
444.8314406577,83.0648596383
445.5454558112,83.5746081446
446.2594709648,86.6549176847
446.9734861183,85.1733595769
447.6875012718,85.1993621930
448.4015164254,86.1737848883
449.1155315789,88.0622183078
449.8295467325,87.8262302208
450.5435618860,84.5189614283
451.2575770396,86.4262881889
451.9715921931,88.5048670252
452.6856073466,86.9906055655
453.3996225002,88.1127623830
454.1136376537,86.5586351650
454.8276528073,83.2683706409
455.5416679608,83.7208213543
456.2556831144,85.6133455274
456.9696982679,86.8898321063
457.6837134214,85.8148445689
458.3977285750,84.3553134623
459.1117437285,86.0567679981
459.8257588821,84.9950621537
460.5397740356,83.5154481236
461.2537891892,86.5987095854
461.9678043427,87.0294107314
462.6818194963,84.3321691602
463.3958346498,85.0984698330
464.1098498033,87.6798454259
464.8238649569,87.0828085709
465.5378801104,84.2446230007
466.2518952640,83.5330685073
466.9659104175,85.4050473240
467.6799255711,87.1171367373
468.3939407246,86.3605704644
469.1079558781,84.5930403826
469.8219710317,86.4951561729
470.5359861852,87.5932119356
471.2500013388,83.7610993810
471.9640164923,84.1341118202
472.6780316459,87.3479265411
473.3920467994,83.8249819457
474.1060619530,84.5874669697
474.8200771065,86.4858893791
475.5340922600,84.6102845799
476.2481074136,84.8845432424
476.9621225671,84.0483261544
477.6761377207,83.0254835591
478.3901528742,86.0125961564
479.1041680278,86.3035745332
479.8181831813,85.2693804173
480.5321983348,85.5338909196
481.2462134884,83.2420960385
481.9602286419,83.8394006144
482.6742437955,86.1335301018
483.3882589490,84.5057640982
484.1022741026,83.7100804665
484.8162892561,84.8718344920
485.5303044097,84.1981522188
486.2443195632,82.6991580286
486.9583347167,82.8597720324
487.6723498703,85.3066201319
488.3863650238,85.3793568950
489.1003801774,83.4488914002
489.8143953309,84.6251487373
490.5284104845,84.6029602592
491.2424256380,83.4075631672
491.9564407915,85.5242393095
492.6704559451,85.7731793617
493.3844710986,84.4714741769
494.0984862522,84.4370346973
494.8125014057,83.8601811721
495.5265165593,84.6184521018
496.2405317128,85.3731538925
496.9545468663,84.1642040706
497.6685620199,84.5222750684
498.3825771734,84.9795444347
499.0965923270,83.9030434387
499.8106074805,83.7761145381
500.5246226341,84.2342142777
501.2386377876,84.8809118949
501.9526529412,85.4284175046
502.6666680947,84.9955787391
503.3806832482,84.8517352068
504.0946984018,84.3462470127
504.8087135553,84.3983425198
505.5227287089,85.3025624348
506.2367438624,84.7518920785
506.9507590160,84.1430151011
507.6647741695,83.9500374715
508.3787893230,83.2867271816
509.0928044766,84.3367770516
509.8068196301,85.2210281035
510.5208347837,84.5782344597
511.2348499372,84.6748631486
511.9488650908,84.5910654109
512.6628802443,84.4860478435
513.3768953979,84.6580726238
514.0909105514,84.0898253842
514.8049257049,84.8080701810
515.5189408585,85.7941836058
516.2329560120,84.9547657643
516.9469711656,84.3350090775
517.6609863191,84.1445775913
518.3750014727,84.3716282953
519.0890166262,85.3890197808
519.8030317797,85.4364201948
520.5170469333,85.4154266667
521.2310620868,85.6626509587
521.9450772404,84.6731565294
522.6590923939,84.3790454627
523.3731075475,84.6751486453
524.0871227010,84.1998406382
524.8011378545,84.0508236900
525.5151530081,83.9816874824
526.2291681616,84.3835507039
526.9431833152,84.8940812838
527.6571984687,84.1937462351
528.3712136223,83.8683280846
529.0852287758,84.8165339992
529.7992439294,85.0367375668
530.5132590829,84.0477749368
531.2272742364,83.3609533198
531.9412893900,83.9611102260
532.6553045435,84.2784966093
533.3693196971,83.4354342302
534.0833348506,83.6198408113
534.7973500042,84.1676262658
535.5113651577,83.7851642580
536.2253803112,84.1786248156
536.9393954648,84.5861692560
537.6534106183,83.7431527792
538.3674257719,83.2207665098
539.0814409254,83.4727627998
539.7954560790,83.7093242552
540.5094712325,83.4632657447
541.2234863861,83.3930639575
541.9375015396,83.7550116936
542.6515166931,83.1740774997
543.3655318467,82.7208918847
544.0795470002,83.5957911749
544.7935621538,83.5638918293
545.5075773073,83.1112397399
546.2215924609,83.7017907198
546.9356076144,83.5473535648
547.6496227679,82.8701459766
548.3636379215,82.8253212545
549.0776530750,82.8444437607
549.7916682286,83.2506853711
550.5056833821,83.6838865948
551.2196985357,83.3977570796
551.9337136892,83.5400046559
552.6477288427,83.9653625395
553.3617439963,83.7092953051
554.0757591498,83.7076788230
554.7897743034,84.4126408161
555.5037894569,84.5152546553
556.2178046105,83.9111627182
556.9318197640,83.7700879092
557.6458349176,84.3131473465
558.3598500711,84.7091532376
559.0738652246,84.2866998520
559.7878803782,84.0127396241
560.5018955317,85.0155821195
561.2159106853,85.4322905887
561.9299258388,84.6162431487
562.6439409924,85.0340276887
563.3579561459,85.6068971105
564.0719712994,85.0193394358
564.7859864530,85.3142567479
565.5000016065,85.6738788777
566.2140167601,85.1985209945
566.9280319136,85.2871289668
567.6420470672,85.3143543503
568.3560622207,85.4927572216
569.0700773743,86.1159694845
569.7840925278,85.6160115730
570.4981076813,85.5124461295
571.2121228349,86.3859127904
571.9261379884,86.0869404233
572.6401531420,85.4759615516
573.3541682955,85.6738167874
574.0681834491,85.8545501597
574.7821986026,85.7551248267
575.4962137561,85.7106439106
576.2102289097,86.2679395698
576.9242440632,86.4327848452
577.6382592168,85.9097872608
578.3522743703,86.0932907153
579.0662895239,86.0658053414
579.7803046774,85.4451294982
580.4943198309,85.8517802713
581.2083349845,86.3126901813
581.9223501380,86.2575588406
582.6363652916,86.2649558190
583.3503804451,85.7968593572
584.0643955987,86.0449048065
584.7784107522,86.5687314048
585.4924259058,85.8166911387
586.2064410593,85.9871621278
586.9204562128,86.7802897812
587.6344713664,86.1221571603
588.3484865199,85.9332611753
589.0625016735,86.6168589797
589.7765168270,86.4452075328
590.4905319806,86.0649590384
591.2045471341,86.2926539402
591.9185622876,86.6641143355
592.6325774412,86.5258440960
593.3465925947,86.2716655410
594.0606077483,86.3171324061
594.7746229018,86.0768156285
595.4886380554,85.7947539778
596.2026532089,85.8971591468
596.9166683625,85.8953609110
597.6306835160,86.0162686424
598.3446986695,86.1170729259
599.0587138231,85.9072991510
599.7727289766,86.0943548978
600.4867441302,86.3250141539
601.2007592837,86.0584503561
601.9147744373,85.6955215804
602.6287895908,85.4776656951
603.3428047443,85.7994472142
604.0568198979,85.7298989151
604.7708350514,84.8746131144
605.4848502050,84.9948294443
606.1988653585,85.5678866232
606.9128805121,85.1984464746
607.6268956656,84.7601772528
608.3409108192,84.5482055395
609.0549259727,84.5123001122
609.7689411262,84.7867327988
610.4829562798,84.7741721638
611.1969714333,84.6459887415
611.9109865869,84.6452531582
612.6250017404,84.7740668693
613.3390168940,85.0296140084
614.0530320475,84.5888743500
614.7670472010,84.3059936128
615.4810623546,85.0794922645
616.1950775081,85.2415756046
616.9090926617,84.7973042548
617.6231078152,84.9290730911
618.3371229688,85.1143457068
619.0511381223,85.3193700347
619.7651532758,85.3405961262
620.4791684294,85.0661683228
621.1931835829,85.3590444685
621.9071987365,85.4053075244
622.6212138900,84.9336044314
623.3352290436,85.0488145837
624.0492441971,85.1708010307
624.7632593507,85.0139433652
625.4772745042,85.1561037774
626.1912896577,85.2729441559
626.9053048113,85.3032182201
627.6193199648,85.1839691024
628.3333351184,85.0222786368
629.0473502719,85.2495323390
629.7613654255,85.2820156486
630.4753805790,85.0909128087
631.1893957325,85.3165398266
631.9034108861,85.6309848301
632.6174260396,85.6349838993
633.3314411932,85.2593482976
634.0454563467,85.1087491361
634.7594715003,85.5654013964
635.4734866538,85.5237581769
636.1875018074,85.1671663356
636.9015169609,85.5474030524
637.6155321144,85.7372171062
638.3295472680,85.4572764212
639.0435624215,85.5380312376
639.7575775751,85.8003925941
640.4715927286,85.8366170684
641.1856078822,85.4932979517
641.8996230357,85.4323631489
642.6136381892,86.0401455401
643.3276533428,86.1265838334
644.0416684963,85.9747283126
644.7556836499,86.3275708219
645.4696988034,86.2006496531
646.1837139570,86.0368703146
646.8977291105,86.4864535304
647.6117442640,86.6233351652
648.3257594176,86.6026357358
649.0397745711,86.6003858930
649.7537897247,86.4790328273
650.4678048782,86.7079604988
651.1818200318,86.5599685704
651.8958351853,86.0859497053
652.6098503389,86.5157593668
653.3238654924,86.9255813872
654.0378806459,86.7074889464
654.7518957995,86.9004276393
655.4659109530,87.2452151283
656.1799261066,87.1534242459
656.8939412601,86.8849059220
657.6079564137,86.7517073712
658.3219715672,87.0273216683
659.0359867207,87.2552408883
659.7500018743,87.0782194960
660.4640170278,87.1326077203
661.1780321814,87.2864874218
661.8920473349,87.0205256327
662.6060624885,86.8767856216
663.3200776420,87.1826742722
664.0340927956,87.3568616516
664.7481079491,87.1345616819
665.4621231026,87.1682533508
666.1761382562,87.4909526967
666.8901534097,87.1062321406
667.6041685633,84.7692253263
668.3181837168,88.2352332489
669.0321988704,88.2266299700
669.7462140239,87.2673787240
670.4602291774,87.2053593355
671.1742443310,87.6627765431
671.8882594845,87.4280986843
672.6022746381,87.3462318209
673.3162897916,87.5801912426
674.0303049452,87.4885556697
674.7443200987,87.5275804197
675.4583352522,87.6220249443
676.1723504058,87.3303896198
676.8863655593,87.1394695973
677.6003807129,87.2417509699
678.3143958664,87.4099307661
679.0284110200,87.5463767451
679.7424261735,87.5204786917
680.4564413271,87.3924372233
681.1704564806,87.4623567715
681.8844716341,87.7322700893
682.5984867877,87.8717003205
683.3125019412,87.8811264346
684.0265170948,87.8902348394
684.7405322483,87.6975717675
685.4545474019,87.6260918849
686.1685625554,87.9646737295
686.8825777089,87.9697773700
687.5965928625,87.6374273504
688.3106080160,87.6265638126
689.0246231696,87.7209448332
689.7386383231,87.9046481230
690.4526534767,88.0862693345
691.1666686302,87.9761497523
691.8806837838,88.1170776886
692.5946989373,88.2125367603
693.3087140908,87.7039442333
694.0227292444,87.6066631166
694.7367443979,88.0854760041
695.4507595515,88.1951177827
696.1647747050,87.9475346072
696.8787898586,87.8242370215
697.5928050121,88.0924514293
698.3068201656,88.2957993215
699.0208353192,87.9217323479
699.7348504727,87.8239531809
700.4488656263,88.3368699419
701.1628807798,88.5638643146
701.8768959334,88.3391850515
702.5909110869,88.2072987390
703.3049262404,88.3977343143
704.0189413940,88.5925453387
704.7329565475,88.5787234308
705.4469717011,88.7769880883
706.1609868546,88.9281481349
706.8750020082,88.7067800531
707.5890171617,88.8299011064
708.3030323153,89.1009823093
709.0170474688,89.0034268008
709.7310626223,89.1142686525
710.4450777759,89.3433306972
711.1590929294,89.3479138428
711.8731080830,89.3900634896
712.5871232365,89.4079396935
713.3011383901,89.4729746642
714.0151535436,89.4955932086
714.7291686971,89.3208171829
715.4431838507,89.5931654915
716.1571990042,90.0106346706
716.8712141578,89.7516226554
717.5852293113,89.5660462375
718.2992444649,89.7494627628
719.0132596184,89.7586418881
719.7272747720,89.9125011083
720.4412899255,90.2598125247
721.1553050790,90.2821620879
721.8693202326,90.1996287779
722.5833353861,90.1584179505
723.2973505397,90.1691755029
724.0113656932,90.5616296494
724.7253808468,90.9871315182
725.4393960003,90.8574243928
726.1534111538,90.7350488572
726.8674263074,90.9628842035
727.5814414609,91.0429235775
728.2954566145,91.2246888595
729.0094717680,91.5844566655
729.7234869216,91.5939525623
730.4375020751,91.7164035212
731.1515172287,92.0135479206
731.8655323822,91.8562936656
732.5795475357,91.8632234387
733.2935626893,92.3091218017
734.0075778428,92.4828722420
734.7215929964,92.4145384604
735.4356081499,92.3857678847
736.1496233035,92.5141023432
736.8636384570,92.6928889395
737.5776536105,92.5803627102
738.2916687641,92.6252069129
739.0056839176,92.9261260869
739.7196990712,92.9165390833
740.4337142247,92.8445765599
741.1477293783,92.7192506735
741.8617445318,92.4898501710
742.5757596853,92.6793643502
743.2897748389,92.7235127095
744.0037899924,92.4195149948
744.7178051460,92.5693395048
745.4318202995,92.6572775107
746.1458354531,92.3830020268
746.8598506066,92.4324701796
747.5738657602,92.4831492425
748.2878809137,92.2257488945
749.0018960672,92.1302832821
749.7159112208,92.2442225692
750.4299263743,92.3083079940
751.1439415279,92.2752058388
751.8579566814,92.3335985742
752.5719718350,92.4736506891
753.2859869885,92.4086484183
754.0000021420,92.2397008768
754.7140172956,92.2719010449
755.4280324491,92.4525728343
756.1420476027,92.4040317693
756.8560627562,92.1693425244
757.5700779098,92.3949717899
758.2840930633,92.7486573805
758.9981082169,92.4660269466
759.7121233704,92.3083455509
760.4261385239,92.5953452171
761.1401536775,92.5261187590
761.8541688310,92.4210451423
762.5681839846,92.7403689953
763.2821991381,92.8917020303
763.9962142917,92.7013861018
764.7102294452,92.6637090767
765.4242445987,92.8951228352
766.1382597523,92.9295407347
766.8522749058,92.7924246255
767.5662900594,92.9087473516
768.2803052129,92.9340607218
768.9943203665,92.7474105545
769.7083355200,92.8094829115
770.4223506735,92.9325345833
771.1363658271,92.9725643201
771.8503809806,93.0210874693
772.5643961342,93.0456254481
773.2784112877,93.2432049812
773.9924264413,93.2925445133
774.7064415948,93.0296835084
775.4204567484,93.0788947473
776.1344719019,93.2745239505
776.8484870554,93.3642924947
777.5625022090,93.5791065945
778.2765173625,93.5912731740
778.9905325161,93.4877072450
779.7045476696,93.5773073750
780.4185628232,93.6355659490
781.1325779767,93.6455178247
781.8465931302,93.4758373566
782.5606082838,93.4691544062
783.2746234373,93.9523303081
783.9886385909,93.8420219104
784.7026537444,93.4557642166
785.4166688980,93.9114725873
786.1306840515,94.0842391604
786.8446992051,93.7498363996
787.5587143586,93.9579060516
788.2727295121,94.1430668359
788.9867446657,94.0595173041
789.7007598192,94.0618417281
790.4147749728,94.0803580866
791.1287901263,94.3419332847
791.8428052799,94.3867410605
792.5568204334,94.0744569515
793.2708355869,94.2948393847
793.9848507405,94.5854735205
794.6988658940,94.3657262861
795.4128810476,94.2685939395
796.1268962011,94.3471261651
796.8409113547,94.4457603176
797.5549265082,94.4169668326
798.2689416617,94.1667476281
798.9829568153,94.2898491537
799.6969719688,94.5406446203
800.4109871224,94.3785797431
801.1250022759,94.4718903305
801.8390174295,94.7075569716
802.5530325830,94.4061796090
803.2670477366,94.1696705569
803.9810628901,94.4369765772
804.6950780436,94.5786644182
805.4090931972,94.2253538972
806.1231083507,94.0245977224
806.8371235043,94.3960322941
807.5511386578,94.5029056674
808.2651538114,94.1261005586
808.9791689649,94.2133620177
809.6931841184,94.5498554352
810.4071992720,94.4634198209
811.1212144255,94.3444242132
811.8352295791,94.5243046974
812.5492447326,94.6862655336
813.2632598862,94.2901558867
813.9772750397,93.7687693084
814.6912901933,94.2779375998
815.4053053468,94.8995979104
816.1193205003,94.3167021526
816.8333356539,94.1569865332
817.5473508074,94.9266327022
818.2613659610,94.7103146364
818.9753811145,93.9082568699
819.6893962681,94.1044264137
820.4034114216,94.6183012829
821.1174265751,94.3350474335
821.8314417287,93.7337461935
822.5454568822,94.0235869484
823.2594720358,94.7099248782
823.9734871893,94.2174179256
824.6875023429,93.6052856292
825.4015174964,94.2577309078
826.1155326499,94.6659723787
826.8295478035,94.1158723201
827.5435629570,93.9668591064
828.2575781106,94.4289066291
828.9715932641,94.5211188775
829.6856084177,93.8870514440
830.3996235712,93.8224092556
831.1136387248,94.7536320404
831.8276538783,94.6184127814
832.5416690318,93.6801246637
833.2556841854,94.1839283972
833.9696993389,94.7879957870
834.6837144925,94.0043549433
835.3977296460,93.6287570101
836.1117447996,94.3400407743
836.8257599531,94.7803412157
837.5397751066,94.2589997276
838.2537902602,93.8616954424
838.9678054137,94.5602558384
839.6818205673,94.8809477112
840.3958357208,94.0036573028
841.1098508744,93.8519046496
841.8238660279,94.5644874520
842.5378811815,94.5827752128
843.2518963350,94.1452636450
843.9659114885,94.2639451757
844.6799266421,94.7638397938
845.3939417956,94.5831431653
846.1079569492,93.9413137327
846.8219721027,94.2716683360
847.5359872563,94.8796828558
848.2500024098,94.4250362520
848.9640175633,94.0390267846
849.6780327169,94.3770594433
850.3920478704,94.5562482914
851.1060630240,94.3535783514
851.8200781775,94.2493843167
852.5340933311,94.5395812119
853.2481084846,94.6074566052
853.9621236381,94.1048950937
854.6761387917,94.2520785530
855.3901539452,94.8977897308
856.1041690988,94.6323509774
856.8181842523,94.3081495431
857.5321994059,94.7846405914
858.2462145594,94.8966706125
858.9602297130,94.4305599007
859.6742448665,94.3551780071
860.3882600200,94.6755466940
861.1022751736,94.7150779062
861.8162903271,94.4562707723
862.5303054807,94.5127800376
863.2443206342,94.8114466070
863.9583357878,94.7893641798
864.6723509413,94.6506988935
865.3863660948,94.6985830269
866.1003812484,94.6860377654
866.8143964019,94.5542414922
867.5284115555,94.5207896309
868.2424267090,94.6798543334
868.9564418626,94.7641152832
869.6704570161,94.5534945182
870.3844721697,94.5165258098
871.0984873232,94.7826034564
871.8125024767,94.6256510541
872.5265176303,94.2414545229
873.2405327838,94.4693933282
873.9545479374,94.8112070240
874.6685630909,94.5504904234
875.3825782445,94.3488268024
876.0965933980,94.6270002342
876.8106085515,94.6442861576
877.5246237051,94.2664029058
878.2386388586,94.2586092552
878.9526540122,94.5638285688
879.6666691657,94.5296147681
880.3806843193,94.3718055733
881.0946994728,94.4670678572
881.8087146264,94.5363875156
882.5227297799,94.4869673444
883.2367449334,94.4697461287
883.9507600870,94.4935928749
884.6647752405,94.6441993259
885.3787903941,94.7217275851
886.0928055476,94.5367778927
886.8068207012,94.5160591919
887.5208358547,94.7119363426
888.2348510082,94.7407610522
888.9488661618,94.7378221850
889.6628813153,94.8488672185
890.3768964689,94.9055756225
891.0909116224,94.8700131949
891.8049267760,94.8670335802
892.5189419295,95.0111186539
893.2329570830,95.0191066599
893.9469722366,94.7199864514
894.6609873901,94.5903987264
895.3750025437,94.6153929734
896.0890176972,94.4722529298
896.8030328508,94.4711554926
897.5170480043,94.5030274067
898.2310631579,94.2294515826
898.9450783114,94.0787268292
899.6590934649,94.2179813236
900.3731086185,94.2842515249
901.0871237720,94.2184646244
901.8011389256,94.1681754674
902.5151540791,94.2053543768
903.2291692327,94.2293610995
903.9431843862,94.1769531158
904.6571995397,94.1626860312
905.3712146933,94.1659675494
906.0852298468,94.2035437399
906.7992450004,94.2819693235
907.5132601539,94.2316200688
908.2272753075,94.2058518041
908.9412904610,94.3298539931
909.6553056146,94.3463329777
910.3693207681,94.2787187420
911.0833359216,94.3250076607
911.7973510752,94.3622822650
912.5113662287,94.2608112359
913.2253813823,94.1948178208
913.9393965358,94.2872598062
914.6534116894,94.2450302541
915.3674268429,94.0589964118
916.0814419964,94.1067362612
916.7954571500,94.2054182064
917.5094723035,94.1714640455
918.2234874571,94.2060117950
918.9375026106,94.1376017760
919.6515177642,94.0493348354
920.3655329177,94.2216892537
921.0795480712,94.2861951126
921.7935632248,94.1548177213
922.5075783783,94.1120004636
923.2215935319,94.0888277402
923.9356086854,94.1474710739
924.6496238390,94.2687470069
925.3636389925,94.2386835167
926.0776541461,94.2101690611
926.7916692996,94.2476599093
927.5056844531,94.2521836944
928.2196996067,94.3241636205
928.9337147602,94.4498158488
929.6477299138,94.5250049239
930.3617450673,94.5484086665
931.0757602209,94.5967981327
931.7897753744,94.6927025592
932.5037905279,94.6692679161
933.2178056815,94.6566837944
933.9318208350,94.9063527921
934.6458359886,95.0895401980
935.3598511421,95.0669257321
936.0738662957,95.2181182750
936.7878814492,95.4089439709
937.5018966028,95.3203792146
938.2159117563,95.2657416358
938.9299269098,95.4617838674
939.6439420634,95.5485535590
940.3579572169,95.4909059023
941.0719723705,95.5858515810
941.7859875240,95.6639866472
942.5000026776,95.6823874401
943.2140178311,95.8202383677
943.9280329846,95.7247809894
944.6420481382,95.5044704949
945.3560632917,95.6576363351
946.0700784453,95.7563036201
946.7840935988,95.6360419102
947.4981087524,95.7478282427
948.2121239059,95.8415251853
948.9261390594,95.7762328393
949.6401542130,95.8502904227
950.3541693665,95.9444524324
951.0681845201,95.9905698505
951.7821996736,96.0556070544
952.4962148272,96.0567210854
953.2102299807,96.0617366450
953.9242451343,96.1105970835
954.6382602878,96.1153656146
955.3522754413,96.0177529829
956.0662905949,95.9597311281
956.7803057484,96.1623654863
957.4943209020,96.2507140118
958.2083360555,95.9540153219
958.9223512091,95.8014120856
959.6363663626,95.8383482736
960.3503815161,95.7211705863
961.0643966697,95.6559297241
961.7784118232,95.6551746088
962.4924269768,95.5353081763
963.2064421303,95.4558080757
963.9204572839,95.4398796443
964.6344724374,95.3412835927
965.3484875910,95.1847404375
966.0625027445,95.0805403161
966.7765178980,95.0042871276
967.4905330516,94.8390379695
968.2045482051,94.6872525442
968.9185633587,94.5949009488
969.6325785122,94.4058707537
970.3465936658,94.2085609949
971.0606088193,94.0919274335
971.7746239728,93.9645297796
972.4886391264,93.7667324857
973.2026542799,93.4457648665
973.9166694335,93.2704256793
974.6306845870,93.3925312026
975.3446997406,93.3178468663
976.0587148941,93.0021128566
976.7727300476,92.8589776756
977.4867452012,92.7938252994
978.2007603547,92.7678127676
978.9147755083,92.8459324610
979.6287906618,92.7962340562
980.3428058154,92.7616689229
981.0568209689,92.9103158864
981.7708361225,92.9348759721
982.4848512760,92.9068899494
983.1988664295,93.0286729726
983.9128815831,93.0264957497
984.6268967366,92.9248428227
985.3409118902,93.0007146434
986.0549270437,93.0669249792
986.7689421973,92.9611099079
987.4829573508,92.8432816589
988.1969725043,92.7784247673
988.9109876579,92.7394061449
989.6250028114,92.6627307583
990.3390179650,92.5027509627
991.0530331185,92.3819357849
991.7670482721,92.3136964280
992.4810634256,92.2027981792
993.1950785792,92.1231278302
993.9090937327,92.0711735051
994.6231088862,92.0012491024
995.3371240398,92.0211547812
996.0511391933,92.0902884524
996.7651543469,92.0564235199
997.4791695004,91.9891416498
998.1931846540,92.0696580666
998.9071998075,92.2170940852
999.6212149610,92.1853551102
1000.3352301146,92.0992972478
1001.0492452681,92.1353625609
1001.7632604217,92.1023937939
1002.4772755752,92.0689724094
1003.1912907288,92.2468813248
1003.9053058823,92.4169852187
1004.6193210359,92.4261658473
1005.3333361894,92.3887055309
1006.0473513429,92.4595404566
1006.7613664965,92.6387217403
1007.4753816500,92.6424975178
1008.1893968036,92.5639609613
1008.9034119571,92.6687954032
1009.6174271107,92.6575523032
1010.3314422642,92.5505944601
1011.0454574177,92.6262133146
1011.7594725713,92.5885040745
1012.4734877248,92.4433599801
1013.1875028784,92.4498935565
1013.9015180319,92.4500245926
1014.6155331855,92.4305344530
1015.3295483390,92.4143109028
1016.0435634925,92.3389746880
1016.7575786461,92.3038098094
1017.4715937996,92.2558417664
1018.1856089532,92.2393107172
1018.8996241067,92.2875355366
1019.6136392603,92.2279760028
1020.3276544138,92.3258907814
1021.0416695674,92.5753747146
1021.7556847209,92.4964542952
1022.4696998744,92.3775687051
1023.1837150280,92.4729722103
1023.8977301815,92.4695663516
1024.6117453351,92.5055593213
1025.3257604886,92.5744413644
1026.0397756422,92.3621058028
1026.7537907957,92.1960605088
1027.4678059492,92.2969081698
1028.1818211028,92.2678409818
1028.8958362563,92.0599463678
1029.6098514099,92.0006056691
1030.3238665634,92.0507257044
1031.0378817170,91.9979192059
1031.7518968705,91.9300064100
1032.4659120241,91.9174968838
1033.1799271776,91.8969965349
1033.8939423311,91.9394338016
1034.6079574847,92.0671821745
1035.3219726382,92.1827670465
1036.0359877918,92.2181431379
1036.7500029453,92.2330882682
1037.4640180989,92.3862491055
1038.1780332524,92.5181237439
1038.8920484059,92.4533216374
1039.6060635595,92.4154890270
1040.3200787130,92.4114445153
1041.0340938666,92.4283667687
1041.7481090201,92.5550512490
1042.4621241737,92.4688321761
1043.1761393272,92.3175112669
1043.8901544807,92.4671466878
1044.6041696343,92.5252945777
1045.3181847878,92.4821290963
1046.0321999414,92.5414028896
1046.7462150949,92.4206076888
1047.4602302485,92.3699932496
1048.1742454020,92.4821994285
1048.8882605556,92.3829691331
1049.6022757091,92.3354078348
1050.3162908626,92.3547263303
1051.0303060162,92.2035513416
1051.7443211697,92.1885148255
1052.4583363233,92.2329329361
1053.1723514768,92.1371739397
1053.8863666304,92.0720645400
1054.6003817839,91.9994654910
1055.3143969374,91.9840609349
1056.0284120910,92.0145580495
1056.7424272445,91.8983433961
1057.4564423981,91.8942450017
1058.1704575516,92.0610360871
1058.8844727052,92.1087878401
1059.5984878587,92.0645920701
1060.3125030123,91.9709163036
1061.0265181658,91.8762269715
1061.7405333193,91.8383547571
1062.4545484729,91.7582291537
1063.1685636264,91.7603734180
1063.8825787800,91.8654408560
1064.5965939335,91.8682956427
1065.3106090871,91.8987271045
1066.0246242406,92.0421624015
1066.7386393941,92.1306539773
1067.4526545477,92.1916727636
1068.1666697012,92.3498154542
1068.8806848548,92.5745154209
1069.5947000083,92.6632179167
1070.3087151619,92.5800475697
1071.0227303154,92.6307148608
1071.7367454689,92.8632872399
1072.4507606225,92.9967907002
1073.1647757760,92.9972924317
1073.8787909296,93.0646194028
1074.5928060831,93.2014391785
1075.3068212367,93.1748976834
1076.0208363902,93.0140300552
1076.7348515438,93.0457228342
1077.4488666973,93.2701233472
1078.1628818508,93.3708655116
1078.8768970044,93.2806111341
1079.5909121579,93.2992929803
1080.3049273115,93.4998718800
1081.0189424650,93.5703380691
1081.7329576186,93.6505087342
1082.4469727721,93.8754250359
1083.1609879256,93.7858301347
1083.8750030792,93.6200810349
1084.5890182327,93.8043440854
1085.3030333863,93.8163945296
1086.0170485398,93.6700473161
1086.7310636934,93.7913188783
1087.4450788469,93.8698399535
1088.1590940005,93.8616126038
1088.8731091540,93.9472130228
1089.5871243075,93.9232160152
1090.3011394611,93.8469013606
1091.0151546146,93.8167201946
1091.7291697682,93.7283584938
1092.4431849217,93.6791552224
1093.1572000753,93.7323192474
1093.8712152288,93.7498879674
1094.5852303823,93.7210061494
1095.2992455359,93.8137103511
1096.0132606894,93.8722503773
1096.7272758430,93.6834082402
1097.4412909965,93.6706066596
1098.1553061501,93.8528225258
1098.8693213036,93.6862794285
1099.5833364571,93.5225016059
1100.2973516107,93.6477134918
1101.0113667642,93.6156370313
1101.7253819178,93.5184295413
1102.4393970713,93.5273984161
1103.1534122249,93.4372866532
1103.8674273784,93.2845458357
1104.5814425320,93.1689316630
1105.2954576855,93.2286052988
1106.0094728390,93.3823743992
1106.7234879926,93.3229789074
1107.4375031461,93.2577607589
1108.1515182997,93.2925134388
1108.8655334532,93.2151692240
1109.5795486068,93.2288688930
1110.2935637603,93.3618745502
1111.0075789138,93.4019414254
1111.7215940674,93.3567421972
1112.4356092209,93.2381346366
1113.1496243745,93.2461829788
1113.8636395280,93.3546276815
1114.5776546816,93.2045438599
1115.2916698351,93.0332873769
1116.0056849887,93.0926944483
1116.7197001422,93.1031031827
1117.4337152957,93.0114894764
1118.1477304493,92.9582308402
1118.8617456028,92.9683399956
1119.5757607564,92.9541031532
1120.2897759099,92.8653024775
1121.0037910635,92.8628679323
1121.7178062170,92.9035255800
1122.4318213705,92.8825193927
1123.1458365241,92.9317561302
1123.8598516776,92.9518726636
1124.5738668312,92.9035767196
1125.2878819847,92.9373100987
1126.0018971383,92.9720441304
1126.7159122918,93.0417956271
1127.4299274454,93.1340788046
1128.1439425989,93.1093371441
1128.8579577524,93.1527457714
1129.5719729060,93.2130219299
1130.2859880595,93.1412235177
1131.0000032131,93.1864727790
1131.7140183666,93.2660407900
1132.4280335202,93.2078800144
1133.1420486737,93.1898424274
1133.8560638272,93.2148827274
1134.5700789808,93.2291972426
1135.2840941343,93.1895970570
1135.9981092879,93.1049850439
1136.7121244414,93.2381142896
1137.4261395950,93.4172175845
1138.1401547485,93.2865655454
1138.8541699020,93.1436046517
1139.5681850556,93.1815127172
1140.2822002091,93.1959108868
1140.9962153627,93.1747262771
1141.7102305162,93.1609104526
1142.4242456698,93.1355031879
1143.1382608233,93.1139601634
1143.8522759769,93.0624231582
1144.5662911304,93.0175457019
1145.2803062839,93.0639886867
1145.9943214375,93.1059271007
1146.7083365910,93.0691222572
1147.4223517446,93.0998327628
1148.1363668981,93.1580326804
1148.8503820517,93.0469056538
1149.5643972052,92.9275269160
1150.2784123587,92.9163664868
1150.9924275123,92.8645769192
1151.7064426658,92.8389251031
1152.4204578194,92.8386189506
1153.1344729729,92.7558550980
1153.8484881265,92.7352400164
1154.5625032800,92.7693448270
1155.2765184336,92.7170685975
1155.9905335871,92.5893643426
1156.7045487406,92.4475334374
1157.4185638942,92.4657627586
1158.1325790477,92.5382031398
1158.8465942013,92.3812927422
1159.5606093548,92.2495283017
1160.2746245084,92.3040788750
1160.9886396619,92.2972151573
1161.7026548154,92.2464440829
1162.4166699690,92.2385485376
1163.1306851225,92.2226745094
1163.8447002761,92.1704284683
1164.5587154296,92.0594270528
1165.2727305832,92.0047428604
1165.9867457367,92.0236461572
1166.7007608902,91.9785406226
1167.4147760438,91.9258070824
1168.1287911973,91.9300915925
1168.8428063509,91.9434140021
1169.5568215044,91.9165134317
1170.2708366580,91.8733111953
1170.9848518115,91.8885443705
1171.6988669651,91.8127235683
1172.4128821186,91.7066801289
1173.1268972721,91.8683261873
1173.8409124257,91.9742691247
1174.5549275792,91.8469529701
1175.2689427328,91.8721230267
1175.9829578863,91.9371194349
1176.6969730399,91.9193731958
1177.4109881934,91.9637851059
1178.1250033469,91.9387059817
1178.8390185005,91.9581315723
1179.5530336540,92.0730654199
1180.2670488076,92.0568281288
1180.9810639611,92.0643642094
1181.6950791147,92.0559305417
1182.4090942682,91.9268311062
1183.1231094218,91.9557371624
1183.8371245753,91.9921121579
1184.5511397288,91.8756884328
1185.2651548824,91.8167138201
1185.9791700359,91.7706701379
1186.6931851895,91.7451714842
1187.4072003430,91.7173784105
1188.1212154966,91.5695171473
1188.8352306501,91.5283247644
1189.5492458036,91.5167776247
1190.2632609572,91.3430357145
1190.9772761107,91.2862416241
1191.6912912643,91.2906336438
1192.4053064178,91.1640272317
1193.1193215714,91.0758910373
1193.8333367249,91.0350398989
1194.5473518784,90.9960782686
1195.2613670320,90.9248389540
1195.9753821855,90.7526742964
1196.6893973391,90.6806033539
1197.4034124926,90.7248813641
1198.1174276462,90.6542334027
1198.8314427997,90.5356782661
1199.5454579533,90.4697580759
1200.2594731068,90.4031733236
1200.9734882603,90.3157346927
1201.6875034139,90.2455476045
1202.4015185674,90.2195249167
1203.1155337210,90.1055018626
1203.8295488745,89.9313249478
1204.5435640281,89.9253191667
1205.2575791816,89.9145474186
1205.9715943351,89.7136046437
1206.6856094887,89.5697142917
1207.3996246422,89.5567367810
1208.1136397958,89.5109019816
1208.8276549493,89.4133577363
1209.5416701029,89.3424249106
1210.2556852564,89.3192483037
1210.9697004100,89.2077384557
1211.6837155635,89.0299163403
1212.3977307170,89.0475145671
1213.1117458706,89.1179414136
1213.8257610241,88.9509599708
1214.5397761777,88.8006468344
1215.2537913312,88.8648836122
1215.9678064848,88.8604241758
1216.6818216383,88.7204885673
1217.3958367918,88.6806865974
1218.1098519454,88.7316198508
1218.8238670989,88.7138271779
1219.5378822525,88.6253918442
1220.2518974060,88.5549495849
1220.9659125596,88.5530930502
1221.6799277131,88.5483894643
1222.3939428666,88.4978259377
1223.1079580202,88.5209451561
1223.8219731737,88.5562114188
1224.5359883273,88.4666080026
1225.2500034808,88.4399145206
1225.9640186344,88.5190962409
1226.6780337879,88.4957424182
1227.3920489415,88.4671552958
1228.1060640950,88.5339181132
1228.8200792485,88.5785973323
1229.5340944021,88.6030906691
1230.2481095556,88.6134519676
1230.9621247092,88.6427156660
1231.6761398627,88.7829917358
1232.3901550163,88.8890000989
1233.1041701698,88.9281526196
1233.8181853233,89.0827613942
1234.5322004769,89.2162620545
1235.2462156304,89.2401222393
1235.9602307840,89.3711240266
1236.6742459375,89.5265086251
1237.3882610911,89.5487073471
1238.1022762446,89.6245955401
1238.8162913982,89.7690963972
1239.5303065517,89.8095652886
1240.2443217052,89.8199732843
1240.9583368588,89.8701303686
1241.6723520123,89.9308309783
1242.3863671659,90.0413911878
1243.1003823194,90.1180837479
1243.8143974730,90.1302396278
1244.5284126265,90.2419825950
1245.2424277800,90.3810489860
1245.9564429336,90.4069587200
1246.6704580871,90.4803142602
1247.3844732407,90.6577403479
1248.0984883942,90.7279555475
1248.8125035478,90.6996139889
1249.5265187013,90.8259532796
1250.2405338549,91.0194138517
1250.9545490084,91.0112323510
1251.6685641619,90.9750108563
1252.3825793155,90.9771588972
1253.0965944690,90.8075200465
1253.8106096226,90.7230733250
1254.5246247761,90.8370313846
1255.2386399297,90.8197988808
1255.9526550832,90.7321245621
1256.6666702367,90.6576646499
1257.3806853903,90.5678177446
1258.0947005438,90.6250621599
1258.8087156974,90.6190590103
1259.5227308509,90.4807191180
1260.2367460045,90.5810609134
1260.9507611580,90.6777253567
1261.6647763115,90.5111523372
1262.3787914651,90.4719242228
1263.0928066186,90.5881101319
1263.8068217722,90.5702583698
1264.5208369257,90.5013149327
1265.2348520793,90.5889026462
1265.9488672328,90.7330366939
1266.6628823864,90.7270052155
1267.3768975399,90.7489807331
1268.0909126934,90.9032899280
1268.8049278470,90.8968545384
1269.5189430005,90.8022173246
1270.2329581541,90.8554493462
1270.9469733076,90.9572164129
1271.6609884612,91.0582727357
1272.3750036147,91.1318935069
1273.0890187682,91.1737677993
1273.8030339218,91.2283078306
1274.5170490753,91.2073454879
1275.2310642289,91.2488453617
1275.9450793824,91.3944037476
1276.6590945360,91.3717808622
1277.3731096895,91.3065185243
1278.0871248431,91.3492118054
1278.8011399966,91.3830532939
1279.5151551501,91.4175051004
1280.2291703037,91.3735268065
1280.9431854572,91.3382052237
1281.6572006108,91.4574690130
1282.3712157643,91.4543907821
1283.0852309179,91.3681458420
1283.7992460714,91.4164318449
1284.5132612249,91.4185967045
1285.2272763785,91.4104035077
1285.9412915320,91.4700712379
1286.6553066856,91.4852540845
1287.3693218391,91.5146067508
1288.0833369927,91.5104719065
1288.7973521462,91.4594470742
1289.5113672997,91.4495482741
1290.2253824533,91.4010767990
1290.9393976068,91.4117562924
1291.6534127604,91.4898169594
1292.3674279139,91.4497792016
1293.0814430675,91.4174782691
1293.7954582210,91.4535204548
1294.5094733746,91.4615071238
1295.2234885281,91.4447085795
1295.9375036816,91.3952557774
1296.6515188352,91.4538090337
1297.3655339887,91.5606399560
1298.0795491423,91.4933711739
1298.7935642958,91.4546448791
1299.5075794494,91.4975470138
1300.2215946029,91.5267307982
1300.9356097564,91.6468021087
1301.6496249100,91.6690100585
1302.3636400635,91.5973441343
1303.0776552171,91.6412063490
1303.7916703706,91.5902443706
1304.5056855242,91.5129537470
1305.2197006777,91.5557281207
1305.9337158313,91.4565758379
1306.6477309848,91.3090034291
1307.3617461383,91.3123602668
1308.0757612919,91.3082981986
1308.7897764454,91.2069973872
1309.5037915990,91.1148535870
1310.2178067525,91.1469074260
1310.9318219061,91.1313378586
1311.6458370596,90.9702208791
1312.3598522131,90.9971714669
1313.0738673667,91.1105014651
1313.7878825202,91.0100321135
1314.5018976738,90.9847806730
1315.2159128273,91.0019705448
1315.9299279809,90.9238327907
1316.6439431344,90.9620284738
1317.3579582879,90.9737986454
1318.0719734415,90.9432535460
1318.7859885950,91.1094980641
1319.5000037486,91.1633818403
1320.2140189021,91.0069332706
1320.9280340557,90.9344652303
1321.6420492092,90.9441245553
1322.3560643628,90.9756314117
1323.0700795163,90.9975088537
1323.7840946698,90.9900263426
1324.4981098234,91.0161365359
1325.2121249769,91.0271208150
1325.9261401305,91.0332286220
1326.6401552840,91.0743524790
1327.3541704376,91.0656445660
1328.0681855911,91.0599201551
1328.7822007446,91.1102761837
1329.4962158982,91.1452285498
1330.2102310517,91.1482904849
1330.9242462053,91.1515293912
1331.6382613588,91.2293130124
1332.3522765124,91.2731454591
1333.0662916659,91.1880560275
1333.7803068195,91.2330255937
1334.4943219730,91.3038837283
1335.2083371265,91.1977925785
1335.9223522801,91.2744692539
1336.6363674336,91.4337468356
1337.3503825872,91.3039976219
1338.0643977407,91.3404006049
1338.7784128943,91.5614420701
1339.4924280478,91.5899051085
1340.2064432013,91.7524714855
1340.9204583549,91.8027936649
1341.6344735084,91.5365985021
1342.3484886620,91.5556578721
1343.0625038155,91.7355560138
1343.7765189691,91.6667452712
1344.4905341226,91.6641057472
1345.2045492761,91.6626534770
1345.9185644297,91.5468580259
1346.6325795832,91.6336528994
1347.3465947368,91.6922716712
1348.0606098903,91.5813751953
1348.7746250439,91.6382834661
1349.4886401974,91.6878074807
1350.2026553510,91.5867191053
1350.9166705045,91.5287952525
1351.6306856580,91.5023052071
1352.3447008116,91.5542282530
1353.0587159651,91.5714148840
1353.7727311187,91.4916113034
1354.4867462722,91.5757222306
1355.2007614258,91.5746802693
1355.9147765793,91.4461072043
1356.6287917328,91.5146688422
1357.3428068864,91.4548012553
1358.0568220399,91.4251884095
1358.7708371935,91.5892265490
1359.4848523470,91.3090381525
1360.1988675006,91.1984195173
1360.9128826541,91.6166665621
1361.6268978077,91.3133369162
1362.3409129612,91.1522265990
1363.0549281147,91.9517920323
1363.7689432683,91.7054982132
1364.4829584218,91.0524679846
1365.1969735754,91.0199813148
1365.9109887289,91.1048800332
1366.6250038825,91.0722437208
1367.3390190360,91.0756538740
1368.0530341895,91.1292665898
1368.7670493431,91.3786273640
1369.4810644966,91.4140930293
1370.1950796502,91.2667310318
1370.9090948037,91.5108633615
1371.6231099573,91.7132311022
1372.3371251108,91.5617998484
1373.0511402643,91.6973575637
1373.7651554179,92.0729760112
1374.4791705714,92.1547325276
1375.1931857250,92.1645575729
1375.9072008785,92.0128665463
1376.6212160321,91.8433453141
1377.3352311856,91.9141669763
1378.0492463392,92.0140158936
1378.7632614927,92.0192580443
1379.4772766462,92.1075010020
1380.1912917998,92.1486584253
1380.9053069533,92.1359162629
1381.6193221069,92.2262989721
1382.3333372604,92.2690508022
1383.0473524140,92.1847567620
1383.7613675675,92.0685785872
1384.4753827210,92.0464412382
1385.1893978746,92.1262749697
1385.9034130281,92.0028987163
1386.6174281817,91.9807016814
1387.3314433352,92.7310598894
1388.0454584888,92.7333668436
1388.7594736423,91.9995916131
1389.4734887959,91.8443794251
1390.1875039494,91.8668514723
1390.9015191029,91.6777492664
1391.6155342565,91.8014038676
1392.3295494100,91.8317105325
1393.0435645636,91.5015043365
1393.7575797171,91.5690451717
1394.4715948707,92.2948170979
1395.1856100242,92.2539139630
1395.8996251777,91.6356547023
1396.6136403313,91.3255089087
1397.3276554848,91.1908114448
1398.0416706384,90.9509675017
1398.7556857919,91.2124600833
1399.4697009455,91.6136473403
1400.1837160990,90.9191236625
1400.8977312526,90.4378922552
1401.6117464061,90.4565044048
1402.3257615596,90.4493108677
1403.0397767132,90.2899033427
1403.7537918667,90.0241773984
1404.4678070203,90.1452133154
1405.1818221738,90.7698137758
1405.8958373274,90.2441303506
1406.6098524809,89.7296149534
1407.3238676344,89.9482832687
1408.0378827880,89.8400931734
1408.7518979415,89.6359827967
1409.4659130951,89.8706238804
1410.1799282486,89.7110586796
1410.8939434022,89.6002082908
1411.6079585557,89.7795168574
1412.3219737092,89.6674060694
1413.0359888628,89.7796241561
1413.7500040163,89.8136956893
1414.4640191699,89.6032901874
1415.1780343234,89.7815018488
1415.8920494770,89.6599524705
1416.6060646305,89.6135399592
1417.3200797841,90.2290410316
1418.0340949376,89.7261387187
1418.7481100911,89.6318798634
1419.4621252447,92.8006632134
1420.1761403982,90.4816719675
1420.8901555518,89.4405868674
1421.6041707053,89.6701367881
1422.3181858589,89.4541188257
1423.0322010124,89.2872850683
1423.7462161659,90.1570675645
1424.4602313195,89.8581245221
1425.1742464730,89.2956714712
1425.8882616266,89.3641692626
1426.6022767801,89.1643796495
1427.3162919337,89.0047289030
1428.0303070872,89.0264203750
1428.7443222408,88.7170705839
1429.4583373943,88.8979509985
1430.1723525478,89.3850381980
1430.8863677014,88.6631718273
1431.6003828549,88.2267744868
1432.3143980085,88.3224502386
1433.0284131620,88.1163834103
1433.7424283156,87.9571617551
1434.4564434691,87.9297296594
1435.1704586226,87.5035624143
1435.8844737762,87.3290492286
1436.5984889297,89.3391693495
1437.3125040833,88.8262991532
1438.0265192368,87.5165184571
1438.7405343904,87.1232027636
1439.4545495439,87.3115602021
1440.1685646974,87.1962830094
1440.8825798510,87.0909042625
1441.5965950045,87.2630482672
1442.3106101581,87.2231414599
1443.0246253116,87.2522320474
1443.7386404652,87.3442634728
1444.4526556187,87.2551285202
1445.1666707723,87.4275208880
1445.8806859258,87.4951354452
1446.5947010793,87.2287274915
1447.3087162329,87.6009863821
1448.0227313864,88.5617564536
1448.7367465400,88.1327023893
1449.4507616935,87.7348074820
1450.1647768471,87.9232915945
1450.8787920006,88.0300515009
1451.5928071541,88.1351048895
1452.3068223077,88.6642570978
1453.0208374612,88.5231463258
1453.7348526148,88.2965133794
1454.4488677683,88.9518530383
1455.1628829219,89.1641885830
1455.8768980754,88.8465476470
1456.5909132290,91.1577886451
1457.3049283825,91.3676525612
1458.0189435360,90.1502934532
1458.7329586896,90.4296961738
1459.4469738431,90.1471889814
1460.1609889967,89.5212742276
1460.8750041502,89.3640021963
1461.5890193038,89.2929374653
1462.3030344573,89.3512457218
1463.0170496108,89.4040933448
1463.7310647644,89.0492722951
1464.4450799179,89.4209963257
1465.1590950715,90.6244883382
1465.8731102250,89.3143635115
1466.5871253786,88.6125184869
1467.3011405321,88.8929482911
1468.0151556856,88.8065997055
1468.7291708392,88.5974033795
1469.4431859927,88.9304858503
1470.1572011463,88.7741188269
1470.8712162998,88.6618009068
1471.5852314534,89.8427323155
1472.2992466069,90.1701759782
1473.0132617605,89.8456364582
1473.7272769140,90.5036514981
1474.4412920675,89.3289142874
1475.1553072211,88.4073386812
1475.8693223746,88.9281639037
1476.5833375282,89.7240529052
1477.2973526817,88.4290862436
1478.0113678353,87.9320385943
1478.7253829888,88.2815141088
1479.4393981423,88.0090272630
1480.1534132959,87.6470800679
1480.8674284494,87.9825907662
1481.5814436030,87.9486969891
1482.2954587565,87.5771331374
1483.0094739101,87.4278512040
1483.7234890636,87.2078448810
1484.4375042172,87.1875480324
1485.1515193707,87.1519754196
1485.8655345242,86.7482575005
1486.5795496778,86.8768773691
1487.2935648313,87.5330816778
1488.0075799849,86.8586338144
1488.7215951384,86.2044068715
1489.4356102920,86.5662929375
1490.1496254455,87.4151091470
1490.8636405990,86.8321855280
1491.5776557526,86.0975392008
1492.2916709061,85.5695578097
1493.0056860597,85.2060630650
1493.7197012132,85.2857168070
1494.4337163668,85.1857400915
1495.1477315203,84.6420962783
1495.8617466738,85.4228465684
1496.5757618274,86.8593515012
1497.2897769809,84.8887147384
1498.0037921345,84.2636358730
1498.7178072880,85.7343769580
1499.4318224416,85.2760180836
1500.1458375951,84.1951807725
1500.8598527487,84.1215296176
1501.5738679022,84.3096362461
1502.2878830557,84.1611912961
1503.0018982093,84.0624431171
1503.7159133628,83.7997511460
1504.4299285164,83.6256116761
1505.1439436699,84.4436092451
1505.8579588235,85.9774541208
1506.5719739770,85.5004692625
1507.2859891305,85.6946487935
1508.0000042841,85.0840581601
1508.7140194376,84.0229641169
1509.4280345912,83.7571209849
1510.1420497447,83.8446250535
1510.8560648983,83.1459300548
1511.5700800518,82.9352115777
1512.2840952054,84.0555319799
1512.9981103589,83.7773885622
1513.7121255124,82.9930377317
1514.4261406660,83.2093038539
1515.1401558195,83.8746485509
1515.8541709731,83.5808716188
1516.5681861266,84.0845437117
1517.2822012802,86.2869583966
1517.9962164337,84.9144055946
1518.7102315872,83.9383227137
1519.4242467408,83.8506885531
1520.1382618943,84.5014956975
1520.8522770479,86.2137665237
1521.5662922014,85.8077776019
1522.2803073550,85.5135811123
1522.9943225085,85.9549836982
1523.7083376621,84.9191039961
1524.4223528156,84.3396761113
1525.1363679691,85.8719970554
1525.8503831227,86.1147206202
1526.5643982762,85.0871555502
1527.2784134298,85.4585660051
1527.9924285833,85.8854731622
1528.7064437369,85.8114396351
1529.4204588904,85.9069840823
1530.1344740439,85.3730010408
1530.8484891975,85.4135848911
1531.5625043510,86.2134731469
1532.2765195046,85.7875215203
1532.9905346581,86.1361901951
1533.7045498117,89.0622314968
1534.4185649652,87.3291035290
1535.1325801187,86.3901733835
1535.8465952723,86.6423529289
1536.5606104258,86.7248725825
1537.2746255794,86.6814698454
1537.9886407329,86.8533926607
1538.7026558865,87.7412181020
1539.4166710400,91.2620212135
1540.1306861936,90.3665564467
1540.8447013471,88.2256433187
1541.5587165006,87.7996588829
1542.2727316542,89.2242239407
1542.9867468077,88.9423700770
1543.7007619613,87.7870635749
1544.4147771148,87.5384044095
1545.1287922684,89.1248285974
1545.8428074219,88.8633469200
1546.5568225754,87.9260354276
1547.2708377290,88.0041093801
1547.9848528825,88.3390445948
1548.6988680361,88.1112433876
1549.4128831896,88.5325500363
1550.1268983432,89.8981282599
1550.8409134967,89.0800507536
1551.5549286503,88.6922149555
1552.2689438038,89.1820276264
1552.9829589573,88.9225473581
1553.6969741109,89.0435056729
1554.4109892644,91.8560696425
1555.1250044180,90.5237011486
1555.8390195715,89.5110616269
1556.5530347251,89.6246586496
1557.2670498786,90.0463140048
1557.9810650321,94.2844673765
1558.6950801857,93.0652538944
1559.4090953392,91.1734159977
1560.1231104928,96.5712227384
1560.8371256463,92.4217142676
1561.5511407999,90.3903841639
1562.2651559534,90.4071779957
1562.9791711069,90.6802617171
1563.6931862605,90.3235990506
1564.4072014140,91.1701725839
1565.1212165676,91.8538298099
1565.8352317211,91.1489898534
1566.5492468747,91.0551359616
1567.2632620282,91.1909209508
1567.9772771818,91.1261734847
1568.6912923353,91.3679967986
1569.4053074888,93.0514831814
1570.1193226424,93.4451489456
1570.8333377959,91.9699466032
1571.5473529495,91.6366055287
1572.2613681030,91.9006514495
1572.9753832566,91.6540808113
1573.6893984101,91.8026676534
1574.4034135636,91.9144926758
1575.1174287172,91.4631804875
1575.8314438707,93.3184094428
1576.5454590243,95.3232417690
1577.2594741778,92.6485849372
1577.9734893314,91.9385504408
1578.6875044849,91.9293077096
1579.4015196385,91.8035858905
1580.1155347920,91.7117869643
1580.8295499455,91.5413426733
1581.5435650991,91.4721262141
1582.2575802526,91.5735178504
1582.9715954062,91.4365967673
1583.6856105597,91.3296342769
1584.3996257133,91.3024904260
1585.1136408668,91.0849325413
1585.8276560203,90.9607045060
1586.5416711739,90.9295308164
1587.2556863274,90.7981351602
1587.9697014810,90.6974985811
1588.6837166345,90.5920435810
1589.3977317881,90.5324471015
1590.1117469416,90.5207744833
1590.8257620951,90.3013298074
1591.5397772487,90.1567950183
1592.2537924022,90.1982622178
1592.9678075558,90.0005251195
1593.6818227093,89.8986340963
1594.3958378629,90.1056983265
1595.1098530164,89.9529928152
1595.8238681700,89.6713457139
1596.5378833235,89.6519991593
1597.2518984770,89.4791580820
1597.9659136306,89.2737946115
1598.6799287841,89.2378093598
1599.3939439377,89.0341732750
1600.1079590912,88.8607260421
1600.8219742448,88.8563710995
1601.5359893983,88.6208966756
1602.2500045518,88.3894094217
1602.9640197054,88.4279294252
1603.6780348589,88.2535459827
1604.3920500125,87.8682272531
1605.1060651660,87.6680165785
1605.8200803196,87.4898527433
1606.5340954731,87.3207962587
1607.2481106267,87.3649400671
1607.9621257802,87.1471291374
1608.6761409337,86.8535712831
1609.3901560873,86.9511025667
1610.1041712408,86.7462428340
1610.8181863944,86.3372898934
1611.5322015479,86.2824029555
1612.2462167015,86.0748851756
1612.9602318550,85.7905316150
1613.6742470085,85.8385800102
1614.3882621621,85.7315577302
1615.1022773156,85.3026908126
1615.8162924692,85.0886681883
1616.5303076227,87.1034348133
1617.2443227763,87.3470455128
1617.9583379298,85.2935883028
1618.6723530833,84.6033097782
1619.3863682369,84.8080028890
1620.1003833904,84.4153261540
1620.8143985440,84.3197108921
1621.5284136975,84.5534101331
1622.2424288511,84.0553725214
1622.9564440046,84.7519795383
1623.6704591582,86.3286643810
1624.3844743117,84.6410769033
1625.0984894652,84.1449967609
1625.8125046188,84.4077693063
1626.5265197723,84.1322543306
1627.2405349259,84.4418560814
1627.9545500794,85.3277374531
1628.6685652330,84.8973715097
1629.3825803865,84.6555791308
1630.0965955400,84.7545255234
1630.8106106936,84.8795992311
1631.5246258471,85.0694610474
1632.2386410007,85.1612479889
1632.9526561542,85.2727322487
1633.6666713078,85.2242831914
1634.3806864613,85.0875446467
1635.0947016149,87.7220055083
1635.8087167684,89.5940702993
1636.5227319219,86.5411664921
1637.2367470755,86.4251533755
1637.9507622290,87.1926193946
1638.6647773826,86.3368611734
1639.3787925361,86.1145152753
1640.0928076897,86.6227667958
1640.8068228432,86.4962854255
1641.5208379967,86.6751041353
1642.2348531503,86.9818966149
1642.9488683038,86.8393987654
1643.6628834574,87.2196084762
1644.3768986109,87.0851992756
1645.0909137645,86.7961205286
1645.8049289180,89.4214718366
1646.5189440715,89.4157074598
1647.2329592251,88.3724731783
1647.9469743786,89.9989912682
1648.6609895322,89.2725793607
1649.3750046857,88.0474272226
1650.0890198393,88.2827959268
1650.8030349928,88.3459633499
1651.5170501464,87.9646780950
1652.2310652999,89.7834000932
1652.9450804534,97.2301932024
1653.6590956070,91.4807385872
1654.3731107605,91.3025868654
1655.0871259141,90.4445828084
1655.8011410676,89.3730000146
1656.5151562212,89.2212623480
1657.2291713747,89.6678864088
1657.9431865282,89.7072717972
1658.6572016818,89.7090517693
1659.3712168353,89.8711631961
1660.0852319889,90.0320689598
1660.7992471424,90.4694338607
1661.5132622960,90.4136199370
1662.2272774495,90.4995963773
1662.9412926031,92.5671788335
1663.6553077566,91.7339431017
1664.3693229101,90.7470570426
1665.0833380637,91.2624766948
1665.7973532172,91.2985117486
1666.5113683708,91.0834920207
1667.2253835243,91.7372201550
1667.9393986779,91.3780574390
1668.6534138314,91.9938973744
1669.3674289849,95.7171061308
1670.0814441385,92.7421314384
1670.7954592920,92.0222812323
1671.5094744456,93.6675384817
1672.2234895991,93.0778937440
1672.9375047527,92.5365195565
1673.6515199062,92.5114360899
1674.3655350598,92.1188535301
1675.0795502133,94.6557442039
1675.7935653668,95.9368100644
1676.5075805204,93.3402391595
1677.2215956739,92.9795545768
1677.9356108275,93.5623636728
1678.6496259810,93.3698040355
1679.3636411346,93.5021013391
1680.0776562881,94.3910111132
1680.7916714416,94.5133868581
1681.5056865952,93.8867238732
1682.2197017487,93.6125281287
1682.9337169023,94.5726566373
1683.6477320558,96.0464593037
1684.3617472094,97.3600029715
1685.0757623629,98.1473515396
1685.7897775164,95.9045828182
1686.5037926700,94.4523697914
1687.2178078235,94.2728976699
1687.9318229771,94.9798412564
1688.6458381306,94.9108267406
1689.3598532842,94.7641459724
1690.0738684377,95.2208215617
1690.7878835913,95.3330047464
1691.5018987448,94.9677385913
1692.2159138983,94.8071863035
1692.9299290519,95.0097478824
1693.6439442054,95.1487134473
1694.3579593590,94.7144687872
1695.0719745125,94.6323179446
1695.7859896661,100.6576655355
1696.5000048196,97.5448950976
1697.2140199731,95.4903259954
1697.9280351267,95.4506797061
1698.6420502802,95.2605140577
1699.3560654338,94.3339407743
1700.0700805873,120.5100404738
1700.7840957409,102.3511189636
1701.4981108944,97.0409363890
1702.2121260480,96.5636592162
1702.9261412015,96.2468900271
1703.6401563550,96.4343872031
1704.3541715086,98.2019782777
1705.0681866621,97.6426502318
1705.7822018157,97.3287567660
1706.4962169692,99.2398895919
1707.2102321228,98.6750034559
1707.9242472763,97.8329061904
1708.6382624298,98.0313833285
1709.3522775834,98.0507633186
1710.0662927369,98.4789564861
1710.7803078905,98.9457886308
1711.4943230440,98.3426237329
1712.2083381976,98.3561728326
1712.9223533511,98.8829715227
1713.6363685046,98.6397376337
1714.3503836582,99.0274511866
1715.0643988117,100.4395979506
1715.7784139653,99.3877834987
1716.4924291188,98.3845817961
1717.2064442724,99.3279523698
1717.9204594259,101.6530881144
1718.6344745795,100.7083707340
1719.3484897330,99.6316347264
1720.0625048865,98.8063899161
1720.7765200401,98.5979778540
1721.4905351936,98.9660215466
1722.2045503472,98.7473513987
1722.9185655007,98.7315508852
1723.6325806543,99.3772587379
1724.3465958078,99.0106421721
1725.0606109613,98.8146268015
1725.7746261149,99.1391021221
1726.4886412684,98.8046582282
1727.2026564220,98.9096070729
1727.9166715755,99.2358088718
1728.6306867291,98.6971999699
1729.3447018826,98.9531310918
1730.0587170362,100.1481319354
1730.7727321897,99.6260533377
1731.4867473432,98.9804708131
1732.2007624968,98.8096421530
1732.9147776503,99.0990275047
1733.6287928039,100.3453779494
1734.3428079574,102.1478810946
1735.0568231110,101.5310092826
1735.7708382645,99.7235494671
1736.4848534180,98.7273518767
1737.1988685716,99.3156582528
1737.9128837251,99.3667613420
1738.6268988787,98.5027909996
1739.3409140322,99.4929844243
1740.0549291858,101.3261954110
1740.7689443393,99.8201295140
1741.4829594928,98.9518290496
1742.1969746464,98.9735730602
1742.9109897999,99.6840296460
1743.6250049535,99.9807173911
1744.3390201070,99.4674909542
1745.0530352606,99.2671950649
1745.7670504141,99.2481107801
1746.4810655677,99.4451973332
1747.1950807212,99.6305481486
1747.9090958747,99.3062022134
1748.6231110283,100.1872916816
1749.3371261818,100.4169741361
1750.0511413354,98.7712975838
1750.7651564889,98.9199624902
1751.4791716425,101.9116200219
1752.1931867960,99.8710141641
1752.9072019495,98.9621210178
1753.6212171031,99.2438195499
1754.3352322566,99.1656336653
1755.0492474102,99.0030897234
1755.7632625637,98.8519133116
1756.4772777173,99.3912732130
1757.1912928708,100.5524122235
1757.9053080244,99.4399874738
1758.6193231779,98.8393566979
1759.3333383314,99.5865141326
1760.0473534850,99.1321575217
1760.7613686385,98.6448638012
1761.4753837921,100.1431072458
1762.1893989456,100.5731667456
1762.9034140992,99.4376755623
1763.6174292527,99.1519037413
1764.3314444062,99.2652343359
1765.0454595598,99.2544495272
1765.7594747133,99.1727345876
1766.4734898669,99.0636370757
1767.1875050204,98.8679682516
1767.9015201740,99.5341312687
1768.6155353275,100.5551941678
1769.3295504810,99.2473064385
1770.0435656346,98.6863393340
1770.7575807881,99.9712297075
1771.4715959417,99.9509160969
1772.1856110952,99.7603231549
1772.8996262488,101.7452970883
1773.6136414023,99.9988595311
1774.3276565559,98.7964170404
1775.0416717094,99.2086908803
1775.7556868629,99.6345610676
1776.4697020165,99.2325835226
1777.1837171700,98.8909450939
1777.8977323236,98.9310330195
1778.6117474771,99.2740327528
1779.3257626307,98.9498098230
1780.0397777842,98.9760250457
1780.7537929377,99.9675357604
1781.4678080913,99.4059001530
1782.1818232448,98.9261614598
1782.8958383984,99.1756088731
1783.6098535519,98.7516609650
1784.3238687055,98.8187500928
1785.0378838590,99.7455767940
1785.7518990126,99.2848918933
1786.4659141661,98.9464125847
1787.1799293196,98.9995085366
1787.8939444732,98.9677930877
1788.6079596267,99.1650443559
1789.3219747803,98.8312165716
1790.0359899338,98.7129057633
1790.7500050874,99.6192504359
1791.4640202409,99.1570809961
1792.1780353944,98.9622415728
1792.8920505480,101.1590227950
1793.6060657015,99.9190406883
1794.3200808551,98.6696138324
1795.0340960086,98.9949976789
1795.7481111622,99.2165644421
1796.4621263157,98.8819446661
1797.1761414693,99.0359896131
1797.8901566228,98.7013440831
1798.6041717763,98.4956170285
1799.3181869299,99.4558365098
1800.0322020834,99.6049966722
1800.7462172370,98.8562210990
1801.4602323905,98.8965059717
1802.1742475441,99.3277929989
1802.8882626976,99.1650318463
1803.6022778511,98.8501440785
1804.3162930047,98.7036183430
1805.0303081582,98.7854410225
1805.7443233118,98.9382777113
1806.4583384653,98.8164005916
1807.1723536189,98.7185868605
1807.8863687724,99.0102019450
1808.6003839259,98.9531792779
1809.3143990795,98.5498260576
1810.0284142330,98.9358552196
1810.7424293866,99.7065977813
1811.4564445401,99.1691646049
1812.1704596937,98.7427395069
1812.8844748472,99.0141923764
1813.5984900008,98.8829752731
1814.3125051543,98.6462068491
1815.0265203078,98.8268452706
1815.7405354614,98.7789765325
1816.4545506149,98.6813373554
1817.1685657685,98.9212335081
1817.8825809220,98.9459831899
1818.5965960756,98.7284626162
1819.3106112291,98.6709682173
1820.0246263826,98.8297603146
1820.7386415362,98.8433331782
1821.4526566897,98.5634641257
1822.1666718433,98.7245302237
1822.8806869968,99.0799614619
1823.5947021504,98.5779070173
1824.3087173039,98.3892445100
1825.0227324575,99.6424087006
1825.7367476110,99.8066006925
1826.4507627645,98.7538551419
1827.1647779181,98.5815828093
1827.8787930716,98.8552916244
1828.5928082252,98.6217233135
1829.3068233787,98.9075458176
1830.0208385323,100.1891353311
1830.7348536858,99.5604012186
1831.4488688393,98.7259264483
1832.1628839929,98.7502149005
1832.8768991464,98.7304212235
1833.5909143000,98.5486382402
1834.3049294535,98.7374846489
1835.0189446071,98.7028827075
1835.7329597606,98.5410114977
1836.4469749141,98.6745339124
1837.1609900677,98.8881469495
1837.8750052212,98.9521099769
1838.5890203748,98.6716989863
1839.3030355283,98.6340890225
1840.0170506819,98.8612040694
1840.7310658354,98.5122465955
1841.4450809890,98.6151280818
1842.1590961425,99.0254171298
1842.8731112960,98.2045463216
1843.5871264496,98.2276228955
1844.3011416031,100.8412635878
1845.0151567567,99.5746793869
1845.7291719102,98.5079555342
1846.4431870638,98.6027959165
1847.1572022173,98.6227832333
1847.8712173708,98.8269350292
1848.5852325244,98.8578506943
1849.2992476779,98.4262016784
1850.0132628315,98.5428848657
1850.7272779850,98.6086770517
1851.4412931386,98.4507454326
1852.1553082921,98.7286828697
1852.8693234457,98.7106947756
1853.5833385992,98.5826923394
1854.2973537527,98.7253498493
1855.0113689063,98.5878515831
1855.7253840598,98.5417741533
1856.4393992134,98.5993764294
1857.1534143669,98.5181209058
1857.8674295205,98.6172546495
1858.5814446740,98.5749208238
1859.2954598275,98.4961790013
1860.0094749811,98.5631899705
1860.7234901346,98.3932181578
1861.4375052882,98.4422172913
1862.1515204417,98.6528641998
1862.8655355953,98.5876928348
1863.5795507488,98.6759040409
1864.2935659023,98.6556301489
1865.0075810559,98.4848847109
1865.7215962094,98.5720452612
1866.4356113630,98.6003807805
1867.1496265165,98.7643712722
1867.8636416701,98.9393811112
1868.5776568236,98.8784121783
1869.2916719772,99.4888965255
1870.0056871307,99.4202666386
1870.7197022842,98.6135982321
1871.4337174378,98.6099298830
1872.1477325913,98.6764205726
1872.8617477449,98.2734001316
1873.5757628984,98.4279668931
1874.2897780520,98.5943514097
1875.0037932055,98.4265353226
1875.7178083590,98.5120229691
1876.4318235126,98.4808109860
1877.1458386661,98.4985799383
1877.8598538197,98.6608435884
1878.5738689732,98.4618854624
1879.2878841268,98.3644635122
1880.0018992803,98.4649864810
1880.7159144339,98.4363273153
1881.4299295874,98.5374516200
1882.1439447409,98.5584369181
1882.8579598945,98.4538192038
1883.5719750480,98.5383817160
1884.2859902016,98.6747964226
1885.0000053551,98.7384738358
1885.7140205087,98.5487964788
1886.4280356622,98.4261117554
1887.1420508157,98.6009079764
1887.8560659693,98.2889127846
1888.5700811228,98.0902173004
1889.2840962764,99.0378520157
1889.9981114299,99.2208781798
1890.7121265835,98.4294836514
1891.4261417370,98.3888912725
1892.1401568905,98.4631013864
1892.8541720441,98.3686011762
1893.5681871976,98.5983228475
1894.2822023512,98.5564386822
1894.9962175047,98.4617187440
1895.7102326583,98.6170383324
1896.4242478118,98.3643069565
1897.1382629654,98.2913385243
1897.8522781189,98.5585322707
1898.5662932724,98.4191133461
1899.2803084260,98.3862082905
1899.9943235795,98.5396205989
1900.7083387331,98.3508027310
1901.4223538866,98.3448226818
1902.1363690402,98.5133318733
1902.8503841937,98.3986681165
1903.5643993472,98.2532338528
1904.2784145008,98.2753374698
1904.9924296543,98.5657693418
1905.7064448079,98.6004979008
1906.4204599614,98.0498133791
1907.1344751150,98.1476407118
1907.8484902685,98.6834997024
1908.5625054221,98.2635122455
1909.2765205756,98.1509951977
1909.9905357291,98.7852406927
1910.7045508827,98.5373031362
1911.4185660362,98.1568767766
1912.1325811898,98.4601923365
1912.8465963433,98.6146537544
1913.5606114969,98.4305863632
1914.2746266504,98.2337393035
1914.9886418039,98.4150724468
1915.7026569575,98.8563497315
1916.4166721110,98.4880936573
1917.1306872646,98.1084402723
1917.8447024181,99.0180463039
1918.5587175717,99.0951990704
1919.2727327252,98.2572232360
1919.9867478788,98.4948448119
1920.7007630323,98.7947681689
1921.4147781858,98.3239472574
1922.1287933394,98.4991648186
1922.8428084929,98.8738996289
1923.5568236465,98.4952572951
1924.2708388000,98.5052615487
1924.9848539536,98.5305675886
1925.6988691071,98.1813396312
1926.4128842606,98.2981022187
1927.1268994142,98.3871548191
1927.8409145677,98.0604305663
1928.5549297213,98.1118144279
1929.2689448748,98.3607931042
1929.9829600284,98.3319726379
1930.6969751819,98.0478703541
1931.4109903354,97.8091249712
1932.1250054890,98.0077144222
1932.8390206425,98.1575634619
1933.5530357961,98.1563851092
1934.2670509496,98.4162668914
1934.9810661032,98.3144440841
1935.6950812567,98.2112398523
1936.4090964103,98.5623529568
1937.1231115638,98.4951220108
1937.8371267173,98.5430019333
1938.5511418709,98.5748078412
1939.2651570244,97.8730900339
1939.9791721780,98.1140505627
1940.6931873315,98.6262280054
1941.4072024851,97.9121436615
1942.1212176386,98.2660356218
1942.8352327921,99.1816183729
1943.5492479457,98.2138648390
1944.2632630992,98.1655633743
1944.9772782528,98.7331826259
1945.6912934063,98.2402786413
1946.4053085599,98.1334845960
1947.1193237134,98.0914323592
1947.8333388670,97.6452775941
1948.5473540205,98.1428309917
1949.2613691740,98.5347602924
1949.9753843276,98.0152225804
1950.6893994811,98.1513053017
1951.4034146347,98.5213403301
1952.1174297882,98.0841828938
1952.8314449418,98.0162893767
1953.5454600953,98.5687597790
1954.2594752488,98.4257665978
1954.9734904024,98.0760313821
1955.6875055559,98.5070889217
1956.4015207095,98.7711952914
1957.1155358630,98.4105704484
1957.8295510166,98.0087232267
1958.5435661701,98.0440895813
1959.2575813236,98.6913212980
1959.9715964772,98.7918009355
1960.6856116307,98.3297821023
1961.3996267843,98.5477774818
1962.1136419378,98.4798865103
1962.8276570914,98.4038398406
1963.5416722449,99.0482717390
1964.2556873985,98.5705754645
1964.9697025520,98.2232355431
1965.6837177055,98.8603870455
1966.3977328591,97.9962272670
1967.1117480126,97.7386815087
1967.8257631662,98.8160365904
1968.5397783197,98.0938633820
1969.2537934733,98.1584882592
1969.9678086268,98.9310075765
1970.6818237803,97.7556915794
1971.3958389339,98.1245833313
1972.1098540874,99.6747564829
1972.8238692410,98.8622945679
1973.5378843945,98.2652850826
1974.2518995481,98.3741940507
1974.9659147016,97.9569930031
1975.6799298552,98.2842911699
1976.3939450087,98.1143074896
1977.1079601622,97.6816325306
1977.8219753158,98.6065339875
1978.5359904693,98.6470411583
1979.2500056229,98.0747517399
1979.9640207764,98.3582071559
1980.6780359300,97.8093120965
1981.3920510835,97.3801909639
1982.1060662370,98.2734257503
1982.8200813906,98.0638354467
1983.5340965441,97.0990157117
1984.2481116977,97.5292405355
1984.9621268512,97.9630116599
1985.6761420048,97.6275883667
1986.3901571583,97.7749028716
1987.1041723118,97.9470696013
1987.8181874654,97.8319068307
1988.5322026189,98.1053209394
1989.2462177725,98.2371485770
1989.9602329260,98.2054780162
1990.6742480796,98.4460695230
1991.3882632331,98.1404394913
1992.1022783867,97.5157177589
1992.8162935402,97.9126254642
1993.5303086937,98.1768825605
1994.2443238473,97.7002963414
1994.9583390008,97.8157452550
1995.6723541544,98.3864878166
1996.3863693079,98.2065568091
1997.1003844615,97.8739705928
1997.8143996150,97.9084633761
1998.5284147685,97.9382669864
1999.2424299221,98.2688842750
1999.9564450756,98.5114302681
2000.6704602292,98.3258307953
2001.3844753827,98.4721011427
2002.0984905363,98.4849513694
2002.8125056898,98.3741193946
2003.5265208434,98.8383027778
2004.2405359969,98.5859063334
2004.9545511504,98.0464917828
2005.6685663040,98.2452206349
2006.3825814575,97.7658499732
2007.0965966111,97.6144939671
2007.8106117646,98.1449019208
2008.5246269182,97.6543210506
2009.2386420717,97.9592593473
2009.9526572252,98.6133715566
2010.6666723788,97.6160701533
2011.3806875323,97.4833651221
2012.0947026859,97.9431307171
2012.8087178394,97.4031092221
2013.5227329930,97.6749416342
2014.2367481465,98.0392726730
2014.9507633000,97.6883692526
2015.6647784536,97.7072028226
2016.3787936071,97.8566806530
2017.0928087607,98.4133926124
2017.8068239142,98.3149317494
2018.5208390678,97.6982179589
2019.2348542213,98.7917747671
2019.9488693749,98.7895897470
2020.6628845284,97.2821165593
2021.3768996819,98.2133522702
2022.0909148355,99.1264203585
2022.8049299890,98.2358741766
2023.5189451426,98.1235681713
2024.2329602961,98.0082822102
2024.9469754497,97.8355053238
2025.6609906032,98.2228488359
2026.3750057567,98.2664642218
2027.0890209103,98.6388870505
2027.8030360638,98.2977245944
2028.5170512174,97.2466648960
2029.2310663709,97.7036002815
2029.9450815245,98.2285831339
2030.6590966780,98.1910599783
2031.3731118316,98.3543080017
2032.0871269851,97.7522059548
2032.8011421386,97.9302680212
2033.5151572922,98.7084334404
2034.2291724457,97.9936712642
2034.9431875993,97.8406108687
2035.6572027528,98.2869927699
2036.3712179064,97.8358724722
2037.0852330599,97.9065148964
2037.7992482134,98.1500604052
2038.5132633670,98.1278336753
2039.2272785205,98.4090605222
2039.9412936741,98.0271330234
2040.6553088276,97.5601639359
2041.3693239812,97.9230556361
2042.0833391347,98.1143637771
2042.7973542883,98.0762794218
2043.5113694418,97.9737524603
2044.2253845953,97.8974178495
2044.9393997489,98.2196578305
2045.6534149024,98.1457107323
2046.3674300560,97.7123100272
2047.0814452095,97.7698558707
2047.7954603631,97.8265308152
2048.5094755166,97.7705667937
2049.2234906701,98.1061599112
2049.9375058237,98.4098062154
2050.6515209772,98.1907279005
2051.3655361308,97.7660252761
2052.0795512843,97.5896780180
2052.7935664379,97.7319326847
2053.5075815914,97.9819185277
2054.2215967449,98.1060462814
2054.9356118985,97.9210289316
2055.6496270520,97.7863014347
2056.3636422056,97.9546053168
2057.0776573591,97.9394582595
2057.7916725127,97.7590355926
2058.5056876662,97.9558142053
2059.2197028198,98.1489502516
2059.9337179733,97.8720796505
2060.6477331268,97.7003152313
2061.3617482804,97.8201591271
2062.0757634339,97.7155752152
2062.7897785875,97.6587811105
2063.5037937410,97.7796167365
2064.2178088946,97.7820018377
2064.9318240481,98.0799826224
2065.6458392016,98.2256496019
2066.3598543552,97.7456510819
2067.0738695087,97.8106460180
2067.7878846623,98.0856622856
2068.5018998158,97.7435587614
2069.2159149694,97.8653608760
2069.9299301229,98.1342154695
2070.6439452765,97.8222355069
2071.3579604300,97.7576693548
2072.0719755835,97.7343482541
2072.7859907371,97.6612810778
2073.5000058906,97.9520123019
2074.2140210442,97.9912077336
2074.9280361977,97.9816383717
2075.6420513513,98.0570312668
2076.3560665048,97.7085083957
2077.0700816583,97.5900516026
2077.7840968119,97.7745587160
2078.4981119654,97.9155074126
2079.2121271190,98.2591961689
2079.9261422725,98.1861102200
2080.6401574261,97.8342342312
2081.3541725796,97.8766379677
2082.0681877331,97.8670466310
2082.7822028867,97.9136508618
2083.4962180402,98.0477043859
2084.2102331938,97.9304943575
2084.9242483473,98.0545965779
2085.6382635009,98.0575407924
2086.3522786544,97.7709561908
2087.0662938080,97.9230789540
2087.7803089615,97.9433855778
2088.4943241150,97.8023079546
2089.2083392686,98.1286305589
2089.9223544221,98.0412640069
2090.6363695757,97.5939327910
2091.3503847292,97.7752248830
2092.0643998828,98.0771282661
2092.7784150363,98.0118661134
2093.4924301898,97.9370042617
2094.2064453434,98.0625796925
2094.9204604969,98.0946774014
2095.6344756505,97.9099758196
2096.3484908040,97.9380495198
2097.0625059576,97.9021273687
2097.7765211111,97.6409921210
2098.4905362647,97.8986707454
2099.2045514182,98.1474419784
2099.9185665717,97.8149463135
2100.6325817253,97.7826217214
2101.3465968788,97.9205616676
2102.0606120324,97.7707029002
2102.7746271859,97.9070839007
2103.4886423395,98.1172990827
2104.2026574930,97.8762253121
2104.9166726465,97.6272824252
2105.6306878001,97.7298953560
2106.3447029536,97.8436440030
2107.0587181072,97.7893782935
2107.7727332607,97.8926341205
2108.4867484143,98.0292717570
2109.2007635678,97.8443321336
2109.9147787213,97.7658637185
2110.6287938749,97.9373006945
2111.3428090284,97.8675819891
2112.0568241820,97.7241026868
2112.7708393355,97.9050749339
2113.4848544891,98.0913952315
2114.1988696426,97.9298137311
2114.9128847962,97.7701282205
2115.6268999497,97.8625512918
2116.3409151032,97.8934162023
2117.0549302568,97.9542577274
2117.7689454103,98.0797906987
2118.4829605639,97.9445170917
2119.1969757174,97.9763284599
2119.9109908710,98.1358814045
2120.6250060245,97.8815402308
2121.3390211780,97.8593751410
2122.0530363316,98.1128743653
2122.7670514851,97.9115291934
2123.4810666387,97.7163928153
2124.1950817922,97.8351308340
2124.9090969458,98.0245546632
2125.6231120993,98.3052454586
2126.3371272529,98.3909807787
2127.0511424064,98.3779383248
2127.7651575599,98.4297828868
2128.4791727135,98.2366326961
2129.1931878670,98.1321631134
2129.9072030206,98.3101904108
2130.6212181741,98.3396660311
2131.3352333277,98.3009539618
2132.0492484812,98.3763217583
2132.7632636347,98.4015222539
2133.4772787883,98.1615961102
2134.1912939418,97.8902075348
2134.9053090954,98.0424244527
2135.6193242489,98.2212627049
2136.3333394025,98.0128891131
2137.0473545560,97.8420490348
2137.7613697095,97.9066331065
2138.4753848631,98.1146647859
2139.1894000166,98.2403702740
2139.9034151702,98.2243166840
2140.6174303237,98.2957974941
2141.3314454773,98.0552948262
2142.0454606308,97.7348030061
2142.7594757844,98.0159285694
2143.4734909379,98.4187248705
2144.1875060914,98.5175196152
2144.9015212450,98.1329769461
2145.6155363985,97.7968379914
2146.3295515521,98.5717135628
2147.0435667056,98.8552575599
2147.7575818592,97.8855227814
2148.4715970127,97.9751487802
2149.1856121662,98.5756929846
2149.8996273198,98.5595972309
2150.6136424733,98.8466014496
2151.3276576269,98.7223470552
2152.0416727804,98.2622255806
2152.7556879340,98.1549176127
2153.4697030875,97.9888951442
2154.1837182411,98.5243933145
2154.8977333946,99.3020853328
2155.6117485481,98.8204072921
2156.3257637017,98.3155439736
2157.0397788552,98.4341691110
2157.7537940088,98.7655777791
2158.4678091623,99.0035804201
2159.1818243159,98.4049857919
2159.8958394694,97.7958051368
2160.6098546229,97.4187372291
2161.3238697765,97.3068174640
2162.0378849300,97.7322410837
2162.7519000836,98.1050966053
2163.4659152371,98.2363576571
2164.1799303907,97.9837602329
2164.8939455442,97.3664346685
2165.6079606978,97.6369393677
2166.3219758513,98.1264325208
2167.0359910048,97.8338148971
2167.7500061584,97.5506286624
2168.4640213119,97.3797579586
2169.1780364655,97.6621834999
2169.8920516190,98.0100763833
2170.6060667726,97.6700747835
2171.3200819261,97.9101666104
2172.0340970796,98.1624812256
2172.7481122332,97.6392561442
2173.4621273867,97.8013277764
2174.1761425403,97.7065057529
2174.8901576938,97.4479566031
2175.6041728474,98.1286847157
2176.3181880009,97.6462574998
2177.0322031544,96.9323649180
2177.7462183080,97.6414571910
2178.4602334615,98.0302753050
2179.1742486151,98.3380781806
2179.8882637686,98.7730339438
2180.6022789222,98.4261655917
2181.3162940757,98.3359604041
2182.0303092293,98.2777726223
2182.7443243828,98.2510477315
2183.4583395363,98.2944708742
2184.1723546899,97.6689040428
2184.8863698434,97.7803238927
2185.6003849970,97.9860301973
2186.3144001505,97.4020435429
2187.0284153041,97.9350509468
2187.7424304576,98.2463431637
2188.4564456111,97.6865490266
2189.1704607647,98.1933343753
2189.8844759182,98.1541703883
2190.5984910718,97.5856047276
2191.3125062253,97.9584233139
2192.0265213789,97.9185710737
2192.7405365324,97.8431526743
2193.4545516860,98.1352547211
2194.1685668395,98.0153390233
2194.8825819930,98.1416652488
2195.5965971466,98.0944202559
2196.3106123001,97.7938359156
2197.0246274537,97.5966509167
2197.7386426072,97.3255182682
2198.4526577608,97.8482804875
2199.1666729143,98.0142283098
2199.8806880678,97.3242027840
2200.5947032214,98.0674457195
2201.3087183749,98.3307087792
2202.0227335285,97.3087236803
2202.7367486820,97.8460165127
2203.4507638356,98.1968515539
2204.1647789891,97.5144665701
2204.8787941426,97.7654137492
2205.5928092962,97.7872682648
2206.3068244497,97.7245935282
2207.0208396033,98.2575507089
2207.7348547568,97.8669669298
2208.4488699104,97.4397439239
2209.1628850639,97.7776135566
2209.8769002175,97.7531318979
2210.5909153710,97.6414344534
2211.3049305245,97.8419483970
2212.0189456781,97.9440838086
2212.7329608316,97.7714172679
2213.4469759852,97.7245272528
2214.1609911387,97.8723892814
2214.8750062923,97.6373006878
2215.5890214458,97.5980474408
2216.3030365993,97.9612289410
2217.0170517529,97.8752602812
2217.7310669064,97.8047839792
2218.4450820600,97.7193656423
2219.1590972135,97.4157496452
2219.8731123671,97.5081168634
2220.5871275206,97.5762284917
2221.3011426742,97.8063159152
2222.0151578277,98.1352249302
2222.7291729812,97.4094598128
2223.4431881348,97.2573221232
2224.1572032883,97.9709180018
2224.8712184419,97.5132136097
2225.5852335954,97.1533240614
2226.2992487490,97.8495742513
2227.0132639025,98.2298516162
2227.7272790560,98.1410099228
2228.4412942096,97.8298236644
2229.1553093631,97.8042837946
2229.8693245167,97.7768735577
2230.5833396702,97.4884417316
2231.2973548238,97.7842963622
2232.0113699773,97.8578666664
2232.7253851308,97.5576130242
2233.4394002844,97.8491400690
2234.1534154379,97.6610368396
2234.8674305915,97.5987189338
2235.5814457450,98.1168556171
2236.2954608986,97.6150501773
2237.0094760521,97.5145516244
2237.7234912057,98.0265810280
2238.4375063592,97.5867762614
2239.1515215127,97.6399820932
2239.8655366663,97.9422661426
2240.5795518198,97.7019112056
2241.2935669734,97.9281271951
2242.0075821269,97.7774649375
2242.7215972805,97.6513461610
2243.4356124340,98.0231998355
2244.1496275875,97.5738641943
2244.8636427411,97.5249994564
2245.5776578946,97.9580805584
2246.2916730482,97.5666838854
2247.0056882017,97.6246267007
2247.7197033553,97.8355149631
2248.4337185088,97.5627233900
2249.1477336624,97.7153483888
2249.8617488159,97.7068033569
2250.5757639694,97.6634540995
2251.2897791230,97.8510436232
2252.0037942765,97.6856929958
2252.7178094301,97.5544205550
2253.4318245836,97.6018014086
2254.1458397372,97.5014525662
2254.8598548907,97.5064323480
2255.5738700442,97.4471963138
2256.2878851978,97.5332921078
2257.0019003513,97.7231229855
2257.7159155049,97.4264675632
2258.4299306584,97.4472151242
2259.1439458120,97.8261545760
2259.8579609655,97.6708239533
2260.5719761190,97.4871110331
2261.2859912726,97.5167386336
2262.0000064261,97.6174856945
2262.7140215797,97.6907540541
2263.4280367332,97.4593993477
2264.1420518868,97.4551643170
2264.8560670403,97.5615210374
2265.5700821939,97.3854501096
2266.2840973474,97.5151060896
2266.9981125009,97.5820095641
2267.7121276545,97.3740006480
2268.4261428080,97.4005347019
2269.1401579616,97.3669504353
2269.8541731151,97.4018591983
2270.5681882687,97.5494461289
2271.2822034222,97.4427557571
2271.9962185757,97.3905759428
2272.7102337293,97.2355984902
2273.4242488828,97.1421907257
2274.1382640364,97.4128973861
2274.8522791899,97.3730824683
2275.5662943435,97.3343249721
2276.2803094970,97.4736852360
2276.9943246506,97.2333057765
2277.7083398041,97.2356874450
2278.4223549576,97.3715873958
2279.1363701112,97.2946567758
2279.8503852647,97.4175590811
2280.5644004183,97.2890885993
2281.2784155718,97.2224699475
2281.9924307254,97.4482875015
2282.7064458789,97.2407389669
2283.4204610324,97.2365574582
2284.1344761860,97.3448921308
2284.8484913395,97.0921319921
2285.5625064931,97.3212598446
2286.2765216466,97.4799147090
2286.9905368002,97.3030518118
2287.7045519537,97.4481671833
2288.4185671072,97.3332559337
2289.1325822608,97.3405287725
2289.8465974143,97.5759198247
2290.5606125679,97.2961733891
2291.2746277214,97.3943462903
2291.9886428750,97.5695336048
2292.7026580285,97.2777168985
2293.4166731821,97.4949587819
2294.1306883356,97.5217604087
2294.8447034891,97.2254636371
2295.5587186427,97.4222819944
2296.2727337962,97.4219441553
2296.9867489498,97.3601255490
2297.7007641033,97.4891364194
2298.4147792569,97.3684591589
2299.1287944104,97.3988215760
2299.8428095639,97.4176495455
2300.5568247175,97.4886447414
2301.2708398710,97.5512685338
2301.9848550246,97.2365192385
2302.6988701781,97.4825476716
2303.4128853317,97.5543495611
2304.1269004852,97.0839120721
2304.8409156388,97.6560445903
2305.5549307923,97.5491841127
2306.2689459458,96.9152303255
2306.9829610994,97.6721801906
2307.6969762529,97.3958571335
2308.4109914065,96.9980204354
2309.1250065600,97.9554393131
2309.8390217136,97.1768670899
2310.5530368671,96.8966241718
2311.2670520206,98.2150276175
2311.9810671742,96.9088300925
2312.6950823277,97.0336968953
2313.4090974813,98.1311416229
2314.1231126348,96.8120710846
2314.8371277884,97.3743529498
2315.5511429419,97.8172191082
2316.2651580955,96.7065923515
2316.9791732490,97.5727144835
2317.6931884025,97.3892945199
2318.4072035561,96.8852034614
2319.1212187096,98.2282060794
2319.8352338632,97.1832669459
2320.5492490167,96.9024907128
2321.2632641703,97.9944174099
2321.9772793238,96.8449082984
2322.6912944773,97.1842365845
2323.4053096309,97.8992401488
2324.1193247844,96.8240981162
2324.8333399380,97.5324114445
2325.5473550915,97.7812418596
2326.2613702451,97.1095423089
2326.9753853986,97.8956159645
2327.6894005521,97.4885815360
2328.4034157057,97.1383858929
2329.1174308592,97.8980732563
2329.8314460128,97.2077854772
2330.5454611663,97.3032850179
2331.2594763199,97.8639612356
2331.9734914734,97.1230299731
2332.6875066270,97.3596112412
2333.4015217805,97.5585906883
2334.1155369340,97.3159219860
2334.8295520876,97.7330599815
2335.5435672411,97.2550670674
2336.2575823947,97.1006657931
2336.9715975482,97.7151946139
2337.6856127018,97.4134692760
2338.3996278553,97.5033658346
2339.1136430088,97.5465206487
2339.8276581624,97.1956838354
2340.5416733159,97.5462540592
2341.2556884695,97.4637685226
2341.9697036230,97.3489873400
2342.6837187766,97.5038485114
2343.3977339301,97.2120625310
2344.1117490837,97.5293963221
2344.8257642372,97.6212069316
2345.5397793907,97.3156167620
2346.2537945443,97.8065243856
2346.9678096978,97.7676987018
2347.6818248514,97.6884510034
2348.3958400049,97.9745229629
2349.1098551585,97.5744436383
2349.8238703120,97.4849481421
2350.5378854655,97.6437462137
2351.2519006191,97.3838651155
2351.9659157726,97.5998904538
2352.6799309262,97.6489941555
2353.3939460797,97.2949353196
2354.1079612333,97.6363191533
2354.8219763868,97.5646762479
2355.5359915403,97.3188270332
2356.2500066939,97.6674309163
2356.9640218474,97.4736425653
2357.6780370010,97.3601420693
2358.3920521545,97.4705396429
2359.1060673081,97.2948325109
2359.8200824616,97.5092391085
2360.5340976152,97.4527437693
2361.2481127687,97.3645577652
2361.9621279222,97.6567169322
2362.6761430758,97.2907538447
2363.3901582293,97.1911492398
2364.1041733829,97.4613212333
2364.8181885364,97.2430405699
2365.5322036900,97.3110328420
2366.2462188435,97.2994961156
2366.9602339970,97.0589803191
2367.6742491506,97.2847258668
2368.3882643041,97.2952743721
2369.1022794577,97.1868110758
2369.8162946112,97.1888081557
2370.5303097648,96.9989191065
2371.2443249183,97.1668882600
2371.9583400719,97.2752107493
2372.6723552254,97.0096525787
2373.3863703789,97.0913667769
2374.1003855325,97.1581444593
2374.8144006860,97.0781780772
2375.5284158396,97.2387770266
2376.2424309931,97.2415318181
2376.9564461467,97.1823477750
2377.6704613002,97.2246869367
2378.3844764537,97.2776633741
2379.0984916073,97.3822113663
2379.8125067608,97.3170641732
2380.5265219144,97.3069548578
2381.2405370679,97.5194490453
2381.9545522215,97.4800313039
2382.6685673750,97.4551456048
2383.3825825285,97.5715814668
2384.0965976821,97.5166361159
2384.8106128356,97.5035774078
2385.5246279892,97.5220398013
2386.2386431427,97.5190979399
2386.9526582963,97.4978669804
2387.6666734498,97.4692037199
2388.3806886034,97.4877589167
2389.0947037569,97.5156993978
2389.8087189104,97.5147941095
2390.5227340640,97.5434387922
2391.2367492175,97.6462936406
2391.9507643711,97.6186662024
2392.6647795246,97.6403401551
2393.3787946782,97.6540797289
2394.0928098317,97.5610010832
2394.8068249852,97.6547452458
2395.5208401388,97.5875222089
2396.2348552923,97.6078378194
2396.9488704459,97.6252747413
2397.6628855994,97.6227163486
2398.3769007530,97.6387253947
2399.0909159065,97.6563169155
2399.8049310601,97.5525778886
2400.5189462136,97.7278487772
2401.2329613671,97.7181879337
2401.9469765207,97.6971303727
2402.6609916742,97.7556926820
2403.3750068278,97.5521112817
2404.0890219813,97.5824864708
2404.8030371349,97.6682432026
2405.5170522884,97.5462664067
2406.2310674419,97.5888061730
2406.9450825955,97.5378277415
2407.6590977490,97.5757804692
2408.3731129026,97.7082039140
2409.0871280561,97.4921795128
2409.8011432097,97.5443022996
2410.5151583632,97.6421680739
2411.2291735167,97.3736839332
2411.9431886703,97.5340146172
2412.6572038238,97.6951156506
2413.3712189774,97.4695427108
2414.0852341309,97.4890492627
2414.7992492845,97.4859534666
2415.5132644380,97.4772133355
2416.2272795916,97.6061121415
2416.9412947451,97.4652277374
2417.6553098986,97.4198026754
2418.3693250522,97.5342562987
2419.0833402057,97.5620122881
2419.7973553593,97.6981044897
2420.5113705128,97.6028824182
2421.2253856664,97.4078261663
2421.9394008199,97.5131519437
2422.6534159734,97.5360275621
2423.3674311270,97.5369372042
2424.0814462805,97.6312263846
2424.7954614341,97.5475868124
2425.5094765876,97.4666128904
2426.2234917412,97.4925073360
2426.9375068947,97.5700627506
2427.6515220483,97.5983955709
2428.3655372018,97.4652231091
2429.0795523553,97.4803771163
2429.7935675089,97.6274063041
2430.5075826624,97.6486861234
2431.2215978160,97.6101669182
2431.9356129695,97.5141316855
2432.6496281231,97.5268873349
2433.3636432766,97.5491972101
2434.0776584301,97.4611179665
2434.7916735837,97.6262847883
2435.5056887372,97.6507569353
2436.2197038908,97.4198718330
2436.9337190443,97.5463749937
2437.6477341979,97.5546336441
2438.3617493514,97.4259926791
2439.0757645050,97.6632073885
2439.7897796585,97.6584709873
2440.5037948120,97.5003121137
2441.2178099656,97.5079216497
2441.9318251191,97.3903334627
2442.6458402727,97.4979095491
2443.3598554262,97.6298887572
2444.0738705798,97.4537571904
2444.7878857333,97.4818634111
2445.5019008868,97.5054226441
2446.2159160404,97.4853875475
2446.9299311939,97.6270039486
2447.6439463475,97.4276408135
2448.3579615010,97.2723750202
2449.0719766546,97.4707210828
2449.7859918081,97.4887457160
2450.5000069616,97.5208079675
2451.2140221152,97.5384703024
2451.9280372687,97.3723503438
2452.6420524223,97.4278821759
2453.3560675758,97.5082144512
2454.0700827294,97.4769446291
2454.7840978829,97.5247068822
2455.4981130365,97.4731335579
2456.2121281900,97.4301412921
2456.9261433435,97.4281585288
2457.6401584971,97.4049771211
2458.3541736506,97.5234643063
2459.0681888042,97.5276147563
2459.7822039577,97.4502057920
2460.4962191113,97.5393537627
2461.2102342648,97.5417819220
2461.9242494183,97.4962333966
2462.6382645719,97.4823768110
2463.3522797254,97.4587841379
2464.0662948790,97.5127652428
2464.7803100325,97.4026910561
2465.4943251861,97.3378925366
2466.2083403396,97.5563871991
2466.9223554932,97.5220877166
2467.6363706467,97.4108683795
2468.3503858002,97.5042389102
2469.0644009538,97.4311752132
2469.7784161073,97.4374598533
2470.4924312609,97.5789873916
2471.2064464144,97.5054985854
2471.9204615680,97.4780564911
2472.6344767215,97.5836389674
2473.3484918750,97.6538561934
2474.0625070286,97.6111972794
2474.7765221821,97.4470432810
2475.4905373357,97.4646301907
2476.2045524892,97.5718159824
2476.9185676428,97.5251389190
2477.6325827963,97.5267761244
2478.3465979498,97.4769116964
2479.0606131034,97.4404721488
2479.7746282569,97.5858619680
2480.4886434105,97.5610379855
2481.2026585640,97.5245335537
2481.9166737176,97.6086010440
2482.6306888711,97.4599135392
2483.3447040247,97.3824968428
2484.0587191782,97.4883581940
2484.7727343317,97.4487425858
2485.4867494853,97.4820064678
2486.2007646388,97.5396041292
2486.9147797924,97.4354365973
2487.6287949459,97.4566614688
2488.3428100995,97.5533982905
2489.0568252530,97.5065684186
2489.7708404065,97.4243861135
2490.4848555601,97.3962275559
2491.1988707136,97.4350779872
2491.9128858672,97.5331227054
2492.6269010207,97.5357753118
2493.3409161743,97.3135992840
2494.0549313278,97.2018337279
2494.7689464814,97.4489364890
2495.4829616349,97.5811147773
2496.1969767884,97.4714603917
2496.9109919420,97.4929226560
2497.6250070955,97.4628192444
2498.3390222491,97.3452067409
2499.0530374026,97.3692970488
2499.7670525562,97.4011638367
2500.4810677097,97.4885483231
2501.1950828632,97.5879025429
2501.9090980168,97.4580512737
2502.6231131703,97.3168162540
2503.3371283239,97.3096962266
2504.0511434774,97.4059054159
2504.7651586310,97.5489993506
2505.4791737845,97.4776787657
2506.1931889380,97.3835658626
2506.9072040916,97.4339762430
2507.6212192451,97.3605238157
2508.3352343987,97.3329200915
2509.0492495522,97.4370359253
2509.7632647058,97.4651132837
2510.4772798593,97.5298668539
2511.1912950129,97.5013860335
2511.9053101664,97.3940007289
2512.6193253199,97.4948266874
2513.3333404735,97.4886330673
2514.0473556270,97.3698778347
2514.7613707806,97.5121515981
2515.4753859341,97.5572087166
2516.1894010877,97.4040480100
2516.9034162412,97.4663057162
2517.6174313947,97.5387604693
2518.3314465483,97.3761870174
2519.0454617018,97.3110446925
2519.7594768554,97.4386509585
2520.4734920089,97.4551965539
2521.1875071625,97.3858305472
2521.9015223160,97.4564970758
2522.6155374696,97.5066473600
2523.3295526231,97.4396866999
2524.0435677766,97.3931720972
2524.7575829302,97.3179331470
2525.4715980837,97.3264445286
2526.1856132373,97.4886597035
2526.8996283908,97.4415189410
2527.6136435444,97.3014334333
2528.3276586979,97.4255450691
2529.0416738514,97.5100082406
2529.7556890050,97.4195454569
2530.4697041585,97.4205572544
2531.1837193121,97.4124079925
2531.8977344656,97.3346292574
2532.6117496192,97.4104844754
2533.3257647727,97.5473833526
2534.0397799262,97.5497535491
2534.7537950798,97.5135749940
2535.4678102333,97.4798952793
2536.1818253869,97.3975810123
2536.8958405404,97.3437011244
2537.6098556940,97.3355138316
2538.3238708475,97.3652156078
2539.0378860011,97.4869361718
2539.7519011546,97.5773368984
2540.4659163081,97.4991759804
2541.1799314617,97.3844862444
2541.8939466152,97.3641042068
2542.6079617688,97.3601692810
2543.3219769223,97.2854340731
2544.0359920759,97.2753617516
2544.7500072294,97.4312230422
2545.4640223829,97.5249371285
2546.1780375365,97.4438641974
2546.8920526900,97.3949545685
2547.6060678436,97.4119597783
2548.3200829971,97.4207751799
2549.0340981507,97.4279538445
2549.7481133042,97.3847021721
2550.4621284578,97.3383795788
2551.1761436113,97.3654574342
2551.8901587648,97.3898473038
2552.6041739184,97.4060967752
2553.3181890719,97.4456758575
2554.0322042255,97.4558689978
2554.7462193790,97.4650998724
2555.4602345326,97.4807832780
2556.1742496861,97.4242861769
2556.8882648396,97.3486915962
2557.6022799932,97.3700529015
2558.3162951467,97.4508670688
2559.0303103003,97.4738626625
2559.7443254538,97.4033011417
2560.4583406074,97.3762889025
2561.1723557609,97.4832713551
2561.8863709144,97.5024349045
2562.6003860680,97.3514800007
2563.3144012215,97.3078374978
2564.0284163751,97.3502031347
2564.7424315286,97.3229273443
2565.4564466822,97.3895890638
2566.1704618357,97.4707124505
2566.8844769893,97.3827631509
2567.5984921428,97.3682289260
2568.3125072963,97.4679278098
2569.0265224499,97.4360943771
2569.7405376034,97.3447516493
2570.4545527570,97.3349109087
2571.1685679105,97.3387139203
2571.8825830641,97.3277806122
2572.5965982176,97.3883710733
2573.3106133711,97.4487681758
2574.0246285247,97.3569651458
2574.7386436782,97.3005434288
2575.4526588318,97.3973659825
2576.1666739853,97.3981910174
2576.8806891389,97.3744547450
2577.5947042924,97.4621424714
2578.3087194460,97.4105223487
2579.0227345995,97.2801772849
2579.7367497530,97.2780064430
2580.4507649066,97.2965121600
2581.1647800601,97.3544263946
2581.8787952137,97.4493823893
2582.5928103672,97.3862690629
2583.3068255208,97.2628954420
2584.0208406743,97.2647827326
2584.7348558278,97.3316140075
2585.4488709814,97.4121306223
2586.1628861349,97.4612767980
2586.8769012885,97.3764198315
2587.5909164420,97.3128198917
2588.3049315956,97.4151100579
2589.0189467491,97.4089770757
2589.7329619027,97.2658970870
2590.4469770562,97.2696170732
2591.1609922097,97.3102811413
2591.8750073633,97.3630182825
2592.5890225168,97.4933259792
2593.3030376704,97.4123599921
2594.0170528239,97.2522070822
2594.7310679775,97.2551117941
2595.4450831310,97.2165218799
2596.1590982845,97.2758126257
2596.8731134381,97.3813063560
2597.5871285916,97.2042437778
2598.3011437452,97.1362381106
2599.0151588987,97.3005719612
2599.7291740523,97.3488135943
2600.4431892058,97.4125582388
2601.1572043593,97.4583937133
2601.8712195129,97.3432988466
2602.5852346664,97.3049745344
2603.2992498200,97.3455784252
2604.0132649735,97.3528878833
2604.7272801271,97.3415772561
2605.4412952806,97.3569219372
2606.1553104342,97.4491184139
2606.8693255877,97.4334204395
2607.5833407412,97.3285641559
2608.2973558948,97.3365492966
2609.0113710483,97.3264403685
2609.7253862019,97.3402017931
2610.4394013554,97.3645550363
2611.1534165090,97.2524021199
2611.8674316625,97.3300669817
2612.5814468160,97.4715964566
2613.2954619696,97.3379624547
2614.0094771231,97.3483061704
2614.7234922767,97.4535958117
2615.4375074302,97.3267681150
2616.1515225838,97.2940436724
2616.8655377373,97.3476486688
2617.5795528909,97.3120038464
2618.2935680444,97.3484525336
2619.0075831979,97.3878231768
2619.7215983515,97.3872769644
2620.4356135050,97.4001562547
2621.1496286586,97.3440439795
2621.8636438121,97.3002630291
2622.5776589657,97.3323992731
2623.2916741192,97.3214102690
2624.0056892727,97.2546204825
2624.7197044263,97.2902778542
2625.4337195798,97.3864650736
2626.1477347334,97.3009690249
2626.8617498869,97.2675944194
2627.5757650405,97.4571485395
2628.2897801940,97.4256267962
2629.0037953475,97.2723529184
2629.7178105011,97.3235839686
2630.4318256546,97.3237089743
2631.1458408082,97.3120140436
2631.8598559617,97.3473959197
2632.5738711153,97.2860864537
2633.2878862688,97.3357372204
2634.0019014224,97.3688492035
2634.7159165759,97.2698880526
2635.4299317294,97.3383348202
2636.1439468830,97.3661410236
2636.8579620365,97.2687324319
2637.5719771901,97.3118709624
2638.2859923436,97.3324379682
2639.0000074972,97.3271962171
2639.7140226507,97.3798721372
2640.4280378042,97.3638064289
2641.1420529578,97.3650445220
2641.8560681113,97.3140928645
2642.5700832649,97.2382294631
2643.2840984184,97.3318023378
2643.9981135720,97.3350734362
2644.7121287255,97.2802377091
2645.4261438791,97.3829127526
2646.1401590326,97.3659113693
2646.8541741861,97.3165438379
2647.5681893397,97.3979335347
2648.2822044932,97.3400895680
2648.9962196468,97.2325973214
2649.7102348003,97.2425220698
2650.4242499539,97.2842565516
2651.1382651074,97.3681933830
2651.8522802609,97.4079008656
2652.5662954145,97.3412811778
2653.2803105680,97.3003363884
2653.9943257216,97.3526635808
2654.7083408751,97.4184398492
2655.4223560287,97.3648672941
2656.1363711822,97.2849316500
2656.8503863357,97.3032507519
2657.5644014893,97.3003608403
2658.2784166428,97.3065975325
2658.9924317964,97.3666087911
2659.7064469499,97.3672769566
2660.4204621035,97.3640039185
2661.1344772570,97.3669514452
2661.8484924106,97.3705794304
2662.5625075641,97.4281957416
2663.2765227176,97.3965986354
2663.9905378712,97.3301189739
2664.7045530247,97.3834363799
2665.4185681783,97.4266584909
2666.1325833318,97.4271203050
2666.8465984854,97.4171257834
2667.5606136389,97.4255873362
2668.2746287924,97.4695188303
2668.9886439460,97.3875972952
2669.7026590995,97.3638519355
2670.4166742531,97.5203782376
2671.1306894066,97.4665516974
2671.8447045602,97.3532521546
2672.5587197137,97.4280664831
2673.2727348673,97.4268544268
2673.9867500208,97.4659370790
2674.7007651743,97.5223527685
2675.4147803279,97.3507631139
2676.1287954814,97.3203539801
2676.8428106350,97.4747988853
2677.5568257885,97.4609039247
2678.2708409421,97.4041753531
2678.9848560956,97.4060409653
2679.6988712491,97.4068432787
2680.4128864027,97.3906027781
2681.1269015562,97.3534859019
2681.8409167098,97.4024052532
2682.5549318633,97.4176256255
2683.2689470169,97.3490264511
2683.9829621704,97.4378477192
2684.6969773239,97.5179175971
2685.4109924775,97.4604612056
2686.1250076310,97.4645105642
2686.8390227846,97.4393778619
2687.5530379381,97.3860811085
2688.2670530917,97.3854622244
2688.9810682452,97.3172598905
2689.6950833988,97.3270847075
2690.4090985523,97.4256411635
2691.1231137058,97.3806591926
2691.8371288594,97.3358823159
2692.5511440129,97.3645006895
2693.2651591665,97.3426916717
2693.9791743200,97.3407082437
2694.6931894736,97.3419999918
2695.4072046271,97.3104916873
2696.1212197806,97.3279683322
2696.8352349342,97.3433274270
2697.5492500877,97.3345728244
2698.2632652413,97.3645276788
2698.9772803948,97.3753231970
2699.6912955484,97.3388498484
2700.4053107019,97.3481618162
2701.1193258555,97.3786153352
2701.8333410090,97.3319127053
2702.5473561625,97.3158267944
2703.2613713161,97.3707460649
2703.9753864696,97.3295112638
2704.6894016232,97.2978464542
2705.4034167767,97.3829499109
2706.1174319303,97.3638997906
2706.8314470838,97.2813647164
2707.5454622373,97.3008398827
2708.2594773909,97.3222087226
2708.9734925444,97.3487665682
2709.6875076980,97.3600494874
2710.4015228515,97.2741909853
2711.1155380051,97.2896607153
2711.8295531586,97.3937138580
2712.5435683122,97.3257432652
2713.2575834657,97.2327012118
2713.9715986192,97.2742628287
2714.6856137728,97.2777107138
2715.3996289263,97.2543261762
2716.1136440799,97.2966345361
2716.8276592334,97.2909206608
2717.5416743870,97.2477361494
2718.2556895405,97.2735400527
2718.9697046940,97.3191870352
2719.6837198476,97.3140158758
2720.3977350011,97.2433569479
2721.1117501547,97.2127178729
2721.8257653082,97.3053997151
2722.5397804618,97.3082497081
2723.2537956153,97.2008144733
2723.9678107688,97.2326811994
2724.6818259224,97.2634410849
2725.3958410759,97.1866949289
2726.1098562295,97.1968575659
2726.8238713830,97.2261620453
2727.5378865366,97.2405610319
2728.2519016901,97.2954629693
2728.9659168437,97.2645529274
2729.6799319972,97.2429455988
2730.3939471507,97.2369724676
2731.1079623043,97.1227761092
2731.8219774578,97.1585184936
2732.5359926114,97.2648337472
2733.2500077649,97.1649925134
2733.9640229185,97.1602103024
2734.6780380720,97.2539427462
2735.3920532255,97.2014660164
2736.1060683791,97.2151184579
2736.8200835326,97.2539414342
2737.5340986862,97.1772661302
2738.2481138397,97.1781511374
2738.9621289933,97.1777675815
2739.6761441468,97.1182391678
2740.3901593004,97.1883813075
2741.1041744539,97.2478352091
2741.8181896074,97.1748093223
2742.5322047610,97.1421705681
2743.2462199145,97.1617879883
2743.9602350681,97.1806269303
2744.6742502216,97.2553981251
2745.3882653752,97.2961584677
2746.1022805287,97.1956072509
2746.8162956822,97.1257525827
2747.5303108358,97.1986061239
2748.2443259893,97.2275148001
2748.9583411429,97.1697080538
2749.6723562964,97.1660154362
2750.3863714500,97.1990952435
2751.1003866035,97.2343804163
2751.8144017570,97.2573948419
2752.5284169106,97.2116270358
2753.2424320641,97.1734260192
2753.9564472177,97.1679757120
2754.6704623712,97.1273811549
2755.3844775248,97.1365756998
2756.0984926783,97.1895087631
2756.8125078319,97.1791489053
2757.5265229854,97.1845401507
2758.2405381389,97.2041350199
2758.9545532925,97.1720579453
2759.6685684460,97.2076946827
2760.3825835996,97.2589886733
2761.0965987531,97.1846603630
2761.8106139067,97.1264368578
2762.5246290602,97.1321711577
2763.2386442137,97.1328986300
2763.9526593673,97.1939708194
2764.6666745208,97.2120786667
2765.3806896744,97.1291166356
2766.0947048279,97.0982198112
2766.8087199815,97.0649661077
2767.5227351350,97.0496671635
2768.2367502886,97.1336701873
2768.9507654421,97.1522839915
2769.6647805956,97.1914012439
2770.3787957492,97.2307206919
2771.0928109027,97.0272286829
2771.8068260563,96.9893297856
2772.5208412098,97.1936802283
2773.2348563634,97.1013675165
2773.9488715169,97.0113949775
2774.6628866704,97.1540359160
2775.3769018240,97.1150077226
2776.0909169775,97.0445155915
2776.8049321311,97.0693567449
2777.5189472846,97.0411711572
2778.2329624382,97.0975423090
2778.9469775917,97.0913362797
2779.6609927452,97.0046586268
2780.3750078988,97.0706205398
2781.0890230523,97.0238694229
2781.8030382059,96.9282039351
2782.5170533594,97.0554875855
2783.2310685130,97.0645397593
2783.9450836665,96.9646991153
2784.6590988201,97.0017265232
2785.3731139736,96.9964017979
2786.0871291271,97.0101227170
2786.8011442807,97.0971420569
2787.5151594342,97.0505623807
2788.2291745878,96.9827175962
2788.9431897413,97.0087151463
2789.6572048949,97.0269000719
2790.3712200484,97.0234023815
2791.0852352019,97.0059686696
2791.7992503555,96.9980085961
2792.5132655090,97.0160315002
2793.2272806626,97.0206761843
2793.9412958161,97.0245945661
2794.6553109697,97.0391748437
2795.3693261232,97.0419851982
2796.0833412768,97.0143763544
2796.7973564303,96.9933454970
2797.5113715838,97.0319147103
2798.2253867374,97.0371850777
2798.9394018909,97.0067950662
2799.6534170445,97.0614696695
2800.3674321980,97.0670945521
2801.0814473516,96.9679124530
2801.7954625051,96.9704900107
2802.5094776586,97.0274546305
2803.2234928122,96.9852403441
2803.9375079657,96.9513430913
2804.6515231193,97.0017597448
2805.3655382728,97.0125256650
2806.0795534264,96.9419914751
2806.7935685799,96.9178916929
2807.5075837334,96.9542342545
2808.2215988870,96.9780715263
2808.9356140405,97.0087178919
2809.6496291941,96.9925556228
2810.3636443476,96.9181779179
2811.0776595012,96.9208229279
2811.7916746547,96.9719084392
2812.5056898083,96.9802070104
2813.2197049618,96.9445985466
2813.9337201153,96.8828867416
2814.6477352689,96.9009373182
2815.3617504224,96.9615340967
2816.0757655760,96.9450555553
2816.7897807295,96.9670367017
2817.5037958831,97.0060515219
2818.2178110366,96.9413188222
2818.9318261901,96.9052253382
2819.6458413437,96.9163665809
2820.3598564972,96.9039148165
2821.0738716508,96.9425733380
2821.7878868043,96.9669791020
2822.5019019579,96.9077645502
2823.2159171114,96.8907462257
2823.9299322650,96.9203161804
2824.6439474185,96.8809235282
2825.3579625720,96.8332291701
2826.0719777256,96.8766118560
2826.7859928791,96.9036214795
2827.5000080327,96.8631658309
2828.2140231862,96.8603107130
2828.9280383398,96.8580917674
2829.6420534933,96.8364853846
2830.3560686468,96.8575551308
2831.0700838004,96.8538863319
2831.7840989539,96.8625058785
2832.4981141075,96.9124096987
2833.2121292610,96.8655255970
2833.9261444146,96.8150849096
2834.6401595681,96.8403410626
2835.3541747217,96.8065205065
2836.0681898752,96.7755071787
2836.7822050287,96.8054334653
2837.4962201823,96.8031487271
2838.2102353358,96.7721135050
2838.9242504894,96.7227670234
2839.6382656429,96.6703406556
2840.3522807965,96.6371583176
2841.0662959500,96.6091893812
2841.7803111035,96.6105080957
2842.4943262571,96.5970792592
2843.2083414106,96.5600704745
2843.9223565642,96.5474079573
2844.6363717177,96.4708296113
2845.3503868713,96.3911094886
2846.0644020248,96.3954937689
2846.7784171783,96.3093662070
2847.4924323319,96.1758942086
2848.2064474854,96.1621807045
2848.9204626390,96.1596388349
2849.6344777925,96.1003041246
2850.3484929461,96.0330324525
2851.0625080996,96.0191165504
2851.7765232532,96.1129680421
2852.4905384067,96.2051817814
2853.2045535602,96.2285367287
2853.9185687138,96.2582423197
2854.6325838673,96.2970766535
2855.3465990209,96.3557359134
2856.0606141744,96.4515598626
2856.7746293280,96.5083412218
2857.4886444815,96.4819668924
2858.2026596350,96.4855253033
2858.9166747886,96.6112802726
2859.6306899421,96.6806248166
2860.3447050957,96.6502378181
2861.0587202492,96.7263678820
2861.7727354028,96.8103749998
2862.4867505563,96.8267190447
2863.2007657099,96.9076453128
2863.9147808634,96.9537381952
2864.6287960169,96.9765991660
2865.3428111705,97.0356002678
2866.0568263240,97.0440347206
2866.7708414776,97.1658148876
2867.4848566311,97.3042761896
2868.1988717847,97.2020305568
2868.9128869382,97.1443838635
2869.6269020917,97.1936105787
2870.3409172453,97.1745149872
2871.0549323988,97.2321987088
2871.7689475524,97.2771305706
2872.4829627059,97.2282961272
2873.1969778595,97.2782087014
2873.9109930130,97.3575176762
2874.6250081665,97.3783082639
2875.3390233201,97.3804244398
2876.0530384736,97.3870996796
2876.7670536272,97.4790472048
2877.4810687807,97.5658930337
2878.1950839343,97.5924462555
2878.9090990878,97.6966539639
2879.6231142414,97.8276737891
2880.3371293949,97.9192753387
2881.0511445484,98.0339505593
2881.7651597020,98.1728734676
2882.4791748555,98.2958557697
2883.1931900091,98.3540012772
2883.9072051626,98.3667353535
2884.6212203162,98.3053704663
2885.3352354697,98.1876270395
2886.0492506232,98.2036542963
2886.7632657768,98.2612463065
2887.4772809303,98.2797846724
2888.1912960839,98.3682334676
2888.9053112374,98.3033706079
2889.6193263910,98.1876365983
2890.3333415445,98.2871320227
2891.0473566981,98.2543933031
2891.7613718516,98.1440026861
2892.4753870051,98.1785671514
2893.1894021587,98.0474562252
2893.9034173122,97.9073570235
2894.6174324658,97.9256569766
2895.3314476193,97.8840011043
2896.0454627729,97.9233215765
2896.7594779264,97.9288411249
2897.4734930799,97.7760617786
2898.1875082335,97.7989371827
2898.9015233870,97.8124205254
2899.6155385406,97.6720378320
2900.3295536941,97.6813324099
2901.0435688477,97.7093040727
2901.7575840012,97.6507473662
2902.4715991547,97.6113541823
2903.1856143083,97.5484448398
2903.8996294618,97.5425613187
2904.6136446154,97.5288220889
2905.3276597689,97.4112432931
2906.0416749225,97.3560047941
2906.7556900760,97.3428441053
2907.4697052296,97.3112425617
2908.1837203831,97.2860571370
2908.8977355366,97.2215937095
2909.6117506902,97.1662200047
2910.3257658437,97.0985295460
2911.0397809973,97.0497306202
2911.7537961508,97.0569307918
2912.4678113044,96.8894849569
2913.1818264579,96.7011063473
2913.8958416114,96.7061332661
2914.6098567650,96.6024572807
2915.3238719185,96.4550713784
2916.0378870721,96.4402202482
2916.7519022256,96.3872649991
2917.4659173792,96.3624289967
2918.1799325327,96.2751947311
2918.8939476863,96.0913287566
2919.6079628398,96.1394200907
2920.3219779933,96.1687357654
2921.0359931469,96.0472060671
2921.7500083004,96.1685239449
2922.4640234540,96.2637141385
2923.1780386075,96.1385208818
2923.8920537611,96.1500299915
2924.6060689146,96.2064961682
2925.3200840681,96.2177055998
2926.0340992217,96.3627428536
2926.7481143752,96.4932782069
2927.4621295288,96.4729760890
2928.1761446823,96.4485053279
2928.8901598359,96.5543801109
2929.6041749894,96.7233444245
2930.3181901429,96.8002788823
2931.0322052965,96.8499121307
2931.7462204500,96.9485002749
2932.4602356036,96.9640064707
2933.1742507571,96.9225540643
2933.8882659107,97.0010178126
2934.6022810642,97.1287674442
2935.3162962178,97.1509542896
2936.0303113713,97.1528408925
2936.7443265248,97.2312064334
2937.4583416784,97.3384160457
2938.1723568319,97.4704681727
2938.8863719855,97.5636250667
2939.6003871390,97.5436991470
2940.3144022926,97.5576808139
2941.0284174461,97.6583715522
2941.7424325996,97.7389762092
2942.4564477532,97.8269259480
2943.1704629067,97.9515140324
2943.8844780603,98.0310016969
2944.5984932138,98.0285713418
2945.3125083674,98.1069593599
2946.0265235209,98.3575996234
2946.7405386745,98.5191867440
2947.4545538280,98.5426487800
2948.1685689815,98.6076876798
2948.8825841351,98.6388733558
2949.5965992886,98.7344887246
2950.3106144422,98.8942176459
2951.0246295957,98.8672983821
2951.7386447493,98.9241799182
2952.4526599028,99.1049869055
2953.1666750563,99.1045412055
2953.8806902099,99.1815522290
2954.5947053634,99.2956565550
2955.3087205170,99.3123701969
2956.0227356705,99.5225149675
2956.7367508241,99.5525628995
2957.4507659776,99.3931967085
2958.1647811312,99.6732666625
2958.8787962847,99.9184345464
2959.5928114382,99.8466701318
2960.3068265918,100.0137141017
2961.0208417453,100.1948372190
2961.7348568989,100.1479123281
2962.4488720524,100.1699440104
2963.1628872060,100.2819487257
2963.8769023595,100.4632700644
2964.5909175130,100.7023109045
2965.3049326666,100.9359458994
2966.0189478201,101.0931830211
2966.7329629737,101.0586240094
2967.4469781272,101.1060136243
2968.1609932808,101.3042783042
2968.8750084343,101.4261377822
2969.5890235878,102.0368409393
2970.3030387414,103.1422639699
2971.0170538949,103.3689249048
2971.7310690485,102.6206049777
2972.4450842020,102.2206557503
2973.1590993556,102.3087146749
2973.8731145091,102.2258177151
2974.5871296627,102.0997447014
2975.3011448162,102.2278913306
2976.0151599697,102.3843122108
2976.7291751233,102.5638892466
2977.4431902768,102.9171036989
2978.1572054304,103.2517110443
2978.8712205839,103.6836307636
2979.5852357375,104.1624809213
2980.2992508910,104.2209459841
2981.0132660445,104.5590030970
2981.7272811981,105.3959570906
2982.4412963516,104.8265871300
2983.1553115052,102.9217471978
2983.8693266587,101.9737687876
2984.5833418123,101.8392656492
2985.2973569658,101.4688945988
2986.0113721194,101.3579843178
2986.7253872729,101.4175494241
2987.4394024264,101.1371147651
2988.1534175800,100.9626405229
2988.8674327335,101.0004571843
2989.5814478871,101.0019757948
2990.2954630406,101.0392418006
2991.0094781942,100.9915127816
2991.7234933477,100.8614400096
2992.4375085012,100.8302631299
2993.1515236548,100.7589009169
2993.8655388083,100.6117377364
2994.5795539619,100.5166289292
2995.2935691154,100.4638190104
2996.0075842690,100.4209060234
2996.7215994225,100.3134285915
2997.4356145760,100.1916151259
2998.1496297296,100.1951837709
2998.8636448831,100.1384293222
2999.5776600367,99.9094962660
3000.2916751902,99.7637606525
3001.0056903438,99.6942718227
3001.7197054973,99.4735434899
3002.4337206509,99.2286013364
3003.1477358044,99.1141821009
3003.8617509579,98.9885145775
3004.5757661115,98.8668496664
3005.2897812650,98.8261257048
3006.0037964186,98.6687533599
3006.7178115721,98.3974129166
3007.4318267257,98.2383222579
3008.1458418792,98.1512583230
3008.8598570327,98.0394634914
3009.5738721863,97.9460058677
3010.2878873398,97.8837445391
3011.0019024934,97.7959343404
3011.7159176469,97.6341105694
3012.4299328005,97.5149289168
3013.1439479540,97.5064766755
3013.8579631076,97.4101428449
3014.5719782611,97.2617556716
3015.2859934146,97.2468171468
3016.0000085682,97.2043577046
3016.7140237217,97.0966540181
3017.4280388753,97.1063763877
3018.1420540288,97.1010109159
3018.8560691824,97.0091097839
3019.5700843359,97.0054207010
3020.2840994894,97.0294187677
3020.9981146430,97.0336978492
3021.7121297965,97.0816397322
3022.4261449501,97.0151493655
3023.1401601036,96.8926002936
3023.8541752572,96.9300913980
3024.5681904107,96.9718958075
3025.2822055642,96.9705570969
3025.9962207178,96.9890781861
3026.7102358713,96.8732238996
3027.4242510249,96.7964359352
3028.1382661784,96.8340453653
3028.8522813320,96.6710277209
3029.5662964855,96.5800415903
3030.2803116391,96.7932319783
3030.9943267926,96.8554014747
3031.7083419461,96.7433224279
3032.4223570997,96.6981552007
3033.1363722532,96.6773365473
3033.8503874068,96.7600078516
3034.5644025603,96.8392966308
3035.2784177139,96.8088033593
3035.9924328674,96.8139915886
3036.7064480209,96.7401985686
3037.4204631745,96.6610388759
3038.1344783280,96.7172623308
3038.8484934816,96.6364573019
3039.5625086351,96.5471076718
3040.2765237887,96.6151696264
3040.9905389422,96.5945236062
3041.7045540958,96.5630755561
3042.4185692493,96.5192756415
3043.1325844028,96.4577117445
3043.8465995564,96.5883339869
3044.5606147099,96.5485680575
3045.2746298635,96.3889106773
3045.9886450170,96.5617973312
3046.7026601706,96.5567006564
3047.4166753241,96.3633746347
3048.1306904776,96.4952914382
3048.8447056312,96.5183518248
3049.5587207847,96.4331331909
3050.2727359383,96.5326835739
3050.9867510918,96.4477337756
3051.7007662454,96.3824649557
3052.4147813989,96.4608734081
3053.1287965524,96.3427734881
3053.8428117060,96.3070937249
3054.5568268595,96.2866847672
3055.2708420131,96.1064922911
3055.9848571666,96.2402342652
3056.6988723202,96.4155524914
3057.4128874737,96.2915835765
3058.1269026273,96.3149698400
3058.8409177808,96.3388246368
3059.5549329343,96.2127076675
3060.2689480879,96.2604650658
3060.9829632414,96.2908141901
3061.6969783950,96.2221589872
3062.4109935485,96.2229511722
3063.1250087021,96.1223106834
3063.8390238556,96.0624074651
3064.5530390091,96.2274260966
3065.2670541627,96.2685693031
3065.9810693162,96.1724067024
3066.6950844698,96.2125593054
3067.4090996233,96.2384409922
3068.1231147769,96.1039926979
3068.8371299304,96.0223359899
3069.5511450840,96.1035706673
3070.2651602375,96.1842556433
3070.9791753910,96.1654712770
3071.6931905446,96.1480045316
3072.4072056981,96.1596793937
3073.1212208517,96.1307776681
3073.8352360052,96.1256213319
3074.5492511588,96.1596024975
3075.2632663123,96.1295297064
3075.9772814658,96.1585973104
3076.6912966194,96.2778136193
3077.4053117729,96.2123006341
3078.1193269265,96.0890630825
3078.8333420800,96.2209450217
3079.5473572336,96.3968605976
3080.2613723871,96.3727183274
3080.9753875406,96.2243278913
3081.6894026942,96.1193998408
3082.4034178477,96.1628198609
3083.1174330013,96.1825759449
3083.8314481548,96.1645158520
3084.5454633084,96.2812484398
3085.2594784619,96.3488702429
3085.9734936155,96.3593280660
3086.6875087690,96.4170452777
3087.4015239225,96.3037667969
3088.1155390761,96.2300016814
3088.8295542296,96.3328158524
3089.5435693832,96.2852158099
3090.2575845367,96.3196509616
3090.9715996903,96.4934575315
3091.6856148438,96.3967108505
3092.3996299973,96.2962992693
3093.1136451509,96.3762508998
3093.8276603044,96.3920565939
3094.5416754580,96.3788172205
3095.2556906115,96.3066587157
3095.9697057651,96.2458819674
3096.6837209186,96.3636350099
3097.3977360722,96.4358438861
3098.1117512257,96.4198883642
3098.8257663792,96.4312592941
3099.5397815328,96.4523283473
3100.2537966863,96.5389989639
3100.9678118399,96.5414284227
3101.6818269934,96.4305467431
3102.3958421470,96.4400368875
3103.1098573005,96.4783533790
3103.8238724540,96.4787282069
3104.5378876076,96.4578566862
3105.2519027611,96.3908234971
3105.9659179147,96.4434416360
3106.6799330682,96.4889055872
3107.3939482218,96.4336398998
3108.1079633753,96.4805506258
3108.8219785289,96.4780458761
3109.5359936824,96.4838754636
3110.2500088359,96.5599600946
3110.9640239895,96.3960727232
3111.6780391430,96.4154615570
3112.3920542966,96.6803520808
3113.1060694501,96.4911778372
3113.8200846037,96.2991988934
3114.5340997572,96.4383965409
3115.2481149107,96.4055235469
3115.9621300643,96.4368813423
3116.6761452178,96.5387277152
3117.3901603714,96.4248668516
3118.1041755249,96.5246224736
3118.8181906785,96.6700889279
3119.5322058320,96.4978814042
3120.2462209855,96.4226215686
3120.9602361391,96.4466976964
3121.6742512926,96.4165006607
3122.3882664462,96.4941859388
3123.1022815997,96.5079990289
3123.8162967533,96.4342955686
3124.5303119068,96.4611870183
3125.2443270604,96.4567956417
3125.9583422139,96.4297967858
3126.6723573674,96.4968878977
3127.3863725210,96.4582039626
3128.1003876745,96.3055914976
3128.8144028281,96.3369281173
3129.5284179816,96.4398577082
3130.2424331352,96.3461007374
3130.9564482887,96.3429363602
3131.6704634422,96.5417213329
3132.3844785958,96.5505458837
3133.0984937493,96.4251690622
3133.8125089029,96.4018079514
3134.5265240564,96.3207907235
3135.2405392100,96.2306122082
3135.9545543635,96.3318433808
3136.6685695171,96.4747981726
3137.3825846706,96.4423261297
3138.0965998241,96.3035794806
3138.8106149777,96.2693612169
3139.5246301312,96.3194614962
3140.2386452848,96.3567969936
3140.9526604383,96.4071409166
3141.6666755919,96.3856060165
3142.3806907454,96.3232199152
3143.0947058989,96.3465911349
3143.8087210525,96.3307948865
3144.5227362060,96.2665103816
3145.2367513596,96.2215440768
3145.9507665131,96.2012928348
3146.6647816667,96.3231257171
3147.3787968202,96.3325652286
3148.0928119737,96.1101069611
3148.8068271273,96.1559269648
3149.5208422808,96.2783420624
3150.2348574344,96.0681224337
3150.9488725879,96.0016287373
3151.6628877415,96.1273553870
3152.3769028950,96.1080954808
3153.0909180486,96.1948625294
3153.8049332021,96.3178171459
3154.5189483556,96.2366874940
3155.2329635092,96.1982432516
3155.9469786627,96.1644897526
3156.6609938163,96.0821510401
3157.3750089698,96.2003270662
3158.0890241234,96.2088000532
3158.8030392769,95.9416786874
3159.5170544304,95.9608773828
3160.2310695840,96.1694882014
3160.9450847375,96.0821298162
3161.6590998911,95.9811321691
3162.3731150446,96.0156663069
3163.0871301982,95.9897078566
3163.8011453517,96.0213243765
3164.5151605053,96.0113865914
3165.2291756588,95.8739272153
3165.9431908123,95.8712705649
3166.6572059659,95.9042600482
3167.3712211194,95.8957648975
3168.0852362730,95.9363947209
3168.7992514265,95.8358681681
3169.5132665801,95.7633754898
3170.2272817336,95.8539391564
3170.9412968871,95.7647444243
3171.6553120407,95.6610850660
3172.3693271942,95.7298078899
3173.0833423478,95.7091763006
3173.7973575013,95.6855870593
3174.5113726549,95.7365778201
3175.2253878084,95.7569117344
3175.9394029619,95.7215366153
3176.6534181155,95.5187081591
3177.3674332690,95.4517802101
3178.0814484226,95.7408734844
3178.7954635761,95.8486782338
3179.5094787297,95.6985941988
3180.2234938832,95.6370973719
3180.9375090368,95.6185369352
3181.6515241903,95.6115791434
3182.3655393438,95.5609120769
3183.0795544974,95.4850205189
3183.7935696509,95.5571678095
3184.5075848045,95.5604566252
3185.2215999580,95.4444517861
3185.9356151116,95.4928207092
3186.6496302651,95.5396559230
3187.3636454186,95.4289940523
3188.0776605722,95.3529906733
3188.7916757257,95.3644219371
3189.5056908793,95.3562080513
3190.2197060328,95.3150541229
3190.9337211864,95.3540751098
3191.6477363399,95.3931688883
3192.3617514935,95.3401588719
3193.0757666470,95.3591200129
3193.7897818005,95.2829769346
3194.5037969541,95.1064807719
3195.2178121076,95.2258285644
3195.9318272612,95.2909246347
3196.6458424147,95.1395989503
3197.3598575683,95.2693525299
3198.0738727218,95.3024120406
3198.7878878753,95.0947310343
3199.5019030289,95.1899453475
3200.2159181824,95.1862747029
3200.9299333360,94.9289801795
3201.6439484895,94.9240336231
3202.3579636431,94.9369023616
3203.0719787966,94.9156978522
3203.7859939501,95.0512308138
3204.5000091037,94.9952989756
3205.2140242572,94.9046524880
3205.9280394108,95.0248790789
3206.6420545643,94.9818309352
3207.3560697179,94.8599817340
3208.0700848714,94.8792355779
3208.7841000250,94.8273821645
3209.4981151785,94.8104861446
3210.2121303320,94.8989053797
3210.9261454856,94.7789634221
3211.6401606391,94.5850447095
3212.3541757927,94.6490056905
3213.0681909462,94.8008164124
3213.7822060998,94.8166260313
3214.4962212533,94.7242079124
3215.2102364068,94.6163911536
3215.9242515604,94.6559839958
3216.6382667139,94.7480942395
3217.3522818675,94.6259696196
3218.0662970210,94.5466887505
3218.7803121746,94.6504371301
3219.4943273281,94.5470570394
3220.2083424817,94.3631821371
3220.9223576352,94.4220312312
3221.6363727887,94.4964287273
3222.3503879423,94.4824912841
3223.0644030958,94.4259320746
3223.7784182494,94.3393174486
3224.4924334029,94.4079478636
3225.2064485565,94.5085244127
3225.9204637100,94.4108793421
3226.6344788635,94.2627571452
3227.3484940171,94.1545923651
3228.0625091706,94.1195847848
3228.7765243242,94.1348468310
3229.4905394777,94.0494261945
3230.2045546313,94.0267139427
3230.9185697848,94.0546539921
3231.6325849384,93.9383948108
3232.3466000919,94.0035271747
3233.0606152454,94.1303373375
3233.7746303990,93.9059086261
3234.4886455525,93.8061550977
3235.2026607061,93.8804074157
3235.9166758596,93.6912668135
3236.6306910132,93.6732152780
3237.3447061667,93.8624542383
3238.0587213202,93.7629201219
3238.7727364738,93.7173907353
3239.4867516273,93.8376843389
3240.2007667809,93.7421358304
3240.9147819344,93.5876228297
3241.6287970880,93.5162602605
3242.3428122415,93.5299683179
3243.0568273950,93.6173057154
3243.7708425486,93.5344498811
3244.4848577021,93.4877730047
3245.1988728557,93.5862532896
3245.9128880092,93.4065047483
3246.6269031628,93.2756983555
3247.3409183163,93.3895563745
3248.0549334699,93.2579231188
3248.7689486234,93.2202567225
3249.4829637769,93.4054148233
3250.1969789305,93.1792027657
3250.9109940840,92.9323920290
3251.6250092376,93.0616846563
3252.3390243911,93.0887094585
3253.0530395447,93.0232150260
3253.7670546982,93.0038073117
3254.4810698517,92.9140481520
3255.1950850053,92.8541388645
3255.9091001588,92.7965429300
3256.6231153124,92.7943447257
3257.3371304659,92.8509182378
3258.0511456195,92.6942275966
3258.7651607730,92.6215690839
3259.4791759266,92.7874560712
3260.1931910801,92.6877768954
3260.9072062336,92.4976385147
3261.6212213872,92.5687550664
3262.3352365407,92.5754841253
3263.0492516943,92.4787195434
3263.7632668478,92.5031607546
3264.4772820014,92.5766306598
3265.1912971549,92.5622242288
3265.9053123084,92.4423531959
3266.6193274620,92.3691393809
3267.3333426155,92.3706538602
3268.0473577691,92.3198750066
3268.7613729226,92.3166975621
3269.4753880762,92.3446825811
3270.1894032297,92.2572646676
3270.9034183832,92.2378287821
3271.6174335368,92.3522050001
3272.3314486903,92.3421362097
3273.0454638439,92.2282002217
3273.7594789974,92.2975712778
3274.4734941510,92.4504463304
3275.1875093045,92.3385101717
3275.9015244581,92.1999177845
3276.6155396116,92.3477889066
3277.3295547651,92.3859118054
3278.0435699187,92.2141777698
3278.7575850722,92.2281301924
3279.4716002258,92.3283055873
3280.1856153793,92.3284055126
3280.8996305329,92.3300204040
3281.6136456864,92.2828940492
3282.3276608399,92.2181308836
3283.0416759935,92.2599115723
3283.7556911470,92.3462812562
3284.4697063006,92.4471920304
3285.1837214541,92.5107493944
3285.8977366077,92.4734577212
3286.6117517612,92.5003455380
3287.3257669148,92.6648198192
3288.0397820683,92.7659012556
3288.7537972218,92.6944716800
3289.4678123754,92.6023739695
3290.1818275289,92.7093711923
3290.8958426825,92.9256353101
3291.6098578360,92.9302714537
3292.3238729896,92.8732648410
3293.0378881431,92.9877332565
3293.7519032966,92.9377802366
3294.4659184502,92.8516376375
3295.1799336037,93.1279559513
3295.8939487573,93.2289516804
3296.6079639108,93.0558164914
3297.3219790644,93.2424405769
3298.0359942179,93.4315751147
3298.7500093714,93.3609668973
3299.4640245250,93.4706584244
3300.1780396785,93.5189148584
3300.8920548321,93.4726173848
3301.6060699856,93.6484422600
3302.3200851392,93.6580405966
3303.0341002927,93.5552983278
3303.7481154463,93.7191289748
3304.4621305998,93.8063495597
3305.1761457533,93.7983288215
3305.8901609069,93.9456909805
3306.6041760604,94.0029316018
3307.3181912140,93.9746037714
3308.0322063675,94.1163783120
3308.7462215211,94.2559403902
3309.4602366746,94.1860764269
3310.1742518281,94.1833194268
3310.8882669817,94.3668969956
3311.6022821352,94.4068252564
3312.3162972888,94.4030840888
3313.0303124423,94.5445892970
3313.7443275959,94.5318157782
3314.4583427494,94.5370951969
3315.1723579030,94.7031779386
3315.8863730565,94.6450638263
3316.6003882100,94.6166656249
3317.3144033636,94.7874718445
3318.0284185171,94.8041520344
3318.7424336707,94.8718337901
3319.4564488242,94.9553304645
3320.1704639778,94.8557278671
3320.8844791313,95.0103005779
3321.5984942848,95.2047933683
3322.3125094384,95.0488347605
3323.0265245919,95.0651481371
3323.7405397455,95.2691866843
3324.4545548990,95.2526756098
3325.1685700526,95.3062448913
3325.8825852061,95.5080560434
3326.5966003596,95.4646064310
3327.3106155132,95.3097948327
3328.0246306667,95.3716933921
3328.7386458203,95.4498908586
3329.4526609738,95.4426874392
3330.1666761274,95.5442001733
3330.8806912809,95.5831885744
3331.5947064345,95.5332642077
3332.3087215880,95.6284930755
3333.0227367415,95.6350999292
3333.7367518951,95.6068197799
3334.4507670486,95.8202356162
3335.1647822022,95.8609745478
3335.8787973557,95.7434394618
3336.5928125093,95.8817093446
3337.3068276628,95.9448606164
3338.0208428163,95.8296778681
3338.7348579699,95.8493199586
3339.4488731234,95.8641218767
3340.1628882770,95.7771230453
3340.8769034305,95.7474716633
3341.5909185841,95.8549880964
3342.3049337376,96.0106757923
3343.0189488912,96.0120629723
3343.7329640447,95.9687055843
3344.4469791982,96.0108233867
3345.1609943518,95.9380838421
3345.8750095053,95.8716276946
3346.5890246589,96.0341044555
3347.3030398124,96.1962819025
3348.0170549660,96.2319576905
3348.7310701195,96.2078735568
3349.4450852730,96.0974571278
3350.1591004266,96.0618156457
3350.8731155801,96.2440426736
3351.5871307337,96.3579445132
3352.3011458872,96.2853840569
3353.0151610408,96.3222908735
3353.7291761943,96.3694253134
3354.4431913478,96.2622058849
3355.1572065014,96.3259418851
3355.8712216549,96.4334123103
3356.5852368085,96.3078874413
3357.2992519620,96.3514680949
3358.0132671156,96.5274482235
3358.7272822691,96.4754005567
3359.4412974227,96.4481560706
3360.1553125762,96.5030644955
3360.8693277297,96.4827604232
3361.5833428833,96.5062413303
3362.2973580368,96.5336217255
3363.0113731904,96.5414117536
3363.7253883439,96.5315218504
3364.4394034975,96.4455036031
3365.1534186510,96.5287820548
3365.8674338045,96.7408861533
3366.5814489581,96.6914102744
3367.2954641116,96.4881985124
3368.0094792652,96.4678888611
3368.7234944187,96.6689562953
3369.4375095723,96.7814988005
3370.1515247258,96.6435584584
3370.8655398794,96.6287057390
3371.5795550329,96.7466062899
3372.2935701864,96.6775970635
3373.0075853400,96.6308998571
3373.7216004935,96.6768875257
3374.4356156471,96.6715756821
3375.1496308006,96.7237309584
3375.8636459542,96.7360453681
3376.5776611077,96.7042367370
3377.2916762612,96.7586195676
3378.0056914148,96.7648593800
3378.7197065683,96.7961892739
3379.4337217219,96.8442997559
3380.1477368754,96.7545091989
3380.8617520290,96.7940441892
3381.5757671825,96.9337546881
3382.2897823361,96.8977972165
3383.0037974896,96.8498372660
3383.7178126431,96.8754276902
3384.4318277967,96.9878863203
3385.1458429502,97.0987248985
3385.8598581038,96.9638465375
3386.5738732573,96.9077751577
3387.2878884109,97.0632771245
3388.0019035644,97.0043356676
3388.7159187179,96.9043652858
3389.4299338715,96.9619864850
3390.1439490250,96.9417343485
3390.8579641786,96.9336820824
3391.5719793321,96.9694001286
3392.2859944857,96.9882156996
3393.0000096392,97.1178109854
3393.7140247927,97.2261925786
3394.4280399463,97.1700936201
3395.1420550998,97.0025793186
3395.8560702534,96.9220040518
3396.5700854069,97.1420624949
3397.2841005605,97.2889080180
3397.9981157140,97.1003267662
3398.7121308676,97.0925850783
3399.4261460211,97.3013849758
3400.1401611746,97.2672129550
3400.8541763282,97.0188287907
3401.5681914817,96.9237393431
3402.2822066353,97.1371739272
3402.9962217888,97.2947704231
3403.7102369424,97.2339630968
3404.4242520959,97.2605773746
3405.1382672494,97.2178022477
3405.8522824030,97.0711526884
3406.5662975565,97.1395565311
3407.2803127101,97.1374884189
3407.9943278636,97.1097338791
3408.7083430172,97.3218855635
3409.4223581707,97.2427114710
3410.1363733243,97.0194783372
3410.8503884778,97.2051858179
3411.5644036313,97.3494897461
3412.2784187849,97.2964246763
3412.9924339384,97.3153368198
3413.7064490920,97.2453100407
3414.4204642455,97.1483884009
3415.1344793991,97.1250995566
3415.8484945526,97.1277009257
3416.5625097061,97.2934871747
3417.2765248597,97.4725462154
3417.9905400132,97.4286722223
3418.7045551668,97.3068017444
3419.4185703203,97.3035668570
3420.1325854739,97.3903378284
3420.8466006274,97.3732757181
3421.5606157809,97.3784622309
3422.2746309345,97.5068463749
3422.9886460880,97.4190434931
3423.7026612416,97.3271696592
3424.4166763951,97.4788043063
3425.1306915487,97.3980991081
3425.8447067022,97.2411935383
3426.5587218558,97.3531264625
3427.2727370093,97.4148518407
3427.9867521628,97.4691863745
3428.7007673164,97.5097796059
3429.4147824699,97.4065973719
3430.1287976235,97.5193718865
3430.8428127770,97.5710846542
3431.5568279306,97.3120620052
3432.2708430841,97.3856766886
3432.9848582376,97.6463004334
3433.6988733912,97.6226116841
3434.4128885447,97.5632609730
3435.1269036983,97.5269368538
3435.8409188518,97.5702546269
3436.5549340054,97.7063300653
3437.2689491589,97.6100406616
3437.9829643125,97.5100810335
3438.6969794660,97.5889164705
3439.4109946195,97.5667316395
3440.1250097731,97.5715758797
3440.8390249266,97.6145781913
3441.5530400802,97.6145437461
3442.2670552337,97.7877136508
3442.9810703873,97.7830433718
3443.6950855408,97.5379120112
3444.4091006943,97.6330899502
3445.1231158479,97.7364561747
3445.8371310014,97.5640146843
3446.5511461550,97.7215736808
3447.2651613085,98.0149248928
3447.9791764621,97.8529525181
3448.6931916156,97.6612272314
3449.4072067691,97.6754563445
3450.1212219227,97.7129095152
3450.8352370762,97.6892338016
3451.5492522298,97.6616654407
3452.2632673833,97.7394947245
3452.9772825369,97.7852738668
3453.6912976904,97.7317271911
3454.4053128440,97.7173579445
3455.1193279975,97.6451967432
3455.8333431510,97.6880626039
3456.5473583046,97.9458367275
3457.2613734581,97.9129724009
3457.9753886117,97.7994725145
3458.6894037652,97.9685555551
3459.4034189188,97.9106631038
3460.1174340723,97.6971331548
3460.8314492258,97.6793964147
3461.5454643794,97.7549268507
3462.2594795329,97.9815694673
3462.9734946865,97.9409202903
3463.6875098400,97.6272941313
3464.4015249936,97.8097808472
3465.1155401471,97.9662383472
3465.8295553007,97.7331674508
3466.5435704542,97.8422092617
3467.2575856077,97.9643257302
3467.9716007613,97.8313127082
3468.6856159148,97.8189652881
3469.3996310684,97.7254959488
3470.1136462219,97.7696994913
3470.8276613755,97.9284591379
3471.5416765290,97.7616600895
3472.2556916825,97.7575434085
3472.9697068361,97.8419439787
3473.6837219896,97.7199617979
3474.3977371432,97.9243077667
3475.1117522967,98.0885238137
3475.8257674503,97.9495416042
3476.5397826038,98.0679394804
3477.2537977573,98.1200074256
3477.9678129109,97.9538780538
3478.6818280644,97.9070334973
3479.3958432180,97.9370515175
3480.1098583715,98.0304601102
3480.8238735251,97.9572998700
3481.5378886786,97.8763541670
3482.2519038322,98.1572163411
3482.9659189857,98.2047937914
3483.6799341392,98.0538825939
3484.3939492928,98.0684617005
3485.1079644463,97.9208722771
3485.8219795999,97.9277835431
3486.5359947534,98.0571261796
3487.2500099070,97.9554028062
3487.9640250605,98.1497828777
3488.6780402140,98.2243172791
3489.3920553676,97.8863606539
3490.1060705211,98.0042211937
3490.8200856747,98.2273865015
3491.5341008282,98.1613127832
3492.2481159818,98.1683612363
3492.9621311353,97.9467309116
3493.6761462889,97.8538556338
3494.3901614424,98.1924289767
3495.1041765959,98.1693447091
3495.8181917495,97.9821899135
3496.5322069030,98.1693848639
3497.2462220566,98.2967028663
3497.9602372101,98.2252599190
3498.6742523637,98.1629889454
3499.3882675172,98.1422571402
3500.1022826707,98.1988738302
3500.8162978243,98.2737315794
3501.5303129778,98.1698250973
3502.2443281314,98.0545335042
3502.9583432849,98.3577226141
3503.6723584385,98.5320789871
3504.3863735920,98.2657471768
3505.1003887456,98.3358782008
3505.8144038991,98.3598913890
3506.5284190526,98.0871382281
3507.2424342062,98.2239085577
3507.9564493597,98.2065759296
3508.6704645133,98.1578343524
3509.3844796668,98.7860541011
3510.0984948204,98.6437981133
3510.8125099739,98.0901871157
3511.5265251274,98.3461250644
3512.2405402810,98.3994016233
3512.9545554345,98.3065465596
3513.6685705881,98.5006657660
3514.3825857416,98.2675119543
3515.0966008952,98.2730921938
3515.8106160487,98.5333986372
3516.5246312022,98.2864805719
3517.2386463558,98.3186012856
3517.9526615093,98.5672602024
3518.6666766629,98.4405651486
3519.3806918164,98.4463792128
3520.0947069700,98.5188716967
3520.8087221235,98.4141884929
3521.5227372771,98.2787321489
3522.2367524306,98.3725628724
3522.9507675841,98.8392856055
3523.6647827377,98.7777965256
3524.3787978912,98.3073673164
3525.0928130448,98.3883573319
3525.8068281983,98.4679827896
3526.5208433519,98.3407750937
3527.2348585054,98.5208594299
3527.9488736589,98.6853664854
3528.6628888125,98.7658725803
3529.3769039660,98.6830126618
3530.0909191196,98.4655666210
3530.8049342731,98.5913509729
3531.5189494267,98.6325887789
3532.2329645802,98.3871350190
3532.9469797338,98.4460443466
3533.6609948873,98.6463402781
3534.3750100408,98.5413807699
3535.0890251944,98.2871160060
3535.8030403479,98.5206553640
3536.5170555015,99.0598768797
3537.2310706550,98.8092146904
3537.9450858086,98.5383070922
3538.6591009621,98.7063334130
3539.3731161156,98.4625727964
3540.0871312692,98.5100927238
3540.8011464227,98.4237543753
3541.5151615763,98.4957780177
3542.2291767298,98.3477439383
3542.9431918834,98.5927103206
3543.6572070369,98.4007185325
3544.3712221904,98.2793490781
3545.0852373440,98.5235279902
3545.7992524975,98.3434401094
3546.5132676511,98.2346688495
3547.2272828046,98.6403781272
3547.9412979582,98.7444474844
3548.6553131117,98.4904005650
3549.3693282653,98.5543188440
3550.0833434188,98.7319674187
3550.7973585723,98.3983080462
3551.5113737259,98.2497191025
3552.2253888794,98.6601326245
3552.9394040330,98.6436920574
3553.6534191865,98.6172868432
3554.3674343401,98.8124649458
3555.0814494936,98.6224274886
3555.7954646471,98.5862097231
3556.5094798007,98.8318000205
3557.2234949542,98.7767798974
3557.9375101078,98.7030470193
3558.6515252613,98.6151851916
3559.3655404149,98.4715128950
3560.0795555684,98.5856836980
3560.7935707220,98.7224499960
3561.5075858755,98.8606890019
3562.2216010290,98.7775377756
3562.9356161826,98.5784493030
3563.6496313361,98.9603581070
3564.3636464897,98.7220830030
3565.0776616432,97.7341045241
3565.7916767968,97.9520795560
3566.5056919503,98.3674455080
3567.2197071038,97.5904296906
3567.9337222574,98.1313586851
3568.6477374109,99.0269838352
3569.3617525645,98.7726029683
3570.0757677180,98.6801117827
3570.7897828716,98.7567233202
3571.5037980251,98.7611576718
3572.2178131786,98.8530572558
3572.9318283322,98.7575711011
3573.6458434857,98.7332249314
3574.3598586393,99.0198795601
3575.0738737928,99.0462998263
3575.7878889464,98.8664982498
3576.5019040999,98.8795418491
3577.2159192535,98.9333510493
3577.9299344070,98.8632959530
3578.6439495605,98.7332803532
3579.3579647141,98.7189744551
3580.0719798676,99.0225610792
3580.7859950212,99.2162409637
3581.5000101747,98.9824319887
3582.2140253283,98.8234509046
3582.9280404818,98.9254720438
3583.6420556353,99.0877094439
3584.3560707889,99.1458641501
3585.0700859424,98.4694404528
3585.7841010960,97.7790061045
3586.4981162495,98.7781339405
3587.2121314031,98.7067348992
3587.9261465566,97.7313750663
3588.6401617102,98.8312287851
3589.3541768637,99.4000078316
3590.0681920172,98.7869346422
3590.7822071708,99.0347289571
3591.4962223243,98.9503828367
3592.2102374779,98.3589233686
3592.9242526314,99.0086396944
3593.6382677850,99.0586180609
3594.3522829385,98.3768483850
3595.0662980920,98.9601826898
3595.7803132456,99.4666040499
3596.4943283991,99.1167148588
3597.2083435527,99.0863667496
3597.9223587062,99.0677325926
3598.6363738598,99.0452475650
3599.3503890133,98.9013970405
3600.0644041668,98.7761171917
3600.7784193204,99.1164796747
3601.4924344739,99.1290007425
3602.2064496275,99.0513248925
3602.9204647810,99.2833425257
3603.6344799346,99.2639470617
3604.3484950881,99.4155651573
3605.0625102417,99.4450836055
3605.7765253952,98.7670120162
3606.4905405487,98.7854641288
3607.2045557023,99.5551000257
3607.9185708558,98.8819339693
3608.6325860094,98.1626412624
3609.3466011629,99.1910748551
3610.0606163165,99.8297604786
3610.7746314700,99.1299949546
3611.4886466235,98.1760205753
3612.2026617771,98.9156676569
3612.9166769306,99.7263569434
3613.6306920842,98.8321238784
3614.3447072377,98.8597957626
3615.0587223913,99.9685480089
3615.7727375448,99.5745379557
3616.4867526984,98.7770673520
3617.2007678519,99.1008489719
3617.9147830054,99.4377560553
3618.6287981590,98.5053206969
3619.3428133125,98.5504888678
3620.0568284661,99.6206144115
3620.7708436196,99.4758718210
3621.4848587732,99.3881125816
3622.1988739267,99.4906691663
3622.9128890802,99.4797820210
3623.6269042338,99.7913903719
3624.3409193873,99.6507083654
3625.0549345409,99.2234998857
3625.7689496944,99.6918775712
3626.4829648480,99.5625831482
3627.1969800015,98.3865900450
3627.9109951551,97.6360798822
3628.6250103086,97.8849594843
3629.3390254621,99.1894501237
3630.0530406157,99.8139541745
3630.7670557692,99.5674135376
3631.4810709228,99.6071045529
3632.1950860763,99.5451986228
3632.9091012299,98.9365675782
3633.6231163834,99.2000741630
3634.3371315369,99.8567650191
3635.0511466905,99.8922148085
3635.7651618440,100.2162219889
3636.4791769976,100.3159848531
3637.1931921511,100.0252854064
3637.9072073047,100.1180705079
3638.6212224582,100.1756421015
3639.3352376117,100.1302134475
3640.0492527653,100.2315411336
3640.7632679188,100.1803432881
3641.4772830724,100.1502429266
3642.1912982259,100.3106665494
3642.9053133795,100.3454897764
3643.6193285330,100.2698990015
3644.3333436866,100.4501642809
3645.0473588401,100.4287685618
3645.7613739936,99.5527664451
3646.4753891472,99.1888602442
3647.1894043007,100.3643489284
3647.9034194543,99.3124407263
3648.6174346078,98.5576247229
3649.3314497614,99.3934412436
3650.0454649149,99.1042279453
3650.7594800684,99.7125493957
3651.4734952220,101.1793323222
3652.1875103755,100.4294181225
3652.9015255291,99.9895343050
3653.6155406826,100.3083851899
3654.3295558362,100.0735702769
3655.0435709897,99.1838055339
3655.7575861433,99.1380269476
3656.4716012968,100.7638236630
3657.1856164503,100.7374070115
3657.8996316039,100.1967620310
3658.6136467574,100.2374633466
3659.3276619110,100.3884967744
3660.0416770645,100.3635077015
3660.7556922181,100.3606728560
3661.4697073716,100.3042890730
3662.1837225251,100.3103188973
3662.8977376787,100.4167727098
3663.6117528322,100.3837509639
3664.3257679858,100.4637300654
3665.0397831393,100.5288137291
3665.7537982929,100.4662095021
3666.4678134464,100.6223843955
3667.1818285999,100.1809514974
3667.8958437535,99.6896643593
3668.6098589070,100.3773739677
3669.3238740606,99.8424410277
3670.0378892141,99.0308194806
3670.7519043677,101.1365020028
3671.4659195212,100.8945488430
3672.1799346748,100.2883451186
3672.8939498283,100.1417954582
3673.6079649818,99.5394095921
3674.3219801354,98.5533672772
3675.0359952889,99.2950604651
3675.7500104425,99.8575648492
3676.4640255960,100.2227847739
3677.1780407496,100.3869286006
3677.8920559031,100.0260972290
3678.6060710566,99.7057635576
3679.3200862102,99.9191175242
3680.0341013637,100.2024674517
3680.7481165173,99.9809966431
3681.4621316708,99.7427991937
3682.1761468244,100.0434241333
3682.8901619779,100.0859048702
3683.6041771315,99.9611152973
3684.3181922850,100.2363934720
3685.0322074385,100.0438829969
3685.7462225921,99.9427188188
3686.4602377456,99.8397771387
3687.1742528992,98.4156659100
3687.8882680527,97.6865886538
3688.6022832063,100.8535581329
3689.3162983598,99.7918236926
3690.0303135133,98.6586648611
3690.7443286669,98.8512840447
3691.4583438204,99.9452407754
3692.1723589740,99.8850826797
3692.8863741275,99.6970229738
3693.6003892811,99.6116351902
3694.3144044346,99.7237437380
3695.0284195881,99.8308175728
3695.7424347417,99.8862767328
3696.4564498952,99.9513467853
3697.1704650488,100.0906141944
3697.8844802023,100.0653477492
3698.5984953559,99.7943410775
3699.3125105094,99.7904663446
3700.0265256630,99.6783853164
3700.7405408165,99.0216812002
3701.4545559700,99.1942844051
3702.1685711236,100.1756979574
3702.8825862771,99.9900326609
3703.5966014307,99.6928227702
3704.3106165842,99.7612143008
3705.0246317378,99.7621908233
3705.7386468913,99.7029322788
3706.4526620448,99.9041013523
3707.1666771984,99.9952754831
3707.8806923519,99.4769825843
3708.5947075055,98.9290960566
3709.3087226590,99.7807250069
3710.0227378126,99.9948952872
3710.7367529661,98.6840785925
3711.4507681197,97.7911991757
3712.1647832732,100.2065375555
3712.8787984267,100.3391354964
3713.5928135803,99.5592930571
3714.3068287338,99.4595658965
3715.0208438874,99.8171154821
3715.7348590409,99.6497939641
3716.4488741945,99.5909271582
3717.1628893480,99.7245087440
3717.8769045015,99.5002830367
3718.5909196551,99.4038737525
3719.3049348086,99.7773056287
3720.0189499622,99.9052480225
3720.7329651157,99.4588038921
3721.4469802693,98.9333000477
3722.1609954228,99.5498807750
3722.8750105763,99.8860089536
3723.5890257299,99.3551603678
3724.3030408834,99.2195762401
3725.0170560370,99.1652354307
3725.7310711905,98.7894749711
3726.4450863441,99.2953764576
3727.1591014976,99.9822859904
3727.8731166512,99.8826406740
3728.5871318047,99.7391451542
3729.3011469582,99.8540063742
3730.0151621118,100.0398326022
3730.7291772653,99.1259045674
3731.4431924189,98.1215862151
3732.1572075724,100.5475379868
3732.8712227260,100.3164984085
3733.5852378795,98.2792459185
3734.2992530330,98.0108953806
3735.0132681866,99.6289023161
3735.7272833401,98.7066875749
3736.4412984937,99.1919260462
3737.1553136472,99.3846978939
3737.8693288008,99.3712770433
3738.5833439543,100.1566303198
3739.2973591079,99.9962670475
3740.0113742614,99.4905131671
3740.7253894149,99.7265602994
3741.4394045685,100.0834146259
3742.1534197220,99.8673254275
3742.8674348756,98.4457330975
3743.5814500291,95.9276450559
3744.2954651827,99.7574359549
3745.0094803362,102.0934648861
3745.7234954897,99.7673853828
3746.4375106433,99.7041775844
3747.1515257968,99.8273293726
3747.8655409504,98.8076172679
3748.5795561039,97.0103213742
3749.2935712575,98.6147565703
3750.0075864110,100.3526861750
3750.7216015645,98.4948927804
3751.4356167181,97.0328245323
3752.1496318716,100.1306779039
3752.8636470252,99.9240456233
3753.5776621787,99.7180655987
3754.2916773323,99.9833255136
3755.0056924858,99.5026384074
3755.7197076394,99.1128402397
3756.4337227929,99.5800105760
3757.1477379464,99.8878568981
3757.8617531000,99.5886996629
3758.5757682535,98.7849850785
3759.2897834071,98.9923183325
3760.0037985606,100.3999932720
3760.7178137142,100.1101994580
3761.4318288677,99.7611172816
3762.1458440212,99.8558532308
3762.8598591748,99.8817930903
3763.5738743283,99.8848807510
3764.2878894819,99.4284597675
3765.0019046354,99.1582390614
3765.7159197890,100.1796755481
3766.4299349425,100.0853696384
3767.1439500961,99.8517740516
3767.8579652496,99.9714354978
3768.5719804031,99.0715255386
3769.2859955567,98.6466319940
3770.0000107102,100.2987975203
3770.7140258638,100.1037037700
3771.4280410173,99.7802733570
3772.1420561709,99.9468263843
3772.8560713244,99.8830307417
3773.5700864779,99.9241682243
3774.2841016315,100.0917195248
3774.9981167850,100.0693805839
3775.7121319386,99.9308555220
3776.4261470921,99.7309211641
3777.1401622457,99.8203971010
3777.8541773992,99.5808431292
3778.5681925528,98.9635140612
3779.2822077063,99.7848477647
3779.9962228598,100.6114993081
3780.7102380134,99.8380417292
3781.4242531669,99.6866061642
3782.1382683205,100.0795436416
3782.8522834740,99.8597109081
3783.5662986276,99.5240244563
3784.2803137811,99.6424639010
3784.9943289346,99.9064816332
3785.7083440882,99.9098023613
3786.4223592417,99.8787332644
3787.1363743953,100.0313503749
3787.8503895488,100.0184579538
3788.5644047024,99.9287939727
3789.2784198559,100.0644281416
3789.9924350094,100.0715645762
3790.7064501630,99.9478294670
3791.4204653165,99.9556932354
3792.1344804701,100.0413999190
3792.8484956236,100.1371378522
3793.5625107772,100.1325154103
3794.2765259307,99.9466804969
3794.9905410843,99.4981966437
3795.7045562378,99.2391007942
3796.4185713913,100.1265197254
3797.1325865449,100.4617987996
3797.8466016984,99.9639152217
3798.5606168520,100.0255608724
3799.2746320055,99.7840906983
3799.9886471591,98.6292161311
3800.7026623126,98.1070845102
3801.4166774661,99.9364527343
3802.1306926197,100.2116653190
3802.8447077732,100.0973868464
3803.5587229268,99.8892351564
3804.2727380803,100.0157808389
3804.9867532339,99.6968539534
3805.7007683874,98.4366313965
3806.4147835410,98.1693662449
3807.1287986945,100.4839651805
3807.8428138480,100.3561380087
3808.5568290016,99.8891125165
3809.2708441551,99.9309845115
3809.9848593087,100.1304530994
3810.6988744622,100.0423673254
3811.4128896158,99.9715118373
3812.1269047693,99.9764323503
3812.8409199228,99.8854077711
3813.5549350764,99.9304884517
3814.2689502299,99.5148119702
3814.9829653835,98.2828531340
3815.6969805370,98.8055750235
3816.4109956906,101.1818181673
3817.1250108441,100.1929272602
3817.8390259976,99.7382318680
3818.5530411512,99.6679616091
3819.2670563047,98.9894233620
3819.9810714583,98.1242944134
3820.6950866118,98.4419346438
3821.4091017654,99.8208411336
3822.1231169189,100.2815739242
3822.8371320725,99.9976837230
3823.5511472260,99.8054027338
3824.2651623795,100.0921586264
3824.9791775331,99.8103627827
3825.6931926866,99.1959885430
3826.4072078402,99.6180484174
3827.1212229937,100.3012675137
3827.8352381473,100.0281192310
3828.5492533008,99.9267109196
3829.2632684543,100.3107291911
3829.9772836079,99.9871716445
3830.6912987614,99.0237801721
3831.4053139150,99.3824744000
3832.1193290685,100.5828029717
3832.8333442221,100.1751352329
3833.5473593756,99.2409417212
3834.2613745292,98.8924780064
3834.9753896827,100.3150351571
3835.6894048362,100.4220055443
3836.4034199898,98.6414873757
3837.1174351433,97.5785864540
3837.8314502969,100.9026155341
3838.5454654504,100.3203654830
3839.2594806040,99.1607622349
3839.9734957575,99.1231188135
3840.6875109110,99.9417039639
3841.4015260646,100.1579272856
3842.1155412181,99.5004411088
3842.8295563717,98.9610242189
3843.5435715252,99.8269072565
3844.2575866788,100.3073074146
3844.9716018323,99.9424812372
3845.6856169858,100.0833798046
3846.3996321394,100.1910466643
3847.1136472929,100.1749178516
3847.8276624465,100.1684004190
3848.5416776000,99.8300711973
3849.2556927536,100.1400384348
3849.9697079071,100.3051798376
3850.6837230607,98.8336224008
3851.3977382142,98.0605626157
3852.1117533677,99.7976965881
3852.8257685213,97.9262216830
3853.5397836748,96.2891450242
3854.2537988284,103.0354364921
3854.9678139819,100.6070145084
3855.6818291355,99.4826182083
3856.3958442890,99.1083814872
3857.1098594425,99.7228529242
3857.8238745961,100.0295607428
3858.5378897496,99.8988914667
3859.2519049032,100.0074358972
3859.9659200567,99.9784213749
3860.6799352103,99.4244783093
3861.3939503638,99.4560836310
3862.1079655174,100.3269684521
3862.8219806709,100.0055768651
3863.5359958244,99.1164961524
3864.2500109780,98.9437451748
3864.9640261315,100.2647349542
3865.6780412851,100.4303408423
3866.3920564386,99.8926901059
3867.1060715922,99.7124366469
3867.8200867457,99.3981325036
3868.5341018992,98.4664154890
3869.2481170528,98.3097598922
3869.9621322063,99.9610393278
3870.6761473599,99.8902422627
3871.3901625134,100.2001125809
3872.1041776670,100.0448074331
3872.8181928205,98.8697229613
3873.5322079740,98.6029128345
3874.2462231276,100.2648664116
3874.9602382811,100.3054755622
3875.6742534347,100.0192168352
3876.3882685882,100.1114867430
3877.1022837418,100.1455345199
3877.8162988953,100.0960160938
3878.5303140489,99.5086147047
3879.2443292024,98.5631308610
3879.9583443559,99.0845924315
3880.6723595095,100.6407274387
3881.3863746630,100.0876184125
3882.1003898166,99.5726522022
3882.8144049701,99.8814635495
3883.5284201237,100.0512780476
3884.2424352772,98.9964549298
3884.9564504307,98.1929390804
3885.6704655843,99.9219902512
3886.3844807378,100.5476814958
3887.0984958914,100.0297510403
3887.8125110449,99.9349722336
3888.5265261985,100.1272120491
3889.2405413520,99.9340677078
3889.9545565056,99.0184016165
3890.6685716591,98.5744093442
3891.3825868126,100.1231873851
3892.0966019662,100.3289908895
3892.8106171197,99.8815629034
3893.5246322733,100.1316181420
3894.2386474268,100.2376594249
3894.9526625804,100.0983067757
3895.6666777339,100.1115139879
3896.3806928874,99.8661942848
3897.0947080410,99.8815659032
3897.8087231945,99.4514655535
3898.5227383481,98.4730888151
3899.2367535016,99.9401054187
3899.9507686552,100.4921539358
3900.6647838087,98.8045315170
3901.3787989623,98.7930806675
3902.0928141158,100.3587846303
3902.8068292693,98.9047967090
3903.5208444229,98.3996323543
3904.2348595764,99.4494007474
3904.9488747300,99.4144458756
3905.6628898835,99.6647040613
3906.3769050371,99.8699138811
3907.0909201906,99.7426007625
3907.8049353441,99.9692278885
3908.5189504977,100.0013813841
3909.2329656512,99.8452916890
3909.9469808048,99.9586268438
3910.6609959583,100.0090509585
3911.3750111119,100.0156909368
3912.0890262654,100.0311416721
3912.8030414189,100.0077633014
3913.5170565725,100.0701387158
3914.2310717260,99.9827770099
3914.9450868796,99.7787107268
3915.6591020331,99.4898471816
3916.3731171867,99.1532758051
3917.0871323402,99.6867545929
3917.8011474938,100.2649971481
3918.5151626473,99.7948293721
3919.2291778008,99.3362913239
3919.9431929544,99.7779554238
3920.6572081079,100.1231912763
3921.3712232615,99.9334465840
3922.0852384150,99.8112694370
3922.7992535686,99.9115734652
3923.5132687221,99.8259370398
3924.2272838756,99.6977535648
3924.9412990292,100.0826987813
3925.6553141827,100.2756084738
3926.3693293363,100.0093677383
3927.0833444898,99.9819187823
3927.7973596434,100.0798985897
3928.5113747969,99.9223463673
3929.2253899505,99.9172551812
3929.9394051040,100.0539360005
3930.6534202575,99.7164920548
3931.3674354111,99.2910955559
3932.0814505646,99.6522632986
3932.7954657182,100.2323672097
3933.5094808717,100.0773796828
3934.2234960253,99.9515794908
3934.9375111788,100.1121557464
3935.6515263323,100.0252303538
3936.3655414859,99.8890389315
3937.0795566394,99.9977610811
3937.7935717930,100.0657891745
3938.5075869465,100.0445978872
3939.2216021001,100.0337444278
3939.9356172536,100.0602730275
3940.6496324071,99.9739069264
3941.3636475607,99.6242156040
3942.0776627142,99.5377603812
3942.7916778678,100.0147254365
3943.5056930213,100.0817527248
3944.2197081749,99.9854667446
3944.9337233284,100.1326723513
3945.6477384820,100.0850495040
3946.3617536355,99.7640745987
3947.0757687890,99.7063673139
3947.7897839426,99.9360930419
3948.5037990961,99.8856960584
3949.2178142497,99.7001584418
3949.9318294032,99.8843432635
3950.6458445568,100.0862860924
3951.3598597103,99.9234835053
3952.0738748638,99.9017380457
3952.7878900174,100.0968573440
3953.5019051709,100.0615977912
3954.2159203245,99.9893128661
3954.9299354780,100.1033359278
3955.6439506316,100.1267553169
3956.3579657851,100.0711987471
3957.0719809387,100.0920151762
3957.7859960922,100.1632990935
3958.5000112457,100.1588528947
3959.2140263993,100.0983265607
3959.9280415528,100.0167619097
3960.6420567064,99.8501632443
3961.3560718599,100.0064305994
3962.0700870135,100.3006909160
3962.7841021670,100.1703811731
3963.4981173205,100.0668837123
3964.2121324741,100.1051796343
3964.9261476276,99.9690031814
3965.6401627812,99.9664150913
3966.3541779347,100.0831801863
3967.0681930883,100.0025173471
3967.7822082418,99.9540412992
3968.4962233953,100.0808973993
3969.2102385489,100.2212491948
3969.9242537024,100.1960472360
3970.6382688560,100.0144761839
3971.3522840095,99.9926345155
3972.0662991631,100.1518383033
3972.7803143166,100.1789659580
3973.4943294702,100.1130821237
3974.2083446237,100.0768219697
3974.9223597772,100.0302332863
3975.6363749308,100.0262314727
3976.3503900843,100.1172212185
3977.0644052379,100.1657497595
3977.7784203914,100.0632776325
3978.4924355450,99.9876997383
3979.2064506985,100.0322325235
3979.9204658520,100.0683199076
3980.6344810056,100.1538310663
3981.3484961591,100.1992414729
3982.0625113127,100.0661611276
3982.7765264662,100.0648659713
3983.4905416198,100.1548492701
3984.2045567733,100.0661385814
3984.9185719269,100.0682914923
3985.6325870804,100.1794932098
3986.3466022339,100.1605525867
3987.0606173875,100.1389342100
3987.7746325410,100.1070641536
3988.4886476946,100.0283450505
3989.2026628481,100.0534305688
3989.9166780017,100.1518235538
3990.6306931552,100.2370666724
3991.3447083087,100.2011283066
3992.0587234623,100.0807788039
3992.7727386158,100.0899355920
3993.4867537694,100.0913165815
3994.2007689229,100.0387069302
3994.9147840765,100.1506923029
3995.6287992300,100.1839731212
3996.3428143835,100.0771792123
3997.0568295371,100.1275122211
3997.7708446906,100.1764035885
3998.4848598442,100.1592098737
3999.1988749977,100.2061661765
3999.9128901513,100.1351374664