399.8484859844,68.7797842835
400.5625011380,69.7919833955
401.2765162915,86.4023884928
401.9905314450,61.9481017241
402.7045465986,66.1377063252
403.4185617521,78.3167596974
404.1325769057,59.3121985879
404.8465920592,68.3496078014
405.5606072128,80.9111543955
406.2746223663,80.1532896816
406.9886375199,86.6338338917
407.7026526734,68.8751080365
408.4166678269,68.1379588456
409.1306829805,80.6779234387
409.8446981340,69.8903598328
410.5587132876,73.0265826254
411.2727284411,81.3148872501
411.9867435947,74.8748950831
412.7007587482,73.7435976696
413.4147739017,67.9680906721
414.1287890553,73.2792218309
414.8428042088,79.6648016352
415.5568193624,72.5313702162
416.2708345159,87.0407432488
416.9848496695,90.5622014334
417.6988648230,63.4370906108
418.4128799766,72.3509298282
419.1268951301,84.5895810552
419.8409102836,66.5625179254
420.5549254372,77.5196149427
421.2689405907,79.6175548983
421.9829557443,75.9234859553
422.6969708978,74.5148288746
423.4109860514,69.4733033197
424.1250012049,71.7387199283
424.8390163584,71.2211355195
425.5530315120,71.4225021084
426.2670466655,76.5079966031
426.9810618191,75.7276362603
427.6950769726,77.7749336923
428.4090921262,77.8647483095
429.1231072797,72.7866227529
429.8371224332,77.4021201465
430.5511375868,77.3338221986
431.2651527403,72.4638180486
431.9791678939,79.5282968801
432.6931830474,80.4244363063
433.4071982010,75.0506026909
434.1212133545,75.2978594601
434.8352285081,74.7030999860
435.5492436616,77.2133984142
436.2632588151,79.3486015500
436.9772739687,77.3613686869
437.6912891222,79.3143663020
438.4053042758,76.9726659722
439.1193194293,74.7373401860
439.8333345829,78.0413080889
440.5473497364,76.0114930245
441.2613648899,76.0527177588
441.9753800435,78.8598170769
442.6893951970,75.1576640580
443.4034103506,75.8368698495
444.1174255041,77.2449155840
444.8314406577,74.3576418303
445.5454558112,74.4793045377
446.2594709648,75.0001050174
446.9734861183,75.8634474553
447.6875012718,75.8249811866
448.4015164254,75.1818760390
449.1155315789,79.4830843904
449.8295467325,80.3461905380
450.5435618860,77.1980676572
451.2575770396,79.0739285718
451.9715921931,76.9284932046
452.6856073466,74.5297623100
453.3996225002,79.5213237819
454.1136376537,78.3432274441
454.8276528073,74.4261090650
455.5416679608,75.1825742760
456.2556831144,77.3936533807
456.9696982679,78.2603351797
457.6837134214,74.8390373217
458.3977285750,74.3563059603
459.1117437285,76.7553910185
459.8257588821,75.9803708439
460.5397740356,76.3837111582
461.2537891892,77.8017541083
461.9678043427,77.0326952631
462.6818194963,76.8405137353
463.3958346498,75.9097837224
464.1098498033,76.8666640192
464.8238649569,78.2530414037
465.5378801104,74.8023296667
466.2518952640,74.9535666555
466.9659104175,78.1105302415
467.6799255711,77.2885456732
468.3939407246,77.6392574717
469.1079558781,77.3074540438
469.8219710317,75.2493243829
470.5359861852,75.3038010109
471.2500013388,74.9565385133
471.9640164923,77.1819758819
472.6780316459,79.9831535695
473.3920467994,75.9348299251
474.1060619530,76.1291713439
474.8200771065,77.6256653484
475.5340922600,76.3991708278
476.2481074136,75.6273374390
476.9621225671,73.1624174064
477.6761377207,73.6708126054
478.3901528742,76.1537298610
479.1041680278,74.8921418724
479.8181831813,76.7145452753
480.5321983348,77.4067219816
481.2462134884,72.6285786611
481.9602286419,74.3161620428
482.6742437955,77.0436443893
483.3882589490,75.0930357105
484.1022741026,75.9024088556
484.8162892561,76.2382179611
485.5303044097,74.8294635040
486.2443195632,74.5834154843
486.9583347167,74.6117765181
487.6723498703,76.2801555366
488.3863650238,75.6924428930
489.1003801774,73.5985329879
489.8143953309,75.5724961284
490.5284104845,75.1682413286
491.2424256380,73.1699175512
491.9564407915,75.3843187945
492.6704559451,75.4998057804
493.3844710986,74.8531514379
494.0984862522,76.0955933883
494.8125014057,75.4566331773
495.5265165593,75.2567122665
496.2405317128,74.8999443531
496.9545468663,73.7105378989
497.6685620199,75.3521222882
498.3825771734,76.2331565903
499.0965923270,74.4079464057
499.8106074805,73.9288054248
500.5246226341,74.5992408401
501.2386377876,75.7376607356
501.9526529412,76.7521999741
502.6666680947,75.5007314449
503.3806832482,74.5618473619
504.0946984018,74.9199300333
504.8087135553,76.1458805026
505.5227287089,76.0552870674
506.2367438624,74.8333472676
506.9507590160,74.6055924152
507.6647741695,73.8852414834
508.3787893230,73.3855226502
509.0928044766,75.0966453215
509.8068196301,75.6333225364
510.5208347837,75.0992932095
511.2348499372,75.2865342153
511.9488650908,74.7669990945
512.6628802443,74.9222148196
513.3768953979,75.2384768528
514.0909105514,74.6056784157
514.8049257049,75.2027655315
515.5189408585,75.5466145583
516.2329560120,74.8611038028
516.9469711656,74.8340457671
517.6609863191,74.7489907532
518.3750014727,75.2817375438
519.0890166262,75.7941631127
519.8030317797,75.1868703436
520.5170469333,75.7880320727
521.2310620868,75.8832080669
521.9450772404,74.5154958533
522.6590923939,74.7270529323
523.3731075475,75.0151326304
524.0871227010,74.3656082517
524.8011378545,74.4241029829
525.5151530081,74.2539674888
526.2291681616,73.9938253417
526.9431833152,74.4307381905
527.6571984687,74.6625757092
528.3712136223,74.5183466542
529.0852287758,74.1251449024
529.7992439294,74.1982544147
530.5132590829,74.1921840227
531.2272742364,73.7271727547
531.9412893900,74.0478769114
532.6553045435,74.1656158912
533.3693196971,73.7637666998
534.0833348506,74.1502504375
534.7973500042,74.0932180329
535.5113651577,73.9298909786
536.2253803112,74.2741165665
536.9393954648,73.7589925445
537.6534106183,73.6998343950
538.3674257719,74.3002313490
539.0814409254,73.8800362301
539.7954560790,73.2489162870
540.5094712325,73.0980785960
541.2234863861,73.3081086936
541.9375015396,73.3091391826
542.6515166931,72.7967204804
543.3655318467,73.2073873240
544.0795470002,73.6804536524
544.7935621538,73.4103530894
545.5075773073,73.9887600749
546.2215924609,73.8322346934
546.9356076144,72.9465276626
547.6496227679,73.3976231995
548.3636379215,73.2308201008
549.0776530750,72.9276457611
549.7916682286,73.9236008405
550.5056833821,73.9060328659
551.2196985357,73.4073599169
551.9337136892,73.8264165608
552.6477288427,73.9441744010
553.3617439963,73.8585619262
554.0757591498,73.8016821929
554.7897743034,73.9148864111
555.5037894569,74.4449209448
556.2178046105,74.5193493731
556.9318197640,74.5287588967
557.6458349176,75.0431570894
558.3598500711,75.4472334904
559.0738652246,75.3942283280
559.7878803782,75.2063243241
560.5018955317,75.7692731661
561.2159106853,76.1052977759
561.9299258388,75.4549877691
562.6439409924,75.9986443954
563.3579561459,76.7107759321
564.0719712994,76.0866842687
564.7859864530,76.4265304822
565.5000016065,76.8740312434
566.2140167601,76.3360516219
566.9280319136,76.4338486116
567.6420470672,76.4904092797
568.3560622207,76.7676128695
569.0700773743,77.6025408610
569.7840925278,77.0338462868
570.4981076813,76.6243692527
571.2121228349,77.2762094942
571.9261379884,77.1320835722
572.6401531420,76.9668727463
573.3541682955,77.5416465363
574.0681834491,77.6593388450
574.7821986026,76.9600255005
575.4962137561,76.6369523931
576.2102289097,77.7023070927
576.9242440632,77.9624164825
577.6382592168,77.0844150955
578.3522743703,77.1825538029
579.0662895239,77.2994694347
579.7803046774,77.0187285577
580.4943198309,77.5942898043
581.2083349845,77.6249878411
581.9223501380,77.1592273447
582.6363652916,77.0695297092
583.3503804451,76.8055053544
584.0643955987,77.2244411543
584.7784107522,77.8042536472
585.4924259058,77.3371872750
586.2064410593,77.3152787057
586.9204562128,77.8285094539
587.6344713664,77.8798266195
588.3484865199,77.6021249564
589.0625016735,77.3459339761
589.7765168270,77.5619921261
590.4905319806,77.5227403671
591.2045471341,77.2254619512
591.9185622876,77.6626372255
592.6325774412,77.6190383859
593.3465925947,77.1326812005
594.0606077483,77.2380429969
594.7746229018,77.1246793342
595.4886380554,76.9778827617
596.2026532089,76.9096726151
596.9166683625,76.6311501565
597.6306835160,76.9346283665
598.3446986695,76.9157421618
599.0587138231,76.5930997571
599.7727289766,77.0596581955
600.4867441302,76.7462887370
601.2007592837,76.1027652095
601.9147744373,76.3607205850
602.6287895908,76.2381235046
603.3428047443,76.2211514587
604.0568198979,76.4512737822
604.7708350514,75.8929354284
605.4848502050,75.7453314854
606.1988653585,75.7995104164
606.9128805121,75.4154845701
607.6268956656,75.5833500404
608.3409108192,75.5989753011
609.0549259727,75.3663413456
609.7689411262,75.7505050576
610.4829562798,75.7983370643
611.1969714333,75.4284329016
611.9109865869,75.3651500737
612.6250017404,75.4692248717
613.3390168940,75.7028559887
614.0530320475,75.6261633786
614.7670472010,75.4142179486
615.4810623546,75.8380951258
616.1950775081,76.2862751880
616.9090926617,76.0545323921
617.6231078152,75.6301669541
618.3371229688,76.0000470709
619.0511381223,76.7715436200
619.7651532758,76.4812930276
620.4791684294,75.9216918920
621.1931835829,76.3822752664
621.9071987365,76.4337224807
622.6212138900,75.9317865291
623.3352290436,75.9428681017
624.0492441971,75.9275548019
624.7632593507,75.9113578401
625.4772745042,76.2031394138
626.1912896577,76.1804210463
626.9053048113,76.0555652962
627.6193199648,76.2159608352
628.3333351184,76.3820069094
629.0473502719,76.3928302993
629.7613654255,76.3796796089
630.4753805790,76.4105544261
631.1893957325,76.4243917520
631.9034108861,76.7505097578
632.6174260396,77.1586483068
633.3314411932,76.7900425622
634.0454563467,76.5333579532
634.7594715003,76.9626585345
635.4734866538,76.8079757353
636.1875018074,76.5572210928
636.9015169609,77.1067829705
637.6155321144,77.2521223654
638.3295472680,76.9214923018
639.0435624215,77.1218584062
639.7575775751,77.2720227305
640.4715927286,76.9456989727
641.1856078822,76.8438174005
641.8996230357,77.1200077181
642.6136381892,77.3698274687
643.3276533428,77.5220801084
644.0416684963,77.7213402573
644.7556836499,77.9295650004
645.4696988034,78.0962223679
646.1837139570,78.0208354802
646.8977291105,77.7277330718
647.6117442640,77.8661794379
648.3257594176,78.2932993283
649.0397745711,78.2486548794
649.7537897247,78.2236751160
650.4678048782,78.6290175270
651.1818200318,78.5693329691
651.8958351853,78.0869362643
652.6098503389,78.3086930759
653.3238654924,78.7936756229
654.0378806459,78.6323725171
654.7518957995,78.6077757934
655.4659109530,78.9002608878
656.1799261066,78.6645625514
656.8939412601,78.4686477200
657.6079564137,78.8197169994
658.3219715672,79.1172186535
659.0359867207,79.1591317414
659.7500018743,78.9637330255
660.4640170278,78.9254201282
661.1780321814,79.2530998953
661.8920473349,79.2689289219
662.6060624885,79.1311851945
663.3200776420,79.2044203486
664.0340927956,79.1060035227
664.7481079491,79.1706321504
665.4621231026,79.3807419077
666.1761382562,79.3055630517
666.8901534097,79.3527492836
667.6041685633,79.6582625826
668.3181837168,79.7127363851
669.0321988704,79.5595082161
669.7462140239,79.0852498746
670.4602291774,79.0340888339
671.1742443310,79.5974419282
671.8882594845,79.4677582805
672.6022746381,79.2024250404
673.3162897916,79.4620299732
674.0303049452,79.5082989338
674.7443200987,79.4144968992
675.4583352522,79.3691322332
676.1723504058,79.4061456944
676.8863655593,79.5276635633
677.6003807129,79.2794816430
678.3143958664,79.2125976868
679.0284110200,79.6106568535
679.7424261735,79.6353514578
680.4564413271,79.4108657067
681.1704564806,79.5063901554
681.8844716341,79.9289157382
682.5984867877,80.1418349152
683.3125019412,79.8225410107
684.0265170948,79.7963134793
684.7405322483,80.0034680946
685.4545474019,79.7265548120
686.1685625554,79.6929445264
686.8825777089,79.8585753155
687.5965928625,79.7683488077
688.3106080160,79.8895385552
689.0246231696,79.9010356575
689.7386383231,79.8911489145
690.4526534767,80.1016527267
691.1666686302,79.9721385359
691.8806837838,80.0676581601
692.5946989373,80.2947559668
693.3087140908,79.9398807348
694.0227292444,79.9048409333
694.7367443979,80.1521668003
695.4507595515,80.0409073138
696.1647747050,79.9923213311
696.8787898586,80.0565285266
697.5928050121,80.4184028274
698.3068201656,80.6370798126
699.0208353192,80.1093258028
699.7348504727,80.1213937704
700.4488656263,80.6938663134
701.1628807798,80.6984655109
701.8768959334,80.6837101313
702.5909110869,80.7722249573
703.3049262404,80.7916585412
704.0189413940,81.1025238242
704.7329565475,81.1660532121
705.4469717011,81.1198221674
706.1609868546,81.3919509398
706.8750020082,81.5022435895
707.5890171617,81.6865508448
708.3030323153,81.8860158346
709.0170474688,81.7986786136
709.7310626223,82.0593667360
710.4450777759,82.4450194996
711.1590929294,82.4971572604
711.8731080830,82.4451589921
712.5871232365,82.2862384191
713.3011383901,82.3600545960
714.0151535436,82.5153623596
714.7291686971,82.3510589972
715.4431838507,82.5673930963
716.1571990042,82.9313586267
716.8712141578,82.7584787388
717.5852293113,82.7379006029
718.2992444649,82.8953631068
719.0132596184,82.8931302093
719.7272747720,83.1285369924
720.4412899255,83.3841052802
721.1553050790,83.3771190653
721.8693202326,83.4723289523
722.5833353861,83.6428293863
723.2973505397,83.7084878704
724.0113656932,83.8205778363
724.7253808468,84.0587227396
725.4393960003,84.2143565655
726.1534111538,84.3070183933
726.8674263074,84.4777270140
727.5814414609,84.5726721257
728.2954566145,84.7694843720
729.0094717680,85.1024857370
729.7234869216,85.1294958108
730.4375020751,85.2251848910
731.1515172287,85.6076525594
731.8655323822,85.6712917227
732.5795475357,85.6676347257
733.2935626893,85.9824281423
734.0075778428,86.2923979906
734.7215929964,86.3778568146
735.4356081499,86.2653752610
736.1496233035,86.3685449531
736.8636384570,86.6441887728
737.5776536105,86.5394658089
738.2916687641,86.5888203224
739.0056839176,86.9506080608
739.7196990712,86.9435123414
740.4337142247,86.9279308603
741.1477293783,87.0134925786
741.8617445318,86.8611189466
742.5757596853,86.9015224584
743.2897748389,86.9401168072
744.0037899924,86.7801910212
744.7178051460,86.9253343189
745.4318202995,86.9795784263
746.1458354531,86.7276637030
746.8598506066,86.7669786542
747.5738657602,86.9264077314
748.2878809137,86.8787542433
749.0018960672,86.9250838081
749.7159112208,87.0703992044
750.4299263743,87.0215932885
751.1439415279,86.9137302086
751.8579566814,87.0160800686
752.5719718350,87.1185987212
753.2859869885,87.0424639831
754.0000021420,86.9851213431
754.7140172956,87.0796339373
755.4280324491,87.2391468470
756.1420476027,87.1813731359
756.8560627562,87.0704549993
757.5700779098,87.3876030698
758.2840930633,87.6567894105
758.9981082169,87.4519609379
759.7121233704,87.3562056482
760.4261385239,87.5076199528
761.1401536775,87.6558046688
761.8541688310,87.6945105257
762.5681839846,87.5969792295
763.2821991381,87.7262743933
763.9962142917,87.9711076164
764.7102294452,88.0147311792
765.4242445987,88.1181213303
766.1382597523,88.0848213998
766.8522749058,87.9598247748
767.5662900594,88.2086147774
768.2803052129,88.3169641041
768.9943203665,88.1190525984
769.7083355200,88.1175970309
770.4223506735,88.2335987080
771.1363658271,88.3776132686
771.8503809806,88.3964807115
772.5643961342,88.3911815951
773.2784112877,88.6584225489
773.9924264413,88.6513337438
774.7064415948,88.5491223026
775.4204567484,88.8036465736
776.1344719019,88.6589855372
776.8484870554,88.5171341594
777.5625022090,88.9948114943
778.2765173625,89.2217802003
778.9905325161,89.2081389004
779.7045476696,89.2478320293
780.4185628232,89.2328332916
781.1325779767,89.4655362533
781.8465931302,89.4018426559
782.5606082838,89.1619408568
783.2746234373,89.5851396718
783.9886385909,89.6283238728
784.7026537444,89.2126968396
785.4166688980,89.5454014855
786.1306840515,89.8428622185
786.8446992051,89.6544179961
787.5587143586,89.7757587813
788.2727295121,89.9683100685
788.9867446657,89.9537080091
789.7007598192,89.9473155123
790.4147749728,90.0884248428
791.1287901263,90.3355205830
791.8428052799,90.2115363510
792.5568204334,89.9434930860
793.2708355869,90.2107827761
793.9848507405,90.5142135144
794.6988658940,90.2988471051
795.4128810476,90.1492661328
796.1268962011,90.4989677388
796.8409113547,90.7598636481
797.5549265082,90.4640887672
798.2689416617,90.3285324758
798.9829568153,90.6450100624
799.6969719688,90.6572434314
800.4109871224,90.4239880740
801.1250022759,90.5544037039
801.8390174295,90.7853612553
802.5530325830,90.5919575953
803.2670477366,90.2713489066
803.9810628901,90.5026717903
804.6950780436,90.8491999503
805.4090931972,90.5424439597
806.1231083507,90.2979822670
806.8371235043,90.6227898775
807.5511386578,90.7149346437
808.2651538114,90.3681854560
808.9791689649,90.2874973651
809.6931841184,90.5628362893
810.4071992720,90.5682701169
811.1212144255,90.3780459156
811.8352295791,90.6619272025
812.5492447326,90.9105037259
813.2632598862,90.5122983056
813.9772750397,90.3340701062
814.6912901933,90.7001113452
815.4053053468,90.7392893164
816.1193205003,90.3428137745
816.8333356539,90.4295912840
817.5473508074,91.0307444048
818.2613659610,90.8616328865
818.9753811145,90.0635142814
819.6893962681,90.2760022637
820.4034114216,90.9584068287
821.1174265751,90.6327402687
821.8314417287,90.0813245757
822.5454568822,90.3717936027
823.2594720358,90.8096485320
823.9734871893,90.4383154064
824.6875023429,89.9682718343
825.4015174964,90.3861564842
826.1155326499,90.6494549667
826.8295478035,90.0507308314
827.5435629570,89.9824941647
828.2575781106,90.5982339742
828.9715932641,90.6261236503
829.6856084177,90.0866048943
830.3996235712,90.1415640349
831.1136387248,90.8933631621
831.8276538783,90.7602505726
832.5416690318,89.8692536230
833.2556841854,90.3384191231
833.9696993389,91.1709263755
834.6837144925,90.4881327095
835.3977296460,90.0764953335
836.1117447996,90.7875772303
836.8257599531,90.9582093264
837.5397751066,90.4162613873
838.2537902602,90.1967928232
838.9678054137,90.6273482031
839.6818205673,90.9868141918
840.3958357208,90.4814537322
841.1098508744,90.2051128327
841.8238660279,90.8677655049
842.5378811815,90.9705015253
843.2518963350,90.3155055763
843.9659114885,90.5293644259
844.6799266421,91.2385665318
845.3939417956,90.9048022641
846.1079569492,90.3416071202
846.8219721027,90.8566800266
847.5359872563,91.2966545162
848.2500024098,90.7457261018
848.9640175633,90.5204926991
849.6780327169,90.9963084705
850.3920478704,91.0832014478
851.1060630240,90.7070024817
851.8200781775,90.6813261279
852.5340933311,91.0501310315
853.2481084846,91.0433684467
853.9621236381,90.6636874985
854.6761387917,90.9025768801
855.3901539452,91.4801789564
856.1041690988,91.2930043884
856.8181842523,90.8831711676
857.5321994059,91.1447484232
858.2462145594,91.4491256346
858.9602297130,91.2274488864
859.6742448665,91.0896116548
860.3882600200,91.3466365706
861.1022751736,91.4844990270
861.8162903271,91.3899336524
862.5303054807,91.3906171344
863.2443206342,91.4531290179
863.9583357878,91.4380042998
864.6723509413,91.3311597389
865.3863660948,91.3008223363
866.1003812484,91.4570999192
866.8143964019,91.3936347062
867.5284115555,91.2066456720
868.2424267090,91.4556433502
868.9564418626,91.5351650687
869.6704570161,91.1098519921
870.3844721697,91.1609441504
871.0984873232,91.5672855586
871.8125024767,91.3548902842
872.5265176303,90.9842739312
873.2405327838,91.1854593077
873.9545479374,91.4252509061
874.6685630909,91.1770689348
875.3825782445,90.9858575614
876.0965933980,91.2080044710
876.8106085515,91.2453530706
877.5246237051,90.9364120233
878.2386388586,90.8964478016
878.9526540122,91.1705274225
879.6666691657,91.2453562373
880.3806843193,91.0562201463
881.0946994728,90.9610224950
881.8087146264,91.0636548503
882.5227297799,91.0993753295
883.2367449334,91.0390614514
883.9507600870,91.1241245019
884.6647752405,91.2797986582
885.3787903941,91.2625735809
886.0928055476,91.1471070869
886.8068207012,91.1837900448
887.5208358547,91.3355648439
888.2348510082,91.3318228014
888.9488661618,91.2679275350
889.6628813153,91.4554051835
890.3768964689,91.6235482132
891.0909116224,91.4509936716
891.8049267760,91.4089588158
892.5189419295,91.6674379541
893.2329570830,91.5486728731
893.9469722366,91.1765844727
894.6609873901,91.2221303781
895.3750025437,91.2459525868
896.0890176972,90.9899832957
896.8030328508,91.0269999092
897.5170480043,91.0435476117
898.2310631579,90.7557766070
898.9450783114,90.7264543284
899.6590934649,90.7652850977
900.3731086185,90.6000803535
901.0871237720,90.6698006956
901.8011389256,90.8318575068
902.5151540791,90.8197036300
903.2291692327,90.8376468706
903.9431843862,90.8350728094
904.6571995397,90.8009596041
905.3712146933,90.8726604006
906.0852298468,90.9577949099
906.7992450004,90.9662263653
907.5132601539,90.8361930126
908.2272753075,90.6832990524
908.9412904610,90.7466240571
909.6553056146,90.8523619769
910.3693207681,90.7950383181
911.0833359216,90.7568023633
911.7973510752,90.7697010085
912.5113662287,90.7313161440
913.2253813823,90.7711936087
913.9393965358,90.8429227641
914.6534116894,90.6877418647
915.3674268429,90.5337631628
916.0814419964,90.6322363836
916.7954571500,90.6579488789
917.5094723035,90.6225605338
918.2234874571,90.7427996623
918.9375026106,90.6492673646
919.6515177642,90.4389731993
920.3655329177,90.5540644455
921.0795480712,90.6420700779
921.7935632248,90.5127626497
922.5075783783,90.4437303290
923.2215935319,90.3978642902
923.9356086854,90.4404498274
924.6496238390,90.5620102915
925.3636389925,90.4870991766
926.0776541461,90.4211626360
926.7916692996,90.5245280020
927.5056844531,90.5201580462
928.2196996067,90.5371285092
928.9337147602,90.7645699856
929.6477299138,90.8298487121
930.3617450673,90.7262833266
931.0757602209,90.8859668614
931.7897753744,91.0354294445
932.5037905279,90.8902806519
933.2178056815,91.0078633978
933.9318208350,91.3549516406
934.6458359886,91.3777221236
935.3598511421,91.3802055764
936.0738662957,91.5594641473
936.7878814492,91.6017807178
937.5018966028,91.5972581109
938.2159117563,91.6022475093
938.9299269098,91.6465970651
939.6439420634,91.8394928048
940.3579572169,91.8829896583
941.0719723705,91.8085358369
941.7859875240,91.8678903110
942.5000026776,91.8608369440
943.2140178311,91.8608649007
943.9280329846,91.9421805895
944.6420481382,91.8880931634
945.3560632917,91.8522955207
946.0700784453,91.8698458717
946.7840935988,91.8856907552
947.4981087524,92.0391265267
948.2121239059,92.0638394974
948.9261390594,91.9746995712
949.6401542130,92.1091884757
950.3541693665,92.1750152140
951.0681845201,92.1369433657
951.7821996736,92.2440868145
952.4962148272,92.1894850252
953.2102299807,92.0451092049
953.9242451343,92.1782202589
954.6382602878,92.2662182449
955.3522754413,92.0526029939
956.0662905949,91.9115660819
956.7803057484,92.1084818192
957.4943209020,92.2783698593
958.2083360555,92.0486589814
958.9223512091,91.7692180662
959.6363663626,91.7747937233
960.3503815161,91.7720715925
961.0643966697,91.6311484252
961.7784118232,91.5703041527
962.4924269768,91.5496877257
963.2064421303,91.4425883658
963.9204572839,91.3363322315
964.6344724374,91.2484934539
965.3484875910,91.0824716156
966.0625027445,90.8913089598
966.7765178980,90.7610241224
967.4905330516,90.6698144387
968.2045482051,90.5725339781
968.9185633587,90.3856042014
969.6325785122,90.0984774760
970.3465936658,89.8254312779
971.0606088193,89.6472845188
971.7746239728,89.5738425342
972.4886391264,89.4214216805
973.2026542799,89.0785152371
973.9166694335,88.8593201861
974.6306845870,88.8553552761
975.3446997406,88.7552622943
976.0587148941,88.5280514014
976.7727300476,88.3216249983
977.4867452012,88.2117960641
978.2007603547,88.2286793134
978.9147755083,88.2389385922
979.6287906618,88.2077152461
980.3428058154,88.2611502708
981.0568209689,88.3434130154
981.7708361225,88.3807303947
982.4848512760,88.4852506513
983.1988664295,88.6347857845
983.9128815831,88.6275096416
984.6268967366,88.5500672270
985.3409118902,88.6466084223
986.0549270437,88.7495502346
986.7689421973,88.6701558579
987.4829573508,88.5317215843
988.1969725043,88.3650139515
988.9109876579,88.2285528063
989.6250028114,88.1822343006
990.3390179650,88.0889961583
991.0530331185,87.9780761351
991.7670482721,87.8232324549
992.4810634256,87.5699754908
993.1950785792,87.4811433584
993.9090937327,87.4532664542
994.6231088862,87.2895725325
995.3371240398,87.2784242224
996.0511391933,87.3880230415
996.7651543469,87.3907998402
997.4791695004,87.3392259841
998.1931846540,87.2868438586
998.9071998075,87.3442953272
999.6212149610,87.3586908064
1000.3352301146,87.1884780701
1001.0492452681,87.2082426303
1001.7632604217,87.3302988221
1002.4772755752,87.2668484709
1003.1912907288,87.3146592087
1003.9053058823,87.4636995142
1004.6193210359,87.5133132511
1005.3333361894,87.5322845586
1006.0473513429,87.5583592494
1006.7613664965,87.7170475453
1007.4753816500,87.8162468419
1008.1893968036,87.6785994987
1008.9034119571,87.7147851476
1009.6174271107,87.8117818711
1010.3314422642,87.6782041574
1011.0454574177,87.6090039905
1011.7594725713,87.5464303152
1012.4734877248,87.4532759316
1013.1875028784,87.4633750916
1013.9015180319,87.3498287376
1014.6155331855,87.2470800011
1015.3295483390,87.2092246104
1016.0435634925,87.0383470846
1016.7575786461,87.0505040401
1017.4715937996,87.1447961550
1018.1856089532,87.0378947746
1018.8996241067,87.0149414358
1019.6136392603,87.0160675221
1020.3276544138,87.0557661975
1021.0416695674,87.2445339258
1021.7556847209,87.1932172823
1022.4696998744,87.1460927922
1023.1837150280,87.3588829256
1023.8977301815,87.3438157463
1024.6117453351,87.2764941642
1025.3257604886,87.3478273134
1026.0397756422,87.1500470576
1026.7537907957,86.8852625030
1027.4678059492,86.7994029930
1028.1818211028,86.6835152655
1028.8958362563,86.5522699391
1029.6098514099,86.4217503581
1030.3238665634,86.2530860875
1031.0378817170,86.1718517052
1031.7518968705,86.1547645086
1032.4659120241,86.0785584284
1033.1799271776,86.0174519854
1033.8939423311,86.0648212570
1034.6079574847,86.1651035303
1035.3219726382,86.3592284962
1036.0359877918,86.6040630117
1036.7500029453,86.6629738458
1037.4640180989,86.7204122042
1038.1780332524,86.9400205375
1038.8920484059,86.9864233946
1039.6060635595,86.9347999438
1040.3200787130,86.9937167717
1041.0340938666,87.0592967116
1041.7481090201,87.2216714341
1042.4621241737,87.2566828014
1043.1761393272,87.0239937445
1043.8901544807,87.0326594324
1044.6041696343,87.1659794887
1045.3181847878,87.0841411859
1046.0321999414,87.0534343462
1046.7462150949,87.0323797314
1047.4602302485,86.9868625570
1048.1742454020,87.0462416030
1048.8882605556,86.9770910305
1049.6022757091,86.8492109512
1050.3162908626,86.8372150366
1051.0303060162,86.7925749390
1051.7443211697,86.7220950640
1052.4583363233,86.6510012039
1053.1723514768,86.6052062252
1053.8863666304,86.5648959338
1054.6003817839,86.3812713542
1055.3143969374,86.2629571535
1056.0284120910,86.2956836362
1056.7424272445,86.2475215440
1057.4564423981,86.2062055908
1058.1704575516,86.1717014800
1058.8844727052,86.0905528355
1059.5984878587,86.0889518817
1060.3125030123,86.0231226906
1061.0265181658,85.9201085156
1061.7405333193,85.9103505748
1062.4545484729,85.8211784604
1063.1685636264,85.7630272848
1063.8825787800,85.8229136040
1064.5965939335,85.8252380747
1065.3106090871,85.8607228781
1066.0246242406,85.9384469301
1066.7386393941,86.0024114766
1067.4526545477,86.1609575960
1068.1666697012,86.3237265757
1068.8806848548,86.4563108049
1069.5947000083,86.6095027712
1070.3087151619,86.7170258040
1071.0227303154,86.8974521663
1071.7367454689,87.1847142474
1072.4507606225,87.3629871984
1073.1647757760,87.3635765931
1073.8787909296,87.3530513881
1074.5928060831,87.5202959031
1075.3068212367,87.6525980751
1076.0208363902,87.5049697485
1076.7348515438,87.4717360183
1077.4488666973,87.7588112144
1078.1628818508,87.9452233488
1078.8768970044,87.9371180556
1079.5909121579,88.0135760530
1080.3049273115,88.1155753362
1081.0189424650,88.1326431784
1081.7329576186,88.3843305608
1082.4469727721,88.7373056656
1083.1609879256,88.6071373088
1083.8750030792,88.4365491545
1084.5890182327,88.7058337426
1085.3030333863,88.7950439590
1086.0170485398,88.6772273094
1086.7310636934,88.7652152664
1087.4450788469,88.8003361591
1088.1590940005,88.7622228611
1088.8731091540,88.7911971492
1089.5871243075,88.8185622300
1090.3011394611,88.9049327965
1091.0151546146,88.9008037463
1091.7291697682,88.7955841508
1092.4431849217,88.8161919770
1093.1572000753,88.8355177065
1093.8712152288,88.7931978259
1094.5852303823,88.8099918368
1095.2992455359,88.9196321422
1096.0132606894,89.0029577921
1096.7272758430,88.9078182366
1097.4412909965,88.9632836022
1098.1553061501,89.1234632067
1098.8693213036,88.8667036716
1099.5833364571,88.7281016376
1100.2973516107,88.9306361565
1101.0113667642,88.7713017534
1101.7253819178,88.6058447536
1102.4393970713,88.7683234075
1103.1534122249,88.7013574112
1103.8674273784,88.4672682753
1104.5814425320,88.3606863824
1105.2954576855,88.4056159168
1106.0094728390,88.5556715518
1106.7234879926,88.5810888499
1107.4375031461,88.5665293329
1108.1515182997,88.6176539459
1108.8655334532,88.5896424215
1109.5795486068,88.5754824859
1110.2935637603,88.5797962027
1111.0075789138,88.5920812721
1111.7215940674,88.6224756338
1112.4356092209,88.5058372423
1113.1496243745,88.4811753307
1113.8636395280,88.5692296715
1114.5776546816,88.3965800458
1115.2916698351,88.2576505196
1116.0056849887,88.3422764658
1116.7197001422,88.3330230900
1117.4337152957,88.2221575087
1118.1477304493,88.1402998150
1118.8617456028,88.1605038594
1119.5757607564,88.1256075170
1120.2897759099,87.9740105370
1121.0037910635,88.0216771105
1121.7178062170,88.0392746026
1122.4318213705,87.9202722095
1123.1458365241,88.0541764352
1123.8598516776,88.0346839655
1124.5738668312,87.8225924579
1125.2878819847,87.9828400557
1126.0018971383,88.1431685038
1126.7159122918,88.1444373184
1127.4299274454,88.2218121521
1128.1439425989,88.1731306300
1128.8579577524,88.2117836024
1129.5719729060,88.3075245467
1130.2859880595,88.1613008698
1131.0000032131,88.2026579732
1131.7140183666,88.3478357133
1132.4280335202,88.1812161344
1133.1420486737,88.0316649760
1133.8560638272,88.0583140255
1134.5700789808,88.0816605601
1135.2840941343,87.9937759736
1135.9981092879,87.8916029603
1136.7121244414,88.0462835374
1137.4261395950,88.1524465237
1138.1401547485,87.9439731353
1138.8541699020,87.8613997753
1139.5681850556,87.9542146688
1140.2822002091,87.9353107459
1140.9962153627,87.7972497680
1141.7102305162,87.6695647206
1142.4242456698,87.7095806272
1143.1382608233,87.7285462340
1143.8522759769,87.6013524038
1144.5662911304,87.5954297965
1145.2803062839,87.5772931089
1145.9943214375,87.4322371424
1146.7083365910,87.4153735265
1147.4223517446,87.4475125022
1148.1363668981,87.4119186007
1148.8503820517,87.3380841768
1149.5643972052,87.1958253319
1150.2784123587,87.0969508288
1150.9924275123,87.0636005252
1151.7064426658,87.0392732558
1152.4204578194,87.0096800954
1153.1344729729,86.8800519000
1153.8484881265,86.7973319166
1154.5625032800,86.8548704936
1155.2765184336,86.7892341674
1155.9905335871,86.5951787204
1156.7045487406,86.4510387914
1157.4185638942,86.3694558773
1158.1325790477,86.3386385236
1158.8465942013,86.2952244678
1159.5606093548,86.2040725514
1160.2746245084,86.1064847242
1160.9886396619,86.0230147628
1161.7026548154,85.9802257534
1162.4166699690,85.9541064519
1163.1306851225,85.9011609918
1163.8447002761,85.7990575306
1164.5587154296,85.6913296970
1165.2727305832,85.6741056051
1165.9867457367,85.6298701202
1166.7007608902,85.5042165228
1167.4147760438,85.4911562171
1168.1287911973,85.5311971469
1168.8428063509,85.4666466160
1169.5568215044,85.3506928714
1170.2708366580,85.2938295213
1170.9848518115,85.3175078526
1171.6988669651,85.2024972947
1172.4128821186,85.0663146622
1173.1268972721,85.2605027142
1173.8409124257,85.3759546315
1174.5549275792,85.2170437543
1175.2689427328,85.2456455370
1175.9829578863,85.3596101932
1176.6969730399,85.4265901562
1177.4109881934,85.5190773328
1178.1250033469,85.4810722574
1178.8390185005,85.5522697549
1179.5530336540,85.6932542864
1180.2670488076,85.5820767396
1180.9810639611,85.6527165505
1181.6950791147,85.8554427813
1182.4090942682,85.7512790367
1183.1231094218,85.7034190038
1183.8371245753,85.7429713232
1184.5511397288,85.6417899166
1185.2651548824,85.6231138921
1185.9791700359,85.6134982055
1186.6931851895,85.5310733370
1187.4072003430,85.4781492186
1188.1212154966,85.3906208561
1188.8352306501,85.3647110200
1189.5492458036,85.3369292038
1190.2632609572,85.1656431351
1190.9772761107,85.0866175766
1191.6912912643,85.0756578711
1192.4053064178,84.9622152644
1193.1193215714,84.8729614317
1193.8333367249,84.8142274631
1194.5473518784,84.7382644946
1195.2613670320,84.6593850265
1195.9753821855,84.5172188249
1196.6893973391,84.3769877886
1197.4034124926,84.3300701366
1198.1174276462,84.2999210026
1198.8314427997,84.2062565508
1199.5454579533,84.0992664285
1200.2594731068,84.0204706657
1200.9734882603,83.9028790272
1201.6875034139,83.7897587802
1202.4015185674,83.6900792886
1203.1155337210,83.4704794692
1203.8295488745,83.3025128123
1204.5435640281,83.3073833311
1205.2575791816,83.2186256595
1205.9715943351,83.0298769788
1206.6856094887,82.9060132488
1207.3996246422,82.8177296967
1208.1136397958,82.7307507242
1208.8276549493,82.5822816540
1209.5416701029,82.4313678247
1210.2556852564,82.4004002549
1210.9697004100,82.3258962883
1211.6837155635,82.1490653154
1212.3977307170,82.0531452544
1213.1117458706,82.0209942157
1213.8257610241,81.9274049514
1214.5397761777,81.8176816952
1215.2537913312,81.8016462815
1215.9678064848,81.7778890145
1216.6818216383,81.6369799725
1217.3958367918,81.5803888083
1218.1098519454,81.6548120258
1218.8238670989,81.6492558881
1219.5378822525,81.5449534011
1220.2518974060,81.4210905310
1220.9659125596,81.4132096459
1221.6799277131,81.5056844127
1222.3939428666,81.3995573842
1223.1079580202,81.2483949505
1223.8219731737,81.3209470757
1224.5359883273,81.3259183394
1225.2500034808,81.2305398694
1225.9640186344,81.2620551437
1226.6780337879,81.2861359352
1227.3920489415,81.2578748859
1228.1060640950,81.2584269030
1228.8200792485,81.3009962961
1229.5340944021,81.4198154335
1230.2481095556,81.4886364525
1230.9621247092,81.4878674504
1231.6761398627,81.5747224376
1232.3901550163,81.6608754336
1233.1041701698,81.7102787267
1233.8181853233,81.8529790853
1234.5322004769,82.0069950955
1235.2462156304,82.1020751605
1235.9602307840,82.2338420119
1236.6742459375,82.3921450544
1237.3882610911,82.4856870413
1238.1022762446,82.5526102232
1238.8162913982,82.6722885236
1239.5303065517,82.7902793466
1240.2443217052,82.8451149171
1240.9583368588,82.8692016398
1241.6723520123,82.9499752480
1242.3863671659,83.1188278241
1243.1003823194,83.1802392999
1243.8143974730,83.1495284617
1244.5284126265,83.3336752784
1245.2424277800,83.5338308983
1245.9564429336,83.5254183762
1246.6704580871,83.6445428587
1247.3844732407,83.8543078566
1248.0984883942,83.8720580719
1248.8125035478,83.9319544362
1249.5265187013,84.1428325710
1250.2405338549,84.2616840856
1250.9545490084,84.2700688767
1251.6685641619,84.2878738453
1252.3825793155,84.2770774622
1253.0965944690,84.2228781091
1253.8106096226,84.2267153080
1254.5246247761,84.2603789456
1255.2386399297,84.2577451936
1255.9526550832,84.2095615635
1256.6666702367,84.0647290199
1257.3806853903,84.0308591798
1258.0947005438,84.1755821668
1258.8087156974,84.1255031355
1259.5227308509,84.0524339061
1260.2367460045,84.2185069825
1260.9507611580,84.1973349134
1261.6647763115,84.0583645177
1262.3787914651,84.1468283541
1263.0928066186,84.2392349796
1263.8068217722,84.2451760773
1264.5208369257,84.2418933452
1265.2348520793,84.2752924686
1265.9488672328,84.4027912640
1266.6628823864,84.4318252609
1267.3768975399,84.4578751482
1268.0909126934,84.6460530436
1268.8049278470,84.6901674490
1269.5189430005,84.6818669638
1270.2329581541,84.8463964298
1270.9469733076,84.9725420906
1271.6609884612,85.0507239321
1272.3750036147,85.0868886344
1273.0890187682,85.1034902832
1273.8030339218,85.2309924512
1274.5170490753,85.2776462278
1275.2310642289,85.3114954273
1275.9450793824,85.4796918803
1276.6590945360,85.4781323544
1277.3731096895,85.4267428464
1278.0871248431,85.5378594565
1278.8011399966,85.6125018260
1279.5151551501,85.6400266597
1280.2291703037,85.5934507239
1280.9431854572,85.5510532101
1281.6572006108,85.6945056152
1282.3712157643,85.7442116267
1283.0852309179,85.6735926826
1283.7992460714,85.7416815260
1284.5132612249,85.7889437738
1285.2272763785,85.7699345361
1285.9412915320,85.7894103535
1286.6553066856,85.8093621679
1287.3693218391,85.8278946076
1288.0833369927,85.8022429067
1288.7973521462,85.8169164414
1289.5113672997,85.8852582891
1290.2253824533,85.8274892334
1290.9393976068,85.7905704389
1291.6534127604,85.8380161281
1292.3674279139,85.8016566572
1293.0814430675,85.8062924192
1293.7954582210,85.8656721298
1294.5094733746,85.8637057349
1295.2234885281,85.8554531942
1295.9375036816,85.8286384085
1296.6515188352,85.8316306901
1297.3655339887,85.8664873430
1298.0795491423,85.8183229156
1298.7935642958,85.7949761415
1299.5075794494,85.8505390902
1300.2215946029,85.8811284749
1300.9356097564,85.8667313822
1301.6496249100,85.8441109721
1302.3636400635,85.8985312492
1303.0776552171,85.9517293554
1303.7916703706,85.8848256463
1304.5056855242,85.8160050768
1305.2197006777,85.7774277001
1305.9337158313,85.7209422971
1306.6477309848,85.6219913854
1307.3617461383,85.5161073729
1308.0757612919,85.5283866119
1308.7897764454,85.4859738983
1309.5037915990,85.3390453000
1310.2178067525,85.3245845009
1310.9318219061,85.2723509289
1311.6458370596,85.1828013914
1312.3598522131,85.2630575930
1313.0738673667,85.2508763996
1313.7878825202,85.1787991001
1314.5018976738,85.1838111574
1315.2159128273,85.0774213111
1315.9299279809,85.0760868522
1316.6439431344,85.1480180946
1317.3579582879,85.0348206374
1318.0719734415,85.0717124767
1318.7859885950,85.2431533448
1319.5000037486,85.2220582596
1320.2140189021,85.1592079143
1320.9280340557,85.1256562623
1321.6420492092,85.1194428009
1322.3560643628,85.1010509439
1323.0700795163,85.0300486168
1323.7840946698,85.1189208400
1324.4981098234,85.1964935358
1325.2121249769,85.1268890323
1325.9261401305,85.2274679033
1326.6401552840,85.3273012604
1327.3541704376,85.2561406760
1328.0681855911,85.2708139564
1328.7822007446,85.3168428859
1329.4962158982,85.3491150384
1330.2102310517,85.3738996335
1330.9242462053,85.3445837898
1331.6382613588,85.4407025645
1332.3522765124,85.5110968878
1333.0662916659,85.4422769439
1333.7803068195,85.5049813478
1334.4943219730,85.5237432021
1335.2083371265,85.4771806304
1335.9223522801,85.6051750343
1336.6363674336,85.6218217376
1337.3503825872,85.5526086820
1338.0643977407,85.6797379775
1338.7784128943,85.7687845115
1339.4924280478,85.8575032771
1340.2064432013,86.0382037218
1340.9204583549,85.9152003355
1341.6344735084,85.7899288144
1342.3484886620,85.9282909747
1343.0625038155,85.9818266906
1343.7765189691,85.9249011278
1344.4905341226,85.9867148409
1345.2045492761,85.9921497753
1345.9185644297,85.9639764179
1346.6325795832,86.0382066138
1347.3465947368,86.0016387309
1348.0606098903,85.9279770589
1348.7746250439,86.0039066305
1349.4886401974,86.0264015069
1350.2026553510,85.9592267931
1350.9166705045,85.8916787339
1351.6306856580,85.8468926138
1352.3447008116,85.9206771489
1353.0587159651,85.9189617833
1353.7727311187,85.8289818724
1354.4867462722,85.8736601080
1355.2007614258,85.8317198299
1355.9147765793,85.7881819867
1356.6287917328,85.8377955230
1357.3428068864,85.6922543856
1358.0568220399,85.6943383407
1358.7708371935,85.7278228706
1359.4848523470,85.4465533245
1360.1988675006,85.5414490257
1360.9128826541,85.6673836048
1361.6268978077,85.2150149392
1362.3409129612,85.4171635761
1363.0549281147,85.9315825274
1363.7689432683,85.2849166835
1364.4829584218,84.9527854396
1365.1969735754,84.9273795296
1365.9109887289,84.8299111483
1366.6250038825,84.8217970185
1367.3390190360,84.8136952366
1368.0530341895,84.9834579225
1368.7670493431,85.1725363392
1369.4810644966,84.9901659391
1370.1950796502,85.0470808087
1370.9090948037,85.3265852228
1371.6231099573,85.3093824165
1372.3371251108,85.3256928000
1373.0511402643,85.5550421588
1373.7651554179,85.7762715183
1374.4791705714,85.8873446984
1375.1931857250,85.8247289089
1375.9072008785,85.6535018759
1376.6212160321,85.6021109404
1377.3352311856,85.6201825239
1378.0492463392,85.6673836120
1378.7632614927,85.7264297118
1379.4772766462,85.7915975526
1380.1912917998,85.8041567153
1380.9053069533,85.7993908227
1381.6193221069,85.9037954243
1382.3333372604,85.9143264704
1383.0473524140,85.7820092587
1383.7613675675,85.7194879151
1384.4753827210,85.6809480261
1385.1893978746,85.6646299086
1385.9034130281,85.6753581148
1386.6174281817,85.8148456257
1387.3314433352,86.2539971780
1388.0454584888,85.9566613766
1388.7594736423,85.4900437020
1389.4734887959,85.5001583011
1390.1875039494,85.4249068045
1390.9015191029,85.2896227381
1391.6155342565,85.4380271414
1392.3295494100,85.2962815790
1393.0435645636,85.1185059714
1393.7575797171,85.3899540905
1394.4715948707,85.7406843441
1395.1856100242,85.5749737006
1395.8996251777,85.2318522331
1396.6136403313,84.9313522727
1397.3276554848,84.7733240336
1398.0416706384,84.7232944265
1398.7556857919,85.0232444252
1399.4697009455,85.0308037629
1400.1837160990,84.3383797811
1400.8977312526,84.1196775932
1401.6117464061,84.1720991426
1402.3257615596,84.0244639058
1403.0397767132,83.8678926721
1403.7537918667,83.7289645408
1404.4678070203,83.9258979105
1405.1818221738,84.2206303882
1405.8958373274,83.6143683417
1406.6098524809,83.3775373529
1407.3238676344,83.5299332654
1408.0378827880,83.3214950235
1408.7518979415,83.2911184882
1409.4659130951,83.4044475850
1410.1799282486,83.2561324295
1410.8939434022,83.3004065172
1411.6079585557,83.2758623617
1412.3219737092,83.2153679507
1413.0359888628,83.3633965603
1413.7500040163,83.2027842186
1414.4640191699,83.1769496451
1415.1780343234,83.3430054646
1415.8920494770,83.1526704814
1416.6060646305,83.3529380896
1417.3200797841,83.5843853796
1418.0340949376,83.2037925655
1418.7481100911,83.8981944160
1419.4621252447,85.6477849197
1420.1761403982,83.3700272758
1420.8901555518,83.1217107176
1421.6041707053,83.1786840312
1422.3181858589,82.8339922012
1423.0322010124,83.0275837808
1423.7462161659,83.5240606177
1424.4602313195,83.0258799655
1425.1742464730,82.6790418473
1425.8882616266,82.5806733466
1426.6022767801,82.3745313107
1427.3162919337,82.2848658864
1428.0303070872,82.1646231185
1428.7443222408,81.9087303676
1429.4583373943,82.1155202761
1430.1723525478,82.2114174517
1430.8863677014,81.3918126994
1431.6003828549,81.1151374778
1432.3143980085,81.0973342989
1433.0284131620,80.6931235255
1433.7424283156,80.6190517825
1434.4564434691,80.4145598957
1435.1704586226,79.9648023006
1435.8844737762,80.3067509396
1436.5984889297,81.7287690061
1437.3125040833,80.2736873124
1438.0265192368,79.7222010816
1438.7405343904,79.5014871149
1439.4545495439,79.4631943656
1440.1685646974,79.4165317280
1440.8825798510,79.3019945056
1441.5965950045,79.4721647220
1442.3106101581,79.5073932834
1443.0246253116,79.5014239638
1443.7386404652,79.6155026941
1444.4526556187,79.5066725157
1445.1666707723,79.6586134380
1445.8806859258,79.7971520082
1446.5947010793,79.6359243134
1447.3087162329,80.1964167045
1448.0227313864,80.8279430471
1448.7367465400,80.2174959699
1449.4507616935,80.2747111359
1450.1647768471,80.4976129508
1450.8787920006,80.5128254780
1451.5928071541,81.0129488100
1452.3068223077,81.3762697863
1453.0208374612,81.1418450616
1453.7348526148,81.3747324154
1454.4488677683,81.8876954867
1455.1628829219,82.1019769337
1455.8768980754,82.5691623889
1456.5909132290,84.5513054449
1457.3049283825,83.8545028671
1458.0189435360,83.4173375460
1458.7329586896,83.5397066105
1459.4469738431,83.1311840007
1460.1609889967,82.7885449498
1460.8750041502,82.5903432704
1461.5890193038,82.5679142885
1462.3030344573,82.7457082553
1463.0170496108,82.7126342033
1463.7310647644,82.5776961605
1464.4450799179,83.1651097745
1465.1590950715,83.5630356844
1465.8731102250,82.4150262576
1466.5871253786,82.1365632378
1467.3011405321,82.2377593660
1468.0151556856,82.0394752638
1468.7291708392,82.1159499337
1469.4431859927,82.2893595044
1470.1572011463,82.1603512171
1470.8712162998,82.5573340985
1471.5852314534,83.6207205121
1472.2992466069,83.4166115937
1473.0132617605,83.5173222219
1473.7272769140,83.6238101986
1474.4412920675,82.4090358598
1475.1553072211,82.1798963454
1475.8693223746,82.8716255990
1476.5833375282,82.7763892678
1477.2973526817,81.7713186878
1478.0113678353,81.5282771739
1478.7253829888,81.6707948969
1479.4393981423,81.2922629212
1480.1534132959,81.0582874002
1480.8674284494,81.3092229218
1481.5814436030,81.0117311492
1482.2954587565,80.6206783622
1483.0094739101,80.4888830666
1483.7234890636,80.2296983759
1484.4375042172,80.1659765492
1485.1515193707,79.9560292336
1485.8655345242,79.5781171467
1486.5795496778,79.8627946337
1487.2935648313,80.0445565062
1488.0075799849,79.1769673833
1488.7215951384,78.8686220959
1489.4356102920,79.1474732244
1490.1496254455,79.4038497475
1490.8636405990,78.7234713445
1491.5776557526,77.8622104550
1492.2916709061,77.3855455002
1493.0056860597,77.1720770835
1493.7197012132,77.0170859479
1494.4337163668,76.7445950912
1495.1477315203,76.5614597457
1495.8617466738,77.4891346878
1496.5757618274,77.4490018165
1497.2897769809,75.9211513837
1498.0037921345,75.9262194745
1498.7178072880,76.8956834739
1499.4318224416,75.8987925720
1500.1458375951,75.2851624656
1500.8598527487,75.1884909996
1501.5738679022,75.1779268999
1502.2878830557,75.1495463586
1503.0018982093,74.8343896450
1503.7159133628,74.4987722783
1504.4299285164,74.5880343450
1505.1439436699,75.4629047285
1505.8579588235,76.7753354076
1506.5719739770,76.1189845852
1507.2859891305,75.5830991901
1508.0000042841,74.9948141354
1508.7140194376,74.1915350821
1509.4280345912,73.9520802932
1510.1420497447,73.7769323578
1510.8560648983,73.1178040975
1511.5700800518,73.2367703777
1512.2840952054,74.0172457351
1512.9981103589,73.2815260652
1513.7121255124,73.0085359023
1514.4261406660,73.3662174720
1515.1401558195,73.5111258271
1515.8541709731,73.6715944459
1516.5681861266,74.6127170825
1517.2822012802,75.6868605504
1517.9962164337,74.4827741638
1518.7102315872,73.9842826699
1519.4242467408,74.1983057139
1520.1382618943,75.1720087754
1520.8522770479,76.3208383970
1521.5662922014,75.5432117688
1522.2803073550,75.6702194447
1522.9943225085,75.8409727833
1523.7083376621,74.9837323779
1524.4223528156,74.9251990108
1525.1363679691,76.1170914798
1525.8503831227,75.8027447603
1526.5643982762,75.3239790331
1527.2784134298,75.7396515893
1527.9924285833,76.0024473394
1528.7064437369,76.1144430315
1529.4204588904,76.0719496957
1530.1344740439,75.6811715859
1530.8484891975,76.0093940794
1531.5625043510,76.5133456787
1532.2765195046,76.2123375913
1532.9905346581,77.0282480452
1533.7045498117,78.9759513659
1534.4185649652,77.2565991442
1535.1325801187,76.9055953106
1535.8465952723,77.0946931101
1536.5606104258,77.0780842829
1537.2746255794,77.3863507544
1537.9886407329,77.9235052291
1538.7026558865,79.0863708933
1539.4166710400,81.7860248535
1540.1306861936,80.2353015432
1540.8447013471,78.8972955458
1541.5587165006,78.9574953207
1542.2727316542,79.8387845131
1542.9867468077,79.4585009561
1543.7007619613,78.8013198486
1544.4147771148,78.9478526010
1545.1287922684,80.1507475503
1545.8428074219,79.5581911899
1546.5568225754,79.0804982903
1547.2708377290,79.3969046889
1547.9848528825,79.5948360636
1548.6988680361,79.7102548689
1549.4128831896,80.4279700181
1550.1268983432,81.0436408881
1550.8409134967,80.5008799467
1551.5549286503,80.5128124710
1552.2689438038,80.8041210959
1552.9829589573,80.8808306666
1553.6969741109,81.5615519441
1554.4109892644,83.3071669224
1555.1250044180,82.1125222059
1555.8390195715,81.7532984074
1556.5530347251,82.1849370722
1557.2670498786,83.1088368779
1557.9810650321,87.0218313505
1558.6950801857,84.8222187809
1559.4090953392,84.1444226653
1560.1231104928,88.3482697708
1560.8371256463,84.0103393650
1561.5511407999,82.9810110698
1562.2651559534,83.1997140634
1562.9791711069,83.2519225413
1563.6931862605,83.2718927642
1564.4072014140,84.1611394718
1565.1212165676,84.4619106875
1565.8352317211,84.0203218318
1566.5492468747,84.1132421912
1567.2632620282,84.2313999916
1567.9772771818,84.3019397938
1568.6912923353,84.9156350027
1569.4053074888,86.5028379525
1570.1193226424,85.9607969531
1570.8333377959,85.0397297134
1571.5473529495,85.0673581557
1572.2613681030,85.1123414207
1572.9753832566,85.0723486226
1573.6893984101,85.2849926892
1574.4034135636,85.2530155007
1575.1174287172,85.5090129854
1575.8314438707,87.8594541070
1576.5454590243,87.5187073685
1577.2594741778,85.8396138935
1577.9734893314,85.4538366906
1578.6875044849,85.2238988638
1579.4015196385,85.2059435235
1580.1155347920,85.0050163561
1580.8295499455,84.7707451764
1581.5435650991,84.8010433382
1582.2575802526,84.6868723584
1582.9715954062,84.5457217580
1583.6856105597,84.4288265549
1584.3996257133,84.1627267386
1585.1136408668,83.9531365007
1585.8276560203,83.7586804460
1586.5416711739,83.6341994701
1587.2556863274,83.5087540577
1587.9697014810,83.2304847869
1588.6837166345,83.0807897679
1589.3977317881,82.9589888064
1590.1117469416,82.7668116252
1590.8257620951,82.6224109458
1591.5397772487,82.4104670504
1592.2537924022,82.2597986184
1592.9678075558,82.0902929725
1593.6818227093,81.9686093703
1594.3958378629,82.1074463245
1595.1098530164,81.8243569027
1595.8238681700,81.3780154180
1596.5378833235,81.3210023378
1597.2518984770,81.0602300485
1597.9659136306,80.8014843837
1598.6799287841,80.6771647692
1599.3939439377,80.2401895100
1600.1079590912,80.0287451885
1600.8219742448,79.8780066470
1601.5359893983,79.4147985365
1602.2500045518,79.2386727433
1602.9640197054,79.0253718136
1603.6780348589,78.5204930600
1604.3920500125,78.1598439717
1605.1060651660,77.8409635934
1605.8200803196,77.6185891482
1606.5340954731,77.4019591102
1607.2481106267,77.1229062000
1607.9621257802,76.8788597222
1608.6761409337,76.5777522780
1609.3901560873,76.4748731114
1610.1041712408,76.1812898876
1610.8181863944,75.6103106782
1611.5322015479,75.5194826518
1612.2462167015,75.3672062493
1612.9602318550,74.9640008201
1613.6742470085,74.9546342797
1614.3882621621,74.6734650716
1615.1022773156,74.3906685129
1615.8162924692,74.8782061742
1616.5303076227,76.5462435976
1617.2443227763,75.2867261638
1617.9583379298,74.1442273026
1618.6723530833,73.7223623157
1619.3863682369,73.6962172954
1620.1003833904,73.4774749762
1620.8143985440,73.4276951258
1621.5284136975,73.5288486786
1622.2424288511,73.3562884107
1622.9564440046,74.2448450399
1623.6704591582,75.0990249285
1624.3844743117,73.7242214701
1625.0984894652,73.6449266137
1625.8125046188,73.8533297657
1626.5265197723,73.7136069705
1627.2405349259,74.3212909626
1627.9545500794,74.8369670933
1628.6685652330,74.3783718707
1629.3825803865,74.4611110791
1630.0965955400,74.6580250688
1630.8106106936,74.8060040687
1631.5246258471,75.0183152494
1632.2386410007,75.2569564649
1632.9526561542,75.5568720140
1633.6666713078,75.5938245735
1634.3806864613,75.9886298352
1635.0947016149,79.1828528412
1635.8087167684,78.7111436636
1636.5227319219,76.8266800366
1637.2367470755,77.1971274942
1637.9507622290,77.3733107446
1638.6647773826,76.8967176116
1639.3787925361,76.9697602658
1640.0928076897,77.3310972006
1640.8068228432,77.5307567370
1641.5208379967,77.7074748715
1642.2348531503,77.8438040809
1642.9488683038,77.9992644986
1643.6628834574,78.2464941992
1644.3768986109,78.2989287432
1645.0909137645,78.6451465709
1645.8049289180,80.5720007094
1646.5189440715,80.2404719502
1647.2329592251,80.0258446277
1647.9469743786,81.3121407983
1648.6609895322,80.5199975129
1649.3750046857,79.8328423529
1650.0890198393,80.0526447136
1650.8030349928,80.2169803463
1651.5170501464,80.5548944863
1652.2310652999,83.2015389179
1652.9450804534,87.8560824684
1653.6590956070,83.5530051664
1654.3731107605,83.4069691429
1655.0871259141,82.3441565004
1655.8011410676,81.8599421407
1656.5151562212,81.9694315917
1657.2291713747,82.2085599760
1657.9431865282,82.4813833916
1658.6572016818,82.6466754566
1659.3712168353,82.7697630784
1660.0852319889,83.1076900249
1660.7992471424,83.4768696262
1661.5132622960,83.6508461684
1662.2272774495,84.2958197761
1662.9412926031,85.6364234679
1663.6553077566,84.7944656115
1664.3693229101,84.4550992776
1665.0833380637,84.8975382032
1665.7973532172,84.9380252574
1666.5113683708,84.9969775639
1667.2253835243,85.4452814132
1667.9393986779,85.4914729300
1668.6534138314,86.6610288984
1669.3674289849,88.9066492612
1670.0814441385,86.6097276168
1670.7954592920,86.5733066563
1671.5094744456,87.8319655896
1672.2234895991,87.2369686301
1672.9375047527,86.9030748364
1673.6515199062,86.9567457896
1674.3655350598,87.1380766891
1675.0795502133,89.7753448355
1675.7935653668,89.7151183405
1676.5075805204,87.9087269734
1677.2215956739,87.9331631774
1677.9356108275,88.3098997991
1678.6496259810,88.2921958417
1679.3636411346,88.6963811409
1680.0776562881,89.3551387540
1680.7916714416,89.3854585797
1681.5056865952,89.1030462593
1682.2197017487,89.1602504124
1682.9337169023,90.2666673888
1683.6477320558,91.8171784364
1684.3617472094,93.2461462972
1685.0757623629,93.1700282362
1685.7897775164,91.1042956246
1686.5037926700,90.1901365324
1687.2178078235,90.2128867058
1687.9318229771,90.6452726768
1688.6458381306,90.7060724198
1689.3598532842,90.8174527332
1690.0738684377,91.2047050702
1690.7878835913,91.3465922317
1691.5018987448,91.1014501134
1692.2159138983,91.0445909904
1692.9299290519,91.3081314794
1693.6439442054,91.3089829011
1694.3579593590,91.2221055176
1695.0719745125,92.0784841045
1695.7859896661,96.7614069965
1696.5000048196,93.1658486766
1697.2140199731,92.0806862832
1697.9280351267,91.8972426624
1698.6420502802,91.7477657952
1699.3560654338,91.9756662202
1700.0700805873,125.3074612263
1700.7840957409,96.9357552165
1701.4981108944,93.4787247805
1702.2121260480,93.1826680652
1702.9261412015,93.1642354988
1703.6401563550,93.8077691856
1704.3541715086,95.2369503313
1705.0681866621,94.8742369451
1705.7822018157,95.0880545192
1706.4962169692,96.6546768594
1707.2102321228,96.1149401337
1707.9242472763,95.6164562481
1708.6382624298,95.7520024946
1709.3522775834,95.9256466115
1710.0662927369,96.4526810415
1710.7803078905,96.6372799498
1711.4943230440,96.3236819322
1712.2083381976,96.5560588821
1712.9223533511,96.8298140186
1713.6363685046,96.8573174731
1714.3503836582,97.5714408026
1715.0643988117,98.2785012761
1715.7784139653,97.4614335184
1716.4924291188,97.1480243983
1717.2064442724,98.1029929023
1717.9204594259,99.6001514864
1718.6344745795,98.8205403453
1719.3484897330,97.7693968231
1720.0625048865,97.0732552989
1720.7765200401,97.0120717798
1721.4905351936,97.2455736027
1722.2045503472,97.1299003350
1722.9185655007,97.3007132524
1723.6325806543,97.7658311271
1724.3465958078,97.4458644505
1725.0606109613,97.3043398757
1725.7746261149,97.4383218336
1726.4886412684,97.2453649027
1727.2026564220,97.3960868971
1727.9166715755,97.5591409295
1728.6306867291,97.3250029812
1729.3447018826,97.8294579947
1730.0587170362,98.6251001206
1730.7727321897,97.9765504299
1731.4867473432,97.5564251228
1732.2007624968,97.6334629606
1732.9147776503,98.0892085265
1733.6287928039,99.3109924743
1734.3428079574,100.5804356399
1735.0568231110,99.4964522041
1735.7708382645,98.1212172741
1736.4848534180,97.6024629080
1737.1988685716,98.0510609333
1737.9128837251,97.9120666285
1738.6268988787,97.4312279176
1739.3409140322,98.4996203388
1740.0549291858,99.6954282147
1740.7689443393,98.3348069160
1741.4829594928,97.7284276483
1742.1969746464,97.8882001911
1742.9109897999,98.4818778108
1743.6250049535,98.6239427947
1744.3390201070,98.2132211423
1745.0530352606,98.0509021328
1745.7670504141,98.1007993642
1746.4810655677,98.3334982838
1747.1950807212,98.4142217377
1747.9090958747,98.2660561613
1748.6231110283,99.0508199958
1749.3371261818,98.9720299856
1750.0511413354,97.8612012497
1750.7651564889,98.3804899684
1751.4791716425,100.2544743122
1752.1931867960,98.4891898526
1752.9072019495,97.9447051972
1753.6212171031,98.1171956029
1754.3352322566,98.0020280259
1755.0492474102,97.8920142988
1755.7632625637,97.8469217932
1756.4772777173,98.4759944685
1757.1912928708,99.2194960951
1757.9053080244,98.2041916981
1758.6193231779,97.9099644202
1759.3333383314,98.3867233357
1760.0473534850,97.8990449125
1760.7613686385,97.8387554597
1761.4753837921,99.2099279034
1762.1893989456,99.0688679795
1762.9034140992,98.2694821173
1763.6174292527,98.1903289787
1764.3314444062,98.1942706520
1765.0454595598,98.1743282553
1765.7594747133,98.1056249095
1766.4734898669,97.9373599482
1767.1875050204,97.9247972095
1767.9015201740,98.6517639445
1768.6155353275,99.1243157261
1769.3295504810,98.0846087230
1770.0435656346,97.8760848688
1770.7575807881,98.9132669033
1771.4715959417,98.9301470563
1772.1856110952,99.1317872733
1772.8996262488,100.2716299631
1773.6136414023,98.5927621082
1774.3276565559,97.8582884901
1775.0416717094,98.2349324961
1775.7556868629,98.4641589992
1776.4697020165,98.1425785402
1777.1837171700,97.8329842198
1777.8977323236,97.8705905554
1778.6117474771,98.1136874701
1779.3257626307,97.8896325132
1780.0397777842,98.0887150475
1780.7537929377,98.7588661882
1781.4678080913,98.1722176800
1782.1818232448,97.8747497416
1782.8958383984,97.9901084712
1783.6098535519,97.7176607128
1784.3238687055,97.9289547194
1785.0378838590,98.3951559798
1785.7518990126,97.9943846656
1786.4659141661,97.8753386537
1787.1799293196,97.8975394064
1787.8939444732,97.9239853095
1788.6079596267,98.0238024629
1789.3219747803,97.7267818250
1790.0359899338,97.8904377896
1790.7500050874,98.5525909617
1791.4640202409,98.0831741045
1792.1780353944,98.3083772703
1792.8920505480,99.7448616464
1793.6060657015,98.4577202600
1794.3200808551,97.7367026260
1795.0340960086,97.9606822581
1795.7481111622,98.0361496883
1796.4621263157,97.9330410419
1797.1761414693,97.8487224218
1797.8901566228,97.4884949378
1798.6041717763,97.6031760054
1799.3181869299,98.4878465883
1800.0322020834,98.4548007309
1800.7462172370,97.8121148501
1801.4602323905,97.8640315149
1802.1742475441,98.2463401893
1802.8882626976,97.9969879495
1803.6022778511,97.6257642382
1804.3162930047,97.5630869552
1805.0303081582,97.6876407920
1805.7443233118,97.7981044523
1806.4583384653,97.7416239577
1807.1723536189,97.7157376042
1807.8863687724,97.8815512295
1808.6003839259,97.7670182176
1809.3143990795,97.5981840206
1810.0284142330,98.0663745202
1810.7424293866,98.4631698457
1811.4564445401,97.9100299713
1812.1704596937,97.7355730946
1812.8844748472,97.9340718635
1813.5984900008,97.6969245487
1814.3125051543,97.5899156309
1815.0265203078,97.7907273962
1815.7405354614,97.6921596897
1816.4545506149,97.6590434476
1817.1685657685,97.8528700249
1817.8825809220,97.7844229450
1818.5965960756,97.6760810123
1819.3106112291,97.6904560944
1820.0246263826,97.7486016468
1820.7386415362,97.7381411718
1821.4526566897,97.5348770178
1822.1666718433,97.6266978336
1822.8806869968,97.8314054331
1823.5947021504,97.4976118241
1824.3087173039,97.6226603128
1825.0227324575,98.6884609318
1825.7367476110,98.3877764618
1826.4507627645,97.6249808156
1827.1647779181,97.6139098132
1827.8787930716,97.6901782018
1828.5928082252,97.7073950347
1829.3068233787,98.3196442379
1830.0208385323,98.9470216323
1830.7348536858,98.1379206335
1831.4488688393,97.5871529785
1832.1628839929,97.5595568632
1832.8768991464,97.5089254424
1833.5909143000,97.4513754327
1834.3049294535,97.5967278660
1835.0189446071,97.5285829640
1835.7329597606,97.4389075834
1836.4469749141,97.6511105763
1837.1609900677,97.7854470450
1837.8750052212,97.6789244051
1838.5890203748,97.5397755623
1839.3030355283,97.5721658428
1840.0170506819,97.6356621846
1840.7310658354,97.4943965237
1841.4450809890,97.6259004461
1842.1590961425,97.7055866413
1842.8731112960,97.3137009813
1843.5871264496,97.7920343471
1844.3011416031,99.3519487147
1845.0151567567,98.0900198711
1845.7291719102,97.4964200253
1846.4431870638,97.5605527710
1847.1572022173,97.5125957100
1847.8712173708,97.6974530557
1848.5852325244,97.7265104168
1849.2992476779,97.4220716477
1850.0132628315,97.4436451375
1850.7272779850,97.4777071217
1851.4412931386,97.4333716663
1852.1553082921,97.5148066902
1852.8693234457,97.4548146030
1853.5833385992,97.4760801674
1854.2973537527,97.5002506246
1855.0113689063,97.3491066181
1855.7253840598,97.3806489819
1856.4393992134,97.4089419812
1857.1534143669,97.4150847069
1857.8674295205,97.5590767057
1858.5814446740,97.5152419941
1859.2954598275,97.4502303029
1860.0094749811,97.4037291425
1860.7234901346,97.2619874265
1861.4375052882,97.3306112497
1862.1515204417,97.3877857543
1862.8655355953,97.4462918705
1863.5795507488,97.6094430403
1864.2935659023,97.3682761250
1865.0075810559,97.2159947391
1865.7215962094,97.4617726817
1866.4356113630,97.5725405575
1867.1496265165,97.7793553954
1867.8636416701,97.8848100224
1868.5776568236,97.9030307687
1869.2916719772,98.4638127839
1870.0056871307,98.0271433250
1870.7197022842,97.2772784312
1871.4337174378,97.3420316309
1872.1477325913,97.3102490853
1872.8617477449,97.1027436713
1873.5757628984,97.3593102654
1874.2897780520,97.3757803878
1875.0037932055,97.3106401088
1875.7178083590,97.4703272226
1876.4318235126,97.3257999395
1877.1458386661,97.3027363826
1877.8598538197,97.3794285582
1878.5738689732,97.1820823549
1879.2878841268,97.2104503106
1880.0018992803,97.2678537117
1880.7159144339,97.1881032270
1881.4299295874,97.3510281860
1882.1439447409,97.3371165080
1882.8579598945,97.1622687996
1883.5719750480,97.2604243171
1884.2859902016,97.3827704264
1885.0000053551,97.4118855238
1885.7140205087,97.3366771930
1886.4280356622,97.3181314275
1887.1420508157,97.4141582486
1887.8560659693,97.1104261188
1888.5700811228,97.0409230826
1889.2840962764,97.8832098437
1889.9981114299,97.8888499564
1890.7121265835,97.2213047413
1891.4261417370,97.2921834029
1892.1401568905,97.3754796610
1892.8541720441,97.2739603771
1893.5681871976,97.4053440256
1894.2822023512,97.2032966942
1894.9962175047,97.0919332429
1895.7102326583,97.4094729422
1896.4242478118,97.2440083373
1897.1382629654,97.0337951579
1897.8522781189,97.1326066388
1898.5662932724,97.1471086313
1899.2803084260,97.3507554779
1899.9943235795,97.4528056222
1900.7083387331,97.1925394133
1901.4223538866,97.1815334657
1902.1363690402,97.2260176153
1902.8503841937,97.1785300989
1903.5643993472,97.1723114531
1904.2784145008,97.0522829046
1904.9924296543,97.3200746915
1905.7064448079,97.5138409858
1906.4204599614,96.9952740330
1907.1344751150,97.0385227769
1907.8484902685,97.4468490345
1908.5625054221,97.1557800321
1909.2765205756,97.2274651242
1909.9905357291,97.5099430851
1910.7045508827,97.1875277640
1911.4185660362,97.1416959112
1912.1325811898,97.3822778344
1912.8465963433,97.5715284313
1913.5606114969,97.5211864535
1914.2746266504,97.1135581165
1914.9886418039,97.3304946439
1915.7026569575,97.6409875400
1916.4166721110,97.0557770643
1917.1306872646,97.1788078649
1917.8447024181,98.1104677026
1918.5587175717,97.5493015728
1919.2727327252,97.0991793735
1919.9867478788,97.2626033918
1920.7007630323,97.0924448506
1921.4147781858,97.0956740628
1922.1287933394,97.4599324753
1922.8428084929,97.3462538177
1923.5568236465,97.0166691220
1924.2708388000,97.1483932631
1924.9848539536,97.2582974204
1925.6988691071,97.0671104312
1926.4128842606,97.0769018095
1927.1268994142,97.1555364435
1927.8409145677,96.8884653951
1928.5549297213,96.8196432209
1929.2689448748,97.0841914531
1929.9829600284,97.0841764396
1930.6969751819,96.8466372890
1931.4109903354,96.7844923122
1932.1250054890,96.9290714182
1932.8390206425,96.9932028774
1933.5530357961,97.0242857731
1934.2670509496,97.1077313930
1934.9810661032,96.9918205600
1935.6950812567,97.0414643376
1936.4090964103,97.1616269348
1937.1231115638,96.9919640697
1937.8371267173,97.4158519976
1938.5511418709,97.5655032316
1939.2651570244,96.6546796597
1939.9791721780,96.8870407816
1940.6931873315,97.5412558537
1941.4072024851,96.9320186827
1942.1212176386,97.3276452778
1942.8352327921,98.1450160154
1943.5492479457,97.0624638719
1944.2632630992,96.7779462143
1944.9772782528,97.3353559490
1945.6912934063,97.3793567003
1946.4053085599,97.2792792515
1947.1193237134,96.7640843935
1947.8333388670,96.4178139011
1948.5473540205,97.0210246899
1949.2613691740,97.3471071222
1949.9753843276,96.9191625169
1950.6893994811,96.7678978192
1951.4034146347,97.1866642896
1952.1174297882,97.2558808828
1952.8314449418,96.9487992795
1953.5454600953,97.4973775256
1954.2594752488,97.7265990543
1954.9734904024,96.7573740357
1955.6875055559,96.8499669555
1956.4015207095,97.5268419423
1957.1155358630,97.2431102677
1957.8295510166,97.1806069323
1958.5435661701,97.4673653321
1959.2575813236,97.5909143760
1959.9715964772,97.4687959789
1960.6856116307,97.2483129071
1961.3996267843,97.7761376088
1962.1136419378,97.6235763707
1962.8276570914,96.8203939361
1963.5416722449,97.3365618772
1964.2556873985,97.0497267401
1964.9697025520,96.4158385879
1965.6837177055,97.5709351049
1966.3977328591,97.2972111457
1967.1117480126,96.5358157841
1967.8257631662,97.6676894547
1968.5397783197,97.2898184915
1969.2537934733,96.9623402971
1969.9678086268,97.6185730384
1970.6818237803,96.8015729831
1971.3958389339,97.3908719013
1972.1098540874,98.5385466068
1972.8238692410,96.7197358773
1973.5378843945,96.1940365424
1974.2518995481,97.3395999491
1974.9659147016,96.7579371853
1975.6799298552,96.7004226446
1976.3939450087,97.2458055868
1977.1079601622,96.6943649015
1977.8219753158,96.8331738743
1978.5359904693,97.2436883504
1979.2500056229,96.7724986047
1979.9640207764,96.5520062816
1980.6780359300,96.4264648768
1981.3920510835,96.2521747367
1982.1060662370,96.6403549813
1982.8200813906,96.6295808830
1983.5340965441,96.0960156557
1984.2481116977,96.4225931233
1984.9621268512,96.7497746676
1985.6761420048,96.2596060868
1986.3901571583,96.5010268875
1987.1041723118,97.0452081094
1987.8181874654,96.7579313409
1988.5322026189,96.6623226780
1989.2462177725,96.7434226548
1989.9602329260,96.7870512020
1990.6742480796,97.3172739120
1991.3882632331,97.2454014624
1992.1022783867,96.5750862021
1992.8162935402,96.8062223152
1993.5303086937,96.8922214101
1994.2443238473,96.6669656178
1994.9583390008,96.9740721642
1995.6723541544,97.0614876966
1996.3863693079,96.6990074759
1997.1003844615,96.5311549296
1997.8143996150,96.5671841651
1998.5284147685,96.8386660740
1999.2424299221,97.0997723854
1999.9564450756,97.0682895092
2000.6704602292,97.2426432334
2001.3844753827,97.5220042707
2002.0984905363,97.2377195460
2002.8125056898,97.0896523897
2003.5265208434,97.4867254287
2004.2405359969,97.1761277789
2004.9545511504,96.7282648563
2005.6685663040,97.0996004381
2006.3825814575,96.7746741009
2007.0965966111,96.3347800415
2007.8106117646,96.8930221239
2008.5246269182,96.7580236071
2009.2386420717,96.6533043998
2009.9526572252,97.2584273754
2010.6666723788,96.8227561305
2011.3806875323,96.4539292947
2012.0947026859,96.6676860949
2012.8087178394,96.3703611781
2013.5227329930,96.7281621094
2014.2367481465,96.9767003501
2014.9507633000,96.2317383036
2015.6647784536,96.5131091944
2016.3787936071,97.4569153732
2017.0928087607,97.7427666967
2017.8068239142,97.5585357058
2018.5208390678,97.1777035875
2019.2348542213,97.3623402544
2019.9488693749,97.2919716679
2020.6628845284,96.5961199084
2021.3768996819,96.9922516427
2022.0909148355,97.3764755114
2022.8049299890,96.9667473696
2023.5189451426,97.1880398516
2024.2329602961,96.8171806961
2024.9469754497,96.0290608496
2025.6609906032,96.6359737804
2026.3750057567,97.2678457943
2027.0890209103,97.1418562201
2027.8030360638,97.0752559659
2028.5170512174,96.8900321778
2029.2310663709,96.4771125522
2029.9450815245,96.6161579964
2030.6590966780,97.5060928607
2031.3731118316,97.3771307936
2032.0871269851,96.3424675664
2032.8011421386,96.7004023325
2033.5151572922,96.8251312347
2034.2291724457,95.8642095221
2034.9431875993,96.2965291541
2035.6572027528,96.6695432119
2036.3712179064,96.0191464849
2037.0852330599,96.1537976520
2037.7992482134,96.3964987029
2038.5132633670,96.8138573472
2039.2272785205,97.4151559807
2039.9412936741,96.6876639051
2040.6553088276,96.0754835745
2041.3693239812,96.4109422555
2042.0833391347,96.6628807048
2042.7973542883,97.1145508225
2043.5113694418,96.8978626035
2044.2253845953,96.1477100709
2044.9393997489,96.3155486460
2045.6534149024,96.4410018844
2046.3674300560,96.4923582601
2047.0814452095,96.7166613628
2047.7954603631,96.0662075064
2048.5094755166,95.9576959058
2049.2234906701,96.7854473115
2049.9375058237,96.6554885398
2050.6515209772,96.1812145967
2051.3655361308,96.1597876092
2052.0795512843,96.2721803605
2052.7935664379,96.5703877629
2053.5075815914,96.5546922842
2054.2215967449,96.3643601719
2054.9356118985,96.3865386484
2055.6496270520,96.2851608533
2056.3636422056,96.5934150933
2057.0776573591,96.9003782138
2057.7916725127,96.3643497041
2058.5056876662,96.3930297063
2059.2197028198,97.0163825372
2059.9337179733,96.7128736460
2060.6477331268,96.2939200073
2061.3617482804,96.3529636764
2062.0757634339,96.3272190412
2062.7897785875,96.5962629458
2063.5037937410,96.7341463925
2064.2178088946,96.5435188648
2064.9318240481,96.9151972724
2065.6458392016,97.0247883878
2066.3598543552,96.5615209543
2067.0738695087,96.6939724296
2067.7878846623,96.7344889095
2068.5018998158,96.3769533639
2069.2159149694,96.4770578589
2069.9299301229,96.4298098257
2070.6439452765,96.3067379658
2071.3579604300,96.5952542325
2072.0719755835,96.5447655711
2072.7859907371,96.4313154208
2073.5000058906,96.4413128989
2074.2140210442,96.2458300241
2074.9280361977,96.5120753092
2075.6420513513,96.5573167469
2076.3560665048,96.0705907654
2077.0700816583,96.4220979995
2077.7840968119,96.7197874805
2078.4981119654,96.4156757586
2079.2121271190,96.6852696283
2079.9261422725,96.6360118087
2080.6401574261,96.2032288931
2081.3541725796,96.4565299821
2082.0681877331,96.5498616480
2082.7822028867,96.4832907504
2083.4962180402,96.6379780654
2084.2102331938,96.4544253883
2084.9242483473,96.4995218689
2085.6382635009,96.6239066612
2086.3522786544,96.3591775629
2087.0662938080,96.4474706670
2087.7803089615,96.4039315825
2088.4943241150,96.2636878505
2089.2083392686,96.7966227318
2089.9223544221,96.6373074833
2090.6363695757,95.9530338121
2091.3503847292,96.3931727269
2092.0643998828,96.8287004036
2092.7784150363,96.5476039413
2093.4924301898,96.5369160267
2094.2064453434,96.7001135874
2094.9204604969,96.6722983085
2095.6344756505,96.5156357309
2096.3484908040,96.3547368959
2097.0625059576,96.3437535846
2097.7765211111,96.2640935422
2098.4905362647,96.2700448501
2099.2045514182,96.5310592561
2099.9185665717,96.5801470018
2100.6325817253,96.5010406868
2101.3465968788,96.4333845564
2102.0606120324,96.2837632640
2102.7746271859,96.4111369837
2103.4886423395,96.5994717255
2104.2026574930,96.5311265829
2104.9166726465,96.5568800270
2105.6306878001,96.4855638771
2106.3447029536,96.2321384495
2107.0587181072,96.2849342389
2107.7727332607,96.3687659566
2108.4867484143,96.3066253760
2109.2007635678,96.3680323484
2109.9147787213,96.3288745856
2110.6287938749,96.3136129845
2111.3428090284,96.5208115573
2112.0568241820,96.4342601726
2112.7708393355,96.2902291914
2113.4848544891,96.5018957332
2114.1988696426,96.4360977100
2114.9128847962,96.2908551470
2115.6268999497,96.6208368392
2116.3409151032,96.6812887361
2117.0549302568,96.4221124823
2117.7689454103,96.4926971503
2118.4829605639,96.5420022373
2119.1969757174,96.5169789556
2119.9109908710,96.6809728737
2120.6250060245,96.7780752972
2121.3390211780,96.9202398917
2122.0530363316,96.8600648590
2122.7670514851,96.3337422988
2123.4810666387,96.2966145514
2124.1950817922,96.8142494545
2124.9090969458,96.7877242143
2125.6231120993,96.5532801751
2126.3371272529,96.8541961300
2127.0511424064,97.1020137544
2127.7651575599,96.8447546202
2128.4791727135,96.7390197670
2129.1931878670,96.9901879112
2129.9072030206,96.9526591326
2130.6212181741,96.8912067539
2131.3352333277,97.1721548510
2132.0492484812,97.0952185121
2132.7632636347,96.9784501379
2133.4772787883,97.2341137708
2134.1912939418,96.9895121034
2134.9053090954,96.7524400838
2135.6193242489,97.0556178214
2136.3333394025,96.8208048050
2137.0473545560,96.6053809437
2137.7613697095,97.1678400653
2138.4753848631,97.2093530800
2139.1894000166,96.6987041652
2139.9034151702,96.6811478895
2140.6174303237,96.7901793872
2141.3314454773,96.7271666462
2142.0454606308,96.6559332107
2142.7594757844,96.5780347663
2143.4734909379,96.9346867178
2144.1875060914,97.4612319979
2144.9015212450,97.1205792944
2145.6155363985,96.5460644779
2146.3295515521,96.9335934937
2147.0435667056,97.3462053565
2147.7575818592,96.9606461953
2148.4715970127,96.7822532913
2149.1856121662,97.0176781755
2149.8996273198,97.1264949018
2150.6136424733,97.2328602872
2151.3276576269,97.1101548338
2152.0416727804,96.7648113321
2152.7556879340,96.7603432083
2153.4697030875,96.8224902714
2154.1837182411,97.0555931506
2154.8977333946,97.9978652560
2155.6117485481,97.7971769968
2156.3257637017,96.2933476946
2157.0397788552,96.8103892584
2157.7537940088,98.3122277352
2158.4678091623,97.4433697876
2159.1818243159,96.2793367102
2159.8958394694,96.0003807196
2160.6098546229,95.6813512179
2161.3238697765,96.2699122063
2162.0378849300,96.5542388046
2162.7519000836,95.9978937806
2163.4659152371,95.9643488556
2164.1799303907,95.8291701421
2164.8939455442,96.0871605182
2165.6079606978,96.6576495517
2166.3219758513,96.1134043661
2167.0359910048,95.9486677962
2167.7500061584,96.2911216318
2168.4640213119,96.1334266016
2169.1780364655,96.5115758345
2169.8920516190,96.4265695393
2170.6060667726,95.9364274180
2171.3200819261,96.6136628625
2172.0340970796,96.3905577677
2172.7481122332,95.9359713093
2173.4621273867,96.8811258912
2174.1761425403,96.3845575638
2174.8901576938,95.7795370957
2175.6041728474,96.6561214078
2176.3181880009,96.0668277189
2177.0322031544,95.4866837131
2177.7462183080,96.1510808168
2178.4602334615,96.2359773376
2179.1742486151,96.6986700489
2179.8882637686,97.3721454073
2180.6022789222,97.2055850722
2181.3162940757,97.0702237539
2182.0303092293,96.6292697267
2182.7443243828,96.7148444291
2183.4583395363,96.8834461256
2184.1723546899,96.0234289829
2184.8863698434,96.3792746424
2185.6003849970,96.9449190181
2186.3144001505,96.1702300435
2187.0284153041,96.4250596732
2187.7424304576,96.5692115772
2188.4564456111,95.8579026413
2189.1704607647,96.2741925764
2189.8844759182,96.3663515604
2190.5984910718,96.0046130213
2191.3125062253,96.4735985506
2192.0265213789,96.3238450986
2192.7405365324,96.0294833992
2193.4545516860,96.4048504887
2194.1685668395,96.5740543297
2194.8825819930,96.7266221222
2195.5965971466,96.5517874228
2196.3106123001,96.2316108502
2197.0246274537,96.3369093704
2197.7386426072,96.3358852927
2198.4526577608,96.5044405084
2199.1666729143,96.5174137297
2199.8806880678,96.1007216712
2200.5947032214,96.3578055166
2201.3087183749,96.4258822576
2202.0227335285,96.1056788680
2202.7367486820,96.6636939305
2203.4507638356,96.7207496637
2204.1647789891,96.1130224938
2204.8787941426,96.1749336372
2205.5928092962,96.3129708568
2206.3068244497,96.5305069282
2207.0208396033,96.8650329213
2207.7348547568,96.5045042773
2208.4488699104,96.0863506232
2209.1628850639,96.0806288762
2209.8769002175,96.1338202064
2210.5909153710,96.2828168159
2211.3049305245,96.5911382256
2212.0189456781,96.8748723253
2212.7329608316,96.5539795758
2213.4469759852,96.2035878613
2214.1609911387,96.4788955452
2214.8750062923,96.4635734731
2215.5890214458,96.3413523391
2216.3030365993,96.5212702431
2217.0170517529,96.2966286006
2217.7310669064,96.1802107750
2218.4450820600,96.1833042619
2219.1590972135,95.9990391323
2219.8731123671,96.2515197561
2220.5871275206,96.2634161009
2221.3011426742,96.0026744482
2222.0151578277,96.2798334143
2222.7291729812,96.1951418214
2223.4431881348,96.0278696932
2224.1572032883,96.2978163291
2224.8712184419,96.0492303179
2225.5852335954,95.9159962346
2226.2992487490,96.3186254090
2227.0132639025,96.4772297891
2227.7272790560,96.6515293410
2228.4412942096,96.6133282884
2229.1553093631,96.3712549146
2229.8693245167,96.4175820379
2230.5833396702,96.4974890441
2231.2973548238,96.5069473994
2232.0113699773,96.2726195205
2232.7253851308,96.1297935999
2233.4394002844,96.4196174752
2234.1534154379,96.2550165543
2234.8674305915,96.1289324255
2235.5814457450,96.5406922824
2236.2954608986,96.2646542595
2237.0094760521,96.0464277353
2237.7234912057,96.3813978262
2238.4375063592,96.1525176909
2239.1515215127,96.0574686296
2239.8655366663,96.2731912575
2240.5795518198,96.1989423923
2241.2935669734,96.4449938521
2242.0075821269,96.5114540191
2242.7215972805,96.2450998812
2243.4356124340,96.3541046033
2244.1496275875,96.4261207387
2244.8636427411,96.4243221710
2245.5776578946,96.3826850525
2246.2916730482,96.1357608630
2247.0056882017,96.2274872656
2247.7197033553,96.3588844447
2248.4337185088,96.1936578551
2249.1477336624,96.2312874352
2249.8617488159,96.4155111702
2250.5757639694,96.5318861856
2251.2897791230,96.3473653276
2252.0037942765,96.1695495095
2252.7178094301,96.4509053939
2253.4318245836,96.3566742321
2254.1458397372,95.8554146167
2254.8598548907,96.0101877200
2255.5738700442,96.1938821144
2256.2878851978,96.1096841309
2257.0019003513,96.2234067923
2257.7159155049,95.8606762361
2258.4299306584,95.7004976575
2259.1439458120,96.3700577983
2259.8579609655,96.3190218230
2260.5719761190,95.7804482425
2261.2859912726,95.9939027305
2262.0000064261,96.2951108357
2262.7140215797,96.1314034920
2263.4280367332,96.0190545182
2264.1420518868,96.2065244184
2264.8560670403,96.1855920928
2265.5700821939,95.8928001245
2266.2840973474,95.9063300384
2266.9981125009,95.9560274271
2267.7121276545,95.8336677121
2268.4261428080,95.9849772305
2269.1401579616,96.0609367639
2269.8541731151,96.0175168471
2270.5681882687,96.1629201884
2271.2822034222,96.0713599875
2271.9962185757,95.8782803723
2272.7102337293,95.8499404565
2273.4242488828,95.7840986350
2274.1382640364,95.8067093526
2274.8522791899,95.8265044211
2275.5662943435,95.7841929210
2276.2803094970,95.8787056961
2276.9943246506,95.8056692817
2277.7083398041,95.6904159103
2278.4223549576,95.8240846864
2279.1363701112,95.8738739943
2279.8503852647,95.8310137213
2280.5644004183,95.7978837619
2281.2784155718,95.8008879381
2281.9924307254,95.8761093316
2282.7064458789,95.8135056157
2283.4204610324,95.7804568715
2284.1344761860,95.7758153488
2284.8484913395,95.6060554269
2285.5625064931,95.7387038696
2286.2765216466,96.0130174433
2286.9905368002,95.9025766579
2287.7045519537,95.8310098092
2288.4185671072,95.8324332766
2289.1325822608,95.7924265610
2289.8465974143,95.9144111863
2290.5606125679,95.8959806024
2291.2746277214,95.8809250194
2291.9886428750,96.0003925755
2292.7026580285,95.8560011318
2293.4166731821,95.7643716448
2294.1306883356,95.9222387055
2294.8447034891,95.9775428270
2295.5587186427,96.0601747179
2296.2727337962,96.0382308140
2296.9867489498,95.9057333923
2297.7007641033,95.9637001345
2298.4147792569,95.9948458394
2299.1287944104,95.8832332200
2299.8428095639,95.8914357072
2300.5568247175,96.0219598317
2301.2708398710,96.0847992070
2301.9848550246,96.0491139415
2302.6988701781,96.0837802459
2303.4128853317,96.0433882443
2304.1269004852,95.9819701041
2304.8409156388,96.1224788530
2305.5549307923,96.0421621763
2306.2689459458,95.8708869419
2306.9829610994,95.9813014990
2307.6969762529,96.0290417894
2308.4109914065,96.0341569682
2309.1250065600,95.9547243765
2309.8390217136,95.7889633775
2310.5530368671,96.0208778506
2311.2670520206,96.1133705807
2311.9810671742,95.7973043239
2312.6950823277,95.9977039283
2313.4090974813,95.9732901347
2314.1231126348,95.7493650171
2314.8371277884,96.1279385880
2315.5511429419,96.0522297474
2316.2651580955,95.8581833285
2316.9791732490,95.9740032428
2317.6931884025,95.6453596316
2318.4072035561,95.8034661835
2319.1212187096,96.2315575519
2319.8352338632,95.7291810045
2320.5492490167,95.8700201291
2321.2632641703,95.9826245177
2321.9772793238,95.4667138076
2322.6912944773,95.6994420598
2323.4053096309,95.7096883732
2324.1193247844,95.4043300994
2324.8333399380,95.9338638035
2325.5473550915,96.0898373216
2326.2613702451,95.9686291808
2326.9753853986,96.3251165873
2327.6894005521,96.0638942977
2328.4034157057,96.0774726560
2329.1174308592,96.3691276831
2329.8314460128,95.9347775254
2330.5454611663,95.9792412315
2331.2594763199,96.1055853290
2331.9734914734,95.8285509429
2332.6875066270,96.0707711800
2333.4015217805,96.1808793898
2334.1155369340,96.1382465111
2334.8295520876,96.2449829073
2335.5435672411,95.8988370877
2336.2575823947,95.9450421731
2336.9715975482,96.2649842414
2337.6856127018,95.9893356020
2338.3996278553,96.0294039572
2339.1136430088,96.1901989400
2339.8276581624,95.9762329429
2340.5416733159,95.8885712754
2341.2556884695,95.8758119297
2341.9697036230,96.0468797007
2342.6837187766,96.1580897695
2343.3977339301,95.8892732321
2344.1117490837,95.8989072452
2344.8257642372,96.0023145369
2345.5397793907,96.0324189703
2346.2537945443,96.2204534123
2346.9678096978,96.1370109788
2347.6818248514,96.1381450152
2348.3958400049,96.2829968662
2349.1098551585,96.1267198329
2349.8238703120,96.0306385198
2350.5378854655,96.0963641115
2351.2519006191,96.0369720972
2351.9659157726,96.2288576822
2352.6799309262,96.2231232894
2353.3939460797,96.0478157420
2354.1079612333,96.3049946990
2354.8219763868,96.2373474740
2355.5359915403,96.0608817570
2356.2500066939,96.1865815731
2356.9640218474,96.0707082359
2357.6780370010,95.9965119658
2358.3920521545,95.9630881152
2359.1060673081,95.9366901452
2359.8200824616,96.0854162155
2360.5340976152,95.9905282368
2361.2481127687,96.1026295741
2361.9621279222,96.2572247303
2362.6761430758,95.7979864982
2363.3901582293,95.7366871001
2364.1041733829,96.0055218973
2364.8181885364,95.9166736189
2365.5322036900,95.8667573393
2366.2462188435,95.7313464575
2366.9602339970,95.7172376880
2367.6742491506,95.8565465415
2368.3882643041,95.6602620937
2369.1022794577,95.6676837819
2369.8162946112,95.7247806214
2370.5303097648,95.4321225938
2371.2443249183,95.5221514860
2371.9583400719,95.6737454519
2372.6723552254,95.4269370849
2373.3863703789,95.4644545512
2374.1003855325,95.5888545505
2374.8144006860,95.5142578190
2375.5284158396,95.6665059002
2376.2424309931,95.7482685451
2376.9564461467,95.5757871808
2377.6704613002,95.5395486642
2378.3844764537,95.6534719844
2379.0984916073,95.7276356922
2379.8125067608,95.7241870761
2380.5265219144,95.7094056413
2381.2405370679,95.7761744688
2381.9545522215,95.8837102826
2382.6685673750,95.9499105745
2383.3825825285,95.9625989370
2384.0965976821,96.0081995298
2384.8106128356,96.0490646200
2385.5246279892,95.9621949131
2386.2386431427,95.9813146869
2386.9526582963,96.0003789437
2387.6666734498,96.0472633158
2388.3806886034,95.9778696206
2389.0947037569,95.8795263408
2389.8087189104,95.9191661112
2390.5227340640,95.9601017931
2391.2367492175,96.0724505263
2391.9507643711,96.0866209433
2392.6647795246,96.0581775707
2393.3787946782,96.0712140303
2394.0928098317,96.0025923323
2394.8068249852,95.9580240409
2395.5208401388,96.0368674417
2396.2348552923,95.9994424302
2396.9488704459,95.9467401510
2397.6628855994,96.0035858756
2398.3769007530,96.0841269455
2399.0909159065,96.2965521925
2399.8049310601,96.2000815988
2400.5189462136,96.1106328651
2401.2329613671,96.0908970316
2401.9469765207,96.1613598055
2402.6609916742,96.2279570899
2403.3750068278,96.1214318392
2404.0890219813,96.0847420188
2404.8030371349,96.0934788638
2405.5170522884,96.0298747331
2406.2310674419,96.0298153636
2406.9450825955,96.0391732570
2407.6590977490,96.0630093061
2408.3731129026,96.0819647352
2409.0871280561,96.0336379470
2409.8011432097,96.0768256736
2410.5151583632,96.0974224201
2411.2291735167,96.0510002807
2411.9431886703,96.0958743574
2412.6572038238,96.0666782748
2413.3712189774,95.9909675255
2414.0852341309,95.9445658082
2414.7992492845,95.8853371305
2415.5132644380,95.9986345775
2416.2272795916,96.0666803138
2416.9412947451,95.9167383353
2417.6553098986,95.9469106796
2418.3693250522,96.0495903415
2419.0833402057,96.0327556109
2419.7973553593,96.1001970733
2420.5113705128,96.1033779077
2421.2253856664,96.0078951345
2421.9394008199,95.9922324264
2422.6534159734,95.9922708900
2423.3674311270,96.0220869907
2424.0814462805,96.1161247029
2424.7954614341,96.1268958219
2425.5094765876,95.9865710211
2426.2234917412,95.9264947255
2426.9375068947,96.1115592059
2427.6515220483,96.1862035214
2428.3655372018,96.0814425825
2429.0795523553,96.1177479335
2429.7935675089,96.0823746272
2430.5075826624,95.9854361822
2431.2215978160,96.0759774335
2431.9356129695,96.0646671889
2432.6496281231,95.9540886111
2433.3636432766,95.9623718179
2434.0776584301,95.9915861935
2434.7916735837,96.0235352503
2435.5056887372,95.9846518745
2436.2197038908,95.9367197100
2436.9337190443,95.9658826092
2437.6477341979,95.8648831779
2438.3617493514,95.8901206790
2439.0757645050,96.0799686974
2439.7897796585,95.9150383191
2440.5037948120,95.7486307090
2441.2178099656,95.8719585764
2441.9318251191,95.8558785213
2442.6458402727,95.8313021263
2443.3598554262,95.9231967541
2444.0738705798,95.8749780338
2444.7878857333,95.8506466283
2445.5019008868,95.9872286653
2446.2159160404,96.0885758850
2446.9299311939,95.9908596724
2447.6439463475,95.8162760646
2448.3579615010,95.8159201207
2449.0719766546,95.8916753550
2449.7859918081,95.9307221085
2450.5000069616,95.9681777636
2451.2140221152,95.9345869239
2451.9280372687,95.9547581105
2452.6420524223,95.9905648240
2453.3560675758,95.8876113767
2454.0700827294,95.8529439168
2454.7840978829,95.8402642112
2455.4981130365,95.7964384725
2456.2121281900,95.8797278371
2456.9261433435,95.8914576703
2457.6401584971,95.8691192410
2458.3541736506,95.9174500836
2459.0681888042,95.8399539895
2459.7822039577,95.8800976966
2460.4962191113,96.0136306881
2461.2102342648,95.9292099399
2461.9242494183,95.8948967587
2462.6382645719,95.9226809686
2463.3522797254,95.9408226258
2464.0662948790,96.0224708332
2464.7803100325,95.8926080844
2465.4943251861,95.8510944096
2466.2083403396,96.0384060184
2466.9223554932,95.8938558054
2467.6363706467,95.7849477689
2468.3503858002,95.9602639560
2469.0644009538,95.9481795417
2469.7784161073,95.9913002900
2470.4924312609,96.0468556563
2471.2064464144,95.8460506273
2471.9204615680,95.8334071141
2472.6344767215,95.9355877603
2473.3484918750,95.9322737449
2474.0625070286,95.9870549347
2474.7765221821,95.8541884311
2475.4905373357,95.7232229498
2476.2045524892,95.9377219574
2476.9185676428,96.0262727429
2477.6325827963,95.9155065024
2478.3465979498,95.9147092877
2479.0606131034,95.9332712810
2479.7746282569,95.9441748196
2480.4886434105,95.9316490924
2481.2026585640,95.8808958739
2481.9166737176,95.9073407338
2482.6306888711,95.8876581257
2483.3447040247,95.8198423783
2484.0587191782,95.8778363430
2484.7727343317,95.8756717101
2485.4867494853,95.8253989794
2486.2007646388,95.9645433900
2486.9147797924,95.9823327855
2487.6287949459,95.7714706567
2488.3428100995,95.8098052744
2489.0568252530,95.9156181112
2489.7708404065,95.7367035449
2490.4848555601,95.6910789775
2491.1988707136,95.7980925206
2491.9128858672,95.7583484679
2492.6269010207,95.8611154296
2493.3409161743,95.9885245802
2494.0549313278,95.8257240019
2494.7689464814,95.7821025113
2495.4829616349,95.8932660013
2496.1969767884,95.8548466127
2496.9109919420,95.8450332894
2497.6250070955,95.8243000230
2498.3390222491,95.6694203719
2499.0530374026,95.6611354877
2499.7670525562,95.8081686881
2500.4810677097,95.8464354476
2501.1950828632,95.8414682623
2501.9090980168,95.9343632420
2502.6231131703,95.9368257336
2503.3371283239,95.7852862875
2504.0511434774,95.8220397809
2504.7651586310,95.9756193260
2505.4791737845,95.9101160108
2506.1931889380,95.8095307799
2506.9072040916,95.7507732433
2507.6212192451,95.6552174277
2508.3352343987,95.7184758953
2509.0492495522,95.8482698540
2509.7632647058,95.8570319394
2510.4772798593,95.8515807264
2511.1912950129,95.8131054118
2511.9053101664,95.7988956231
2512.6193253199,95.8409470087
2513.3333404735,95.7591257472
2514.0473556270,95.7156434179
2514.7613707806,95.8570760464
2515.4753859341,95.8968455625
2516.1894010877,95.7931245627
2516.9034162412,95.7939680915
2517.6174313947,95.8405896335
2518.3314465483,95.7310668292
2519.0454617018,95.6881372917
2519.7594768554,95.8386401570
2520.4734920089,95.7958133857
2521.1875071625,95.6748579583
2521.9015223160,95.8311942092
2522.6155374696,95.9012597652
2523.3295526231,95.8287628344
2524.0435677766,95.8899005540
2524.7575829302,95.8852424087
2525.4715980837,95.8781306073
2526.1856132373,95.9295259130
2526.8996283908,95.8583056011
2527.6136435444,95.9080391481
2528.3276586979,95.9438794534
2529.0416738514,95.7427649742
2529.7556890050,95.7772370295
2530.4697041585,95.8889519397
2531.1837193121,95.7066304843
2531.8977344656,95.7091008156
2532.6117496192,95.8774857958
2533.3257647727,95.8518449760
2534.0397799262,95.8948187302
2534.7537950798,95.9723661977
2535.4678102333,95.8332695869
2536.1818253869,95.7522035889
2536.8958405404,95.8250589079
2537.6098556940,95.7482487800
2538.3238708475,95.6154021545
2539.0378860011,95.7285463153
2539.7519011546,95.8813293219
2540.4659163081,95.8205630556
2541.1799314617,95.7593672574
2541.8939466152,95.7746718399
2542.6079617688,95.7612746657
2543.3219769223,95.7755937660
2544.0359920759,95.7979839022
2544.7500072294,95.8434559659
2545.4640223829,95.9366260058
2546.1780375365,95.8802995958
2546.8920526900,95.7526621581
2547.6060678436,95.7932372108
2548.3200829971,95.8218228427
2549.0340981507,95.6884071019
2549.7481133042,95.6091842184
2550.4621284578,95.6868398669
2551.1761436113,95.7693223224
2551.8901587648,95.7642580234
2552.6041739184,95.7799935041
2553.3181890719,95.8870150870
2554.0322042255,95.9632936339
2554.7462193790,95.8895383430
2555.4602345326,95.7597989669
2556.1742496861,95.7512556713
2556.8882648396,95.8119745119
2557.6022799932,95.8571813873
2558.3162951467,95.9187199295
2559.0303103003,95.8771790345
2559.7443254538,95.7463009761
2560.4583406074,95.7131933037
2561.1723557609,95.6997452656
2561.8863709144,95.7087534457
2562.6003860680,95.8085001626
2563.3144012215,95.7800527301
2564.0284163751,95.7010977485
2564.7424315286,95.7586354678
2565.4564466822,95.7700563329
2566.1704618357,95.7369694179
2566.8844769893,95.7501805866
2567.5984921428,95.7639683709
2568.3125072963,95.8032994659
2569.0265224499,95.7269066620
2569.7405376034,95.5989962391
2570.4545527570,95.6825330682
2571.1685679105,95.7329736655
2571.8825830641,95.7126107881
2572.5965982176,95.8980659767
2573.3106133711,95.9555280059
2574.0246285247,95.7756733835
2574.7386436782,95.7657915107
2575.4526588318,95.8284930973
2576.1666739853,95.7818015559
2576.8806891389,95.7765506474
2577.5947042924,95.7555815664
2578.3087194460,95.6632446851
2579.0227345995,95.6612757615
2579.7367497530,95.7100969326
2580.4507649066,95.6636332484
2581.1647800601,95.6304395217
2581.8787952137,95.6730973226
2582.5928103672,95.6113791079
2583.3068255208,95.5324333415
2584.0208406743,95.6273086502
2584.7348558278,95.7135369440
2585.4488709814,95.7333897896
2586.1628861349,95.7431227881
2586.8769012885,95.6515747553
2587.5909164420,95.6625125449
2588.3049315956,95.7834532752
2589.0189467491,95.6813092404
2589.7329619027,95.5961238982
2590.4469770562,95.7005867707
2591.1609922097,95.6866541430
2591.8750073633,95.6507326392
2592.5890225168,95.6808351636
2593.3030376704,95.6465810990
2594.0170528239,95.6657827969
2594.7310679775,95.6467237814
2595.4450831310,95.5721499104
2596.1590982845,95.6593352686
2596.8731134381,95.6525350807
2597.5871285916,95.5247278138
2598.3011437452,95.6060861518
2599.0151588987,95.6706199382
2599.7291740523,95.6058008328
2600.4431892058,95.5920914891
2601.1572043593,95.5505640525
2601.8712195129,95.5858335784
2602.5852346664,95.6707711271
2603.2992498200,95.5757056571
2604.0132649735,95.5807975472
2604.7272801271,95.7145718063
2605.4412952806,95.6454050676
2606.1553104342,95.6058046298
2606.8693255877,95.7016345795
2607.5833407412,95.6471165656
2608.2973558948,95.5477674507
2609.0113710483,95.5932232344
2609.7253862019,95.6791055139
2610.4394013554,95.6614242136
2611.1534165090,95.5961836229
2611.8674316625,95.6464776616
2612.5814468160,95.6894451455
2613.2954619696,95.6296707510
2614.0094771231,95.6250608561
2614.7234922767,95.5935623961
2615.4375074302,95.5474303017
2616.1515225838,95.6362112975
2616.8655377373,95.6261204080
2617.5795528909,95.5329946558
2618.2935680444,95.5856588585
2619.0075831979,95.5914525386
2619.7215983515,95.5878568362
2620.4356135050,95.7134837430
2621.1496286586,95.6868391072
2621.8636438121,95.5598846282
2622.5776589657,95.5686035940
2623.2916741192,95.5631901972
2624.0056892727,95.5175015457
2624.7197044263,95.5384970428
2625.4337195798,95.5378641527
2626.1477347334,95.4959196775
2626.8617498869,95.5086888649
2627.5757650405,95.5721715883
2628.2897801940,95.5930028599
2629.0037953475,95.5604116521
2629.7178105011,95.5462589501
2630.4318256546,95.5600361312
2631.1458408082,95.6024909747
2631.8598559617,95.6167945385
2632.5738711153,95.5367025704
2633.2878862688,95.5115150998
2634.0019014224,95.5630772500
2634.7159165759,95.5389639534
2635.4299317294,95.5403870715
2636.1439468830,95.5974635356
2636.8579620365,95.5679936947
2637.5719771901,95.5286067029
2638.2859923436,95.5340493974
2639.0000074972,95.5453009508
2639.7140226507,95.5782114155
2640.4280378042,95.5517317786
2641.1420529578,95.5007742641
2641.8560681113,95.5611011313
2642.5700832649,95.6234545729
2643.2840984184,95.5936337912
2643.9981135720,95.5647742704
2644.7121287255,95.5661273717
2645.4261438791,95.5427576345
2646.1401590326,95.5086963274
2646.8541741861,95.5446280369
2647.5681893397,95.5772193085
2648.2822044932,95.4898128256
2648.9962196468,95.4346075802
2649.7102348003,95.4831682417
2650.4242499539,95.5073666523
2651.1382651074,95.5641984595
2651.8522802609,95.6182357981
2652.5662954145,95.5158994168
2653.2803105680,95.4592376190
2653.9943257216,95.5857252697
2654.7083408751,95.6568398642
2655.4223560287,95.5965881083
2656.1363711822,95.5309045817
2656.8503863357,95.5038224624
2657.5644014893,95.5412342062
2658.2784166428,95.6077085312
2658.9924317964,95.6156958107
2659.7064469499,95.6015081684
2660.4204621035,95.6113886589
2661.1344772570,95.6053677075
2661.8484924106,95.6066249083
2662.5625075641,95.6173779039
2663.2765227176,95.5791691859
2663.9905378712,95.5755741267
2664.7045530247,95.6572167219
2665.4185681783,95.6871216268
2666.1325833318,95.6491751715
2666.8465984854,95.6520616841
2667.5606136389,95.6744464789
2668.2746287924,95.6322700018
2668.9886439460,95.5572006899
2669.7026590995,95.5742448906
2670.4166742531,95.6458081755
2671.1306894066,95.6410794588
2671.8447045602,95.6556697848
2672.5587197137,95.7203878479
2673.2727348673,95.6896105807
2673.9867500208,95.6495738959
2674.7007651743,95.6427432490
2675.4147803279,95.5465107195
2676.1287954814,95.5111698502
2676.8428106350,95.6246610327
2677.5568257885,95.6591349686
2678.2708409421,95.5920406569
2678.9848560956,95.5931266417
2679.6988712491,95.6309726936
2680.4128864027,95.5872534304
2681.1269015562,95.5331021302
2681.8409167098,95.5740337336
2682.5549318633,95.6192157170
2683.2689470169,95.6252244062
2683.9829621704,95.6512431495
2684.6969773239,95.6405881999
2685.4109924775,95.6107874601
2686.1250076310,95.6061627334
2686.8390227846,95.5697645157
2687.5530379381,95.5748195893
2688.2670530917,95.6058006974
2688.9810682452,95.5530495210
2689.6950833988,95.5382435479
2690.4090985523,95.5537960461
2691.1231137058,95.5174690845
2691.8371288594,95.5724107187
2692.5511440129,95.6367526429
2693.2651591665,95.5619426533
2693.9791743200,95.4999126282
2694.6931894736,95.5082772042
2695.4072046271,95.5161845161
2696.1212197806,95.5050043336
2696.8352349342,95.4819759974
2697.5492500877,95.5031027005
2698.2632652413,95.5160596919
2698.9772803948,95.4820645864
2699.6912955484,95.5076426284
2700.4053107019,95.5424178166
2701.1193258555,95.4995752799
2701.8333410090,95.4567093574
2702.5473561625,95.4823117631
2703.2613713161,95.5352313232
2703.9753864696,95.4803962668
2704.6894016232,95.4009428700
2705.4034167767,95.4712118748
2706.1174319303,95.4878992467
2706.8314470838,95.4104816902
2707.5454622373,95.4502721972
2708.2594773909,95.4741644318
2708.9734925444,95.4627130456
2709.6875076980,95.5000185398
2710.4015228515,95.4424154897
2711.1155380051,95.4417997923
2711.8295531586,95.5290686226
2712.5435683122,95.4317398177
2713.2575834657,95.3502724395
2713.9715986192,95.4134013560
2714.6856137728,95.4243021693
2715.3996289263,95.4470157900
2716.1136440799,95.4489140212
2716.8276592334,95.4055372559
2717.5416743870,95.4539738932
2718.2556895405,95.4217136553
2718.9697046940,95.3372424659
2719.6837198476,95.4062316732
2720.3977350011,95.4191556297
2721.1117501547,95.3774293580
2721.8257653082,95.4166640126
2722.5397804618,95.3622527925
2723.2537956153,95.3083283246
2723.9678107688,95.3593127462
2724.6818259224,95.3374206434
2725.3958410759,95.3193646788
2726.1098562295,95.3435918038
2726.8238713830,95.3028854518
2727.5378865366,95.3188157488
2728.2519016901,95.3584243636
2728.9659168437,95.3137408838
2729.6799319972,95.3204066853
2730.3939471507,95.3113434847
2731.1079623043,95.2108871996
2731.8219774578,95.2395089032
2732.5359926114,95.3300177215
2733.2500077649,95.2850114470
2733.9640229185,95.2760077555
2734.6780380720,95.3352563139
2735.3920532255,95.2912570181
2736.1060683791,95.2404269202
2736.8200835326,95.2472645626
2737.5340986862,95.2166013336
2738.2481138397,95.1920593476
2738.9621289933,95.1930586175
2739.6761441468,95.1965491179
2740.3901593004,95.2552918249
2741.1041744539,95.3024198121
2741.8181896074,95.2801538760
2742.5322047610,95.2467243002
2743.2462199145,95.1926918990
2743.9602350681,95.1683210314
2744.6742502216,95.2393234382
2745.3882653752,95.2644958740
2746.1022805287,95.1873779892
2746.8162956822,95.1542824192
2747.5303108358,95.1858215070
2748.2443259893,95.1953184305
2748.9583411429,95.2063200004
2749.6723562964,95.2380524890
2750.3863714500,95.2168232858
2751.1003866035,95.1862195860
2751.8144017570,95.2135405861
2752.5284169106,95.1919836066
2753.2424320641,95.1321831858
2753.9564472177,95.1443899841
2754.6704623712,95.1507713495
2755.3844775248,95.1394826863
2756.0984926783,95.1794674061
2756.8125078319,95.2001336574
2757.5265229854,95.1903016107
2758.2405381389,95.1781435152
2758.9545532925,95.1540044962
2759.6685684460,95.1666478606
2760.3825835996,95.1828826907
2761.0965987531,95.1572602143
2761.8106139067,95.1119056039
2762.5246290602,95.0374968917
2763.2386442137,95.0473739892
2763.9526593673,95.1661321081
2764.6666745208,95.1728684933
2765.3806896744,95.0910202327
2766.0947048279,95.0740995015
2766.8087199815,95.0663815456
2767.5227351350,95.0547752551
2768.2367502886,95.0575195751
2768.9507654421,95.0647645860
2769.6647805956,95.1077382882
2770.3787957492,95.1045545749
2771.0928109027,95.0273980669
2771.8068260563,95.0058437337
2772.5208412098,95.0376122285
2773.2348563634,95.0543110741
2773.9488715169,95.0471810169
2774.6628866704,95.0043121818
2775.3769018240,94.9847160316
2776.0909169775,95.0099237535
2776.8049321311,94.9716097580
2777.5189472846,94.9053485539
2778.2329624382,94.9357518845
2778.9469775917,94.9541545775
2779.6609927452,94.8911927935
2780.3750078988,94.8870861308
2781.0890230523,94.8794253145
2781.8030382059,94.8309085554
2782.5170533594,94.9353987868
2783.2310685130,95.0229529963
2783.9450836665,94.9206433350
2784.6590988201,94.8908976479
2785.3731139736,94.9041339774
2786.0871291271,94.8500758973
2786.8011442807,94.8980998888
2787.5151594342,94.9233607446
2788.2291745878,94.8853550594
2788.9431897413,94.9414614989
2789.6572048949,94.9023998596
2790.3712200484,94.7957173801
2791.0852352019,94.8163633059
2791.7992503555,94.8273470030
2792.5132655090,94.8747817545
2793.2272806626,94.9599292665
2793.9412958161,94.8829528699
2794.6553109697,94.8411855344
2795.3693261232,94.9053724946
2796.0833412768,94.8410397919
2796.7973564303,94.7847377807
2797.5113715838,94.8552096965
2798.2253867374,94.8595764245
2798.9394018909,94.7819774006
2799.6534170445,94.7837489432
2800.3674321980,94.8462061123
2801.0814473516,94.8092058884
2801.7954625051,94.7404600854
2802.5094776586,94.7666772166
2803.2234928122,94.7787021364
2803.9375079657,94.7883043459
2804.6515231193,94.8183068067
2805.3655382728,94.7433588808
2806.0795534264,94.7015222735
2806.7935685799,94.7464301524
2807.5075837334,94.7151629055
2808.2215988870,94.7100896430
2808.9356140405,94.7424429709
2809.6496291941,94.7131008559
2810.3636443476,94.7184243581
2811.0776595012,94.7070212022
2811.7916746547,94.6746360791
2812.5056898083,94.7293368761
2813.2197049618,94.7386792954
2813.9337201153,94.7126647016
2814.6477352689,94.7454413345
2815.3617504224,94.7208875407
2816.0757655760,94.7030701887
2816.7897807295,94.7617851690
2817.5037958831,94.7640949509
2818.2178110366,94.7022146160
2818.9318261901,94.6343831431
2819.6458413437,94.6367193744
2820.3598564972,94.7347723423
2821.0738716508,94.7739533981
2821.7878868043,94.7373954798
2822.5019019579,94.7046749049
2823.2159171114,94.6407570125
2823.9299322650,94.5959230216
2824.6439474185,94.5886659566
2825.3579625720,94.5695326391
2826.0719777256,94.5755150281
2826.7859928791,94.5640691190
2827.5000080327,94.5301375151
2828.2140231862,94.5679932677
2828.9280383398,94.5998296163
2829.6420534933,94.5589389353
2830.3560686468,94.5042630236
2831.0700838004,94.4535075203
2831.7840989539,94.4831402622
2832.4981141075,94.5816848737
2833.2121292610,94.5636137399
2833.9261444146,94.4570482857
2834.6401595681,94.4113027536
2835.3541747217,94.4126033187
2836.0681898752,94.4411275703
2836.7822050287,94.4320399269
2837.4962201823,94.3298791613
2838.2102353358,94.2934659418
2838.9242504894,94.3095977138
2839.6382656429,94.2245485650
2840.3522807965,94.1763217173
2841.0662959500,94.1517379932
2841.7803111035,94.0044846487
2842.4943262571,93.9485817444
2843.2083414106,93.9884624386
2843.9223565642,93.9006757821
2844.6363717177,93.7947630049
2845.3503868713,93.7041828662
2846.0644020248,93.5859386912
2846.7784171783,93.5036882304
2847.4924323319,93.3486967588
2848.2064474854,93.2138347686
2848.9204626390,93.2129505261
2849.6344777925,93.1210335404
2850.3484929461,93.0092263823
2851.0625080996,93.0064378995
2851.7765232532,93.0312672766
2852.4905384067,93.1290312736
2853.2045535602,93.1521446410
2853.9185687138,93.1549886184
2854.6325838673,93.3557951398
2855.3465990209,93.3894006647
2856.0606141744,93.3275617259
2856.7746293280,93.5289113213
2857.4886444815,93.5641956780
2858.2026596350,93.5116531271
2858.9166747886,93.7500049152
2859.6306899421,93.8416197746
2860.3447050957,93.8175314437
2861.0587202492,93.9508201044
2861.7727354028,93.9295868263
2862.4867505563,93.9177999052
2863.2007657099,94.1026359561
2863.9147808634,94.1632173476
2864.6287960169,94.1779638499
2865.3428111705,94.2568079476
2866.0568263240,94.2671205206
2866.7708414776,94.2932381275
2867.4848566311,94.3361416785
2868.1988717847,94.3395148583
2868.9128869382,94.3328152141
2869.6269020917,94.3067972305
2870.3409172453,94.3494310763
2871.0549323988,94.3922441840
2871.7689475524,94.3094175586
2872.4829627059,94.2864482456
2873.1969778595,94.3648078800
2873.9109930130,94.4242671507
2874.6250081665,94.4745026925
2875.3390233201,94.4779690979
2876.0530384736,94.5104196924
2876.7670536272,94.6252405103
2877.4810687807,94.6441184181
2878.1950839343,94.6783086910
2878.9090990878,94.8984940602
2879.6231142414,95.0467599578
2880.3371293949,95.0524552095
2881.0511445484,95.1882484800
2881.7651597020,95.4322341704
2882.4791748555,95.5286765016
2883.1931900091,95.4891161017
2883.9072051626,95.4990262450
2884.6212203162,95.5154324505
2885.3352354697,95.4449162652
2886.0492506232,95.3887851886
2886.7632657768,95.4237021274
2887.4772809303,95.5177491320
2888.1912960839,95.5604138392
2888.9053112374,95.4873703575
2889.6193263910,95.4084037669
2890.3333415445,95.3513378441
2891.0473566981,95.3213141368
2891.7613718516,95.3556551354
2892.4753870051,95.2661156836
2893.1894021587,95.1151977476
2893.9034173122,95.1447618272
2894.6174324658,95.0890614332
2895.3314476193,94.9231751726
2896.0454627729,94.9818437782
2896.7594779264,94.9805357919
2897.4734930799,94.7819733407
2898.1875082335,94.8098898227
2898.9015233870,94.9183654659
2899.6155385406,94.8014432548
2900.3295536941,94.7195675519
2901.0435688477,94.7240061274
2901.7575840012,94.6132439207
2902.4715991547,94.4995975678
2903.1856143083,94.4898146673
2903.8996294618,94.4925885932
2904.6136446154,94.4570578621
2905.3276597689,94.3803062380
2906.0416749225,94.3136628365
2906.7556900760,94.2934637799
2907.4697052296,94.2254760247
2908.1837203831,94.0935335688
2908.8977355366,93.9826269677
2909.6117506902,93.8765048998
2910.3257658437,93.7843986939
2911.0397809973,93.7175009150
2911.7537961508,93.5732921424
2912.4678113044,93.3998379204
2913.1818264579,93.2986455422
2913.8958416114,93.1610232908
2914.6098567650,92.9743333970
2915.3238719185,92.8505264880
2916.0378870721,92.7569097443
2916.7519022256,92.6828655908
2917.4659173792,92.6199759904
2918.1799325327,92.4756483535
2918.8939476863,92.4008663845
2919.6079628398,92.4685949814
2920.3219779933,92.3800487469
2921.0359931469,92.2411912651
2921.7500083004,92.3433919718
2922.4640234540,92.3830315238
2923.1780386075,92.2553991848
2923.8920537611,92.2724242110
2924.6060689146,92.3591501505
2925.3200840681,92.4099203061
2926.0340992217,92.5126339124
2926.7481143752,92.5956927926
2927.4621295288,92.6537977609
2928.1761446823,92.7235098786
2928.8901598359,92.7857402027
2929.6041749894,92.8960928872
2930.3181901429,92.9869093717
2931.0322052965,93.0329481757
2931.7462204500,93.1511440530
2932.4602356036,93.2513257039
2933.1742507571,93.3177373914
2933.8882659107,93.4775255557
2934.6022810642,93.5879063983
2935.3162962178,93.6088328179
2936.0303113713,93.7015253633
2936.7443265248,93.7995362645
2937.4583416784,93.9058778948
2938.1723568319,94.0906482693
2938.8863719855,94.1798445732
2939.6003871390,94.1851755204
2940.3144022926,94.2577495965
2941.0284174461,94.3430537292
2941.7424325996,94.4679985526
2942.4564477532,94.6179451300
2943.1704629067,94.6924041652
2943.8844780603,94.8065701636
2944.5984932138,94.9401639616
2945.3125083674,95.0468866321
2946.0265235209,95.2773440246
2946.7405386745,95.4588149950
2947.4545538280,95.4835413135
2948.1685689815,95.5398306421
2948.8825841351,95.5523124427
2949.5965992886,95.6097849898
2950.3106144422,95.7865605878
2951.0246295957,95.7749788609
2951.7386447493,95.7781875865
2952.4526599028,95.9906265150
2953.1666750563,96.0593991292
2953.8806902099,96.0781341221
2954.5947053634,96.1688558803
2955.3087205170,96.1945950199
2956.0227356705,96.3260010858
2956.7367508241,96.4230674904
2957.4507659776,96.3837290484
2958.1647811312,96.5610936365
2958.8787962847,96.7730483721
2959.5928114382,96.8083035481
2960.3068265918,96.9065130289
2961.0208417453,97.0062634199
2961.7348568989,97.0576996299
2962.4488720524,97.1773683402
2963.1628872060,97.3294038300
2963.8769023595,97.4706097094
2964.5909175130,97.5848328053
2965.3049326666,97.8344435397
2966.0189478201,98.1205013005
2966.7329629737,98.1061243582
2967.4469781272,98.1734128635
2968.1609932808,98.3956931461
2968.8750084343,98.4415088203
2969.5890235878,99.0757182381
2970.3030387414,100.2488974726
2971.0170538949,100.4144118487
2971.7310690485,99.6957755573
2972.4450842020,99.3643893080
2973.1590993556,99.4214836860
2973.8731145091,99.4041504599
2974.5871296627,99.3597858157
2975.3011448162,99.4730521530
2976.0151599697,99.6002432901
2976.7291751233,99.7280899398
2977.4431902768,100.1530351256
2978.1572054304,100.5840731003
2978.8712205839,100.9247644041
2979.5852357375,101.4400299950
2980.2992508910,101.5690851279
2981.0132660445,101.7793645579
2981.7272811981,102.7002531695
2982.4412963516,102.2711293306
2983.1553115052,100.2604101503
2983.8693266587,99.3004989855
2984.5833418123,99.1966771149
2985.2973569658,98.8160030039
2986.0113721194,98.7464456202
2986.7253872729,98.7460465148
2987.4394024264,98.5083811684
2988.1534175800,98.4643024550
2988.8674327335,98.3889786665
2989.5814478871,98.3441376604
2990.2954630406,98.4503613698
2991.0094781942,98.3692611062
2991.7234933477,98.3308687206
2992.4375085012,98.3487530197
2993.1515236548,98.1754875555
2993.8655388083,98.0423161493
2994.5795539619,97.9098385293
2995.2935691154,97.8239688968
2996.0075842690,97.8910656638
2996.7215994225,97.7701530671
2997.4356145760,97.6356236605
2998.1496297296,97.6767430025
2998.8636448831,97.5513847083
2999.5776600367,97.3715191472
3000.2916751902,97.2418857956
3001.0056903438,97.0254354334
3001.7197054973,96.8558752480
3002.4337206509,96.6978622608
3003.1477358044,96.5302249004
3003.8617509579,96.4476896444
3004.5757661115,96.3279667263
3005.2897812650,96.1900329703
3006.0037964186,96.0547118867
3006.7178115721,95.8332981637
3007.4318267257,95.6235336777
3008.1458418792,95.4730128648
3008.8598570327,95.3986325160
3009.5738721863,95.3701559133
3010.2878873398,95.2686869876
3011.0019024934,95.1780912384
3011.7159176469,95.0889986838
3012.4299328005,94.9355529863
3013.1439479540,94.8627010684
3013.8579631076,94.7892876744
3014.5719782611,94.6999524786
3015.2859934146,94.7197017577
3016.0000085682,94.6259369366
3016.7140237217,94.4875572739
3017.4280388753,94.5295671891
3018.1420540288,94.4792377709
3018.8560691824,94.3718558504
3019.5700843359,94.4009020354
3020.2840994894,94.3074887865
3020.9981146430,94.2138447614
3021.7121297965,94.3429716610
3022.4261449501,94.3313597134
3023.1401601036,94.1537164580
3023.8541752572,94.1369878027
3024.5681904107,94.1942299426
3025.2822055642,94.2141836774
3025.9962207178,94.1832818272
3026.7102358713,94.0669601875
3027.4242510249,94.0824255300
3028.1382661784,94.1716850147
3028.8522813320,94.0118701942
3029.5662964855,93.8850279385
3030.2803116391,94.0120040361
3030.9943267926,94.0242153686
3031.7083419461,93.8916999081
3032.4223570997,93.8418970209
3033.1363722532,93.8708344049
3033.8503874068,93.9439294511
3034.5644025603,93.9067355111
3035.2784177139,93.7999525646
3035.9924328674,93.8340979535
3036.7064480209,93.8058393705
3037.4204631745,93.7096678098
3038.1344783280,93.8025182280
3038.8484934816,93.8324788417
3039.5625086351,93.6775075043
3040.2765237887,93.6253885174
3040.9905389422,93.6737937848
3041.7045540958,93.6669623735
3042.4185692493,93.5893976593
3043.1325844028,93.5440792107
3043.8465995564,93.5707225826
3044.5606147099,93.5269315417
3045.2746298635,93.4735599332
3045.9886450170,93.5007260760
3046.7026601706,93.4650570625
3047.4166753241,93.4380291358
3048.1306904776,93.4823664096
3048.8447056312,93.4823505523
3049.5587207847,93.4967256787
3050.2727359383,93.4783887772
3050.9867510918,93.3484393395
3051.7007662454,93.2550001793
3052.4147813989,93.2240294376
3053.1287965524,93.2576008936
3053.8428117060,93.3135039772
3054.5568268595,93.1818863591
3055.2708420131,93.0028018611
3055.9848571666,93.0669223469
3056.6988723202,93.2141995572
3057.4128874737,93.1641679557
3058.1269026273,93.0413914185
3058.8409177808,93.0904402713
3059.5549329343,93.1523506602
3060.2689480879,93.0468337128
3060.9829632414,93.0248712795
3061.6969783950,93.1101932904
3062.4109935485,93.0125058952
3063.1250087021,92.8283736599
3063.8390238556,92.8741696931
3064.5530390091,93.0817571384
3065.2670541627,93.0652192950
3065.9810693162,92.9395665136
3066.6950844698,93.0355667214
3067.4090996233,92.9790524479
3068.1231147769,92.6981944515
3068.8371299304,92.7428154143
3069.5511450840,92.8969924870
3070.2651602375,92.8640552799
3070.9791753910,92.8712320309
3071.6931905446,92.8335332761
3072.4072056981,92.8095218104
3073.1212208517,92.9265235986
3073.8352360052,92.9464663696
3074.5492511588,92.9193516439
3075.2632663123,92.8684560146
3075.9772814658,92.8048281044
3076.6912966194,92.9487741922
3077.4053117729,92.9675815222
3078.1193269265,92.8587881243
3078.8333420800,93.0701194518
3079.5473572336,93.1686077241
3080.2613723871,93.0400286043
3080.9753875406,93.1157114249
3081.6894026942,93.0668684042
3082.4034178477,92.9171711592
3083.1174330013,93.0523131464
3083.8314481548,93.1520020428
3084.5454633084,93.0730559658
3085.2594784619,93.0320248807
3085.9734936155,93.0720875622
3086.6875087690,93.1274139677
3087.4015239225,93.0551298569
3088.1155390761,92.9892227798
3088.8295542296,93.0802953502
3089.5435693832,93.1453009408
3090.2575845367,93.1686178840
3090.9715996903,93.1805906210
3091.6856148438,93.1784746386
3092.3996299973,93.2229784569
3093.1136451509,93.1852359950
3093.8276603044,93.2058268423
3094.5416754580,93.3479415254
3095.2556906115,93.2430636204
3095.9697057651,93.1534221234
3096.6837209186,93.3419033651
3097.3977360722,93.3728464024
3098.1117512257,93.2651397607
3098.8257663792,93.2386462889
3099.5397815328,93.3043181030
3100.2537966863,93.4802022955
3100.9678118399,93.4890822562
3101.6818269934,93.3756420555
3102.3958421470,93.3997066066
3103.1098573005,93.3743278180
3103.8238724540,93.4131259205
3104.5378876076,93.5220703682
3105.2519027611,93.4106045051
3105.9659179147,93.3642766142
3106.6799330682,93.3976305701
3107.3939482218,93.3335734266
3108.1079633753,93.4113298723
3108.8219785289,93.4150753698
3109.5359936824,93.3435652114
3110.2500088359,93.4666036203
3110.9640239895,93.4388238104
3111.6780391430,93.4346845525
3112.3920542966,93.6028241269
3113.1060694501,93.4268005877
3113.8200846037,93.3028889900
3114.5340997572,93.4929362756
3115.2481149107,93.4887881711
3115.9621300643,93.4778836423
3116.6761452178,93.5036761718
3117.3901603714,93.4005844724
3118.1041755249,93.4881002402
3118.8181906785,93.5446423928
3119.5322058320,93.4482345883
3120.2462209855,93.4982603812
3120.9602361391,93.4611583163
3121.6742512926,93.4295950808
3122.3882664462,93.5584220405
3123.1022815997,93.4660722022
3123.8162967533,93.3732500496
3124.5303119068,93.4668113737
3125.2443270604,93.4687757214
3125.9583422139,93.5048452800
3126.6723573674,93.5024548108
3127.3863725210,93.3262204287
3128.1003876745,93.3200868157
3128.8144028281,93.4253928840
3129.5284179816,93.4046872148
3130.2424331352,93.3596857766
3130.9564482887,93.3599809296
3131.6704634422,93.4521952217
3132.3844785958,93.5152383380
3133.0984937493,93.4039119665
3133.8125089029,93.3482631261
3134.5265240564,93.3960122901
3135.2405392100,93.3537251671
3135.9545543635,93.2808973713
3136.6685695171,93.2726789104
3137.3825846706,93.2930454379
3138.0965998241,93.2769635680
3138.8106149777,93.2318601761
3139.5246301312,93.2628132133
3140.2386452848,93.3295296656
3140.9526604383,93.2794570644
3141.6666755919,93.1385313540
3142.3806907454,93.1066023917
3143.0947058989,93.2008386006
3143.8087210525,93.2129357655
3144.5227362060,93.1765932981
3145.2367513596,93.1492967719
3145.9507665131,93.0543056828
3146.6647816667,93.1274362711
3147.3787968202,93.2121657118
3148.0928119737,92.9461226015
3148.8068271273,92.8884964522
3149.5208422808,93.0761776830
3150.2348574344,92.8883915093
3150.9488725879,92.8133832914
3151.6628877415,93.0154603472
3152.3769028950,92.9159018477
3153.0909180486,92.8438889889
3153.8049332021,92.9256567941
3154.5189483556,92.8885033902
3155.2329635092,92.9664792007
3155.9469786627,92.9306361439
3156.6609938163,92.7576255291
3157.3750089698,92.8879833803
3158.0890241234,92.8373298946
3158.8030392769,92.5532429541
3159.5170544304,92.6741952541
3160.2310695840,92.7706356232
3160.9450847375,92.6047778725
3161.6590998911,92.6230339242
3162.3731150446,92.5888639655
3163.0871301982,92.4549661977
3163.8011453517,92.5355454449
3164.5151605053,92.5441025360
3165.2291756588,92.4244509154
3165.9431908123,92.4487204978
3166.6572059659,92.4424727207
3167.3712211194,92.3583159999
3168.0852362730,92.3759678771
3168.7992514265,92.3964743372
3169.5132665801,92.3517475591
3170.2272817336,92.2945929180
3170.9412968871,92.2523734894
3171.6553120407,92.2618973237
3172.3693271942,92.2028864501
3173.0833423478,92.1030069549
3173.7973575013,92.1584206246
3174.5113726549,92.1602914394
3175.2253878084,92.0537799231
3175.9394029619,92.0548159906
3176.6534181155,91.9203253533
3177.3674332690,91.7942871000
3178.0814484226,92.0634060028
3178.7954635761,92.1407843757
3179.5094787297,91.8585875287
3180.2234938832,91.8308002505
3180.9375090368,91.9181043647
3181.6515241903,91.8796137359
3182.3655393438,91.8745416497
3183.0795544974,91.8663889467
3183.7935696509,91.8773119558
3184.5075848045,91.8050089148
3185.2215999580,91.5851621186
3185.9356151116,91.5608650221
3186.6496302651,91.6698494564
3187.3636454186,91.6278434007
3188.0776605722,91.5022789679
3188.7916757257,91.3957358579
3189.5056908793,91.4110150485
3190.2197060328,91.4243417488
3190.9337211864,91.3152969952
3191.6477363399,91.3372880143
3192.3617514935,91.3969645985
3193.0757666470,91.3020820668
3193.7897818005,91.1639299721
3194.5037969541,91.0373312742
3195.2178121076,91.1284392004
3195.9318272612,91.2528236570
3196.6458424147,91.0823243911
3197.3598575683,91.0596969963
3198.0738727218,91.0803330308
3198.7878878753,90.8874981127
3199.5019030289,90.9745323506
3200.2159181824,90.9689139353
3200.9299333360,90.6840412128
3201.6439484895,90.7468200450
3202.3579636431,90.7576541834
3203.0719787966,90.6422764688
3203.7859939501,90.8011190569
3204.5000091037,90.7083488828
3205.2140242572,90.5355699389
3205.9280394108,90.6191332835
3206.6420545643,90.5333750067
3207.3560697179,90.5556214771
3208.0700848714,90.6943562798
3208.7841000250,90.5567737893
3209.4981151785,90.4949102788
3210.2121303320,90.4880815676
3210.9261454856,90.4041937847
3211.6401606391,90.3914662766
3212.3541757927,90.2771671431
3213.0681909462,90.3276461183
3213.7822060998,90.4571464394
3214.4962212533,90.1156933535
3215.2102364068,89.9587343097
3215.9242515604,90.2642252996
3216.6382667139,90.2860259595
3217.3522818675,90.0841405487
3218.0662970210,90.0170512508
3218.7803121746,89.9801812698
3219.4943273281,89.9057955683
3220.2083424817,89.8378395504
3220.9223576352,89.8806575244
3221.6363727887,89.9096227690
3222.3503879423,89.7911496578
3223.0644030958,89.6720801878
3223.7784182494,89.5888111878
3224.4924334029,89.5677450181
3225.2064485565,89.5615730938
3225.9204637100,89.5031273819
3226.6344788635,89.5284390820
3227.3484940171,89.4285100722
3228.0625091706,89.2136988698
3228.7765243242,89.2483323003
3229.4905394777,89.2501727662
3230.2045546313,89.1837773458
3230.9185697848,89.2327759653
3231.6325849384,89.1138481557
3232.3466000919,89.1199618640
3233.0606152454,89.2589994948
3233.7746303990,89.0285281980
3234.4886455525,88.9134501144
3235.2026607061,88.9652960869
3235.9166758596,88.7378046102
3236.6306910132,88.6831144075
3237.3447061667,88.7475486380
3238.0587213202,88.5882910391
3238.7727364738,88.5382351651
3239.4867516273,88.5413455942
3240.2007667809,88.4626028297
3240.9147819344,88.3953396823
3241.6287970880,88.3108199153
3242.3428122415,88.3469286095
3243.0568273950,88.3432075947
3243.7708425486,88.1874338555
3244.4848577021,88.1809281698
3245.1988728557,88.1166867196
3245.9128880092,87.9114954894
3246.6269031628,87.8832156017
3247.3409183163,87.8644454972
3248.0549334699,87.8453697306
3248.7689486234,87.9477444936
3249.4829637769,87.8895158012
3250.1969789305,87.6777389490
3250.9109940840,87.5034232352
3251.6250092376,87.3589393350
3252.3390243911,87.3665361381
3253.0530395447,87.4777124614
3253.7670546982,87.3819633428
3254.4810698517,87.1650112950
3255.1950850053,87.1466306080
3255.9091001588,87.1158850918
3256.6231153124,86.9240661773
3257.3371304659,86.9046293378
3258.0511456195,86.9088722821
3258.7651607730,86.7992601071
3259.4791759266,86.9027967282
3260.1931910801,86.8613992746
3260.9072062336,86.5572478013
3261.6212213872,86.5803412242
3262.3352365407,86.6088189062
3263.0492516943,86.3873423658
3263.7632668478,86.3968219618
3264.4772820014,86.4930161226
3265.1912971549,86.4574945427
3265.9053123084,86.3995434100
3266.6193274620,86.2716204065
3267.3333426155,86.2111781878
3268.0473577691,86.2165734522
3268.7613729226,86.1468746389
3269.4753880762,86.1354795074
3270.1894032297,86.1639179982
3270.9034183832,86.1605161893
3271.6174335368,86.1599096445
3272.3314486903,86.1547430468
3273.0454638439,86.1601683184
3273.7594789974,86.0806186008
3274.4734941510,85.9965156344
3275.1875093045,86.0374034685
3275.9015244581,86.0222617141
3276.6155396116,86.0178961917
3277.3295547651,86.0514652990
3278.0435699187,86.0066497845
3278.7575850722,86.0966837670
3279.4716002258,86.1214410506
3280.1856153793,86.0001659673
3280.8996305329,86.1930130402
3281.6136456864,86.3244541444
3282.3276608399,86.1334132286
3283.0416759935,86.1663157423
3283.7556911470,86.3428056275
3284.4697063006,86.4524361229
3285.1837214541,86.5498563132
3285.8977366077,86.4969479048
3286.6117517612,86.5093689457
3287.3257669148,86.6739489698
3288.0397820683,86.7229760936
3288.7537972218,86.6977058488
3289.4678123754,86.7047545513
3290.1818275289,86.9278540673
3290.8958426825,87.2683355408
3291.6098578360,87.2285924766
3292.3238729896,87.0934072939
3293.0378881431,87.2398875746
3293.7519032966,87.3418018923
3294.4659184502,87.4263048137
3295.1799336037,87.5553856903
3295.8939487573,87.5439735246
3296.6079639108,87.5806848014
3297.3219790644,87.7712868933
3298.0359942179,88.0061478785
3298.7500093714,88.1399849312
3299.4640245250,88.0661451159
3300.1780396785,88.0698866084
3300.8920548321,88.2641860343
3301.6060699856,88.3890938749
3302.3200851392,88.4592254947
3303.0341002927,88.5498589208
3303.7481154463,88.7013852296
3304.4621305998,88.8799388090
3305.1761457533,88.8659485532
3305.8901609069,88.8518673202
3306.6041760604,89.0312554116
3307.3181912140,89.1377188915
3308.0322063675,89.2057342800
3308.7462215211,89.3692364769
3309.4602366746,89.5026350913
3310.1742518281,89.5641526463
3310.8882669817,89.5267654472
3311.6022821352,89.5531916504
3312.3162972888,89.7294803908
3313.0303124423,89.7941608412
3313.7443275959,89.8827592149
3314.4583427494,90.1050564964
3315.1723579030,90.1342308201
3315.8863730565,90.1134721291
3316.6003882100,90.2405438201
3317.3144033636,90.2928509376
3318.0284185171,90.3001412522
3318.7424336707,90.3675987142
3319.4564488242,90.4680877866
3320.1704639778,90.6062230355
3320.8844791313,90.6872259537
3321.5984942848,90.7183410043
3322.3125094384,90.7772800306
3323.0265245919,90.8370128046
3323.7405397455,90.9052341960
3324.4545548990,90.9564894439
3325.1685700526,91.0696655125
3325.8825852061,91.2708067431
3326.5966003596,91.2548409366
3327.3106155132,91.1146964078
3328.0246306667,91.2185868099
3328.7386458203,91.3864971388
3329.4526609738,91.4651932410
3330.1666761274,91.5824181977
3330.8806912809,91.6649327575
3331.5947064345,91.7105264210
3332.3087215880,91.8156876519
3333.0227367415,91.8999697277
3333.7367518951,91.9233560303
3334.4507670486,91.9704983081
3335.1647822022,92.0676983459
3335.8787973557,92.1232895033
3336.5928125093,92.1125667815
3337.3068276628,92.1193653749
3338.0208428163,92.1301188073
3338.7348579699,92.1487850994
3339.4488731234,92.2032962146
3340.1628882770,92.2014379110
3340.8769034305,92.2015348121
3341.5909185841,92.3124466617
3342.3049337376,92.4288557797
3343.0189488912,92.4807389272
3343.7329640447,92.4852746120
3344.4469791982,92.4846127219
3345.1609943518,92.5193572162
3345.8750095053,92.5516262576
3346.5890246589,92.6475227308
3347.3030398124,92.7952389880
3348.0170549660,92.7941155027
3348.7310701195,92.7323480041
3349.4450852730,92.7894302493
3350.1591004266,92.8759121323
3350.8731155801,92.9084304292
3351.5871307337,92.9227053972
3352.3011458872,93.0198002651
3353.0151610408,93.1240812502
3353.7291761943,93.0200330550
3354.4431913478,92.9190556185
3355.1572065014,93.0603305158
3355.8712216549,93.2160985791
3356.5852368085,93.2385018181
3357.2992519620,93.1976576889
3358.0132671156,93.1957123412
3358.7272822691,93.2837442333
3359.4412974227,93.3092246009
3360.1553125762,93.2889932134
3360.8693277297,93.3366915122
3361.5833428833,93.3786187358
3362.2973580368,93.4865031849
3363.0113731904,93.5476253675
3363.7253883439,93.4127078599
3364.4394034975,93.4809296623
3365.1534186510,93.7353360422
3365.8674338045,93.7461992946
3366.5814489581,93.6495405786
3367.2954641116,93.5294405580
3368.0094792652,93.4208334188
3368.7234944187,93.5649286590
3369.4375095723,93.6885737989
3370.1515247258,93.6521181982
3370.8655398794,93.7469442706
3371.5795550329,93.8010555813
3372.2935701864,93.6886223079
3373.0075853400,93.6435797252
3373.7216004935,93.6958406962
3374.4356156471,93.7956487693
3375.1496308006,93.8468878301
3375.8636459542,93.7931901625
3376.5776611077,93.7777755175
3377.2916762612,93.8094956244
3378.0056914148,93.8822511598
3378.7197065683,93.9535989491
3379.4337217219,93.8448062247
3380.1477368754,93.8017878088
3380.8617520290,93.9825233524
3381.5757671825,94.0171515816
3382.2897823361,93.9914185481
3383.0037974896,94.1258317738
3383.7178126431,94.1163412105
3384.4318277967,94.0057145749
3385.1458429502,94.1007080316
3385.8598581038,94.2262770978
3386.5738732573,94.2069935256
3387.2878884109,94.1472403029
3388.0019035644,94.1122632648
3388.7159187179,94.1134302131
3389.4299338715,94.1455811938
3390.1439490250,94.1657791228
3390.8579641786,94.1889508364
3391.5719793321,94.2945304095
3392.2859944857,94.4218060489
3393.0000096392,94.3730723408
3393.7140247927,94.2378072321
3394.4280399463,94.2367476447
3395.1420550998,94.3024786540
3395.8560702534,94.3593077586
3396.5700854069,94.4571403994
3397.2841005605,94.4790618103
3397.9981157140,94.3778813211
3398.7121308676,94.4087298581
3399.4261460211,94.5924879865
3400.1401611746,94.5715574134
3400.8541763282,94.3551097783
3401.5681914817,94.3507468353
3402.2822066353,94.4978470895
3402.9962217888,94.4921606345
3403.7102369424,94.4727191708
3404.4242520959,94.5099963845
3405.1382672494,94.4924750033
3405.8522824030,94.5247825263
3406.5662975565,94.5312539073
3407.2803127101,94.4734267882
3407.9943278636,94.6447528750
3408.7083430172,94.8298859309
3409.4223581707,94.6877826023
3410.1363733243,94.6094304718
3410.8503884778,94.7376674057
3411.5644036313,94.7189294890
3412.2784187849,94.6662427085
3412.9924339384,94.7590332836
3413.7064490920,94.7924946232
3414.4204642455,94.7714331364
3415.1344793991,94.7938742269
3415.8484945526,94.7347967670
3416.5625097061,94.7037292394
3417.2765248597,94.8826311936
3417.9905400132,94.9521162441
3418.7045551668,94.7771006756
3419.4185703203,94.8426860112
3420.1325854739,95.0914895326
3420.8466006274,94.9684093390
3421.5606157809,94.8283307935
3422.2746309345,95.0571439459
3422.9886460880,95.1030612205
3423.7026612416,94.8926702251
3424.4166763951,94.9159456655
3425.1306915487,94.9451655281
3425.8447067022,94.8059758465
3426.5587218558,94.8669306018
3427.2727370093,95.0096299465
3427.9867521628,94.9817657275
3428.7007673164,94.9991553179
3429.4147824699,95.1047047871
3430.1287976235,95.2148979867
3430.8428127770,95.2910877421
3431.5568279306,95.1754620453
3432.2708430841,95.0850948119
3432.9848582376,95.2074577573
3433.6988733912,95.1972297397
3434.4128885447,95.0963273763
3435.1269036983,95.2049366831
3435.8409188518,95.2702997724
3436.5549340054,95.1993355908
3437.2689491589,95.2525676016
3437.9829643125,95.3381623977
3438.6969794660,95.2814626256
3439.4109946195,95.2516493256
3440.1250097731,95.3680489838
3440.8390249266,95.4148431084
3441.5530400802,95.3901713561
3442.2670552337,95.5024232083
3442.9810703873,95.4750740369
3443.6950855408,95.2941508652
3444.4091006943,95.3576378643
3445.1231158479,95.3896836726
3445.8371310014,95.3237029142
3446.5511461550,95.5544811227
3447.2651613085,95.6359477544
3447.9791764621,95.4161903628
3448.6931916156,95.4264959342
3449.4072067691,95.4639431911
3450.1212219227,95.4665550474
3450.8352370762,95.5453285075
3451.5492522298,95.4792617976
3452.2632673833,95.4476896966
3452.9772825369,95.5056202650
3453.6912976904,95.5309134693
3454.4053128440,95.6630553985
3455.1193279975,95.6539545249
3455.8333431510,95.5444558305
3456.5473583046,95.6199623219
3457.2613734581,95.6096539035
3457.9753886117,95.6074029786
3458.6894037652,95.6077209953
3459.4034189188,95.4665209985
3460.1174340723,95.6545895787
3460.8314492258,95.7522693870
3461.5454643794,95.5419781932
3462.2594795329,95.8280177653
3462.9734946865,95.9041088362
3463.6875098400,95.5040468587
3464.4015249936,95.6702491934
3465.1155401471,95.8029773352
3465.8295553007,95.6134314894
3466.5435704542,95.7475759522
3467.2575856077,95.7473517170
3467.9716007613,95.6991175049
3468.6856159148,95.8309431286
3469.3996310684,95.7555119491
3470.1136462219,95.8215214469
3470.8276613755,95.8144920339
3471.5416765290,95.5722799213
3472.2556916825,95.7766862762
3472.9697068361,95.8863010525
3473.6837219896,95.7290952038
3474.3977371432,95.9628507744
3475.1117522967,96.0119174620
3475.8257674503,95.8359888016
3476.5397826038,95.9328102820
3477.2537977573,95.9800826577
3477.9678129109,96.0326235672
3478.6818280644,96.0264451406
3479.3958432180,95.8673524245
3480.1098583715,95.9289139225
3480.8238735251,96.0001889448
3481.5378886786,96.0934725811
3482.2519038322,96.2517371143
3482.9659189857,96.0395224388
3483.6799341392,95.9446213805
3484.3939492928,96.0149894918
3485.1079644463,95.9232287617
3485.8219795999,96.0119511565
3486.5359947534,95.9193010373
3487.2500099070,95.8313826894
3487.9640250605,96.2691924057
3488.6780402140,96.2332857338
3489.3920553676,96.0082339683
3490.1060705211,96.2524877017
3490.8200856747,96.1027260378
3491.5341008282,96.0378057455
3492.2481159818,96.3354144962
3492.9621311353,96.1183913255
3493.6761462889,96.0803590238
3494.3901614424,96.3054324589
3495.1041765959,96.0894808006
3495.8181917495,96.1202010493
3496.5322069030,96.3714115808
3497.2462220566,96.3387457928
3497.9602372101,96.2869410729
3498.6742523637,96.1508941090
3499.3882675172,96.1176266577
3500.1022826707,96.2661395068
3500.8162978243,96.2540745912
3501.5303129778,96.2800670591
3502.2443281314,96.3335564813
3502.9583432849,96.4083413417
3503.6723584385,96.6250463472
3504.3863735920,96.5315103408
3505.1003887456,96.3568385847
3505.8144038991,96.3464331560
3506.5284190526,96.2573160044
3507.2424342062,96.3075696281
3507.9564493597,96.3250783540
3508.6704645133,96.3236347312
3509.3844796668,96.7021085682
3510.0984948204,96.6666102560
3510.8125099739,96.4441733275
3511.5265251274,96.7356714664
3512.2405402810,96.6815729413
3512.9545554345,96.4610824633
3513.6685705881,96.6900594836
3514.3825857416,96.6174174688
3515.0966008952,96.4753596436
3515.8106160487,96.6669486263
3516.5246312022,96.5878120326
3517.2386463558,96.5147022357
3517.9526615093,96.7728251193
3518.6666766629,96.8159011408
3519.3806918164,96.6289033842
3520.0947069700,96.6275691333
3520.8087221235,96.6940312839
3521.5227372771,96.5982958080
3522.2367524306,96.7112306293
3522.9507675841,97.0774443195
3523.6647827377,97.0233432699
3524.3787978912,96.8373140861
3525.0928130448,96.8258352241
3525.8068281983,96.7297254167
3526.5208433519,96.8527504031
3527.2348585054,97.0427151185
3527.9488736589,96.9529229999
3528.6628888125,96.9746659182
3529.3769039660,96.9009840736
3530.0909191196,96.8280344614
3530.8049342731,97.0330992646
3531.5189494267,96.8983906273
3532.2329645802,96.7662863839
3532.9469797338,97.0586417145
3533.6609948873,96.9902355507
3534.3750100408,96.6726959186
3535.0890251944,96.7029619239
3535.8030403479,97.0064880598
3536.5170555015,97.2675481312
3537.2310706550,97.0596788871
3537.9450858086,96.9613142732
3538.6591009621,97.2087739895
3539.3731161156,97.0599950003
3540.0871312692,96.9927150161
3540.8011464227,97.0385475891
3541.5151615763,97.0415610228
3542.2291767298,96.8634041418
3542.9431918834,96.9651903731
3543.6572070369,96.9981290235
3544.3712221904,96.9517826677
3545.0852373440,96.9902718812
3545.7992524975,96.9253299341
3546.5132676511,96.9060343586
3547.2272828046,97.1127590233
3547.9412979582,97.2751194791
3548.6553131117,97.2085359463
3549.3693282653,97.1268270446
3550.0833434188,97.1850347104
3550.7973585723,97.1394863768
3551.5113737259,97.0779588497
3552.2253888794,97.2322249403
3552.9394040330,97.2629157133
3553.6534191865,97.2710275171
3554.3674343401,97.3206950537
3555.0814494936,97.1818213410
3555.7954646471,97.2280259495
3556.5094798007,97.5335570852
3557.2234949542,97.5052650764
3557.9375101078,97.3308091844
3558.6515252613,97.3685481697
3559.3655404149,97.3745349688
3560.0795555684,97.3570879279
3560.7935707220,97.4525455612
3561.5075858755,97.5481902266
3562.2216010290,97.5303405270
3562.9356161826,97.5798548431
3563.6496313361,97.7425809246
3564.3636464897,97.4776912235
3565.0776616432,97.1093878789
3565.7916767968,97.3817500067
3566.5056919503,97.4622780066
3567.2197071038,97.0629814118
3567.9337222574,97.3389223109
3568.6477374109,97.5653889619
3569.3617525645,97.4495189485
3570.0757677180,97.4516217336
3570.7897828716,97.4592717434
3571.5037980251,97.5926801501
3572.2178131786,97.7605810870
3572.9318283322,97.6241646546
3573.6458434857,97.6278252241
3574.3598586393,97.8688117222
3575.0738737928,97.7546485156
3575.7878889464,97.6595240324
3576.5019040999,97.8773804531
3577.2159192535,97.9133883838
3577.9299344070,97.7669816733
3578.6439495605,97.7298027289
3579.3579647141,97.7733031776
3580.0719798676,97.9110540884
3580.7859950212,97.9833100891
3581.5000101747,97.8932388349
3582.2140253283,97.8567836965
3582.9280404818,97.9758067606
3583.6420556353,98.0862618606
3584.3560707889,97.9546738518
3585.0700859424,97.6380467731
3585.7841010960,97.6270067206
3586.4981162495,98.1159439111
3587.2121314031,97.8417239145
3587.9261465566,97.5480232396
3588.6401617102,97.8311763270
3589.3541768637,97.9100687674
3590.0681920172,98.0136776669
3590.7822071708,97.9884764703
3591.4962223243,97.7006780992
3592.2102374779,97.8196667719
3592.9242526314,98.1856447638
3593.6382677850,97.8568230095
3594.3522829385,97.7830714350
3595.0662980920,98.3122894909
3595.7803132456,98.3510183124
3596.4943283991,98.1187350477
3597.2083435527,98.1917373489
3597.9223587062,98.2706158821
3598.6363738598,98.2159447378
3599.3503890133,98.0522557529
3600.0644041668,98.0738008529
3600.7784193204,98.3116059715
3601.4924344739,98.3062753802
3602.2064496275,98.2269679012
3602.9204647810,98.1925022290
3603.6344799346,98.3232842477
3604.3484950881,98.5982130940
3605.0625102417,98.4514725775
3605.7765253952,98.1781059039
3606.4905405487,98.3948269585
3607.2045557023,98.4392832106
3607.9185708558,98.1781761477
3608.6325860094,98.2104649972
3609.3466011629,98.4037821394
3610.0606163165,98.5250092033
3610.7746314700,98.4635436332
3611.4886466235,97.9346860084
3612.2026617771,98.4854848409
3612.9166769306,98.8643617545
3613.6306920842,98.0531444926
3614.3447072377,98.3615038492
3615.0587223913,99.1096893009
3615.7727375448,98.6028639193
3616.4867526984,98.3809505485
3617.2007678519,98.5992023293
3617.9147830054,98.5590337126
3618.6287981590,98.4263541394
3619.3428133125,98.4862317681
3620.0568284661,98.7028613031
3620.7708436196,98.8134086839
3621.4848587732,98.6312357002
3622.1988739267,98.6011770015
3622.9128890802,98.8408170066
3623.6269042338,98.8465255511
3624.3409193873,98.7662528210
3625.0549345409,98.8410901820
3625.7689496944,99.0520956277
3626.4829648480,98.9251815508
3627.1969800015,98.3771795672
3627.9109951551,97.9822084807
3628.6250103086,98.2345145377
3629.3390254621,98.6649260451
3630.0530406157,98.8074425247
3630.7670557692,98.8478341234
3631.4810709228,98.7883049106
3632.1950860763,98.7627122502
3632.9091012299,98.6233381988
3633.6231163834,98.7154139822
3634.3371315369,98.9787155120
3635.0511466905,99.1581126199
3635.7651618440,99.5815204164
3636.4791769976,99.7585194568
3637.1931921511,99.4284255484
3637.9072073047,99.3757078472
3638.6212224582,99.4736483231
3639.3352376117,99.4372923453
3640.0492527653,99.5546027592
3640.7632679188,99.6145749866
3641.4772830724,99.6610362134
3642.1912982259,99.8210157225
3642.9053133795,99.7237257102
3643.6193285330,99.7023069176
3644.3333436866,99.9338497215
3645.0473588401,99.8341797463
3645.7613739936,99.4923586394
3646.4753891472,99.5835706636
3647.1894043007,100.0625795281
3647.9034194543,99.4655369997
3648.6174346078,99.1817820073
3649.3314497614,99.2060221855
3650.0454649149,99.0988836206
3650.7594800684,99.7991469662
3651.4734952220,100.2074817149
3652.1875103755,99.6708854208
3652.9015255291,99.5221306562
3653.6155406826,99.5537961460
3654.3295558362,99.4786557640
3655.0435709897,99.2889875823
3655.7575861433,99.4056813225
3656.4716012968,99.8723395295
3657.1856164503,99.8691952838
3657.8996316039,99.9000309382
3658.6136467574,99.9095563729
3659.3276619110,100.0821222971
3660.0416770645,100.0934530393
3660.7556922181,99.8146529610
3661.4697073716,99.7514849926
3662.1837225251,99.9719208030
3662.8977376787,100.0128224073
3663.6117528322,99.9190534129
3664.3257679858,99.9401401154
3665.0397831393,99.9676056588
3665.7537982929,99.9663114192
3666.4678134464,99.9354532305
3667.1818285999,99.8235129569
3667.8958437535,99.7915608413
3668.6098589070,99.9544034523
3669.3238740606,99.7416157241
3670.0378892141,99.6690583606
3670.7519043677,100.2893138846
3671.4659195212,99.9992990532
3672.1799346748,99.9055078127
3672.8939498283,99.7196187734
3673.6079649818,99.4741962775
3674.3219801354,99.3386208785
3675.0359952889,99.4117053185
3675.7500104425,99.4518359110
3676.4640255960,99.7175099721
3677.1780407496,99.7286472634
3677.8920559031,99.5371149345
3678.6060710566,99.4270553029
3679.3200862102,99.5246508426
3680.0341013637,99.5990813043
3680.7481165173,99.4394173291
3681.4621316708,99.3180170179
3682.1761468244,99.4624480856
3682.8901619779,99.5418897849
3683.6041771315,99.4809570616
3684.3181922850,99.4980642607
3685.0322074385,99.5006528654
3685.7462225921,99.5525674333
3686.4602377456,99.4159694278
3687.1742528992,98.9016367430
3687.8882680527,98.8339851880
3688.6022832063,99.7596268463
3689.3162983598,99.1945085972
3690.0303135133,99.1014443270
3690.7443286669,99.2642578338
3691.4583438204,99.3302906618
3692.1723589740,99.3299538112
3692.8863741275,99.3256390726
3693.6003892811,99.2405441881
3694.3144044346,99.3426162778
3695.0284195881,99.3792917509
3695.7424347417,99.3106251087
3696.4564498952,99.3712633796
3697.1704650488,99.4790522423
3697.8844802023,99.4987735514
3698.5984953559,99.3942240276
3699.3125105094,99.2786769494
3700.0265256630,99.2746262695
3700.7405408165,99.2306725568
3701.4545559700,99.2766711575
3702.1685711236,99.4073929826
3702.8825862771,99.3978544777
3703.5966014307,99.3710363472
3704.3106165842,99.3555015009
3705.0246317378,99.3206546772
3705.7386468913,99.3333080755
3706.4526620448,99.4603760149
3707.1666771984,99.4711012407
3707.8806923519,99.2903556160
3708.5947075055,99.2383793426
3709.3087226590,99.5764643014
3710.0227378126,99.4185479610
3710.7367529661,99.0663698040
3711.4507681197,99.0004479993
3712.1647832732,99.7037974058
3712.8787984267,99.4106559574
3713.5928135803,99.2894253429
3714.3068287338,99.2382888749
3715.0208438874,99.3077701238
3715.7348590409,99.2688640270
3716.4488741945,99.1721224711
3717.1628893480,99.2839071300
3717.8769045015,99.3710467387
3718.5909196551,99.3158767485
3719.3049348086,99.3279767013
3720.0189499622,99.3274767187
3720.7329651157,99.3110638818
3721.4469802693,99.3382683098
3722.1609954228,99.3446472803
3722.8750105763,99.2472664407
3723.5890257299,99.2831151851
3724.3030408834,99.1743304148
3725.0170560370,99.0758299908
3725.7310711905,99.1367955416
3726.4450863441,99.2378343910
3727.1591014976,99.4014365011
3727.8731166512,99.4744650036
3728.5871318047,99.3679887409
3729.3011469582,99.4179993336
3730.0151621118,99.4826210717
3730.7291772653,99.1893000171
3731.4431924189,99.1559643476
3732.1572075724,100.0063696211
3732.8712227260,99.4839035151
3733.5852378795,99.0196860467
3734.2992530330,98.9107126139
3735.0132681866,99.1757541823
3735.7272833401,99.1533844343
3736.4412984937,99.2318201908
3737.1553136472,98.9661629762
3737.8693288008,99.2740397893
3738.5833439543,99.6453163380
3739.2973591079,99.4171499270
3740.0113742614,99.3426675527
3740.7253894149,99.5394329165
3741.4394045685,99.5171501008
3742.1534197220,99.3684159507
3742.8674348756,98.9960602768
3743.5814500291,98.0017327807
3744.2954651827,100.0164945722
3745.0094803362,99.9017097927
3745.7234954897,99.3775881458
3746.4375106433,99.4981449370
3747.1515257968,99.4051880726
3747.8655409504,99.0612761039
3748.5795561039,98.5099185054
3749.2935712575,98.9459284804
3750.0075864110,99.1813107958
3750.7216015645,99.0238118376
3751.4356167181,98.7040443810
3752.1496318716,99.3720339571
3752.8636470252,99.2082672575
3753.5776621787,99.4013974482
3754.2916773323,99.3893153233
3755.0056924858,99.2010807417
3755.7197076394,99.1641018941
3756.4337227929,99.2682592470
3757.1477379464,99.2633712655
3757.8617531000,99.2536454692
3758.5757682535,99.1487309943
3759.2897834071,99.2351634682
3760.0037985606,99.5647698765
3760.7178137142,99.4925459557
3761.4318288677,99.3380837142
3762.1458440212,99.3240870827
3762.8598591748,99.4452327968
3763.5738743283,99.3463846911
3764.2878894819,99.1634161676
3765.0019046354,99.3125961923
3765.7159197890,99.7277094782
3766.4299349425,99.4808039581
3767.1439500961,99.4596065174
3767.8579652496,99.4577779231
3768.5719804031,99.1455329865
3769.2859955567,99.1078842520
3770.0000107102,99.5519088512
3770.7140258638,99.3627675703
3771.4280410173,99.4602277542
3772.1420561709,99.4979633442
3772.8560713244,99.4592858025
3773.5700864779,99.5656355716
3774.2841016315,99.5914424382
3774.9981167850,99.5723463310
3775.7121319386,99.5688141019
3776.4261470921,99.4763661786
3777.1401622457,99.4976330414
3777.8541773992,99.3631850708
3778.5681925528,99.1116922279
3779.2822077063,99.6302474561
3779.9962228598,99.8609033922
3780.7102380134,99.3675656188
3781.4242531669,99.3364322670
3782.1382683205,99.4874249185
3782.8522834740,99.3116209524
3783.5662986276,99.2450302286
3784.2803137811,99.2867783122
3784.9943289346,99.3569079054
3785.7083440882,99.4693643545
3786.4223592417,99.4972821314
3787.1363743953,99.4611806435
3787.8503895488,99.4922309550
3788.5644047024,99.4937237272
3789.2784198559,99.4996949118
3789.9924350094,99.4949084547
3790.7064501630,99.4479213169
3791.4204653165,99.5283202955
3792.1344804701,99.6551850977
3792.8484956236,99.6270713150
3793.5625107772,99.5935439544
3794.2765259307,99.5517667417
3794.9905410843,99.3766074168
3795.7045562378,99.4265121383
3796.4185713913,99.7649301878
3797.1325865449,99.6428857801
3797.8466016984,99.6083364353
3798.5606168520,99.6980467049
3799.2746320055,99.4576419889
3799.9886471591,99.1728013263
3800.7026623126,99.1225733313
3801.4166774661,99.4890923540
3802.1306926197,99.6724277506
3802.8447077732,99.7423256721
3803.5587229268,99.4493015396
3804.2727380803,99.4786896957
3804.9867532339,99.4783502021
3805.7007683874,99.0363538051
3806.4147835410,98.9769519295
3807.1287986945,99.7683340949
3807.8428138480,99.6251471412
3808.5568290016,99.5679836635
3809.2708441551,99.5806093275
3809.9848593087,99.6167014504
3810.6988744622,99.6067118309
3811.4128896158,99.5115265434
3812.1269047693,99.4954459403
3812.8409199228,99.4613788732
3813.5549350764,99.3680405309
3814.2689502299,99.2412314618
3814.9829653835,98.9341339452
3815.6969805370,99.5226659414
3816.4109956906,100.3597352011
3817.1250108441,99.7694499445
3817.8390259976,99.5793644865
3818.5530411512,99.3228596429
3819.2670563047,98.9871951456
3819.9810714583,98.8109734158
3820.6950866118,99.1460976601
3821.4091017654,99.5714466630
3822.1231169189,99.6718799380
3822.8371320725,99.6243144954
3823.5511472260,99.5102789367
3824.2651623795,99.5725396591
3824.9791775331,99.4411879206
3825.6931926866,99.2024460337
3826.4072078402,99.4274568014
3827.1212229937,99.6532413974
3827.8352381473,99.5365955941
3828.5492533008,99.5505093882
3829.2632684543,99.6589749146
3829.9772836079,99.5994453221
3830.6912987614,99.3251763882
3831.4053139150,99.3330510256
3832.1193290685,99.7358415112
3832.8333442221,99.6866399079
3833.5473593756,99.1987690356
3834.2613745292,99.1476590108
3834.9753896827,100.0479248470
3835.6894048362,99.6315970923
3836.4034199898,98.8087817509
3837.1174351433,98.5864228329
3837.8314502969,100.2035364515
3838.5454654504,99.6659236066
3839.2594806040,99.3212210871
3839.9734957575,99.2464007760
3840.6875109110,99.6781665869
3841.4015260646,99.5171137645
3842.1155412181,99.0441814909
3842.8295563717,99.0543422349
3843.5435715252,99.4836719802
3844.2575866788,99.5146944236
3844.9716018323,99.5402053510
3845.6856169858,99.5559770930
3846.3996321394,99.6677543647
3847.1136472929,99.7998453156
3847.8276624465,99.5618651057
3848.5416776000,99.4919610678
3849.2556927536,99.7998835179
3849.9697079071,99.6935046432
3850.6837230607,99.2537042700
3851.3977382142,98.9346143354
3852.1117533677,99.0401578852
3852.8257685213,98.6819240462
3853.5397836748,98.7286225614
3854.2537988284,100.9947893665
3854.9678139819,99.2997048065
3855.6818291355,99.4260193308
3856.3958442890,99.1056534527
3857.1098594425,99.2648105266
3857.8238745961,99.4339833198
3858.5378897496,99.3455693989
3859.2519049032,99.5606315856
3859.9659200567,99.6887252723
3860.6799352103,99.4540893437
3861.3939503638,99.4961830367
3862.1079655174,99.7832207393
3862.8219806709,99.6003241287
3863.5359958244,99.2616902418
3864.2500109780,99.1820553390
3864.9640261315,99.7650458268
3865.6780412851,99.6321318223
3866.3920564386,99.4210582516
3867.1060715922,99.3861281033
3867.8200867457,99.1127319353
3868.5341018992,98.7586720848
3869.2481170528,99.0222679551
3869.9621322063,99.5924255817
3870.6761473599,99.3848860534
3871.3901625134,99.7884366088
3872.1041776670,99.5363183897
3872.8181928205,98.9172550039
3873.5322079740,99.0432210474
3874.2462231276,99.7911448035
3874.9602382811,99.6328445090
3875.6742534347,99.6286104093
3876.3882685882,99.6347984320
3877.1022837418,99.6404678729
3877.8162988953,99.6169494553
3878.5303140489,99.1954033578
3879.2443292024,98.8509343449
3879.9583443559,99.5118538396
3880.6723595095,99.9654601684
3881.3863746630,99.3559979615
3882.1003898166,99.3482809904
3882.8144049701,99.6306377306
3883.5284201237,99.5539915869
3884.2424352772,99.0275976094
3884.9564504307,98.6525186849
3885.6704655843,99.2778935257
3886.3844807378,99.4460512737
3887.0984958914,99.5268475360
3887.8125110449,99.5696279844
3888.5265261985,99.6013147484
3889.2405413520,99.4932396602
3889.9545565056,99.0692705163
3890.6685716591,98.8960661217
3891.3825868126,99.5589447158
3892.0966019662,99.6284006184
3892.8106171197,99.6757410056
3893.5246322733,99.7414507445
3894.2386474268,99.5741472555
3894.9526625804,99.5602388534
3895.6666777339,99.6596485355
3896.3806928874,99.5708342530
3897.0947080410,99.4490342904
3897.8087231945,99.1558708859
3898.5227383481,99.0008840050
3899.2367535016,99.7761165612
3899.9507686552,99.5915380806
3900.6647838087,99.1439176067
3901.3787989623,99.2803040263
3902.0928141158,99.3878308767
3902.8068292693,98.9545763375
3903.5208444229,98.9607916227
3904.2348595764,98.9960954582
3904.9488747300,99.0830281154
3905.6628898835,99.4530418391
3906.3769050371,99.2535029846
3907.0909201906,99.2162321425
3907.8049353441,99.6010435983
3908.5189504977,99.6271206074
3909.2329656512,99.4454386565
3909.9469808048,99.5070484235
3910.6609959583,99.5703635113
3911.3750111119,99.5634128778
3912.0890262654,99.5992174800
3912.8030414189,99.6016673189
3913.5170565725,99.5454765077
3914.2310717260,99.5103329473
3914.9450868796,99.4208721517
3915.6591020331,99.1510372590
3916.3731171867,99.0065172524
3917.0871323402,99.3724822839
3917.8011474938,99.6084059645
3918.5151626473,99.4886465567
3919.2291778008,99.2998877224
3919.9431929544,99.3961288133
3920.6572081079,99.5880945172
3921.3712232615,99.5323379837
3922.0852384150,99.4569802204
3922.7992535686,99.5744664193
3923.5132687221,99.5176799649
3924.2272838756,99.4374000208
3924.9412990292,99.7303921608
3925.6553141827,99.7765963251
3926.3693293363,99.5646560516
3927.0833444898,99.5067483858
3927.7973596434,99.4912759786
3928.5113747969,99.5503723298
3929.2253899505,99.6952886662
3929.9394051040,99.6104187505
3930.6534202575,99.4097889148
3931.3674354111,99.3179328701
3932.0814505646,99.3838264184
3932.7954657182,99.5977613753
3933.5094808717,99.6243824118
3934.2234960253,99.5061945083
3934.9375111788,99.6013391886
3935.6515263323,99.6686165149
3936.3655414859,99.5136053469
3937.0795566394,99.5517496558
3937.7935717930,99.7209354204
3938.5075869465,99.6585756455
3939.2216021001,99.5562423188
3939.9356172536,99.6249496992
3940.6496324071,99.6414222686
3941.3636475607,99.5046412139
3942.0776627142,99.4942053574
3942.7916778678,99.6356219151
3943.5056930213,99.5639940541
3944.2197081749,99.5843115209
3944.9337233284,99.6367040395
3945.6477384820,99.4800833272
3946.3617536355,99.4150363928
3947.0757687890,99.5319145408
3947.7897839426,99.4792133325
3948.5037990961,99.3630844125
3949.2178142497,99.3485862592
3949.9318294032,99.4081019994
3950.6458445568,99.5358877062
3951.3598597103,99.5622744739
3952.0738748638,99.5744178812
3952.7878900174,99.6229907906
3953.5019051709,99.5110688569
3954.2159203245,99.5479169977
3954.9299354780,99.7213656641
3955.6439506316,99.6180484717
3956.3579657851,99.6053762658
3957.0719809387,99.7450003705
3957.7859960922,99.6504192340
3958.5000112457,99.6507115525
3959.2140263993,99.6956056407
3959.9280415528,99.4944940936
3960.6420567064,99.4856077964
3961.3560718599,99.7648872908
3962.0700870135,99.8637925540
3962.7841021670,99.7522554579
3963.4981173205,99.6458971152
3964.2121324741,99.5978108598
3964.9261476276,99.5774963903
3965.6401627812,99.5406808696
3966.3541779347,99.5515532924
3967.0681930883,99.5314574737
3967.7822082418,99.4937359219
3968.4962233953,99.6380972762
3969.2102385489,99.7552442380
3969.9242537024,99.6829129996
3970.6382688560,99.6649866987
3971.3522840095,99.6812805210
3972.0662991631,99.6325043821
3972.7803143166,99.6077696142
3973.4943294702,99.6629274878
3974.2083446237,99.7679061494
3974.9223597772,99.7351324478
3975.6363749308,99.6070838946
3976.3503900843,99.6507727533
3977.0644052379,99.7060039425
3977.7784203914,99.6572376993
3978.4924355450,99.6718602457
3979.2064506985,99.6652409650
3979.9204658520,99.6334652467
3980.6344810056,99.6972356258
3981.3484961591,99.7318078869
3982.0625113127,99.6944108061
3982.7765264662,99.6450694158
3983.4905416198,99.5996296857
3984.2045567733,99.6145438497
3984.9185719269,99.6496867886
3985.6325870804,99.6461474210
3986.3466022339,99.6399462429
3987.0606173875,99.6720258929
3987.7746325410,99.7191443666
3988.4886476946,99.6844187540
3989.2026628481,99.6607730059
3989.9166780017,99.7675336902
3990.6306931552,99.7978547015
3991.3447083087,99.7067530273
3992.0587234623,99.6572632506
3992.7727386158,99.6219487317
3993.4867537694,99.6368202662
3994.2007689229,99.6983632923
3994.9147840765,99.7068531131
3995.6287992300,99.7057481914
3996.3428143835,99.6690045855
3997.0568295371,99.6122072516
3997.7708446906,99.6407742495
3998.4848598442,99.6944508551
3999.1988749977,99.7659650076
3999.9128901513,99.7748124215