399.8484859844,67.2912740761
400.5625011380,67.8154429716
401.2765162915,74.8701317593
401.9905314450,59.3133890384
402.7045465986,66.1861032102
403.4185617521,68.6986379472
404.1325769057,57.0951385319
404.8465920592,80.0532603903
405.5606072128,89.5116206458
406.2746223663,67.3118221913
406.9886375199,72.7378728470
407.7026526734,76.0681724588
408.4166678269,70.9501960957
409.1306829805,68.7660026369
409.8446981340,67.0026023913
410.5587132876,71.1825619215
411.2727284411,70.6844193266
411.9867435947,73.2040947616
412.7007587482,73.9438687536
413.4147739017,70.4192040340
414.1287890553,79.9593472339
414.8428042088,77.7491968893
415.5568193624,67.6768451100
416.2708345159,76.3489011002
416.9848496695,76.8570990434
417.6988648230,73.0821322946
418.4128799766,82.2035431876
419.1268951301,72.0040247056
419.8409102836,75.8852518777
420.5549254372,77.6763618556
421.2689405907,74.4965166481
421.9829557443,80.5499128746
422.6969708978,72.3997372124
423.4109860514,65.2385529362
424.1250012049,77.0354483284
424.8390163584,74.8534902289
425.5530315120,75.7100283463
426.2670466655,80.4546755142
426.9810618191,73.1508611374
427.6950769726,77.3806184617
428.4090921262,77.8306375219
429.1231072797,70.0311074179
429.8371224332,76.8203929066
430.5511375868,72.6069424786
431.2651527403,67.7484069060
431.9791678939,80.6182208800
432.6931830474,76.6647221127
433.4071982010,69.9707864139
434.1212133545,75.4037572061
434.8352285081,73.9913989862
435.5492436616,76.8482015705
436.2632588151,79.5626803940
436.9772739687,74.1062199523
437.6912891222,77.8913200408
438.4053042758,76.7877337136
439.1193194293,72.3419296376
439.8333345829,78.0449380674
440.5473497364,79.0625895991
441.2613648899,75.8832821352
441.9753800435,74.1942874000
442.6893951970,73.1699431734
443.4034103506,77.8466316964
444.1174255041,77.6970048854
444.8314406577,73.6268263153
445.5454558112,76.1607604547
446.2594709648,75.5568713645
446.9734861183,72.7925776075
447.6875012718,73.4719284474
448.4015164254,72.8442698656
449.1155315789,75.9670789121
449.8295467325,78.5703353129
450.5435618860,76.9873097074
451.2575770396,77.2666028268
451.9715921931,75.0557845366
452.6856073466,74.0669909853
453.3996225002,77.9256858807
454.1136376537,76.3810877440
454.8276528073,74.0748202288
455.5416679608,74.3285992893
456.2556831144,75.4855801633
456.9696982679,78.4464124870
457.6837134214,78.1139262526
458.3977285750,76.0401393732
459.1117437285,77.3474421703
459.8257588821,75.3127698339
460.5397740356,74.0039305331
461.2537891892,75.4020758369
461.9678043427,75.3241335612
462.6818194963,76.2923762807
463.3958346498,76.2280708702
464.1098498033,75.7738233557
464.8238649569,76.8415332557
465.5378801104,75.3767720926
466.2518952640,75.1196235769
466.9659104175,77.6904169710
467.6799255711,77.6708060575
468.3939407246,75.3232737703
469.1079558781,74.1762520181
469.8219710317,75.3226584292
470.5359861852,76.2844630264
471.2500013388,75.3153441476
471.9640164923,78.2337855870
472.6780316459,80.1198720901
473.3920467994,75.2755649692
474.1060619530,75.2403032015
474.8200771065,75.9216804523
475.5340922600,74.8152239795
476.2481074136,74.4991882187
476.9621225671,72.6581304352
477.6761377207,73.8584534545
478.3901528742,76.1346715077
479.1041680278,74.1395695218
479.8181831813,74.5506821813
480.5321983348,75.2891464026
481.2462134884,73.5642537937
481.9602286419,76.0844275520
482.6742437955,76.6509182905
483.3882589490,73.3464401838
484.1022741026,74.1372175545
484.8162892561,75.1704985201
485.5303044097,73.7711258576
486.2443195632,73.2235514720
486.9583347167,73.6437681623
487.6723498703,74.6931441390
488.3863650238,74.0910114271
489.1003801774,72.7333551304
489.8143953309,73.5314772886
490.5284104845,74.5967420111
491.2424256380,75.3685307422
491.9564407915,75.2441986587
492.6704559451,74.2933306388
493.3844710986,75.0891086711
494.0984862522,74.7971697323
494.8125014057,73.8322195027
495.5265165593,74.9142620331
496.2405317128,74.4776873172
496.9545468663,74.1571179235
497.6685620199,75.4518560981
498.3825771734,74.5620834941
499.0965923270,73.8802216599
499.8106074805,74.1803426775
500.5246226341,73.3660568002
501.2386377876,73.9489277823
501.9526529412,75.5737409661
502.6666680947,75.1319420937
503.3806832482,74.3099271646
504.0946984018,74.7249765767
504.8087135553,75.5659524866
505.5227287089,74.5403531292
506.2367438624,74.0465629764
506.9507590160,75.0667223030
507.6647741695,73.3655205794
508.3787893230,72.7542300572
509.0928044766,74.6640317466
509.8068196301,74.0400268437
510.5208347837,73.9641915406
511.2348499372,74.9742510166
511.9488650908,73.4229818210
512.6628802443,73.3829187669
513.3768953979,74.5956079367
514.0909105514,74.4670607938
514.8049257049,75.1011640761
515.5189408585,74.5967194704
516.2329560120,73.1862733035
516.9469711656,73.5687386517
517.6609863191,74.0550882033
518.3750014727,74.3549814944
519.0890166262,74.3213333609
519.8030317797,73.6826198231
520.5170469333,74.4016907658
521.2310620868,74.3069158473
521.9450772404,73.3339506476
522.6590923939,73.8606865220
523.3731075475,73.9734518903
524.0871227010,73.4639464630
524.8011378545,73.6821467359
525.5151530081,74.1931790557
526.2291681616,74.3888329155
526.9431833152,73.2498742253
527.6571984687,72.8968967658
528.3712136223,74.0449115054
529.0852287758,74.0282895416
529.7992439294,73.7076566925
530.5132590829,73.8595138743
531.2272742364,73.2612521590
531.9412893900,73.0835691296
532.6553045435,72.8045684162
533.3693196971,72.2908121669
534.0833348506,72.7178830184
534.7973500042,72.4983931211
535.5113651577,72.2505920597
536.2253803112,72.5895701987
536.9393954648,72.0997056378
537.6534106183,72.5117779360
538.3674257719,73.2606311352
539.0814409254,72.5655956900
539.7954560790,72.3821497431
540.5094712325,72.4264995984
541.2234863861,72.0210914933
541.9375015396,72.1168154099
542.6515166931,71.6582345373
543.3655318467,71.2371044468
544.0795470002,71.8207125747
544.7935621538,72.0633981827
545.5075773073,71.9192212053
546.2215924609,71.8206844885
546.9356076144,72.0009369043
547.6496227679,72.2860576761
548.3636379215,71.9719456430
549.0776530750,72.0938383782
549.7916682286,72.4454534149
550.5056833821,72.1995751662
551.2196985357,72.5197396581
551.9337136892,72.7971936768
552.6477288427,72.6609515013
553.3617439963,72.7726280375
554.0757591498,72.3751716667
554.7897743034,72.6905826684
555.5037894569,73.8341828313
556.2178046105,73.5577456501
556.9318197640,73.1220773650
557.6458349176,73.6971021901
558.3598500711,74.3175968117
559.0738652246,74.6256313955
559.7878803782,74.3587087625
560.5018955317,74.5830716422
561.2159106853,75.1806347522
561.9299258388,74.7682175505
562.6439409924,75.0823539851
563.3579561459,75.8431789727
564.0719712994,75.3844903029
564.7859864530,75.4475216424
565.5000016065,75.7600483309
566.2140167601,75.3532376288
566.9280319136,75.2568150346
567.6420470672,75.2988094930
568.3560622207,75.8173743282
569.0700773743,76.3143712127
569.7840925278,75.6895340449
570.4981076813,75.9497561279
571.2121228349,76.7952417401
571.9261379884,76.4049619675
572.6401531420,75.9468389682
573.3541682955,75.9334181289
574.0681834491,76.1715428362
574.7821986026,76.3495501222
575.4962137561,76.1745289749
576.2102289097,76.7183600484
576.9242440632,76.8951419933
577.6382592168,76.2912947281
578.3522743703,76.5630348761
579.0662895239,76.5020688758
579.7803046774,75.9730029807
580.4943198309,76.5211450438
581.2083349845,76.6665994753
581.9223501380,76.3391075529
582.6363652916,76.3713451161
583.3503804451,76.0356806459
584.0643955987,76.1511257779
584.7784107522,76.6165989266
585.4924259058,76.5338010150
586.2064410593,76.6632039455
586.9204562128,76.8157380819
587.6344713664,76.6649350911
588.3484865199,76.4323909330
589.0625016735,76.2775209604
589.7765168270,76.5456614082
590.4905319806,76.2514879897
591.2045471341,75.9458232885
591.9185622876,76.8867679818
592.6325774412,76.8580747787
593.3465925947,76.0641058874
594.0606077483,76.1887335991
594.7746229018,76.1186515777
595.4886380554,76.0181577173
596.2026532089,76.1448821126
596.9166683625,75.8989121018
597.6306835160,76.0652978617
598.3446986695,75.8116188140
599.0587138231,75.3019969035
599.7727289766,75.9820117998
600.4867441302,75.9161648890
601.2007592837,75.0115753622
601.9147744373,75.1486708846
602.6287895908,75.2334787199
603.3428047443,75.0233887431
604.0568198979,75.0292725786
604.7708350514,74.7666618474
605.4848502050,74.7049331863
606.1988653585,74.5706590702
606.9128805121,74.1130684423
607.6268956656,74.0455980901
608.3409108192,73.9356942519
609.0549259727,73.7728227902
609.7689411262,74.0313495005
610.4829562798,74.1873533452
611.1969714333,73.9830854754
611.9109865869,73.7196370429
612.6250017404,73.9311452075
613.3390168940,74.4069856972
614.0530320475,74.2762439475
614.7670472010,74.2118213135
615.4810623546,74.6187095051
616.1950775081,74.6769635459
616.9090926617,74.5306669473
617.6231078152,74.4862826125
618.3371229688,74.6586861778
619.0511381223,74.8914517297
619.7651532758,74.6060302193
620.4791684294,74.5163219348
621.1931835829,74.8613712377
621.9071987365,74.7202612293
622.6212138900,74.5817974523
623.3352290436,74.5512724987
624.0492441971,74.3850956441
624.7632593507,74.4669820009
625.4772745042,74.2905198858
626.1912896577,74.3522701568
626.9053048113,74.9666216745
627.6193199648,74.7400619726
628.3333351184,74.3978008396
629.0473502719,74.7996252408
629.7613654255,74.8203440194
630.4753805790,74.8336513879
631.1893957325,75.1296839532
631.9034108861,75.1820590157
632.6174260396,75.2172537757
633.3314411932,74.8546556899
634.0454563467,74.7201453890
634.7594715003,75.5215270163
635.4734866538,75.6111943318
636.1875018074,75.0586358472
636.9015169609,75.3977483483
637.6155321144,75.6016257727
638.3295472680,75.1612021618
639.0435624215,75.2422775333
639.7575775751,75.7889223731
640.4715927286,75.8001503986
641.1856078822,75.3060084176
641.8996230357,75.3965553182
642.6136381892,76.0295071305
643.3276533428,76.1277592586
644.0416684963,76.0356177252
644.7556836499,76.1680296679
645.4696988034,76.1217549100
646.1837139570,76.2156814996
646.8977291105,76.5349132541
647.6117442640,76.5416491019
648.3257594176,76.4651985457
649.0397745711,76.6633528870
649.7537897247,76.8495303638
650.4678048782,76.8521703392
651.1818200318,76.7867009988
651.8958351853,76.7866920189
652.6098503389,77.1179099435
653.3238654924,77.5283601330
654.0378806459,77.3706207907
654.7518957995,77.2132597883
655.4659109530,77.5595718684
656.1799261066,77.5208560012
656.8939412601,77.1952556292
657.6079564137,77.3618682096
658.3219715672,77.6648194254
659.0359867207,77.8586468216
659.7500018743,77.8634762036
660.4640170278,77.6995873961
661.1780321814,77.8410573266
661.8920473349,77.9091199338
662.6060624885,77.7177455788
663.3200776420,77.7747590756
664.0340927956,77.8055310415
664.7481079491,77.8264120449
665.4621231026,78.0906182843
666.1761382562,78.0635689460
666.8901534097,77.9039203686
667.6041685633,77.9306414496
668.3181837168,78.2594461257
669.0321988704,78.0314398746
669.7462140239,77.6904483273
670.4602291774,77.7017149155
671.1742443310,78.1555163043
671.8882594845,77.9944743553
672.6022746381,77.6007290337
673.3162897916,77.8777005234
674.0303049452,78.2217203624
674.7443200987,78.1864661305
675.4583352522,78.0374368736
676.1723504058,77.9507437851
676.8863655593,77.9322284147
677.6003807129,77.8058476460
678.3143958664,77.7591747317
679.0284110200,77.9524686894
679.7424261735,78.2262395440
680.4564413271,78.3430023131
681.1704564806,78.1557259473
681.8844716341,78.1809494764
682.5984867877,78.4679255569
683.3125019412,78.4012896922
684.0265170948,78.3412838036
684.7405322483,78.3922270173
685.4545474019,78.2943297334
686.1685625554,78.5070260790
686.8825777089,78.5285569828
687.5965928625,78.0825122364
688.3106080160,78.0873158646
689.0246231696,78.2785180517
689.7386383231,78.3045821238
690.4526534767,78.4286087440
691.1666686302,78.5141273392
691.8806837838,78.6689760023
692.5946989373,78.5744747616
693.3087140908,78.2042283353
694.0227292444,78.3798664834
694.7367443979,78.6551507266
695.4507595515,78.6133095905
696.1647747050,78.6571816821
696.8787898586,78.6679448426
697.5928050121,78.8966619055
698.3068201656,79.1286378908
699.0208353192,78.8496403287
699.7348504727,78.9149617088
700.4488656263,79.3587996365
701.1628807798,79.4616127824
701.8768959334,79.3819689775
702.5909110869,79.2367975686
703.3049262404,79.3947655384
704.0189413940,79.7867453741
704.7329565475,79.7718453352
705.4469717011,79.9744648980
706.1609868546,80.2783415339
706.8750020082,79.9885642259
707.5890171617,80.0903533844
708.3030323153,80.5607879229
709.0170474688,80.6245288082
709.7310626223,80.7485742132
710.4450777759,80.8468821042
711.1590929294,80.8560682809
711.8731080830,81.0388356443
712.5871232365,80.9978523852
713.3011383901,81.0338942911
714.0151535436,81.1727026448
714.7291686971,81.0132104706
715.4431838507,81.3054710480
716.1571990042,81.7730526763
716.8712141578,81.5590245905
717.5852293113,81.4748118340
718.2992444649,81.5864918262
719.0132596184,81.4416247420
719.7272747720,81.7606980772
720.4412899255,82.3233035561
721.1553050790,82.2087900453
721.8693202326,82.0716493758
722.5833353861,82.3012735136
723.2973505397,82.4537350631
724.0113656932,82.7442223877
724.7253808468,83.1248476146
725.4393960003,83.0452441026
726.1534111538,83.0951880214
726.8674263074,83.4636048121
727.5814414609,83.4906607320
728.2954566145,83.7561991542
729.0094717680,84.2238314908
729.7234869216,84.1528651288
730.4375020751,84.3752905959
731.1515172287,84.7530119458
731.8655323822,84.4954118768
732.5795475357,84.5925975908
733.2935626893,85.0502421272
734.0075778428,85.1923340722
734.7215929964,85.3803285743
735.4356081499,85.3821475753
736.1496233035,85.4583635782
736.8636384570,85.9752795350
737.5776536105,85.9842844304
738.2916687641,85.7815054209
739.0056839176,86.0078777152
739.7196990712,86.0880804993
740.4337142247,86.1129766050
741.1477293783,86.1420946183
741.8617445318,86.0870357115
742.5757596853,86.2296074916
743.2897748389,86.1170633831
744.0037899924,86.0274619313
744.7178051460,86.3889073559
745.4318202995,86.2954283663
746.1458354531,86.1184246307
746.8598506066,86.4563951495
747.5738657602,86.4686080080
748.2878809137,86.3207318376
749.0018960672,86.3835614387
749.7159112208,86.2663455749
750.4299263743,86.3237643883
751.1439415279,86.5122421260
751.8579566814,86.3983378589
752.5719718350,86.4105978550
753.2859869885,86.5178483819
754.0000021420,86.3582216432
754.7140172956,86.4223866774
755.4280324491,86.8394311028
756.1420476027,86.8815759422
756.8560627562,86.6659117745
757.5700779098,86.9015595093
758.2840930633,87.1450735519
758.9981082169,86.9087613792
759.7121233704,86.8740303153
760.4261385239,87.1329385105
761.1401536775,87.1478506063
761.8541688310,87.1005435246
762.5681839846,87.2638056065
763.2821991381,87.4232708539
763.9962142917,87.4122083481
764.7102294452,87.4823772515
765.4242445987,87.6666889317
766.1382597523,87.5451937151
766.8522749058,87.4835754954
767.5662900594,87.7754954959
768.2803052129,87.7759874256
768.9943203665,87.7315371545
769.7083355200,87.9852195939
770.4223506735,87.9189682223
771.1363658271,87.7071016560
771.8503809806,87.6932782160
772.5643961342,87.8361520835
773.2784112877,88.2370838962
773.9924264413,88.3342519854
774.7064415948,88.1288208055
775.4204567484,88.2761299446
776.1344719019,88.4051810345
776.8484870554,88.4571852611
777.5625022090,88.6864677860
778.2765173625,88.7790110803
778.9905325161,88.8537768212
779.7045476696,88.8514950806
780.4185628232,88.8792522138
781.1325779767,89.1790611797
781.8465931302,88.9408707196
782.5606082838,88.7647508912
783.2746234373,89.4246391600
783.9886385909,89.2966500085
784.7026537444,88.8510518627
785.4166688980,89.4663309984
786.1306840515,89.5911813718
786.8446992051,89.1520880237
787.5587143586,89.4231172802
788.2727295121,89.6320121587
788.9867446657,89.5923954759
789.7007598192,89.6817856846
790.4147749728,89.7264946182
791.1287901263,90.0188936725
791.8428052799,90.0956138649
792.5568204334,89.7717680891
793.2708355869,90.0299138937
793.9848507405,90.3706028371
794.6988658940,90.0131564695
795.4128810476,89.8848168861
796.1268962011,90.2987568335
796.8409113547,90.4544097592
797.5549265082,90.1517312596
798.2689416617,90.0487413649
798.9829568153,90.3709459112
799.6969719688,90.3672452686
800.4109871224,90.0024937636
801.1250022759,90.1775573145
801.8390174295,90.5222276427
802.5530325830,90.1950182982
803.2670477366,89.9367012032
803.9810628901,90.3114309280
804.6950780436,90.4338826879
805.4090931972,90.0989946396
806.1231083507,90.0633625310
806.8371235043,90.2756554894
807.5511386578,90.2807539796
808.2651538114,90.0906126791
808.9791689649,90.0156496271
809.6931841184,90.2119322388
810.4071992720,90.2463372945
811.1212144255,90.0711286904
811.8352295791,90.3323843123
812.5492447326,90.6255598497
813.2632598862,90.2033043573
813.9772750397,89.8210518171
814.6912901933,90.2252906758
815.4053053468,90.6077616423
816.1193205003,90.2009932654
816.8333356539,90.0745085822
817.5473508074,90.7109069519
818.2613659610,90.5164108562
818.9753811145,89.7044485647
819.6893962681,90.0517796153
820.4034114216,90.5910873728
821.1174265751,90.1511244143
821.8314417287,89.8062079095
822.5454568822,90.0547830355
823.2594720358,90.3317947747
823.9734871893,90.0340621311
824.6875023429,89.5322372264
825.4015174964,89.9252396493
826.1155326499,90.3354684961
826.8295478035,89.6910692141
827.5435629570,89.5022623862
828.2575781106,90.1601928334
828.9715932641,90.2501867045
829.6856084177,89.7948480302
830.3996235712,89.8328402578
831.1136387248,90.3846065028
831.8276538783,90.3113469995
832.5416690318,89.6790075746
833.2556841854,90.0493202185
833.9696993389,90.7175586509
834.6837144925,90.1802693690
835.3977296460,89.7894399924
836.1117447996,90.3550096165
836.8257599531,90.5622504528
837.5397751066,90.0679119730
838.2537902602,89.8804630269
838.9678054137,90.4133624247
839.6818205673,90.6257442894
840.3958357208,89.9522755234
841.1098508744,89.8677391692
841.8238660279,90.6209366018
842.5378811815,90.6220332472
843.2518963350,90.0419030871
843.9659114885,90.2286714744
844.6799266421,90.8039015265
845.3939417956,90.5851448012
846.1079569492,90.0386253328
846.8219721027,90.3778071818
847.5359872563,90.9000878910
848.2500024098,90.4768378255
848.9640175633,90.1483622445
849.6780327169,90.6114801761
850.3920478704,90.7812589096
851.1060630240,90.3241531596
851.8200781775,90.2146972245
852.5340933311,90.6472127521
853.2481084846,90.6773561902
853.9621236381,90.2287434636
854.6761387917,90.4096662472
855.3901539452,91.0049338507
856.1041690988,90.9429302503
856.8181842523,90.7170658360
857.5321994059,90.9819536269
858.2462145594,91.0846949317
858.9602297130,90.7711726455
859.6742448665,90.6946557761
860.3882600200,90.9888004318
861.1022751736,91.1074665417
861.8162903271,90.9550075057
862.5303054807,91.0163375125
863.2443206342,91.2227981012
863.9583357878,91.0758476911
864.6723509413,90.8867000726
865.3863660948,91.1671264006
866.1003812484,91.3541310387
866.8143964019,91.0305785538
867.5284115555,90.8930953212
868.2424267090,91.1128596845
868.9564418626,91.0652038010
869.6704570161,90.8579061174
870.3844721697,90.9081848423
871.0984873232,91.0922074114
871.8125024767,91.0379820444
872.5265176303,90.6482657554
873.2405327838,90.5567977599
873.9545479374,90.9435471547
874.6685630909,90.8999971297
875.3825782445,90.5915989666
876.0965933980,90.8389880341
876.8106085515,90.9466085426
877.5246237051,90.5354366339
878.2386388586,90.5065456284
878.9526540122,90.8171029942
879.6666691657,90.7815690329
880.3806843193,90.6260526970
881.0946994728,90.6765055259
881.8087146264,90.7310672290
882.5227297799,90.7144312322
883.2367449334,90.7189945125
883.9507600870,90.7383175121
884.6647752405,90.8191942677
885.3787903941,90.8497394032
886.0928055476,90.7176863501
886.8068207012,90.7823247600
887.5208358547,91.0185036159
888.2348510082,90.9241579668
888.9488661618,90.7599798770
889.6628813153,90.9287929796
890.3768964689,91.0706364909
891.0909116224,90.9881347374
891.8049267760,90.9644554917
892.5189419295,91.0954099931
893.2329570830,91.1155554356
893.9469722366,90.9122466269
894.6609873901,90.7358423102
895.3750025437,90.6183463911
896.0890176972,90.5303375667
896.8030328508,90.5632828530
897.5170480043,90.4343123944
898.2310631579,90.1787506042
898.9450783114,90.1592773526
899.6590934649,90.1682651910
900.3731086185,90.1630726536
901.0871237720,90.2359572934
901.8011389256,90.1337034506
902.5151540791,90.1121316907
903.2291692327,90.2916526805
903.9431843862,90.2588218895
904.6571995397,90.1839966660
905.3712146933,90.2339392184
906.0852298468,90.2462222150
906.7992450004,90.3065705429
907.5132601539,90.3301163069
908.2272753075,90.2599139288
908.9412904610,90.2598397320
909.6553056146,90.2804857064
910.3693207681,90.2950201280
911.0833359216,90.3093774811
911.7973510752,90.2729173246
912.5113662287,90.2135428269
913.2253813823,90.1565271896
913.9393965358,90.2110276975
914.6534116894,90.2556118131
915.3674268429,90.1118446546
916.0814419964,90.0693722894
916.7954571500,90.0842827236
917.5094723035,89.9566312904
918.2234874571,89.9711140587
918.9375026106,89.9794932480
919.6515177642,89.8533289226
920.3655329177,89.9220173307
921.0795480712,89.9738754822
921.7935632248,89.8973337303
922.5075783783,89.9141626648
923.2215935319,89.8393804057
923.9356086854,89.7663446135
924.6496238390,89.8500792014
925.3636389925,89.8366044245
926.0776541461,89.7957168430
926.7916692996,89.8147416913
927.5056844531,89.8070294955
928.2196996067,89.9256004433
928.9337147602,90.1113817151
929.6477299138,90.1266403104
930.3617450673,90.0722676148
931.0757602209,90.1558037862
931.7897753744,90.2656120846
932.5037905279,90.2415454756
933.2178056815,90.3569527554
933.9318208350,90.6257404423
934.6458359886,90.6645076501
935.3598511421,90.6552204029
936.0738662957,90.7515325279
936.7878814492,90.7718564622
937.5018966028,90.8837306484
938.2159117563,90.9716184857
938.9299269098,90.9126948192
939.6439420634,91.0289034155
940.3579572169,91.1155348418
941.0719723705,91.0523352412
941.7859875240,91.1160241388
942.5000026776,91.1355535684
943.2140178311,91.1139833995
943.9280329846,91.1193171847
944.6420481382,90.9931371069
945.3560632917,90.9863141546
946.0700784453,91.0468815298
946.7840935988,91.0007889114
947.4981087524,91.1502361756
948.2121239059,91.2320499627
948.9261390594,91.0637094863
949.6401542130,91.0928371875
950.3541693665,91.1627739775
951.0681845201,91.1106867057
951.7821996736,91.1820942460
952.4962148272,91.2189807616
953.2102299807,91.1701280518
953.9242451343,91.2097828815
954.6382602878,91.2213334080
955.3522754413,91.0904014884
956.0662905949,90.9668667858
956.7803057484,91.1020629911
957.4943209020,91.2556219576
958.2083360555,90.9951889218
958.9223512091,90.6942645859
959.6363663626,90.7173836288
960.3503815161,90.7059335229
961.0643966697,90.5285780268
961.7784118232,90.4145661210
962.4924269768,90.3575751617
963.2064421303,90.2089987440
963.9204572839,90.0422359149
964.6344724374,90.0091995450
965.3484875910,89.9224311034
966.0625027445,89.6796970260
966.7765178980,89.4807101622
967.4905330516,89.3093855560
968.2045482051,89.1341126703
968.9185633587,88.9447871761
969.6325785122,88.6641359248
970.3465936658,88.5020100970
971.0606088193,88.3775823950
971.7746239728,88.0479573128
972.4886391264,87.8218118411
973.2026542799,87.6600466893
973.9166694335,87.3404005123
974.6306845870,87.2217727420
975.3446997406,87.2384071803
976.0587148941,87.0893346634
976.7727300476,86.9770748337
977.4867452012,86.9198297017
978.2007603547,86.9052801663
978.9147755083,87.0100648797
979.6287906618,87.0108324605
980.3428058154,87.0271689453
981.0568209689,87.2179489163
981.7708361225,87.2773326110
982.4848512760,87.3427486728
983.1988664295,87.5532844814
983.9128815831,87.5125861611
984.6268967366,87.4077723050
985.3409118902,87.5665798568
986.0549270437,87.6027229065
986.7689421973,87.4652744921
987.4829573508,87.4164097859
988.1969725043,87.2643297251
988.9109876579,87.0150407708
989.6250028114,86.8891535851
990.3390179650,86.7519623511
991.0530331185,86.5651688383
991.7670482721,86.4382725203
992.4810634256,86.3297472394
993.1950785792,86.1984860422
993.9090937327,85.9936702214
994.6231088862,85.8490926123
995.3371240398,85.9452179411
996.0511391933,86.0133433166
996.7651543469,85.9306385922
997.4791695004,85.9338006272
998.1931846540,85.9908166172
998.9071998075,86.0312682889
999.6212149610,86.0491113126
1000.3352301146,85.9821693646
1001.0492452681,86.0149073280
1001.7632604217,86.1754245816
1002.4772755752,86.2257839944
1003.1912907288,86.2690872762
1003.9053058823,86.4222166324
1004.6193210359,86.4910493228
1005.3333361894,86.4575098158
1006.0473513429,86.5701696507
1006.7613664965,86.8215847969
1007.4753816500,86.8496636098
1008.1893968036,86.7147300615
1008.9034119571,86.8109760793
1009.6174271107,86.9428091823
1010.3314422642,86.8867955867
1011.0454574177,86.8609871563
1011.7594725713,86.8337125867
1012.4734877248,86.7573284176
1013.1875028784,86.7040368981
1013.9015180319,86.5864047989
1014.6155331855,86.4993200662
1015.3295483390,86.4582678425
1016.0435634925,86.3463631282
1016.7575786461,86.3073277281
1017.4715937996,86.2911312171
1018.1856089532,86.2095102048
1018.8996241067,86.2149356924
1019.6136392603,86.2386880223
1020.3276544138,86.2965801741
1021.0416695674,86.4513995260
1021.7556847209,86.4512531292
1022.4696998744,86.3742017467
1023.1837150280,86.4409358776
1023.8977301815,86.4971766234
1024.6117453351,86.5090236345
1025.3257604886,86.4914748254
1026.0397756422,86.3106991638
1026.7537907957,86.0876070374
1027.4678059492,85.9925877173
1028.1818211028,85.8780368290
1028.8958362563,85.6197891228
1029.6098514099,85.4113047782
1030.3238665634,85.3355322037
1031.0378817170,85.2298560940
1031.7518968705,85.1487688707
1032.4659120241,85.1513975100
1033.1799271776,85.1520838868
1033.8939423311,85.2086680078
1034.6079574847,85.3026459938
1035.3219726382,85.4291593206
1036.0359877918,85.6118302479
1036.7500029453,85.6542159108
1037.4640180989,85.6845479362
1038.1780332524,85.8696869364
1038.8920484059,85.9161600367
1039.6060635595,85.8909596029
1040.3200787130,85.9536209035
1041.0340938666,85.9683185076
1041.7481090201,86.0618232387
1042.4621241737,86.1080246268
1043.1761393272,85.9499606831
1043.8901544807,85.9432839760
1044.6041696343,86.0080644915
1045.3181847878,85.9572310677
1046.0321999414,85.9978756775
1046.7462150949,85.9846130974
1047.4602302485,85.8772100724
1048.1742454020,85.8867555807
1048.8882605556,85.8963451675
1049.6022757091,85.8488023412
1050.3162908626,85.7662041783
1051.0303060162,85.6703962397
1051.7443211697,85.6678749558
1052.4583363233,85.6295784104
1053.1723514768,85.5203732450
1053.8863666304,85.4245195118
1054.6003817839,85.2750991972
1055.3143969374,85.2028490776
1056.0284120910,85.2005272877
1056.7424272445,85.1137837145
1057.4564423981,85.1153380492
1058.1704575516,85.1764528887
1058.8844727052,85.1285952115
1059.5984878587,85.0175424777
1060.3125030123,84.8434959612
1061.0265181658,84.7470636300
1061.7405333193,84.7482511128
1062.4545484729,84.6307254077
1063.1685636264,84.5544452896
1063.8825787800,84.6331812258
1064.5965939335,84.6925258597
1065.3106090871,84.7712035293
1066.0246242406,84.9009499619
1066.7386393941,85.0078613376
1067.4526545477,85.1161830629
1068.1666697012,85.3012187650
1068.8806848548,85.5460905871
1069.5947000083,85.6470344682
1070.3087151619,85.6782120517
1071.0227303154,85.8748102107
1071.7367454689,86.0523169453
1072.4507606225,86.1695897178
1073.1647757760,86.3158394681
1073.8787909296,86.3748735409
1074.5928060831,86.5112093775
1075.3068212367,86.6385265522
1076.0208363902,86.5468287572
1076.7348515438,86.6688447284
1077.4488666973,86.9323034382
1078.1628818508,86.8859227626
1078.8768970044,86.8760758826
1079.5909121579,87.0983622070
1080.3049273115,87.2790576436
1081.0189424650,87.3645207905
1081.7329576186,87.4606004733
1082.4469727721,87.6538386247
1083.1609879256,87.7208097622
1083.8750030792,87.6316570720
1084.5890182327,87.8142677856
1085.3030333863,88.0001959833
1086.0170485398,87.8483869788
1086.7310636934,87.8593771189
1087.4450788469,88.0782300296
1088.1590940005,88.1037348953
1088.8731091540,88.0346380779
1089.5871243075,88.0179311635
1090.3011394611,88.0575553710
1091.0151546146,88.0905102401
1091.7291697682,88.0144340554
1092.4431849217,87.9859769150
1093.1572000753,88.0603895307
1093.8712152288,88.0470720282
1094.5852303823,88.0659308812
1095.2992455359,88.2069933356
1096.0132606894,88.1264759033
1096.7272758430,87.9116620638
1097.4412909965,88.0335673909
1098.1553061501,88.1925416497
1098.8693213036,87.9983582727
1099.5833364571,87.8527032203
1100.2973516107,87.8810814568
1101.0113667642,87.8325742276
1101.7253819178,87.7738832654
1102.4393970713,87.7514536044
1103.1534122249,87.7243355887
1103.8674273784,87.6137955028
1104.5814425320,87.4481343281
1105.2954576855,87.5423058465
1106.0094728390,87.6941265562
1106.7234879926,87.6003131115
1107.4375031461,87.6249891629
1108.1515182997,87.7285772584
1108.8655334532,87.6861894650
1109.5795486068,87.7026498066
1110.2935637603,87.6574915885
1111.0075789138,87.5840848588
1111.7215940674,87.6621980339
1112.4356092209,87.6076063803
1113.1496243745,87.5534648969
1113.8636395280,87.6328230924
1114.5776546816,87.4730658071
1115.2916698351,87.2910806499
1116.0056849887,87.3429554591
1116.7197001422,87.2798526775
1117.4337152957,87.0754254517
1118.1477304493,87.0532078306
1118.8617456028,87.2135028914
1119.5757607564,87.1874654589
1120.2897759099,86.9701571537
1121.0037910635,86.9747963506
1121.7178062170,87.0477353817
1122.4318213705,86.9494498209
1123.1458365241,86.9633799716
1123.8598516776,87.0212096369
1124.5738668312,86.9241323637
1125.2878819847,86.8675644340
1126.0018971383,86.9339935612
1126.7159122918,87.0222993528
1127.4299274454,87.0256186811
1128.1439425989,87.0150156885
1128.8579577524,87.1090546325
1129.5719729060,87.1090526015
1130.2859880595,87.0169221386
1131.0000032131,87.0427485562
1131.7140183666,87.0842077436
1132.4280335202,87.0602146120
1133.1420486737,86.9425706751
1133.8560638272,86.8168611532
1134.5700789808,86.8336785107
1135.2840941343,86.7173868447
1135.9981092879,86.5786364427
1136.7121244414,86.8156903337
1137.4261395950,86.9372783764
1138.1401547485,86.6969564267
1138.8541699020,86.5918966275
1139.5681850556,86.6182112660
1140.2822002091,86.5685809412
1140.9962153627,86.4542332256
1141.7102305162,86.3322529285
1142.4242456698,86.3284861297
1143.1382608233,86.3108145032
1143.8522759769,86.1671759453
1144.5662911304,86.1022027170
1145.2803062839,86.1061345514
1145.9943214375,86.0040751244
1146.7083365910,85.8561996440
1147.4223517446,85.8617417075
1148.1363668981,85.9297300521
1148.8503820517,85.7973134850
1149.5643972052,85.6535844276
1150.2784123587,85.6219395871
1150.9924275123,85.4854210260
1151.7064426658,85.3945832071
1152.4204578194,85.3830600517
1153.1344729729,85.2564556919
1153.8484881265,85.1716916444
1154.5625032800,85.1134861054
1155.2765184336,85.0184602323
1155.9905335871,84.9519524514
1156.7045487406,84.7372755252
1157.4185638942,84.5979650857
1158.1325790477,84.7252739411
1158.8465942013,84.6622696496
1159.5606093548,84.4698053440
1160.2746245084,84.4722167719
1160.9886396619,84.4520320407
1161.7026548154,84.3735122970
1162.4166699690,84.3861221551
1163.1306851225,84.3986843362
1163.8447002761,84.3091883277
1164.5587154296,84.1697054733
1165.2727305832,84.1301276642
1165.9867457367,84.1420968323
1166.7007608902,84.0947376145
1167.4147760438,84.0570473835
1168.1287911973,84.0343260223
1168.8428063509,84.0413642734
1169.5568215044,84.0439009994
1170.2708366580,83.9796153434
1170.9848518115,83.9888704724
1171.6988669651,83.9575333134
1172.4128821186,83.8699934387
1173.1268972721,84.0501849867
1173.8409124257,84.1983238856
1174.5549275792,84.1194119359
1175.2689427328,84.1942716130
1175.9829578863,84.2737348845
1176.6969730399,84.2928655094
1177.4109881934,84.4397119088
1178.1250033469,84.4748603379
1178.8390185005,84.5139496646
1179.5530336540,84.6732778953
1180.2670488076,84.6771773439
1180.9810639611,84.7058175148
1181.6950791147,84.7605446225
1182.4090942682,84.6512384820
1183.1231094218,84.6596490571
1183.8371245753,84.7161305702
1184.5511397288,84.6340057655
1185.2651548824,84.5933935530
1185.9791700359,84.5254482593
1186.6931851895,84.4202397837
1187.4072003430,84.3902342077
1188.1212154966,84.3002334871
1188.8352306501,84.1934675277
1189.5492458036,84.1576826185
1190.2632609572,84.0547840866
1190.9772761107,83.8809234840
1191.6912912643,83.7771177638
1192.4053064178,83.7427673182
1193.1193215714,83.6194501522
1193.8333367249,83.4579968505
1194.5473518784,83.4262018851
1195.2613670320,83.3446025717
1195.9753821855,83.1332388752
1196.6893973391,83.0184426326
1197.4034124926,82.9841375796
1198.1174276462,82.8950694500
1198.8314427997,82.7493828474
1199.5454579533,82.5892283001
1200.2594731068,82.4486515994
1200.9734882603,82.2851061349
1201.6875034139,82.1451765206
1202.4015185674,82.0535739669
1203.1155337210,81.8691227502
1203.8295488745,81.6620532569
1204.5435640281,81.5345165484
1205.2575791816,81.3744500250
1205.9715943351,81.1768499993
1206.6856094887,80.9936488125
1207.3996246422,80.8632109448
1208.1136397958,80.7725123219
1208.8276549493,80.5949219342
1209.5416701029,80.4191451794
1210.2556852564,80.3485467068
1210.9697004100,80.2321793253
1211.6837155635,80.0611595532
1212.3977307170,79.9400665940
1213.1117458706,79.8623737019
1213.8257610241,79.7649826707
1214.5397761777,79.6380409032
1215.2537913312,79.6205862119
1215.9678064848,79.6313649026
1216.6818216383,79.4696173977
1217.3958367918,79.3583220758
1218.1098519454,79.4034488646
1218.8238670989,79.3595133924
1219.5378822525,79.2320980039
1220.2518974060,79.1650454776
1220.9659125596,79.1599402868
1221.6799277131,79.0920904159
1222.3939428666,78.9494443839
1223.1079580202,78.9622447002
1223.8219731737,79.0224934020
1224.5359883273,78.9343128864
1225.2500034808,78.9432866201
1225.9640186344,78.9951405910
1226.6780337879,78.9097283630
1227.3920489415,78.9181145110
1228.1060640950,78.9816835913
1228.8200792485,78.9954970142
1229.5340944021,79.1009966540
1230.2481095556,79.1933868682
1230.9621247092,79.2523068381
1231.6761398627,79.3914248056
1232.3901550163,79.4872766177
1233.1041701698,79.5736622839
1233.8181853233,79.8025385233
1234.5322004769,80.0735886352
1235.2462156304,80.2313760080
1235.9602307840,80.3255806305
1236.6742459375,80.5202156915
1237.3882610911,80.7200274556
1238.1022762446,80.8128951538
1238.8162913982,80.9708022491
1239.5303065517,81.1400073403
1240.2443217052,81.1941180143
1240.9583368588,81.2674865739
1241.6723520123,81.3711145175
1242.3863671659,81.4983729843
1243.1003823194,81.6125844802
1243.8143974730,81.6314996876
1244.5284126265,81.7638411637
1245.2424277800,81.9584205593
1245.9564429336,81.9965962022
1246.6704580871,82.1379799865
1247.3844732407,82.3606272169
1248.0984883942,82.3851346492
1248.8125035478,82.4480363457
1249.5265187013,82.6507554138
1250.2405338549,82.7479056025
1250.9545490084,82.7563812282
1251.6685641619,82.7911656534
1252.3825793155,82.7820985036
1253.0965944690,82.7098026251
1253.8106096226,82.7068051570
1254.5246247761,82.7355075017
1255.2386399297,82.6650293684
1255.9526550832,82.5813943989
1256.6666702367,82.5171550281
1257.3806853903,82.4893978230
1258.0947005438,82.5497478410
1258.8087156974,82.4964950936
1259.5227308509,82.3951332613
1260.2367460045,82.4890777839
1260.9507611580,82.5347958777
1261.6647763115,82.4652891196
1262.3787914651,82.4895181557
1263.0928066186,82.5417638437
1263.8068217722,82.6002148640
1264.5208369257,82.6427081290
1265.2348520793,82.6882421247
1265.9488672328,82.8587721273
1266.6628823864,82.9329113687
1267.3768975399,82.9368321665
1268.0909126934,83.1483359588
1268.8049278470,83.2892414801
1269.5189430005,83.2956275632
1270.2329581541,83.4496903531
1270.9469733076,83.6309785595
1271.6609884612,83.7752157781
1272.3750036147,83.9101399240
1273.0890187682,83.9764644055
1273.8030339218,84.0553857029
1274.5170490753,84.1344371093
1275.2310642289,84.2362128890
1275.9450793824,84.3807905740
1276.6590945360,84.4254785349
1277.3731096895,84.4622248780
1278.0871248431,84.5604357432
1278.8011399966,84.6348668543
1279.5151551501,84.6847339740
1280.2291703037,84.6347110059
1280.9431854572,84.6466585840
1281.6572006108,84.8105487463
1282.3712157643,84.8071788625
1283.0852309179,84.7557971765
1283.7992460714,84.8404690018
1284.5132612249,84.8503432773
1285.2272763785,84.8755284877
1285.9412915320,84.9509741791
1286.6553066856,84.9574039973
1287.3693218391,84.9930183576
1288.0833369927,84.9758767700
1288.7973521462,84.9263923196
1289.5113672997,84.9608070996
1290.2253824533,84.9294797433
1290.9393976068,84.8984929082
1291.6534127604,84.9129219378
1292.3674279139,84.8650882596
1293.0814430675,84.9028060166
1293.7954582210,84.9776927480
1294.5094733746,84.9389676317
1295.2234885281,84.8856785022
1295.9375036816,84.8397968178
1296.6515188352,84.8464230071
1297.3655339887,84.8894751888
1298.0795491423,84.8479527730
1298.7935642958,84.8336346816
1299.5075794494,84.8739020601
1300.2215946029,84.8838418162
1300.9356097564,84.9123727002
1301.6496249100,84.9272997802
1302.3636400635,84.9135953835
1303.0776552171,84.8919815650
1303.7916703706,84.8385177065
1304.5056855242,84.8011704618
1305.2197006777,84.7646010868
1305.9337158313,84.6927447464
1306.6477309848,84.5888026547
1307.3617461383,84.5027304754
1308.0757612919,84.4968363831
1308.7897764454,84.4182667746
1309.5037915990,84.3131378835
1310.2178067525,84.3269101945
1310.9318219061,84.2124308324
1311.6458370596,84.0876556172
1312.3598522131,84.1759728927
1313.0738673667,84.1554211609
1313.7878825202,84.0908276605
1314.5018976738,84.1302474969
1315.2159128273,84.0518262195
1315.9299279809,84.0397000717
1316.6439431344,84.0703022373
1317.3579582879,83.9661337730
1318.0719734415,84.0430089404
1318.7859885950,84.1691277228
1319.5000037486,84.0661135341
1320.2140189021,84.0084053837
1320.9280340557,83.9824202929
1321.6420492092,83.9319189846
1322.3560643628,83.9311556456
1323.0700795163,83.9215196729
1323.7840946698,83.9546666843
1324.4981098234,83.9487857662
1325.2121249769,83.8972543784
1325.9261401305,83.9937442662
1326.6401552840,84.0601022691
1327.3541704376,84.0092793268
1328.0681855911,84.0192279515
1328.7822007446,84.0594266902
1329.4962158982,84.1160898394
1330.2102310517,84.1294721763
1330.9242462053,84.1094336179
1331.6382613588,84.1859828086
1332.3522765124,84.1546517385
1333.0662916659,84.0927232624
1333.7803068195,84.2042968168
1334.4943219730,84.1739651906
1335.2083371265,84.1483681929
1335.9223522801,84.3479295512
1336.6363674336,84.3442330623
1337.3503825872,84.2566929446
1338.0643977407,84.4012456655
1338.7784128943,84.4821059060
1339.4924280478,84.5716266506
1340.2064432013,84.7721387334
1340.9204583549,84.6303068593
1341.6344735084,84.4488516574
1342.3484886620,84.5816173408
1343.0625038155,84.6942619061
1343.7765189691,84.6306162898
1344.4905341226,84.6612592899
1345.2045492761,84.6762653087
1345.9185644297,84.6032191594
1346.6325795832,84.6469982624
1347.3465947368,84.6738297955
1348.0606098903,84.6201111272
1348.7746250439,84.6551503363
1349.4886401974,84.6439723952
1350.2026553510,84.5682613554
1350.9166705045,84.5188830878
1351.6306856580,84.4698874103
1352.3447008116,84.5270880083
1353.0587159651,84.5220308433
1353.7727311187,84.4296607013
1354.4867462722,84.5235375939
1355.2007614258,84.4706462222
1355.9147765793,84.2958395357
1356.6287917328,84.3123070722
1357.3428068864,84.2134635512
1358.0568220399,84.1978476570
1358.7708371935,84.2267561772
1359.4848523470,83.9239885408
1360.1988675006,84.0071829165
1360.9128826541,84.2162120900
1361.6268978077,83.7136939584
1362.3409129612,83.8307806420
1363.0549281147,84.3750616629
1363.7689432683,83.6822469470
1364.4829584218,83.3291482542
1365.1969735754,83.3536214355
1365.9109887289,83.2158074850
1366.6250038825,83.1861980739
1367.3390190360,83.1858944352
1368.0530341895,83.2856613858
1368.7670493431,83.5042251275
1369.4810644966,83.3713081632
1370.1950796502,83.3596355544
1370.9090948037,83.6480127543
1371.6231099573,83.6912774527
1372.3371251108,83.7187745575
1373.0511402643,83.9596117132
1373.7651554179,84.1123392604
1374.4791705714,84.2374206595
1375.1931857250,84.2622519618
1375.9072008785,83.9972122418
1376.6212160321,83.9098257965
1377.3352311856,84.0250703908
1378.0492463392,84.0310590929
1378.7632614927,84.0317080533
1379.4772766462,84.1487663188
1380.1912917998,84.1389816257
1380.9053069533,84.0853579160
1381.6193221069,84.2239325397
1382.3333372604,84.2499498513
1383.0473524140,84.0509900582
1383.7613675675,83.9680325663
1384.4753827210,84.0065133595
1385.1893978746,83.9818789375
1385.9034130281,83.9183763252
1386.6174281817,84.0948545653
1387.3314433352,84.5897547787
1388.0454584888,84.2739257644
1388.7594736423,83.7947692041
1389.4734887959,83.7223794491
1390.1875039494,83.6081765231
1390.9015191029,83.5429361255
1391.6155342565,83.6584749891
1392.3295494100,83.4786843180
1393.0435645636,83.3454952548
1393.7575797171,83.6050857737
1394.4715948707,83.9449226895
1395.1856100242,83.7762402025
1395.8996251777,83.3367410995
1396.6136403313,82.9893510263
1397.3276554848,82.8575436737
1398.0416706384,82.7943679331
1398.7556857919,83.0536356844
1399.4697009455,83.0654304449
1400.1837160990,82.3487464300
1400.8977312526,82.0263730435
1401.6117464061,82.0315612640
1402.3257615596,81.9591150447
1403.0397767132,81.7876428766
1403.7537918667,81.6146558261
1404.4678070203,81.8878814742
1405.1818221738,82.2052049573
1405.8958373274,81.5518376537
1406.6098524809,81.3156691945
1407.3238676344,81.4569042924
1408.0378827880,81.2613458091
1408.7518979415,81.2387306575
1409.4659130951,81.3048188333
1410.1799282486,81.1621024635
1410.8939434022,81.2791804394
1411.6079585557,81.2952970010
1412.3219737092,81.1859239904
1413.0359888628,81.3364509060
1413.7500040163,81.2740961522
1414.4640191699,81.2321682879
1415.1780343234,81.3152004266
1415.8920494770,81.1809991054
1416.6060646305,81.4326749301
1417.3200797841,81.6524882478
1418.0340949376,81.3191110642
1418.7481100911,82.0606476954
1419.4621252447,83.7701887966
1420.1761403982,81.4367822345
1420.8901555518,81.1302549609
1421.6041707053,81.1109459835
1422.3181858589,80.8243531140
1423.0322010124,81.0868873860
1423.7462161659,81.5593984643
1424.4602313195,80.9506488734
1425.1742464730,80.5775444370
1425.8882616266,80.5247742501
1426.6022767801,80.2985689177
1427.3162919337,80.1294431356
1428.0303070872,80.0161316373
1428.7443222408,79.7483526641
1429.4583373943,79.8799350378
1430.1723525478,80.0085412220
1430.8863677014,79.1930769248
1431.6003828549,78.8397199846
1432.3143980085,78.7769177597
1433.0284131620,78.3532988038
1433.7424283156,78.2920350982
1434.4564434691,78.1024338054
1435.1704586226,77.5681962955
1435.8844737762,77.8809662658
1436.5984889297,79.5425731596
1437.3125040833,77.8920820181
1438.0265192368,77.2030296317
1438.7405343904,76.9184147256
1439.4545495439,76.8473406567
1440.1685646974,76.8616596087
1440.8825798510,76.7790392943
1441.5965950045,76.8551957715
1442.3106101581,76.8351304972
1443.0246253116,76.8138496221
1443.7386404652,76.9227854535
1444.4526556187,76.8748828918
1445.1666707723,77.0430608644
1445.8806859258,77.1699927231
1446.5947010793,77.0734188279
1447.3087162329,77.6484658191
1448.0227313864,78.2926045587
1448.7367465400,77.7303026215
1449.4507616935,77.7185056516
1450.1647768471,77.9548991666
1450.8787920006,78.0690844779
1451.5928071541,78.5039696788
1452.3068223077,78.8716361014
1453.0208374612,78.7387818621
1453.7348526148,78.9399804849
1454.4488677683,79.5112083454
1455.1628829219,79.7971163001
1455.8768980754,80.1610525722
1456.5909132290,82.0504225159
1457.3049283825,81.4422196359
1458.0189435360,80.9950773063
1458.7329586896,81.2144100406
1459.4469738431,80.7681859059
1460.1609889967,80.3459416364
1460.8750041502,80.2172914616
1461.5890193038,80.2077888737
1462.3030344573,80.2564587036
1463.0170496108,80.1932416784
1463.7310647644,80.0927220648
1464.4450799179,80.6542895866
1465.1590950715,81.0891928491
1465.8731102250,79.9238600878
1466.5871253786,79.5499866591
1467.3011405321,79.5968635128
1468.0151556856,79.4324596896
1468.7291708392,79.5206769595
1469.4431859927,79.6321480442
1470.1572011463,79.3892883928
1470.8712162998,79.7715898060
1471.5852314534,80.9517772253
1472.2992466069,80.6568761971
1473.0132617605,80.6688713438
1473.7272769140,80.8312956248
1474.4412920675,79.5023351369
1475.1553072211,79.1529772710
1475.8693223746,79.7893548096
1476.5833375282,79.7387749193
1477.2973526817,78.6633453136
1478.0113678353,78.3129007736
1478.7253829888,78.4474392478
1479.4393981423,78.0908551611
1480.1534132959,77.8096846669
1480.8674284494,78.0521322908
1481.5814436030,77.7001486988
1482.2954587565,77.2256932228
1483.0094739101,77.1151531200
1483.7234890636,76.7893315279
1484.4375042172,76.6058757974
1485.1515193707,76.4408182778
1485.8655345242,76.0560989995
1486.5795496778,76.2861726978
1487.2935648313,76.6026330166
1488.0075799849,75.6823641491
1488.7215951384,75.2079618985
1489.4356102920,75.4721753336
1490.1496254455,75.8427868030
1490.8636405990,75.1667056103
1491.5776557526,74.2714337573
1492.2916709061,73.7401578383
1493.0056860597,73.4986139554
1493.7197012132,73.3841716312
1494.4337163668,73.1213588765
1495.1477315203,72.8081926666
1495.8617466738,73.6059494580
1496.5757618274,73.9968443465
1497.2897769809,72.3944502088
1498.0037921345,72.1882258292
1498.7178072880,73.1966825631
1499.4318224416,72.3461587097
1500.1458375951,71.6428725934
1500.8598527487,71.5427986891
1501.5738679022,71.5495149470
1502.2878830557,71.5092529684
1503.0018982093,71.2610958320
1503.7159133628,70.9600862756
1504.4299285164,71.0136818519
1505.1439436699,71.7715976786
1505.8579588235,73.0953505263
1506.5719739770,72.8379135097
1507.2859891305,72.3525649854
1508.0000042841,71.6220694075
1508.7140194376,70.8933061295
1509.4280345912,70.6609601798
1510.1420497447,70.5334923765
1510.8560648983,69.9126223855
1511.5700800518,69.9215480034
1512.2840952054,70.7970917477
1512.9981103589,70.2954065446
1513.7121255124,69.9256118898
1514.4261406660,70.3217270570
1515.1401558195,70.7213707548
1515.8541709731,70.7603143875
1516.5681861266,71.5533574500
1517.2822012802,73.0108710932
1517.9962164337,71.9268516687
1518.7102315872,71.3948191246
1519.4242467408,71.6383046146
1520.1382618943,72.6219129392
1520.8522770479,73.9180578265
1521.5662922014,73.3785489997
1522.2803073550,73.5049571533
1522.9943225085,73.6298624378
1523.7083376621,72.8088135993
1524.4223528156,72.8017912934
1525.1363679691,74.0909698998
1525.8503831227,73.9139676754
1526.5643982762,73.4936254546
1527.2784134298,73.9708209990
1527.9924285833,74.2763014924
1528.7064437369,74.4493933425
1529.4204588904,74.4556229115
1530.1344740439,74.0678513803
1530.8484891975,74.4344836345
1531.5625043510,75.0348736445
1532.2765195046,74.7991767334
1532.9905346581,75.7019185100
1533.7045498117,77.8102906912
1534.4185649652,76.0637610071
1535.1325801187,75.7267502965
1535.8465952723,75.9848368442
1536.5606104258,76.0424372994
1537.2746255794,76.3504798311
1537.9886407329,76.8214311020
1538.7026558865,78.0579723069
1539.4166710400,81.1291208434
1540.1306861936,79.4643205770
1540.8447013471,78.0615476603
1541.5587165006,78.1300776545
1542.2727316542,79.0164619081
1542.9867468077,78.6821750628
1543.7007619613,77.9674028706
1544.4147771148,78.0164328464
1545.1287922684,79.2894274457
1545.8428074219,78.7962507790
1546.5568225754,78.2998800597
1547.2708377290,78.5797741807
1547.9848528825,78.7426837048
1548.6988680361,78.8963415374
1549.4128831896,79.6645174992
1550.1268983432,80.2968347882
1550.8409134967,79.7473529965
1551.5549286503,79.7159554756
1552.2689438038,79.9908543106
1552.9829589573,80.1160404898
1553.6969741109,80.8256953686
1554.4109892644,82.6570190843
1555.1250044180,81.3513026284
1555.8390195715,80.8738430747
1556.5530347251,81.3846681653
1557.2670498786,82.5288856510
1557.9810650321,86.6111960579
1558.6950801857,84.3450991503
1559.4090953392,83.6091253312
1560.1231104928,87.4266005875
1560.8371256463,83.2962680259
1561.5511407999,82.2976101431
1562.2651559534,82.4374531312
1562.9791711069,82.4958276292
1563.6931862605,82.5900033770
1564.4072014140,83.5310961452
1565.1212165676,83.8210512099
1565.8352317211,83.3647706985
1566.5492468747,83.4573698492
1567.2632620282,83.5824714952
1567.9772771818,83.7306067158
1568.6912923353,84.4557943852
1569.4053074888,86.1434154208
1570.1193226424,85.5060846180
1570.8333377959,84.4692089770
1571.5473529495,84.4425585984
1572.2613681030,84.5536835206
1572.9753832566,84.5906436466
1573.6893984101,84.8097501787
1574.4034135636,84.7309815566
1575.1174287172,84.9783772289
1575.8314438707,87.4705232496
1576.5454590243,87.1074667807
1577.2594741778,85.3716670372
1577.9734893314,85.0259694695
1578.6875044849,84.7598180231
1579.4015196385,84.7605534893
1580.1155347920,84.6645024235
1580.8295499455,84.3796142784
1581.5435650991,84.3629941035
1582.2575802526,84.2795398661
1582.9715954062,84.0938561353
1583.6856105597,84.0237651148
1584.3996257133,83.8525321284
1585.1136408668,83.5925930188
1585.8276560203,83.3940939980
1586.5416711739,83.3212306728
1587.2556863274,83.1564651401
1587.9697014810,82.8318168770
1588.6837166345,82.6522464152
1589.3977317881,82.5041047161
1590.1117469416,82.3384005018
1590.8257620951,82.2052708032
1591.5397772487,81.9721141969
1592.2537924022,81.8368102413
1592.9678075558,81.6893401979
1593.6818227093,81.5375993350
1594.3958378629,81.6134916749
1595.1098530164,81.3230787486
1595.8238681700,80.9372900331
1596.5378833235,80.9269463213
1597.2518984770,80.6340254868
1597.9659136306,80.3269388479
1598.6799287841,80.2213939490
1599.3939439377,79.8167913884
1600.1079590912,79.6158592057
1600.8219742448,79.5060529594
1601.5359893983,79.0052530763
1602.2500045518,78.7241397580
1602.9640197054,78.5589965555
1603.6780348589,78.1830419013
1604.3920500125,77.7699865098
1605.1060651660,77.3168711931
1605.8200803196,77.0751650298
1606.5340954731,76.8878717310
1607.2481106267,76.5331646755
1607.9621257802,76.2243874072
1608.6761409337,75.9653116859
1609.3901560873,75.8561857980
1610.1041712408,75.4837153999
1610.8181863944,74.9179811282
1611.5322015479,74.8262708314
1612.2462167015,74.5938103131
1612.9602318550,74.1474710427
1613.6742470085,74.1876612826
1614.3882621621,73.9541499890
1615.1022773156,73.5313660617
1615.8162924692,73.7981191548
1616.5303076227,75.5800982636
1617.2443227763,74.5578289531
1617.9583379298,73.1229361592
1618.6723530833,72.5942269858
1619.3863682369,72.6021206050
1620.1003833904,72.3060622307
1620.8143985440,72.2136757870
1621.5284136975,72.3085699525
1622.2424288511,72.0208007747
1622.9564440046,72.9026936355
1623.6704591582,73.9203364666
1624.3844743117,72.4024597872
1625.0984894652,72.2398303633
1625.8125046188,72.4312516336
1626.5265197723,72.2541104053
1627.2405349259,72.8636528691
1627.9545500794,73.4682987597
1628.6685652330,73.0399813809
1629.3825803865,73.0613144610
1630.0965955400,73.1434812230
1630.8106106936,73.3098669361
1631.5246258471,73.6100282394
1632.2386410007,73.8094298508
1632.9526561542,74.0727408740
1633.6666713078,74.1764645977
1634.3806864613,74.6012483992
1635.0947016149,77.8295813728
1635.8087167684,77.4937775057
1636.5227319219,75.5825026625
1637.2367470755,75.9932873648
1637.9507622290,76.1325347992
1638.6647773826,75.6247106629
1639.3787925361,75.8005531663
1640.0928076897,76.1310411607
1640.8068228432,76.1889205613
1641.5208379967,76.4797228234
1642.2348531503,76.7782939990
1642.9488683038,76.8985244458
1643.6628834574,77.1434315644
1644.3768986109,77.1753841379
1645.0909137645,77.5326350809
1645.8049289180,79.7665616114
1646.5189440715,79.3426961540
1647.2329592251,79.0350491473
1647.9469743786,80.4033712261
1648.6609895322,79.5079439658
1649.3750046857,78.8174119754
1650.0890198393,79.0916089373
1650.8030349928,79.2026970118
1651.5170501464,79.5913624143
1652.2310652999,82.5523669259
1652.9450804534,86.4213874708
1653.6590956070,82.3740482336
1654.3731107605,82.5375428224
1655.0871259141,81.4092365828
1655.8011410676,80.8372064874
1656.5151562212,80.9497208787
1657.2291713747,81.1891372558
1657.9431865282,81.4355594099
1658.6572016818,81.6057134839
1659.3712168353,81.7720204584
1660.0852319889,82.1374182601
1660.7992471424,82.5699993423
1661.5132622960,82.7967170761
1662.2272774495,83.3959912545
1662.9412926031,84.7441847938
1663.6553077566,83.9477579006
1664.3693229101,83.4848755941
1665.0833380637,83.8225792659
1665.7973532172,84.0351534767
1666.5113683708,84.1980165727
1667.2253835243,84.5843296163
1667.9393986779,84.5917200086
1668.6534138314,85.7764182444
1669.3674289849,88.1032806713
1670.0814441385,85.8336196885
1670.7954592920,85.7749851821
1671.5094744456,86.9464171767
1672.2234895991,86.3506826053
1672.9375047527,86.1079452366
1673.6515199062,86.2190143282
1674.3655350598,86.3356804816
1675.0795502133,88.8822181753
1675.7935653668,88.9517977362
1676.5075805204,87.1423777583
1677.2215956739,87.1778277675
1677.9356108275,87.5662034947
1678.6496259810,87.4990246188
1679.3636411346,87.9581984824
1680.0776562881,88.6830399928
1680.7916714416,88.5804374035
1681.5056865952,88.3014047910
1682.2197017487,88.4327166196
1682.9337169023,89.6028958719
1683.6477320558,91.3748386978
1684.3617472094,92.7458560976
1685.0757623629,92.1656406109
1685.7897775164,90.1851184124
1686.5037926700,89.2842308207
1687.2178078235,89.3449607546
1687.9318229771,89.8909832092
1688.6458381306,89.8510486428
1689.3598532842,89.8398918497
1690.0738684377,90.1403437455
1690.7878835913,90.1727529658
1691.5018987448,89.9188184530
1692.2159138983,89.7977977345
1692.9299290519,89.9997786042
1693.6439442054,90.0928965977
1694.3579593590,89.9656860589
1695.0719745125,90.6898476768
1695.7859896661,95.0943584066
1696.5000048196,91.5262877599
1697.2140199731,90.5224311759
1697.9280351267,90.3388348816
1698.6420502802,90.1901955805
1699.3560654338,90.6304057142
1700.0700805873,129.1299655899
1700.7840957409,95.4052036543
1701.4981108944,92.1456138653
1702.2121260480,91.9577068304
1702.9261412015,92.0337588348
1703.6401563550,92.9546820928
1704.3541715086,94.6210321885
1705.0681866621,94.1652865036
1705.7822018157,94.5112845100
1706.4962169692,96.1489147818
1707.2102321228,95.5403498706
1707.9242472763,95.2228162419
1708.6382624298,95.4491606842
1709.3522775834,95.6047903862
1710.0662927369,96.2153130241
1710.7803078905,96.3526211221
1711.4943230440,96.0233438090
1712.2083381976,96.3352816452
1712.9223533511,96.5893115092
1713.6363685046,96.6479410586
1714.3503836582,97.4331192945
1715.0643988117,98.0739416846
1715.7784139653,97.2940543352
1716.4924291188,97.0145561283
1717.2064442724,97.9974039049
1717.9204594259,99.6146007098
1718.6344745795,98.6196938926
1719.3484897330,97.4007134828
1720.0625048865,96.7908641097
1720.7765200401,96.7640825822
1721.4905351936,96.9304060682
1722.2045503472,96.8773812641
1722.9185655007,97.1203297951
1723.6325806543,97.4962346637
1724.3465958078,97.1536207539
1725.0606109613,97.0913924050
1725.7746261149,97.2314912339
1726.4886412684,97.0331761368
1727.2026564220,97.2419709163
1727.9166715755,97.3664730349
1728.6306867291,97.0414081258
1729.3447018826,97.5553300535
1730.0587170362,98.4338774852
1730.7727321897,97.7775878367
1731.4867473432,97.3504047774
1732.2007624968,97.4684452517
1732.9147776503,97.9644663825
1733.6287928039,99.3023154701
1734.3428079574,100.6981962005
1735.0568231110,99.2717895329
1735.7708382645,97.7665787852
1736.4848534180,97.2902517849
1737.1988685716,97.7557624310
1737.9128837251,97.6305267259
1738.6268988787,97.2436983040
1739.3409140322,98.3531733190
1740.0549291858,99.3819083765
1740.7689443393,98.0040326288
1741.4829594928,97.4066445772
1742.1969746464,97.5548543257
1742.9109897999,98.1911948773
1743.6250049535,98.3709063465
1744.3390201070,97.8824959797
1745.0530352606,97.6542628702
1745.7670504141,97.7650659018
1746.4810655677,98.0391337776
1747.1950807212,98.1123735128
1747.9090958747,98.0816736681
1748.6231110283,98.8691720546
1749.3371261818,98.5556301847
1750.0511413354,97.5313142421
1750.7651564889,98.2319067563
1751.4791716425,99.8887857030
1752.1931867960,98.0818923257
1752.9072019495,97.5937022351
1753.6212171031,97.7129757694
1754.3352322566,97.6106879440
1755.0492474102,97.6092081403
1755.7632625637,97.6183239435
1756.4772777173,98.1602508275
1757.1912928708,98.6927329637
1757.9053080244,97.7291913529
1758.6193231779,97.5746342828
1759.3333383314,98.0687446037
1760.0473534850,97.5550342710
1760.7613686385,97.5752360756
1761.4753837921,98.9893305521
1762.1893989456,98.7027928690
1762.9034140992,97.8482979862
1763.6174292527,97.6784680996
1764.3314444062,97.6547758923
1765.0454595598,97.7803648614
1765.7594747133,97.7777974793
1766.4734898669,97.5704337134
1767.1875050204,97.5861803741
1767.9015201740,98.2605963880
1768.6155353275,98.5831774179
1769.3295504810,97.6944338879
1770.0435656346,97.5901384587
1770.7575807881,98.5692857818
1771.4715959417,98.6519679723
1772.1856110952,99.0257624527
1772.8996262488,99.8490154895
1773.6136414023,98.0697272336
1774.3276565559,97.4896273682
1775.0416717094,97.8932321763
1775.7556868629,97.9801322792
1776.4697020165,97.6484789248
1777.1837171700,97.3906129296
1777.8977323236,97.4275353470
1778.6117474771,97.6779273195
1779.3257626307,97.5262128473
1780.0397777842,97.7302046114
1780.7537929377,98.2876467750
1781.4678080913,97.7649691956
1782.1818232448,97.5202163029
1782.8958383984,97.4852996532
1783.6098535519,97.2068497132
1784.3238687055,97.5587066512
1785.0378838590,97.9728460185
1785.7518990126,97.5264634043
1786.4659141661,97.4602078244
1787.1799293196,97.4413306704
1787.8939444732,97.4363864959
1788.6079596267,97.5698893527
1789.3219747803,97.3104673386
1790.0359899338,97.4959517331
1790.7500050874,98.0789588147
1791.4640202409,97.6201792168
1792.1780353944,97.9949180209
1792.8920505480,99.3265293915
1793.6060657015,97.9159918941
1794.3200808551,97.2663792693
1795.0340960086,97.5004197331
1795.7481111622,97.5689516636
1796.4621263157,97.5425431814
1797.1761414693,97.4297724696
1797.8901566228,97.0062451758
1798.6041717763,97.1997255847
1799.3181869299,98.1333942807
1800.0322020834,97.9329928950
1800.7462172370,97.2884052741
1801.4602323905,97.4385727923
1802.1742475441,97.7099504509
1802.8882626976,97.4332111835
1803.6022778511,97.2200727443
1804.3162930047,97.1466894068
1805.0303081582,97.2051330294
1805.7443233118,97.3411911594
1806.4583384653,97.2410425916
1807.1723536189,97.2298059469
1807.8863687724,97.4672009046
1808.6003839259,97.3020664246
1809.3143990795,97.0950451891
1810.0284142330,97.5256281736
1810.7424293866,97.9359680427
1811.4564445401,97.4908914000
1812.1704596937,97.2310478836
1812.8844748472,97.3525182434
1813.5984900008,97.2741117379
1814.3125051543,97.1487979872
1815.0265203078,97.1932889055
1815.7405354614,97.1561144991
1816.4545506149,97.1934303133
1817.1685657685,97.3298473113
1817.8825809220,97.2317473927
1818.5965960756,97.1406095608
1819.3106112291,97.1507612877
1820.0246263826,97.1971287515
1820.7386415362,97.2243307783
1821.4526566897,97.0408845098
1822.1666718433,97.1444686146
1822.8806869968,97.4399966652
1823.5947021504,97.0844304103
1824.3087173039,97.0967085188
1825.0227324575,98.1006741488
1825.7367476110,97.7875219288
1826.4507627645,97.0805762968
1827.1647779181,97.1145670928
1827.8787930716,97.1367190113
1828.5928082252,97.2289673138
1829.3068233787,97.9177216405
1830.0208385323,98.2923162692
1830.7348536858,97.5614188620
1831.4488688393,97.1772079268
1832.1628839929,97.0668819125
1832.8768991464,96.9668530594
1833.5909143000,96.9615934020
1834.3049294535,97.0838377193
1835.0189446071,97.0140568415
1835.7329597606,96.8928421767
1836.4469749141,97.0448481071
1837.1609900677,97.2044407813
1837.8750052212,97.0993673230
1838.5890203748,96.9424258495
1839.3030355283,97.0147851582
1840.0170506819,97.1056701249
1840.7310658354,96.9117058865
1841.4450809890,96.9538764053
1842.1590961425,97.1028225704
1842.8731112960,96.8726070399
1843.5871264496,97.3477593443
1844.3011416031,98.7454934605
1845.0151567567,97.5611141162
1845.7291719102,96.9707997442
1846.4431870638,96.9990478343
1847.1572022173,96.9971466071
1847.8712173708,97.1902358351
1848.5852325244,97.1500732176
1849.2992476779,96.8008640787
1850.0132628315,96.8509237366
1850.7272779850,97.0002631048
1851.4412931386,96.9481764064
1852.1553082921,96.9131776095
1852.8693234457,96.8750579500
1853.5833385992,96.9011336635
1854.2973537527,96.8763650796
1855.0113689063,96.8685221034
1855.7253840598,96.9268900495
1856.4393992134,96.7653306928
1857.1534143669,96.8252942952
1857.8674295205,97.0747845702
1858.5814446740,96.9349816564
1859.2954598275,96.8762731218
1860.0094749811,96.8404769378
1860.7234901346,96.6048792647
1861.4375052882,96.7272744722
1862.1515204417,96.8663561022
1862.8655355953,96.8436708554
1863.5795507488,96.9193872215
1864.2935659023,96.7878345722
1865.0075810559,96.8515177011
1865.7215962094,97.0485994677
1866.4356113630,96.9127333643
1867.1496265165,97.1422614062
1867.8636416701,97.3497917772
1868.5776568236,97.2600290666
1869.2916719772,97.8114448689
1870.0056871307,97.5127750558
1870.7197022842,96.7262111331
1871.4337174378,96.7337366741
1872.1477325913,96.8227192252
1872.8617477449,96.6650131332
1873.5757628984,96.7436864487
1874.2897780520,96.6710799623
1875.0037932055,96.6103855067
1875.7178083590,96.7521244423
1876.4318235126,96.7700683150
1877.1458386661,96.8273923547
1877.8598538197,96.8194948682
1878.5738689732,96.6961229757
1879.2878841268,96.7100051006
1880.0018992803,96.6897352441
1880.7159144339,96.6981420100
1881.4299295874,96.7580612131
1882.1439447409,96.6796065394
1882.8579598945,96.7305917719
1883.5719750480,96.8834604887
1884.2859902016,96.8788697258
1885.0000053551,96.7518258757
1885.7140205087,96.6193946518
1886.4280356622,96.7739832171
1887.1420508157,96.8698342164
1887.8560659693,96.4748530175
1888.5700811228,96.4836120116
1889.2840962764,97.1739531762
1889.9981114299,97.1445343307
1890.7121265835,96.7040089817
1891.4261417370,96.7073827826
1892.1401568905,96.6685898092
1892.8541720441,96.5535340692
1893.5681871976,96.7313685439
1894.2822023512,96.7864324969
1894.9962175047,96.6550782957
1895.7102326583,96.6466463066
1896.4242478118,96.4628073265
1897.1382629654,96.3666825977
1897.8522781189,96.6118465657
1898.5662932724,96.6129613826
1899.2803084260,96.6416476416
1899.9943235795,96.8205743140
1900.7083387331,96.5602546058
1901.4223538866,96.4437550423
1902.1363690402,96.6511521077
1902.8503841937,96.5885314125
1903.5643993472,96.5827338974
1904.2784145008,96.6321102330
1904.9924296543,96.6749985949
1905.7064448079,96.7930431656
1906.4204599614,96.5121637734
1907.1344751150,96.4521446949
1907.8484902685,96.7658524750
1908.5625054221,96.5294646893
1909.2765205756,96.5727944126
1909.9905357291,96.9713042346
1910.7045508827,96.7186366379
1911.4185660362,96.6140483712
1912.1325811898,96.6922297822
1912.8465963433,96.7244478591
1913.5606114969,96.8958430085
1914.2746266504,96.5659464632
1914.9886418039,96.5210844776
1915.7026569575,96.9493614607
1916.4166721110,96.4891483382
1917.1306872646,96.4335552409
1917.8447024181,97.3819768404
1918.5587175717,96.9158857239
1919.2727327252,96.4214710785
1919.9867478788,96.6001170915
1920.7007630323,96.4477688639
1921.4147781858,96.3981732929
1922.1287933394,96.7192444168
1922.8428084929,96.8423862798
1923.5568236465,96.6137010792
1924.2708388000,96.5472933707
1924.9848539536,96.7481766063
1925.6988691071,96.4914454703
1926.4128842606,96.1817772922
1927.1268994142,96.5405903393
1927.8409145677,96.5411175876
1928.5549297213,96.3837569990
1929.2689448748,96.5863536334
1929.9829600284,96.2448080995
1930.6969751819,96.0649810388
1931.4109903354,96.3325196722
1932.1250054890,96.1169538777
1932.8390206425,96.2326737819
1933.5530357961,96.6444641601
1934.2670509496,96.4475013189
1934.9810661032,96.3355006294
1935.6950812567,96.4308711958
1936.4090964103,96.3261755849
1937.1231115638,96.4142162418
1937.8371267173,96.8238909750
1938.5511418709,96.8109673559
1939.2651570244,96.2222554058
1939.9791721780,96.3618057396
1940.6931873315,96.8454207245
1941.4072024851,96.4485099309
1942.1212176386,96.7897404900
1942.8352327921,97.4889697004
1943.5492479457,96.4611955945
1944.2632630992,96.1898584317
1944.9772782528,96.6145947956
1945.6912934063,96.4542302497
1946.4053085599,96.6793240214
1947.1193237134,96.2500715116
1947.8333388670,95.4635997727
1948.5473540205,96.3965671789
1949.2613691740,97.0095412005
1949.9753843276,96.2396233217
1950.6893994811,96.3494175190
1951.4034146347,96.9533812472
1952.1174297882,96.7578275471
1952.8314449418,96.4064221237
1953.5454600953,96.7227922998
1954.2594752488,96.8478453982
1954.9734904024,96.0802377063
1955.6875055559,96.1700283803
1956.4015207095,96.8211072913
1957.1155358630,96.3548088557
1957.8295510166,96.2807107374
1958.5435661701,96.9273927700
1959.2575813236,97.0232578893
1959.9715964772,96.9024367838
1960.6856116307,96.6227390623
1961.3996267843,96.7550862656
1962.1136419378,97.0216507862
1962.8276570914,96.5228369714
1963.5416722449,96.8120943169
1964.2556873985,97.1252897045
1964.9697025520,96.3828315504
1965.6837177055,96.3135032579
1966.3977328591,95.9575964677
1967.1117480126,95.8368250161
1967.8257631662,97.2281604109
1968.5397783197,96.7948297353
1969.2537934733,96.1321668286
1969.9678086268,96.8954581959
1970.6818237803,96.2898993166
1971.3958389339,96.2689296268
1972.1098540874,97.2133355084
1972.8238692410,96.2822927836
1973.5378843945,96.0844666719
1974.2518995481,96.7016042432
1974.9659147016,96.2257889205
1975.6799298552,96.5817320720
1976.3939450087,96.8300056149
1977.1079601622,96.1983795140
1977.8219753158,96.4071841852
1978.5359904693,96.5377794041
1979.2500056229,96.3033989181
1979.9640207764,96.1109194458
1980.6780359300,95.5344570487
1981.3920510835,95.5053934565
1982.1060662370,96.2147545955
1982.8200813906,96.4624866421
1983.5340965441,95.9933844827
1984.2481116977,95.7845574889
1984.9621268512,96.1517532296
1985.6761420048,96.1258144598
1986.3901571583,95.9806444902
1987.1041723118,96.0716085843
1987.8181874654,95.8761785216
1988.5322026189,96.2962170374
1989.2462177725,96.5376397482
1989.9602329260,95.6984117092
1990.6742480796,96.1036014683
1991.3882632331,96.8958308911
1992.1022783867,96.1325962017
1992.8162935402,96.2744729892
1993.5303086937,96.6415970461
1994.2443238473,95.9420102620
1994.9583390008,95.9843491567
1995.6723541544,96.2948539538
1996.3863693079,96.1697736874
1997.1003844615,96.1966657100
1997.8143996150,95.8276353007
1998.5284147685,95.8043005597
1999.2424299221,96.5052772200
1999.9564450756,96.6900912098
2000.6704602292,96.6514617769
2001.3844753827,96.6914140571
2002.0984905363,96.7036970113
2002.8125056898,96.8414789859
2003.5265208434,96.5118825251
2004.2405359969,96.2456317996
2004.9545511504,96.6766892835
2005.6685663040,96.5573450488
2006.3825814575,95.9568488189
2007.0965966111,96.0516636208
2007.8106117646,96.2161880486
2008.5246269182,95.9642357989
2009.2386420717,96.1689941750
2009.9526572252,96.7046521881
2010.6666723788,96.3719109490
2011.3806875323,95.7482507691
2012.0947026859,95.7270713073
2012.8087178394,95.8494496595
2013.5227329930,96.1839929031
2014.2367481465,96.2619279923
2014.9507633000,95.6451654915
2015.6647784536,95.6202111586
2016.3787936071,96.0937734774
2017.0928087607,96.5169469841
2017.8068239142,97.0901646789
2018.5208390678,96.8357027420
2019.2348542213,96.2957518536
2019.9488693749,96.2793373945
2020.6628845284,96.0971348233
2021.3768996819,96.7259783993
2022.0909148355,97.3360485993
2022.8049299890,96.3482347139
2023.5189451426,95.9796777954
2024.2329602961,96.0455766491
2024.9469754497,95.3695602554
2025.6609906032,95.9233589452
2026.3750057567,96.6702742971
2027.0890209103,96.3923543533
2027.8030360638,96.5228911342
2028.5170512174,96.4015561383
2029.2310663709,95.9646991299
2029.9450815245,96.2541248711
2030.6590966780,96.4444511995
2031.3731118316,96.3541470565
2032.0871269851,96.2362647522
2032.8011421386,96.0829327223
2033.5151572922,96.0606584035
2034.2291724457,95.7888880581
2034.9431875993,95.7377253622
2035.6572027528,96.0940542074
2036.3712179064,95.9544496439
2037.0852330599,95.6927577441
2037.7992482134,95.7463862767
2038.5132633670,96.1060204504
2039.2272785205,96.5209266503
2039.9412936741,96.2179894064
2040.6553088276,95.9563374115
2041.3693239812,96.0398968016
2042.0833391347,95.6401934164
2042.7973542883,95.6881580255
2043.5113694418,96.2084323981
2044.2253845953,96.2195278710
2044.9393997489,96.0827173981
2045.6534149024,95.6881068445
2046.3674300560,95.5201244958
2047.0814452095,95.9141725006
2047.7954603631,95.5595912638
2048.5094755166,95.4241730307
2049.2234906701,96.1620560003
2049.9375058237,96.0069834080
2050.6515209772,95.7311917634
2051.3655361308,96.0032603722
2052.0795512843,95.7810778347
2052.7935664379,95.7703087014
2053.5075815914,96.1654266872
2054.2215967449,95.9551779150
2054.9356118985,95.5611610375
2055.6496270520,95.5510049305
2056.3636422056,95.9319689344
2057.0776573591,96.1568124865
2057.7916725127,95.7737474225
2058.5056876662,95.8010392740
2059.2197028198,96.3079889065
2059.9337179733,96.2272343175
2060.6477331268,95.9732024508
2061.3617482804,95.7973925146
2062.0757634339,95.5671747901
2062.7897785875,95.8560518353
2063.5037937410,95.9783363916
2064.2178088946,95.6039230555
2064.9318240481,95.7954930070
2065.6458392016,96.0433761793
2066.3598543552,95.7356391023
2067.0738695087,95.7359864377
2067.7878846623,95.9154365886
2068.5018998158,95.8179196064
2069.2159149694,95.7449068356
2069.9299301229,95.6913700179
2070.6439452765,95.8481193168
2071.3579604300,96.1355972035
2072.0719755835,95.8591187182
2072.7859907371,95.5190934406
2073.5000058906,95.7358904642
2074.2140210442,95.9776109981
2074.9280361977,96.0400178390
2075.6420513513,95.9456113897
2076.3560665048,95.6803528891
2077.0700816583,95.6800127655
2077.7840968119,95.8160617784
2078.4981119654,95.8774991806
2079.2121271190,96.0067928493
2079.9261422725,95.8286894075
2080.6401574261,95.6155582994
2081.3541725796,95.7444875030
2082.0681877331,95.6526498619
2082.7822028867,95.6805604870
2083.4962180402,96.0135839511
2084.2102331938,95.8426133927
2084.9242483473,95.7751783527
2085.6382635009,96.0981953850
2086.3522786544,95.9694003951
2087.0662938080,95.9161296841
2087.7803089615,96.0333154881
2088.4943241150,95.7391840193
2089.2083392686,95.7988353366
2089.9223544221,96.0628331028
2090.6363695757,95.8215759033
2091.3503847292,95.9248590735
2092.0643998828,96.2746259667
2092.7784150363,96.0401489697
2093.4924301898,95.8490047635
2094.2064453434,96.0402340656
2094.9204604969,96.0455642518
2095.6344756505,95.9073134583
2096.3484908040,95.8760802056
2097.0625059576,95.7995504526
2097.7765211111,95.6765150648
2098.4905362647,95.7120625335
2099.2045514182,95.7419920724
2099.9185665717,95.5688590081
2100.6325817253,95.5214812774
2101.3465968788,95.6311021712
2102.0606120324,95.6772099969
2102.7746271859,95.8320986512
2103.4886423395,95.9051225314
2104.2026574930,95.7124251031
2104.9166726465,95.5781132949
2105.6306878001,95.5235672478
2106.3447029536,95.5917240638
2107.0587181072,95.8288165577
2107.7727332607,95.7989868610
2108.4867484143,95.6322373121
2109.2007635678,95.6621960070
2109.9147787213,95.6547003315
2110.6287938749,95.6635081436
2111.3428090284,95.6813393416
2112.0568241820,95.6004815108
2112.7708393355,95.7378039566
2113.4848544891,95.7216093601
2114.1988696426,95.3203823502
2114.9128847962,95.4136826827
2115.6268999497,95.7911509978
2116.3409151032,95.7122163223
2117.0549302568,95.7358247801
2117.7689454103,95.9235276864
2118.4829605639,95.7525769701
2119.1969757174,95.7272959832
2119.9109908710,96.0037496533
2120.6250060245,96.0959613612
2121.3390211780,96.1307497352
2122.0530363316,96.0580024627
2122.7670514851,95.7628045511
2123.4810666387,95.7226948992
2124.1950817922,95.9006105896
2124.9090969458,95.8892898804
2125.6231120993,95.9567097147
2126.3371272529,96.1353448112
2127.0511424064,96.1158412654
2127.7651575599,96.1686618483
2128.4791727135,96.2913256265
2129.1931878670,96.1392888528
2129.9072030206,96.1159998162
2130.6212181741,96.3383148705
2131.3352333277,96.2795211418
2132.0492484812,96.2204798337
2132.7632636347,96.2759385163
2133.4772787883,96.0042192689
2134.1912939418,96.0441337645
2134.9053090954,96.4849178395
2135.6193242489,96.3249729080
2136.3333394025,95.9562164148
2137.0473545560,96.1578724769
2137.7613697095,96.5299960832
2138.4753848631,96.4757241029
2139.1894000166,96.0446459675
2139.9034151702,95.9890034500
2140.6174303237,96.1317122451
2141.3314454773,95.8431543426
2142.0454606308,95.9331511463
2142.7594757844,96.3411908596
2143.4734909379,96.3000380189
2144.1875060914,96.4921045339
2144.9015212450,96.4958295208
2145.6155363985,95.9767051299
2146.3295515521,96.3714389489
2147.0435667056,96.9815971361
2147.7575818592,96.6300515650
2148.4715970127,96.2226658114
2149.1856121662,96.0758560232
2149.8996273198,96.4487221461
2150.6136424733,96.7920611288
2151.3276576269,96.2563670818
2152.0416727804,96.3295120405
2152.7556879340,96.7177579466
2153.4697030875,96.0479564360
2154.1837182411,96.2070802429
2154.8977333946,97.1827823239
2155.6117485481,96.7801518958
2156.3257637017,96.1545271275
2157.0397788552,96.5853852082
2157.7537940088,97.4047105745
2158.4678091623,97.4092675853
2159.1818243159,95.7805997310
2159.8958394694,94.4927550116
2160.6098546229,94.7701282993
2161.3238697765,95.3038003834
2162.0378849300,95.4003704307
2162.7519000836,95.7838852787
2163.4659152371,96.1249372390
2164.1799303907,95.6522055877
2164.8939455442,95.2306999748
2165.6079606978,95.7218292466
2166.3219758513,95.9363319827
2167.0359910048,95.4426981842
2167.7500061584,95.2804568583
2168.4640213119,95.5652248976
2169.1780364655,95.8196500567
2169.8920516190,95.8458357557
2170.6060667726,95.7402531127
2171.3200819261,95.7295854183
2172.0340970796,95.7182943487
2172.7481122332,95.8383150607
2173.4621273867,95.6692035623
2174.1761425403,95.1011136829
2174.8901576938,95.6440742949
2175.6041728474,96.4104121336
2176.3181880009,95.6864325968
2177.0322031544,95.1722720735
2177.7462183080,95.4637565617
2178.4602334615,95.7853168243
2179.1742486151,95.9746648045
2179.8882637686,95.7874043181
2180.6022789222,96.1474089160
2181.3162940757,96.7582619866
2182.0303092293,96.3396646078
2182.7443243828,96.2874207747
2183.4583395363,95.9540034419
2184.1723546899,95.2398326993
2184.8863698434,96.2862870277
2185.6003849970,96.3737269058
2186.3144001505,94.9816785711
2187.0284153041,95.6666016337
2187.7424304576,96.2566583546
2188.4564456111,95.6096746184
2189.1704607647,95.9416281934
2189.8844759182,95.9056933404
2190.5984910718,95.6133949466
2191.3125062253,95.8682683683
2192.0265213789,95.5419868989
2192.7405365324,95.5160458708
2193.4545516860,95.8640465189
2194.1685668395,95.9943227534
2194.8825819930,96.1718190820
2195.5965971466,95.3440517012
2196.3106123001,94.9365384966
2197.0246274537,95.8126484033
2197.7386426072,95.8775578215
2198.4526577608,95.8720345439
2199.1666729143,95.9298770198
2199.8806880678,95.3759610210
2200.5947032214,96.0459886621
2201.3087183749,96.2888565760
2202.0227335285,95.2260561057
2202.7367486820,95.6992530366
2203.4507638356,96.0946590866
2204.1647789891,95.3909513319
2204.8787941426,95.8289950480
2205.5928092962,96.0359149675
2206.3068244497,95.7045538459
2207.0208396033,96.2254220686
2207.7348547568,96.0197144380
2208.4488699104,95.1708335915
2209.1628850639,95.4459748956
2209.8769002175,95.9452268728
2210.5909153710,95.7388689869
2211.3049305245,95.7386749530
2212.0189456781,96.2209725054
2212.7329608316,96.0050486650
2213.4469759852,95.4653526009
2214.1609911387,95.7527122377
2214.8750062923,96.0006266709
2215.5890214458,95.8724373847
2216.3030365993,95.9450523352
2217.0170517529,95.6971879444
2217.7310669064,95.4738271156
2218.4450820600,95.6402293064
2219.1590972135,95.6093811037
2219.8731123671,95.5235114542
2220.5871275206,95.5722841634
2221.3011426742,95.7140264190
2222.0151578277,95.7062428935
2222.7291729812,95.2946259272
2223.4431881348,95.4442777775
2224.1572032883,95.9804002423
2224.8712184419,95.7619795005
2225.5852335954,95.5971370303
2226.2992487490,95.8420696876
2227.0132639025,95.9628936927
2227.7272790560,95.9278442603
2228.4412942096,95.7318631596
2229.1553093631,95.8579496093
2229.8693245167,95.6453909785
2230.5833396702,95.0305423353
2231.2973548238,95.5657557273
2232.0113699773,96.0407692650
2232.7253851308,95.5424840482
2233.4394002844,95.7362942502
2234.1534154379,95.6889338002
2234.8674305915,95.3173863301
2235.5814457450,95.8019444038
2236.2954608986,95.7675057097
2237.0094760521,95.6954584340
2237.7234912057,96.1331608433
2238.4375063592,95.5717191012
2239.1515215127,95.2905410612
2239.8655366663,95.7198872185
2240.5795518198,95.5415154102
2241.2935669734,95.5937731480
2242.0075821269,95.7028598338
2242.7215972805,95.6091598623
2243.4356124340,95.8813201736
2244.1496275875,95.5573795039
2244.8636427411,95.3664090233
2245.5776578946,95.8756418736
2246.2916730482,95.5950281785
2247.0056882017,95.4275646226
2247.7197033553,95.7420640513
2248.4337185088,95.3328942620
2249.1477336624,95.2972196649
2249.8617488159,95.7486313536
2250.5757639694,95.4925493724
2251.2897791230,95.3914624086
2252.0037942765,95.7172362561
2252.7178094301,95.6794094975
2253.4318245836,95.5894805418
2254.1458397372,95.5004070479
2254.8598548907,95.3443833638
2255.5738700442,95.3632981285
2256.2878851978,95.4730677836
2257.0019003513,95.4828251786
2257.7159155049,95.2015826640
2258.4299306584,95.1952417354
2259.1439458120,95.6570835355
2259.8579609655,95.5297054681
2260.5719761190,95.1186411861
2261.2859912726,95.3181058817
2262.0000064261,95.6030381345
2262.7140215797,95.5803824154
2263.4280367332,95.4254912823
2264.1420518868,95.3678189359
2264.8560670403,95.3681597560
2265.5700821939,95.2358320845
2266.2840973474,95.2815708350
2266.9981125009,95.4479782110
2267.7121276545,95.3383992511
2268.4261428080,95.3257924115
2269.1401579616,95.3461641139
2269.8541731151,95.1731339118
2270.5681882687,95.2371852574
2271.2822034222,95.2947187102
2271.9962185757,95.0834468481
2272.7102337293,95.0235312568
2273.4242488828,95.0353979064
2274.1382640364,95.0511592966
2274.8522791899,95.1998860095
2275.5662943435,95.2009128029
2276.2803094970,95.0943756158
2276.9943246506,95.0655060440
2277.7083398041,95.0150552418
2278.4223549576,95.0575344371
2279.1363701112,95.1746070750
2279.8503852647,95.1184342953
2280.5644004183,94.9940218911
2281.2784155718,95.0612139391
2281.9924307254,95.1612701293
2282.7064458789,95.0636187147
2283.4204610324,94.9331789431
2284.1344761860,94.9286769528
2284.8484913395,95.0309184664
2285.5625064931,95.1317666750
2286.2765216466,95.1318911774
2286.9905368002,95.1709112557
2287.7045519537,95.1687024412
2288.4185671072,95.0223370459
2289.1325822608,95.1433052000
2289.8465974143,95.3039174868
2290.5606125679,95.1179346905
2291.2746277214,95.2098881263
2291.9886428750,95.4229627271
2292.7026580285,95.2121254626
2293.4166731821,95.0788535638
2294.1306883356,95.1302769060
2294.8447034891,95.1619727840
2295.5587186427,95.3145858123
2296.2727337962,95.3030595244
2296.9867489498,95.2419092164
2297.7007641033,95.3223784190
2298.4147792569,95.1792947280
2299.1287944104,95.0343435007
2299.8428095639,95.1940652499
2300.5568247175,95.3275142466
2301.2708398710,95.2914498712
2301.9848550246,95.2551913582
2302.6988701781,95.2735226614
2303.4128853317,95.2348943351
2304.1269004852,95.2135716063
2304.8409156388,95.2651720730
2305.5549307923,95.1578194275
2306.2689459458,95.0428479751
2306.9829610994,95.0381939335
2307.6969762529,95.1454282272
2308.4109914065,95.3517307532
2309.1250065600,95.2363975130
2309.8390217136,94.9921010659
2310.5530368671,95.2921745753
2311.2670520206,95.2331478672
2311.9810671742,94.9448894701
2312.6950823277,95.3094312268
2313.4090974813,95.1450897418
2314.1231126348,94.8673023451
2314.8371277884,95.2415659167
2315.5511429419,95.0906839544
2316.2651580955,94.9772939004
2316.9791732490,95.1619212635
2317.6931884025,94.8413605967
2318.4072035561,95.1140292371
2319.1212187096,95.4390208268
2319.8352338632,94.7997266152
2320.5492490167,95.0587202162
2321.2632641703,95.1478868025
2321.9772793238,94.6154872617
2322.6912944773,95.0090892063
2323.4053096309,94.9277236360
2324.1193247844,94.5370654607
2324.8333399380,95.1110520394
2325.5473550915,95.2113866551
2326.2613702451,95.1042572958
2326.9753853986,95.5421685115
2327.6894005521,95.2303410047
2328.4034157057,95.1782911098
2329.1174308592,95.4033823020
2329.8314460128,95.0026891521
2330.5454611663,95.1641194983
2331.2594763199,95.3569611389
2331.9734914734,95.0780576224
2332.6875066270,95.2620761861
2333.4015217805,95.2556943617
2334.1155369340,95.2177048084
2334.8295520876,95.3572332731
2335.5435672411,95.0411606490
2336.2575823947,95.1138392318
2336.9715975482,95.3912153627
2337.6856127018,95.1755850533
2338.3996278553,95.2410696746
2339.1136430088,95.1903741121
2339.8276581624,95.0362283731
2340.5416733159,95.2001354245
2341.2556884695,95.0912490488
2341.9697036230,95.1424570722
2342.6837187766,95.2610251441
2343.3977339301,94.9707787990
2344.1117490837,95.0976239709
2344.8257642372,95.2338604951
2345.5397793907,95.0485580218
2346.2537945443,95.2636978199
2346.9678096978,95.4018109221
2347.6818248514,95.3800627533
2348.3958400049,95.4094848327
2349.1098551585,95.2678841214
2349.8238703120,95.2648419234
2350.5378854655,95.3921135967
2351.2519006191,95.2379901128
2351.9659157726,95.2786393390
2352.6799309262,95.2525131869
2353.3939460797,95.0830775228
2354.1079612333,95.3176824882
2354.8219763868,95.3597904561
2355.5359915403,95.2930498928
2356.2500066939,95.3497603900
2356.9640218474,95.1154292061
2357.6780370010,95.0897467890
2358.3920521545,95.1763121186
2359.1060673081,95.0892853001
2359.8200824616,95.2622408998
2360.5340976152,95.3630528538
2361.2481127687,95.3508779971
2361.9621279222,95.2085084311
2362.6761430758,94.9569777875
2363.3901582293,95.1121643212
2364.1041733829,95.0982478452
2364.8181885364,94.8485839064
2365.5322036900,94.9569851432
2366.2462188435,94.8631634850
2366.9602339970,94.7949475913
2367.6742491506,95.0170944706
2368.3882643041,94.8086614755
2369.1022794577,94.6567070091
2369.8162946112,94.7671853977
2370.5303097648,94.6224878987
2371.2443249183,94.6413062005
2371.9583400719,94.7952618444
2372.6723552254,94.6892995524
2373.3863703789,94.6824166156
2374.1003855325,94.7019007146
2374.8144006860,94.6258202087
2375.5284158396,94.7378364626
2376.2424309931,94.8003657729
2376.9564461467,94.7024678751
2377.6704613002,94.7517233264
2378.3844764537,94.8672517537
2379.0984916073,94.8865613915
2379.8125067608,94.8799815190
2380.5265219144,94.9109702394
2381.2405370679,95.0113305413
2381.9545522215,95.1224640475
2382.6685673750,95.1519056222
2383.3825825285,95.1584079004
2384.0965976821,95.1991492730
2384.8106128356,95.1472283092
2385.5246279892,95.0909662795
2386.2386431427,95.2480735807
2386.9526582963,95.1347803614
2387.6666734498,95.1337798813
2388.3806886034,95.1136617596
2389.0947037569,95.0752281354
2389.8087189104,95.1658303553
2390.5227340640,95.1941274193
2391.2367492175,95.2975148940
2391.9507643711,95.3087739420
2392.6647795246,95.2706613813
2393.3787946782,95.2983710614
2394.0928098317,95.2970672120
2394.8068249852,95.2446402603
2395.5208401388,95.2262868598
2396.2348552923,94.9198328795
2396.9488704459,94.9530810401
2397.6628855994,95.2222059764
2398.3769007530,95.2692433232
2399.0909159065,95.3250741432
2399.8049310601,95.2422496713
2400.5189462136,95.3136212086
2401.2329613671,95.3378063986
2401.9469765207,95.3889264431
2402.6609916742,95.3496486276
2403.3750068278,95.1705163373
2404.0890219813,95.2714160535
2404.8030371349,95.3856642348
2405.5170522884,95.2566824734
2406.2310674419,95.2137765243
2406.9450825955,95.2122190067
2407.6590977490,95.2244757745
2408.3731129026,95.2896017468
2409.0871280561,95.2503856087
2409.8011432097,95.2623127769
2410.5151583632,95.3022721270
2411.2291735167,95.1792245225
2411.9431886703,95.1458029994
2412.6572038238,95.3036423401
2413.3712189774,95.3309734089
2414.0852341309,95.1569436625
2414.7992492845,95.1004254120
2415.5132644380,95.2071493051
2416.2272795916,95.1841742066
2416.9412947451,95.0934914782
2417.6553098986,95.1067855269
2418.3693250522,95.1757966418
2419.0833402057,95.2949869375
2419.7973553593,95.3006000168
2420.5113705128,95.1501180471
2421.2253856664,95.1092971089
2421.9394008199,95.1180693674
2422.6534159734,95.1220454817
2423.3674311270,95.1758269382
2424.0814462805,95.1794799277
2424.7954614341,95.1825410979
2425.5094765876,95.1386845298
2426.2234917412,95.0821118686
2426.9375068947,95.2152540604
2427.6515220483,95.2431893239
2428.3655372018,95.1118450386
2429.0795523553,95.1311446443
2429.7935675089,95.1234191136
2430.5075826624,95.0801081578
2431.2215978160,95.1017331381
2431.9356129695,95.0718244132
2432.6496281231,95.1133315114
2433.3636432766,95.1582622759
2434.0776584301,95.1368781446
2434.7916735837,95.1375156200
2435.5056887372,94.9806621162
2436.2197038908,94.9228795316
2436.9337190443,95.0695209479
2437.6477341979,95.0298953800
2438.3617493514,95.0511670657
2439.0757645050,95.1678667838
2439.7897796585,95.0805608322
2440.5037948120,95.0686322048
2441.2178099656,95.0180986452
2441.9318251191,94.9294729700
2442.6458402727,95.1015987373
2443.3598554262,95.0741038269
2444.0738705798,94.9406250085
2444.7878857333,95.0890985170
2445.5019008868,95.0381827192
2446.2159160404,94.9357598671
2446.9299311939,95.0639536171
2447.6439463475,94.9877428808
2448.3579615010,94.8841544358
2449.0719766546,95.0189528652
2449.7859918081,95.1342957934
2450.5000069616,95.1519036373
2451.2140221152,95.0687756641
2451.9280372687,95.0042058549
2452.6420524223,95.0090371174
2453.3560675758,94.9563025560
2454.0700827294,94.9484613672
2454.7840978829,94.9857469576
2455.4981130365,94.9927158466
2456.2121281900,94.9874389834
2456.9261433435,94.8702701055
2457.6401584971,94.8709010448
2458.3541736506,95.0766202140
2459.0681888042,95.0942216608
2459.7822039577,95.0226654159
2460.4962191113,95.0384904144
2461.2102342648,94.9954945149
2461.9242494183,94.9676768167
2462.6382645719,94.9422854148
2463.3522797254,94.9410304892
2464.0662948790,95.0477158677
2464.7803100325,95.0111340650
2465.4943251861,94.9351695602
2466.2083403396,95.0660548240
2466.9223554932,95.1363482949
2467.6363706467,95.0842989278
2468.3503858002,95.0510033240
2469.0644009538,94.9991464290
2469.7784161073,94.9892988996
2470.4924312609,95.0500729012
2471.2064464144,95.0445584049
2471.9204615680,94.9389163079
2472.6344767215,94.9533838760
2473.3484918750,95.1434543535
2474.0625070286,95.1405666912
2474.7765221821,95.0064909413
2475.4905373357,95.0808693935
2476.2045524892,95.0515301380
2476.9185676428,94.9180888111
2477.6325827963,95.0789534212
2478.3465979498,95.1607182527
2479.0606131034,94.9791453965
2479.7746282569,94.9754463768
2480.4886434105,95.0354941428
2481.2026585640,94.9582031383
2481.9166737176,95.0054337250
2482.6306888711,95.1053862841
2483.3447040247,95.0634439819
2484.0587191782,95.0158763528
2484.7727343317,94.9811821845
2485.4867494853,94.9777362378
2486.2007646388,95.0837403006
2486.9147797924,95.0411316463
2487.6287949459,94.8862373704
2488.3428100995,94.9118508727
2489.0568252530,94.8626072153
2489.7708404065,94.7855870931
2490.4848555601,94.9514842926
2491.1988707136,94.9938265402
2491.9128858672,94.9554794217
2492.6269010207,95.0511494677
2493.3409161743,94.8981598055
2494.0549313278,94.7614691066
2494.7689464814,94.9287563806
2495.4829616349,94.9593618592
2496.1969767884,94.9143200229
2496.9109919420,94.9314501714
2497.6250070955,94.9050541771
2498.3390222491,94.9853782468
2499.0530374026,94.9655771826
2499.7670525562,94.8715455550
2500.4810677097,95.0015040708
2501.1950828632,94.9868255881
2501.9090980168,94.8787411966
2502.6231131703,94.9466414987
2503.3371283239,94.8722723487
2504.0511434774,94.9005533581
2504.7651586310,95.1296098289
2505.4791737845,95.0500009414
2506.1931889380,94.9580182857
2506.9072040916,95.0321808494
2507.6212192451,94.9140761924
2508.3352343987,94.8399446370
2509.0492495522,94.9260137220
2509.7632647058,94.9088056640
2510.4772798593,94.8932943091
2511.1912950129,94.9838276537
2511.9053101664,95.0666505470
2512.6193253199,95.0519594322
2513.3333404735,94.9673182932
2514.0473556270,94.9423358676
2514.7613707806,94.9827847211
2515.4753859341,94.9849453505
2516.1894010877,94.9124969116
2516.9034162412,94.8893369265
2517.6174313947,94.9458091619
2518.3314465483,94.8675106752
2519.0454617018,94.8037076660
2519.7594768554,94.9319701366
2520.4734920089,94.9317292902
2521.1875071625,94.9043303937
2521.9015223160,94.9961818270
2522.6155374696,94.8480991885
2523.3295526231,94.7659750481
2524.0435677766,94.9502013904
2524.7575829302,94.8691540159
2525.4715980837,94.7742016599
2526.1856132373,94.9455120675
2526.8996283908,94.9271667343
2527.6136435444,94.8907551295
2528.3276586979,95.0222483023
2529.0416738514,94.9634294586
2529.7556890050,94.9074514099
2530.4697041585,94.9878672601
2531.1837193121,94.8731047622
2531.8977344656,94.7779527471
2532.6117496192,94.9417514672
2533.3257647727,95.0107387509
2534.0397799262,94.9440299671
2534.7537950798,95.0048417418
2535.4678102333,95.0140852332
2536.1818253869,94.8364107550
2536.8958405404,94.7732627325
2537.6098556940,94.8558481691
2538.3238708475,94.8354918775
2539.0378860011,94.8192633569
2539.7519011546,94.9328275453
2540.4659163081,94.9572286124
2541.1799314617,94.9014003254
2541.8939466152,94.9236157458
2542.6079617688,94.8604605787
2543.3219769223,94.7598664252
2544.0359920759,94.9017221688
2544.7500072294,95.0526097381
2545.4640223829,94.9962245654
2546.1780375365,94.9531564410
2546.8920526900,94.9054089640
2547.6060678436,94.7936181236
2548.3200829971,94.8045143447
2549.0340981507,94.8452437031
2549.7481133042,94.7774062833
2550.4621284578,94.7741448325
2551.1761436113,94.8955953335
2551.8901587648,94.9295603541
2552.6041739184,94.8386541821
2553.3181890719,94.8614413539
2554.0322042255,94.9549595194
2554.7462193790,94.9186813632
2555.4602345326,94.9011177625
2556.1742496861,94.8873793445
2556.8882648396,94.7854336467
2557.6022799932,94.8339573516
2558.3162951467,94.8928853207
2559.0303103003,94.8318628371
2559.7443254538,94.9128133959
2560.4583406074,94.9481314300
2561.1723557609,94.8684662065
2561.8863709144,94.9157968269
2562.6003860680,94.8926341966
2563.3144012215,94.8606495943
2564.0284163751,94.9448714231
2564.7424315286,94.8783143356
2565.4564466822,94.8380402045
2566.1704618357,94.8762845582
2566.8844769893,94.7663040316
2567.5984921428,94.7768662355
2568.3125072963,94.8799319458
2569.0265224499,94.8633211522
2569.7405376034,94.8829650161
2570.4545527570,94.8024425885
2571.1685679105,94.6742325342
2571.8825830641,94.8118009753
2572.5965982176,94.9606087039
2573.3106133711,94.8934780893
2574.0246285247,94.7724297389
2574.7386436782,94.7475809913
2575.4526588318,94.8320957711
2576.1666739853,94.8245670508
2576.8806891389,94.7593552763
2577.5947042924,94.8182461354
2578.3087194460,94.7860147634
2579.0227345995,94.6360351179
2579.7367497530,94.6086346400
2580.4507649066,94.6543527919
2581.1647800601,94.6919085387
2581.8787952137,94.7396305505
2582.5928103672,94.7314012679
2583.3068255208,94.6555681495
2584.0208406743,94.6546303130
2584.7348558278,94.7911998407
2585.4488709814,94.8379583259
2586.1628861349,94.7096435502
2586.8769012885,94.6334768544
2587.5909164420,94.6802525617
2588.3049315956,94.7657531333
2589.0189467491,94.7624676984
2589.7329619027,94.7060873154
2590.4469770562,94.7753114330
2591.1609922097,94.7718328489
2591.8750073633,94.6943309715
2592.5890225168,94.7998066913
2593.3030376704,94.7565076701
2594.0170528239,94.5985713783
2594.7310679775,94.6852246132
2595.4450831310,94.6603922499
2596.1590982845,94.5920884040
2596.8731134381,94.7339687688
2597.5871285916,94.6590046330
2598.3011437452,94.5199002383
2599.0151588987,94.6403970674
2599.7291740523,94.7202821309
2600.4431892058,94.7067701261
2601.1572043593,94.7062512932
2601.8712195129,94.7478164726
2602.5852346664,94.7741814877
2603.2992498200,94.6499635439
2604.0132649735,94.6552641598
2604.7272801271,94.7457454269
2605.4412952806,94.6338832800
2606.1553104342,94.6952630467
2606.8693255877,94.8009241319
2607.5833407412,94.6194086576
2608.2973558948,94.6203943931
2609.0113710483,94.7377286022
2609.7253862019,94.6864657083
2610.4394013554,94.6837660288
2611.1534165090,94.6538228147
2611.8674316625,94.6683054168
2612.5814468160,94.7737766944
2613.2954619696,94.6975798732
2614.0094771231,94.6660852613
2614.7234922767,94.6992644521
2615.4375074302,94.6119405368
2616.1515225838,94.6744256227
2616.8655377373,94.7051645421
2617.5795528909,94.5788798624
2618.2935680444,94.6288809319
2619.0075831979,94.6612108353
2619.7215983515,94.6504225506
2620.4356135050,94.7803269186
2621.1496286586,94.7341762807
2621.8636438121,94.6015716679
2622.5776589657,94.6352942285
2623.2916741192,94.6439151901
2624.0056892727,94.6659247278
2624.7197044263,94.7502517205
2625.4337195798,94.7248743206
2626.1477347334,94.6298806508
2626.8617498869,94.5824424379
2627.5757650405,94.6241113214
2628.2897801940,94.6712444845
2629.0037953475,94.6185932217
2629.7178105011,94.5832351382
2630.4318256546,94.6463030886
2631.1458408082,94.7079162437
2631.8598559617,94.6697340519
2632.5738711153,94.5755910237
2633.2878862688,94.5812914789
2634.0019014224,94.6320059813
2634.7159165759,94.6278083955
2635.4299317294,94.6453813508
2636.1439468830,94.6374020353
2636.8579620365,94.6245183850
2637.5719771901,94.6873096826
2638.2859923436,94.6720473022
2639.0000074972,94.6081201724
2639.7140226507,94.6073663149
2640.4280378042,94.6009523870
2641.1420529578,94.6430632110
2641.8560681113,94.6482970168
2642.5700832649,94.5418277847
2643.2840984184,94.5879891384
2643.9981135720,94.6738679774
2644.7121287255,94.5659008416
2645.4261438791,94.5376340481
2646.1401590326,94.6028457130
2646.8541741861,94.5593137846
2647.5681893397,94.5819452415
2648.2822044932,94.6279806695
2648.9962196468,94.4991675664
2649.7102348003,94.4514069635
2650.4242499539,94.5944727880
2651.1382651074,94.6507781945
2651.8522802609,94.6177688515
2652.5662954145,94.6042564300
2653.2803105680,94.5564978335
2653.9943257216,94.5673269348
2654.7083408751,94.6436926680
2655.4223560287,94.6303038102
2656.1363711822,94.5987343725
2656.8503863357,94.6051668074
2657.5644014893,94.6030998354
2658.2784166428,94.6377710232
2658.9924317964,94.6348381332
2659.7064469499,94.5968302922
2660.4204621035,94.6589367522
2661.1344772570,94.7040096891
2661.8484924106,94.6672077987
2662.5625075641,94.6601633062
2663.2765227176,94.6542396427
2663.9905378712,94.6285868143
2664.7045530247,94.6169022147
2665.4185681783,94.6518485000
2666.1325833318,94.7142649986
2666.8465984854,94.6900077615
2667.5606136389,94.6732840965
2668.2746287924,94.7238671938
2668.9886439460,94.6804120674
2669.7026590995,94.6586045186
2670.4166742531,94.6902665276
2671.1306894066,94.6229208452
2671.8447045602,94.6321788382
2672.5587197137,94.6874428358
2673.2727348673,94.6642754222
2673.9867500208,94.7435765614
2674.7007651743,94.7312351007
2675.4147803279,94.5452460748
2676.1287954814,94.5741048938
2676.8428106350,94.7042398010
2677.5568257885,94.6738319745
2678.2708409421,94.6016926398
2678.9848560956,94.5777450054
2679.6988712491,94.6553742467
2680.4128864027,94.6929567509
2681.1269015562,94.5730951484
2681.8409167098,94.5676615895
2682.5549318633,94.6600407946
2683.2689470169,94.6452572579
2683.9829621704,94.6492784596
2684.6969773239,94.6659845155
2685.4109924775,94.6275691078
2686.1250076310,94.6131451928
2686.8390227846,94.6052044670
2687.5530379381,94.6132463308
2688.2670530917,94.5906914103
2688.9810682452,94.4982345753
2689.6950833988,94.5147923496
2690.4090985523,94.5822838363
2691.1231137058,94.5494549039
2691.8371288594,94.5690621396
2692.5511440129,94.6046527974
2693.2651591665,94.5308756925
2693.9791743200,94.5126282058
2694.6931894736,94.5486836327
2695.4072046271,94.4989540853
2696.1212197806,94.4733644802
2696.8352349342,94.5158388164
2697.5492500877,94.5247954470
2698.2632652413,94.5509497574
2698.9772803948,94.5754826395
2699.6912955484,94.4968270937
2700.4053107019,94.4690903749
2701.1193258555,94.5328337577
2701.8333410090,94.4999606310
2702.5473561625,94.4764498781
2703.2613713161,94.5352131806
2703.9753864696,94.4864041108
2704.6894016232,94.4232423491
2705.4034167767,94.4713688535
2706.1174319303,94.4919634151
2706.8314470838,94.4685728216
2707.5454622373,94.4512943376
2708.2594773909,94.4518575429
2708.9734925444,94.4924543700
2709.6875076980,94.4723267031
2710.4015228515,94.3968275189
2711.1155380051,94.4177665819
2711.8295531586,94.4870574328
2712.5435683122,94.4704448785
2713.2575834657,94.3910978157
2713.9715986192,94.3755784572
2714.6856137728,94.4291056199
2715.3996289263,94.4034616344
2716.1136440799,94.3502070354
2716.8276592334,94.3896191556
2717.5416743870,94.3880268713
2718.2556895405,94.3424020661
2718.9697046940,94.3793270809
2719.6837198476,94.3883545153
2720.3977350011,94.3533329313
2721.1117501547,94.4003621029
2721.8257653082,94.4273042880
2722.5397804618,94.3670347819
2723.2537956153,94.3475307178
2723.9678107688,94.3623031590
2724.6818259224,94.3419754998
2725.3958410759,94.3311149017
2726.1098562295,94.3215158489
2726.8238713830,94.2937765223
2727.5378865366,94.2880496632
2728.2519016901,94.2846493871
2728.9659168437,94.3099958391
2729.6799319972,94.3665359336
2730.3939471507,94.3285130449
2731.1079623043,94.2607632413
2731.8219774578,94.2644081916
2732.5359926114,94.2398410318
2733.2500077649,94.2467596791
2733.9640229185,94.3261511333
2734.6780380720,94.3098498673
2735.3920532255,94.2337550244
2736.1060683791,94.2163256492
2736.8200835326,94.2457667757
2737.5340986862,94.2566075186
2738.2481138397,94.1660003856
2738.9621289933,94.1365284555
2739.6761441468,94.2607405184
2740.3901593004,94.2812352554
2741.1041744539,94.2380969602
2741.8181896074,94.2731565650
2742.5322047610,94.2355126011
2743.2462199145,94.2098648054
2743.9602350681,94.2766591026
2744.6742502216,94.2801397074
2745.3882653752,94.2511679830
2746.1022805287,94.2094361448
2746.8162956822,94.1597642976
2747.5303108358,94.1857925313
2748.2443259893,94.1933304071
2748.9583411429,94.1811784760
2749.6723562964,94.1968681783
2750.3863714500,94.1685920319
2751.1003866035,94.2010968405
2751.8144017570,94.2305057720
2752.5284169106,94.1263318685
2753.2424320641,94.1370909660
2753.9564472177,94.2164165373
2754.6704623712,94.1513829924
2755.3844775248,94.1297807661
2756.0984926783,94.1424743262
2756.8125078319,94.1091587283
2757.5265229854,94.1596443861
2758.2405381389,94.1558371917
2758.9545532925,94.0985984656
2759.6685684460,94.1823167129
2760.3825835996,94.2115198727
2761.0965987531,94.1415142344
2761.8106139067,94.1427443053
2762.5246290602,94.0724247357
2763.2386442137,94.0020027006
2763.9526593673,94.1305393566
2764.6666745208,94.1688961354
2765.3806896744,94.0291377518
2766.0947048279,94.0198387957
2766.8087199815,94.0753163725
2767.5227351350,94.0524030021
2768.2367502886,94.0822871306
2768.9507654421,94.1221432096
2769.6647805956,94.0779790247
2770.3787957492,94.0307691509
2771.0928109027,94.0099602617
2771.8068260563,94.0342057095
2772.5208412098,94.0604299956
2773.2348563634,93.9862308830
2773.9488715169,93.9237865518
2774.6628866704,93.9525231545
2775.3769018240,93.9844206142
2776.0909169775,94.0065523888
2776.8049321311,93.9776209832
2777.5189472846,93.9307085582
2778.2329624382,93.9683086329
2778.9469775917,93.9455356631
2779.6609927452,93.8696652977
2780.3750078988,93.9102723339
2781.0890230523,93.9020922365
2781.8030382059,93.8374081188
2782.5170533594,93.9017792246
2783.2310685130,93.9162826258
2783.9450836665,93.8432704541
2784.6590988201,93.8680659995
2785.3731139736,93.8853414527
2786.0871291271,93.8743321203
2786.8011442807,93.9088402147
2787.5151594342,93.8549594474
2788.2291745878,93.7952962829
2788.9431897413,93.8544031903
2789.6572048949,93.8500926204
2790.3712200484,93.8004829024
2791.0852352019,93.8120234506
2791.7992503555,93.7639361969
2792.5132655090,93.7512345400
2793.2272806626,93.8418232306
2793.9412958161,93.8272692637
2794.6553109697,93.8187414765
2795.3693261232,93.9049322831
2796.0833412768,93.8344246789
2796.7973564303,93.7606442873
2797.5113715838,93.8643258053
2798.2253867374,93.8649908798
2798.9394018909,93.8021614570
2799.6534170445,93.8483235799
2800.3674321980,93.8101685692
2801.0814473516,93.7144743007
2801.7954625051,93.7200853997
2802.5094776586,93.7193824870
2803.2234928122,93.6825760911
2803.9375079657,93.6879841408
2804.6515231193,93.7148633855
2805.3655382728,93.7187637735
2806.0795534264,93.6891251592
2806.7935685799,93.6619324519
2807.5075837334,93.6512188585
2808.2215988870,93.6506512890
2808.9356140405,93.6876706406
2809.6496291941,93.7260466876
2810.3636443476,93.7137278304
2811.0776595012,93.6887663088
2811.7916746547,93.6931865083
2812.5056898083,93.7058861624
2813.2197049618,93.6814137516
2813.9337201153,93.6544368926
2814.6477352689,93.6539450367
2815.3617504224,93.6262120537
2816.0757655760,93.6252853016
2816.7897807295,93.6642993903
2817.5037958831,93.6314721208
2818.2178110366,93.5982996791
2818.9318261901,93.6166844750
2819.6458413437,93.5923347730
2820.3598564972,93.5738515852
2821.0738716508,93.6126291383
2821.7878868043,93.6566827561
2822.5019019579,93.6407158091
2823.2159171114,93.5651596534
2823.9299322650,93.5774863212
2824.6439474185,93.6128890345
2825.3579625720,93.5244079512
2826.0719777256,93.5009348723
2826.7859928791,93.5235018088
2827.5000080327,93.4567140551
2828.2140231862,93.4936204462
2828.9280383398,93.5596247700
2829.6420534933,93.4944201457
2830.3560686468,93.4571373871
2831.0700838004,93.4358661507
2831.7840989539,93.4170960093
2832.4981141075,93.4556500111
2833.2121292610,93.4180030945
2833.9261444146,93.3517915072
2834.6401595681,93.3287320134
2835.3541747217,93.2794409215
2836.0681898752,93.2784282871
2836.7822050287,93.2870683810
2837.4962201823,93.2246336820
2838.2102353358,93.1638225640
2838.9242504894,93.1003191310
2839.6382656429,93.0818632476
2840.3522807965,93.0926813999
2841.0662959500,93.0004279958
2841.7803111035,92.9117012147
2842.4943262571,92.8842914397
2843.2083414106,92.8381745402
2843.9223565642,92.7715657031
2844.6363717177,92.6356843271
2845.3503868713,92.5105518439
2846.0644020248,92.4137350816
2846.7784171783,92.2063185256
2847.4924323319,92.0758141528
2848.2064474854,92.0480662503
2848.9204626390,91.9093468670
2849.6344777925,91.8362226656
2850.3484929461,91.8247255208
2851.0625080996,91.7633656686
2851.7765232532,91.8856551103
2852.4905384067,92.0341317820
2853.2045535602,92.0237588944
2853.9185687138,92.0826506924
2854.6325838673,92.1472108625
2855.3465990209,92.1977060006
2856.0606141744,92.3269260018
2856.7746293280,92.3173340542
2857.4886444815,92.2524138189
2858.2026596350,92.3742046256
2858.9166747886,92.5770471447
2859.6306899421,92.7149579034
2860.3447050957,92.6807884946
2861.0587202492,92.6182125787
2861.7727354028,92.7652631348
2862.4867505563,92.8933483813
2863.2007657099,92.8861680374
2863.9147808634,92.9936589197
2864.6287960169,93.1155632279
2865.3428111705,93.0572549543
2866.0568263240,93.0359642597
2866.7708414776,93.1884765185
2867.4848566311,93.2738916590
2868.1988717847,93.2187544282
2868.9128869382,93.2250466967
2869.6269020917,93.2450163309
2870.3409172453,93.1847897889
2871.0549323988,93.1934234514
2871.7689475524,93.2721249504
2872.4829627059,93.3016727265
2873.1969778595,93.2866178718
2873.9109930130,93.3018021822
2874.6250081665,93.3946305368
2875.3390233201,93.4502452874
2876.0530384736,93.4829768047
2876.7670536272,93.6172112053
2877.4810687807,93.6492742001
2878.1950839343,93.6266963630
2878.9090990878,93.8289041016
2879.6231142414,93.9715995029
2880.3371293949,93.9455199397
2881.0511445484,94.0963836278
2881.7651597020,94.3329790640
2882.4791748555,94.4358168217
2883.1931900091,94.4655100462
2883.9072051626,94.4442642313
2884.6212203162,94.3655383207
2885.3352354697,94.3264123868
2886.0492506232,94.4131731639
2886.7632657768,94.4888766364
2887.4772809303,94.4584156376
2888.1912960839,94.4823417930
2888.9053112374,94.4728601932
2889.6193263910,94.3238132148
2890.3333415445,94.2698214122
2891.0473566981,94.3213172450
2891.7613718516,94.3324448743
2892.4753870051,94.2515966118
2893.1894021587,94.0704159992
2893.9034173122,93.9977148697
2894.6174324658,93.9799352780
2895.3314476193,93.8667720288
2896.0454627729,93.9187667763
2896.7594779264,93.9311983064
2897.4734930799,93.7007306801
2898.1875082335,93.7302360000
2898.9015233870,93.8206827875
2899.6155385406,93.5873714357
2900.3295536941,93.5460994047
2901.0435688477,93.6736595914
2901.7575840012,93.5212536988
2902.4715991547,93.3533932166
2903.1856143083,93.3698973067
2903.8996294618,93.3667359349
2904.6136446154,93.2647282351
2905.3276597689,93.2094639005
2906.0416749225,93.2756308305
2906.7556900760,93.2108310883
2907.4697052296,92.9945956453
2908.1837203831,92.9030204426
2908.8977355366,92.8592759773
2909.6117506902,92.7503556468
2910.3257658437,92.6118109936
2911.0397809973,92.4472711985
2911.7537961508,92.3860508789
2912.4678113044,92.3329848573
2913.1818264579,92.1405556840
2913.8958416114,92.0131612347
2914.6098567650,91.9230153340
2915.3238719185,91.7345275971
2916.0378870721,91.5613010185
2916.7519022256,91.4435263026
2917.4659173792,91.3922838779
2918.1799325327,91.3021097473
2918.8939476863,91.1494175668
2919.6079628398,91.1322727370
2920.3219779933,91.0678030282
2921.0359931469,90.9847199419
2921.7500083004,91.1356586517
2922.4640234540,91.1022787459
2923.1780386075,90.9754995692
2923.8920537611,91.1709146455
2924.6060689146,91.2239244871
2925.3200840681,91.1781816270
2926.0340992217,91.3581421482
2926.7481143752,91.4005074517
2927.4621295288,91.4436626035
2928.1761446823,91.6142351469
2928.8901598359,91.6084854252
2929.6041749894,91.6674471405
2930.3181901429,91.8018047902
2931.0322052965,91.8393051996
2931.7462204500,92.0458201336
2932.4602356036,92.2103756193
2933.1742507571,92.1746293309
2933.8882659107,92.3137906758
2934.6022810642,92.4725458541
2935.3162962178,92.4486007237
2936.0303113713,92.5356193925
2936.7443265248,92.7483169609
2937.4583416784,92.9014158126
2938.1723568319,93.0090077165
2938.8863719855,93.1125785513
2939.6003871390,93.1818599796
2940.3144022926,93.2045286212
2941.0284174461,93.2893055388
2941.7424325996,93.4677224073
2942.4564477532,93.6004730261
2943.1704629067,93.6979764650
2943.8844780603,93.8564719100
2944.5984932138,94.0262756248
2945.3125083674,94.1490164529
2946.0265235209,94.2378707539
2946.7405386745,94.3774154984
2947.4545538280,94.5805952036
2948.1685689815,94.6345681709
2948.8825841351,94.5761161009
2949.5965992886,94.7262254693
2950.3106144422,94.8880795536
2951.0246295957,94.7800661053
2951.7386447493,94.7783217894
2952.4526599028,95.0121003290
2953.1666750563,95.1332062423
2953.8806902099,95.1641402526
2954.5947053634,95.2166955193
2955.3087205170,95.2842706080
2956.0227356705,95.4566101730
2956.7367508241,95.5490400643
2957.4507659776,95.5265162491
2958.1647811312,95.7071904206
2958.8787962847,95.9005215651
2959.5928114382,95.9126890877
2960.3068265918,96.0391446567
2961.0208417453,96.1841112540
2961.7348568989,96.1671610756
2962.4488720524,96.2644660668
2963.1628872060,96.5003972888
2963.8769023595,96.6403232624
2964.5909175130,96.7506215179
2965.3049326666,96.9776461838
2966.0189478201,97.1539170502
2966.7329629737,97.1778590054
2967.4469781272,97.3088642458
2968.1609932808,97.4615537395
2968.8750084343,97.5551567981
2969.5890235878,98.2952700976
2970.3030387414,99.4705679084
2971.0170538949,99.6108075393
2971.7310690485,98.8411729805
2972.4450842020,98.5044450709
2973.1590993556,98.5968050412
2973.8731145091,98.5298024744
2974.5871296627,98.4008029502
2975.3011448162,98.4359336280
2976.0151599697,98.6106532180
2976.7291751233,98.9069317367
2977.4431902768,99.3039711736
2978.1572054304,99.6367629760
2978.8712205839,100.0392011458
2979.5852357375,100.5490958920
2980.2992508910,100.6613327224
2981.0132660445,100.9226819066
2981.7272811981,101.7953802036
2982.4412963516,101.3672092526
2983.1553115052,99.4284039124
2983.8693266587,98.4660687061
2984.5833418123,98.3136705076
2985.2973569658,97.8120283616
2986.0113721194,97.7230699071
2986.7253872729,97.8183993387
2987.4394024264,97.4763384063
2988.1534175800,97.3743230720
2988.8674327335,97.4399915612
2989.5814478871,97.3790014650
2990.2954630406,97.4532520243
2991.0094781942,97.4121494458
2991.7234933477,97.2750619918
2992.4375085012,97.2704278966
2993.1515236548,97.1538644487
2993.8655388083,97.0202047097
2994.5795539619,97.0217756370
2995.2935691154,97.0105752118
2996.0075842690,96.9478885970
2996.7215994225,96.7899879571
2997.4356145760,96.6645616884
2998.1496297296,96.6507303365
2998.8636448831,96.5167289110
2999.5776600367,96.3366231238
3000.2916751902,96.2529705132
3001.0056903438,96.1222620841
3001.7197054973,95.9343432924
3002.4337206509,95.7515595988
3003.1477358044,95.5904777938
3003.8617509579,95.4769609624
3004.5757661115,95.3924722285
3005.2897812650,95.2712358134
3006.0037964186,95.0474960551
3006.7178115721,94.8462669670
3007.4318267257,94.7225626444
3008.1458418792,94.5382506849
3008.8598570327,94.4406190832
3009.5738721863,94.4538580022
3010.2878873398,94.3433111507
3011.0019024934,94.2304510256
3011.7159176469,94.1524774348
3012.4299328005,93.9941463997
3013.1439479540,93.8899757833
3013.8579631076,93.7854438346
3014.5719782611,93.6636270994
3015.2859934146,93.6442343713
3016.0000085682,93.5690304482
3016.7140237217,93.5056054307
3017.4280388753,93.5774713019
3018.1420540288,93.5358855589
3018.8560691824,93.4118007258
3019.5700843359,93.3874699467
3020.2840994894,93.3994397927
3020.9981146430,93.4179385889
3021.7121297965,93.3770017011
3022.4261449501,93.2664582393
3023.1401601036,93.2085568645
3023.8541752572,93.1823984462
3024.5681904107,93.1911245678
3025.2822055642,93.2467096569
3025.9962207178,93.2396852021
3026.7102358713,93.1841773508
3027.4242510249,93.1336266300
3028.1382661784,93.0800437326
3028.8522813320,93.0459046594
3029.5662964855,93.0323322170
3030.2803116391,93.0613772556
3030.9943267926,93.0910110765
3031.7083419461,93.0266292626
3032.4223570997,92.9728090427
3033.1363722532,92.9985517022
3033.8503874068,92.9653231772
3034.5644025603,92.8786028524
3035.2784177139,92.8667721572
3035.9924328674,92.8406825488
3036.7064480209,92.7497408378
3037.4204631745,92.7799345395
3038.1344783280,92.8267606510
3038.8484934816,92.6988902791
3039.5625086351,92.6473263711
3040.2765237887,92.6844651569
3040.9905389422,92.6478968209
3041.7045540958,92.7097321571
3042.4185692493,92.6773854498
3043.1325844028,92.4836684424
3043.8465995564,92.5438306423
3044.5606147099,92.5726004559
3045.2746298635,92.4286216295
3045.9886450170,92.5349055313
3046.7026601706,92.5256209033
3047.4166753241,92.3151468843
3048.1306904776,92.4164508817
3048.8447056312,92.5028889800
3049.5587207847,92.3941921942
3050.2727359383,92.3945485945
3050.9867510918,92.3541596777
3051.7007662454,92.2968623814
3052.4147813989,92.2749930668
3053.1287965524,92.1837435286
3053.8428117060,92.2119956064
3054.5568268595,92.1732057211
3055.2708420131,91.9782755388
3055.9848571666,92.0668615360
3056.6988723202,92.2071756256
3057.4128874737,92.0922486382
3058.1269026273,92.0498607777
3058.8409177808,92.0555714215
3059.5549329343,92.0001938035
3060.2689480879,91.9706562245
3060.9829632414,91.9201540581
3061.6969783950,91.9590574984
3062.4109935485,92.0011150232
3063.1250087021,91.8626016225
3063.8390238556,91.8650146306
3064.5530390091,91.9676919046
3065.2670541627,91.8430765176
3065.9810693162,91.8381784740
3066.6950844698,92.0070551277
3067.4090996233,91.9265281318
3068.1231147769,91.7882411571
3068.8371299304,91.7939380036
3069.5511450840,91.7737210112
3070.2651602375,91.8130414674
3070.9791753910,91.8720874881
3071.6931905446,91.8119628067
3072.4072056981,91.8418475213
3073.1212208517,91.8974408569
3073.8352360052,91.7939708845
3074.5492511588,91.7658594366
3075.2632663123,91.8378819737
3075.9772814658,91.8817858575
3076.6912966194,91.9438202531
3077.4053117729,91.8906894605
3078.1193269265,91.8126993589
3078.8333420800,91.9710456931
3079.5473572336,92.1225304975
3080.2613723871,92.0877774136
3080.9753875406,92.0196688333
3081.6894026942,91.9542421583
3082.4034178477,91.9703231004
3083.1174330013,92.0559559842
3083.8314481548,92.0616632004
3084.5454633084,92.0303605214
3085.2594784619,92.0430305308
3085.9734936155,92.1105590881
3086.6875087690,92.1322713216
3087.4015239225,92.0709522037
3088.1155390761,92.1381827075
3088.8295542296,92.2085344376
3089.5435693832,92.1392802787
3090.2575845367,92.2341926664
3090.9715996903,92.3090371440
3091.6856148438,92.1614598292
3092.3996299973,92.1909380865
3093.1136451509,92.2601179756
3093.8276603044,92.1663407220
3094.5416754580,92.2179970788
3095.2556906115,92.2766425819
3095.9697057651,92.2371311716
3096.6837209186,92.3163943941
3097.3977360722,92.3576626190
3098.1117512257,92.3167729021
3098.8257663792,92.3167456199
3099.5397815328,92.3086884890
3100.2537966863,92.3648706894
3100.9678118399,92.4581627323
3101.6818269934,92.4549987122
3102.3958421470,92.4108045323
3103.1098573005,92.3921814397
3103.8238724540,92.4631910054
3104.5378876076,92.5460152957
3105.2519027611,92.4919101403
3105.9659179147,92.4185366608
3106.6799330682,92.4338995505
3107.3939482218,92.4987110504
3108.1079633753,92.5103398869
3108.8219785289,92.4441348223
3109.5359936824,92.4955748170
3110.2500088359,92.5168072452
3110.9640239895,92.3706476454
3111.6780391430,92.4732288923
3112.3920542966,92.6426900396
3113.1060694501,92.4946368673
3113.8200846037,92.4505836556
3114.5340997572,92.5268343981
3115.2481149107,92.4980035111
3115.9621300643,92.5756234877
3116.6761452178,92.5528660076
3117.3901603714,92.3921735203
3118.1041755249,92.4692221528
3118.8181906785,92.5990242848
3119.5322058320,92.5763556300
3120.2462209855,92.5067791603
3120.9602361391,92.4364764974
3121.6742512926,92.5021293325
3122.3882664462,92.6030686890
3123.1022815997,92.5757117015
3123.8162967533,92.5559173930
3124.5303119068,92.5217719941
3125.2443270604,92.5105566483
3125.9583422139,92.5849737334
3126.6723573674,92.5166183892
3127.3863725210,92.3758483303
3128.1003876745,92.3629219816
3128.8144028281,92.4026909603
3129.5284179816,92.4298410708
3130.2424331352,92.3318990856
3130.9564482887,92.2616372023
3131.6704634422,92.4898089951
3132.3844785958,92.6213383750
3133.0984937493,92.4220515384
3133.8125089029,92.3240480284
3134.5265240564,92.3697614404
3135.2405392100,92.3551283794
3135.9545543635,92.3544409097
3136.6685695171,92.3588671439
3137.3825846706,92.3443909730
3138.0965998241,92.3636196026
3138.8106149777,92.3340644330
3139.5246301312,92.2776336449
3140.2386452848,92.3188186920
3140.9526604383,92.3186492891
3141.6666755919,92.2402744282
3142.3806907454,92.2949224580
3143.0947058989,92.2944180735
3143.8087210525,92.1309984479
3144.5227362060,92.1707352910
3145.2367513596,92.2242723254
3145.9507665131,92.0921387398
3146.6647816667,92.1694791863
3147.3787968202,92.1774795312
3148.0928119737,91.9494081892
3148.8068271273,92.0743343367
3149.5208422808,92.2089727904
3150.2348574344,92.0218096295
3150.9488725879,92.0274720818
3151.6628877415,91.9708762183
3152.3769028950,91.7764848944
3153.0909180486,91.9431821668
3153.8049332021,92.0326670381
3154.5189483556,91.9460965022
3155.2329635092,92.0887163374
3155.9469786627,92.0073342282
3156.6609938163,91.7636276616
3157.3750089698,91.8525476002
3158.0890241234,91.8732120963
3158.8030392769,91.7155685500
3159.5170544304,91.7101352073
3160.2310695840,91.7513896527
3160.9450847375,91.7730251321
3161.6590998911,91.7420187088
3162.3731150446,91.5951958680
3163.0871301982,91.5142720850
3163.8011453517,91.5693065787
3164.5151605053,91.6290127961
3165.2291756588,91.5183823586
3165.9431908123,91.3132547480
3166.6572059659,91.3811732500
3167.3712211194,91.5415564441
3168.0852362730,91.4176414649
3168.7992514265,91.3348466931
3169.5132665801,91.4438368005
3170.2272817336,91.4383635359
3170.9412968871,91.3347428245
3171.6553120407,91.2474735997
3172.3693271942,91.1965837449
3173.0833423478,91.2002334510
3173.7973575013,91.1203193047
3174.5113726549,91.0044553667
3175.2253878084,91.0762461138
3175.9394029619,91.1702447694
3176.6534181155,91.0358390857
3177.3674332690,90.9199696274
3178.0814484226,91.0410459282
3178.7954635761,91.0736971546
3179.5094787297,90.9164506572
3180.2234938832,90.8704337751
3180.9375090368,90.8705931950
3181.6515241903,90.8176381730
3182.3655393438,90.7987915837
3183.0795544974,90.6908185726
3183.7935696509,90.6539626374
3184.5075848045,90.7826035710
3185.2215999580,90.6555547758
3185.9356151116,90.5009564495
3186.6496302651,90.6696508006
3187.3636454186,90.6671656688
3188.0776605722,90.4746290949
3188.7916757257,90.4699878771
3189.5056908793,90.4445814543
3190.2197060328,90.3383844255
3190.9337211864,90.2717508438
3191.6477363399,90.2171522520
3192.3617514935,90.2984497341
3193.0757666470,90.3482568406
3193.7897818005,90.1483133718
3194.5037969541,90.0537950185
3195.2178121076,90.1699143301
3195.9318272612,90.1550834289
3196.6458424147,90.0577531675
3197.3598575683,90.0647282360
3198.0738727218,90.0122838148
3198.7878878753,89.8993087564
3199.5019030289,89.9360862984
3200.2159181824,89.9430707641
3200.9299333360,89.7911276852
3201.6439484895,89.7886022624
3202.3579636431,89.8610679064
3203.0719787966,89.7281534533
3203.7859939501,89.6408040234
3204.5000091037,89.7249472163
3205.2140242572,89.7098834692
3205.9280394108,89.5348647834
3206.6420545643,89.4099608092
3207.3560697179,89.5039701302
3208.0700848714,89.5905648703
3208.7841000250,89.4390337841
3209.4981151785,89.3700514932
3210.2121303320,89.4484114657
3210.9261454856,89.3243835612
3211.6401606391,89.1783903646
3212.3541757927,89.2608061878
3213.0681909462,89.3599869238
3213.7822060998,89.3096743567
3214.4962212533,89.1370581365
3215.2102364068,89.0030697837
3215.9242515604,89.0130745293
3216.6382667139,89.0213973063
3217.3522818675,88.9559740020
3218.0662970210,88.9202124042
3218.7803121746,88.9179285409
3219.4943273281,88.8720808842
3220.2083424817,88.7879675048
3220.9223576352,88.7699493458
3221.6363727887,88.7904245282
3222.3503879423,88.7319285146
3223.0644030958,88.6548108065
3223.7784182494,88.5817973550
3224.4924334029,88.4964104877
3225.2064485565,88.4856947945
3225.9204637100,88.4236094852
3226.6344788635,88.2613434103
3227.3484940171,88.2076632840
3228.0625091706,88.1701446487
3228.7765243242,88.0829202573
3229.4905394777,88.1278227489
3230.2045546313,88.1225711467
3230.9185697848,87.9360900754
3231.6325849384,87.8913151028
3232.3466000919,87.9931991061
3233.0606152454,87.9029701831
3233.7746303990,87.6824843155
3234.4886455525,87.6582545527
3235.2026607061,87.7281166923
3235.9166758596,87.6029783790
3236.6306910132,87.4937239795
3237.3447061667,87.5827501872
3238.0587213202,87.5240038509
3238.7727364738,87.2925884889
3239.4867516273,87.2191364361
3240.2007667809,87.2362445965
3240.9147819344,87.1667666651
3241.6287970880,87.0782969429
3242.3428122415,87.0735740697
3243.0568273950,87.1233468278
3243.7708425486,87.0625788936
3244.4848577021,86.9634385014
3245.1988728557,86.9463407074
3245.9128880092,86.7632160706
3246.6269031628,86.5018102008
3247.3409183163,86.4702111704
3248.0549334699,86.5133076406
3248.7689486234,86.5526127060
3249.4829637769,86.5548992726
3250.1969789305,86.3513864189
3250.9109940840,86.2094956740
3251.6250092376,86.1672227888
3252.3390243911,86.0697621872
3253.0530395447,86.1738081763
3253.7670546982,86.1833169731
3254.4810698517,85.9034802105
3255.1950850053,85.8711619146
3255.9091001588,85.7980234465
3256.6231153124,85.5647944795
3257.3371304659,85.7376701700
3258.0511456195,85.7945507663
3258.7651607730,85.5227512294
3259.4791759266,85.5334916093
3260.1931910801,85.4639968308
3260.9072062336,85.2253746182
3261.6212213872,85.2805652720
3262.3352365407,85.2221570253
3263.0492516943,84.9825660634
3263.7632668478,85.0021479193
3264.4772820014,85.0852789016
3265.1912971549,85.0305564475
3265.9053123084,84.9891582192
3266.6193274620,85.0196333688
3267.3333426155,84.9321663486
3268.0473577691,84.7327001852
3268.7613729226,84.7970260950
3269.4753880762,84.8890570720
3270.1894032297,84.6531659811
3270.9034183832,84.5878266702
3271.6174335368,84.7216095331
3272.3314486903,84.6079247009
3273.0454638439,84.4960090629
3273.7594789974,84.5972847526
3274.4734941510,84.7024986959
3275.1875093045,84.6244707297
3275.9015244581,84.4434241174
3276.6155396116,84.4867098800
3277.3295547651,84.6311652225
3278.0435699187,84.6358402587
3278.7575850722,84.6685175680
3279.4716002258,84.6331828216
3280.1856153793,84.5515670169
3280.8996305329,84.6976347854
3281.6136456864,84.8083267822
3282.3276608399,84.7108022765
3283.0416759935,84.6693087278
3283.7556911470,84.7879874285
3284.4697063006,84.9190229412
3285.1837214541,84.8805400386
3285.8977366077,84.8706286958
3286.6117517612,85.0605601583
3287.3257669148,85.1759314147
3288.0397820683,85.2386740830
3288.7537972218,85.3150144327
3289.4678123754,85.2930177702
3290.1818275289,85.4279128258
3290.8958426825,85.6430075426
3291.6098578360,85.6564453180
3292.3238729896,85.7174742154
3293.0378881431,85.8758077751
3293.7519032966,86.0034390261
3294.4659184502,86.1282015159
3295.1799336037,86.1617299993
3295.8939487573,86.1873738408
3296.6079639108,86.2585810115
3297.3219790644,86.3322943314
3298.0359942179,86.5429371419
3298.7500093714,86.6974720225
3299.4640245250,86.7176367408
3300.1780396785,86.8655508603
3300.8920548321,86.9785530776
3301.6060699856,87.0435722093
3302.3200851392,87.2547843084
3303.0341002927,87.3945307630
3303.7481154463,87.4893066275
3304.4621305998,87.6083857898
3305.1761457533,87.5719003160
3305.8901609069,87.6374507189
3306.6041760604,87.8925845264
3307.3181912140,88.0389478805
3308.0322063675,88.1682626270
3308.7462215211,88.3215755941
3309.4602366746,88.3382469928
3310.1742518281,88.3726820362
3310.8882669817,88.5096253051
3311.6022821352,88.6144582487
3312.3162972888,88.6715569531
3313.0303124423,88.7424873207
3313.7443275959,88.8511898233
3314.4583427494,89.0151155461
3315.1723579030,89.1773475282
3315.8863730565,89.1950075963
3316.6003882100,89.1680019620
3317.3144033636,89.3046994174
3318.0284185171,89.4306743187
3318.7424336707,89.4351374667
3319.4564488242,89.5316586661
3320.1704639778,89.6823497037
3320.8844791313,89.7715369716
3321.5984942848,89.8410130773
3322.3125094384,89.8540437679
3323.0265245919,89.9068464261
3323.7405397455,90.0932212089
3324.4545548990,90.2579984473
3325.1685700526,90.3695769176
3325.8825852061,90.4298510629
3326.5966003596,90.3415120456
3327.3106155132,90.2897425962
3328.0246306667,90.4475864422
3328.7386458203,90.6133338942
3329.4526609738,90.6785429477
3330.1666761274,90.7684410333
3330.8806912809,90.8254505645
3331.5947064345,90.8055209218
3332.3087215880,90.8800166555
3333.0227367415,90.9886684688
3333.7367518951,91.0186549231
3334.4507670486,91.1321726496
3335.1647822022,91.2537140045
3335.8787973557,91.2761939663
3336.5928125093,91.3702052190
3337.3068276628,91.4141605484
3338.0208428163,91.3541270189
3338.7348579699,91.4378859931
3339.4488731234,91.5154050306
3340.1628882770,91.4685570312
3340.8769034305,91.5267681693
3341.5909185841,91.6537771847
3342.3049337376,91.7187988238
3343.0189488912,91.7399345288
3343.7329640447,91.7626813180
3344.4469791982,91.8446307171
3345.1609943518,91.9065170166
3345.8750095053,91.9454215635
3346.5890246589,92.0341477740
3347.3030398124,92.0655393329
3348.0170549660,92.0754944529
3348.7310701195,92.1186991443
3349.4450852730,92.1338037320
3350.1591004266,92.2262409887
3350.8731155801,92.3103645773
3351.5871307337,92.2992786058
3352.3011458872,92.3451028892
3353.0151610408,92.3171991261
3353.7291761943,92.2471201393
3354.4431913478,92.3334137480
3355.1572065014,92.3939801939
3355.8712216549,92.4909243931
3356.5852368085,92.6391747719
3357.2992519620,92.5877478867
3358.0132671156,92.5923422783
3358.7272822691,92.6733585335
3359.4412974227,92.6046890987
3360.1553125762,92.7057648513
3360.8693277297,92.8967418511
3361.5833428833,92.8657242609
3362.2973580368,92.8137419869
3363.0113731904,92.8119792141
3363.7253883439,92.8569603351
3364.4394034975,92.9372420115
3365.1534186510,92.9537513974
3365.8674338045,93.0464034622
3366.5814489581,93.0629780532
3367.2954641116,92.9123536263
3368.0094792652,92.9610049166
3368.7234944187,93.0484069871
3369.4375095723,92.9914223108
3370.1515247258,93.0080990580
3370.8655398794,93.0278294580
3371.5795550329,93.0642774389
3372.2935701864,93.0473463599
3373.0075853400,92.8974784430
3373.7216004935,93.0269614299
3374.4356156471,93.2555656339
3375.1496308006,93.2484073991
3375.8636459542,93.3057392706
3376.5776611077,93.2452711585
3377.2916762612,93.0756065960
3378.0056914148,93.2354234546
3378.7197065683,93.3489279715
3379.4337217219,93.2502936169
3380.1477368754,93.2582064150
3380.8617520290,93.2831858172
3381.5757671825,93.3509718009
3382.2897823361,93.4432509945
3383.0037974896,93.4371251564
3383.7178126431,93.4474719291
3384.4318277967,93.4249372210
3385.1458429502,93.4789644258
3385.8598581038,93.5985546787
3386.5738732573,93.4481580415
3387.2878884109,93.3711567017
3388.0019035644,93.5378679340
3388.7159187179,93.5665852681
3389.4299338715,93.6146884383
3390.1439490250,93.6653042005
3390.8579641786,93.5630808864
3391.5719793321,93.6199157030
3392.2859944857,93.7317676256
3393.0000096392,93.7593717458
3393.7140247927,93.8068680728
3394.4280399463,93.6839356833
3395.1420550998,93.5744553914
3395.8560702534,93.7007036299
3396.5700854069,93.8187867166
3397.2841005605,93.8526659354
3397.9981157140,93.7805268938
3398.7121308676,93.7372261108
3399.4261460211,93.8553344784
3400.1401611746,93.8113006482
3400.8541763282,93.6890224211
3401.5681914817,93.7876578617
3402.2822066353,93.8953604234
3402.9962217888,93.9393175681
3403.7102369424,93.9329964442
3404.4242520959,93.8931680758
3405.1382672494,93.9792500431
3405.8522824030,93.9727060854
3406.5662975565,93.8305338228
3407.2803127101,93.8399825088
3407.9943278636,93.9133182768
3408.7083430172,93.9985409705
3409.4223581707,94.0691638565
3410.1363733243,94.0377106053
3410.8503884778,94.1177264617
3411.5644036313,94.1960686316
3412.2784187849,94.1198526371
3412.9924339384,94.1511652584
3413.7064490920,94.1298016053
3414.4204642455,93.9993683517
3415.1344793991,94.1114680468
3415.8484945526,94.2253215154
3416.5625097061,94.1746744707
3417.2765248597,94.2967224901
3417.9905400132,94.4058428139
3418.7045551668,94.2724884580
3419.4185703203,94.2775532818
3420.1325854739,94.4330848083
3420.8466006274,94.3525624125
3421.5606157809,94.2809066072
3422.2746309345,94.4043940276
3422.9886460880,94.3465028132
3423.7026612416,94.2325012938
3424.4166763951,94.3082683772
3425.1306915487,94.3092367984
3425.8447067022,94.3033102819
3426.5587218558,94.3539377371
3427.2727370093,94.2977127034
3427.9867521628,94.4291446950
3428.7007673164,94.6395474062
3429.4147824699,94.5409678214
3430.1287976235,94.5035926419
3430.8428127770,94.6014818962
3431.5568279306,94.4884974850
3432.2708430841,94.3884898112
3432.9848582376,94.4994560423
3433.6988733912,94.6188553758
3434.4128885447,94.5667961567
3435.1269036983,94.4687653118
3435.8409188518,94.5468423248
3436.5549340054,94.6377179800
3437.2689491589,94.6475872854
3437.9829643125,94.6912751624
3438.6969794660,94.6811341821
3439.4109946195,94.7550508359
3440.1250097731,94.8337909320
3440.8390249266,94.6451999104
3441.5530400802,94.7314649167
3442.2670552337,95.0664131637
3442.9810703873,94.8901200925
3443.6950855408,94.6909591667
3444.4091006943,94.7709595142
3445.1231158479,94.6811702402
3445.8371310014,94.7899982977
3446.5511461550,95.1240967071
3447.2651613085,95.0664857099
3447.9791764621,94.8990356882
3448.6931916156,94.8507537714
3449.4072067691,94.7488181134
3450.1212219227,94.8095474753
3450.8352370762,94.9001544897
3451.5492522298,94.8270328234
3452.2632673833,94.8458617834
3452.9772825369,94.9270425805
3453.6912976904,94.9606092871
3454.4053128440,95.0409521783
3455.1193279975,95.1167132279
3455.8333431510,95.1241494011
3456.5473583046,94.9985563174
3457.2613734581,94.8802872486
3457.9753886117,95.0009604241
3458.6894037652,95.0113616040
3459.4034189188,94.9002254227
3460.1174340723,95.0474549748
3460.8314492258,94.9753006234
3461.5454643794,94.8196073341
3462.2594795329,95.1781691125
3462.9734946865,95.1802207331
3463.6875098400,94.8749496943
3464.4015249936,95.1820185877
3465.1155401471,95.2176943759
3465.8295553007,94.8868801394
3466.5435704542,95.1456123017
3467.2575856077,95.2837508094
3467.9716007613,95.0735742540
3468.6856159148,95.0872888561
3469.3996310684,95.0136488981
3470.1136462219,95.0606935099
3470.8276613755,95.2294342300
3471.5416765290,95.0541117449
3472.2556916825,95.0711087714
3472.9697068361,95.2656849059
3473.6837219896,95.2347006627
3474.3977371432,95.3065631689
3475.1117522967,95.2873557648
3475.8257674503,95.2272932608
3476.5397826038,95.4237002650
3477.2537977573,95.3478801411
3477.9678129109,95.1742073348
3478.6818280644,95.2948408076
3479.3958432180,95.2655900989
3480.1098583715,95.1495700170
3480.8238735251,95.2411725643
3481.5378886786,95.4473606299
3482.2519038322,95.5942949841
3482.9659189857,95.4495308662
3483.6799341392,95.3571832967
3484.3939492928,95.4937272388
3485.1079644463,95.4860904944
3485.8219795999,95.3236835495
3486.5359947534,95.2070763469
3487.2500099070,95.4190738555
3487.9640250605,95.7329874323
3488.6780402140,95.4616131693
3489.3920553676,95.2954308514
3490.1060705211,95.5531719776
3490.8200856747,95.4731037687
3491.5341008282,95.5097834413
3492.2481159818,95.7283639760
3492.9621311353,95.4995113582
3493.6761462889,95.5047156495
3494.3901614424,95.6289592816
3495.1041765959,95.3780469682
3495.8181917495,95.5184858161
3496.5322069030,95.8220298403
3497.2462220566,95.7327203736
3497.9602372101,95.6584066248
3498.6742523637,95.5680670039
3499.3882675172,95.5124399546
3500.1022826707,95.6368510156
3500.8162978243,95.7000892903
3501.5303129778,95.7157985970
3502.2443281314,95.7161697517
3502.9583432849,95.8155618722
3503.6723584385,95.9621016878
3504.3863735920,95.8780371660
3505.1003887456,95.8358687463
3505.8144038991,95.7135803920
3506.5284190526,95.4974230189
3507.2424342062,95.6623062755
3507.9564493597,95.6973464314
3508.6704645133,95.6021613877
3509.3844796668,95.9637066482
3510.0984948204,95.9706415762
3510.8125099739,95.7551986276
3511.5265251274,95.8364429097
3512.2405402810,95.7170523450
3512.9545554345,95.8208515449
3513.6685705881,96.0460585687
3514.3825857416,95.7526069372
3515.0966008952,95.7843649707
3515.8106160487,96.0140728715
3516.5246312022,95.8331507813
3517.2386463558,95.8893462178
3517.9526615093,96.0312190482
3518.6666766629,95.9809082645
3519.3806918164,95.9908485825
3520.0947069700,95.8660856752
3520.8087221235,95.8845456778
3521.5227372771,96.0715629437
3522.2367524306,96.0913565211
3522.9507675841,96.2548344139
3523.6647827377,96.2980019083
3524.3787978912,96.1157110245
3525.0928130448,96.1564817794
3525.8068281983,96.1558132576
3526.5208433519,96.1607129917
3527.2348585054,96.3013150991
3527.9488736589,96.2606869920
3528.6628888125,96.2347827154
3529.3769039660,96.1715401301
3530.0909191196,96.1283308629
3530.8049342731,96.3593589411
3531.5189494267,96.3474881919
3532.2329645802,96.1405423118
3532.9469797338,96.2060049426
3533.6609948873,96.2576342977
3534.3750100408,96.1910773848
3535.0890251944,96.1344815847
3535.8030403479,96.2885928588
3536.5170555015,96.5824105357
3537.2310706550,96.4004221923
3537.9450858086,96.2712170765
3538.6591009621,96.4495818980
3539.3731161156,96.2889815603
3540.0871312692,96.3084948180
3540.8011464227,96.3811425005
3541.5151615763,96.3766830953
3542.2291767298,96.2272976387
3542.9431918834,96.2690036212
3543.6572070369,96.3127702501
3544.3712221904,96.3045126197
3545.0852373440,96.3260026315
3545.7992524975,96.3710565399
3546.5132676511,96.3942820815
3547.2272828046,96.4038714796
3547.9412979582,96.4675286923
3548.6553131117,96.4563567981
3549.3693282653,96.4686612230
3550.0833434188,96.5830668885
3550.7973585723,96.5204779710
3551.5113737259,96.4704665971
3552.2253888794,96.6288545358
3552.9394040330,96.6390081171
3553.6534191865,96.6409942799
3554.3674343401,96.6304809869
3555.0814494936,96.4914919325
3555.7954646471,96.5974485770
3556.5094798007,96.8334584437
3557.2234949542,96.7737228100
3557.9375101078,96.6561523655
3558.6515252613,96.7187076299
3559.3655404149,96.7611607388
3560.0795555684,96.6762993244
3560.7935707220,96.7423630905
3561.5075858755,96.9165350957
3562.2216010290,96.7476650785
3562.9356161826,96.7255442652
3563.6496313361,97.0263518086
3564.3636464897,96.7307884752
3565.0776616432,96.4477635957
3565.7916767968,96.7996752495
3566.5056919503,96.5723328673
3567.2197071038,96.2645219633
3567.9337222574,96.6650837082
3568.6477374109,96.6650849178
3569.3617525645,96.7678748780
3570.0757677180,96.9163701808
3570.7897828716,96.7036387211
3571.5037980251,96.8172890470
3572.2178131786,97.0154309696
3572.9318283322,96.8602504282
3573.6458434857,96.9618122695
3574.3598586393,97.1635851068
3575.0738737928,97.0359143307
3575.7878889464,97.0026307217
3576.5019040999,97.0709466950
3577.2159192535,97.0493594475
3577.9299344070,97.0488062360
3578.6439495605,97.0675812919
3579.3579647141,97.0342550711
3580.0719798676,97.0126802120
3580.7859950212,97.1057205271
3581.5000101747,97.1931013173
3582.2140253283,97.1498670017
3582.9280404818,97.2851597604
3583.6420556353,97.5256729461
3584.3560707889,97.3262145038
3585.0700859424,96.9454158156
3585.7841010960,96.9931110529
3586.4981162495,97.4091563110
3587.2121314031,97.0438728086
3587.9261465566,96.8377760478
3588.6401617102,97.1475568571
3589.3541768637,97.1145952492
3590.0681920172,97.1924981486
3590.7822071708,97.2914764059
3591.4962223243,97.1518508998
3592.2102374779,97.1528258723
3592.9242526314,97.2738682584
3593.6382677850,97.0293695396
3594.3522829385,97.1071742930
3595.0662980920,97.5587716499
3595.7803132456,97.5610960892
3596.4943283991,97.3677627283
3597.2083435527,97.3131902877
3597.9223587062,97.3556709973
3598.6363738598,97.4350789443
3599.3503890133,97.2890387781
3600.0644041668,97.3073899401
3600.7784193204,97.5193638943
3601.4924344739,97.3956520446
3602.2064496275,97.3989311815
3602.9204647810,97.5546280378
3603.6344799346,97.6120560973
3604.3484950881,97.7424394803
3605.0625102417,97.6243917536
3605.7765253952,97.4565020103
3606.4905405487,97.7423398287
3607.2045557023,97.7330775989
3607.9185708558,97.3288841926
3608.6325860094,97.3432893631
3609.3466011629,97.6822634728
3610.0606163165,97.8195491717
3610.7746314700,97.7781786659
3611.4886466235,97.3241606500
3612.2026617771,97.6925363959
3612.9166769306,97.8233610346
3613.6306920842,97.1943280050
3614.3447072377,97.5298956047
3615.0587223913,98.1606858050
3615.7727375448,97.8645202150
3616.4867526984,97.8009285919
3617.2007678519,97.9916508174
3617.9147830054,97.8869781942
3618.6287981590,97.6676911049
3619.3428133125,97.5057351567
3620.0568284661,97.5653260271
3620.7708436196,97.9039290770
3621.4848587732,97.9211807141
3622.1988739267,97.8420831065
3622.9128890802,98.1019886942
3623.6269042338,98.1968643159
3624.3409193873,97.9090218955
3625.0549345409,97.8298811350
3625.7689496944,98.1827335467
3626.4829648480,98.2215614190
3627.1969800015,97.7360295748
3627.9109951551,97.3637678727
3628.6250103086,97.5973945207
3629.3390254621,97.7974827250
3630.0530406157,97.5807787222
3630.7670557692,97.7834411424
3631.4810709228,98.0051642116
3632.1950860763,98.0075184933
3632.9091012299,97.8394796466
3633.6231163834,97.8839879446
3634.3371315369,97.9998037366
3635.0511466905,98.2932201435
3635.7651618440,98.7766782300
3636.4791769976,98.8847922990
3637.1931921511,98.7157853718
3637.9072073047,98.7014977046
3638.6212224582,98.6159247049
3639.3352376117,98.6320222347
3640.0492527653,98.7423888627
3640.7632679188,98.6605902147
3641.4772830724,98.8126388568
3642.1912982259,99.0634786572
3642.9053133795,98.8256807291
3643.6193285330,98.8040408353
3644.3333436866,99.1475357960
3645.0473588401,99.0626394952
3645.7613739936,98.7811298390
3646.4753891472,99.0145586493
3647.1894043007,99.3171698585
3647.9034194543,98.4890367932
3648.6174346078,98.2779906826
3649.3314497614,98.3588343397
3650.0454649149,98.4242028044
3650.7594800684,99.2492749348
3651.4734952220,99.2083321921
3652.1875103755,98.6269325387
3652.9015255291,98.7539801591
3653.6155406826,98.7917924742
3654.3295558362,98.6031847028
3655.0435709897,98.4566667388
3655.7575861433,98.5004452039
3656.4716012968,98.8098214581
3657.1856164503,98.9726104227
3657.8996316039,99.0429769287
3658.6136467574,98.9057869681
3659.3276619110,99.1494763403
3660.0416770645,99.3458935927
3660.7556922181,98.9693971872
3661.4697073716,98.8169903691
3662.1837225251,99.1005345119
3662.8977376787,99.1000010448
3663.6117528322,99.0546624568
3664.3257679858,99.1240287371
3665.0397831393,99.1292692027
3665.7537982929,99.1282328354
3666.4678134464,99.1017620891
3667.1818285999,98.9544494717
3667.8958437535,98.9345312391
3668.6098589070,99.1562653138
3669.3238740606,98.9635258620
3670.0378892141,98.8969989481
3670.7519043677,99.1962919450
3671.4659195212,98.9073795779
3672.1799346748,99.0029836422
3672.8939498283,98.9175090937
3673.6079649818,98.6661061476
3674.3219801354,98.5929496134
3675.0359952889,98.8715557125
3675.7500104425,98.6821945002
3676.4640255960,98.7064874541
3677.1780407496,98.8073082839
3677.8920559031,98.7500542686
3678.6060710566,98.6400725023
3679.3200862102,98.6830120223
3680.0341013637,98.6913112036
3680.7481165173,98.5361892377
3681.4621316708,98.5218445378
3682.1761468244,98.7750897731
3682.8901619779,98.7872142230
3683.6041771315,98.6507418832
3684.3181922850,98.6633738550
3685.0322074385,98.7527923445
3685.7462225921,98.7534391293
3686.4602377456,98.4043968678
3687.1742528992,97.9946411994
3687.8882680527,98.2890078990
3688.6022832063,98.9707212225
3689.3162983598,98.1746486199
3690.0303135133,98.2711070499
3690.7443286669,98.3604705710
3691.4583438204,98.3187681986
3692.1723589740,98.4938585586
3692.8863741275,98.4794213386
3693.6003892811,98.2232844220
3694.3144044346,98.3186769724
3695.0284195881,98.4517459003
3695.7424347417,98.4231321876
3696.4564498952,98.4988719720
3697.1704650488,98.5637466381
3697.8844802023,98.5717216645
3698.5984953559,98.5681451661
3699.3125105094,98.4145126676
3700.0265256630,98.3168711142
3700.7405408165,98.3212689776
3701.4545559700,98.3364845556
3702.1685711236,98.3950347234
3702.8825862771,98.5038773440
3703.5966014307,98.4880414270
3704.3106165842,98.4355605145
3705.0246317378,98.4381792310
3705.7386468913,98.4673895027
3706.4526620448,98.5732163745
3707.1666771984,98.5073767067
3707.8806923519,98.3747857849
3708.5947075055,98.4873520483
3709.3087226590,98.7072318555
3710.0227378126,98.3649093180
3710.7367529661,98.1568884013
3711.4507681197,98.1020482788
3712.1647832732,98.8101949291
3712.8787984267,98.4655626187
3713.5928135803,98.3373423628
3714.3068287338,98.2762970188
3715.0208438874,98.3304438140
3715.7348590409,98.3553475954
3716.4488741945,98.2754726750
3717.1628893480,98.1977830349
3717.8769045015,98.3459117044
3718.5909196551,98.5297927930
3719.3049348086,98.3640152282
3720.0189499622,98.3312327594
3720.7329651157,98.4538648518
3721.4469802693,98.3977327527
3722.1609954228,98.4878620262
3722.8750105763,98.3986305547
3723.5890257299,98.2198904092
3724.3030408834,98.1702911062
3725.0170560370,98.2460095734
3725.7310711905,98.3208046125
3726.4450863441,98.3387386030
3727.1591014976,98.2392611129
3727.8731166512,98.3444116103
3728.5871318047,98.4524747520
3729.3011469582,98.5442787211
3730.0151621118,98.6442440325
3730.7291772653,98.3563329023
3731.4431924189,98.2102926261
3732.1572075724,99.0647929803
3732.8712227260,98.5039929540
3733.5852378795,98.0976184059
3734.2992530330,98.0623681139
3735.0132681866,98.1707073018
3735.7272833401,98.2093449442
3736.4412984937,98.2981418269
3737.1553136472,97.7354989743
3737.8693288008,98.2793404812
3738.5833439543,98.8211351699
3739.2973591079,98.4222957939
3740.0113742614,98.4393622601
3740.7253894149,98.7864921725
3741.4394045685,98.6277856083
3742.1534197220,98.4126138459
3742.8674348756,98.1328765942
3743.5814500291,97.4531297177
3744.2954651827,99.4418232779
3745.0094803362,98.1424238313
3745.7234954897,98.3470845803
3746.4375106433,98.7229955354
3747.1515257968,98.4757082047
3747.8655409504,98.1900114125
3748.5795561039,97.8125739972
3749.2935712575,98.0282535896
3750.0075864110,98.0283607291
3750.7216015645,98.0564583455
3751.4356167181,97.8127940664
3752.1496318716,98.3881022510
3752.8636470252,98.1500287433
3753.5776621787,98.5469147493
3754.2916773323,98.3765137229
3755.0056924858,98.0903287135
3755.7197076394,98.2728129075
3756.4337227929,98.3681665734
3757.1477379464,98.1614081587
3757.8617531000,98.2741688884
3758.5757682535,98.2771647322
3759.2897834071,98.3905681425
3760.0037985606,98.6134578273
3760.7178137142,98.4446346648
3761.4318288677,98.3721750602
3762.1458440212,98.4017050398
3762.8598591748,98.4368943755
3763.5738743283,98.4525486927
3764.2878894819,98.3727230261
3765.0019046354,98.3180484444
3765.7159197890,98.5218490429
3766.4299349425,98.5050168526
3767.1439500961,98.5178274360
3767.8579652496,98.4808710525
3768.5719804031,98.3350565934
3769.2859955567,98.3538219571
3770.0000107102,98.5526614877
3770.7140258638,98.4083540555
3771.4280410173,98.4805404158
3772.1420561709,98.5289403056
3772.8560713244,98.5943050313
3773.5700864779,98.6556196133
3774.2841016315,98.5822828604
3774.9981167850,98.6119315840
3775.7121319386,98.6587677578
3776.4261470921,98.5667877340
3777.1401622457,98.5862015776
3777.8541773992,98.5481363924
3778.5681925528,98.4251688762
3779.2822077063,98.7131984927
3779.9962228598,98.6962646803
3780.7102380134,98.3668946390
3781.4242531669,98.3872011382
3782.1382683205,98.5219155952
3782.8522834740,98.4459613936
3783.5662986276,98.3595888544
3784.2803137811,98.4145994484
3784.9943289346,98.3999790251
3785.7083440882,98.4469916138
3786.4223592417,98.6078262640
3787.1363743953,98.6366582245
3787.8503895488,98.5437263527
3788.5644047024,98.5733167811
3789.2784198559,98.6205390185
3789.9924350094,98.5779638335
3790.7064501630,98.6063891183
3791.4204653165,98.6324264032
3792.1344804701,98.6549070287
3792.8484956236,98.8400640365
3793.5625107772,98.9046262395
3794.2765259307,98.6291020747
3794.9905410843,98.4613886516
3795.7045562378,98.7148587182
3796.4185713913,99.0404827863
3797.1325865449,98.7889209158
3797.8466016984,98.8074900782
3798.5606168520,98.7737835485
3799.2746320055,98.4047463339
3799.9886471591,98.3132116918
3800.7026623126,98.5005434205
3801.4166774661,98.4615139092
3802.1306926197,98.3242815940
3802.8447077732,98.7267978789
3803.5587229268,98.5899028366
3804.2727380803,98.6634307562
3804.9867532339,98.5760923382
3805.7007683874,97.9707980022
3806.4147835410,98.0032348204
3807.1287986945,98.8202523396
3807.8428138480,98.3693103171
3808.5568290016,98.4714477786
3809.2708441551,98.6126053197
3809.9848593087,98.7601168716
3810.6988744622,98.8481238516
3811.4128896158,98.6136211504
3812.1269047693,98.4590771484
3812.8409199228,98.5623331119
3813.5549350764,98.5070063643
3814.2689502299,98.4007191708
3814.9829653835,98.3080803204
3815.6969805370,98.7186537066
3816.4109956906,98.7845272656
3817.1250108441,98.6014404007
3817.8390259976,98.6519321349
3818.5530411512,98.3387537347
3819.2670563047,98.1025250609
3819.9810714583,98.0240969482
3820.6950866118,98.1552897593
3821.4091017654,98.2755889702
3822.1231169189,98.3087427135
3822.8371320725,98.4426036321
3823.5511472260,98.5752112153
3824.2651623795,98.7308992618
3824.9791775331,98.6164450207
3825.6931926866,98.3659608520
3826.4072078402,98.3624295007
3827.1212229937,98.4340241503
3827.8352381473,98.4652791924
3828.5492533008,98.6147184822
3829.2632684543,98.7661860357
3829.9772836079,98.6610211110
3830.6912987614,98.3628482233
3831.4053139150,98.5231295856
3832.1193290685,98.8945318528
3832.8333442221,98.6716752274
3833.5473593756,98.2430157910
3834.2613745292,98.4053870989
3834.9753896827,99.2265507606
3835.6894048362,98.5523255470
3836.4034199898,97.8711754036
3837.1174351433,97.8754270922
3837.8314502969,99.1805720283
3838.5454654504,98.3935143705
3839.2594806040,98.2807823573
3839.9734957575,98.2825349849
3840.6875109110,98.7503510130
3841.4015260646,98.6497119279
3842.1155412181,98.1196613954
3842.8295563717,98.1776539409
3843.5435715252,98.6688534393
3844.2575866788,98.4993180352
3844.9716018323,98.5617769684
3845.6856169858,98.6456272928
3846.3996321394,98.6462916375
3847.1136472929,98.8242706800
3847.8276624465,98.7668960637
3848.5416776000,98.7090422813
3849.2556927536,98.8582872355
3849.9697079071,98.5921232198
3850.6837230607,98.3535515441
3851.3977382142,98.4732455098
3852.1117533677,98.4171283588
3852.8257685213,97.5895473445
3853.5397836748,97.7471940276
3854.2537988284,99.5198979991
3854.9678139819,97.8801893092
3855.6818291355,98.4946928133
3856.3958442890,98.2930329604
3857.1098594425,98.2616091000
3857.8238745961,98.5323510778
3858.5378897496,98.5713946139
3859.2519049032,98.5547333563
3859.9659200567,98.5007781792
3860.6799352103,98.4464321424
3861.3939503638,98.6763284242
3862.1079655174,98.8839651283
3862.8219806709,98.6818507973
3863.5359958244,98.4795892528
3864.2500109780,98.4753120237
3864.9640261315,98.7005163193
3865.6780412851,98.3576353796
3866.3920564386,98.4290828636
3867.1060715922,98.5679170841
3867.8200867457,98.3846945776
3868.5341018992,98.1973545519
3869.2481170528,98.2687534601
3869.9621322063,98.1458959632
3870.6761473599,98.1358990296
3871.3901625134,98.7209652888
3872.1041776670,98.5275085404
3872.8181928205,98.1346394315
3873.5322079740,98.3689178956
3874.2462231276,98.9604520881
3874.9602382811,98.6676919380
3875.6742534347,98.6050252754
3876.3882685882,98.6719045312
3877.1022837418,98.8128395060
3877.8162988953,98.7801577842
3878.5303140489,98.3825691016
3879.2443292024,98.1256943875
3879.9583443559,98.6519963838
3880.6723595095,98.7244534910
3881.3863746630,98.2143086661
3882.1003898166,98.4808932679
3882.8144049701,98.7923399786
3883.5284201237,98.5658004821
3884.2424352772,98.1859658685
3884.9564504307,98.0318317275
3885.6704655843,98.4160648843
3886.3844807378,98.1687681237
3887.0984958914,98.4072625748
3887.8125110449,98.6674409835
3888.5265261985,98.7216121810
3889.2405413520,98.5079433696
3889.9545565056,98.1870309248
3890.6685716591,98.1181934574
3891.3825868126,98.4875680137
3892.0966019662,98.5447575704
3892.8106171197,98.7854992031
3893.5246322733,98.7990647797
3894.2386474268,98.6577519169
3894.9526625804,98.7615543775
3895.6666777339,98.7503605684
3896.3806928874,98.5829426706
3897.0947080410,98.5621980436
3897.8087231945,98.3715931267
3898.5227383481,98.2521682865
3899.2367535016,98.8111794877
3899.9507686552,98.4038551612
3900.6647838087,98.1835336646
3901.3787989623,98.3685912521
3902.0928141158,98.1834196083
3902.8068292693,97.9823321783
3903.5208444229,98.1885613989
3904.2348595764,97.9803469417
3904.9488747300,98.0744125962
3905.6628898835,98.6259106211
3906.3769050371,98.3263456844
3907.0909201906,98.2289285474
3907.8049353441,98.6351663173
3908.5189504977,98.6115932366
3909.2329656512,98.4548315830
3909.9469808048,98.5220678093
3910.6609959583,98.5778614157
3911.3750111119,98.6695600165
3912.0890262654,98.6731744680
3912.8030414189,98.6071121861
3913.5170565725,98.6751305775
3914.2310717260,98.6433856619
3914.9450868796,98.4537110093
3915.6591020331,98.3121406503
3916.3731171867,98.3152419868
3917.0871323402,98.5135901073
3917.8011474938,98.4882300292
3918.5151626473,98.3992224370
3919.2291778008,98.4268561747
3919.9431929544,98.6007771723
3920.6572081079,98.6115775776
3921.3712232615,98.5436711644
3922.0852384150,98.5342922830
3922.7992535686,98.6400060783
3923.5132687221,98.6289505334
3924.2272838756,98.5657082479
3924.9412990292,98.6730663659
3925.6553141827,98.6505322355
3926.3693293363,98.6345199702
3927.0833444898,98.7060082082
3927.7973596434,98.6199629328
3928.5113747969,98.6712012541
3929.2253899505,98.8996002044
3929.9394051040,98.6799108536
3930.6534202575,98.3871255512
3931.3674354111,98.5033051684
3932.0814505646,98.5690671546
3932.7954657182,98.5062689247
3933.5094808717,98.6211224339
3934.2234960253,98.5407250347
3934.9375111788,98.4305648117
3935.6515263323,98.5793745956
3936.3655414859,98.6136837965
3937.0795566394,98.5946571027
3937.7935717930,98.6489981608
3938.5075869465,98.6252649435
3939.2216021001,98.6097536503
3939.9356172536,98.7050422345
3940.6496324071,98.6868710948
3941.3636475607,98.5659431494
3942.0776627142,98.5574271038
3942.7916778678,98.5860108333
3943.5056930213,98.5605713023
3944.2197081749,98.6684023604
3944.9337233284,98.7042938730
3945.6477384820,98.5839657335
3946.3617536355,98.5330933205
3947.0757687890,98.5623278466
3947.7897839426,98.5185364054
3948.5037990961,98.5039895667
3949.2178142497,98.5267653194
3949.9318294032,98.5361474521
3950.6458445568,98.5917769870
3951.3598597103,98.6397803432
3952.0738748638,98.6415695631
3952.7878900174,98.6754632815
3953.5019051709,98.6078215754
3954.2159203245,98.5240191831
3954.9299354780,98.6537641923
3955.6439506316,98.6930532017
3956.3579657851,98.6754264126
3957.0719809387,98.7025831947
3957.7859960922,98.7174411884
3958.5000112457,98.7319093503
3959.2140263993,98.7773605882
3959.9280415528,98.5904513406
3960.6420567064,98.4432237909
3961.3560718599,98.7027897980
3962.0700870135,98.8585141279
3962.7841021670,98.7040165021
3963.4981173205,98.6331177315
3964.2121324741,98.6041928063
3964.9261476276,98.6181081058
3965.6401627812,98.6802390774
3966.3541779347,98.5862915031
3967.0681930883,98.5236211138
3967.7822082418,98.6587806166
3968.4962233953,98.7570561533
3969.2102385489,98.7722384526
3969.9242537024,98.7700347441
3970.6382688560,98.6543549367
3971.3522840095,98.5202455253
3972.0662991631,98.6268856815
3972.7803143166,98.8249747896
3973.4943294702,98.7882083841
3974.2083446237,98.6980855930
3974.9223597772,98.7196083556
3975.6363749308,98.6944207117
3976.3503900843,98.7313007804
3977.0644052379,98.7954424659
3977.7784203914,98.6665751601
3978.4924355450,98.6169850437
3979.2064506985,98.7232779430
3979.9204658520,98.7205429930
3980.6344810056,98.7337143909
3981.3484961591,98.7807851736
3982.0625113127,98.7171483408
3982.7765264662,98.6701731176
3983.4905416198,98.6434336230
3984.2045567733,98.6365260822
3984.9185719269,98.7362115151
3985.6325870804,98.7728458637
3986.3466022339,98.7078781880
3987.0606173875,98.6990438115
3987.7746325410,98.7004089113
3988.4886476946,98.6641738850
3989.2026628481,98.7009454699
3989.9166780017,98.8253983215
3990.6306931552,98.8345348495
3991.3447083087,98.7201945482
3992.0587234623,98.7352454918
3992.7727386158,98.7534019648
3993.4867537694,98.6593510165
3994.2007689229,98.7398913355
3994.9147840765,98.8420210733
3995.6287992300,98.7151800892
3996.3428143835,98.6806603960
3997.0568295371,98.7440787205
3997.7708446906,98.7082043691
3998.4848598442,98.7427309397
3999.1988749977,98.8021955122
3999.9128901513,98.7320634648