399.8484859844,49.5946513019
400.5625011380,80.7016254767
401.2765162915,68.5584816296
401.9905314450,53.1610492234
402.7045465986,77.4396370612
403.4185617521,83.6603883239
404.1325769057,60.5815620396
404.8465920592,60.5718635886
405.5606072128,67.9660977644
406.2746223663,65.7178002432
406.9886375199,64.1931613010
407.7026526734,59.8385530492
408.4166678269,57.6809695176
409.1306829805,55.6719604140
409.8446981340,54.3539588163
410.5587132876,56.4857431624
411.2727284411,56.4306833659
411.9867435947,56.8557282202
412.7007587482,62.4877633790
413.4147739017,66.9250388299
414.1287890553,58.6557359374
414.8428042088,53.8577839953
415.5568193624,58.8036096799
416.2708345159,55.4854524384
416.9848496695,51.5520874440
417.6988648230,62.7926088053
418.4128799766,63.6055689084
419.1268951301,54.8841429673
419.8409102836,62.0544807649
420.5549254372,56.0138481039
421.2689405907,52.3108556925
421.9829557443,56.3442134836
422.6969708978,59.3883000639
423.4109860514,61.0700438325
424.1250012049,56.1794838848
424.8390163584,54.5655832919
425.5530315120,62.0441288395
426.2670466655,55.7882823085
426.9810618191,50.8297251207
427.6950769726,57.6824408955
428.4090921262,57.3735832035
429.1231072797,54.2016046548
429.8371224332,55.1865979721
430.5511375868,54.1237271885
431.2651527403,57.2787715273
431.9791678939,56.8881724536
432.6931830474,51.1773460944
433.4071982010,54.2849866950
434.1212133545,56.8669438518
434.8352285081,53.5223356931
435.5492436616,54.3977752163
436.2632588151,55.2119508501
436.9772739687,54.6399806617
437.6912891222,55.8408032449
438.4053042758,56.4405513675
439.1193194293,57.0687991279
439.8333345829,55.8874688467
440.5473497364,54.7629437823
441.2613648899,55.1435679066
441.9753800435,53.5321567167
442.6893951970,54.7340402606
443.4034103506,57.3557224668
444.1174255041,55.0708205269
444.8314406577,56.1116717475
445.5454558112,58.0623739018
446.2594709648,54.7892718638
446.9734861183,54.2223491833
447.6875012718,56.7856904922
448.4015164254,57.2741877769
449.1155315789,58.1589356429
449.8295467325,58.3251525950
450.5435618860,57.6323758749
451.2575770396,58.0133634485
451.9715921931,57.1416734529
452.6856073466,56.0565377486
453.3996225002,56.6881437616
454.1136376537,56.3226649283
454.8276528073,55.9032949211
455.5416679608,56.8379935765
456.2556831144,56.9894848966
456.9696982679,56.7559470443
457.6837134214,59.1577168629
458.3977285750,58.9451809110
459.1117437285,56.4738163237
459.8257588821,55.4901597121
460.5397740356,54.9446014607
461.2537891892,54.6000784033
461.9678043427,56.4704425389
462.6818194963,57.2348575561
463.3958346498,56.3226706923
464.1098498033,57.4931214948
464.8238649569,58.5582304408
465.5378801104,57.6283759612
466.2518952640,57.1293274846
466.9659104175,58.1455514522
467.6799255711,58.7530120215
468.3939407246,57.8861875650
469.1079558781,58.8752298004
469.8219710317,59.9442382901
470.5359861852,57.1397594146
471.2500013388,56.7583730442
471.9640164923,59.0830020631
472.6780316459,57.1061852552
473.3920467994,55.9636307952
474.1060619530,56.6730675679
474.8200771065,56.1275906908
475.5340922600,57.5657242007
476.2481074136,58.4457530015
476.9621225671,56.4597396062
477.6761377207,56.8468531909
478.3901528742,57.7590985617
479.1041680278,56.6703966744
479.8181831813,56.7296594341
480.5321983348,57.2879776099
481.2462134884,56.2792929879
481.9602286419,55.3485750805
482.6742437955,56.1690456046
483.3882589490,57.1021036685
484.1022741026,56.2815677126
484.8162892561,55.7643527473
485.5303044097,56.0001863991
486.2443195632,56.4966829156
486.9583347167,57.4387651431
487.6723498703,56.2987263023
488.3863650238,54.6157547672
489.1003801774,56.1146365989
489.8143953309,57.7753900588
490.5284104845,57.6580868458
491.2424256380,56.7532082895
491.9564407915,55.5893810074
492.6704559451,56.1180570421
493.3844710986,56.6515998860
494.0984862522,56.1989167681
494.8125014057,56.7119157410
495.5265165593,56.5037567001
496.2405317128,55.8434740137
496.9545468663,56.4058490890
497.6685620199,56.0222153263
498.3825771734,55.7146310018
499.0965923270,56.3012701415
499.8106074805,56.1443238527
500.5246226341,56.6769642554
501.2386377876,56.7727048731
501.9526529412,55.5674753533
502.6666680947,55.8246648800
503.3806832482,55.5909828359
504.0946984018,54.9880696698
504.8087135553,55.7556715581
505.5227287089,55.2313006688
506.2367438624,54.6503950320
506.9507590160,55.7474892799
507.6647741695,55.8604785540
508.3787893230,56.1615612440
509.0928044766,56.4837563143
509.8068196301,55.0603269480
510.5208347837,54.3636237788
511.2348499372,54.9407632867
511.9488650908,55.1653979725
512.6628802443,55.3415010998
513.3768953979,55.5147276605
514.0909105514,55.6432580344
514.8049257049,55.5451391344
515.5189408585,55.0997676998
516.2329560120,54.7590300915
516.9469711656,54.5714315550
517.6609863191,55.2363583027
518.3750014727,55.8158737172
519.0890166262,55.5601099570
519.8030317797,55.6362474469
520.5170469333,55.3252360808
521.2310620868,54.6879264111
521.9450772404,55.5599373534
522.6590923939,56.0793155745
523.3731075475,55.5871818605
524.0871227010,56.0752451113
524.8011378545,56.0123081663
525.5151530081,55.4265497003
526.2291681616,56.2225510213
526.9431833152,56.6430467862
527.6571984687,56.4559338998
528.3712136223,56.4518779423
529.0852287758,56.3594238276
529.7992439294,56.4423709561
530.5132590829,56.4677913204
531.2272742364,56.2537865973
531.9412893900,56.1447444669
532.6553045435,56.3030871505
533.3693196971,56.8995833201
534.0833348506,56.9463419994
534.7973500042,56.5101719068
535.5113651577,57.0020578896
536.2253803112,57.1138476477
536.9393954648,56.4901718825
537.6534106183,56.8073024252
538.3674257719,56.6695295146
539.0814409254,55.7529807622
539.7954560790,55.8376493077
540.5094712325,56.0683625092
541.2234863861,55.8830169404
541.9375015396,55.9879718078
542.6515166931,55.7416285593
543.3655318467,55.4531719897
544.0795470002,55.8086638392
544.7935621538,55.7383082232
545.5075773073,55.1022812781
546.2215924609,54.9796470969
546.9356076144,55.1102080966
547.6496227679,54.8554562422
548.3636379215,54.7696034310
549.0776530750,55.1099591591
549.7916682286,55.1491917204
550.5056833821,54.7578913842
551.2196985357,54.7247282432
551.9337136892,54.6881170468
552.6477288427,54.1067527605
553.3617439963,54.1806017339
554.0757591498,54.9269615310
554.7897743034,54.6231206304
555.5037894569,54.1364661726
556.2178046105,54.5039672406
556.9318197640,54.2507240146
557.6458349176,53.8114414053
558.3598500711,54.3365965860
559.0738652246,54.6475652284
559.7878803782,54.7365272654
560.5018955317,55.1692156118
561.2159106853,55.4951759613
561.9299258388,56.0058608316
562.6439409924,56.4516443193
563.3579561459,56.6342178794
564.0719712994,57.1797058911
564.7859864530,57.3634850328
565.5000016065,57.2468758029
566.2140167601,57.8237253870
566.9280319136,58.2361627845
567.6420470672,58.0892455196
568.3560622207,57.9624501202
569.0700773743,57.9538390817
569.7840925278,58.4129816286
570.4981076813,58.6968674837
571.2121228349,58.4465290262
571.9261379884,58.4981773996
572.6401531420,58.6918916704
573.3541682955,58.8771332808
574.0681834491,59.1221920704
574.7821986026,58.9335710058
575.4962137561,59.0209497968
576.2102289097,59.3497292481
576.9242440632,58.9404209980
577.6382592168,58.8486887277
578.3522743703,58.9446225630
579.0662895239,58.5057626658
579.7803046774,58.6821598285
580.4943198309,59.1496920697
581.2083349845,58.8133367565
581.9223501380,58.7259272422
582.6363652916,59.0357403814
583.3503804451,58.9400722331
584.0643955987,58.8291127404
584.7784107522,58.9861624758
585.4924259058,59.0087278390
586.2064410593,58.8544603181
586.9204562128,58.8080960806
587.6344713664,58.9334095909
588.3484865199,59.0535137911
589.0625016735,59.0329195247
589.7765168270,58.8807039060
590.4905319806,58.7998906013
591.2045471341,59.0747453247
591.9185622876,59.6359214795
592.6325774412,59.6943256758
593.3465925947,59.1982409234
594.0606077483,59.0324955514
594.7746229018,59.2727075842
595.4886380554,59.3314817277
596.2026532089,59.5149072511
596.9166683625,59.7162815901
597.6306835160,59.4899977082
598.3446986695,59.2811365478
599.0587138231,59.1898636066
599.7727289766,59.3043953092
600.4867441302,59.7130683343
601.2007592837,59.5644114925
601.9147744373,59.3803229874
602.6287895908,59.5554660294
603.3428047443,59.1755190747
604.0568198979,59.0884686284
604.7708350514,59.5357784633
605.4848502050,59.1112329594
606.1988653585,58.6812216032
606.9128805121,58.8233774748
607.6268956656,58.6744577856
608.3409108192,58.7363030272
609.0549259727,58.9159051587
609.7689411262,58.7539384217
610.4829562798,58.8617594673
611.1969714333,59.2836738864
611.9109865869,59.7451135528
612.6250017404,59.8704753514
613.3390168940,59.7702169970
614.0530320475,60.1406490704
614.7670472010,60.2815960820
615.4810623546,60.0948471960
616.1950775081,60.5520133333
616.9090926617,60.9662025067
617.6231078152,61.1324493111
618.3371229688,61.4544667942
619.0511381223,61.4118123307
619.7651532758,61.5562855063
620.4791684294,62.1616172402
621.1931835829,62.4487922119
621.9071987365,62.5736335052
622.6212138900,62.7968147618
623.3352290436,63.1758756008
624.0492441971,63.5333634560
624.7632593507,63.4713290790
625.4772745042,63.5399584370
626.1912896577,63.8057821066
626.9053048113,63.8653610443
627.6193199648,63.9645409697
628.3333351184,63.8306301394
629.0473502719,63.8136819017
629.7613654255,64.2210563392
630.4753805790,64.1632801498
631.1893957325,64.1916494737
631.9034108861,64.5360542759
632.6174260396,64.3950859526
633.3314411932,64.6907295904
634.0454563467,65.0736885931
634.7594715003,64.7635500078
635.4734866538,65.0279064605
636.1875018074,65.3164243516
636.9015169609,65.0421911989
637.6155321144,65.3668433410
638.3295472680,65.6570729919
639.0435624215,65.5580007113
639.7575775751,65.7187417792
640.4715927286,65.7186722786
641.1856078822,65.8467447755
641.8996230357,66.1046191533
642.6136381892,65.9027484826
643.3276533428,65.8296835840
644.0416684963,65.9058249193
644.7556836499,65.9575496509
645.4696988034,66.2201448985
646.1837139570,66.2615585058
646.8977291105,66.2273041421
647.6117442640,66.2833098741
648.3257594176,66.1483983226
649.0397745711,66.1139881727
649.7537897247,66.0150700961
650.4678048782,65.9478706603
651.1818200318,66.1412755872
651.8958351853,65.9532169381
652.6098503389,65.8039867966
653.3238654924,65.9159508180
654.0378806459,65.5386618187
654.7518957995,65.2582167774
655.4659109530,65.1990431103
656.1799261066,64.9125028326
656.8939412601,64.6480941559
657.6079564137,64.2663071990
658.3219715672,64.2342516620
659.0359867207,64.4058514179
659.7500018743,63.9807571539
660.4640170278,64.0096918271
661.1780321814,64.2320454296
661.8920473349,63.7327353261
662.6060624885,63.7160441094
663.3200776420,63.9191289132
664.0340927956,63.7070606913
664.7481079491,63.8102986410
665.4621231026,63.9188343877
666.1761382562,64.0610399223
666.8901534097,64.3265158008
667.6041685633,64.0025519317
668.3181837168,64.6033680210
669.0321988704,64.7796737905
669.7462140239,64.7562463618
670.4602291774,65.2912925357
671.1742443310,65.4188944099
671.8882594845,65.3870305761
672.6022746381,66.2151720689
673.3162897916,66.8591405718
674.0303049452,67.2001858770
674.7443200987,67.7596208937
675.4583352522,68.2045769038
676.1723504058,68.6762919616
676.8863655593,69.2874861972
677.6003807129,69.9731015156
678.3143958664,70.4809592719
679.0284110200,70.7157233444
679.7424261735,71.2480493595
680.4564413271,71.7126722603
681.1704564806,71.7211287774
681.8844716341,71.8766213092
682.5984867877,72.0354297326
683.3125019412,72.0817612264
684.0265170948,72.3036433690
684.7405322483,72.3247108525
685.4545474019,72.3076601627
686.1685625554,72.5140149849
686.8825777089,72.4240888488
687.5965928625,72.2721172591
688.3106080160,72.4650726078
689.0246231696,72.5706180129
689.7386383231,72.5567778807
690.4526534767,72.5300362870
691.1666686302,72.3539312321
691.8806837838,72.3647760616
692.5946989373,72.6160270333
693.3087140908,72.5738370750
694.0227292444,72.3725126396
694.7367443979,72.4316760465
695.4507595515,72.3876926770
696.1647747050,72.2875506909
696.8787898586,72.6338029015
697.5928050121,72.8245348042
698.3068201656,72.5445843848
699.0208353192,72.5862812375
699.7348504727,72.7520950808
700.4488656263,72.6938150218
701.1628807798,72.8044088095
701.8768959334,72.8668213814
702.5909110869,72.8481664564
703.3049262404,72.9754897273
704.0189413940,72.8834733054
704.7329565475,72.8334015192
705.4469717011,73.1059097040
706.1609868546,73.1869794246
706.8750020082,73.1785386208
707.5890171617,73.3379844409
708.3030323153,73.4608708826
709.0170474688,73.5162791421
709.7310626223,73.5404051362
710.4450777759,73.6624033293
711.1590929294,73.8377733903
711.8731080830,73.9385763925
712.5871232365,74.2459640901
713.3011383901,74.5555170836
714.0151535436,74.5300841864
714.7291686971,74.5880597074
715.4431838507,74.7956139412
716.1571990042,74.9404636680
716.8712141578,75.1865138412
717.5852293113,75.4720501339
718.2992444649,75.6605656669
719.0132596184,75.8608007799
719.7272747720,76.1307235906
720.4412899255,76.3366818234
721.1553050790,76.4906718299
721.8693202326,76.7770543141
722.5833353861,76.9573470396
723.2973505397,77.0300493273
724.0113656932,77.4220396054
724.7253808468,77.7791518418
725.4393960003,77.8963340283
726.1534111538,78.1423056757
726.8674263074,78.3702714506
727.5814414609,78.5756569669
728.2954566145,78.7861157927
729.0094717680,78.8610379905
729.7234869216,79.0822471251
730.4375020751,79.2392586204
731.1515172287,79.3145048700
731.8655323822,79.6830064231
732.5795475357,79.7378956992
733.2935626893,79.6546864549
734.0075778428,80.0142240307
734.7215929964,80.0613757173
735.4356081499,79.9915268741
736.1496233035,80.2654449601
736.8636384570,80.2821124450
737.5776536105,80.3086102860
738.2916687641,80.5048632831
739.0056839176,80.5248097057
739.7196990712,80.5961252582
740.4337142247,80.4884888368
741.1477293783,80.3814567149
741.8617445318,80.6968377023
742.5757596853,80.7559405594
743.2897748389,80.6836040998
744.0037899924,80.8507133841
744.7178051460,80.7618802438
745.4318202995,80.7495571117
746.1458354531,80.9674003126
746.8598506066,81.0023622938
747.5738657602,81.0825676858
748.2878809137,81.1081702127
749.0018960672,81.0772442035
749.7159112208,81.3081315701
750.4299263743,81.4092232464
751.1439415279,81.3599905945
751.8579566814,81.4365653994
752.5719718350,81.5287703447
753.2859869885,81.6662459512
754.0000021420,81.6286481483
754.7140172956,81.5744577275
755.4280324491,81.9086515398
756.1420476027,82.0201987811
756.8560627562,81.9137586472
757.5700779098,82.0752625006
758.2840930633,82.0075114333
758.9981082169,81.8634411687
759.7121233704,82.0789076320
760.4261385239,82.1783837458
761.1401536775,82.1354673219
761.8541688310,82.1165434475
762.5681839846,82.0853468763
763.2821991381,82.2486147845
763.9962142917,82.3797739473
764.7102294452,82.3613172765
765.4242445987,82.4479845143
766.1382597523,82.4783489780
766.8522749058,82.5205116716
767.5662900594,82.6999862672
768.2803052129,82.6765849776
768.9943203665,82.5709713923
769.7083355200,82.6789049843
770.4223506735,82.7691939877
771.1363658271,82.7466787998
771.8503809806,82.7911699836
772.5643961342,82.9098451047
773.2784112877,82.9645340707
773.9924264413,82.9327097029
774.7064415948,82.8961552454
775.4204567484,82.9405736321
776.1344719019,83.1018618693
776.8484870554,83.1657503759
777.5625022090,83.0630677900
778.2765173625,83.0831846553
778.9905325161,83.1489996558
779.7045476696,83.0855423552
780.4185628232,83.0569022244
781.1325779767,83.0307349466
781.8465931302,83.0315454210
782.5606082838,83.1335245214
783.2746234373,83.1288827444
783.9886385909,83.0940442091
784.7026537444,83.0534923373
785.4166688980,82.8760053539
786.1306840515,82.8507628239
786.8446992051,82.8980242777
787.5587143586,82.7797225626
788.2727295121,82.8239047862
788.9867446657,82.9848102229
789.7007598192,83.0291571966
790.4147749728,83.0309533226
791.1287901263,82.9660143403
791.8428052799,82.9706542390
792.5568204334,82.9951574707
793.2708355869,82.8723072301
793.9848507405,82.9534628775
794.6988658940,83.0551684684
795.4128810476,82.8759192993
796.1268962011,82.9619169130
796.8409113547,83.1379148213
797.5549265082,82.9069174631
798.2689416617,82.8023732333
798.9829568153,82.9956011672
799.6969719688,83.1012859832
800.4109871224,83.0994466432
801.1250022759,83.0313846585
801.8390174295,82.9762685295
802.5530325830,82.9558136777
803.2670477366,82.8978159324
803.9810628901,82.9453229557
804.6950780436,83.0438372959
805.4090931972,83.0367520857
806.1231083507,83.0662696416
806.8371235043,83.1573667297
807.5511386578,83.1745072526
808.2651538114,83.0824806993
808.9791689649,83.0651866648
809.6931841184,83.2606245545
810.4071992720,83.2863257721
811.1212144255,83.0946582717
811.8352295791,83.2026806087
812.5492447326,83.3395665710
813.2632598862,83.2297388392
813.9772750397,83.3446318131
814.6912901933,83.4435130282
815.4053053468,83.2401181946
816.1193205003,83.3475522411
816.8333356539,83.6300152279
817.5473508074,83.5518155078
818.2613659610,83.4681796378
818.9753811145,83.5452290990
819.6893962681,83.5136068145
820.4034114216,83.4744940132
821.1174265751,83.4881806690
821.8314417287,83.4619338392
822.5454568822,83.4188214165
823.2594720358,83.4062879356
823.9734871893,83.5211707731
824.6875023429,83.6689785746
825.4015174964,83.6329637071
826.1155326499,83.5613225378
826.8295478035,83.6118286318
827.5435629570,83.6920342976
828.2575781106,83.7588396742
828.9715932641,83.7901171305
829.6856084177,83.7623736040
830.3996235712,83.6611920206
831.1136387248,83.5862598698
831.8276538783,83.7225666648
832.5416690318,83.8189391545
833.2556841854,83.6761136842
833.9696993389,83.6768830353
834.6837144925,83.7998775569
835.3977296460,83.8111416214
836.1117447996,83.8738274774
836.8257599531,83.8141728546
837.5397751066,83.5701643371
838.2537902602,83.5256870535
838.9678054137,83.5747133125
839.6818205673,83.5563129851
840.3958357208,83.6123718338
841.1098508744,83.6709450938
841.8238660279,83.7225518548
842.5378811815,83.7066965378
843.2518963350,83.5516867543
843.9659114885,83.5295809522
844.6799266421,83.5961358354
845.3939417956,83.5748347950
846.1079569492,83.6178257903
846.8219721027,83.6470453186
847.5359872563,83.5973473956
848.2500024098,83.5139728714
848.9640175633,83.3201746700
849.6780327169,83.2291359534
850.3920478704,83.2755576600
851.1060630240,83.2315338442
851.8200781775,83.2095145908
852.5340933311,83.1667441858
853.2481084846,83.0841943130
853.9621236381,83.1097955702
854.6761387917,82.9817675992
855.3901539452,82.7771225215
856.1041690988,82.7386442382
856.8181842523,82.6467508956
857.5321994059,82.6703855846
858.2462145594,82.7735004051
858.9602297130,82.5300429815
859.6742448665,82.3586750824
860.3882600200,82.4817127402
861.1022751736,82.4354705775
861.8162903271,82.2149928175
862.5303054807,82.0288002655
863.2443206342,82.0514472047
863.9583357878,82.2140085843
864.6723509413,82.1284789227
865.3863660948,81.9273557544
866.1003812484,81.7383124208
866.8143964019,81.5388919601
867.5284115555,81.6134918374
868.2424267090,81.5565065128
868.9564418626,81.2000479169
869.6704570161,81.1810793249
870.3844721697,81.1359706721
871.0984873232,80.8400250248
871.8125024767,80.8518822960
872.5265176303,80.7901986418
873.2405327838,80.5258763769
873.9545479374,80.4803851577
874.6685630909,80.3068652408
875.3825782445,80.0069548476
876.0965933980,79.8413663543
876.8106085515,79.5782933806
877.5246237051,79.3629587031
878.2386388586,79.2738275943
878.9526540122,79.1039747559
879.6666691657,78.9394035871
880.3806843193,78.7567719951
881.0946994728,78.5362093235
881.8087146264,78.3059912078
882.5227297799,78.0049336246
883.2367449334,77.8099777289
883.9507600870,77.6178620063
884.6647752405,77.2335817906
885.3787903941,76.9372902570
886.0928055476,76.7185282855
886.8068207012,76.4062383829
887.5208358547,76.0696195517
888.2348510082,75.6848285642
888.9488661618,75.4086277693
889.6628813153,75.2240967807
890.3768964689,74.8636311995
891.0909116224,74.5778271106
891.8049267760,74.4519040075
892.5189419295,74.2305377379
893.2329570830,74.0771204602
893.9469722366,74.0166305447
894.6609873901,73.9020567622
895.3750025437,73.8887195192
896.0890176972,73.9455520768
896.8030328508,74.0107780608
897.5170480043,74.2724186806
898.2310631579,74.6000880482
898.9450783114,74.7628186977
899.6590934649,74.9437943255
900.3731086185,75.2161454846
901.0871237720,75.3684671939
901.8011389256,75.4724032179
902.5151540791,75.6438939046
903.2291692327,75.7079078440
903.9431843862,75.7444914206
904.6571995397,75.9385042192
905.3712146933,76.0739228790
906.0852298468,76.1355440197
906.7992450004,76.3297940936
907.5132601539,76.4929045693
908.2272753075,76.5668710012
908.9412904610,76.7052799393
909.6553056146,76.7978900826
910.3693207681,76.8421602881
911.0833359216,76.9425219006
911.7973510752,76.9370211008
912.5113662287,76.9130407338
913.2253813823,77.1019331212
913.9393965358,77.1720844716
914.6534116894,76.9737373462
915.3674268429,77.0063631808
916.0814419964,77.2107047258
916.7954571500,77.1330499236
917.5094723035,77.0230938194
918.2234874571,77.0308253295
918.9375026106,76.8650371488
919.6515177642,76.6996469188
920.3655329177,76.6164139844
921.0795480712,76.3945719958
921.7935632248,76.2605993173
922.5075783783,76.2734796558
923.2215935319,76.1706416891
923.9356086854,76.0206080988
924.6496238390,75.8771101193
925.3636389925,75.7450321202
926.0776541461,75.6723181252
926.7916692996,75.4860651955
927.5056844531,75.2371551472
928.2196996067,75.0966311763
928.9337147602,74.9951555957
929.6477299138,74.9954536090
930.3617450673,74.9851441373
931.0757602209,74.7378668668
931.7897753744,74.5611547324
932.5037905279,74.6076634882
933.2178056815,74.5563722845
933.9318208350,74.3276196489
934.6458359886,74.0879332795
935.3598511421,73.9988477300
936.0738662957,73.9630976219
936.7878814492,73.7736408799
937.5018966028,73.6491611829
938.2159117563,73.6308259853
938.9299269098,73.3848328802
939.6439420634,73.0961354866
940.3579572169,72.9631175806
941.0719723705,72.7627545445
941.7859875240,72.5725572327
942.5000026776,72.4836565090
943.2140178311,72.2759948499
943.9280329846,71.9585218968
944.6420481382,71.7410058790
945.3560632917,71.6288602653
946.0700784453,71.3442562398
946.7840935988,70.8894830444
947.4981087524,70.6778541545
948.2121239059,70.5293274797
948.9261390594,70.1405049399
949.6401542130,69.9591590894
950.3541693665,69.8332814984
951.0681845201,69.2767049067
951.7821996736,68.8686734770
952.4962148272,68.7413876785
953.2102299807,68.3748009617
953.9242451343,68.0529554338
954.6382602878,67.7970506036
955.3522754413,67.3319261444
956.0662905949,67.0326661847
956.7803057484,66.8158709548
957.4943209020,66.3995556661
958.2083360555,66.0573005183
958.9223512091,65.7053448489
959.6363663626,65.2950301932
960.3503815161,65.0227591674
961.0643966697,64.6754806784
961.7784118232,64.2868635278
962.4924269768,64.0458320962
963.2064421303,63.7796590040
963.9204572839,63.4769547271
964.6344724374,63.1595945505
965.3484875910,62.7999536384
966.0625027445,62.5223298841
966.7765178980,62.2588571339
967.4905330516,61.9261051715
968.2045482051,61.5458849720
968.9185633587,61.1670610495
969.6325785122,60.9305497228
970.3465936658,60.6420727940
971.0606088193,60.1301155882
971.7746239728,59.6765493176
972.4886391264,59.3090944584
973.2026542799,58.8595813491
973.9166694335,58.3447463107
974.6306845870,57.8113955672
975.3446997406,57.2941538250
976.0587148941,56.7196973187
976.7727300476,56.1538384479
977.4867452012,55.6426006210
978.2007603547,54.9504725316
978.9147755083,54.3111940488
979.6287906618,53.8453583711
980.3428058154,53.1740826480
981.0568209689,52.6298706061
981.7708361225,52.3504780083
982.4848512760,51.9126077294
983.1988664295,51.6294011356
983.9128815831,51.5228791365
984.6268967366,51.3333333278
985.3409118902,51.3481224706
986.0549270437,51.2876696890
986.7689421973,51.0666843312
987.4829573508,51.1375869511
988.1969725043,51.1267578673
988.9109876579,50.9090327301
989.6250028114,50.8517732744
990.3390179650,50.6977667140
991.0530331185,50.4113124917
991.7670482721,50.2319899873
992.4810634256,50.0578407827
993.1950785792,49.8412856835
993.9090937327,49.6246904231
994.6231088862,49.5040038220
995.3371240398,49.4406772965
996.0511391933,49.2928296458
996.7651543469,49.2268086348
997.4791695004,49.2674434122
998.1931846540,49.3246552339
998.9071998075,49.4212600378
999.6212149610,49.4204204307
1000.3352301146,49.4988818528
1001.0492452681,49.7570987274
1001.7632604217,49.8283343897
1002.4772755752,49.8077799258
1003.1912907288,49.8351688550
1003.9053058823,49.7630966353
1004.6193210359,49.7579734315
1005.3333361894,49.7658154423
1006.0473513429,49.6543665317
1006.7613664965,49.6110397717
1007.4753816500,49.6075532304
1008.1893968036,49.6035030175
1008.9034119571,49.5769783923
1009.6174271107,49.4614362517
1010.3314422642,49.3850163372
1011.0454574177,49.2431579552
1011.7594725713,49.0289044986
1012.4734877248,48.9601161855
1013.1875028784,48.8571450741
1013.9015180319,48.7363082793
1014.6155331855,48.7244381769
1015.3295483390,48.6060428501
1016.0435634925,48.4917999294
1016.7575786461,48.4298939993
1017.4715937996,48.2697037381
1018.1856089532,48.1886788023
1018.8996241067,48.1541592099
1019.6136392603,48.0743119061
1020.3276544138,48.0502576739
1021.0416695674,48.0155269102
1021.7556847209,47.9471427168
1022.4696998744,47.7853348627
1023.1837150280,47.6165978296
1023.8977301815,47.6208897744
1024.6117453351,47.5364496905
1025.3257604886,47.5063842381
1026.0397756422,47.7534909490
1026.7537907957,47.7943968712
1027.4678059492,47.7385937393
1028.1818211028,47.8622157474
1028.8958362563,47.9154824765
1029.6098514099,48.1036261744
1030.3238665634,48.3475245693
1031.0378817170,48.3567590642
1031.7518968705,48.5356472928
1032.4659120241,48.8892723822
1033.1799271776,49.1835223704
1033.8939423311,49.5512544793
1034.6079574847,49.9402726307
1035.3219726382,50.3672848071
1036.0359877918,50.8323771366
1036.7500029453,51.2590819217
1037.4640180989,51.7630000890
1038.1780332524,52.1634852726
1038.8920484059,52.3818906536
1039.6060635595,52.6264949159
1040.3200787130,52.8001612113
1041.0340938666,52.8745322777
1041.7481090201,52.8561658807
1042.4621241737,52.7682558365
1043.1761393272,52.8259610597
1043.8901544807,52.7626895013
1044.6041696343,52.4882225811
1045.3181847878,52.4023100566
1046.0321999414,52.2994207729
1046.7462150949,52.0621273172
1047.4602302485,51.9270838939
1048.1742454020,51.7672738804
1048.8882605556,51.6116153916
1049.6022757091,51.4794425309
1050.3162908626,51.2927928803
1051.0303060162,51.2381951203
1051.7443211697,51.2233493915
1052.4583363233,51.2008744426
1053.1723514768,51.3026857659
1053.8863666304,51.4082184364
1054.6003817839,51.5911304287
1055.3143969374,51.8136810750
1056.0284120910,51.9296655939
1056.7424272445,52.1729349220
1057.4564423981,52.5414191637
1058.1704575516,52.9607028938
1058.8844727052,53.4658454354
1059.5984878587,53.9296552995
1060.3125030123,54.4889827635
1061.0265181658,55.1538260056
1061.7405333193,55.8001678090
1062.4545484729,56.5442010045
1063.1685636264,57.2789691363
1063.8825787800,58.1040584825
1064.5965939335,59.0161407804
1065.3106090871,59.5548494528
1066.0246242406,60.0356579427
1066.7386393941,60.7445518330
1067.4526545477,61.2756541280
1068.1666697012,61.7640449589
1068.8806848548,62.2625211009
1069.5947000083,62.5700095868
1070.3087151619,62.9129474507
1071.0227303154,63.2471559245
1071.7367454689,63.4967352013
1072.4507606225,63.7493437550
1073.1647757760,63.8887205898
1073.8787909296,64.0138019677
1074.5928060831,64.1606011960
1075.3068212367,64.3528292652
1076.0208363902,64.6747332858
1076.7348515438,64.8360701774
1077.4488666973,65.0235636307
1078.1628818508,65.3551318440
1078.8768970044,65.4104242994
1079.5909121579,65.6404096768
1080.3049273115,66.0819391678
1081.0189424650,66.0969840473
1081.7329576186,66.2471527459
1082.4469727721,66.6109494835
1083.1609879256,66.6062440500
1083.8750030792,66.7214792592
1084.5890182327,67.0425935005
1085.3030333863,67.1361461558
1086.0170485398,67.1931376458
1086.7310636934,67.3332268053
1087.4450788469,67.4675957540
1088.1590940005,67.4513638876
1088.8731091540,67.4183536063
1089.5871243075,67.6543785977
1090.3011394611,67.6897633078
1091.0151546146,67.4893957081
1091.7291697682,67.6029608770
1092.4431849217,67.6623277657
1093.1572000753,67.5574889720
1093.8712152288,67.5966191940
1094.5852303823,67.5104806584
1095.2992455359,67.3731517907
1096.0132606894,67.3042621100
1096.7272758430,67.1995540234
1097.4412909965,67.2992846298
1098.1553061501,67.3819835042
1098.8693213036,67.2228230871
1099.5833364571,67.1953341483
1100.2973516107,67.3056841235
1101.0113667642,67.3908598028
1101.7253819178,67.4381796507
1102.4393970713,67.4600842270
1103.1534122249,67.5935500122
1103.8674273784,67.7431741630
1104.5814425320,67.8177821948
1105.2954576855,67.8630222657
1106.0094728390,67.8404567261
1106.7234879926,67.9299828325
1107.4375031461,68.0724120300
1108.1515182997,68.0464733140
1108.8655334532,68.0763680826
1109.5795486068,68.1658776797
1110.2935637603,68.2327371123
1111.0075789138,68.4032837680
1111.7215940674,68.6209970584
1112.4356092209,69.0148019525
1113.1496243745,69.5436544001
1113.8636395280,70.0644037124
1114.5776546816,70.8011309597
1115.2916698351,71.4200680517
1116.0056849887,71.7938002156
1116.7197001422,72.4404410220
1117.4337152957,73.0730230577
1118.1477304493,73.5796468893
1118.8617456028,74.1821902872
1119.5757607564,74.4333930371
1120.2897759099,74.7093857909
1121.0037910635,75.3745785425
1121.7178062170,75.6464840378
1122.4318213705,75.8028895422
1123.1458365241,76.3497797862
1123.8598516776,76.7430192641
1124.5738668312,77.1447942763
1125.2878819847,77.7381857903
1126.0018971383,78.1525873578
1126.7159122918,78.6294546761
1127.4299274454,79.1623612683
1128.1439425989,79.5633380865
1128.8579577524,80.1001451413
1129.5719729060,80.4773431374
1130.2859880595,80.5907444010
1131.0000032131,80.9414695348
1131.7140183666,81.3371912484
1132.4280335202,81.6293025402
1133.1420486737,82.0017327533
1133.8560638272,82.1808542923
1134.5700789808,82.3153123626
1135.2840941343,82.7197514860
1135.9981092879,83.0289994686
1136.7121244414,83.1812147361
1137.4261395950,83.3727783608
1138.1401547485,83.4674710071
1138.8541699020,83.5304823142
1139.5681850556,83.5846591406
1140.2822002091,83.4887021525
1140.9962153627,83.3915599410
1141.7102305162,83.2999767762
1142.4242456698,83.0767660663
1143.1382608233,82.8645720997
1143.8522759769,82.6872649870
1144.5662911304,82.4283485983
1145.2803062839,82.1529192679
1145.9943214375,81.8415518874
1146.7083365910,81.4939355600
1147.4223517446,81.2942958990
1148.1363668981,81.1418152687
1148.8503820517,80.8710737930
1149.5643972052,80.7013092473
1150.2784123587,80.6558307760
1150.9924275123,80.4501751938
1151.7064426658,80.1954105803
1152.4204578194,80.0964136965
1153.1344729729,79.8681036473
1153.8484881265,79.4946169695
1154.5625032800,79.3706941165
1155.2765184336,79.2708627278
1155.9905335871,79.0000698659
1156.7045487406,78.9875165544
1157.4185638942,79.0186314324
1158.1325790477,78.8049181548
1158.8465942013,78.8048822765
1159.5606093548,78.9422997445
1160.2746245084,79.0792278094
1160.9886396619,79.5039271098
1161.7026548154,79.8736681195
1162.4166699690,80.1224188633
1163.1306851225,80.6385538857
1163.8447002761,81.1979264973
1164.5587154296,81.7577971248
1165.2727305832,82.4305092613
1165.9867457367,83.0529273298
1166.7007608902,83.7756387825
1167.4147760438,84.5318469921
1168.1287911973,85.1058142388
1168.8428063509,85.7002969926
1169.5568215044,86.2894836221
1170.2708366580,86.8454053101
1170.9848518115,87.4980592509
1171.6988669651,87.9981513447
1172.4128821186,88.3485457742
1173.1268972721,88.7882511140
1173.8409124257,89.1852353698
1174.5549275792,89.5366689095
1175.2689427328,89.9210794553
1175.9829578863,90.2176380575
1176.6969730399,90.4143278422
1177.4109881934,90.5754817991
1178.1250033469,90.7887045118
1178.8390185005,90.9969086625
1179.5530336540,91.0843375340
1180.2670488076,91.2506302150
1180.9810639611,91.4559485108
1181.6950791147,91.5278327480
1182.4090942682,91.6765725554
1183.1231094218,91.7709658859
1183.8371245753,91.7019431289
1184.5511397288,91.8088458657
1185.2651548824,91.8912556175
1185.9791700359,91.7540996315
1186.6931851895,91.7030960255
1187.4072003430,91.6733802666
1188.1212154966,91.5661502227
1188.8352306501,91.4636413985
1189.5492458036,91.2903486070
1190.2632609572,91.1288502499
1190.9772761107,90.9803855506
1191.6912912643,90.7323076488
1192.4053064178,90.4685513811
1193.1193215714,90.2111161095
1193.8333367249,90.0296176091
1194.5473518784,89.8973143438
1195.2613670320,89.6320895658
1195.9753821855,89.4321195629
1196.6893973391,89.3520641287
1197.4034124926,89.1628523937
1198.1174276462,89.0211497194
1198.8314427997,88.9711441465
1199.5454579533,88.8644791153
1200.2594731068,88.8150466579
1200.9734882603,88.8059845816
1201.6875034139,88.7654445201
1202.4015185674,88.8185992665
1203.1155337210,88.9805175688
1203.8295488745,89.1035622761
1204.5435640281,89.1065289184
1205.2575791816,89.1844152093
1205.9715943351,89.4259750412
1206.6856094887,89.5751401513
1207.3996246422,89.6952681791
1208.1136397958,89.9748787305
1208.8276549493,90.2612261690
1209.5416701029,90.5497939217
1210.2556852564,90.8171839825
1210.9697004100,90.9611540827
1211.6837155635,91.1759503581
1212.3977307170,91.3811686960
1213.1117458706,91.4046334109
1213.8257610241,91.4631513453
1214.5397761777,91.5204987267
1215.2537913312,91.4882089988
1215.9678064848,91.4989010264
1216.6818216383,91.4501463411
1217.3958367918,91.3139711556
1218.1098519454,91.1961243912
1218.8238670989,91.0397105655
1219.5378822525,90.8706486349
1220.2518974060,90.7465992320
1220.9659125596,90.6328364754
1221.6799277131,90.4833771911
1222.3939428666,90.2854417537
1223.1079580202,90.1168089570
1223.8219731737,89.9706130785
1224.5359883273,89.8005589615
1225.2500034808,89.6620665764
1225.9640186344,89.5576428324
1226.6780337879,89.5099978837
1227.3920489415,89.5113609902
1228.1060640950,89.4951461089
1228.8200792485,89.4983665240
1229.5340944021,89.4356801254
1230.2481095556,89.3152741032
1230.9621247092,89.3241286036
1231.6761398627,89.2687806544
1232.3901550163,89.0809864614
1233.1041701698,89.0403532052
1233.8181853233,89.0498654960
1234.5322004769,89.0010242563
1235.2462156304,88.9769494047
1235.9602307840,88.9446276848
1236.6742459375,88.9862405495
1237.3882610911,89.0555064022
1238.1022762446,89.0380984465
1238.8162913982,89.0819951472
1239.5303065517,89.1266556803
1240.2443217052,89.0972825012
1240.9583368588,89.1159914561
1241.6723520123,89.0762408866
1242.3863671659,89.0188858612
1243.1003823194,89.0555753430
1243.8143974730,88.9858897887
1244.5284126265,88.8706478968
1245.2424277800,88.8591332287
1245.9564429336,88.7977448298
1246.6704580871,88.7226574939
1247.3844732407,88.7500427565
1248.0984883942,88.7855716349
1248.8125035478,88.7677597786
1249.5265187013,88.6976282036
1250.2405338549,88.6343812419
1250.9545490084,88.6700007076
1251.6685641619,88.7166860654
1252.3825793155,88.6388049235
1253.0965944690,88.5100153634
1253.8106096226,88.4236879825
1254.5246247761,88.3280976649
1255.2386399297,88.1964024870
1255.9526550832,88.0216840719
1256.6666702367,87.8304967124
1257.3806853903,87.7365157758
1258.0947005438,87.6333765420
1258.8087156974,87.4391534776
1259.5227308509,87.3838640775
1260.2367460045,87.4185752539
1260.9507611580,87.3396513239
1261.6647763115,87.2854605486
1262.3787914651,87.2932341852
1263.0928066186,87.2926472769
1263.8068217722,87.3022953970
1264.5208369257,87.2804015240
1265.2348520793,87.3146681612
1265.9488672328,87.4211392612
1266.6628823864,87.4317620197
1267.3768975399,87.4246613162
1268.0909126934,87.4471188063
1268.8049278470,87.4194806334
1269.5189430005,87.4315356680
1270.2329581541,87.4249192004
1270.9469733076,87.3185566976
1271.6609884612,87.2327135864
1272.3750036147,87.1658468698
1273.0890187682,87.0623050294
1273.8030339218,86.9276146331
1274.5170490753,86.8076550729
1275.2310642289,86.7252959214
1275.9450793824,86.5941188184
1276.6590945360,86.4898750453
1277.3731096895,86.4629622312
1278.0871248431,86.4083602092
1278.8011399966,86.4296654310
1279.5151551501,86.4920065157
1280.2291703037,86.4637851649
1280.9431854572,86.5431548379
1281.6572006108,86.7137662697
1282.3712157643,86.8017945962
1283.0852309179,86.8985539802
1283.7992460714,86.9700506696
1284.5132612249,86.9884967385
1285.2272763785,87.0587829881
1285.9412915320,87.0878647876
1286.6553066856,87.0827964930
1287.3693218391,87.1062544861
1288.0833369927,87.0644300540
1288.7973521462,87.0057718995
1289.5113672997,86.9551487694
1290.2253824533,86.8535216290
1290.9393976068,86.7164431972
1291.6534127604,86.5575035121
1292.3674279139,86.4750498303
1293.0814430675,86.4514723744
1293.7954582210,86.3830898792
1294.5094733746,86.3477707785
1295.2234885281,86.3027321396
1295.9375036816,86.1730995400
1296.6515188352,86.0247385322
1297.3655339887,85.8872234293
1298.0795491423,85.8150128151
1298.7935642958,85.6734887710
1299.5075794494,85.3952289819
1300.2215946029,85.2199598830
1300.9356097564,85.0366328589
1301.6496249100,84.7670063026
1302.3636400635,84.5523368176
1303.0776552171,84.2402281444
1303.7916703706,83.9501914744
1304.5056855242,83.7398137502
1305.2197006777,83.3537385721
1305.9337158313,83.0064693082
1306.6477309848,82.7116032189
1307.3617461383,82.3081503789
1308.0757612919,82.0114372189
1308.7897764454,81.7074115729
1309.5037915990,81.3559296029
1310.2178067525,81.1149179663
1310.9318219061,80.8518935724
1311.6458370596,80.6274274270
1312.3598522131,80.4828826585
1313.0738673667,80.3529557686
1313.7878825202,80.3081860827
1314.5018976738,80.2947380476
1315.2159128273,80.3557303754
1315.9299279809,80.4746964730
1316.6439431344,80.5682576073
1317.3579582879,80.7955219208
1318.0719734415,81.1314354121
1318.7859885950,81.4947527312
1319.5000037486,81.8747528407
1320.2140189021,82.1951136322
1320.9280340557,82.4931578506
1321.6420492092,82.7972604271
1322.3560643628,83.0786700334
1323.0700795163,83.2586824856
1323.7840946698,83.3566454168
1324.4981098234,83.4975794590
1325.2121249769,83.6082347402
1325.9261401305,83.6275548783
1326.6401552840,83.6496741554
1327.3541704376,83.6718835252
1328.0681855911,83.6126536587
1328.7822007446,83.5065038976
1329.4962158982,83.4610705694
1330.2102310517,83.4086574348
1330.9242462053,83.2552341626
1331.6382613588,83.0723571780
1332.3522765124,82.8944211012
1333.0662916659,82.7456621318
1333.7803068195,82.6451470858
1334.4943219730,82.6363818706
1335.2083371265,82.6943109256
1335.9223522801,82.6947539346
1336.6363674336,82.7297721576
1337.3503825872,82.8715583773
1338.0643977407,83.0435081175
1338.7784128943,83.2776278804
1339.4924280478,83.4381065667
1340.2064432013,83.5637269449
1340.9204583549,83.7775227055
1341.6344735084,83.9571801759
1342.3484886620,84.1501978779
1343.0625038155,84.3615343806
1343.7765189691,84.5010232541
1344.4905341226,84.6497230361
1345.2045492761,84.7848317361
1345.9185644297,84.8981662533
1346.6325795832,85.0122546315
1347.3465947368,85.0771031312
1348.0606098903,85.1706622695
1348.7746250439,85.1983878620
1349.4886401974,85.0851658419
1350.2026553510,85.0345129511
1350.9166705045,84.9770915669
1351.6306856580,84.9042094999
1352.3447008116,84.8474444197
1353.0587159651,84.6235247137
1353.7727311187,84.4620606075
1354.4867462722,84.4263863446
1355.2007614258,84.2643975341
1355.9147765793,84.1988272772
1356.6287917328,84.1746050452
1357.3428068864,84.0066222523
1358.0568220399,83.9585841557
1358.7708371935,83.8739727468
1359.4848523470,83.6912995919
1360.1988675006,83.6581316216
1360.9128826541,83.4859373099
1361.6268978077,83.3155260331
1362.3409129612,83.3897092073
1363.0549281147,83.3629159746
1363.7689432683,83.4214778788
1364.4829584218,83.6147183797
1365.1969735754,83.6733225114
1365.9109887289,83.6766699303
1366.6250038825,83.6910700873
1367.3390190360,83.6708376865
1368.0530341895,83.7607591557
1368.7670493431,83.8236627872
1369.4810644966,83.8230984851
1370.1950796502,83.9484808677
1370.9090948037,84.0492647221
1371.6231099573,84.1950376782
1372.3371251108,84.4534769727
1373.0511402643,84.6321949763
1373.7651554179,84.8608484388
1374.4791705714,85.1709081053
1375.1931857250,85.3540010402
1375.9072008785,85.5855596123
1376.6212160321,85.8766185427
1377.3352311856,86.1325419148
1378.0492463392,86.4521188637
1378.7632614927,86.7410094540
1379.4772766462,86.9956984800
1380.1912917998,87.3528807840
1380.9053069533,87.6734331907
1381.6193221069,87.9802760154
1382.3333372604,88.3068151282
1383.0473524140,88.4515392422
1383.7613675675,88.6054551323
1384.4753827210,88.9290239381
1385.1893978746,89.1611902881
1385.9034130281,89.2809702792
1386.6174281817,89.4026363075
1387.3314433352,89.5012236826
1388.0454584888,89.6471738467
1388.7594736423,89.7134811988
1389.4734887959,89.6456029876
1390.1875039494,89.6074541910
1390.9015191029,89.7098595065
1391.6155342565,89.7867848636
1392.3295494100,89.7947069393
1393.0435645636,89.8221332410
1393.7575797171,89.8584155479
1394.4715948707,89.7823273339
1395.1856100242,89.6551687785
1395.8996251777,89.6191785782
1396.6136403313,89.6428062937
1397.3276554848,89.6522390894
1398.0416706384,89.5672858024
1398.7556857919,89.5225885235
1399.4697009455,89.5504486334
1400.1837160990,89.4550498794
1400.8977312526,89.4144744957
1401.6117464061,89.4125393774
1402.3257615596,89.3112690163
1403.0397767132,89.2696333228
1403.7537918667,89.2537297309
1404.4678070203,89.1544936748
1405.1818221738,89.1655077710
1405.8958373274,89.1800736708
1406.6098524809,89.0978296264
1407.3238676344,89.0735898649
1408.0378827880,89.0161972329
1408.7518979415,88.8935258059
1409.4659130951,88.8240069015
1410.1799282486,88.7827013933
1410.8939434022,88.6798888457
1411.6079585557,88.5639273567
1412.3219737092,88.5507035037
1413.0359888628,88.5256353920
1413.7500040163,88.3815060760
1414.4640191699,88.2646419051
1415.1780343234,88.1569552044
1415.8920494770,88.0050602574
1416.6060646305,87.8406184395
1417.3200797841,87.6193766391
1418.0340949376,87.6308168327
1418.7481100911,87.7744909571
1419.4621252447,87.4528620358
1420.1761403982,87.1729811661
1420.8901555518,87.2439990091
1421.6041707053,87.2265965952
1422.3181858589,87.0443657674
1423.0322010124,86.9172442515
1423.7462161659,86.8196361725
1424.4602313195,86.7612502505
1425.1742464730,86.8024258988
1425.8882616266,86.8587842039
1426.6022767801,86.7855603572
1427.3162919337,86.7206055450
1428.0303070872,86.7137207964
1428.7443222408,86.7490994225
1429.4583373943,86.8438078244
1430.1723525478,86.7967894895
1430.8863677014,86.8282311823
1431.6003828549,87.0323293330
1432.3143980085,87.1327122834
1433.0284131620,87.1739805933
1433.7424283156,87.2791756949
1434.4564434691,87.3799365154
1435.1704586226,87.5598860127
1435.8844737762,87.7526681272
1436.5984889297,87.9851007735
1437.3125040833,87.8950428439
1438.0265192368,87.8508117706
1438.7405343904,87.9673200545
1439.4545495439,88.1371620556
1440.1685646974,88.1147454326
1440.8825798510,88.1213993105
1441.5965950045,88.1621187202
1442.3106101581,88.1673781247
1443.0246253116,88.2581404599
1443.7386404652,88.3024208439
1444.4526556187,88.3080681839
1445.1666707723,88.3679756784
1445.8806859258,88.3746131303
1446.5947010793,88.4435846285
1447.3087162329,88.5280492187
1448.0227313864,88.4507649524
1448.7367465400,88.5511774519
1449.4507616935,88.6836914502
1450.1647768471,88.7214174363
1450.8787920006,88.7839806634
1451.5928071541,88.7973494155
1452.3068223077,88.7483389060
1453.0208374612,88.8297793118
1453.7348526148,88.9202647526
1454.4488677683,88.9734850904
1455.1628829219,89.0432789406
1455.8768980754,89.2157045821
1456.5909132290,89.6574544186
1457.3049283825,89.3499750962
1458.0189435360,89.3816565118
1458.7329586896,89.5840981446
1459.4469738431,89.6108397594
1460.1609889967,89.7545247412
1460.8750041502,89.8886786515
1461.5890193038,89.8707225223
1462.3030344573,89.9936602705
1463.0170496108,90.1240348426
1463.7310647644,90.1768292034
1464.4450799179,90.2986761889
1465.1590950715,90.1141101973
1465.8731102250,90.1042976704
1466.5871253786,90.2763561559
1467.3011405321,90.3490655014
1468.0151556856,90.3976542900
1468.7291708392,90.4936698158
1469.4431859927,90.6326012039
1470.1572011463,90.8125575646
1470.8712162998,90.9486882497
1471.5852314534,91.2561980873
1472.2992466069,91.4279557348
1473.0132617605,91.3251520829
1473.7272769140,91.5080318385
1474.4412920675,91.5876019100
1475.1553072211,91.5885746440
1475.8693223746,91.7572623361
1476.5833375282,91.7742325128
1477.2973526817,91.7622393941
1478.0113678353,91.9417921833
1478.7253829888,92.0322547879
1479.4393981423,92.0351920596
1480.1534132959,92.1176565369
1480.8674284494,92.1712586702
1481.5814436030,92.2694947174
1482.2954587565,92.4116069176
1483.0094739101,92.5779496614
1483.7234890636,92.8248403498
1484.4375042172,92.9851460250
1485.1515193707,93.0818655707
1485.8655345242,93.2371200426
1486.5795496778,93.3728921216
1487.2935648313,93.5237809385
1488.0075799849,93.5950816578
1488.7215951384,93.6111355718
1489.4356102920,93.7610836743
1490.1496254455,93.9612077661
1490.8636405990,93.9966463816
1491.5776557526,94.0999911694
1492.2916709061,94.1407458253
1493.0056860597,94.1503269175
1493.7197012132,94.2456025890
1494.4337163668,94.2896186792
1495.1477315203,94.2488324185
1495.8617466738,94.2224362056
1496.5757618274,94.3842300944
1497.2897769809,94.4305321619
1498.0037921345,94.4725423790
1498.7178072880,94.6544083853
1499.4318224416,94.6311059183
1500.1458375951,94.5737157252
1500.8598527487,94.6718874018
1501.5738679022,94.7731152081
1502.2878830557,94.7286330610
1503.0018982093,94.6886233893
1503.7159133628,94.6887660067
1504.4299285164,94.6992589886
1505.1439436699,94.6909960252
1505.8579588235,94.6685660143
1506.5719739770,94.6585690202
1507.2859891305,94.5503116962
1508.0000042841,94.6735821096
1508.7140194376,94.8053421941
1509.4280345912,94.7924253556
1510.1420497447,94.7394706526
1510.8560648983,94.7457092322
1511.5700800518,94.7309602045
1512.2840952054,94.8006815234
1512.9981103589,94.7909220929
1513.7121255124,94.6586710838
1514.4261406660,94.6587552084
1515.1401558195,94.8397939408
1515.8541709731,94.7855113194
1516.5681861266,94.6876363936
1517.2822012802,94.7880530445
1517.9962164337,94.7803970125
1518.7102315872,94.7554663188
1519.4242467408,94.7764014379
1520.1382618943,94.7694477124
1520.8522770479,94.7680887016
1521.5662922014,94.7680751168
1522.2803073550,94.7212107735
1522.9943225085,94.7336884729
1523.7083376621,94.7369120944
1524.4223528156,94.6987856516
1525.1363679691,94.6778319605
1525.8503831227,94.6469365379
1526.5643982762,94.5927767126
1527.2784134298,94.6385341000
1527.9924285833,94.7327606785
1528.7064437369,94.6550485361
1529.4204588904,94.5863830001
1530.1344740439,94.5842964194
1530.8484891975,94.5455887915
1531.5625043510,94.5332386518
1532.2765195046,94.5660265627
1532.9905346581,94.6233019524
1533.7045498117,94.8947149570
1534.4185649652,94.7258031924
1535.1325801187,94.5746643079
1535.8465952723,94.6245566464
1536.5606104258,94.6340254759
1537.2746255794,94.4937813590
1537.9886407329,94.4429690755
1538.7026558865,94.4441452837
1539.4166710400,94.3183662103
1540.1306861936,94.5886183853
1540.8447013471,94.5780660872
1541.5587165006,94.5151531858
1542.2727316542,94.7060535979
1542.9867468077,94.5469503281
1543.7007619613,94.3826282659
1544.4147771148,94.4455002344
1545.1287922684,94.5214003119
1545.8428074219,94.4304339715
1546.5568225754,94.4496790233
1547.2708377290,94.4544504811
1547.9848528825,94.4327302211
1548.6988680361,94.4464559640
1549.4128831896,94.4315428557
1550.1268983432,94.3486389804
1550.8409134967,94.3595302253
1551.5549286503,94.4529089037
1552.2689438038,94.5351863016
1552.9829589573,94.4733357690
1553.6969741109,94.4650837828
1554.4109892644,94.4513528369
1555.1250044180,94.2928757386
1555.8390195715,94.3306380342
1556.5530347251,94.4564145249
1557.2670498786,94.5223580209
1557.9810650321,94.5915665661
1558.6950801857,94.3917348865
1559.4090953392,94.3631982015
1560.1231104928,94.7765670506
1560.8371256463,94.5324297634
1561.5511407999,94.4087953512
1562.2651559534,94.3326818167
1562.9791711069,94.2946906550
1563.6931862605,94.3265016875
1564.4072014140,94.3515766893
1565.1212165676,94.3097966355
1565.8352317211,94.2603001338
1566.5492468747,94.2721303038
1567.2632620282,94.3786298977
1567.9772771818,94.3796974221
1568.6912923353,94.3095305186
1569.4053074888,94.5004406612
1570.1193226424,94.4733153626
1570.8333377959,94.3607617211
1571.5473529495,94.5621014479
1572.2613681030,94.6043728798
1572.9753832566,94.3395252993
1573.6893984101,94.2922579330
1574.4034135636,94.3344585799
1575.1174287172,94.3086871841
1575.8314438707,94.4603694563
1576.5454590243,94.3463613007
1577.2594741778,94.2706987575
1577.9734893314,94.4148352880
1578.6875044849,94.4687827892
1579.4015196385,94.3761801512
1580.1155347920,94.3549009130
1580.8295499455,94.3126453354
1581.5435650991,94.2844526457
1582.2575802526,94.4108965317
1582.9715954062,94.4749405551
1583.6856105597,94.3713913587
1584.3996257133,94.3536142288
1585.1136408668,94.3944687270
1585.8276560203,94.3012884643
1586.5416711739,94.2517621866
1587.2556863274,94.2760162089
1587.9697014810,94.2138101911
1588.6837166345,94.2212699404
1589.3977317881,94.2723583030
1590.1117469416,94.1896541361
1590.8257620951,94.1369441650
1591.5397772487,94.1326530164
1592.2537924022,94.0869629164
1592.9678075558,94.0812618826
1593.6818227093,94.0273219666
1594.3958378629,93.9097745905
1595.1098530164,93.9405417216
1595.8238681700,94.0016196495
1596.5378833235,93.9423045204
1597.2518984770,93.9125126126
1597.9659136306,93.9117456233
1598.6799287841,93.8246339673
1599.3939439377,93.7971575273
1600.1079590912,93.8328989999
1600.8219742448,93.7666593478
1601.5359893983,93.7423065118
1602.2500045518,93.7825974653
1602.9640197054,93.7205919365
1603.6780348589,93.6902728347
1604.3920500125,93.6951156299
1605.1060651660,93.6113153942
1605.8200803196,93.5605935262
1606.5340954731,93.5052379078
1607.2481106267,93.4327564467
1607.9621257802,93.4622325417
1608.6761409337,93.4337820442
1609.3901560873,93.3701083897
1610.1041712408,93.3682840410
1610.8181863944,93.3106841013
1611.5322015479,93.2848682492
1612.2462167015,93.2705419503
1612.9602318550,93.1763975895
1613.6742470085,93.1087001530
1614.3882621621,92.9760268454
1615.1022773156,92.8722354727
1615.8162924692,92.9513425284
1616.5303076227,93.0628499021
1617.2443227763,92.7746157170
1617.9583379298,92.7221080609
1618.6723530833,92.6963445985
1619.3863682369,92.6965219284
1620.1003833904,92.6164768213
1620.8143985440,92.4592598378
1621.5284136975,92.3832473080
1622.2424288511,92.3903332430
1622.9564440046,92.4702370342
1623.6704591582,92.3966674527
1624.3844743117,92.1396985707
1625.0984894652,92.0891253059
1625.8125046188,92.1476531912
1626.5265197723,92.1651786354
1627.2405349259,92.1112778408
1627.9545500794,91.9598215733
1628.6685652330,92.0171237567
1629.3825803865,92.1067388227
1630.0965955400,92.0491144043
1630.8106106936,91.9574099015
1631.5246258471,91.8616909277
1632.2386410007,91.8321976044
1632.9526561542,91.8854224554
1633.6666713078,91.8081900799
1634.3806864613,91.8668662698
1635.0947016149,92.3819791309
1635.8087167684,91.7750091080
1636.5227319219,91.7520833463
1637.2367470755,91.9110911388
1637.9507622290,91.7700533627
1638.6647773826,91.6858220843
1639.3787925361,91.6712626581
1640.0928076897,91.7031996104
1640.8068228432,91.8177147445
1641.5208379967,91.7567811780
1642.2348531503,91.6959588841
1642.9488683038,91.7992827671
1643.6628834574,91.8369064796
1644.3768986109,91.8407346618
1645.0909137645,91.8565082535
1645.8049289180,91.9360964529
1646.5189440715,92.0040476495
1647.2329592251,91.9358766270
1647.9469743786,92.0385020395
1648.6609895322,92.1223729737
1649.3750046857,92.0530184916
1650.0890198393,92.1177678927
1650.8030349928,92.1317829167
1651.5170501464,92.0502489436
1652.2310652999,92.3288923405
1652.9450804534,92.7057029700
1653.6590956070,91.9338176532
1654.3731107605,92.1639082370
1655.0871259141,92.3976668833
1655.8011410676,92.4634644158
1656.5151562212,92.5016860664
1657.2291713747,92.4889429839
1657.9431865282,92.5575999459
1658.6572016818,92.6349359630
1659.3712168353,92.6513430430
1660.0852319889,92.7319601325
1660.7992471424,92.8072854176
1661.5132622960,92.8294731714
1662.2272774495,92.8947458790
1662.9412926031,92.9359236447
1663.6553077566,92.9542601178
1664.3693229101,93.0614301012
1665.0833380637,93.1924740782
1665.7973532172,93.1832001530
1666.5113683708,93.1767687111
1667.2253835243,93.2610416248
1667.9393986779,93.2893408141
1668.6534138314,93.2976397502
1669.3674289849,93.4031405020
1670.0814441385,93.3541613446
1670.7954592920,93.3782894642
1671.5094744456,93.5277703672
1672.2234895991,93.4914145501
1672.9375047527,93.5018981356
1673.6515199062,93.6229000729
1674.3655350598,93.6530701266
1675.0795502133,93.7846498739
1675.7935653668,93.8539871007
1676.5075805204,93.7245701224
1677.2215956739,93.8359763621
1677.9356108275,94.0377885588
1678.6496259810,93.9601320263
1679.3636411346,93.8833493401
1680.0776562881,93.9422816885
1680.7916714416,94.0133432886
1681.5056865952,94.1064378281
1682.2197017487,94.2176484189
1682.9337169023,94.2605180393
1683.6477320558,94.2165647819
1684.3617472094,94.4530487403
1685.0757623629,94.6404076366
1685.7897775164,94.3477157410
1686.5037926700,94.2970800282
1687.2178078235,94.4552666433
1687.9318229771,94.5453022193
1688.6458381306,94.4578528225
1689.3598532842,94.4674027309
1690.0738684377,94.5090341081
1690.7878835913,94.5321364992
1691.5018987448,94.5679811925
1692.2159138983,94.5614154674
1692.9299290519,94.5980414941
1693.6439442054,94.6726034247
1694.3579593590,94.6546827128
1695.0719745125,94.7308972335
1695.7859896661,95.3401821243
1696.5000048196,94.7823442368
1697.2140199731,94.7068017690
1697.9280351267,94.8508469116
1698.6420502802,94.8395770444
1699.3560654338,94.8628945567
1700.0700805873,101.0913975130
1700.7840957409,95.0118714603
1701.4981108944,94.7472832632
1702.2121260480,94.9471205861
1702.9261412015,94.9435604287
1703.6401563550,94.7428018984
1704.3541715086,94.6716316668
1705.0681866621,94.7558962520
1705.7822018157,94.8193989153
1706.4962169692,95.0202898954
1707.2102321228,95.0040329718
1707.9242472763,94.9386115066
1708.6382624298,94.9600485960
1709.3522775834,94.9584899608
1710.0662927369,94.9804557300
1710.7803078905,94.9972625685
1711.4943230440,94.9314140263
1712.2083381976,94.9490564723
1712.9223533511,95.0311329694
1713.6363685046,94.9960991216
1714.3503836582,94.9273610819
1715.0643988117,94.9504277870
1715.7784139653,94.9920372331
1716.4924291188,95.0069634383
1717.2064442724,95.0369541387
1717.9204594259,95.0037565894
1718.6344745795,94.9651429417
1719.3484897330,95.0062773151
1720.0625048865,95.0216163583
1720.7765200401,95.0124835301
1721.4905351936,95.0319707018
1722.2045503472,94.9838344681
1722.9185655007,94.9092957899
1723.6325806543,94.9477716930
1724.3465958078,94.9796879169
1725.0606109613,95.0172639981
1725.7746261149,95.0928509248
1726.4886412684,94.9777942631
1727.2026564220,94.9213912886
1727.9166715755,95.0922651085
1728.6306867291,95.0968408442
1729.3447018826,95.0350417644
1730.0587170362,95.0942555914
1730.7727321897,95.0273705233
1731.4867473432,94.9830065015
1732.2007624968,95.0191322298
1732.9147776503,95.0312977966
1733.6287928039,95.1296765437
1734.3428079574,95.2550558926
1735.0568231110,95.1449817343
1735.7708382645,95.0805997740
1736.4848534180,95.0575681089
1737.1988685716,95.1228406514
1737.9128837251,95.0912670550
1738.6268988787,94.9735486838
1739.3409140322,95.0821119198
1740.0549291858,95.2378952201
1740.7689443393,95.0712272564
1741.4829594928,95.1122717513
1742.1969746464,95.2297316452
1742.9109897999,95.2284809043
1743.6250049535,95.1330470546
1744.3390201070,95.0927560568
1745.0530352606,95.2038621312
1745.7670504141,95.2866501014
1746.4810655677,95.2490896678
1747.1950807212,95.2657076865
1747.9090958747,95.2165952369
1748.6231110283,95.1884180031
1749.3371261818,95.3320290152
1750.0511413354,95.2525940516
1750.7651564889,95.2140639185
1751.4791716425,95.5361633063
1752.1931867960,95.3775278711
1752.9072019495,95.3165311052
1753.6212171031,95.4147518800
1754.3352322566,95.3886872571
1755.0492474102,95.3499187167
1755.7632625637,95.3391353776
1756.4772777173,95.3360244548
1757.1912928708,95.3970985039
1757.9053080244,95.3282366604
1758.6193231779,95.3388703787
1759.3333383314,95.4675608001
1760.0473534850,95.3791169093
1760.7613686385,95.3373939657
1761.4753837921,95.5025307467
1762.1893989456,95.4100826365
1762.9034140992,95.3352984311
1763.6174292527,95.4054597311
1764.3314444062,95.4260640562
1765.0454595598,95.4172542967
1765.7594747133,95.4014081785
1766.4734898669,95.3551554989
1767.1875050204,95.4006253746
1767.9015201740,95.5442005043
1768.6155353275,95.4504170001
1769.3295504810,95.3369625274
1770.0435656346,95.4640006820
1770.7575807881,95.6215659807
1771.4715959417,95.4138555581
1772.1856110952,95.3716986154
1772.8996262488,95.5732873545
1773.6136414023,95.4805467646
1774.3276565559,95.4876471113
1775.0416717094,95.5139093420
1775.7556868629,95.4369627692
1776.4697020165,95.4368547235
1777.1837171700,95.4321257280
1777.8977323236,95.4553821302
1778.6117474771,95.4971406853
1779.3257626307,95.4131769180
1780.0397777842,95.4411435567
1780.7537929377,95.5208149716
1781.4678080913,95.4007830280
1782.1818232448,95.4347297174
1782.8958383984,95.4991641382
1783.6098535519,95.4360512285
1784.3238687055,95.4838390657
1785.0378838590,95.4947677743
1785.7518990126,95.4556310678
1786.4659141661,95.5438683725
1787.1799293196,95.5248999320
1787.8939444732,95.4950543740
1788.6079596267,95.4744829307
1789.3219747803,95.2880847639
1790.0359899338,95.3119348075
1790.7500050874,95.4979455002
1791.4640202409,95.3464579383
1792.1780353944,95.4010410311
1792.8920505480,95.7580896552
1793.6060657015,95.5134735068
1794.3200808551,95.4826561711
1795.0340960086,95.6134122646
1795.7481111622,95.4725401592
1796.4621263157,95.3834381268
1797.1761414693,95.4486843971
1797.8901566228,95.4222266788
1798.6041717763,95.4379084928
1799.3181869299,95.5448417269
1800.0322020834,95.5290593263
1800.7462172370,95.4828087593
1801.4602323905,95.4972474670
1802.1742475441,95.5178256799
1802.8882626976,95.4931904667
1803.6022778511,95.4826034898
1804.3162930047,95.5155963891
1805.0303081582,95.5064622673
1805.7443233118,95.4809516886
1806.4583384653,95.4962795831
1807.1723536189,95.4612239945
1807.8863687724,95.4597903489
1808.6003839259,95.5152707055
1809.3143990795,95.4368502070
1810.0284142330,95.3877726661
1810.7424293866,95.4893699920
1811.4564445401,95.4328864725
1812.1704596937,95.4246763330
1812.8844748472,95.5982897381
1813.5984900008,95.5971073876
1814.3125051543,95.5374059138
1815.0265203078,95.5872358468
1815.7405354614,95.5913289120
1816.4545506149,95.6573368186
1817.1685657685,95.7106851602
1817.8825809220,95.5077527637
1818.5965960756,95.4082339968
1819.3106112291,95.5096063457
1820.0246263826,95.5039957234
1820.7386415362,95.4560836367
1821.4526566897,95.4704949381
1822.1666718433,95.4430136256
1822.8806869968,95.4735063184
1823.5947021504,95.5427097738
1824.3087173039,95.4948840449
1825.0227324575,95.5438546363
1825.7367476110,95.6962940018
1826.4507627645,95.5172523664
1827.1647779181,95.3968685645
1827.8787930716,95.5286579520
1828.5928082252,95.4414917617
1829.3068233787,95.2865213479
1830.0208385323,95.5870711605
1830.7348536858,95.5430858508
1831.4488688393,95.4239570955
1832.1628839929,95.5950464434
1832.8768991464,95.5865531004
1833.5909143000,95.4760170531
1834.3049294535,95.5244414643
1835.0189446071,95.4522805806
1835.7329597606,95.4697258833
1836.4469749141,95.5606927633
1837.1609900677,95.4428073128
1837.8750052212,95.4913907633
1838.5890203748,95.6003350147
1839.3030355283,95.5236559544
1840.0170506819,95.5172063081
1840.7310658354,95.5096121146
1841.4450809890,95.5583153207
1842.1590961425,95.7043671305
1842.8731112960,95.5338415573
1843.5871264496,95.4627074250
1844.3011416031,95.9248451645
1845.0151567567,95.6341164845
1845.7291719102,95.4773602607
1846.4431870638,95.6589428353
1847.1572022173,95.6248755665
1847.8712173708,95.4625072139
1848.5852325244,95.4434251771
1849.2992476779,95.4406575320
1850.0132628315,95.5555993085
1850.7272779850,95.5978788019
1851.4412931386,95.4331916446
1852.1553082921,95.4726258287
1852.8693234457,95.6343242793
1853.5833385992,95.6069877998
1854.2973537527,95.5800883378
1855.0113689063,95.5412038387
1855.7253840598,95.4144430100
1856.4393992134,95.4834996710
1857.1534143669,95.6729623641
1857.8674295205,95.6402408141
1858.5814446740,95.4920345805
1859.2954598275,95.4453060872
1860.0094749811,95.4605048499
1860.7234901346,95.4872213175
1861.4375052882,95.4871684288
1862.1515204417,95.5360639994
1862.8655355953,95.6174361602
1863.5795507488,95.5576294792
1864.2935659023,95.5775151254
1865.0075810559,95.7275512465
1865.7215962094,95.5726873183
1866.4356113630,95.4161385535
1867.1496265165,95.6280896738
1867.8636416701,95.6099428043
1868.5776568236,95.4238669914
1869.2916719772,95.5685488638
1870.0056871307,95.5907412839
1870.7197022842,95.5309497742
1871.4337174378,95.6175034690
1872.1477325913,95.5881314815
1872.8617477449,95.5916222319
1873.5757628984,95.7163778245
1874.2897780520,95.6373516750
1875.0037932055,95.5807852805
1875.7178083590,95.6829673236
1876.4318235126,95.6086435975
1877.1458386661,95.4727718973
1877.8598538197,95.5070698632
1878.5738689732,95.5979553043
1879.2878841268,95.6027081096
1880.0018992803,95.4537745776
1880.7159144339,95.4488430807
1881.4299295874,95.7768918286
1882.1439447409,95.8662841297
1882.8579598945,95.6061424102
1883.5719750480,95.5508891446
1884.2859902016,95.5861522903
1885.0000053551,95.5153527499
1885.7140205087,95.6279012062
1886.4280356622,95.7022698680
1887.1420508157,95.5452024045
1887.8560659693,95.5198609956
1888.5700811228,95.6889072506
1889.2840962764,95.8193533499
1889.9981114299,95.6836715342
1890.7121265835,95.5187676727
1891.4261417370,95.4843333885
1892.1401568905,95.5047648196
1892.8541720441,95.5405230899
1893.5681871976,95.5172568788
1894.2822023512,95.4201998171
1894.9962175047,95.5553967398
1895.7102326583,95.7456493380
1896.4242478118,95.6237134478
1897.1382629654,95.6178645284
1897.8522781189,95.7258414398
1898.5662932724,95.6152598574
1899.2803084260,95.5260598767
1899.9943235795,95.5604766091
1900.7083387331,95.7092310809
1901.4223538866,95.8367620947
1902.1363690402,95.6563261867
1902.8503841937,95.6161126019
1903.5643993472,95.7620426649
1904.2784145008,95.6086228895
1904.9924296543,95.6018490447
1905.7064448079,95.7687963337
1906.4204599614,95.6736333025
1907.1344751150,95.6829703162
1907.8484902685,95.6918312060
1908.5625054221,95.4998922772
1909.2765205756,95.4984061051
1909.9905357291,95.5401574787
1910.7045508827,95.5867788691
1911.4185660362,95.7428093751
1912.1325811898,95.7723724523
1912.8465963433,95.7164266888
1913.5606114969,95.5599248051
1914.2746266504,95.4866483187
1914.9886418039,95.7358079588
1915.7026569575,95.6382122330
1916.4166721110,95.3935065769
1917.1306872646,95.6447709808
1917.8447024181,95.6449258405
1918.5587175717,95.3735878873
1919.2727327252,95.6583599575
1919.9867478788,95.7600831329
1920.7007630323,95.5762422090
1921.4147781858,95.5947896166
1922.1287933394,95.5704967636
1922.8428084929,95.4190452544
1923.5568236465,95.5218300894
1924.2708388000,95.8239303750
1924.9848539536,95.9133060671
1925.6988691071,95.7305680293
1926.4128842606,95.6851830987
1927.1268994142,95.6919364427
1927.8409145677,95.7231179358
1928.5549297213,95.8987260962
1929.2689448748,95.7462980838
1929.9829600284,95.5636167295
1930.6969751819,95.7130828827
1931.4109903354,95.6791672285
1932.1250054890,95.7833812550
1932.8390206425,95.9720819786
1933.5530357961,95.6402869017
1934.2670509496,95.4853887494
1934.9810661032,95.6254401122
1935.6950812567,95.7120581691
1936.4090964103,95.9692481304
1937.1231115638,95.8440852240
1937.8371267173,95.6812174843
1938.5511418709,96.1059768868
1939.2651570244,96.0533654819
1939.9791721780,95.6955683461
1940.6931873315,95.7478213347
1941.4072024851,95.6325747596
1942.1212176386,95.6498113617
1942.8352327921,96.0466641994
1943.5492479457,96.0614230194
1944.2632630992,96.0478707828
1944.9772782528,95.8427346120
1945.6912934063,95.6361128256
1946.4053085599,96.0578576006
1947.1193237134,96.3354280158
1947.8333388670,96.1444145440
1948.5473540205,95.9412753205
1949.2613691740,95.8169834635
1949.9753843276,96.1705001469
1950.6893994811,96.5076129615
1951.4034146347,96.2386860279
1952.1174297882,96.0594631860
1952.8314449418,95.9275947482
1953.5454600953,95.7839728679
1954.2594752488,96.0886410027
1954.9734904024,96.1658522914
1955.6875055559,95.8621427437
1956.4015207095,95.9384689961
1957.1155358630,96.2571400785
1957.8295510166,96.5919423126
1958.5435661701,96.7134529637
1959.2575813236,96.1439584128
1959.9715964772,95.4705610991
1960.6856116307,95.5590683139
1961.3996267843,96.2219187865
1962.1136419378,96.5513619997
1962.8276570914,96.3072147620
1963.5416722449,96.4092799438
1964.2556873985,96.9014666447
1964.9697025520,96.7385730162
1965.6837177055,96.2702229191
1966.3977328591,96.2145435596
1967.1117480126,96.1822616144
1967.8257631662,96.2310413902
1968.5397783197,96.3828979752
1969.2537934733,96.2262203890
1969.9678086268,96.3543466310
1970.6818237803,96.6932727669
1971.3958389339,96.4296001589
1972.1098540874,96.3006133565
1972.8238692410,96.5478081977
1973.5378843945,96.5656144925
1974.2518995481,97.0171738543
1974.9659147016,97.3812037195
1975.6799298552,96.9650085599
1976.3939450087,96.9020851520
1977.1079601622,96.7699324419
1977.8219753158,96.2823067394
1978.5359904693,96.4463402622
1979.2500056229,96.1755948375
1979.9640207764,95.5850785662
1980.6780359300,95.8356036960
1981.3920510835,95.7222706650
1982.1060662370,95.3826477613
1982.8200813906,95.9412301073
1983.5340965441,96.3242370294
1984.2481116977,96.0144979889
1984.9621268512,95.8555307768
1985.6761420048,96.0235327952
1986.3901571583,96.0163987991
1987.1041723118,95.9069916287
1987.8181874654,96.3263760116
1988.5322026189,96.4058813464
1989.2462177725,95.8764822344
1989.9602329260,96.1263212957
1990.6742480796,96.2241588959
1991.3882632331,95.7929927039
1992.1022783867,96.1270234504
1992.8162935402,95.8561022222
1993.5303086937,95.5845398633
1994.2443238473,96.5017464927
1994.9583390008,96.1530944315
1995.6723541544,95.3861553614
1996.3863693079,96.0543241099
1997.1003844615,96.0118062095
1997.8143996150,95.9605852421
1998.5284147685,96.5463742752
1999.2424299221,95.6686985529
1999.9564450756,95.3650463159
2000.6704602292,96.4701507021
2001.3844753827,96.2287979063
2002.0984905363,95.8224976280
2002.8125056898,96.3643884907
2003.5265208434,96.1884353327
2004.2405359969,95.9728349360
2004.9545511504,96.6559090012
2005.6685663040,97.0873549614
2006.3825814575,96.7945525725
2007.0965966111,96.5985595806
2007.8106117646,96.4645102092
2008.5246269182,95.9520528106
2009.2386420717,95.9131104728
2009.9526572252,96.3083510664
2010.6666723788,96.2619953394
2011.3806875323,96.2429455277
2012.0947026859,95.8547394645
2012.8087178394,95.3566255853
2013.5227329930,96.1885957644
2014.2367481465,96.5010420040
2014.9507633000,95.5593022445
2015.6647784536,95.9964312149
2016.3787936071,96.8499044624
2017.0928087607,96.2592848190
2017.8068239142,95.6811138378
2018.5208390678,95.7223841505
2019.2348542213,96.0203296444
2019.9488693749,96.2460280951
2020.6628845284,96.3584440018
2021.3768996819,96.5348407079
2022.0909148355,96.0720178857
2022.8049299890,95.8171300203
2023.5189451426,96.6794968355
2024.2329602961,96.7098482321
2024.9469754497,96.0226393293
2025.6609906032,96.1476377393
2026.3750057567,96.3314450521
2027.0890209103,96.2253845490
2027.8030360638,95.9627675099
2028.5170512174,95.5820502438
2029.2310663709,95.8342331033
2029.9450815245,96.0361626894
2030.6590966780,95.6624706477
2031.3731118316,95.7698571773
2032.0871269851,96.0533372624
2032.8011421386,95.9837411732
2033.5151572922,96.0270383825
2034.2291724457,95.9326814518
2034.9431875993,95.7727044845
2035.6572027528,96.0597334593
2036.3712179064,95.9571642918
2037.0852330599,95.3400882120
2037.7992482134,95.5883111516
2038.5132633670,96.1463904430
2039.2272785205,95.8569021248
2039.9412936741,95.9514398461
2040.6553088276,96.3135730962
2041.3693239812,95.6610840741
2042.0833391347,95.4371093308
2042.7973542883,95.7272816347
2043.5113694418,95.3285165667
2044.2253845953,95.3223860161
2044.9393997489,95.5775946596
2045.6534149024,95.4292675006
2046.3674300560,95.7157419155
2047.0814452095,95.7379673493
2047.7954603631,95.6188142505
2048.5094755166,95.9770022902
2049.2234906701,95.2749711941
2049.9375058237,94.5504712251
2050.6515209772,95.0326131878
2051.3655361308,94.8774352678
2052.0795512843,94.6895498775
2052.7935664379,95.4308867791
2053.5075815914,95.5007728048
2054.2215967449,95.1799803573
2054.9356118985,95.4023302386
2055.6496270520,95.4937035389
2056.3636422056,95.5170131290
2057.0776573591,95.4723031528
2057.7916725127,95.2994029992
2058.5056876662,95.5341178176
2059.2197028198,95.6378690775
2059.9337179733,95.2835923152
2060.6477331268,95.3264392124
2061.3617482804,95.6212667280
2062.0757634339,95.3395016487
2062.7897785875,94.9081760655
2063.5037937410,95.1601146844
2064.2178088946,95.4795359030
2064.9318240481,95.1521386358
2065.6458392016,95.0355792086
2066.3598543552,95.1946087827
2067.0738695087,94.9097834450
2067.7878846623,94.9191580737
2068.5018998158,95.2496095828
2069.2159149694,94.9265028592
2069.9299301229,94.6942577727
2070.6439452765,95.1575252870
2071.3579604300,95.3762837710
2072.0719755835,95.0805863176
2072.7859907371,94.8401532993
2073.5000058906,94.8849381896
2074.2140210442,95.1458034815
2074.9280361977,95.4102424390
2075.6420513513,95.3451190215
2076.3560665048,94.9080870669
2077.0700816583,94.8297931452
2077.7840968119,95.2298138156
2078.4981119654,95.0941082331
2079.2121271190,94.6680207104
2079.9261422725,94.8471871615
2080.6401574261,95.0394720647
2081.3541725796,94.9632885667
2082.0681877331,95.0224372380
2082.7822028867,94.9828647635
2083.4962180402,94.9080539967
2084.2102331938,94.9917957551
2084.9242483473,95.0178391770
2085.6382635009,95.0740311017
2086.3522786544,94.9865035754
2087.0662938080,94.7396053179
2087.7803089615,94.9344804284
2088.4943241150,95.1752263786
2089.2083392686,95.0252302259
2089.9223544221,95.1141283399
2090.6363695757,95.3526905450
2091.3503847292,95.1958180276
2092.0643998828,94.9861895791
2092.7784150363,95.1215470027
2093.4924301898,95.3980000066
2094.2064453434,95.2696365466
2094.9204604969,94.9512535390
2095.6344756505,95.0801229753
2096.3484908040,95.1354774817
2097.0625059576,94.9877644615
2097.7765211111,95.1268671417
2098.4905362647,95.0050611467
2099.2045514182,94.7822625556
2099.9185665717,94.9843028541
2100.6325817253,94.9218452182
2101.3465968788,94.8589244175
2102.0606120324,95.0914325828
2102.7746271859,94.8140443475
2103.4886423395,94.6657494601
2104.2026574930,95.0237254146
2104.9166726465,94.9759548992
2105.6306878001,94.9836335480
2106.3447029536,95.1782026172
2107.0587181072,94.7582715058
2107.7727332607,94.4922169423
2108.4867484143,94.7953904817
2109.2007635678,94.8721035944
2109.9147787213,94.8900279932
2110.6287938749,95.0905883001
2111.3428090284,95.0337927528
2112.0568241820,94.8614401236
2112.7708393355,94.8730885768
2113.4848544891,94.7856464987
2114.1988696426,94.6499063050
2114.9128847962,94.8685034497
2115.6268999497,95.0213286926
2116.3409151032,94.7382110582
2117.0549302568,94.6246666359
2117.7689454103,94.7839101049
2118.4829605639,94.8648283885
2119.1969757174,94.9458069356
2119.9109908710,94.9378294120
2120.6250060245,94.9422524979
2121.3390211780,95.1524895312
2122.0530363316,95.0816596169
2122.7670514851,94.7956322372
2123.4810666387,94.8169519115
2124.1950817922,95.0026078938
2124.9090969458,95.1362666688
2125.6231120993,95.1185081434
2126.3371272529,95.0269568708
2127.0511424064,95.0678954348
2127.7651575599,95.0006862181
2128.4791727135,95.0000808272
2129.1931878670,95.2881894872
2129.9072030206,95.3630963495
2130.6212181741,95.3184422566
2131.3352333277,95.4430967643
2132.0492484812,95.5354073410
2132.7632636347,95.5678248520
2133.4772787883,95.3377631682
2134.1912939418,95.2532096074
2134.9053090954,95.6016529022
2135.6193242489,95.4643927569
2136.3333394025,95.2736893501
2137.0473545560,95.4825635803
2137.7613697095,95.1107146624
2138.4753848631,94.9142481309
2139.1894000166,95.4299213609
2139.9034151702,95.4132517388
2140.6174303237,95.0752825796
2141.3314454773,95.0702098417
2142.0454606308,95.2774777976
2142.7594757844,95.4441500014
2143.4734909379,95.1205495492
2144.1875060914,94.9105791512
2144.9015212450,95.2379057426
2145.6155363985,95.5257620121
2146.3295515521,95.9220405423
2147.0435667056,95.8948821871
2147.7575818592,95.1796319635
2148.4715970127,95.1359188572
2149.1856121662,95.4118754724
2149.8996273198,95.3393662621
2150.6136424733,95.3720484585
2151.3276576269,95.0656561112
2152.0416727804,94.8364815489
2152.7556879340,95.1895314693
2153.4697030875,95.2720173957
2154.1837182411,95.4455659991
2154.8977333946,95.9186341503
2155.6117485481,95.8577505057
2156.3257637017,95.8748708644
2157.0397788552,96.3062927119
2157.7537940088,96.4190014434
2158.4678091623,95.4819572416
2159.1818243159,94.5655467358
2159.8958394694,94.9117436261
2160.6098546229,94.9221907406
2161.3238697765,94.4807188272
2162.0378849300,94.9286962190
2162.7519000836,94.6763210154
2163.4659152371,93.8156459141
2164.1799303907,94.6354114952
2164.8939455442,95.6629859535
2165.6079606978,95.2530831787
2166.3219758513,94.9981349549
2167.0359910048,95.2704648389
2167.7500061584,95.0118190555
2168.4640213119,94.5482493808
2169.1780364655,94.8645352828
2169.8920516190,95.2375814784
2170.6060667726,94.7902269771
2171.3200819261,94.7483905105
2172.0340970796,95.3244638294
2172.7481122332,95.2960286220
2173.4621273867,95.0728640710
2174.1761425403,94.9830893399
2174.8901576938,95.1463676660
2175.6041728474,95.5327719452
2176.3181880009,94.9540308822
2177.0322031544,94.4872338661
2177.7462183080,95.2212962572
2178.4602334615,95.2048745955
2179.1742486151,94.8132156083
2179.8882637686,95.3445153104
2180.6022789222,95.0620055246
2181.3162940757,94.4729498114
2182.0303092293,95.0091480830
2182.7443243828,95.0931816522
2183.4583395363,94.7026351459
2184.1723546899,94.9486338141
2184.8863698434,95.1143108597
2185.6003849970,95.0471490927
2186.3144001505,94.9525411574
2187.0284153041,94.7037672444
2187.7424304576,94.9979679767
2188.4564456111,95.4806235744
2189.1704607647,95.1124969628
2189.8844759182,94.7280419109
2190.5984910718,94.9849568967
2191.3125062253,94.9173120582
2192.0265213789,94.7321029122
2192.7405365324,94.9999747806
2193.4545516860,95.1058269826
2194.1685668395,94.9853495619
2194.8825819930,94.8171217615
2195.5965971466,94.5809435059
2196.3106123001,94.8792718303
2197.0246274537,95.1796624922
2197.7386426072,94.6664714868
2198.4526577608,94.4889217074
2199.1666729143,94.9122617362
2199.8806880678,94.9423696889
2200.5947032214,94.8634067612
2201.3087183749,94.9857684524
2202.0227335285,95.0249265832
2202.7367486820,94.9559738194
2203.4507638356,94.8832632378
2204.1647789891,95.0103291595
2204.8787941426,94.9896427706
2205.5928092962,94.6903822858
2206.3068244497,94.9443149151
2207.0208396033,95.3814997364
2207.7348547568,95.1076893805
2208.4488699104,94.7873604930
2209.1628850639,94.6494122759
2209.8769002175,94.3430211347
2210.5909153710,94.3343324854
2211.3049305245,94.7510635937
2212.0189456781,94.9965108106
2212.7329608316,94.8407629005
2213.4469759852,94.5451520089
2214.1609911387,94.5410343776
2214.8750062923,94.6937251365
2215.5890214458,94.6185405859
2216.3030365993,94.6145046392
2217.0170517529,94.7550504997
2217.7310669064,94.8859870684
2218.4450820600,95.1442647980
2219.1590972135,95.0498192729
2219.8731123671,94.5037260312
2220.5871275206,94.4983400175
2221.3011426742,95.0013486175
2222.0151578277,94.9854616535
2222.7291729812,94.6936711946
2223.4431881348,94.8301828580
2224.1572032883,94.9398758786
2224.8712184419,94.9137518302
2225.5852335954,95.2128380802
2226.2992487490,95.2249018756
2227.0132639025,94.6814870441
2227.7272790560,94.4591632312
2228.4412942096,94.6477306325
2229.1553093631,94.5781869328
2229.8693245167,94.4798958758
2230.5833396702,94.6697760426
2231.2973548238,94.7569376581
2232.0113699773,94.6469414474
2232.7253851308,94.6778979502
2233.4394002844,94.8465065743
2234.1534154379,94.7331479613
2234.8674305915,94.4587232567
2235.5814457450,94.5884589501
2236.2954608986,94.7873004912
2237.0094760521,94.6303543530
2237.7234912057,94.7802050818
2238.4375063592,94.9417712665
2239.1515215127,94.4334538497
2239.8655366663,94.2979753709
2240.5795518198,94.7455764114
2241.2935669734,94.7022749408
2242.0075821269,94.5998323202
2242.7215972805,94.7515242064
2243.4356124340,94.5802718830
2244.1496275875,94.4959286055
2244.8636427411,94.6052473047
2245.5776578946,94.5895980348
2246.2916730482,94.6577446523
2247.0056882017,94.5937440074
2247.7197033553,94.4539884159
2248.4337185088,94.6689273819
2249.1477336624,94.7777884893
2249.8617488159,94.6204970796
2250.5757639694,94.6769700050
2251.2897791230,94.8432992436
2252.0037942765,94.8766760713
2252.7178094301,94.7752549765
2253.4318245836,94.7143284838
2254.1458397372,94.8001181110
2254.8598548907,94.7145027920
2255.5738700442,94.5946422708
2256.2878851978,94.6446427407
2257.0019003513,94.5458635644
2257.7159155049,94.4615344701
2258.4299306584,94.5608725549
2259.1439458120,94.5720124827
2259.8579609655,94.4508065513
2260.5719761190,94.4018600455
2261.2859912726,94.5816012657
2262.0000064261,94.7090518144
2262.7140215797,94.6602440845
2263.4280367332,94.7292190126
2264.1420518868,94.6161650620
2264.8560670403,94.2777149446
2265.5700821939,94.5137649967
2266.2840973474,94.8317957605
2266.9981125009,94.5115827346
2267.7121276545,94.2501566977
2268.4261428080,94.3441183451
2269.1401579616,94.5233428843
2269.8541731151,94.6166159707
2270.5681882687,94.4549857720
2271.2822034222,94.2917600025
2271.9962185757,94.4164201101
2272.7102337293,94.6018079054
2273.4242488828,94.5424126957
2274.1382640364,94.4448176728
2274.8522791899,94.5066265778
2275.5662943435,94.3887062254
2276.2803094970,94.2038609383
2276.9943246506,94.3311890145
2277.7083398041,94.2442101458
2278.4223549576,94.1321898535
2279.1363701112,94.4632167697
2279.8503852647,94.5309071888
2280.5644004183,94.3361197200
2281.2784155718,94.3512347080
2281.9924307254,94.2508650522
2282.7064458789,94.3104255627
2283.4204610324,94.4519801213
2284.1344761860,94.2273032815
2284.8484913395,94.1886250295
2285.5625064931,94.3124709560
2286.2765216466,94.2976091876
2286.9905368002,94.3870233559
2287.7045519537,94.3065541805
2288.4185671072,94.1614349810
2289.1325822608,94.2878479705
2289.8465974143,94.3133370012
2290.5606125679,94.2956736190
2291.2746277214,94.3389339459
2291.9886428750,94.2729117718
2292.7026580285,94.3754224091
2293.4166731821,94.4507887332
2294.1306883356,94.3033189161
2294.8447034891,94.3440257042
2295.5587186427,94.4330327871
2296.2727337962,94.4480838829
2296.9867489498,94.4330275226
2297.7007641033,94.2953379358
2298.4147792569,94.3494046256
2299.1287944104,94.3855915157
2299.8428095639,94.1820339093
2300.5568247175,94.2426315522
2301.2708398710,94.4303414929
2301.9848550246,94.4412887357
2302.6988701781,94.4713051831
2303.4128853317,94.3862767663
2304.1269004852,94.4134766418
2304.8409156388,94.4581634803
2305.5549307923,94.2326910921
2306.2689459458,94.2926075586
2306.9829610994,94.4573959271
2307.6969762529,94.2757964123
2308.4109914065,94.2543152002
2309.1250065600,94.2730888416
2309.8390217136,94.2609048277
2310.5530368671,94.3328636324
2311.2670520206,94.2049620189
2311.9810671742,94.2034715237
2312.6950823277,94.2631316018
2313.4090974813,94.1747109872
2314.1231126348,94.2959186198
2314.8371277884,94.3695958116
2315.5511429419,94.2773059860
2316.2651580955,94.4374536934
2316.9791732490,94.3452890968
2317.6931884025,94.1201984149
2318.4072035561,94.2690442841
2319.1212187096,94.2053839925
2319.8352338632,94.2316740213
2320.5492490167,94.3785195488
2321.2632641703,94.0563399584
2321.9772793238,94.1500497566
2322.6912944773,94.3677802048
2323.4053096309,93.8757440567
2324.1193247844,93.8383580409
2324.8333399380,94.2762664038
2325.5473550915,94.3716918350
2326.2613702451,94.2948350204
2326.9753853986,94.3365301425
2327.6894005521,94.3279315489
2328.4034157057,94.3876784989
2329.1174308592,94.4110690141
2329.8314460128,94.3292192068
2330.5454611663,94.4080557652
2331.2594763199,94.4990344175
2331.9734914734,94.3851994311
2332.6875066270,94.2985945823
2333.4015217805,94.4006509783
2334.1155369340,94.4171713655
2334.8295520876,94.3320353211
2335.5435672411,94.4285646262
2336.2575823947,94.4629697399
2336.9715975482,94.2337951562
2337.6856127018,94.2439624284
2338.3996278553,94.4507282538
2339.1136430088,94.4431329481
2339.8276581624,94.2910445583
2340.5416733159,94.3797022830
2341.2556884695,94.5323584853
2341.9697036230,94.3204257548
2342.6837187766,94.1042599138
2343.3977339301,94.2698829186
2344.1117490837,94.3274261293
2344.8257642372,94.2791229628
2345.5397793907,94.3366543890
2346.2537945443,94.2751106275
2346.9678096978,94.2289883737
2347.6818248514,94.3246350694
2348.3958400049,94.4104271086
2349.1098551585,94.4087283404
2349.8238703120,94.3265186728
2350.5378854655,94.3004516255
2351.2519006191,94.3058736589
2351.9659157726,94.1916922056
2352.6799309262,94.2570338781
2353.3939460797,94.3548702198
2354.1079612333,94.2867873023
2354.8219763868,94.4205744428
2355.5359915403,94.5071528080
2356.2500066939,94.3506560412
2356.9640218474,94.3639875840
2357.6780370010,94.3878508776
2358.3920521545,94.4284689371
2359.1060673081,94.5491773976
2359.8200824616,94.4216384607
2360.5340976152,94.3565529322
2361.2481127687,94.4346396676
2361.9621279222,94.3365673253
2362.6761430758,94.4125726427
2363.3901582293,94.5173606843
2364.1041733829,94.4179009821
2364.8181885364,94.4523053554
2365.5322036900,94.4805023437
2366.2462188435,94.4201452232
2366.9602339970,94.4005913638
2367.6742491506,94.3445426754
2368.3882643041,94.3554239963
2369.1022794577,94.2807152853
2369.8162946112,94.2274923233
2370.5303097648,94.4190018682
2371.2443249183,94.3652916613
2371.9583400719,94.2568009407
2372.6723552254,94.4760798438
2373.3863703789,94.4717028335
2374.1003855325,94.2970932051
2374.8144006860,94.3226411669
2375.5284158396,94.2942504070
2376.2424309931,94.2739109178
2376.9564461467,94.3305245460
2377.6704613002,94.3604857086
2378.3844764537,94.4305491730
2379.0984916073,94.4273588110
2379.8125067608,94.3252200404
2380.5265219144,94.3187659445
2381.2405370679,94.3701998933
2381.9545522215,94.3890506644
2382.6685673750,94.3114441519
2383.3825825285,94.2026443520
2384.0965976821,94.2446702128
2384.8106128356,94.2996803899
2385.5246279892,94.2730197714
2386.2386431427,94.2822635918
2386.9526582963,94.3000568163
2387.6666734498,94.3138268245
2388.3806886034,94.3090242815
2389.0947037569,94.2513046476
2389.8087189104,94.2695052837
2390.5227340640,94.2462759442
2391.2367492175,94.2525750844
2391.9507643711,94.2995678916
2392.6647795246,94.3388010482
2393.3787946782,94.3656987972
2394.0928098317,94.2839766801
2394.8068249852,94.2570569109
2395.5208401388,94.3162861115
2396.2348552923,94.2873836900
2396.9488704459,94.2082364064
2397.6628855994,94.2578433760
2398.3769007530,94.1974641313
2399.0909159065,94.2122800256
2399.8049310601,94.1182331099
2400.5189462136,94.2335029787
2401.2329613671,94.3709648659
2401.9469765207,94.2885496388
2402.6609916742,94.1773142766
2403.3750068278,94.2506664426
2404.0890219813,94.3385932198
2404.8030371349,94.3496177639
2405.5170522884,94.3706398424
2406.2310674419,94.3510256084
2406.9450825955,94.2648091347
2407.6590977490,94.2572288178
2408.3731129026,94.3233171289
2409.0871280561,94.2885541660
2409.8011432097,94.2097211064
2410.5151583632,94.2442572277
2411.2291735167,94.2764366096
2411.9431886703,94.2211934533
2412.6572038238,94.1653329571
2413.3712189774,94.1517352135
2414.0852341309,94.2082814022
2414.7992492845,94.2052635035
2415.5132644380,94.0885867001
2416.2272795916,94.0784973840
2416.9412947451,94.0970766406
2417.6553098986,94.0729307520
2418.3693250522,94.1877241229
2419.0833402057,94.2140765341
2419.7973553593,94.1152194414
2420.5113705128,94.1558772521
2421.2253856664,94.1531805072
2421.9394008199,94.1092730805
2422.6534159734,94.1578587185
2423.3674311270,94.0967356918
2424.0814462805,94.0670100865
2424.7954614341,94.1546431302
2425.5094765876,94.1221940542
2426.2234917412,94.0968494676
2426.9375068947,94.1120776253
2427.6515220483,94.0228629939
2428.3655372018,94.0168749491
2429.0795523553,94.1313468616
2429.7935675089,94.1752152438
2430.5075826624,94.1444087023
2431.2215978160,94.1398028243
2431.9356129695,94.0800161718
2432.6496281231,93.9235112389
2433.3636432766,93.9564400123
2434.0776584301,94.0968420792
2434.7916735837,93.9582873800
2435.5056887372,93.8860054021
2436.2197038908,94.0421887188
2436.9337190443,94.0021685923
2437.6477341979,93.9489314318
2438.3617493514,94.0603255828
2439.0757645050,94.0811640780
2439.7897796585,94.0597069510
2440.5037948120,94.0333048449
2441.2178099656,93.9951681238
2441.9318251191,94.0318993103
2442.6458402727,93.9936868429
2443.3598554262,93.9194899857
2444.0738705798,93.9551050442
2444.7878857333,93.9591660710
2445.5019008868,93.9061524006
2446.2159160404,93.8720486179
2446.9299311939,93.8804702014
2447.6439463475,93.9313978932
2448.3579615010,93.9540526581
2449.0719766546,93.9617703648
2449.7859918081,93.9562246298
2450.5000069616,93.9512413306
2451.2140221152,93.9568686401
2451.9280372687,93.8296326779
2452.6420524223,93.7623712059
2453.3560675758,93.9385636138
2454.0700827294,93.9715396846
2454.7840978829,93.8482519251
2455.4981130365,93.8538657313
2456.2121281900,93.9067110732
2456.9261433435,93.9618588658
2457.6401584971,93.9569964810
2458.3541736506,93.9260834052
2459.0681888042,94.0131388937
2459.7822039577,93.9925815272
2460.4962191113,93.9042307756
2461.2102342648,93.9718202985
2461.9242494183,93.9161635717
2462.6382645719,93.7567545715
2463.3522797254,93.7478851724
2464.0662948790,93.7884542762
2464.7803100325,93.8545911681
2465.4943251861,93.8623392701
2466.2083403396,93.7832095199
2466.9223554932,93.7905152949
2467.6363706467,93.8026945159
2468.3503858002,93.8068432147
2469.0644009538,93.8384146421
2469.7784161073,93.8144805925
2470.4924312609,93.8631705929
2471.2064464144,93.8599824809
2471.9204615680,93.7435178176
2472.6344767215,93.8820380296
2473.3484918750,94.0151079172
2474.0625070286,93.8395848770
2474.7765221821,93.7490164754
2475.4905373357,93.7593396057
2476.2045524892,93.7569016268
2476.9185676428,93.8591974402
2477.6325827963,93.8056384881
2478.3465979498,93.5641061519
2479.0606131034,93.5810385651
2479.7746282569,93.8380531738
2480.4886434105,93.8815703978
2481.2026585640,93.7013971918
2481.9166737176,93.6631084436
2482.6306888711,93.7268780516
2483.3447040247,93.7116948101
2484.0587191782,93.7623598188
2484.7727343317,93.7824131458
2485.4867494853,93.6790325315
2486.2007646388,93.6942897829
2486.9147797924,93.7036565767
2487.6287949459,93.6000154158
2488.3428100995,93.6527416912
2489.0568252530,93.7211893035
2489.7708404065,93.6081732467
2490.4848555601,93.5954558978
2491.1988707136,93.7276648433
2491.9128858672,93.7518881205
2492.6269010207,93.7280738281
2493.3409161743,93.7394996091
2494.0549313278,93.6729698932
2494.7689464814,93.6503026858
2495.4829616349,93.7182784326
2496.1969767884,93.6615556649
2496.9109919420,93.6230411136
2497.6250070955,93.6682751096
2498.3390222491,93.5437129050
2499.0530374026,93.4598261754
2499.7670525562,93.5891790158
2500.4810677097,93.6909102222
2501.1950828632,93.6971267693
2501.9090980168,93.5781993357
2502.6231131703,93.4763946144
2503.3371283239,93.5751580721
2504.0511434774,93.6445287395
2504.7651586310,93.6941257652
2505.4791737845,93.7280796064
2506.1931889380,93.5485958190
2506.9072040916,93.4811230865
2507.6212192451,93.5757311900
2508.3352343987,93.5606520524
2509.0492495522,93.6128455504
2509.7632647058,93.5668951604
2510.4772798593,93.3887933143
2511.1912950129,93.4905608336
2511.9053101664,93.5670403928
2512.6193253199,93.4432221618
2513.3333404735,93.4626007661
2514.0473556270,93.5438937381
2514.7613707806,93.5983807968
2515.4753859341,93.6152428209
2516.1894010877,93.5828516882
2516.9034162412,93.6022162416
2517.6174313947,93.5522774434
2518.3314465483,93.5325446882
2519.0454617018,93.5963384781
2519.7594768554,93.4872575340
2520.4734920089,93.5120414562
2521.1875071625,93.6221539681
2521.9015223160,93.4347212991
2522.6155374696,93.4793385084
2523.3295526231,93.6931753104
2524.0435677766,93.5457898646
2524.7575829302,93.4787478985
2525.4715980837,93.5301986617
2526.1856132373,93.4358540059
2526.8996283908,93.4737942290
2527.6136435444,93.4875806729
2528.3276586979,93.3862662203
2529.0416738514,93.4627052105
2529.7556890050,93.5512847319
2530.4697041585,93.4748577167
2531.1837193121,93.3909370212
2531.8977344656,93.4285539343
2532.6117496192,93.4702629350
2533.3257647727,93.3643210445
2534.0397799262,93.3311326068
2534.7537950798,93.4041251168
2535.4678102333,93.4433391870
2536.1818253869,93.5964294637
2536.8958405404,93.6423274959
2537.6098556940,93.4646908829
2538.3238708475,93.4187122924
2539.0378860011,93.3767149933
2539.7519011546,93.3291305835
2540.4659163081,93.4731987342
2541.1799314617,93.4863738907
2541.8939466152,93.4062494968
2542.6079617688,93.4563771581
2543.3219769223,93.4326275793
2544.0359920759,93.3566334844
2544.7500072294,93.3331760718
2545.4640223829,93.3845565763
2546.1780375365,93.4434692436
2546.8920526900,93.3425677537
2547.6060678436,93.3779547680
2548.3200829971,93.5622982817
2549.0340981507,93.4867819061
2549.7481133042,93.4164295418
2550.4621284578,93.4102159212
2551.1761436113,93.2687487608
2551.8901587648,93.3374730177
2552.6041739184,93.4254844739
2553.3181890719,93.3375550640
2554.0322042255,93.4217114132
2554.7462193790,93.3916538190
2555.4602345326,93.2252609974
2556.1742496861,93.3501300190
2556.8882648396,93.4290359659
2557.6022799932,93.3437436431
2558.3162951467,93.3446099472
2559.0303103003,93.2941355923
2559.7443254538,93.2939751640
2560.4583406074,93.3924783597
2561.1723557609,93.3707315527
2561.8863709144,93.3217745136
2562.6003860680,93.2958391992
2563.3144012215,93.2727486594
2564.0284163751,93.2757446695
2564.7424315286,93.2409735226
2565.4564466822,93.3146941522
2566.1704618357,93.4077761845
2566.8844769893,93.2660900667
2567.5984921428,93.2187687238
2568.3125072963,93.3131573967
2569.0265224499,93.2472987971
2569.7405376034,93.2573602873
2570.4545527570,93.3215930701
2571.1685679105,93.1926431409
2571.8825830641,93.1698456672
2572.5965982176,93.2644250800
2573.3106133711,93.2228103845
2574.0246285247,93.2008559658
2574.7386436782,93.2591171039
2575.4526588318,93.3476624874
2576.1666739853,93.3902127710
2576.8806891389,93.2096314182
2577.5947042924,93.1051656878
2578.3087194460,93.2568014588
2579.0227345995,93.2384507312
2579.7367497530,93.1258403356
2580.4507649066,93.2276773613
2581.1647800601,93.2872039350
2581.8787952137,93.2135041043
2582.5928103672,93.1755263794
2583.3068255208,93.1843880780
2584.0208406743,93.2390828819
2584.7348558278,93.2526848468
2585.4488709814,93.1620898504
2586.1628861349,93.0788646729
2586.8769012885,93.0864489647
2587.5909164420,93.1524611767
2588.3049315956,93.1407107164
2589.0189467491,93.0988847213
2589.7329619027,93.1443303616
2590.4469770562,93.0792102465
2591.1609922097,92.9930156759
2591.8750073633,93.1192329109
2592.5890225168,93.1608410352
2593.3030376704,93.0731733825
2594.0170528239,93.0727134125
2594.7310679775,93.0734939205
2595.4450831310,93.1235632490
2596.1590982845,93.1391633949
2596.8731134381,93.0147499967
2597.5871285916,93.0394442937
2598.3011437452,93.0714902900
2599.0151588987,92.9548564656
2599.7291740523,93.0114402574
2600.4431892058,93.0657794121
2601.1572043593,92.9950003996
2601.8712195129,93.0688745598
2602.5852346664,93.0782623502
2603.2992498200,92.9518480388
2604.0132649735,92.9732580944
2604.7272801271,93.0784038724
2605.4412952806,93.1367619199
2606.1553104342,93.1044240298
2606.8693255877,93.0215660204
2607.5833407412,93.0332137402
2608.2973558948,93.0658320182
2609.0113710483,93.0300230085
2609.7253862019,92.9605200637
2610.4394013554,92.9077666769
2611.1534165090,92.9823998488
2611.8674316625,93.0418398749
2612.5814468160,92.9400989121
2613.2954619696,92.8977072425
2614.0094771231,92.9520991936
2614.7234922767,92.9535250268
2615.4375074302,92.9301994582
2616.1515225838,92.9249456892
2616.8655377373,92.9315040122
2617.5795528909,92.9151409581
2618.2935680444,92.9005470904
2619.0075831979,92.9197061433
2619.7215983515,92.8785685922
2620.4356135050,92.8153019304
2621.1496286586,92.7975039232
2621.8636438121,92.8216760850
2622.5776589657,92.9542861693
2623.2916741192,92.9686013874
2624.0056892727,92.7739985173
2624.7197044263,92.7649694317
2625.4337195798,92.8798847195
2626.1477347334,92.8139706333
2626.8617498869,92.7357554285
2627.5757650405,92.7836150835
2628.2897801940,92.8640475156
2629.0037953475,92.8569485566
2629.7178105011,92.8072136650
2630.4318256546,92.8285299828
2631.1458408082,92.7677163450
2631.8598559617,92.7170048833
2632.5738711153,92.8353950906
2633.2878862688,92.7758259976
2634.0019014224,92.6560263381
2634.7159165759,92.7604754323
2635.4299317294,92.7185768365
2636.1439468830,92.6035420866
2636.8579620365,92.6841303401
2637.5719771901,92.6974973048
2638.2859923436,92.7002700763
2639.0000074972,92.7964396784
2639.7140226507,92.7621063320
2640.4280378042,92.6472165754
2641.1420529578,92.6229649569
2641.8560681113,92.7030369756
2642.5700832649,92.7129060556
2643.2840984184,92.5953460751
2643.9981135720,92.6403406201
2644.7121287255,92.7217836244
2645.4261438791,92.5929019917
2646.1401590326,92.5649194545
2646.8541741861,92.6271962681
2647.5681893397,92.5777489969
2648.2822044932,92.5834813082
2648.9962196468,92.5864174919
2649.7102348003,92.5514439114
2650.4242499539,92.5873574310
2651.1382651074,92.5446211025
2651.8522802609,92.4896847427
2652.5662954145,92.5376902008
2653.2803105680,92.5140180554
2653.9943257216,92.4810434685
2654.7083408751,92.5453853600
2655.4223560287,92.5634772013
2656.1363711822,92.5260426038
2656.8503863357,92.5355189996
2657.5644014893,92.5529140272
2658.2784166428,92.5052181150
2658.9924317964,92.4703556710
2659.7064469499,92.4981943458
2660.4204621035,92.4952297308
2661.1344772570,92.4909849623
2661.8484924106,92.4905006291
2662.5625075641,92.4221066559
2663.2765227176,92.4238449215
2663.9905378712,92.4847424254
2664.7045530247,92.4580513988
2665.4185681783,92.4507927920
2666.1325833318,92.4741585392
2666.8465984854,92.4718037469
2667.5606136389,92.4927904856
2668.2746287924,92.4703195880
2668.9886439460,92.4554999922
2669.7026590995,92.4786231833
2670.4166742531,92.3938979325
2671.1306894066,92.3461841733
2671.8447045602,92.4233090046
2672.5587197137,92.4277359857
2673.2727348673,92.3865066751
2673.9867500208,92.3628101044
2674.7007651743,92.3243320934
2675.4147803279,92.3258860202
2676.1287954814,92.3432758760
2676.8428106350,92.3485786141
2677.5568257885,92.3378545998
2678.2708409421,92.2987251885
2678.9848560956,92.3191729800
2679.6988712491,92.3459150277
2680.4128864027,92.2982343065
2681.1269015562,92.2901931796
2681.8409167098,92.2749356295
2682.5549318633,92.2055639898
2683.2689470169,92.2509619558
2683.9829621704,92.3447501462
2684.6969773239,92.3060344677
2685.4109924775,92.2317489541
2686.1250076310,92.2198147523
2686.8390227846,92.2051223177
2687.5530379381,92.1873490319
2688.2670530917,92.2025120582
2688.9810682452,92.1954054278
2689.6950833988,92.1754268066
2690.4090985523,92.1785422344
2691.1231137058,92.1341382549
2691.8371288594,92.0886792013
2692.5511440129,92.1194596601
2693.2651591665,92.1167503252
2693.9791743200,92.0602096276
2694.6931894736,92.0409223865
2695.4072046271,92.0559328518
2696.1212197806,92.0575044837
2696.8352349342,92.0101243213
2697.5492500877,91.9751199426
2698.2632652413,91.9899142024
2698.9772803948,91.9848951005
2699.6912955484,91.9951014426
2700.4053107019,91.9999342275
2701.1193258555,91.9416979464
2701.8333410090,91.9437366264
2702.5473561625,91.9721724004
2703.2613713161,91.9474286539
2703.9753864696,91.9733971178
2704.6894016232,91.9872791527
2705.4034167767,91.9457129207
2706.1174319303,91.9253879050
2706.8314470838,91.8694765680
2707.5454622373,91.8333206992
2708.2594773909,91.8656563329
2708.9734925444,91.8659286382
2709.6875076980,91.8819935433
2710.4015228515,91.8969223654
2711.1155380051,91.8230462729
2711.8295531586,91.7639668125
2712.5435683122,91.7587575583
2713.2575834657,91.7551155901
2713.9715986192,91.7679553086
2714.6856137728,91.8034741204
2715.3996289263,91.8117105444
2716.1136440799,91.7605228462
2716.8276592334,91.7507360678
2717.5416743870,91.7672649814
2718.2556895405,91.7022339264
2718.9697046940,91.7049485672
2719.6837198476,91.7404163992
2720.3977350011,91.6619788703
2721.1117501547,91.6881789600
2721.8257653082,91.7496218625
2722.5397804618,91.6636213715
2723.2537956153,91.6780469666
2723.9678107688,91.7561546152
2724.6818259224,91.7194543698
2725.3958410759,91.6650397803
2726.1098562295,91.5942839157
2726.8238713830,91.5858753418
2727.5378865366,91.6457699673
2728.2519016901,91.5910071145
2728.9659168437,91.5625274638
2729.6799319972,91.6373799796
2730.3939471507,91.6418616022
2731.1079623043,91.5831519480
2731.8219774578,91.5244222346
2732.5359926114,91.5425965232
2733.2500077649,91.5851132373
2733.9640229185,91.5256769779
2734.6780380720,91.5424261951
2735.3920532255,91.6062309190
2736.1060683791,91.5315619013
2736.8200835326,91.4989047943
2737.5340986862,91.5265997869
2738.2481138397,91.5427097361
2738.9621289933,91.5869526593
2739.6761441468,91.5138414328
2740.3901593004,91.4624150167
2741.1041744539,91.5719019341
2741.8181896074,91.5547464736
2742.5322047610,91.4751188162
2743.2462199145,91.5196860823
2743.9602350681,91.5403436052
2744.6742502216,91.5293847295
2745.3882653752,91.5261620549
2746.1022805287,91.5167225658
2746.8162956822,91.5165344686
2747.5303108358,91.4850497149
2748.2443259893,91.4989594256
2748.9583411429,91.5514462089
2749.6723562964,91.5362670966
2750.3863714500,91.5226839456
2751.1003866035,91.4931211690
2751.8144017570,91.4705583697
2752.5284169106,91.5341850754
2753.2424320641,91.5093309440
2753.9564472177,91.4441684084
2754.6704623712,91.4849516957
2755.3844775248,91.4800253845
2756.0984926783,91.4764545818
2756.8125078319,91.5143876646
2757.5265229854,91.4275277488
2758.2405381389,91.3437817534
2758.9545532925,91.3842656555
2759.6685684460,91.4156450951
2760.3825835996,91.3927087039
2761.0965987531,91.3912414096
2761.8106139067,91.4460726151
2762.5246290602,91.4423487701
2763.2386442137,91.3618652142
2763.9526593673,91.3601744424
2764.6666745208,91.3795532576
2765.3806896744,91.3517649006
2766.0947048279,91.3473254696
2766.8087199815,91.3039325161
2767.5227351350,91.2464992851
2768.2367502886,91.2607686238
2768.9507654421,91.2654031079
2769.6647805956,91.2262666503
2770.3787957492,91.1816567854
2771.0928109027,91.1770358541
2771.8068260563,91.2055166857
2772.5208412098,91.1992589046
2773.2348563634,91.1882512012
2773.9488715169,91.1418855919
2774.6628866704,91.0713041510
2775.3769018240,91.1181843162
2776.0909169775,91.1277831775
2776.8049321311,91.0308315785
2777.5189472846,91.0326249055
2778.2329624382,91.0337848296
2778.9469775917,90.9963861440
2779.6609927452,91.0262747050
2780.3750078988,90.9972238206
2781.0890230523,90.9704956800
2781.8030382059,90.9934256861
2782.5170533594,90.9218484015
2783.2310685130,90.8854263570
2783.9450836665,90.9111481833
2784.6590988201,90.8866755828
2785.3731139736,90.9021180371
2786.0871291271,90.9021951380
2786.8011442807,90.8569427903
2787.5151594342,90.8603405179
2788.2291745878,90.8237864973
2788.9431897413,90.7792684061
2789.6572048949,90.7775561121
2790.3712200484,90.7127745788
2791.0852352019,90.6814892611
2791.7992503555,90.7175778607
2792.5132655090,90.6890092732
2793.2272806626,90.6799803595
2793.9412958161,90.7253878170
2794.6553109697,90.6762772821
2795.3693261232,90.5755698003
2796.0833412768,90.5561899158
2796.7973564303,90.5482185921
2797.5113715838,90.5106918812
2798.2253867374,90.5492550857
2798.9394018909,90.5568681678
2799.6534170445,90.4352157367
2800.3674321980,90.3985045376
2801.0814473516,90.4425152579
2801.7954625051,90.3985949639
2802.5094776586,90.3660128249
2803.2234928122,90.3675162967
2803.9375079657,90.3331289337
2804.6515231193,90.3020876214
2805.3655382728,90.2591753690
2806.0795534264,90.2353128324
2806.7935685799,90.2513768658
2807.5075837334,90.2357079946
2808.2215988870,90.2066152724
2808.9356140405,90.1410860724
2809.6496291941,90.0559457377
2810.3636443476,90.0774471011
2811.0776595012,90.0894323353
2811.7916746547,89.9952717724
2812.5056898083,89.9523940679
2813.2197049618,89.9557525160
2813.9337201153,89.8983532633
2814.6477352689,89.8503300910
2815.3617504224,89.8773700520
2816.0757655760,89.8800380278
2816.7897807295,89.7735056005
2817.5037958831,89.6644259312
2818.2178110366,89.6434557675
2818.9318261901,89.6335271099
2819.6458413437,89.5874863005
2820.3598564972,89.5608703679
2821.0738716508,89.5848154590
2821.7878868043,89.5599643472
2822.5019019579,89.4511905812
2823.2159171114,89.4233953835
2823.9299322650,89.4776754526
2824.6439474185,89.4659388043
2825.3579625720,89.3776842719
2826.0719777256,89.2487617149
2826.7859928791,89.2086441400
2827.5000080327,89.2703530831
2828.2140231862,89.2152825642
2828.9280383398,89.1290721045
2829.6420534933,89.1176687878
2830.3560686468,89.0332157169
2831.0700838004,88.9694026546
2831.7840989539,88.9448577877
2832.4981141075,88.8463541988
2833.2121292610,88.8140397375
2833.9261444146,88.7883920167
2834.6401595681,88.6522380159
2835.3541747217,88.5571881446
2836.0681898752,88.5087261147
2836.7822050287,88.4646225284
2837.4962201823,88.4274626275
2838.2102353358,88.3576075457
2838.9242504894,88.2842806879
2839.6382656429,88.1513935556
2840.3522807965,88.0225056738
2841.0662959500,88.0297068842
2841.7803111035,87.9683556817
2842.4943262571,87.7868224334
2843.2083414106,87.6353951308
2843.9223565642,87.5044202322
2844.6363717177,87.4204379257
2845.3503868713,87.2654459466
2846.0644020248,87.0179127674
2846.7784171783,86.8966266079
2847.4924323319,86.7202234696
2848.2064474854,86.4271550026
2848.9204626390,86.2792841973
2849.6344777925,86.1780201235
2850.3484929461,86.0828281179
2851.0625080996,86.0294854736
2851.7765232532,85.9725197973
2852.4905384067,86.0448900740
2853.2045535602,86.0976536063
2853.9185687138,86.0677022665
2854.6325838673,86.1656874796
2855.3465990209,86.1777115717
2856.0606141744,86.1042559648
2856.7746293280,86.1622246359
2857.4886444815,86.1569118974
2858.2026596350,86.1630799063
2858.9166747886,86.2368349164
2859.6306899421,86.1344472638
2860.3447050957,86.0531446850
2861.0587202492,86.1082508827
2861.7727354028,86.1142765154
2862.4867505563,86.0837410710
2863.2007657099,85.9717002276
2863.9147808634,85.8593894374
2864.6287960169,85.9304881530
2865.3428111705,85.9772550850
2866.0568263240,85.8611160940
2866.7708414776,85.7625633859
2867.4848566311,85.7361132764
2868.1988717847,85.6620784252
2868.9128869382,85.5470014071
2869.6269020917,85.5463260475
2870.3409172453,85.5635178596
2871.0549323988,85.4417620088
2871.7689475524,85.3788299440
2872.4829627059,85.4573410580
2873.1969778595,85.4857198764
2873.9109930130,85.4045745666
2874.6250081665,85.3360365653
2875.3390233201,85.3570863683
2876.0530384736,85.3653409318
2876.7670536272,85.3792724218
2877.4810687807,85.4458617745
2878.1950839343,85.3872433928
2878.9090990878,85.3578012361
2879.6231142414,85.4969103480
2880.3371293949,85.5017527988
2881.0511445484,85.4664920244
2881.7651597020,85.5253206398
2882.4791748555,85.5000869757
2883.1931900091,85.5253272382
2883.9072051626,85.5104473723
2884.6212203162,85.3215710404
2885.3352354697,85.2849921143
2886.0492506232,85.3059601369
2886.7632657768,85.2053218531
2887.4772809303,85.1416614350
2888.1912960839,85.0298230627
2888.9053112374,84.9236158921
2889.6193263910,84.9207504460
2890.3333415445,84.8443522083
2891.0473566981,84.7830195872
2891.7613718516,84.7995920134
2892.4753870051,84.7541200580
2893.1894021587,84.6696824931
2893.9034173122,84.6074166536
2894.6174324658,84.5966010366
2895.3314476193,84.5643619582
2896.0454627729,84.5269986187
2896.7594779264,84.6173171984
2897.4734930799,84.6873235414
2898.1875082335,84.7348225110
2898.9015233870,84.7898118878
2899.6155385406,84.6562795638
2900.3295536941,84.6061044400
2901.0435688477,84.6938880340
2901.7575840012,84.6135747706
2902.4715991547,84.6719635686
2903.1856143083,84.7972399747
2903.8996294618,84.6818882699
2904.6136446154,84.7073919956
2905.3276597689,84.7859757437
2906.0416749225,84.7365764216
2906.7556900760,84.8913179056
2907.4697052296,85.0324745196
2908.1837203831,84.9983839640
2908.8977355366,85.0582574205
2909.6117506902,85.1152004480
2910.3257658437,85.0924451382
2911.0397809973,85.1016764251
2911.7537961508,85.1365889701
2912.4678113044,85.1252540330
2913.1818264579,85.1008165245
2913.8958416114,85.2256331099
2914.6098567650,85.2589816414
2915.3238719185,85.0866631710
2916.0378870721,85.1422325165
2916.7519022256,85.2220981254
2917.4659173792,85.1499166798
2918.1799325327,85.3338934985
2918.8939476863,85.4633213438
2919.6079628398,85.4255599682
2920.3219779933,85.6416356429
2921.0359931469,85.8148804565
2921.7500083004,85.8653408920
2922.4640234540,86.0351135939
2923.1780386075,86.1209993519
2923.8920537611,86.2202163806
2924.6060689146,86.4682283058
2925.3200840681,86.6727880259
2926.0340992217,86.8007753380
2926.7481143752,86.8366013862
2927.4621295288,86.8666770147
2928.1761446823,87.0228514554
2928.8901598359,87.2234683176
2929.6041749894,87.3920102245
2930.3181901429,87.4491519270
2931.0322052965,87.5405853401
2931.7462204500,87.7555512163
2932.4602356036,87.7836608216
2933.1742507571,87.7687538097
2933.8882659107,87.8975090863
2934.6022810642,87.9195687397
2935.3162962178,87.9867083598
2936.0303113713,88.0989469478
2936.7443265248,88.0967856319
2937.4583416784,88.2578210931
2938.1723568319,88.4258331342
2938.8863719855,88.4971527070
2939.6003871390,88.6962895175
2940.3144022926,88.7025132481
2941.0284174461,88.6376395935
2941.7424325996,88.8586672133
2942.4564477532,89.0028553735
2943.1704629067,89.0772506177
2943.8844780603,89.2177562726
2944.5984932138,89.2595216609
2945.3125083674,89.4101309052
2946.0265235209,89.5799742379
2946.7405386745,89.5906015277
2947.4545538280,89.6764240427
2948.1685689815,89.7215981142
2948.8825841351,89.7525403946
2949.5965992886,89.9230133044
2950.3106144422,89.9620531495
2951.0246295957,90.0122170320
2951.7386447493,90.2178879474
2952.4526599028,90.3114104103
2953.1666750563,90.3998095867
2953.8806902099,90.5123642964
2954.5947053634,90.5351120077
2955.3087205170,90.5920723913
2956.0227356705,90.6242460252
2956.7367508241,90.6761935462
2957.4507659776,90.7848388716
2958.1647811312,90.7746493284
2958.8787962847,90.8529972069
2959.5928114382,91.0994480449
2960.3068265918,91.2420815387
2961.0208417453,91.2397375423
2961.7348568989,91.1689456965
2962.4488720524,91.2465203268
2963.1628872060,91.4602041620
2963.8769023595,91.4855447441
2964.5909175130,91.5547392736
2965.3049326666,91.7772168554
2966.0189478201,91.7487526540
2966.7329629737,91.7051973277
2967.4469781272,91.9179542940
2968.1609932808,92.0108641208
2968.8750084343,92.0331395148
2969.5890235878,92.4422918297
2970.3030387414,92.9841787473
2971.0170538949,92.9542535432
2971.7310690485,92.7693956751
2972.4450842020,92.8998610100
2973.1590993556,92.8780804424
2973.8731145091,92.8431787602
2974.5871296627,93.0527073706
2975.3011448162,93.0687250959
2976.0151599697,93.1397465197
2976.7291751233,93.3795510543
2977.4431902768,93.2782342649
2978.1572054304,93.3558858547
2978.8712205839,93.8713657634
2979.5852357375,94.0839853376
2980.2992508910,94.0221136291
2981.0132660445,94.1268543319
2981.7272811981,94.3757842554
2982.4412963516,94.1457714891
2983.1553115052,93.3290436187
2983.8693266587,93.0239587651
2984.5833418123,93.2109041820
2985.2973569658,93.0831413669
2986.0113721194,93.0578802461
2986.7253872729,93.2480322676
2987.4394024264,92.9907496495
2988.1534175800,92.8142642036
2988.8674327335,93.0551399512
2989.5814478871,93.1394123106
2990.2954630406,93.0084168020
2991.0094781942,92.8446825130
2991.7234933477,92.7988328135
2992.4375085012,92.9096232030
2993.1515236548,92.8991288754
2993.8655388083,92.8102146292
2994.5795539619,92.7866089822
2995.2935691154,92.7635806720
2996.0075842690,92.7511846136
2996.7215994225,92.6346757658
2997.4356145760,92.5485442209
2998.1496297296,92.6996598765
2998.8636448831,92.7122844137
2999.5776600367,92.5262119412
3000.2916751902,92.4276532604
3001.0056903438,92.2996326948
3001.7197054973,92.1860467516
3002.4337206509,92.1670073712
3003.1477358044,92.0733648221
3003.8617509579,91.9993784072
3004.5757661115,91.9435405935
3005.2897812650,91.7679578225
3006.0037964186,91.6879888901
3006.7178115721,91.7453490809
3007.4318267257,91.6925714538
3008.1458418792,91.5248626708
3008.8598570327,91.3775334137
3009.5738721863,91.3252311229
3010.2878873398,91.3260994530
3011.0019024934,91.2735884801
3011.7159176469,91.2152042533
3012.4299328005,91.1709342226
3013.1439479540,91.0886331637
3013.8579631076,91.0610769132
3014.5719782611,91.0674806526
3015.2859934146,90.9776127376
3016.0000085682,90.8704618365
3016.7140237217,90.8377232569
3017.4280388753,90.8402836318
3018.1420540288,90.8295725421
3018.8560691824,90.7957881141
3019.5700843359,90.7919757485
3020.2840994894,90.7513242459
3020.9981146430,90.6472480038
3021.7121297965,90.6764313452
3022.4261449501,90.7229123475
3023.1401601036,90.5881352524
3023.8541752572,90.5414857559
3024.5681904107,90.5820218177
3025.2822055642,90.4466481321
3025.9962207178,90.3592691359
3026.7102358713,90.4373724828
3027.4242510249,90.4482891683
3028.1382661784,90.4198015207
3028.8522813320,90.4107267350
3029.5662964855,90.3349392756
3030.2803116391,90.2761525270
3030.9943267926,90.3068003319
3031.7083419461,90.2735848105
3032.4223570997,90.1703095894
3033.1363722532,90.2319201509
3033.8503874068,90.3396248736
3034.5644025603,90.2114401252
3035.2784177139,90.0797146675
3035.9924328674,90.0642754443
3036.7064480209,89.9586349558
3037.4204631745,89.9463674131
3038.1344783280,90.0441471041
3038.8484934816,89.9385813175
3039.5625086351,89.8074400078
3040.2765237887,89.8137685331
3040.9905389422,89.7750588467
3041.7045540958,89.7814907249
3042.4185692493,89.9082737417
3043.1325844028,89.9117847004
3043.8465995564,89.7245694507
3044.5606147099,89.6194826509
3045.2746298635,89.7156254001
3045.9886450170,89.7402661560
3046.7026601706,89.6145542897
3047.4166753241,89.5465113231
3048.1306904776,89.5374057526
3048.8447056312,89.5673339650
3049.5587207847,89.5840084743
3050.2727359383,89.4534202323
3050.9867510918,89.3673896133
3051.7007662454,89.3880280562
3052.4147813989,89.3175648719
3053.1287965524,89.2931813784
3053.8428117060,89.3264059499
3054.5568268595,89.2284475925
3055.2708420131,89.1572647521
3055.9848571666,89.1773395291
3056.6988723202,89.1449229418
3057.4128874737,89.0717338681
3058.1269026273,89.0067120872
3058.8409177808,88.9881826317
3059.5549329343,88.9673851745
3060.2689480879,88.8836339675
3060.9829632414,88.8219500492
3061.6969783950,88.7587139102
3062.4109935485,88.7261305297
3063.1250087021,88.8290794654
3063.8390238556,88.8262065038
3064.5530390091,88.6530262383
3065.2670541627,88.6288873300
3065.9810693162,88.6826323936
3066.6950844698,88.6093508961
3067.4090996233,88.5295596616
3068.1231147769,88.5109821305
3068.8371299304,88.4843470374
3069.5511450840,88.4111218218
3070.2651602375,88.3127221453
3070.9791753910,88.3105670825
3071.6931905446,88.3452924875
3072.4072056981,88.2472768959
3073.1212208517,88.2166731392
3073.8352360052,88.3072276479
3074.5492511588,88.1535630731
3075.2632663123,87.9307447962
3075.9772814658,88.0011850622
3076.6912966194,88.0631068681
3077.4053117729,88.0052332290
3078.1193269265,88.0300969919
3078.8333420800,88.0137221300
3079.5473572336,87.9581754883
3080.2613723871,87.8907608049
3080.9753875406,87.7245390040
3081.6894026942,87.6677500342
3082.4034178477,87.6790382975
3083.1174330013,87.5991607804
3083.8314481548,87.6231213129
3084.5454633084,87.5917631225
3085.2594784619,87.4310611618
3085.9734936155,87.4919701687
3086.6875087690,87.5532181034
3087.4015239225,87.4047988086
3088.1155390761,87.3498181491
3088.8295542296,87.3354960108
3089.5435693832,87.2665638270
3090.2575845367,87.2652989853
3090.9715996903,87.2054967764
3091.6856148438,87.0952442445
3092.3996299973,87.1115082442
3093.1136451509,87.1478930245
3093.8276603044,87.1028735782
3094.5416754580,87.0320641131
3095.2556906115,86.9397478362
3095.9697057651,86.9089482221
3096.6837209186,86.9506901611
3097.3977360722,86.8352683745
3098.1117512257,86.7040722674
3098.8257663792,86.8087473222
3099.5397815328,86.7962395605
3100.2537966863,86.6634664017
3100.9678118399,86.7425715143
3101.6818269934,86.6555381193
3102.3958421470,86.4522470215
3103.1098573005,86.5417274747
3103.8238724540,86.5122551555
3104.5378876076,86.3567259205
3105.2519027611,86.3552263794
3105.9659179147,86.2531901816
3106.6799330682,86.2718881274
3107.3939482218,86.3721171636
3108.1079633753,86.1444243729
3108.8219785289,86.0926686741
3109.5359936824,86.2315564494
3110.2500088359,86.0957343056
3110.9640239895,86.0803669408
3111.6780391430,86.1624655817
3112.3920542966,86.0099279948
3113.1060694501,85.8885641375
3113.8200846037,85.8306649744
3114.5340997572,85.8134255091
3115.2481149107,85.8415691076
3115.9621300643,85.6995372429
3116.6761452178,85.6001389488
3117.3901603714,85.6626776880
3118.1041755249,85.6059408114
3118.8181906785,85.4788499145
3119.5322058320,85.4477308041
3120.2462209855,85.4736525250
3120.9602361391,85.4491657941
3121.6742512926,85.3740888514
3122.3882664462,85.3196753741
3123.1022815997,85.1647893755
3123.8162967533,85.0176939839
3124.5303119068,85.0782679442
3125.2443270604,85.1383557391
3125.9583422139,85.1543263893
3126.6723573674,85.1196900041
3127.3863725210,84.9671064318
3128.1003876745,84.9703469162
3128.8144028281,84.9691800271
3129.5284179816,84.7739950508
3130.2424331352,84.7297628636
3130.9564482887,84.7104402571
3131.6704634422,84.6376220263
3132.3844785958,84.7267979995
3133.0984937493,84.7305689992
3133.8125089029,84.6410389683
3134.5265240564,84.5510269146
3135.2405392100,84.4026933958
3135.9545543635,84.4468747562
3136.6685695171,84.4520270725
3137.3825846706,84.2780173726
3138.0965998241,84.3373666743
3138.8106149777,84.3676088820
3139.5246301312,84.2593074911
3140.2386452848,84.3092430034
3140.9526604383,84.2468861126
3141.6666755919,84.1010138932
3142.3806907454,84.0044165805
3143.0947058989,83.8498973561
3143.8087210525,83.9507698543
3144.5227362060,84.0960743689
3145.2367513596,83.9117650725
3145.9507665131,83.8319605578
3146.6647816667,83.8971981222
3147.3787968202,83.8365385256
3148.0928119737,83.7746103643
3148.8068271273,83.7039768277
3149.5208422808,83.6126954867
3150.2348574344,83.5802208550
3150.9488725879,83.5913774509
3151.6628877415,83.5861565454
3152.3769028950,83.4785496601
3153.0909180486,83.4475906656
3153.8049332021,83.5340235225
3154.5189483556,83.4301809440
3155.2329635092,83.2664662477
3155.9469786627,83.2836364982
3156.6609938163,83.3045919458
3157.3750089698,83.2355030410
3158.0890241234,83.2012840377
3158.8030392769,83.2130329574
3159.5170544304,83.0948556411
3160.2310695840,82.9720308286
3160.9450847375,83.0178168409
3161.6590998911,82.9225421393
3162.3731150446,82.8327328746
3163.0871301982,82.9868550069
3163.8011453517,82.9270056503
3164.5151605053,82.7905389815
3165.2291756588,82.8073860037
3165.9431908123,82.7060515712
3166.6572059659,82.7384195456
3167.3712211194,82.7551233531
3168.0852362730,82.5887000302
3168.7992514265,82.7262915991
3169.5132665801,82.6983950957
3170.2272817336,82.4276886298
3170.9412968871,82.5557484286
3171.6553120407,82.5063663888
3172.3693271942,82.3614276547
3173.0833423478,82.5826561231
3173.7973575013,82.4361108903
3174.5113726549,82.2530540114
3175.2253878084,82.4537215241
3175.9394029619,82.3505258308
3176.6534181155,82.2260287938
3177.3674332690,82.2353344765
3178.0814484226,82.0670498920
3178.7954635761,82.1242945528
3179.5094787297,82.1693903778
3180.2234938832,82.0058926124
3180.9375090368,82.0229969049
3181.6515241903,81.9429121332
3182.3655393438,81.8161702108
3183.0795544974,81.9037854664
3183.7935696509,81.8727468358
3184.5075848045,81.8004738268
3185.2215999580,81.7529125315
3185.9356151116,81.6534738654
3186.6496302651,81.7304317858
3187.3636454186,81.6973590343
3188.0776605722,81.5018764153
3188.7916757257,81.6235193584
3189.5056908793,81.7352339131
3190.2197060328,81.5280405994
3190.9337211864,81.4261072688
3191.6477363399,81.4598209235
3192.3617514935,81.4274428244
3193.0757666470,81.4674525512
3193.7897818005,81.4833591683
3194.5037969541,81.2771286122
3195.2178121076,81.1474228202
3195.9318272612,81.1899589702
3196.6458424147,81.1079891428
3197.3598575683,81.0147415516
3198.0738727218,80.9853435691
3198.7878878753,80.9376326418
3199.5019030289,81.0301594954
3200.2159181824,80.9971609313
3200.9299333360,80.7674224124
3201.6439484895,80.8062195314
3202.3579636431,80.8937187402
3203.0719787966,80.8161680744
3203.7859939501,80.7462948625
3204.5000091037,80.5878850509
3205.2140242572,80.5796256525
3205.9280394108,80.6615879475
3206.6420545643,80.4235668284
3207.3560697179,80.2958131311
3208.0700848714,80.3869651014
3208.7841000250,80.3702153943
3209.4981151785,80.3841278977
3210.2121303320,80.2543174315
3210.9261454856,80.0638679156
3211.6401606391,80.1277140008
3212.3541757927,80.0848047060
3213.0681909462,79.9652802345
3213.7822060998,79.9425697221
3214.4962212533,79.8005793432
3215.2102364068,79.7670423804
3215.9242515604,79.8337457479
3216.6382667139,79.8116122832
3217.3522818675,79.8242544086
3218.0662970210,79.7144708054
3218.7803121746,79.6021746160
3219.4943273281,79.6281076968
3220.2083424817,79.4783814117
3220.9223576352,79.4038403414
3221.6363727887,79.4725766028
3222.3503879423,79.3505045250
3223.0644030958,79.2910696552
3223.7784182494,79.2503038373
3224.4924334029,79.1140465110
3225.2064485565,79.2231224801
3225.9204637100,79.2617599242
3226.6344788635,79.0029370827
3227.3484940171,78.9050794119
3228.0625091706,78.9302944302
3228.7765243242,78.8511671544
3229.4905394777,78.8106929743
3230.2045546313,78.8289178607
3230.9185697848,78.8042905508
3231.6325849384,78.7225299699
3232.3466000919,78.5716490609
3233.0606152454,78.4308285389
3233.7746303990,78.4377017283
3234.4886455525,78.4347054854
3235.2026607061,78.3273475290
3235.9166758596,78.3819844073
3236.6306910132,78.3944011375
3237.3447061667,78.1819575621
3238.0587213202,78.1855833117
3238.7727364738,78.2767879381
3239.4867516273,78.1889622941
3240.2007667809,78.0715329340
3240.9147819344,77.8055224778
3241.6287970880,77.7100687540
3242.3428122415,77.9112022762
3243.0568273950,77.7585574931
3243.7708425486,77.5741214026
3244.4848577021,77.6803622329
3245.1988728557,77.5960422141
3245.9128880092,77.5510441276
3246.6269031628,77.5231215420
3247.3409183163,77.2668311312
3248.0549334699,77.2943649322
3248.7689486234,77.4359607296
3249.4829637769,77.3308633610
3250.1969789305,77.2321764404
3250.9109940840,77.0729257042
3251.6250092376,76.9346614013
3252.3390243911,76.9111290142
3253.0530395447,76.8173010011
3253.7670546982,76.8532018795
3254.4810698517,76.8815865145
3255.1950850053,76.7182507011
3255.9091001588,76.7298084533
3256.6231153124,76.7536191900
3257.3371304659,76.5770681338
3258.0511456195,76.5009992079
3258.7651607730,76.5003991274
3259.4791759266,76.4054718593
3260.1931910801,76.2709108431
3260.9072062336,76.2315894155
3261.6212213872,76.2410969634
3262.3352365407,76.1088495963
3263.0492516943,75.9790583441
3263.7632668478,75.9679169817
3264.4772820014,75.9853470989
3265.1912971549,76.0143576875
3265.9053123084,75.9051640715
3266.6193274620,75.8162220614
3267.3333426155,75.8807803205
3268.0473577691,75.7785786333
3268.7613729226,75.7292460628
3269.4753880762,75.8169676073
3270.1894032297,75.7121039384
3270.9034183832,75.6971424990
3271.6174335368,75.6835953353
3272.3314486903,75.5681791557
3273.0454638439,75.7745916675
3273.7594789974,75.7672188850
3274.4734941510,75.4463942788
3275.1875093045,75.5974280040
3275.9015244581,75.7404721737
3276.6155396116,75.5279493445
3277.3295547651,75.4895114818
3278.0435699187,75.5267738110
3278.7575850722,75.5337287137
3279.4716002258,75.5694444824
3280.1856153793,75.5346474414
3280.8996305329,75.5654033565
3281.6136456864,75.6437657340
3282.3276608399,75.6341185915
3283.0416759935,75.5529158843
3283.7556911470,75.5121859135
3284.4697063006,75.6184582868
3285.1837214541,75.5983307752
3285.8977366077,75.4487247163
3286.6117517612,75.5122943758
3287.3257669148,75.5780688131
3288.0397820683,75.5570046147
3288.7537972218,75.5462079592
3289.4678123754,75.4392143701
3290.1818275289,75.4910346226
3290.8958426825,75.6025761881
3291.6098578360,75.4786240072
3292.3238729896,75.4884781179
3293.0378881431,75.6033717408
3293.7519032966,75.5448479651
3294.4659184502,75.4562139326
3295.1799336037,75.3908414524
3295.8939487573,75.4690616739
3296.6079639108,75.5944030534
3297.3219790644,75.5412903988
3298.0359942179,75.5292940698
3298.7500093714,75.5041762073
3299.4640245250,75.4215825821
3300.1780396785,75.5055467229
3300.8920548321,75.5376680628
3301.6060699856,75.5525337177
3302.3200851392,75.7003516059
3303.0341002927,75.7145423404
3303.7481154463,75.6283825526
3304.4621305998,75.5161462068
3305.1761457533,75.4833315976
3305.8901609069,75.6784449631
3306.6041760604,75.7004371520
3307.3181912140,75.5936723482
3308.0322063675,75.6911419150
3308.7462215211,75.7075050787
3309.4602366746,75.6881621832
3310.1742518281,75.7485817682
3310.8882669817,75.7432693174
3311.6022821352,75.7997039265
3312.3162972888,75.7548351931
3313.0303124423,75.6338031442
3313.7443275959,75.7604321714
3314.4583427494,75.8048117854
3315.1723579030,75.6517419105
3315.8863730565,75.5641796972
3316.6003882100,75.5593179505
3317.3144033636,75.6711066821
3318.0284185171,75.6894287465
3318.7424336707,75.5835994613
3319.4564488242,75.6087299511
3320.1704639778,75.5736717260
3320.8844791313,75.4858801740
3321.5984942848,75.4703971361
3322.3125094384,75.4249780197
3323.0265245919,75.5363105188
3323.7405397455,75.6083822936
3324.4545548990,75.4261738340
3325.1685700526,75.3677217844
3325.8825852061,75.4113843414
3326.5966003596,75.4144340834
3327.3106155132,75.3787677343
3328.0246306667,75.2599599876
3328.7386458203,75.2876373684
3329.4526609738,75.2572848043
3330.1666761274,75.0951925409
3330.8806912809,75.2404527523
3331.5947064345,75.2955663405
3332.3087215880,75.1403629467
3333.0227367415,75.2334277513
3333.7367518951,75.2969680965
3334.4507670486,75.3562464636
3335.1647822022,75.4879443626
3335.8787973557,75.4001114696
3336.5928125093,75.4093301825
3337.3068276628,75.4639656119
3338.0208428163,75.4009150942
3338.7348579699,75.5276696816
3339.4488731234,75.5564133907
3340.1628882770,75.5238181396
3340.8769034305,75.6760701590
3341.5909185841,75.7249611684
3342.3049337376,75.9035727222
3343.0189488912,76.0555544962
3343.7329640447,75.8893469829
3344.4469791982,76.0132972580
3345.1609943518,76.1797591698
3345.8750095053,76.0881109853
3346.5890246589,76.2083932577
3347.3030398124,76.2435504814
3348.0170549660,76.2619389219
3348.7310701195,76.5338135732
3349.4450852730,76.5229935711
3350.1591004266,76.4767263044
3350.8731155801,76.6346437811
3351.5871307337,76.6340575205
3352.3011458872,76.7550157889
3353.0151610408,76.9212706060
3353.7291761943,76.9015855041
3354.4431913478,77.0630094142
3355.1572065014,77.2453112234
3355.8712216549,77.2252016481
3356.5852368085,77.2203471175
3357.2992519620,77.2662147699
3358.0132671156,77.3348310252
3358.7272822691,77.3966345384
3359.4412974227,77.5552777816
3360.1553125762,77.7482978698
3360.8693277297,77.6663193360
3361.5833428833,77.5917565068
3362.2973580368,77.7112659052
3363.0113731904,77.7630003061
3363.7253883439,77.8768536539
3364.4394034975,77.9870306449
3365.1534186510,77.9485333312
3365.8674338045,77.9452192655
3366.5814489581,77.9336537347
3367.2954641116,78.0163706947
3368.0094792652,78.1940164579
3368.7234944187,78.2284873307
3369.4375095723,78.3170632336
3370.1515247258,78.3480851820
3370.8655398794,78.2698452046
3371.5795550329,78.4899122480
3372.2935701864,78.6331073352
3373.0075853400,78.5348466668
3373.7216004935,78.6260034898
3374.4356156471,78.6288091549
3375.1496308006,78.5630924060
3375.8636459542,78.7796779212
3376.5776611077,78.9199693540
3377.2916762612,78.8626258300
3378.0056914148,78.8873509952
3378.7197065683,79.0167793081
3379.4337217219,79.0816318380
3380.1477368754,79.0443846723
3380.8617520290,79.1582804344
3381.5757671825,79.2577595525
3382.2897823361,79.1367296112
3383.0037974896,79.2131457227
3383.7178126431,79.3529678963
3384.4318277967,79.3019817369
3385.1458429502,79.4255807482
3385.8598581038,79.5150866928
3386.5738732573,79.4090923782
3387.2878884109,79.5070307615
3388.0019035644,79.7141460652
3388.7159187179,79.7956591218
3389.4299338715,79.7240315843
3390.1439490250,79.6418573843
3390.8579641786,79.7932214961
3391.5719793321,79.8788377299
3392.2859944857,79.7509636626
3393.0000096392,79.7753264188
3393.7140247927,79.8793137047
3394.4280399463,79.8979676977
3395.1420550998,79.8682833374
3395.8560702534,79.8849569798
3396.5700854069,80.1020435213
3397.2841005605,80.1797650644
3397.9981157140,80.0019464738
3398.7121308676,80.0296625045
3399.4261460211,80.1062256904
3400.1401611746,80.0743969660
3400.8541763282,80.1399440660
3401.5681914817,80.1141024415
3402.2822066353,80.0559624237
3402.9962217888,80.2271758147
3403.7102369424,80.4266139536
3404.4242520959,80.4600398032
3405.1382672494,80.3840024516
3405.8522824030,80.4119040886
3406.5662975565,80.6015666702
3407.2803127101,80.6779889256
3407.9943278636,80.6667093669
3408.7083430172,80.7354458248
3409.4223581707,80.7731635919
3410.1363733243,80.7920693702
3410.8503884778,80.8392582889
3411.5644036313,80.8685223647
3412.2784187849,80.9495329065
3412.9924339384,81.0605357171
3413.7064490920,81.0738346101
3414.4204642455,81.0447526966
3415.1344793991,81.1098353657
3415.8484945526,81.1433336488
3416.5625097061,81.0697817993
3417.2765248597,81.1642670740
3417.9905400132,81.3583300688
3418.7045551668,81.4224237217
3419.4185703203,81.5212021542
3420.1325854739,81.5402215155
3420.8466006274,81.4611281842
3421.5606157809,81.6204398434
3422.2746309345,81.7395266903
3422.9886460880,81.7094477698
3423.7026612416,81.7782879631
3424.4166763951,81.7426038882
3425.1306915487,81.7274877964
3425.8447067022,81.8279351774
3426.5587218558,81.7228880744
3427.2727370093,81.7898574327
3427.9867521628,82.1019936809
3428.7007673164,82.0330854545
3429.4147824699,81.8437298768
3430.1287976235,81.9232046187
3430.8428127770,82.0071329861
3431.5568279306,82.0753180096
3432.2708430841,82.1977628799
3432.9848582376,82.2127223820
3433.6988733912,82.1146831066
3434.4128885447,82.0842642875
3435.1269036983,82.1409874348
3435.8409188518,82.1169461126
3436.5549340054,82.0849439732
3437.2689491589,82.1671507715
3437.9829643125,82.1831702398
3438.6969794660,82.1009602162
3439.4109946195,82.1036056509
3440.1250097731,82.2253226476
3440.8390249266,82.3113829221
3441.5530400802,82.2662779326
3442.2670552337,82.2768070344
3442.9810703873,82.3978598129
3443.6950855408,82.5139708516
3444.4091006943,82.6781014481
3445.1231158479,82.7585363179
3445.8371310014,82.7927078093
3446.5511461550,82.9765641383
3447.2651613085,83.0251169759
3447.9791764621,83.0613220050
3448.6931916156,83.3373202240
3449.4072067691,83.4165570475
3450.1212219227,83.3844744630
3450.8352370762,83.6232852977
3451.5492522298,83.8502285033
3452.2632673833,83.8920821955
3452.9772825369,83.9202498994
3453.6912976904,84.1220193322
3454.4053128440,84.3194983328
3455.1193279975,84.1822185686
3455.8333431510,84.2259660039
3456.5473583046,84.6412357054
3457.2613734581,84.7031450105
3457.9753886117,84.6052746596
3458.6894037652,84.7647432830
3459.4034189188,84.8590375531
3460.1174340723,84.8976586173
3460.8314492258,85.0005933769
3461.5454643794,85.1645723346
3462.2594795329,85.3612829259
3462.9734946865,85.3164630155
3463.6875098400,85.2249639904
3464.4015249936,85.3136706676
3465.1155401471,85.3505338968
3465.8295553007,85.4500925756
3466.5435704542,85.6350187792
3467.2575856077,85.7030770622
3467.9716007613,85.7610514219
3468.6856159148,85.7965831442
3469.3996310684,85.8372812093
3470.1136462219,85.9224227440
3470.8276613755,85.9058553908
3471.5416765290,85.9907211642
3472.2556916825,86.1509143655
3472.9697068361,86.1281278141
3473.6837219896,86.1859255465
3474.3977371432,86.3161557523
3475.1117522967,86.2459156318
3475.8257674503,86.1973621652
3476.5397826038,86.3224045926
3477.2537977573,86.4535004125
3477.9678129109,86.4509389010
3478.6818280644,86.4220716538
3479.3958432180,86.4715793603
3480.1098583715,86.4557271817
3480.8238735251,86.4588652860
3481.5378886786,86.5477479278
3482.2519038322,86.5643569885
3482.9659189857,86.6139655465
3483.6799341392,86.6411575290
3484.3939492928,86.6795720200
3485.1079644463,86.8807623952
3485.8219795999,86.8388897098
3486.5359947534,86.6829992224
3487.2500099070,86.8175207497
3487.9640250605,86.9256741106
3488.6780402140,87.0710939747
3489.3920553676,87.2110627600
3490.1060705211,87.1558158273
3490.8200856747,87.3896230008
3491.5341008282,87.6181455268
3492.2481159818,87.5028945999
3492.9621311353,87.5809442465
3493.6761462889,87.6753983948
3494.3901614424,87.7486232975
3495.1041765959,87.9862750572
3495.8181917495,87.9435263292
3496.5322069030,87.9730823098
3497.2462220566,88.1982084292
3497.9602372101,88.2077056050
3498.6742523637,88.4378035946
3499.3882675172,88.6101131249
3500.1022826707,88.5056432752
3500.8162978243,88.7479677849
3501.5303129778,88.8295160316
3502.2443281314,88.7280362440
3502.9583432849,89.0866200750
3503.6723584385,89.2911316334
3504.3863735920,89.3155489126
3505.1003887456,89.3594177375
3505.8144038991,89.2909059160
3506.5284190526,89.5877231084
3507.2424342062,89.7047400582
3507.9564493597,89.4250021715
3508.6704645133,89.6550465204
3509.3844796668,89.8339037842
3510.0984948204,89.7291795266
3510.8125099739,89.9692037232
3511.5265251274,89.9912646758
3512.2405402810,90.0410285148
3512.9545554345,90.3682988627
3513.6685705881,90.3362050629
3514.3825857416,90.3769065715
3515.0966008952,90.5105934813
3515.8106160487,90.4447505064
3516.5246312022,90.6616309011
3517.2386463558,90.6693010638
3517.9526615093,90.4710323574
3518.6666766629,90.7078584376
3519.3806918164,90.7084330896
3520.0947069700,90.6325806588
3520.8087221235,90.9189900002
3521.5227372771,90.8773902839
3522.2367524306,90.8313514624
3522.9507675841,91.1183391286
3523.6647827377,91.1374942614
3524.3787978912,91.1010665693
3525.0928130448,91.1738030142
3525.8068281983,91.2053162123
3526.5208433519,91.2225310786
3527.2348585054,91.1885639225
3527.9488736589,91.3495087402
3528.6628888125,91.4797603324
3529.3769039660,91.3766645059
3530.0909191196,91.5858067893
3530.8049342731,91.8143230445
3531.5189494267,91.6940137258
3532.2329645802,91.6717998166
3532.9469797338,91.7108262707
3533.6609948873,91.7561448222
3534.3750100408,91.8435010361
3535.0890251944,91.8257287894
3535.8030403479,91.9885955349
3536.5170555015,92.1217798107
3537.2310706550,91.9774582612
3537.9450858086,92.1236458208
3538.6591009621,92.2673500106
3539.3731161156,92.0943273287
3540.0871312692,92.0918279061
3540.8011464227,92.1279753929
3541.5151615763,92.1464572084
3542.2291767298,92.2092615721
3542.9431918834,92.1778486864
3543.6572070369,92.2384923259
3544.3712221904,92.3598191859
3545.0852373440,92.3175325009
3545.7992524975,92.4140342171
3546.5132676511,92.6085941880
3547.2272828046,92.6090764640
3547.9412979582,92.5937735450
3548.6553131117,92.6861446628
3549.3693282653,92.7024664822
3550.0833434188,92.7170625980
3550.7973585723,92.8513297445
3551.5113737259,92.8908083279
3552.2253888794,92.7901495317
3552.9394040330,92.9529095114
3553.6534191865,93.1410914506
3554.3674343401,93.0104629276
3555.0814494936,92.9984612258
3555.7954646471,93.1964857240
3556.5094798007,93.2662941027
3557.2234949542,93.2595465853
3557.9375101078,93.2210153272
3558.6515252613,93.1979980860
3559.3655404149,93.3002341904
3560.0795555684,93.2998538522
3560.7935707220,93.2845086435
3561.5075858755,93.4419157444
3562.2216010290,93.5209737286
3562.9356161826,93.5322222309
3563.6496313361,93.5988316644
3564.3636464897,93.5800479560
3565.0776616432,93.5491527632
3565.7916767968,93.5325504634
3566.5056919503,93.5382269425
3567.2197071038,93.7063840446
3567.9337222574,93.8479895652
3568.6477374109,93.8344430886
3569.3617525645,93.9071134936
3570.0757677180,93.9442504882
3570.7897828716,93.8609792220
3571.5037980251,93.8922255660
3572.2178131786,93.9616166088
3572.9318283322,93.9603239941
3573.6458434857,94.0195771481
3574.3598586393,94.1366600788
3575.0738737928,94.1376045079
3575.7878889464,94.0727130672
3576.5019040999,94.0677741810
3577.2159192535,94.1862767997
3577.9299344070,94.3455886614
3578.6439495605,94.3291987986
3579.3579647141,94.2782666462
3580.0719798676,94.4227240938
3580.7859950212,94.5405364975
3581.5000101747,94.5435447160
3582.2140253283,94.5580403507
3582.9280404818,94.5418644080
3583.6420556353,94.5339391055
3584.3560707889,94.5592507605
3585.0700859424,94.5542618445
3585.7841010960,94.5498284015
3586.4981162495,94.4271952232
3587.2121314031,94.4263240949
3587.9261465566,94.7414489782
3588.6401617102,94.9116724062
3589.3541768637,94.7364207150
3590.0681920172,94.7977957650
3590.7822071708,94.8981126311
3591.4962223243,94.9165595240
3592.2102374779,94.8941744186
3592.9242526314,94.8632484230
3593.6382677850,94.9804613338
3594.3522829385,95.0122855180
3595.0662980920,94.9084422293
3595.7803132456,95.0470188445
3596.4943283991,95.1496637065
3597.2083435527,95.0828650623
3597.9223587062,95.1259245364
3598.6363738598,95.1667165982
3599.3503890133,95.1430373317
3600.0644041668,95.1720372084
3600.7784193204,95.1989738121
3601.4924344739,95.2963904291
3602.2064496275,95.3499237404
3602.9204647810,95.2702918786
3603.6344799346,95.3633280865
3604.3484950881,95.4961937384
3605.0625102417,95.3817282239
3605.7765253952,95.3048063688
3606.4905405487,95.3787067607
3607.2045557023,95.4278296019
3607.9185708558,95.4114172790
3608.6325860094,95.4126139770
3609.3466011629,95.4889514769
3610.0606163165,95.5918359726
3610.7746314700,95.6933291540
3611.4886466235,95.7985817682
3612.2026617771,95.8115932560
3612.9166769306,95.6643327514
3613.6306920842,95.6196702577
3614.3447072377,95.7503017903
3615.0587223913,95.8797308438
3615.7727375448,95.8391963502
3616.4867526984,95.8465221704
3617.2007678519,95.7805175940
3617.9147830054,95.5980952867
3618.6287981590,95.7816612718
3619.3428133125,96.0096691204
3620.0568284661,95.8164097019
3620.7708436196,95.7907624440
3621.4848587732,95.9187966179
3622.1988739267,96.0552579706
3622.9128890802,96.1628724897
3623.6269042338,96.0733701423
3624.3409193873,96.0544996012
3625.0549345409,96.1638087252
3625.7689496944,96.0295262318
3626.4829648480,95.9512086441
3627.1969800015,96.0756013324
3627.9109951551,96.1475443508
3628.6250103086,96.3340746344
3629.3390254621,96.2767922716
3630.0530406157,96.0904412086
3630.7670557692,96.2485662760
3631.4810709228,96.3378925876
3632.1950860763,96.3605362571
3632.9091012299,96.3779715891
3633.6231163834,96.3444874826
3634.3371315369,96.4115541331
3635.0511466905,96.3607296180
3635.7651618440,96.3318692877
3636.4791769976,96.6355498995
3637.1931921511,96.6032674992
3637.9072073047,96.3612449478
3638.6212224582,96.6078516806
3639.3352376117,96.6720691153
3640.0492527653,96.5192370836
3640.7632679188,96.6865378910
3641.4772830724,96.6745721460
3642.1912982259,96.5004975447
3642.9053133795,96.6403530427
3643.6193285330,96.7702858409
3644.3333436866,96.8390313290
3645.0473588401,96.9151374238
3645.7613739936,96.8181698855
3646.4753891472,96.6912024918
3647.1894043007,96.5780491849
3647.9034194543,96.5251330852
3648.6174346078,96.7779283763
3649.3314497614,97.1905032620
3650.0454649149,96.9891110496
3650.7594800684,96.7892323946
3651.4734952220,96.8928763421
3652.1875103755,96.9329686295
3652.9015255291,96.9159721564
3653.6155406826,96.9329836290
3654.3295558362,96.8730139768
3655.0435709897,96.8565553651
3655.7575861433,97.1479749517
3656.4716012968,97.0324364285
3657.1856164503,96.6788015050
3657.8996316039,96.9789197627
3658.6136467574,97.2939110355
3659.3276619110,97.2101560998
3660.0416770645,97.0680142529
3660.7556922181,96.9928372029
3661.4697073716,96.9883403272
3662.1837225251,96.9920919806
3662.8977376787,97.0072069446
3663.6117528322,97.1670370449
3664.3257679858,97.1730781899
3665.0397831393,96.9758918038
3665.7537982929,96.9504283957
3666.4678134464,96.9596412542
3667.1818285999,96.9592571973
3667.8958437535,97.0566229965
3668.6098589070,97.2164828043
3669.3238740606,97.2535687546
3670.0378892141,97.2165044875
3670.7519043677,97.2780804700
3671.4659195212,97.2248518673
3672.1799346748,97.0915304068
3672.8939498283,97.0812256302
3673.6079649818,97.1556527950
3674.3219801354,96.7884683053
3675.0359952889,96.5040799614
3675.7500104425,96.9852464452
3676.4640255960,96.8406306057
3677.1780407496,96.9891202217
3677.8920559031,97.1231680394
3678.6060710566,96.8530686016
3679.3200862102,96.7689033730
3680.0341013637,96.9138619998
3680.7481165173,96.9524704701
3681.4621316708,97.1084027379
3682.1761468244,97.2069721683
3682.8901619779,97.2036300203
3683.6041771315,97.1279570840
3684.3181922850,96.8315198271
3685.0322074385,96.7549018236
3685.7462225921,96.8710566138
3686.4602377456,96.8449410491
3687.1742528992,96.9134833845
3687.8882680527,97.0076521195
3688.6022832063,96.7262198542
3689.3162983598,96.6912825055
3690.0303135133,96.9183483758
3690.7443286669,97.1247083059
3691.4583438204,96.9008193875
3692.1723589740,96.7386046379
3692.8863741275,96.9589893845
3693.6003892811,96.9846015491
3694.3144044346,96.8044081935
3695.0284195881,96.9319434663
3695.7424347417,96.9853631729
3696.4564498952,96.8387419953
3697.1704650488,96.8279544799
3697.8844802023,96.7849517076
3698.5984953559,96.7511173523
3699.3125105094,96.7649370925
3700.0265256630,96.7941353885
3700.7405408165,97.0342429099
3701.4545559700,97.1398098109
3702.1685711236,96.8253585891
3702.8825862771,96.9643548251
3703.5966014307,97.1355245112
3704.3106165842,96.9839525697
3705.0246317378,96.8540012965
3705.7386468913,96.8009520353
3706.4526620448,96.8204584844
3707.1666771984,96.9152543315
3707.8806923519,96.8929680055
3708.5947075055,96.7915800975
3709.3087226590,96.5464715982
3710.0227378126,96.4715362205
3710.7367529661,96.8350819345
3711.4507681197,97.0931847579
3712.1647832732,96.8134751855
3712.8787984267,96.6130174494
3713.5928135803,96.7408070490
3714.3068287338,96.8046977569
3715.0208438874,96.8834350066
3715.7348590409,96.8754995665
3716.4488741945,96.8393162268
3717.1628893480,96.8994095313
3717.8769045015,96.9141016000
3718.5909196551,96.8354600271
3719.3049348086,96.7790242847
3720.0189499622,96.7570930538
3720.7329651157,96.8183617545
3721.4469802693,96.9674733957
3722.1609954228,96.8784808082
3722.8750105763,96.6114780158
3723.5890257299,96.7200693541
3724.3030408834,96.8058925831
3725.0170560370,96.7084611793
3725.7310711905,96.6931939182
3726.4450863441,96.6457414096
3727.1591014976,96.7066072617
3727.8731166512,96.8932789246
3728.5871318047,96.7636856036
3729.3011469582,96.6365485781
3730.0151621118,96.8252005036
3730.7291772653,96.8056794607
3731.4431924189,96.6585982008
3732.1572075724,96.8439611731
3732.8712227260,96.7761879186
3733.5852378795,96.7113267829
3734.2992530330,96.8207559049
3735.0132681866,96.9110364975
3735.7272833401,96.7432750050
3736.4412984937,96.7446092876
3737.1553136472,96.8197088927
3737.8693288008,96.8446987050
3738.5833439543,96.8431805731
3739.2973591079,96.9158188621
3740.0113742614,96.8597645635
3740.7253894149,96.6142607638
3741.4394045685,96.5842375766
3742.1534197220,96.7400445454
3742.8674348756,96.7893267256
3743.5814500291,96.7903596516
3744.2954651827,97.1899924883
3745.0094803362,96.7376382728
3745.7234954897,96.5353186566
3746.4375106433,96.7517842495
3747.1515257968,97.1680795043
3747.8655409504,97.0361561348
3748.5795561039,96.4780244691
3749.2935712575,96.2542307489
3750.0075864110,96.3329191777
3750.7216015645,96.6144532581
3751.4356167181,97.2810838371
3752.1496318716,97.6288048237
3752.8636470252,96.4318885279
3753.5776621787,96.5932488634
3754.2916773323,96.9248347611
3755.0056924858,96.9058806011
3755.7197076394,96.7575272934
3756.4337227929,96.7792121943
3757.1477379464,96.7738725468
3757.8617531000,96.6458701334
3758.5757682535,96.8213310347
3759.2897834071,97.0712534791
3760.0037985606,96.6122955176
3760.7178137142,96.5413968450
3761.4318288677,96.8364075593
3762.1458440212,96.9103859443
3762.8598591748,96.9430367238
3763.5738743283,96.8788115888
3764.2878894819,96.7231514678
3765.0019046354,96.8327915938
3765.7159197890,96.8064964690
3766.4299349425,96.5898479544
3767.1439500961,96.7308526802
3767.8579652496,96.7834343297
3768.5719804031,96.7342265619
3769.2859955567,96.8024279256
3770.0000107102,96.6649210140
3770.7140258638,96.5521581003
3771.4280410173,96.7410439125
3772.1420561709,96.9316058635
3772.8560713244,96.9310629955
3773.5700864779,96.7779952154
3774.2841016315,96.7194819631
3774.9981167850,96.7783174087
3775.7121319386,96.7782551503
3776.4261470921,96.7720993185
3777.1401622457,96.7467023633
3777.8541773992,96.7520563602
3778.5681925528,96.8328126283
3779.2822077063,96.7802262264
3779.9962228598,96.6306072682
3780.7102380134,96.6959394435
3781.4242531669,96.7553722435
3782.1382683205,96.7413514580
3782.8522834740,96.7223241389
3783.5662986276,96.7471764658
3784.2803137811,96.8245668861
3784.9943289346,96.6542905356
3785.7083440882,96.5529141759
3786.4223592417,96.7341953738
3787.1363743953,96.7001899142
3787.8503895488,96.6034981601
3788.5644047024,96.7346138508
3789.2784198559,96.7846426871
3789.9924350094,96.7737396191
3790.7064501630,96.7741591845
3791.4204653165,96.7356440717
3792.1344804701,96.7372615287
3792.8484956236,96.6650449536
3793.5625107772,96.6693315213
3794.2765259307,96.7543775820
3794.9905410843,96.6464140972
3795.7045562378,96.7147874351
3796.4185713913,96.8923965111
3797.1325865449,96.5933117101
3797.8466016984,96.6584790822
3798.5606168520,96.8740245162
3799.2746320055,96.6885103039
3799.9886471591,96.6410952221
3800.7026623126,96.7732091440
3801.4166774661,96.5340743083
3802.1306926197,96.5188257610
3802.8447077732,96.7583904108
3803.5587229268,96.8053426052
3804.2727380803,96.7104414398
3804.9867532339,96.6322523800
3805.7007683874,96.7345092776
3806.4147835410,96.8174866934
3807.1287986945,96.4992291990
3807.8428138480,96.5302995620
3808.5568290016,96.8341893164
3809.2708441551,96.9652631395
3809.9848593087,96.8824855674
3810.6988744622,96.7914599010
3811.4128896158,96.7158256160
3812.1269047693,96.6132194036
3812.8409199228,96.6690906583
3813.5549350764,96.8038453289
3814.2689502299,96.7400412637
3814.9829653835,96.7187247592
3815.6969805370,96.8747015574
3816.4109956906,96.5345351188
3817.1250108441,96.5473717716
3817.8390259976,96.6982760852
3818.5530411512,96.5599497431
3819.2670563047,96.5366077087
3819.9810714583,96.7048047527
3820.6950866118,96.6324372144
3821.4091017654,96.4195537794
3822.1231169189,96.5961837401
3822.8371320725,96.7502758508
3823.5511472260,96.7020529850
3824.2651623795,96.6030083969
3824.9791775331,96.5863617559
3825.6931926866,96.5942221058
3826.4072078402,96.6998432488
3827.1212229937,96.7275739516
3827.8352381473,96.6659286635
3828.5492533008,96.8349087160
3829.2632684543,96.8457124018
3829.9772836079,96.6664237632
3830.6912987614,96.8216924521
3831.4053139150,96.8612577082
3832.1193290685,96.5394808615
3832.8333442221,96.6859318004
3833.5473593756,96.7139358512
3834.2613745292,96.6837377862
3834.9753896827,96.8994358070
3835.6894048362,96.6098937313
3836.4034199898,96.5525715045
3837.1174351433,96.8784571775
3837.8314502969,96.7431365183
3838.5454654504,96.3518672141
3839.2594806040,96.4294699207
3839.9734957575,96.4669392337
3840.6875109110,96.7196205149
3841.4015260646,96.6556754035
3842.1155412181,96.5305072502
3842.8295563717,96.6908884083
3843.5435715252,96.6549675163
3844.2575866788,96.5747270049
3844.9716018323,96.6870368618
3845.6856169858,96.6162081535
3846.3996321394,96.7525534784
3847.1136472929,96.9495830648
3847.8276624465,96.7550140234
3848.5416776000,96.5984300517
3849.2556927536,96.5487053867
3849.9697079071,96.5545178771
3850.6837230607,96.7222931077
3851.3977382142,96.6591177198
3852.1117533677,96.3385735543
3852.8257685213,96.3798261646
3853.5397836748,96.5956524981
3854.2537988284,97.0943072449
3854.9678139819,96.3941119320
3855.6818291355,96.4559201726
3856.3958442890,96.7388340147
3857.1098594425,96.6638563937
3857.8238745961,96.3826630562
3858.5378897496,96.5598983863
3859.2519049032,96.7296046759
3859.9659200567,96.7389837175
3860.6799352103,96.7203697824
3861.3939503638,96.5421443295
3862.1079655174,96.4177090793
3862.8219806709,96.4831176001
3863.5359958244,96.5911351186
3864.2500109780,96.8564012777
3864.9640261315,96.8160603278
3865.6780412851,96.4244977993
3866.3920564386,96.5554214713
3867.1060715922,96.7765151290
3867.8200867457,96.7898863801
3868.5341018992,96.7066057561
3869.2481170528,96.5717398336
3869.9621322063,96.4115013608
3870.6761473599,96.4057629956
3871.3901625134,96.4975850589
3872.1041776670,96.5797063640
3872.8181928205,96.5812017782
3873.5322079740,96.4768777056
3874.2462231276,96.4916845725
3874.9602382811,96.6088978412
3875.6742534347,96.6569514800
3876.3882685882,96.7206062174
3877.1022837418,96.7028093811
3877.8162988953,96.5028745549
3878.5303140489,96.4884137314
3879.2443292024,96.6923649150
3879.9583443559,96.7257248251
3880.6723595095,96.5243553195
3881.3863746630,96.4988141952
3882.1003898166,96.5844086396
3882.8144049701,96.6639164580
3883.5284201237,96.5679046165
3884.2424352772,96.5610134737
3884.9564504307,96.7774501417
3885.6704655843,96.7563308300
3886.3844807378,96.5343738317
3887.0984958914,96.6873912249
3887.8125110449,96.6456470603
3888.5265261985,96.5722861591
3889.2405413520,96.5856163691
3889.9545565056,96.5281059068
3890.6685716591,96.6265013679
3891.3825868126,96.4699199072
3892.0966019662,96.2071377148
3892.8106171197,96.6104151758
3893.5246322733,96.7785144225
3894.2386474268,96.4794677312
3894.9526625804,96.4906396752
3895.6666777339,96.5738907789
3896.3806928874,96.5905059222
3897.0947080410,96.6848932485
3897.8087231945,96.6526684992
3898.5227383481,96.6583288679
3899.2367535016,96.5642119140
3899.9507686552,96.3016221654
3900.6647838087,96.5836168433
3901.3787989623,96.7803806543
3902.0928141158,96.3360655016
3902.8068292693,96.3456818066
3903.5208444229,96.5246242599
3904.2348595764,96.5614123795
3904.9488747300,96.4888943893
3905.6628898835,96.4444223320
3906.3769050371,96.5957062007
3907.0909201906,96.6430048669
3907.8049353441,96.4059322727
3908.5189504977,96.3708220786
3909.2329656512,96.4913540986
3909.9469808048,96.4914204057
3910.6609959583,96.4737807380
3911.3750111119,96.4735829317
3912.0890262654,96.6101456348
3912.8030414189,96.7576888387
3913.5170565725,96.5972251691
3914.2310717260,96.4617278186
3914.9450868796,96.5364849296
3915.6591020331,96.5494847829
3916.3731171867,96.5096685463
3917.0871323402,96.4382087013
3917.8011474938,96.4146365442
3918.5151626473,96.5574500114
3919.2291778008,96.6303678037
3919.9431929544,96.5380498201
3920.6572081079,96.4289936424
3921.3712232615,96.4162071089
3922.0852384150,96.5284690611
3922.7992535686,96.6116685987
3923.5132687221,96.4582545230
3924.2272838756,96.3188774436
3924.9412990292,96.4413262278
3925.6553141827,96.5379935809
3926.3693293363,96.5038467822
3927.0833444898,96.5275419759
3927.7973596434,96.5395442041
3928.5113747969,96.4699636675
3929.2253899505,96.4745905351
3929.9394051040,96.5277818530
3930.6534202575,96.5349119644
3931.3674354111,96.5103790193
3932.0814505646,96.4378923752
3932.7954657182,96.4847136634
3933.5094808717,96.5787781397
3934.2234960253,96.5325213496
3934.9375111788,96.5688433164
3935.6515263323,96.6276561931
3936.3655414859,96.4694446050
3937.0795566394,96.4537495940
3937.7935717930,96.5931846745
3938.5075869465,96.5681872654
3939.2216021001,96.4988861609
3939.9356172536,96.4621752283
3940.6496324071,96.4891167151
3941.3636475607,96.5620247006
3942.0776627142,96.4870986449
3942.7916778678,96.4038082030
3943.5056930213,96.4505968904
3944.2197081749,96.5032151892
3944.9337233284,96.5761971550
3945.6477384820,96.5376884914
3946.3617536355,96.4467481625
3947.0757687890,96.4595444497
3947.7897839426,96.4692020328
3948.5037990961,96.5310693657
3949.2178142497,96.5452112402
3949.9318294032,96.4692463710
3950.6458445568,96.6020034285
3951.3598597103,96.6330996673
3952.0738748638,96.5499196606
3952.7878900174,96.6667065758
3953.5019051709,96.5519488926
3954.2159203245,96.3854235861
3954.9299354780,96.5640866855
3955.6439506316,96.5427092438
3956.3579657851,96.4445347511
3957.0719809387,96.4957776905
3957.7859960922,96.3585741366
3958.5000112457,96.4483439793
3959.2140263993,96.6494584832
3959.9280415528,96.4411563867
3960.6420567064,96.3863015162
3961.3560718599,96.5371457147
3962.0700870135,96.4626972484
3962.7841021670,96.4355990978
3963.4981173205,96.4932031185
3964.2121324741,96.5595727992
3964.9261476276,96.6158106597
3965.6401627812,96.4864082138
3966.3541779347,96.4001725240
3967.0681930883,96.4428496750
3967.7822082418,96.4679363130
3968.4962233953,96.6054127218
3969.2102385489,96.6558584703
3969.9242537024,96.4838764042
3970.6382688560,96.4364273816
3971.3522840095,96.5491254742
3972.0662991631,96.6174699723
3972.7803143166,96.5205296997
3973.4943294702,96.4250820216
3974.2083446237,96.5109271957
3974.9223597772,96.4886300006
3975.6363749308,96.3845996604
3976.3503900843,96.4697681226
3977.0644052379,96.4695681144
3977.7784203914,96.4270599244
3978.4924355450,96.5388008242
3979.2064506985,96.5288007873
3979.9204658520,96.4414991874
3980.6344810056,96.4162175499
3981.3484961591,96.3723578873
3982.0625113127,96.4471272438
3982.7765264662,96.5285712495
3983.4905416198,96.4464230134
3984.2045567733,96.4120819145
3984.9185719269,96.4206264803
3985.6325870804,96.4160448282
3986.3466022339,96.5156154528
3987.0606173875,96.5672607693
3987.7746325410,96.4820262928
3988.4886476946,96.4704100011
3989.2026628481,96.4797447654
3989.9166780017,96.3328229802
3990.6306931552,96.2994361394
3991.3447083087,96.5022570577
3992.0587234623,96.5132644268
3992.7727386158,96.3687472732
3993.4867537694,96.4434988822
3994.2007689229,96.5462504698
3994.9147840765,96.4862878629
3995.6287992300,96.4073364343
3996.3428143835,96.3996429885
3997.0568295371,96.5070569472
3997.7708446906,96.5514581740
3998.4848598442,96.4443505257
3999.1988749977,96.4564932602
3999.9128901513,96.5209394629