399.8484859844,44.7486267031
400.5625011380,65.9860348572
401.2765162915,62.1320786510
401.9905314450,56.6748712778
402.7045465986,69.5595375940
403.4185617521,61.0715608952
404.1325769057,51.0834379497
404.8465920592,59.9982937705
405.5606072128,70.7030396152
406.2746223663,61.3517250616
406.9886375199,51.5557592044
407.7026526734,62.2611262933
408.4166678269,69.7989665608
409.1306829805,59.8499926665
409.8446981340,58.2706148304
410.5587132876,62.8197027774
411.2727284411,58.9728324117
411.9867435947,62.8409512916
412.7007587482,66.8915957310
413.4147739017,61.7511631884
414.1287890553,59.3036366024
414.8428042088,63.6645550319
415.5568193624,64.3064162768
416.2708345159,57.4915643454
416.9848496695,57.6821941395
417.6988648230,58.1543082971
418.4128799766,49.2977630512
419.1268951301,59.5450808752
419.8409102836,63.0188709668
420.5549254372,53.7361948984
421.2689405907,59.0373231362
421.9829557443,60.4481851790
422.6969708978,55.1150027165
423.4109860514,63.8421006134
424.1250012049,61.7940603169
424.8390163584,56.5917212549
425.5530315120,61.3500465580
426.2670466655,57.3238375246
426.9810618191,54.0102945905
427.6950769726,58.9370243863
428.4090921262,58.2281306228
429.1231072797,56.7428809403
429.8371224332,58.7329170228
430.5511375868,57.1769388661
431.2651527403,55.4514934946
431.9791678939,54.9968957476
432.6931830474,55.6029259672
433.4071982010,57.7722303258
434.1212133545,57.7884463003
434.8352285081,56.6957360516
435.5492436616,54.9112225888
436.2632588151,53.8052027594
436.9772739687,57.8919812862
437.6912891222,60.7695150295
438.4053042758,60.8931736985
439.1193194293,58.9345468602
439.8333345829,55.1152392089
440.5473497364,56.3285364188
441.2613648899,60.5307856082
441.9753800435,59.5797182546
442.6893951970,57.3008768188
443.4034103506,56.6704560373
444.1174255041,56.2755684333
444.8314406577,57.5094775893
445.5454558112,57.4023095696
446.2594709648,56.1670870407
446.9734861183,57.5924274403
447.6875012718,58.7939176321
448.4015164254,58.5851682304
449.1155315789,58.9715293936
449.8295467325,60.0652720284
450.5435618860,59.1059529700
451.2575770396,58.0445525204
451.9715921931,59.6169334701
452.6856073466,58.4965292881
453.3996225002,56.0389306843
454.1136376537,58.1366705757
454.8276528073,58.3467885547
455.5416679608,57.2558915907
456.2556831144,59.3863110094
456.9696982679,59.1037962876
457.6837134214,56.5156127019
458.3977285750,57.4428278631
459.1117437285,57.1104217517
459.8257588821,57.5186390329
460.5397740356,57.6024099352
461.2537891892,56.0189941462
461.9678043427,57.2701086024
462.6818194963,58.2179099828
463.3958346498,57.4552517233
464.1098498033,58.2072340930
464.8238649569,58.5817789032
465.5378801104,59.3362312167
466.2518952640,60.5018341765
466.9659104175,58.6283823635
467.6799255711,57.2939818978
468.3939407246,58.8941873662
469.1079558781,60.1933657873
469.8219710317,60.1523154215
470.5359861852,59.4736226037
471.2500013388,59.8968109159
471.9640164923,59.7401058803
472.6780316459,58.5231651477
473.3920467994,58.8899753628
474.1060619530,57.6600194258
474.8200771065,56.6340666690
475.5340922600,58.8826799373
476.2481074136,59.0187030986
476.9621225671,57.8203547778
477.6761377207,58.7340727613
478.3901528742,58.7808010986
479.1041680278,57.9506626970
479.8181831813,57.5686282618
480.5321983348,58.6079338557
481.2462134884,60.2637665700
481.9602286419,58.3428868789
482.6742437955,57.2308880386
483.3882589490,59.6066379926
484.1022741026,58.9885232005
484.8162892561,57.1745256397
485.5303044097,58.2012024799
486.2443195632,58.4579214799
486.9583347167,57.9879569706
487.6723498703,57.5807127408
488.3863650238,56.8960893406
489.1003801774,57.6479562378
489.8143953309,58.4241106800
490.5284104845,58.4806020058
491.2424256380,59.0227358933
491.9564407915,59.1284092692
492.6704559451,58.2787402090
493.3844710986,57.7502937297
494.0984862522,58.4009848531
494.8125014057,58.8261109850
495.5265165593,57.5667093188
496.2405317128,57.7376637100
496.9545468663,58.9558633597
497.6685620199,58.1088703406
498.3825771734,57.8866561888
499.0965923270,58.6932105844
499.8106074805,58.2858581866
500.5246226341,58.0199163612
501.2386377876,57.5684569090
501.9526529412,56.8794829263
502.6666680947,58.1346900966
503.3806832482,58.4384792080
504.0946984018,57.5440161925
504.8087135553,57.1251887238
505.5227287089,57.3305067263
506.2367438624,57.8351090176
506.9507590160,57.8101549866
507.6647741695,57.3648920687
508.3787893230,57.4074849069
509.0928044766,56.9261917569
509.8068196301,56.4220149352
510.5208347837,57.1814058687
511.2348499372,58.1635834261
511.9488650908,58.0687121426
512.6628802443,57.0688126482
513.3768953979,56.8627698663
514.0909105514,57.5990296312
514.8049257049,57.6712131908
515.5189408585,57.3180304843
516.2329560120,56.7461878030
516.9469711656,56.3697278113
517.6609863191,57.0436080792
518.3750014727,56.6342812524
519.0890166262,56.1093372382
519.8030317797,57.2340999499
520.5170469333,57.0897223283
521.2310620868,56.9099927167
521.9450772404,58.0628438140
522.6590923939,57.7892066949
523.3731075475,57.3737666722
524.0871227010,57.9754967921
524.8011378545,58.0099617853
525.5151530081,58.2040425379
526.2291681616,58.0863704814
526.9431833152,57.7849856994
527.6571984687,58.1882403164
528.3712136223,58.0074428557
529.0852287758,58.1662045031
529.7992439294,58.9574824495
530.5132590829,58.6840761712
531.2272742364,58.6250922034
531.9412893900,58.8286667641
532.6553045435,58.7551855428
533.3693196971,59.5512397995
534.0833348506,59.8083673662
534.7973500042,59.4094329854
535.5113651577,59.3906447276
536.2253803112,58.6151229113
536.9393954648,58.4315402273
537.6534106183,58.9352710439
538.3674257719,58.3269861104
539.0814409254,58.3457941993
539.7954560790,58.7968428353
540.5094712325,58.0515863836
541.2234863861,57.6739041022
541.9375015396,57.7979319017
542.6515166931,57.7085299399
543.3655318467,57.5760428408
544.0795470002,57.1794053531
544.7935621538,57.1788265950
545.5075773073,57.4336357305
546.2215924609,57.3410316035
546.9356076144,57.3335156490
547.6496227679,57.0553504576
548.3636379215,56.9603360090
549.0776530750,57.3652438235
549.7916682286,57.0180738534
550.5056833821,56.5649965907
551.2196985357,56.8666066425
551.9337136892,57.0604035760
552.6477288427,57.1328039334
553.3617439963,56.8848186830
554.0757591498,56.5291532717
554.7897743034,56.8335238566
555.5037894569,56.9796489376
556.2178046105,56.6444666161
556.9318197640,56.4426835594
557.6458349176,56.6543733414
558.3598500711,57.1783635598
559.0738652246,57.1604433837
559.7878803782,56.9767713641
560.5018955317,57.5141953198
561.2159106853,57.9799306897
561.9299258388,58.3300054340
562.6439409924,58.9373515157
563.3579561459,59.2918797326
564.0719712994,59.5631156568
564.7859864530,59.6236734061
565.5000016065,59.7405481757
566.2140167601,60.3354604751
566.9280319136,60.1029774923
567.6420470672,59.6293377657
568.3560622207,60.2681194726
569.0700773743,60.4923639469
569.7840925278,60.3351619246
570.4981076813,60.7939716826
571.2121228349,60.8625833993
571.9261379884,60.6224173907
572.6401531420,60.6937522796
573.3541682955,60.9074290429
574.0681834491,61.3000820252
574.7821986026,61.0950510484
575.4962137561,60.4905819624
576.2102289097,60.8794185793
576.9242440632,61.4500159741
577.6382592168,61.1610249835
578.3522743703,60.7876689733
579.0662895239,60.8573047702
579.7803046774,61.0750360341
580.4943198309,61.1062298002
581.2083349845,60.9237830531
581.9223501380,60.8038491119
582.6363652916,60.9571159256
583.3503804451,61.1815866536
584.0643955987,61.0463669411
584.7784107522,61.0222068306
585.4924259058,61.3401406296
586.2064410593,61.1205469213
586.9204562128,60.8230107856
587.6344713664,61.1605126168
588.3484865199,61.1604067339
589.0625016735,60.8368662140
589.7765168270,61.0560552380
590.4905319806,61.3192549734
591.2045471341,61.3996826304
591.9185622876,61.5888144158
592.6325774412,61.5038460174
593.3465925947,61.2976595428
594.0606077483,61.4245431089
594.7746229018,61.6465694668
595.4886380554,61.6972849207
596.2026532089,61.6547354845
596.9166683625,61.5644183768
597.6306835160,61.6530001380
598.3446986695,61.7697465091
599.0587138231,61.5565804440
599.7727289766,61.5362929967
600.4867441302,61.6598333723
601.2007592837,61.2914397396
601.9147744373,61.3629748413
602.6287895908,61.7381638006
603.3428047443,61.0849759798
604.0568198979,60.7537348183
604.7708350514,61.4391590381
605.4848502050,61.3563112378
606.1988653585,60.8707542928
606.9128805121,60.8563137649
607.6268956656,60.6396020622
608.3409108192,60.6277809404
609.0549259727,61.0513491594
609.7689411262,61.0711857424
610.4829562798,60.9108239882
611.1969714333,61.2929467620
611.9109865869,61.8874794178
612.6250017404,62.0439667688
613.3390168940,62.0293574114
614.0530320475,62.1257278657
614.7670472010,62.1304177943
615.4810623546,62.3843446928
616.1950775081,62.6735896370
616.9090926617,62.5930516778
617.6231078152,63.0174855999
618.3371229688,63.5660920766
619.0511381223,63.5034121775
619.7651532758,63.8220942003
620.4791684294,64.3268743421
621.1931835829,64.4754903366
621.9071987365,64.8969612036
622.6212138900,65.2713683657
623.3352290436,65.3303692373
624.0492441971,65.3995906044
624.7632593507,65.4716797809
625.4772745042,65.7084421962
626.1912896577,65.8099059745
626.9053048113,65.7431977286
627.6193199648,65.9212448507
628.3333351184,65.8824247411
629.0473502719,65.8626608310
629.7613654255,66.2243543771
630.4753805790,66.2389331471
631.1893957325,66.3366482164
631.9034108861,66.7761593011
632.6174260396,66.7583995882
633.3314411932,66.7130206137
634.0454563467,66.8989307141
634.7594715003,66.9710238382
635.4734866538,67.1504923815
636.1875018074,67.2957424921
636.9015169609,67.3854847838
637.6155321144,67.4829899729
638.3295472680,67.4876908388
639.0435624215,67.6975430091
639.7575775751,67.7749512867
640.4715927286,67.6753903992
641.1856078822,67.8577633041
641.8996230357,67.7755293620
642.6136381892,67.7443440545
643.3276533428,68.0968160558
644.0416684963,67.8688014771
644.7556836499,67.6830250341
645.4696988034,68.0298551603
646.1837139570,68.0153886986
646.8977291105,68.0907781566
647.6117442640,68.3478303367
648.3257594176,68.2596584487
649.0397745711,68.1605910470
649.7537897247,67.9109789083
650.4678048782,67.8206343071
651.1818200318,68.1081598153
651.8958351853,67.8849816724
652.6098503389,67.5188225812
653.3238654924,67.4417064100
654.0378806459,67.2808768920
654.7518957995,67.3584290922
655.4659109530,67.2211700102
656.1799261066,66.7964261778
656.8939412601,66.8548687416
657.6079564137,66.6171844432
658.3219715672,66.0925077673
659.0359867207,66.1697925393
659.7500018743,66.3364563438
660.4640170278,66.2855856421
661.1780321814,66.1284339715
661.8920473349,65.8932843683
662.6060624885,65.9064399006
663.3200776420,65.9133085038
664.0340927956,65.9127133927
664.7481079491,65.9254430909
665.4621231026,65.7232959108
666.1761382562,65.9378406171
666.8901534097,66.3721538735
667.6041685633,66.6217622258
668.3181837168,66.1343950460
669.0321988704,66.3834134284
669.7462140239,66.7466217195
670.4602291774,67.1098513800
671.1742443310,67.1383007426
671.8882594845,67.5333839796
672.6022746381,68.0679043175
673.3162897916,68.4439051991
674.0303049452,69.2726494309
674.7443200987,69.8202070227
675.4583352522,70.2049828292
676.1723504058,70.8640857872
676.8863655593,71.1870994584
677.6003807129,71.9324938278
678.3143958664,72.7132694508
679.0284110200,72.7182536462
679.7424261735,73.2370863928
680.4564413271,73.7640156867
681.1704564806,73.6294647145
681.8844716341,73.7959333200
682.5984867877,73.9452441048
683.3125019412,74.1826607750
684.0265170948,74.5985482333
684.7405322483,74.2481460439
685.4545474019,74.0503404255
686.1685625554,74.4839234139
686.8825777089,74.5563327623
687.5965928625,74.6104929462
688.3106080160,74.7809992511
689.0246231696,74.6998382042
689.7386383231,74.6087451396
690.4526534767,74.4170590511
691.1666686302,74.3770193632
691.8806837838,74.6314565755
692.5946989373,74.6757256498
693.3087140908,74.7097132321
694.0227292444,74.6510458051
694.7367443979,74.3213971816
695.4507595515,74.3120172935
696.1647747050,74.5369296091
696.8787898586,74.7431578671
697.5928050121,74.9502300713
698.3068201656,74.7918792270
699.0208353192,74.6176921456
699.7348504727,74.7761779552
700.4488656263,74.8383560765
701.1628807798,74.8048302690
701.8768959334,74.7998121950
702.5909110869,74.8332995444
703.3049262404,74.9786549237
704.0189413940,74.9877517847
704.7329565475,75.0186358834
705.4469717011,75.1805374428
706.1609868546,75.0450147493
706.8750020082,75.0285439732
707.5890171617,75.4339046000
708.3030323153,75.5405100826
709.0170474688,75.3534892160
709.7310626223,75.4326180675
710.4450777759,75.6650732222
711.1590929294,75.8974690219
711.8731080830,76.1449507881
712.5871232365,76.3077142893
713.3011383901,76.3758193897
714.0151535436,76.3869833653
714.7291686971,76.4153989944
715.4431838507,76.6787173688
716.1571990042,77.0187952853
716.8712141578,77.0802611828
717.5852293113,77.1879593781
718.2992444649,77.5298910564
719.0132596184,77.7363684333
719.7272747720,77.8851756365
720.4412899255,78.0704980844
721.1553050790,78.2323841515
721.8693202326,78.5578949304
722.5833353861,78.7759638199
723.2973505397,78.8498682228
724.0113656932,79.1500710667
724.7253808468,79.3273878192
725.4393960003,79.3989501917
726.1534111538,79.6758838868
726.8674263074,79.8595967278
727.5814414609,80.0564693759
728.2954566145,80.2806446681
729.0094717680,80.3180228762
729.7234869216,80.4611738086
730.4375020751,80.5953843943
731.1515172287,80.7540345156
731.8655323822,81.1103744363
732.5795475357,81.1560854826
733.2935626893,81.1860586904
734.0075778428,81.4536483702
734.7215929964,81.3732773762
735.4356081499,81.3146110417
736.1496233035,81.4139341634
736.8636384570,81.3940100341
737.5776536105,81.6815432448
738.2916687641,81.8627440414
739.0056839176,81.6770749866
739.7196990712,81.7369868222
740.4337142247,81.7865723855
741.1477293783,81.8345939076
741.8617445318,82.0400862023
742.5757596853,81.8513458907
743.2897748389,81.7766378863
744.0037899924,82.1331529412
744.7178051460,82.1192738558
745.4318202995,81.9547953786
746.1458354531,82.0763254416
746.8598506066,82.1971784430
747.5738657602,82.2557903827
748.2878809137,82.2068474151
749.0018960672,82.1298813023
749.7159112208,82.2261550420
750.4299263743,82.3591614641
751.1439415279,82.4430895058
751.8579566814,82.4552384938
752.5719718350,82.4447590050
753.2859869885,82.5402542911
754.0000021420,82.6353884004
754.7140172956,82.7357318234
755.4280324491,82.8175834579
756.1420476027,82.7474526628
756.8560627562,82.7808177093
757.5700779098,82.9452227879
758.2840930633,82.9611815827
758.9981082169,82.9294258425
759.7121233704,82.9763356791
760.4261385239,83.0659121661
761.1401536775,83.0976057789
761.8541688310,83.0746747726
762.5681839846,83.2185273433
763.2821991381,83.3222585618
763.9962142917,83.2119959221
764.7102294452,83.2442587199
765.4242445987,83.3318487231
766.1382597523,83.2743233203
766.8522749058,83.3056962045
767.5662900594,83.4240252294
768.2803052129,83.5078344962
768.9943203665,83.4622341418
769.7083355200,83.4062402153
770.4223506735,83.6038274917
771.1363658271,83.6513459132
771.8503809806,83.4769422101
772.5643961342,83.6401565162
773.2784112877,83.7332033255
773.9924264413,83.5034820126
774.7064415948,83.5536511865
775.4204567484,83.7318426165
776.1344719019,83.7585874599
776.8484870554,83.8038356843
777.5625022090,83.7727884629
778.2765173625,83.7300099067
778.9905325161,83.6871858863
779.7045476696,83.5652878790
780.4185628232,83.6590809093
781.1325779767,83.7959412755
781.8465931302,83.7802798295
782.5606082838,83.9036782444
783.2746234373,83.9045020834
783.9886385909,83.6997269551
784.7026537444,83.6645461960
785.4166688980,83.5799143339
786.1306840515,83.5843673545
786.8446992051,83.8137410360
787.5587143586,83.6250443106
788.2727295121,83.4793440784
788.9867446657,83.9203230609
789.7007598192,83.9473144719
790.4147749728,83.5264715135
791.1287901263,83.5596790326
791.8428052799,83.7016740542
792.5568204334,83.6369642614
793.2708355869,83.5867599178
793.9848507405,83.5269054952
794.6988658940,83.6166675824
795.4128810476,83.7588190605
796.1268962011,83.6518444328
796.8409113547,83.5238711799
797.5549265082,83.4696560427
798.2689416617,83.4701754324
798.9829568153,83.6594513941
799.6969719688,83.7627112647
800.4109871224,83.6248093855
801.1250022759,83.5166186888
801.8390174295,83.5321494283
802.5530325830,83.5749624343
803.2670477366,83.5365391763
803.9810628901,83.5390188656
804.6950780436,83.6787831596
805.4090931972,83.7047246987
806.1231083507,83.7319434218
806.8371235043,83.8859654394
807.5511386578,83.8353484962
808.2651538114,83.7314679942
808.9791689649,83.7772625078
809.6931841184,83.7850903701
810.4071992720,83.8500054055
811.1212144255,83.9107480902
811.8352295791,83.9027155598
812.5492447326,84.0164394119
813.2632598862,84.0238894237
813.9772750397,83.9581971419
814.6912901933,84.0331345321
815.4053053468,83.9612839686
816.1193205003,83.9619158703
816.8333356539,84.2006054666
817.5473508074,84.1232936876
818.2613659610,83.8994317081
818.9753811145,84.0096900349
819.6893962681,84.1796135699
820.4034114216,84.1703310166
821.1174265751,84.0868947027
821.8314417287,84.0598787385
822.5454568822,84.0807901175
823.2594720358,84.1179026210
823.9734871893,84.2077488411
824.6875023429,84.1626071868
825.4015174964,84.0384554800
826.1155326499,84.0968702000
826.8295478035,84.0752324894
827.5435629570,83.9954469805
828.2575781106,84.1571118289
828.9715932641,84.3175091949
829.6856084177,84.3234380386
830.3996235712,84.1909598778
831.1136387248,84.0737941892
831.8276538783,84.2696962647
832.5416690318,84.3353969031
833.2556841854,84.1191010429
833.9696993389,84.1497019462
834.6837144925,84.1313465702
835.3977296460,84.0531265611
836.1117447996,84.2975010579
836.8257599531,84.2793756834
837.5397751066,84.0410966784
838.2537902602,84.0769325850
838.9678054137,83.9544680083
839.6818205673,83.7500099799
840.3958357208,83.8951886190
841.1098508744,84.1080836566
841.8238660279,84.1270345521
842.5378811815,83.8787056149
843.2518963350,83.7205680813
843.9659114885,83.9678651414
844.6799266421,84.0349059575
845.3939417956,83.8544340668
846.1079569492,83.8914324655
846.8219721027,83.9130452499
847.5359872563,83.8963548725
848.2500024098,83.8822641354
848.9640175633,83.5543827106
849.6780327169,83.3384267046
850.3920478704,83.5370630448
851.1060630240,83.6038375528
851.8200781775,83.4992726132
852.5340933311,83.5030651210
853.2481084846,83.4987372695
853.9621236381,83.4324963525
854.6761387917,83.3475124222
855.3901539452,83.2167607158
856.1041690988,83.0544444068
856.8181842523,82.9618086126
857.5321994059,83.0351743480
858.2462145594,83.0803562665
858.9602297130,82.8808508219
859.6742448665,82.6949100554
860.3882600200,82.7934376944
861.1022751736,82.8820711224
861.8162903271,82.6628351707
862.5303054807,82.4665194924
863.2443206342,82.5087161632
863.9583357878,82.4576102713
864.6723509413,82.3009151496
865.3863660948,82.2162156453
866.1003812484,82.0553498299
866.8143964019,81.9727114418
867.5284115555,82.0082207863
868.2424267090,81.7810042264
868.9564418626,81.5966219097
869.6704570161,81.6770715404
870.3844721697,81.4720270773
871.0984873232,81.1665684129
871.8125024767,81.1984514761
872.5265176303,81.1190870318
873.2405327838,80.8364882946
873.9545479374,80.7332668984
874.6685630909,80.7018619561
875.3825782445,80.5223314184
876.0965933980,80.2204776614
876.8106085515,79.9724779904
877.5246237051,79.8785232953
878.2386388586,79.7437521738
878.9526540122,79.5272405540
879.6666691657,79.3734823992
880.3806843193,79.2155213243
881.0946994728,79.0134647576
881.8087146264,78.7958420112
882.5227297799,78.5839253972
883.2367449334,78.4139714282
883.9507600870,78.1618159763
884.6647752405,77.8323007034
885.3787903941,77.5624337804
886.0928055476,77.2706666224
886.8068207012,76.9821186395
887.5208358547,76.7203392038
888.2348510082,76.3588783631
888.9488661618,76.0358451690
889.6628813153,75.8011329211
890.3768964689,75.5535903675
891.0909116224,75.3857637687
891.8049267760,75.1707398530
892.5189419295,74.8801871426
893.2329570830,74.8095104538
893.9469722366,74.7911005839
894.6609873901,74.6653985951
895.3750025437,74.7223393465
896.0890176972,74.8537782043
896.8030328508,74.8670548904
897.5170480043,75.0682553494
898.2310631579,75.4444626044
898.9450783114,75.6574294573
899.6590934649,75.8031165282
900.3731086185,76.0317078904
901.0871237720,76.2546999640
901.8011389256,76.4896396140
902.5151540791,76.6246160624
903.2291692327,76.5714972911
903.9431843862,76.6861305302
904.6571995397,76.9587072251
905.3712146933,76.9774880584
906.0852298468,76.9997779631
906.7992450004,77.2706760173
907.5132601539,77.3705398697
908.2272753075,77.3427190161
908.9412904610,77.5154280579
909.6553056146,77.6402091629
910.3693207681,77.6215366497
911.0833359216,77.6836129819
911.7973510752,77.7340355178
912.5113662287,77.7423232863
913.2253813823,77.8573199984
913.9393965358,77.9224711312
914.6534116894,77.8168800405
915.3674268429,77.7539891105
916.0814419964,77.7848090087
916.7954571500,77.7986933863
917.5094723035,77.7933102307
918.2234874571,77.6446212829
918.9375026106,77.4046180186
919.6515177642,77.4046392287
920.3655329177,77.4019966340
921.0795480712,77.1088815027
921.7935632248,76.9877853273
922.5075783783,77.0453915482
923.2215935319,76.8866516736
923.9356086854,76.7611656571
924.6496238390,76.7173948358
925.3636389925,76.5249301554
926.0776541461,76.3847257617
926.7916692996,76.2593936512
927.5056844531,76.0236417155
928.2196996067,75.9031676952
928.9337147602,75.8732584785
929.6477299138,75.8385313638
930.3617450673,75.8115298555
931.0757602209,75.6362339985
931.7897753744,75.4423795539
932.5037905279,75.4761133054
933.2178056815,75.4937814098
933.9318208350,75.2793571380
934.6458359886,75.0825022869
935.3598511421,75.0741985199
936.0738662957,75.0124596591
936.7878814492,74.8362747853
937.5018966028,74.7629750739
938.2159117563,74.6702381727
938.9299269098,74.4814547249
939.6439420634,74.3600779057
940.3579572169,74.1407070414
941.0719723705,73.8608299590
941.7859875240,73.7436661085
942.5000026776,73.5651940020
943.2140178311,73.3511017950
943.9280329846,73.2013678763
944.6420481382,72.8873803236
945.3560632917,72.6742383973
946.0700784453,72.6207196362
946.7840935988,72.2503810626
947.4981087524,71.8557430286
948.2121239059,71.7349402896
948.9261390594,71.5323877613
949.6401542130,71.2814145132
950.3541693665,71.0556723119
951.0681845201,70.7183339523
951.7821996736,70.4477403723
952.4962148272,70.1559041096
953.2102299807,69.7477792133
953.9242451343,69.5451788785
954.6382602878,69.3406861715
955.3522754413,68.8829421426
956.0662905949,68.5732565200
956.7803057484,68.3850268133
957.4943209020,67.9779541379
958.2083360555,67.5465529471
958.9223512091,67.2256070719
959.6363663626,66.9135003251
960.3503815161,66.5961267914
961.0643966697,66.2226693351
961.7784118232,65.8613089854
962.4924269768,65.6261810261
963.2064421303,65.4191194688
963.9204572839,65.1563336745
964.6344724374,64.8410697955
965.3484875910,64.5186455597
966.0625027445,64.2348324652
966.7765178980,63.9383708341
967.4905330516,63.6519976424
968.2045482051,63.3573623228
968.9185633587,62.9844868036
969.6325785122,62.6893052321
970.3465936658,62.4112301392
971.0606088193,61.9626268563
971.7746239728,61.5624701385
972.4886391264,61.1933321600
973.2026542799,60.6521641841
973.9166694335,60.1405301064
974.6306845870,59.6673897967
975.3446997406,59.0974209411
976.0587148941,58.5507810343
976.7727300476,57.9832919353
977.4867452012,57.4012118149
978.2007603547,56.9123694367
978.9147755083,56.3335620331
979.6287906618,55.6565235299
980.3428058154,55.1059285083
981.0568209689,54.6699313317
981.7708361225,54.2531549051
982.4848512760,53.8487457742
983.1988664295,53.5113771736
983.9128815831,53.3069750569
984.6268967366,53.1935560431
985.3409118902,53.0638110608
986.0549270437,52.9065979131
986.7689421973,52.8464031134
987.4829573508,52.8944616617
988.1969725043,52.8589916303
988.9109876579,52.6859776133
989.6250028114,52.4804981317
990.3390179650,52.2934306827
991.0530331185,52.1832959923
991.7670482721,52.1271863972
992.4810634256,51.9766824862
993.1950785792,51.7488778002
993.9090937327,51.5777290537
994.6231088862,51.4448016001
995.3371240398,51.3247797171
996.0511391933,51.2933987346
996.7651543469,51.3241765973
997.4791695004,51.3584098770
998.1931846540,51.4188150114
998.9071998075,51.4880550567
999.6212149610,51.6187154123
1000.3352301146,51.8112021539
1001.0492452681,51.8970331674
1001.7632604217,51.9373069844
1002.4772755752,52.0173935002
1003.1912907288,52.0354864229
1003.9053058823,52.0457799798
1004.6193210359,52.0176434567
1005.3333361894,51.9121692795
1006.0473513429,51.8846493996
1006.7613664965,51.8312950675
1007.4753816500,51.7085978705
1008.1893968036,51.6619803371
1008.9034119571,51.6043198325
1009.6174271107,51.5688798957
1010.3314422642,51.5296787462
1011.0454574177,51.3483373490
1011.7594725713,51.2449168599
1012.4734877248,51.1547455652
1013.1875028784,50.9481601961
1013.9015180319,50.9242109060
1014.6155331855,50.9376009817
1015.3295483390,50.8088645620
1016.0435634925,50.6947802436
1016.7575786461,50.5391420503
1017.4715937996,50.5066405330
1018.1856089532,50.5902697399
1018.8996241067,50.5090225718
1019.6136392603,50.4715468893
1020.3276544138,50.4095137888
1021.0416695674,50.2509974292
1021.7556847209,50.2982662967
1022.4696998744,50.2340008992
1023.1837150280,50.1086959251
1023.8977301815,50.2505599802
1024.6117453351,50.1909843955
1025.3257604886,50.1023710146
1026.0397756422,50.2666470871
1026.7537907957,50.2591880318
1027.4678059492,50.2970458212
1028.1818211028,50.4104757055
1028.8958362563,50.3868467792
1029.6098514099,50.6045490168
1030.3238665634,50.8392141103
1031.0378817170,50.9785844076
1031.7518968705,51.3221664996
1032.4659120241,51.5071118237
1033.1799271776,51.7425877185
1033.8939423311,52.2839895874
1034.6079574847,52.5863942410
1035.3219726382,52.8900757208
1036.0359877918,53.4107755822
1036.7500029453,53.8349521141
1037.4640180989,54.3622908572
1038.1780332524,54.8272012583
1038.8920484059,55.0248291230
1039.6060635595,55.2904172497
1040.3200787130,55.4862193591
1041.0340938666,55.5179423588
1041.7481090201,55.5561807797
1042.4621241737,55.5011968481
1043.1761393272,55.4299394695
1043.8901544807,55.3409482715
1044.6041696343,55.1808910557
1045.3181847878,55.1272647980
1046.0321999414,55.0165801584
1046.7462150949,54.7898639667
1047.4602302485,54.6620707253
1048.1742454020,54.5055753712
1048.8882605556,54.2884592561
1049.6022757091,54.1521998289
1050.3162908626,54.0522443022
1051.0303060162,53.9562820203
1051.7443211697,53.9111397977
1052.4583363233,53.9430173225
1053.1723514768,53.9783658611
1053.8863666304,54.1062945944
1054.6003817839,54.3359427224
1055.3143969374,54.3643880719
1056.0284120910,54.5175144161
1056.7424272445,54.9700228808
1057.4564423981,55.1609778913
1058.1704575516,55.4742772865
1058.8844727052,56.1597645701
1059.5984878587,56.5870897636
1060.3125030123,57.0858436464
1061.0265181658,57.8018553786
1061.7405333193,58.3766289768
1062.4545484729,59.2107042571
1063.1685636264,60.0847148012
1063.8825787800,60.6711948370
1064.5965939335,61.4131756890
1065.3106090871,62.1050731247
1066.0246242406,62.6227351247
1066.7386393941,63.2624472981
1067.4526545477,63.8023371901
1068.1666697012,64.2790323583
1068.8806848548,64.7882450632
1069.5947000083,65.1815302115
1070.3087151619,65.6159421807
1071.0227303154,65.9383416020
1071.7367454689,66.0560452982
1072.4507606225,66.3111539671
1073.1647757760,66.5534190330
1073.8787909296,66.6406833901
1074.5928060831,66.7551419601
1075.3068212367,66.8673598995
1076.0208363902,67.0431221110
1076.7348515438,67.3119264551
1077.4488666973,67.5629542716
1078.1628818508,67.8023991080
1078.8768970044,68.0481602905
1079.5909121579,68.3582801182
1080.3049273115,68.5842746436
1081.0189424650,68.6538120246
1081.7329576186,68.8912599957
1082.4469727721,69.1397006409
1083.1609879256,69.1912217716
1083.8750030792,69.3516193350
1084.5890182327,69.4952323569
1085.3030333863,69.5912964317
1086.0170485398,69.9193244528
1086.7310636934,70.0933632387
1087.4450788469,69.9846567589
1088.1590940005,69.9943332795
1088.8731091540,70.0463667312
1089.5871243075,70.1163624317
1090.3011394611,70.2823758269
1091.0151546146,70.3005055106
1091.7291697682,70.2559630011
1092.4431849217,70.3640953670
1093.1572000753,70.4254146659
1093.8712152288,70.3170089247
1094.5852303823,70.2117498626
1095.2992455359,70.1698389921
1096.0132606894,70.0712706490
1096.7272758430,69.9446549412
1097.4412909965,69.9339436972
1098.1553061501,70.0094086368
1098.8693213036,70.0506059648
1099.5833364571,70.0425358016
1100.2973516107,70.1013967567
1101.0113667642,70.2306931211
1101.7253819178,70.2734168835
1102.4393970713,70.3078417446
1103.1534122249,70.3946334420
1103.8674273784,70.4203331169
1104.5814425320,70.5133172717
1105.2954576855,70.6412261961
1106.0094728390,70.6517132887
1106.7234879926,70.7482110173
1107.4375031461,70.8357303971
1108.1515182997,70.7474783021
1108.8655334532,70.7773111634
1109.5795486068,70.8959023027
1110.2935637603,70.9591331317
1111.0075789138,71.1769314290
1111.7215940674,71.5218104253
1112.4356092209,71.8656029915
1113.1496243745,72.2921783622
1113.8636395280,72.8373812702
1114.5776546816,73.4081099287
1115.2916698351,73.9349063680
1116.0056849887,74.5297273742
1116.7197001422,75.1590517540
1117.4337152957,75.6098654444
1118.1477304493,75.9754707927
1118.8617456028,76.4082857007
1119.5757607564,76.8816797997
1120.2897759099,77.3429635547
1121.0037910635,77.6415050011
1121.7178062170,77.8417423735
1122.4318213705,78.2170805739
1123.1458365241,78.6731480447
1123.8598516776,79.0448687837
1124.5738668312,79.4258124928
1125.2878819847,79.8593300328
1126.0018971383,80.3647305026
1126.7159122918,80.9210290050
1127.4299274454,81.3663768361
1128.1439425989,81.7068058131
1128.8579577524,82.0870993165
1129.5719729060,82.4296483283
1130.2859880595,82.6799614374
1131.0000032131,83.0038526230
1131.7140183666,83.3827201878
1132.4280335202,83.6738917640
1133.1420486737,83.8859769388
1133.8560638272,84.0484048697
1134.5700789808,84.3166427942
1135.2840941343,84.7452234742
1135.9981092879,85.0254085799
1136.7121244414,85.1584370211
1137.4261395950,85.3678596364
1138.1401547485,85.4630566508
1138.8541699020,85.4304902814
1139.5681850556,85.4996635986
1140.2822002091,85.5570600738
1140.9962153627,85.4773745124
1141.7102305162,85.2995601263
1142.4242456698,85.0532580653
1143.1382608233,84.8542696117
1143.8522759769,84.6653141200
1144.5662911304,84.3442685756
1145.2803062839,84.0388604667
1145.9943214375,83.8258450385
1146.7083365910,83.5637022167
1147.4223517446,83.3150503529
1148.1363668981,83.1613531426
1148.8503820517,83.0227489169
1149.5643972052,82.8616409893
1150.2784123587,82.6392567188
1150.9924275123,82.3832422460
1151.7064426658,82.2434605479
1152.4204578194,82.1648311058
1153.1344729729,81.9129849332
1153.8484881265,81.5757695948
1154.5625032800,81.4431335518
1155.2765184336,81.3688229901
1155.9905335871,81.1333048211
1156.7045487406,80.9828338207
1157.4185638942,80.9843670119
1158.1325790477,80.9790927537
1158.8465942013,81.0381527406
1159.5606093548,81.1056745327
1160.2746245084,81.2168593631
1160.9886396619,81.5406138274
1161.7026548154,81.8534428871
1162.4166699690,82.1586336394
1163.1306851225,82.6625037763
1163.8447002761,83.1725889702
1164.5587154296,83.7260071608
1165.2727305832,84.4016145368
1165.9867457367,84.9660609456
1166.7007608902,85.5573603047
1167.4147760438,86.2661510850
1168.1287911973,86.8552940742
1168.8428063509,87.4179133522
1169.5568215044,88.0013407359
1170.2708366580,88.4796260918
1170.9848518115,89.0025525119
1171.6988669651,89.5118128475
1172.4128821186,89.8455291040
1173.1268972721,90.2064470951
1173.8409124257,90.5847716300
1174.5549275792,90.8420232543
1175.2689427328,91.1339850994
1175.9829578863,91.4184232136
1176.6969730399,91.5675304945
1177.4109881934,91.7215473965
1178.1250033469,91.8968151963
1178.8390185005,92.0110084219
1179.5530336540,92.1359942104
1180.2670488076,92.3019965269
1180.9810639611,92.4169289283
1181.6950791147,92.4509520784
1182.4090942682,92.5043995536
1183.1231094218,92.5897126353
1183.8371245753,92.6196251940
1184.5511397288,92.6329488522
1185.2651548824,92.6354475446
1185.9791700359,92.5547458074
1186.6931851895,92.4314576594
1187.4072003430,92.3028389032
1188.1212154966,92.1833995063
1188.8352306501,92.0882697617
1189.5492458036,91.9684136847
1190.2632609572,91.8161101529
1190.9772761107,91.6308575747
1191.6912912643,91.4093883050
1192.4053064178,91.1805268911
1193.1193215714,90.9120920379
1193.8333367249,90.6729706157
1194.5473518784,90.5321735728
1195.2613670320,90.3568643518
1195.9753821855,90.1645259666
1196.6893973391,90.0530550362
1197.4034124926,89.9407173831
1198.1174276462,89.8287730807
1198.8314427997,89.7474378622
1199.5454579533,89.6648354737
1200.2594731068,89.6494157695
1200.9734882603,89.6819333681
1201.6875034139,89.6739155463
1202.4015185674,89.7135357649
1203.1155337210,89.8551747754
1203.8295488745,89.9585638895
1204.5435640281,89.9702998864
1205.2575791816,90.0797601764
1205.9715943351,90.3204843915
1206.6856094887,90.4634755857
1207.3996246422,90.5721135905
1208.1136397958,90.8200763330
1208.8276549493,91.0612498726
1209.5416701029,91.2968363668
1210.2556852564,91.5473111713
1210.9697004100,91.6232106574
1211.6837155635,91.7314688130
1212.3977307170,91.9816547945
1213.1117458706,92.0050222983
1213.8257610241,91.9178167363
1214.5397761777,91.9917521105
1215.2537913312,91.9881390652
1215.9678064848,91.8579878171
1216.6818216383,91.8203139506
1217.3958367918,91.8083332108
1218.1098519454,91.6776541882
1218.8238670989,91.4918617831
1219.5378822525,91.3534903210
1220.2518974060,91.2413585440
1220.9659125596,91.1127275034
1221.6799277131,90.9708362033
1222.3939428666,90.8240466396
1223.1079580202,90.6914876432
1223.8219731737,90.5639681330
1224.5359883273,90.4193229777
1225.2500034808,90.2809716393
1225.9640186344,90.1883615534
1226.6780337879,90.1761038293
1227.3920489415,90.2081283284
1228.1060640950,90.2384366693
1228.8200792485,90.2784294678
1229.5340944021,90.2391346308
1230.2481095556,90.1339855719
1230.9621247092,90.1267568111
1231.6761398627,90.0782219092
1232.3901550163,89.9111578951
1233.1041701698,89.8706739037
1233.8181853233,89.9055103490
1234.5322004769,89.9113867780
1235.2462156304,89.9957210313
1235.9602307840,90.0221648731
1236.6742459375,89.9700997110
1237.3882610911,90.0408655480
1238.1022762446,90.1114704805
1238.8162913982,90.1092816683
1239.5303065517,90.1516230080
1240.2443217052,90.1422505941
1240.9583368588,90.0733947207
1241.6723520123,90.0609257390
1242.3863671659,90.0690168102
1243.1003823194,90.0729700229
1243.8143974730,90.0210997246
1244.5284126265,89.9157790714
1245.2424277800,89.9411810826
1245.9564429336,89.9934236592
1246.6704580871,89.8921114994
1247.3844732407,89.8711812903
1248.0984883942,89.9542808519
1248.8125035478,89.9129173712
1249.5265187013,89.8731885677
1250.2405338549,89.8914385794
1250.9545490084,89.8715097916
1251.6685641619,89.8705678912
1252.3825793155,89.7599808142
1253.0965944690,89.5601339961
1253.8106096226,89.5077305110
1254.5246247761,89.4176829951
1255.2386399297,89.2094755021
1255.9526550832,89.0562862679
1256.6666702367,88.8562181056
1257.3806853903,88.6812800141
1258.0947005438,88.6168726711
1258.8087156974,88.4923486488
1259.5227308509,88.4051558899
1260.2367460045,88.3647389102
1260.9507611580,88.2460567796
1261.6647763115,88.2160341700
1262.3787914651,88.2125146787
1263.0928066186,88.1662560828
1263.8068217722,88.2444918405
1264.5208369257,88.2922700893
1265.2348520793,88.2796072822
1265.9488672328,88.3804351931
1266.6628823864,88.4265071911
1267.3768975399,88.4147893495
1268.0909126934,88.4514241099
1268.8049278470,88.4250398109
1269.5189430005,88.4113236577
1270.2329581541,88.4026202789
1270.9469733076,88.2963627073
1271.6609884612,88.2270182306
1272.3750036147,88.1590418098
1273.0890187682,88.0137332067
1273.8030339218,87.9004827832
1274.5170490753,87.8085933245
1275.2310642289,87.7032039227
1275.9450793824,87.5994527670
1276.6590945360,87.4954038626
1277.3731096895,87.4078603493
1278.0871248431,87.3467725852
1278.8011399966,87.3715580547
1279.5151551501,87.4334649380
1280.2291703037,87.4072926149
1280.9431854572,87.4236530988
1281.6572006108,87.5596226315
1282.3712157643,87.6561179246
1283.0852309179,87.7130024966
1283.7992460714,87.7729917253
1284.5132612249,87.8039510208
1285.2272763785,87.8588885695
1285.9412915320,87.8892151129
1286.6553066856,87.8511331623
1287.3693218391,87.8308357487
1288.0833369927,87.8033338530
1288.7973521462,87.7324069511
1289.5113672997,87.6633414729
1290.2253824533,87.5940061353
1290.9393976068,87.4791558492
1291.6534127604,87.3223630082
1292.3674279139,87.2121530064
1293.0814430675,87.1421713494
1293.7954582210,87.0939117868
1294.5094733746,87.1263379138
1295.2234885281,87.0899177367
1295.9375036816,86.9066571632
1296.6515188352,86.7789580081
1297.3655339887,86.7089250387
1298.0795491423,86.5945016295
1298.7935642958,86.4613429002
1299.5075794494,86.3064086387
1300.2215946029,86.1252716614
1300.9356097564,85.9037928502
1301.6496249100,85.6888747150
1302.3636400635,85.4955644979
1303.0776552171,85.2399450868
1303.7916703706,85.0341608085
1304.5056855242,84.8495212549
1305.2197006777,84.5206137974
1305.9337158313,84.2266373450
1306.6477309848,83.9796337580
1307.3617461383,83.6424029215
1308.0757612919,83.3225745318
1308.7897764454,83.0171710248
1309.5037915990,82.7456052561
1310.2178067525,82.5484724549
1310.9318219061,82.3389972044
1311.6458370596,82.1404163030
1312.3598522131,81.9937772543
1313.0738673667,81.9561609906
1313.7878825202,81.9661251460
1314.5018976738,81.9128167128
1315.2159128273,81.9339466868
1315.9299279809,82.0431600581
1316.6439431344,82.1794396282
1317.3579582879,82.4068887200
1318.0719734415,82.6663941191
1318.7859885950,82.9855389166
1319.5000037486,83.3166683449
1320.2140189021,83.6064451981
1320.9280340557,83.9154189136
1321.6420492092,84.1529457109
1322.3560643628,84.3887538451
1323.0700795163,84.5894167977
1323.7840946698,84.6489651181
1324.4981098234,84.7832681090
1325.2121249769,84.9050940162
1325.9261401305,84.8784028844
1326.6401552840,84.9056639154
1327.3541704376,84.9199120435
1328.0681855911,84.8463720225
1328.7822007446,84.7900724970
1329.4962158982,84.7039362486
1330.2102310517,84.6275214052
1330.9242462053,84.5592824197
1331.6382613588,84.4093885894
1332.3522765124,84.3097791361
1333.0662916659,84.2061664822
1333.7803068195,84.0348467674
1334.4943219730,84.0937581193
1335.2083371265,84.1955202894
1335.9223522801,84.1066209296
1336.6363674336,84.1839527303
1337.3503825872,84.3358419046
1338.0643977407,84.4269458646
1338.7784128943,84.6801163934
1339.4924280478,84.7914316060
1340.2064432013,84.8733575178
1340.9204583549,85.1565442108
1341.6344735084,85.2719744491
1342.3484886620,85.4388239368
1343.0625038155,85.7190456402
1343.7765189691,85.7922326561
1344.4905341226,85.8875286660
1345.2045492761,86.0009314741
1345.9185644297,86.0380955052
1346.6325795832,86.1650528770
1347.3465947368,86.1836558126
1348.0606098903,86.1667483076
1348.7746250439,86.2809548878
1349.4886401974,86.2390225917
1350.2026553510,86.1744475201
1350.9166705045,86.1875537477
1351.6306856580,86.0292799693
1352.3447008116,85.8806418510
1353.0587159651,85.8061341555
1353.7727311187,85.6550701535
1354.4867462722,85.5454892536
1355.2007614258,85.5045014898
1355.9147765793,85.4600258358
1356.6287917328,85.3643019579
1357.3428068864,85.2184184044
1358.0568220399,85.1841438180
1358.7708371935,85.1016682529
1359.4848523470,84.9075728945
1360.1988675006,84.8593309078
1360.9128826541,84.7759198229
1361.6268978077,84.6349993592
1362.3409129612,84.6670955074
1363.0549281147,84.6737206635
1363.7689432683,84.7603949678
1364.4829584218,84.9730728584
1365.1969735754,85.0376458215
1365.9109887289,85.0137529830
1366.6250038825,85.1166478574
1367.3390190360,85.1306562748
1368.0530341895,85.1146551508
1368.7670493431,85.2217917684
1369.4810644966,85.2971070154
1370.1950796502,85.4178395104
1370.9090948037,85.5905294752
1371.6231099573,85.7503501122
1372.3371251108,85.9999226245
1373.0511402643,86.2156376801
1373.7651554179,86.3083559793
1374.4791705714,86.5866582797
1375.1931857250,86.9130544076
1375.9072008785,87.1295839901
1376.6212160321,87.3914102808
1377.3352311856,87.6705577010
1378.0492463392,87.9446991654
1378.7632614927,88.2478222099
1379.4772766462,88.5623294203
1380.1912917998,88.9404352528
1380.9053069533,89.2702780865
1381.6193221069,89.5114771025
1382.3333372604,89.7739315064
1383.0473524140,89.9334134884
1383.7613675675,90.0369521078
1384.4753827210,90.3078853208
1385.1893978746,90.5700038353
1385.9034130281,90.6235842731
1386.6174281817,90.6164787395
1387.3314433352,90.7336858306
1388.0454584888,90.9080716253
1388.7594736423,90.9036712000
1389.4734887959,90.8797209314
1390.1875039494,90.8698755433
1390.9015191029,90.8657280519
1391.6155342565,90.9961159089
1392.3295494100,91.0740278662
1393.0435645636,90.9171340722
1393.7575797171,90.8193583196
1394.4715948707,90.8431546926
1395.1856100242,90.7452674382
1395.8996251777,90.6774556534
1396.6136403313,90.7039603600
1397.3276554848,90.6636290482
1398.0416706384,90.4615612524
1398.7556857919,90.3184247427
1399.4697009455,90.4448767677
1400.1837160990,90.4024435624
1400.8977312526,90.3134104985
1401.6117464061,90.2897896194
1402.3257615596,90.1411325992
1403.0397767132,90.0581651219
1403.7537918667,90.0227601906
1404.4678070203,89.8205953020
1405.1818221738,89.8527305998
1405.8958373274,89.9553245542
1406.6098524809,89.7721329947
1407.3238676344,89.7246336758
1408.0378827880,89.7244308533
1408.7518979415,89.5573701086
1409.4659130951,89.5261337356
1410.1799282486,89.4689063019
1410.8939434022,89.2818601580
1411.6079585557,89.2165560588
1412.3219737092,89.1309269123
1413.0359888628,89.0113107037
1413.7500040163,88.9784648537
1414.4640191699,88.8733554818
1415.1780343234,88.7723311750
1415.8920494770,88.6749493985
1416.6060646305,88.4550622278
1417.3200797841,88.3117314883
1418.0340949376,88.2333053593
1418.7481100911,88.0184145549
1419.4621252447,88.1054099579
1420.1761403982,88.0488800736
1420.8901555518,87.8747267910
1421.6041707053,87.9542464633
1422.3181858589,87.8683585456
1423.0322010124,87.6073540990
1423.7462161659,87.6435782994
1424.4602313195,87.6501955262
1425.1742464730,87.5515250481
1425.8882616266,87.6306597425
1426.6022767801,87.5908846589
1427.3162919337,87.5643524351
1428.0303070872,87.6284428363
1428.7443222408,87.5280742227
1429.4583373943,87.5453459630
1430.1723525478,87.7233124537
1430.8863677014,87.7028431545
1431.6003828549,87.7536804685
1432.3143980085,87.8864087180
1433.0284131620,87.9689001364
1433.7424283156,88.0983979822
1434.4564434691,88.2844142953
1435.1704586226,88.2947165769
1435.8844737762,88.1530961461
1436.5984889297,88.2730337476
1437.3125040833,88.6488641600
1438.0265192368,88.5667058500
1438.7405343904,88.7028568306
1439.4545495439,88.8736059367
1440.1685646974,88.7907688369
1440.8825798510,88.8197248743
1441.5965950045,88.9112903617
1442.3106101581,88.9047698754
1443.0246253116,88.9375381379
1443.7386404652,88.9610179552
1444.4526556187,88.9729469905
1445.1666707723,88.9785305313
1445.8806859258,89.0451167197
1446.5947010793,89.1994336892
1447.3087162329,89.1786089127
1448.0227313864,89.2002093737
1448.7367465400,89.4578218648
1449.4507616935,89.4013373988
1450.1647768471,89.4132226439
1450.8787920006,89.6013372760
1451.5928071541,89.4932109450
1452.3068223077,89.4684833394
1453.0208374612,89.6412118641
1453.7348526148,89.5892655959
1454.4488677683,89.6366737004
1455.1628829219,89.7128238642
1455.8768980754,89.6129468886
1456.5909132290,90.0549469460
1457.3049283825,90.2763256295
1458.0189435360,90.0950310209
1458.7329586896,90.3259542332
1459.4469738431,90.3907508442
1460.1609889967,90.4371260011
1460.8750041502,90.5659407979
1461.5890193038,90.5485704066
1462.3030344573,90.7234761793
1463.0170496108,90.9342553366
1463.7310647644,90.7782112887
1464.4450799179,90.5547988868
1465.1590950715,90.5867073192
1465.8731102250,90.7047745434
1466.5871253786,90.7262902497
1467.3011405321,90.7757524730
1468.0151556856,90.8599958363
1468.7291708392,90.8992043905
1469.4431859927,91.0681254321
1470.1572011463,91.1862402207
1470.8712162998,91.1118111890
1471.5852314534,91.3172990809
1472.2992466069,91.6935807232
1473.0132617605,91.6403222243
1473.7272769140,92.0494150603
1474.4412920675,92.0388722470
1475.1553072211,91.8261626145
1475.8693223746,91.9806121374
1476.5833375282,92.2432095210
1477.2973526817,92.1276530118
1478.0113678353,92.2198238228
1478.7253829888,92.2928163261
1479.4393981423,92.2409437525
1480.1534132959,92.2634169045
1480.8674284494,92.3490223141
1481.5814436030,92.5043755600
1482.2954587565,92.6414597636
1483.0094739101,92.7774131008
1483.7234890636,92.9314033178
1484.4375042172,93.0307848938
1485.1515193707,93.1764436384
1485.8655345242,93.2498759512
1486.5795496778,93.2351742909
1487.2935648313,93.5554635081
1488.0075799849,93.6822081760
1488.7215951384,93.4593820296
1489.4356102920,93.4391488635
1490.1496254455,93.6893255549
1490.8636405990,93.8374433534
1491.5776557526,94.0850938373
1492.2916709061,94.1110870741
1493.0056860597,93.9767030248
1493.7197012132,94.0412297790
1494.4337163668,94.1064723907
1495.1477315203,93.9409178104
1495.8617466738,93.7868249258
1496.5757618274,94.3456787118
1497.2897769809,94.3155973547
1498.0037921345,94.1584764047
1498.7178072880,94.4291127709
1499.4318224416,94.5499354250
1500.1458375951,94.3090676763
1500.8598527487,94.3418805879
1501.5738679022,94.4415880019
1502.2878830557,94.3403518037
1503.0018982093,94.4406024405
1503.7159133628,94.4378223437
1504.4299285164,94.1569963300
1505.1439436699,93.9394135675
1505.8579588235,93.9454265191
1506.5719739770,93.7618699118
1507.2859891305,94.0770588780
1508.0000042841,94.4724446491
1508.7140194376,94.4077372630
1509.4280345912,94.3357214957
1510.1420497447,94.4100224042
1510.8560648983,94.3974711424
1511.5700800518,94.2529071778
1512.2840952054,94.3233820601
1512.9981103589,94.4791907568
1513.7121255124,94.2387651760
1514.4261406660,94.1283647192
1515.1401558195,94.3906370238
1515.8541709731,94.1907418844
1516.5681861266,93.8945440219
1517.2822012802,94.3705992632
1517.9962164337,94.3896179463
1518.7102315872,94.3009273470
1519.4242467408,94.3130134661
1520.1382618943,94.0581031306
1520.8522770479,94.0216285258
1521.5662922014,94.3392383910
1522.2803073550,94.1153709294
1522.9943225085,94.2436422133
1523.7083376621,94.2900726671
1524.4223528156,94.0724989219
1525.1363679691,94.1800926544
1525.8503831227,94.3244335266
1526.5643982762,94.0594873177
1527.2784134298,94.1317463259
1527.9924285833,94.2164713919
1528.7064437369,93.9825134155
1529.4204588904,94.0810067610
1530.1344740439,94.1617758908
1530.8484891975,94.0271934089
1531.5625043510,94.0978428195
1532.2765195046,94.0819805661
1532.9905346581,93.8536099613
1533.7045498117,94.1908988371
1534.4185649652,94.2583244184
1535.1325801187,94.0114543051
1535.8465952723,94.0951052680
1536.5606104258,94.1961902347
1537.2746255794,93.9761159284
1537.9886407329,93.7312792759
1538.7026558865,93.3689726852
1539.4166710400,93.3156418207
1540.1306861936,94.2968882374
1540.8447013471,94.0734564513
1541.5587165006,93.6786543680
1542.2727316542,93.9927591054
1542.9867468077,94.0742215895
1543.7007619613,93.8313823179
1544.4147771148,93.8669007771
1545.1287922684,94.1206670820
1545.8428074219,94.1198492144
1546.5568225754,93.9984465519
1547.2708377290,93.8739247158
1547.9848528825,93.8939864387
1548.6988680361,93.8600598614
1549.4128831896,93.7294161162
1550.1268983432,93.9415566524
1550.8409134967,93.9891677616
1551.5549286503,93.9664499545
1552.2689438038,94.0371862325
1552.9829589573,93.7740752201
1553.6969741109,93.4662965501
1554.4109892644,93.8347940082
1555.1250044180,93.9179792387
1555.8390195715,93.8079265322
1556.5530347251,93.7509055821
1557.2670498786,93.5276384646
1557.9810650321,93.6122992030
1558.6950801857,93.6913680508
1559.4090953392,93.2868609740
1560.1231104928,94.6869783485
1560.8371256463,94.4516988197
1561.5511407999,93.9695482462
1562.2651559534,93.8969386751
1562.9791711069,93.8751926032
1563.6931862605,93.7526885733
1564.4072014140,93.7731888567
1565.1212165676,93.8550236129
1565.8352317211,93.7820982832
1566.5492468747,93.7020949916
1567.2632620282,93.7424736988
1567.9772771818,93.7747075621
1568.6912923353,93.6493566686
1569.4053074888,93.9014085013
1570.1193226424,94.2401331983
1570.8333377959,93.8625921921
1571.5473529495,93.8686885702
1572.2613681030,94.0171666688
1572.9753832566,93.8013014075
1573.6893984101,93.8198630750
1574.4034135636,93.8837046384
1575.1174287172,93.6308076852
1575.8314438707,93.9107324831
1576.5454590243,94.4461645599
1577.2594741778,93.7651419634
1577.9734893314,93.7558103840
1578.6875044849,93.9489359922
1579.4015196385,93.8420382749
1580.1155347920,93.8550548370
1580.8295499455,93.9058044374
1581.5435650991,93.7970389364
1582.2575802526,93.8132436837
1582.9715954062,93.8529268243
1583.6856105597,93.7969714156
1584.3996257133,93.7971743367
1585.1136408668,93.7808468955
1585.8276560203,93.7492739159
1586.5416711739,93.7919355427
1587.2556863274,93.7727386194
1587.9697014810,93.6834739466
1588.6837166345,93.6695127892
1589.3977317881,93.6905145047
1590.1117469416,93.6610480067
1590.8257620951,93.6023864689
1591.5397772487,93.5811786792
1592.2537924022,93.5880270907
1592.9678075558,93.5150571234
1593.6818227093,93.4239486909
1594.3958378629,93.4371267667
1595.1098530164,93.4451095870
1595.8238681700,93.4105856737
1596.5378833235,93.4012206186
1597.2518984770,93.3831770246
1597.9659136306,93.3795084230
1598.6799287841,93.3522718696
1599.3939439377,93.2495248009
1600.1079590912,93.2099377281
1600.8219742448,93.2229789792
1601.5359893983,93.1974803543
1602.2500045518,93.1944646536
1602.9640197054,93.2176528195
1603.6780348589,93.2157264166
1604.3920500125,93.1892754023
1605.1060651660,93.1246440008
1605.8200803196,93.0246199255
1606.5340954731,92.9230060258
1607.2481106267,92.9335710673
1607.9621257802,93.0231819255
1608.6761409337,92.9988490752
1609.3901560873,92.9390221280
1610.1041712408,92.9296426231
1610.8181863944,92.8608244030
1611.5322015479,92.7866570359
1612.2462167015,92.7467653118
1612.9602318550,92.7069939789
1613.6742470085,92.6757134811
1614.3882621621,92.5945374050
1615.1022773156,92.4932038737
1615.8162924692,92.3869674877
1616.5303076227,92.2703322145
1617.2443227763,92.4913631652
1617.9583379298,92.3800299996
1618.6723530833,92.3312173836
1619.3863682369,92.4146768989
1620.1003833904,92.2279259109
1620.8143985440,92.0772230108
1621.5284136975,92.1705297621
1622.2424288511,91.9750342861
1622.9564440046,91.7992654324
1623.6704591582,92.1297416340
1624.3844743117,91.8471231575
1625.0984894652,91.6965444208
1625.8125046188,91.8826694092
1626.5265197723,91.8591723833
1627.2405349259,91.8139632904
1627.9545500794,91.8823628040
1628.6685652330,91.7513558800
1629.3825803865,91.7539201399
1630.0965955400,91.7624402732
1630.8106106936,91.6101865523
1631.5246258471,91.5298971338
1632.2386410007,91.5400724417
1632.9526561542,91.5892645548
1633.6666713078,91.5390213952
1634.3806864613,91.3468310883
1635.0947016149,91.1910243547
1635.8087167684,91.4874361009
1636.5227319219,91.3871679388
1637.2367470755,91.4804181676
1637.9507622290,91.6736796809
1638.6647773826,91.5618917623
1639.3787925361,91.5804074613
1640.0928076897,91.6499377670
1640.8068228432,91.5471966452
1641.5208379967,91.5332901140
1642.2348531503,91.5259952822
1642.9488683038,91.4512225762
1643.6628834574,91.5810098448
1644.3768986109,91.6123059440
1645.0909137645,91.3834094352
1645.8049289180,91.5330041732
1646.5189440715,91.8312930918
1647.2329592251,91.4676254766
1647.9469743786,91.4911231831
1648.6609895322,91.8198964810
1649.3750046857,91.7288542739
1650.0890198393,91.8110348695
1650.8030349928,91.8757381800
1651.5170501464,91.6151123241
1652.2310652999,91.2348266248
1652.9450804534,92.2403986564
1653.6590956070,91.7716244927
1654.3731107605,91.9776138777
1655.0871259141,92.2644144060
1655.8011410676,92.1863214145
1656.5151562212,92.1989160439
1657.2291713747,92.3277331354
1657.9431865282,92.3266912087
1658.6572016818,92.3526293254
1659.3712168353,92.3707135374
1660.0852319889,92.3176336606
1660.7992471424,92.4041892397
1661.5132622960,92.4439223784
1662.2272774495,92.3356147298
1662.9412926031,92.5694373443
1663.6553077566,92.7025977537
1664.3693229101,92.6606379773
1665.0833380637,92.8239288733
1665.7973532172,92.8357253197
1666.5113683708,92.8139283576
1667.2253835243,92.9591131618
1667.9393986779,92.7728341090
1668.6534138314,92.5610298631
1669.3674289849,93.1738396767
1670.0814441385,92.9745499822
1670.7954592920,92.8389454047
1671.5094744456,93.1458701244
1672.2234895991,93.1038356253
1672.9375047527,93.0947104009
1673.6515199062,93.2434245371
1674.3655350598,93.1210371461
1675.0795502133,93.3174366948
1675.7935653668,93.7757644987
1676.5075805204,93.3271077207
1677.2215956739,93.2993963107
1677.9356108275,93.5643125528
1678.6496259810,93.4094862236
1679.3636411346,93.2214227807
1680.0776562881,93.3878988976
1680.7916714416,93.5490812819
1681.5056865952,93.5717156415
1682.2197017487,93.5603854544
1682.9337169023,93.3628317339
1683.6477320558,93.0584520492
1684.3617472094,93.2198304029
1685.0757623629,94.0481505064
1685.7897775164,94.0222460824
1686.5037926700,93.9218919820
1687.2178078235,93.9909881095
1687.9318229771,94.0471536077
1688.6458381306,93.8452607056
1689.3598532842,93.7674692706
1690.0738684377,93.9297589223
1690.7878835913,94.0372111871
1691.5018987448,94.0405610277
1692.2159138983,93.9766053257
1692.9299290519,93.9092192743
1693.6439442054,93.9767524605
1694.3579593590,93.9359234502
1695.0719745125,93.7734456628
1695.7859896661,94.5172378945
1696.5000048196,94.2888244100
1697.2140199731,94.0048534788
1697.9280351267,94.1362892570
1698.6420502802,94.0807586979
1699.3560654338,93.7687426108
1700.0700805873,96.6188159147
1700.7840957409,95.0521530991
1701.4981108944,94.1397288598
1702.2121260480,94.2888213228
1702.9261412015,94.2683590718
1703.6401563550,93.9800803248
1704.3541715086,94.1104759825
1705.0681866621,94.2643785678
1705.7822018157,94.2148065059
1706.4962169692,94.4567223900
1707.2102321228,94.3190526575
1707.9242472763,94.1529896225
1708.6382624298,94.2699341184
1709.3522775834,94.2644009533
1710.0662927369,94.2416211341
1710.7803078905,94.4116636028
1711.4943230440,94.3053829762
1712.2083381976,94.1793215900
1712.9223533511,94.2028544274
1713.6363685046,94.0459179454
1714.3503836582,93.9639168734
1715.0643988117,94.3720291413
1715.7784139653,94.3020776544
1716.4924291188,94.0662872368
1717.2064442724,93.9680137849
1717.9204594259,93.9297658395
1718.6344745795,94.1187192051
1719.3484897330,94.3946835898
1720.0625048865,94.3374768345
1720.7765200401,94.2836045164
1721.4905351936,94.4232672644
1722.2045503472,94.2914075344
1722.9185655007,94.0956447558
1723.6325806543,94.2547613960
1724.3465958078,94.3157998339
1725.0606109613,94.2760302457
1725.7746261149,94.3952071922
1726.4886412684,94.3041002078
1727.2026564220,94.1779356373
1727.9166715755,94.3053513417
1728.6306867291,94.2452979192
1729.3447018826,94.0362168016
1730.0587170362,94.1405085504
1730.7727321897,94.3060110584
1731.4867473432,94.2512176496
1732.2007624968,94.1077932519
1732.9147776503,94.0152240795
1733.6287928039,94.3316148455
1734.3428079574,94.8004210834
1735.0568231110,94.4961495670
1735.7708382645,94.3289046446
1736.4848534180,94.3045457764
1737.1988685716,94.3348264241
1737.9128837251,94.2691680521
1738.6268988787,94.1762128267
1739.3409140322,94.3098147991
1740.0549291858,94.5009075088
1740.7689443393,94.3387408041
1741.4829594928,94.2980622078
1742.1969746464,94.2938502592
1742.9109897999,94.2873071337
1743.6250049535,94.3261593333
1744.3390201070,94.3809334235
1745.0530352606,94.5129450919
1745.7670504141,94.5011352541
1746.4810655677,94.3546429642
1747.1950807212,94.3951267039
1747.9090958747,94.3770737852
1748.6231110283,94.3520939171
1749.3371261818,94.5682339208
1750.0511413354,94.4395069501
1750.7651564889,94.2221868957
1751.4791716425,94.5229289992
1752.1931867960,94.5166597282
1752.9072019495,94.4893973485
1753.6212171031,94.6383624076
1754.3352322566,94.6111192352
1755.0492474102,94.5289077036
1755.7632625637,94.4743706018
1756.4772777173,94.4065880995
1757.1912928708,94.5379647128
1757.9053080244,94.5384463149
1758.6193231779,94.4839920343
1759.3333383314,94.6430956433
1760.0473534850,94.6228296966
1760.7613686385,94.4389732404
1761.4753837921,94.5357175869
1762.1893989456,94.7707357623
1762.9034140992,94.5888385079
1763.6174292527,94.5132005131
1764.3314444062,94.6291771335
1765.0454595598,94.6204422990
1765.7594747133,94.5377038360
1766.4734898669,94.5773170715
1767.1875050204,94.5514668371
1767.9015201740,94.5587945750
1768.6155353275,94.6702526169
1769.3295504810,94.4806728837
1770.0435656346,94.4734726513
1770.7575807881,94.6861093612
1771.4715959417,94.4074919699
1772.1856110952,94.3787399403
1772.8996262488,95.0190459638
1773.6136414023,94.6083510638
1774.3276565559,94.4642410560
1775.0416717094,94.6478602330
1775.7556868629,94.5185864176
1776.4697020165,94.5071812291
1777.1837171700,94.6632211403
1777.8977323236,94.6142793365
1778.6117474771,94.6520610169
1779.3257626307,94.5929750906
1780.0397777842,94.4222899205
1780.7537929377,94.5924184569
1781.4678080913,94.6053972195
1782.1818232448,94.5323026704
1782.8958383984,94.7187811426
1783.6098535519,94.6479975409
1784.3238687055,94.5139755687
1785.0378838590,94.7159041407
1785.7518990126,94.6727964866
1786.4659141661,94.5949286974
1787.1799293196,94.6731760048
1787.8939444732,94.6088102524
1788.6079596267,94.5074389060
1789.3219747803,94.4632707446
1790.0359899338,94.4346173139
1790.7500050874,94.4948186507
1791.4640202409,94.4076606317
1792.1780353944,94.3932945840
1792.8920505480,94.8888811281
1793.6060657015,94.7451402302
1794.3200808551,94.5523659581
1795.0340960086,94.6448857441
1795.7481111622,94.6395749158
1796.4621263157,94.5898857117
1797.1761414693,94.6566449711
1797.8901566228,94.5299242349
1798.6041717763,94.4590618561
1799.3181869299,94.6182094708
1800.0322020834,94.6233862425
1800.7462172370,94.5739027975
1801.4602323905,94.5846260040
1802.1742475441,94.5448414986
1802.8882626976,94.5674505232
1803.6022778511,94.5782498098
1804.3162930047,94.5628316217
1805.0303081582,94.6114743838
1805.7443233118,94.6229368566
1806.4583384653,94.6097333598
1807.1723536189,94.5671703441
1807.8863687724,94.4883886251
1808.6003839259,94.5531956437
1809.3143990795,94.5488332701
1810.0284142330,94.4222499459
1810.7424293866,94.5761849689
1811.4564445401,94.6808198139
1812.1704596937,94.5286494369
1812.8844748472,94.5453114986
1813.5984900008,94.6500501140
1814.3125051543,94.6704026128
1815.0265203078,94.7583131723
1815.7405354614,94.7931934596
1816.4545506149,94.7633988073
1817.1685657685,94.6993271995
1817.8825809220,94.5681486640
1818.5965960756,94.5730639898
1819.3106112291,94.6355975031
1820.0246263826,94.5872100263
1820.7386415362,94.5719213855
1821.4526566897,94.5301592874
1822.1666718433,94.4440617173
1822.8806869968,94.4985269619
1823.5947021504,94.5132209686
1824.3087173039,94.4435905961
1825.0227324575,94.5314132993
1825.7367476110,94.5726285947
1826.4507627645,94.4691263693
1827.1647779181,94.5101287272
1827.8787930716,94.5653916464
1828.5928082252,94.4248610593
1829.3068233787,94.3439776335
1830.0208385323,94.5964516823
1830.7348536858,94.6669554143
1831.4488688393,94.6118140197
1832.1628839929,94.6749964928
1832.8768991464,94.7068946073
1833.5909143000,94.6067525291
1834.3049294535,94.5090828308
1835.0189446071,94.5382764722
1835.7329597606,94.6492532120
1836.4469749141,94.5827070089
1837.1609900677,94.4257751997
1837.8750052212,94.4963199646
1838.5890203748,94.5106783068
1839.3030355283,94.4140657389
1840.0170506819,94.5159918544
1840.7310658354,94.5923887943
1841.4450809890,94.5534134777
1842.1590961425,94.5388562111
1842.8731112960,94.4305821996
1843.5871264496,94.3933446502
1844.3011416031,94.7012778479
1845.0151567567,94.5824683184
1845.7291719102,94.5303708865
1846.4431870638,94.6520318636
1847.1572022173,94.5375192758
1847.8712173708,94.3885010465
1848.5852325244,94.5609006951
1849.2992476779,94.7051217920
1850.0132628315,94.7000877594
1850.7272779850,94.6237404915
1851.4412931386,94.5298404592
1852.1553082921,94.5008425401
1852.8693234457,94.5253932298
1853.5833385992,94.5596199124
1854.2973537527,94.6642975238
1855.0113689063,94.7113355624
1855.7253840598,94.5761883936
1856.4393992134,94.5152066289
1857.1534143669,94.6339136676
1857.8674295205,94.6064001423
1858.5814446740,94.4995665127
1859.2954598275,94.6063454961
1860.0094749811,94.7056952756
1860.7234901346,94.6289397115
1861.4375052882,94.5193921977
1862.1515204417,94.5219553469
1862.8655355953,94.6653044945
1863.5795507488,94.6699176935
1864.2935659023,94.5105115942
1865.0075810559,94.5241577314
1865.7215962094,94.4725116504
1866.4356113630,94.3283587414
1867.1496265165,94.5044795056
1867.8636416701,94.5642262275
1868.5776568236,94.3788420266
1869.2916719772,94.5887063730
1870.0056871307,94.6527815667
1870.7197022842,94.4339880155
1871.4337174378,94.5103601894
1872.1477325913,94.6426067737
1872.8617477449,94.6189033432
1873.5757628984,94.6119058951
1874.2897780520,94.4312666946
1875.0037932055,94.3205192539
1875.7178083590,94.4798360512
1876.4318235126,94.4809407869
1877.1458386661,94.4130467489
1877.8598538197,94.5244023063
1878.5738689732,94.5207885043
1879.2878841268,94.4245453166
1880.0018992803,94.4228698617
1880.7159144339,94.4752655667
1881.4299295874,94.6089030480
1882.1439447409,94.6718942485
1882.8579598945,94.5666269989
1883.5719750480,94.4627979178
1884.2859902016,94.4515964896
1885.0000053551,94.6008391637
1885.7140205087,94.7565197729
1886.4280356622,94.6466133761
1887.1420508157,94.5131820983
1887.8560659693,94.5831183790
1888.5700811228,94.6726171094
1889.2840962764,94.6685052467
1889.9981114299,94.5033716154
1890.7121265835,94.4656148884
1891.4261417370,94.5782809104
1892.1401568905,94.5654071536
1892.8541720441,94.5773418701
1893.5681871976,94.6478687396
1894.2822023512,94.4383533095
1894.9962175047,94.4182863669
1895.7102326583,94.7581154562
1896.4242478118,94.6552695713
1897.1382629654,94.4625543876
1897.8522781189,94.6501809402
1898.5662932724,94.6814422608
1899.2803084260,94.4777422242
1899.9943235795,94.5173520334
1900.7083387331,94.7624884840
1901.4223538866,94.7325609967
1902.1363690402,94.4018292709
1902.8503841937,94.3618185388
1903.5643993472,94.5066672096
1904.2784145008,94.4805171936
1904.9924296543,94.6106326914
1905.7064448079,94.6867819144
1906.4204599614,94.4640958966
1907.1344751150,94.5048278047
1907.8484902685,94.5810309996
1908.5625054221,94.3892110626
1909.2765205756,94.4986556827
1909.9905357291,94.6861970111
1910.7045508827,94.5066490109
1911.4185660362,94.4320526398
1912.1325811898,94.5700944233
1912.8465963433,94.6260788281
1913.5606114969,94.4741731620
1914.2746266504,94.4255377852
1914.9886418039,94.6849823044
1915.7026569575,94.6787312741
1916.4166721110,94.3612711248
1917.1306872646,94.3566672715
1917.8447024181,94.4731307596
1918.5587175717,94.4230171865
1919.2727327252,94.5277421780
1919.9867478788,94.6836132390
1920.7007630323,94.6254989568
1921.4147781858,94.4209101263
1922.1287933394,94.4449299230
1922.8428084929,94.7444248346
1923.5568236465,94.6948967834
1924.2708388000,94.5500019140
1924.9848539536,94.6845866812
1925.6988691071,94.6894553683
1926.4128842606,94.5225666395
1927.1268994142,94.4336951729
1927.8409145677,94.3896416866
1928.5549297213,94.5294372040
1929.2689448748,94.6861266548
1929.9829600284,94.6696104787
1930.6969751819,94.6618361527
1931.4109903354,94.6101285733
1932.1250054890,94.5865124625
1932.8390206425,94.6048249143
1933.5530357961,94.3805880333
1934.2670509496,94.3546507849
1934.9810661032,94.6680577365
1935.6950812567,94.6018403382
1936.4090964103,94.4078296213
1937.1231115638,94.6135795634
1937.8371267173,94.7224095846
1938.5511418709,94.5985202332
1939.2651570244,94.6194669249
1939.9791721780,94.6079358053
1940.6931873315,94.4207834425
1941.4072024851,94.4524740549
1942.1212176386,94.7024363825
1942.8352327921,94.7553579288
1943.5492479457,94.8034763795
1944.2632630992,94.9199207290
1944.9772782528,94.7331004021
1945.6912934063,94.6981715045
1946.4053085599,95.0753018858
1947.1193237134,95.1038466174
1947.8333388670,94.9071261186
1948.5473540205,94.9227580482
1949.2613691740,94.7226079525
1949.9753843276,94.5787430127
1950.6893994811,94.9626144954
1951.4034146347,95.1241771831
1952.1174297882,94.7433270935
1952.8314449418,94.5736025429
1953.5454600953,94.6431511633
1954.2594752488,94.5353226040
1954.9734904024,94.5468509775
1955.6875055559,94.6867970340
1956.4015207095,94.6138742260
1957.1155358630,94.8071447814
1957.8295510166,95.4051656512
1958.5435661701,95.5168449510
1959.2575813236,94.9233503991
1959.9715964772,94.5105194682
1960.6856116307,94.6710647734
1961.3996267843,94.8113441490
1962.1136419378,94.7165633436
1962.8276570914,94.9358125125
1963.5416722449,95.2723432894
1964.2556873985,95.1081459578
1964.9697025520,94.8033305595
1965.6837177055,94.7508251367
1966.3977328591,94.8273581789
1967.1117480126,94.9631260514
1967.8257631662,95.0798450133
1968.5397783197,95.3653410431
1969.2537934733,95.4661994414
1969.9678086268,94.8052359373
1970.6818237803,94.5536997652
1971.3958389339,95.0940174005
1972.1098540874,94.9102781273
1972.8238692410,94.6230252464
1973.5378843945,95.2634831273
1974.2518995481,95.5652207284
1974.9659147016,95.5665593644
1975.6799298552,95.9480535021
1976.3939450087,95.6100302896
1977.1079601622,95.0264525330
1977.8219753158,95.0864949141
1978.5359904693,94.6890038150
1979.2500056229,94.2150136530
1979.9640207764,94.4750926005
1980.6780359300,94.5872553229
1981.3920510835,94.5076141306
1982.1060662370,94.6809836153
1982.8200813906,94.8371502147
1983.5340965441,95.0353597378
1984.2481116977,94.9878528841
1984.9621268512,94.6906186663
1985.6761420048,94.8249143803
1986.3901571583,94.9025143915
1987.1041723118,94.8059086726
1987.8181874654,95.0811898126
1988.5322026189,94.9485745755
1989.2462177725,94.7247832806
1989.9602329260,94.9982720775
1990.6742480796,94.6518209987
1991.3882632331,94.3425625248
1992.1022783867,94.9493471415
1992.8162935402,94.8625691896
1993.5303086937,94.7743230709
1994.2443238473,95.2623550434
1994.9583390008,94.7382344956
1995.6723541544,94.2047901895
1996.3863693079,94.8506986933
1997.1003844615,95.0707399386
1997.8143996150,94.6077139253
1998.5284147685,94.4973331641
1999.2424299221,94.5953811622
1999.9564450756,94.7500293247
2000.6704602292,94.9234399115
2001.3844753827,94.7318960949
2002.0984905363,94.5417764959
2002.8125056898,94.8700837886
2003.5265208434,95.1163752390
2004.2405359969,95.0544127886
2004.9545511504,95.3045037502
2005.6685663040,95.1788227137
2006.3825814575,94.5931692371
2007.0965966111,95.0332947232
2007.8106117646,95.3128073933
2008.5246269182,94.6929707732
2009.2386420717,95.1642860606
2009.9526572252,95.6769919316
2010.6666723788,94.8954865947
2011.3806875323,94.6629090770
2012.0947026859,94.8230920340
2012.8087178394,94.5435011797
2013.5227329930,94.8069378708
2014.2367481465,95.2527210267
2014.9507633000,95.0817426384
2015.6647784536,94.7189124259
2016.3787936071,94.6040773211
2017.0928087607,94.8895877400
2017.8068239142,94.8145612108
2018.5208390678,94.3883424931
2019.2348542213,94.5540457224
2019.9488693749,94.9400536151
2020.6628845284,95.0638401620
2021.3768996819,94.9565496440
2022.0909148355,94.7324055336
2022.8049299890,95.2828187286
2023.5189451426,95.8642185019
2024.2329602961,94.9809546928
2024.9469754497,94.5176455320
2025.6609906032,95.4969963124
2026.3750057567,95.6360191797
2027.0890209103,94.7264048716
2027.8030360638,94.5651715063
2028.5170512174,94.7424133818
2029.2310663709,94.4212552525
2029.9450815245,94.4841663810
2030.6590966780,94.8395951268
2031.3731118316,94.7529780216
2032.0871269851,94.7411338311
2032.8011421386,94.6705290276
2033.5151572922,94.3141330231
2034.2291724457,94.6795276748
2034.9431875993,95.2155935876
2035.6572027528,95.0061543541
2036.3712179064,94.7185094877
2037.0852330599,94.3055985030
2037.7992482134,93.9135177264
2038.5132633670,94.2698225928
2039.2272785205,94.8082363937
2039.9412936741,94.9845599390
2040.6553088276,94.9760921055
2041.3693239812,94.6908571499
2042.0833391347,94.6082571238
2042.7973542883,94.6927837553
2043.5113694418,94.3517363581
2044.2253845953,94.1071836423
2044.9393997489,94.3429242844
2045.6534149024,94.4810157335
2046.3674300560,94.3949956040
2047.0814452095,94.2737388413
2047.7954603631,94.2350982731
2048.5094755166,94.4197049264
2049.2234906701,94.4783194466
2049.9375058237,94.2346264888
2050.6515209772,94.1392398210
2051.3655361308,94.1126527102
2052.0795512843,94.0982560237
2052.7935664379,94.4513021767
2053.5075815914,94.4408352609
2054.2215967449,93.9887737930
2054.9356118985,94.3628673575
2055.6496270520,94.7914932669
2056.3636422056,94.4694159961
2057.0776573591,94.5120972748
2057.7916725127,94.5897318490
2058.5056876662,94.3159816584
2059.2197028198,94.5071572252
2059.9337179733,94.4148287155
2060.6477331268,94.0260566557
2061.3617482804,94.1519305640
2062.0757634339,93.9474359647
2062.7897785875,93.9113661758
2063.5037937410,94.5717506122
2064.2178088946,94.4707586299
2064.9318240481,94.0138148742
2065.6458392016,94.1288724563
2066.3598543552,94.0461002560
2067.0738695087,93.9957149449
2067.7878846623,94.1863891243
2068.5018998158,94.1303622311
2069.2159149694,94.0215126348
2069.9299301229,94.0429363659
2070.6439452765,94.3076649384
2071.3579604300,94.4800268988
2072.0719755835,94.0418847002
2072.7859907371,93.8218591580
2073.5000058906,94.0961626691
2074.2140210442,94.1287392808
2074.9280361977,94.0910241939
2075.6420513513,94.1038669729
2076.3560665048,93.9782249269
2077.0700816583,93.9943239105
2077.7840968119,94.0929790089
2078.4981119654,94.0605618508
2079.2121271190,94.0083953171
2079.9261422725,94.0238155916
2080.6401574261,93.9481066796
2081.3541725796,93.8000018806
2082.0681877331,93.9895529513
2082.7822028867,94.1603676108
2083.4962180402,93.8911550545
2084.2102331938,93.9579586606
2084.9242483473,94.3269827335
2085.6382635009,94.3371095985
2086.3522786544,94.2738684080
2087.0662938080,94.0975036347
2087.7803089615,93.9135387223
2088.4943241150,94.0884885451
2089.2083392686,94.0888431817
2089.9223544221,94.0359092864
2090.6363695757,94.2005264025
2091.3503847292,94.0813970437
2092.0643998828,94.1113293396
2092.7784150363,94.3410368460
2093.4924301898,94.1706430368
2094.2064453434,94.1075989636
2094.9204604969,94.1409868497
2095.6344756505,93.8999922769
2096.3484908040,93.9188357010
2097.0625059576,94.1963816219
2097.7765211111,94.2994098592
2098.4905362647,94.1525663165
2099.2045514182,93.9913237435
2099.9185665717,94.0514145348
2100.6325817253,93.9410347846
2101.3465968788,93.8162446327
2102.0606120324,94.0280823743
2102.7746271859,93.9310828999
2103.4886423395,93.7222253931
2104.2026574930,93.8506745414
2104.9166726465,93.8348729169
2105.6306878001,93.8961737871
2106.3447029536,94.0012975981
2107.0587181072,93.7155582848
2107.7727332607,93.7176387848
2108.4867484143,93.9415833437
2109.2007635678,93.7418673407
2109.9147787213,93.6577600099
2110.6287938749,93.9517007190
2111.3428090284,94.0914175718
2112.0568241820,93.8749056382
2112.7708393355,93.6971871798
2113.4848544891,93.7520446772
2114.1988696426,93.6204813120
2114.9128847962,93.5641614113
2115.6268999497,93.8619333025
2116.3409151032,93.8626376063
2117.0549302568,93.7581888927
2117.7689454103,93.8717049712
2118.4829605639,93.7794738242
2119.1969757174,93.8045894013
2119.9109908710,93.9007294574
2120.6250060245,93.6640567521
2121.3390211780,93.7571849052
2122.0530363316,94.1373890248
2122.7670514851,94.1099452289
2123.4810666387,93.9160844010
2124.1950817922,93.8732407562
2124.9090969458,93.9907416698
2125.6231120993,94.0184740575
2126.3371272529,93.9152500898
2127.0511424064,94.0469678339
2127.7651575599,94.1372994702
2128.4791727135,94.0490326549
2129.1931878670,94.0782923401
2129.9072030206,94.0106509575
2130.6212181741,94.0007127789
2131.3352333277,94.2521189218
2132.0492484812,94.5655351854
2132.7632636347,94.7976511986
2133.4772787883,94.4082268098
2134.1912939418,94.0142373926
2134.9053090954,94.3591511658
2135.6193242489,94.2478645170
2136.3333394025,94.0295120641
2137.0473545560,94.4301656242
2137.7613697095,94.2444669071
2138.4753848631,94.1079236103
2139.1894000166,94.5018570451
2139.9034151702,94.1713850530
2140.6174303237,93.7128035577
2141.3314454773,93.6341593033
2142.0454606308,93.7278474282
2142.7594757844,94.2174916627
2143.4734909379,94.1950437764
2144.1875060914,93.7224180930
2144.9015212450,93.9611366084
2145.6155363985,94.5323495578
2146.3295515521,94.9462288846
2147.0435667056,94.7790025765
2147.7575818592,94.0252470177
2148.4715970127,93.8309055783
2149.1856121662,94.0438046333
2149.8996273198,94.1203070831
2150.6136424733,94.0449777925
2151.3276576269,93.7739107147
2152.0416727804,94.0199454475
2152.7556879340,94.4423987864
2153.4697030875,94.0950788007
2154.1837182411,93.8639201328
2154.8977333946,94.0588728519
2155.6117485481,94.2395744471
2156.3257637017,94.2948029843
2157.0397788552,94.2388497796
2157.7537940088,94.6908303273
2158.4678091623,94.2722211997
2159.1818243159,92.9038438094
2159.8958394694,93.2634634000
2160.6098546229,93.7993246753
2161.3238697765,93.3965404406
2162.0378849300,93.5129303522
2162.7519000836,93.0207986731
2163.4659152371,92.5111293967
2164.1799303907,93.4148976962
2164.8939455442,93.9075391325
2165.6079606978,93.5715785287
2166.3219758513,93.3081726448
2167.0359910048,93.2635797001
2167.7500061584,93.6786547473
2168.4640213119,93.7031873079
2169.1780364655,93.5888024338
2169.8920516190,94.0854568166
2170.6060667726,93.8233702758
2171.3200819261,93.4930496171
2172.0340970796,94.0045844422
2172.7481122332,93.9551194437
2173.4621273867,93.8544798713
2174.1761425403,93.9569930555
2174.8901576938,93.6234772987
2175.6041728474,93.8528485486
2176.3181880009,94.0265726001
2177.0322031544,93.4675951372
2177.7462183080,93.4862705305
2178.4602334615,93.7996321810
2179.1742486151,93.9609676973
2179.8882637686,94.3182212267
2180.6022789222,93.9109575654
2181.3162940757,93.2440160782
2182.0303092293,93.3734538649
2182.7443243828,93.4034097421
2183.4583395363,93.3314692463
2184.1723546899,93.7643894702
2184.8863698434,93.8534920854
2185.6003849970,93.6196307543
2186.3144001505,93.7820348846
2187.0284153041,93.8672703408
2187.7424304576,93.7520807135
2188.4564456111,94.0223696192
2189.1704607647,94.3308931956
2189.8844759182,94.2416808605
2190.5984910718,94.0614600770
2191.3125062253,93.9119664202
2192.0265213789,93.9175649032
2192.7405365324,93.7736845505
2193.4545516860,93.7671919790
2194.1685668395,94.4116640072
2194.8825819930,94.1140869563
2195.5965971466,93.1223490704
2196.3106123001,93.7832093103
2197.0246274537,94.2616364725
2197.7386426072,93.4274950396
2198.4526577608,93.6321352379
2199.1666729143,94.0246186978
2199.8806880678,93.6199491291
2200.5947032214,93.7032517769
2201.3087183749,93.8021173221
2202.0227335285,93.8699109426
2202.7367486820,94.1246424182
2203.4507638356,93.8614907197
2204.1647789891,93.9049844436
2204.8787941426,94.0328522428
2205.5928092962,93.6415414246
2206.3068244497,93.8038059162
2207.0208396033,93.9936770394
2207.7348547568,93.8079340338
2208.4488699104,93.9417335580
2209.1628850639,93.6410610028
2209.8769002175,93.2638341831
2210.5909153710,93.4283798493
2211.3049305245,93.3762485933
2212.0189456781,93.3703747118
2212.7329608316,93.5941538990
2213.4469759852,93.6602436049
2214.1609911387,93.8615567103
2214.8750062923,93.8487448969
2215.5890214458,93.8076559200
2216.3030365993,93.8276047322
2217.0170517529,93.2943782217
2217.7310669064,93.3991361991
2218.4450820600,94.2713489453
2219.1590972135,94.0510348879
2219.8731123671,93.4438951332
2220.5871275206,93.4694461107
2221.3011426742,93.5663162437
2222.0151578277,93.5427051496
2222.7291729812,93.5452071811
2223.4431881348,93.8110228021
2224.1572032883,93.9313988495
2224.8712184419,93.5208824380
2225.5852335954,93.6455063595
2226.2992487490,93.9357192724
2227.0132639025,93.5485646739
2227.7272790560,93.6280716156
2228.4412942096,93.8598982101
2229.1553093631,93.4652752819
2229.8693245167,93.5137286509
2230.5833396702,93.7926897901
2231.2973548238,93.5866391201
2232.0113699773,93.4866685047
2232.7253851308,93.5276753191
2233.4394002844,93.5358162519
2234.1534154379,93.5251294287
2234.8674305915,93.3557930620
2235.5814457450,93.4842366636
2236.2954608986,93.8179628678
2237.0094760521,93.7934629250
2237.7234912057,93.6913013997
2238.4375063592,93.5384126654
2239.1515215127,93.3256090186
2239.8655366663,93.5570821155
2240.5795518198,93.7298303405
2241.2935669734,93.4229631189
2242.0075821269,93.3698677391
2242.7215972805,93.5968764549
2243.4356124340,93.5669339962
2244.1496275875,93.4017314448
2244.8636427411,93.2832008352
2245.5776578946,93.3187316110
2246.2916730482,93.5053367827
2247.0056882017,93.4896513082
2247.7197033553,93.4027236119
2248.4337185088,93.6039030792
2249.1477336624,93.7465732689
2249.8617488159,93.6189481302
2250.5757639694,93.6516338895
2251.2897791230,93.8103178852
2252.0037942765,93.7865436228
2252.7178094301,93.6901519839
2253.4318245836,93.6701190012
2254.1458397372,93.6063140267
2254.8598548907,93.4769550710
2255.5738700442,93.4765194754
2256.2878851978,93.5443807453
2257.0019003513,93.5613420690
2257.7159155049,93.4611181945
2258.4299306584,93.3352544237
2259.1439458120,93.5372185858
2259.8579609655,93.6932077773
2260.5719761190,93.4272466423
2261.2859912726,93.4198152411
2262.0000064261,93.6630573052
2262.7140215797,93.5938571304
2263.4280367332,93.5275760638
2264.1420518868,93.4474372811
2264.8560670403,93.2813376362
2265.5700821939,93.4860159625
2266.2840973474,93.6004787894
2266.9981125009,93.3781958774
2267.7121276545,93.2891430675
2268.4261428080,93.2366345573
2269.1401579616,93.3614460003
2269.8541731151,93.5524837921
2270.5681882687,93.3838159786
2271.2822034222,93.3197717598
2271.9962185757,93.4851601634
2272.7102337293,93.5165177203
2273.4242488828,93.5541939301
2274.1382640364,93.5346127624
2274.8522791899,93.3915796756
2275.5662943435,93.3156397513
2276.2803094970,93.3830717925
2276.9943246506,93.5682659929
2277.7083398041,93.3956120508
2278.4223549576,93.1092666887
2279.1363701112,93.3772566313
2279.8503852647,93.4675600904
2280.5644004183,93.2919282801
2281.2784155718,93.4293134514
2281.9924307254,93.3568244219
2282.7064458789,93.3115127315
2283.4204610324,93.4850338411
2284.1344761860,93.1933906472
2284.8484913395,93.0130280740
2285.5625064931,93.1922789811
2286.2765216466,93.2328902809
2286.9905368002,93.3209126613
2287.7045519537,93.3552217224
2288.4185671072,93.2771635681
2289.1325822608,93.3122260265
2289.8465974143,93.2394975189
2290.5606125679,93.3158605661
2291.2746277214,93.4271985180
2291.9886428750,93.2483654928
2292.7026580285,93.3685546655
2293.4166731821,93.4262722565
2294.1306883356,93.1681202581
2294.8447034891,93.3309862356
2295.5587186427,93.3859120461
2296.2727337962,93.2528587807
2296.9867489498,93.4528671613
2297.7007641033,93.3982208260
2298.4147792569,93.3554464794
2299.1287944104,93.4632946427
2299.8428095639,93.1957495251
2300.5568247175,93.2987678542
2301.2708398710,93.5279581065
2301.9848550246,93.2841751459
2302.6988701781,93.3830598712
2303.4128853317,93.4169107007
2304.1269004852,93.2083813474
2304.8409156388,93.3668766712
2305.5549307923,93.2376424431
2306.2689459458,93.1398537213
2306.9829610994,93.5116921688
2307.6969762529,93.3328422137
2308.4109914065,93.2166806576
2309.1250065600,93.3329512434
2309.8390217136,93.1073073178
2310.5530368671,93.1799205721
2311.2670520206,93.3305475761
2311.9810671742,93.0817955816
2312.6950823277,93.1778388338
2313.4090974813,93.2127710271
2314.1231126348,93.0960409003
2314.8371277884,93.3092278400
2315.5511429419,93.1939453676
2316.2651580955,93.1455960869
2316.9791732490,93.3702549522
2317.6931884025,93.0821873478
2318.4072035561,93.0528725645
2319.1212187096,93.2990888514
2319.8352338632,93.0606404106
2320.5492490167,93.0178680872
2321.2632641703,93.1020837595
2321.9772793238,93.0012143300
2322.6912944773,93.1112198801
2323.4053096309,92.9638517613
2324.1193247844,92.7378270906
2324.8333399380,93.0414959019
2325.5473550915,93.2667447687
2326.2613702451,93.1163732400
2326.9753853986,93.2473216358
2327.6894005521,93.3106116567
2328.4034157057,93.2843622825
2329.1174308592,93.4369330321
2329.8314460128,93.3078437954
2330.5454611663,93.1657637254
2331.2594763199,93.3570404531
2331.9734914734,93.3968088316
2332.6875066270,93.2448537631
2333.4015217805,93.2625612126
2334.1155369340,93.4225473153
2334.8295520876,93.4606259180
2335.5435672411,93.2845738774
2336.2575823947,93.1176149821
2336.9715975482,93.0131851944
2337.6856127018,93.0618829041
2338.3996278553,93.3026199968
2339.1136430088,93.4423297283
2339.8276581624,93.2713100170
2340.5416733159,93.3040311055
2341.2556884695,93.4038435805
2341.9697036230,93.1590763808
2342.6837187766,93.1082958698
2343.3977339301,93.3653262072
2344.1117490837,93.3226684842
2344.8257642372,93.2639917940
2345.5397793907,93.3937645525
2346.2537945443,93.3520389096
2346.9678096978,93.3349740540
2347.6818248514,93.4358593267
2348.3958400049,93.4040158058
2349.1098551585,93.3403589878
2349.8238703120,93.3289525501
2350.5378854655,93.3000694612
2351.2519006191,93.2108054941
2351.9659157726,93.1346800973
2352.6799309262,93.2216742484
2353.3939460797,93.2099339785
2354.1079612333,93.1037209103
2354.8219763868,93.3331927761
2355.5359915403,93.5253818130
2356.2500066939,93.3368889772
2356.9640218474,93.1824291263
2357.6780370010,93.2680131937
2358.3920521545,93.4187683440
2359.1060673081,93.3692472140
2359.8200824616,93.3262425067
2360.5340976152,93.4414597177
2361.2481127687,93.2857494212
2361.9621279222,93.1938996969
2362.6761430758,93.4952643654
2363.3901582293,93.3126466988
2364.1041733829,93.0453162576
2364.8181885364,93.3244154979
2365.5322036900,93.2509584596
2366.2462188435,93.2069862387
2366.9602339970,93.4996475450
2367.6742491506,93.2726451675
2368.3882643041,93.1353874787
2369.1022794577,93.4135726523
2369.8162946112,93.3436890690
2370.5303097648,93.2758605574
2371.2443249183,93.3718015060
2371.9583400719,93.3400412246
2372.6723552254,93.4316549134
2373.3863703789,93.4345221284
2374.1003855325,93.2953194799
2374.8144006860,93.3382335854
2375.5284158396,93.2439174346
2376.2424309931,93.1084998613
2376.9564461467,93.2640213008
2377.6704613002,93.3902567939
2378.3844764537,93.3624946085
2379.0984916073,93.3807264225
2379.8125067608,93.3785390077
2380.5265219144,93.3320730255
2381.2405370679,93.2899549195
2381.9545522215,93.3075195273
2382.6685673750,93.3718869959
2383.3825825285,93.3432242880
2384.0965976821,93.2696077854
2384.8106128356,93.2807220989
2385.5246279892,93.3085767835
2386.2386431427,93.3219677724
2386.9526582963,93.3214743798
2387.6666734498,93.2962352755
2388.3806886034,93.2947760522
2389.0947037569,93.3399965639
2389.8087189104,93.3282742917
2390.5227340640,93.2972813741
2391.2367492175,93.3695867326
2391.9507643711,93.4639550392
2392.6647795246,93.3852928835
2393.3787946782,93.3242714374
2394.0928098317,93.2396543040
2394.8068249852,93.3382891375
2395.5208401388,93.3950333343
2396.2348552923,93.3289432477
2396.9488704459,93.2854374900
2397.6628855994,93.2596594815
2398.3769007530,93.2967197497
2399.0909159065,93.3521275133
2399.8049310601,93.2493059053
2400.5189462136,93.2257931953
2401.2329613671,93.3849764915
2401.9469765207,93.4004080444
2402.6609916742,93.2798845858
2403.3750068278,93.2478807531
2404.0890219813,93.3116490006
2404.8030371349,93.3758683537
2405.5170522884,93.3421193665
2406.2310674419,93.2995081279
2406.9450825955,93.3364303569
2407.6590977490,93.3747480626
2408.3731129026,93.3691638315
2409.0871280561,93.2634278339
2409.8011432097,93.2164019582
2410.5151583632,93.3669115215
2411.2291735167,93.3488360905
2411.9431886703,93.1625700306
2412.6572038238,93.1380127622
2413.3712189774,93.0989543263
2414.0852341309,93.0481900549
2414.7992492845,93.1432224857
2415.5132644380,93.2037749586
2416.2272795916,93.2212270193
2416.9412947451,93.1617203045
2417.6553098986,93.0823936796
2418.3693250522,93.1662430932
2419.0833402057,93.1592134614
2419.7973553593,93.1349464483
2420.5113705128,93.2521337013
2421.2253856664,93.1360977612
2421.9394008199,93.0413170489
2422.6534159734,93.1471998418
2423.3674311270,93.0075144691
2424.0814462805,92.9905417940
2424.7954614341,93.2068114182
2425.5094765876,93.1204630427
2426.2234917412,93.0499758398
2426.9375068947,93.1702452739
2427.6515220483,93.1409639544
2428.3655372018,93.1096833441
2429.0795523553,93.1280907035
2429.7935675089,93.1052433335
2430.5075826624,93.1455550663
2431.2215978160,93.1434245962
2431.9356129695,93.0057815902
2432.6496281231,92.9195577521
2433.3636432766,93.0828218218
2434.0776584301,93.2431058845
2434.7916735837,93.0650592472
2435.5056887372,92.9779824170
2436.2197038908,93.1454388066
2436.9337190443,93.0430967768
2437.6477341979,92.8889866375
2438.3617493514,93.0138155540
2439.0757645050,93.0849548946
2439.7897796585,93.0400889445
2440.5037948120,92.9635051283
2441.2178099656,92.9012969891
2441.9318251191,93.0273799503
2442.6458402727,93.1447795837
2443.3598554262,93.0568971110
2444.0738705798,92.9708621360
2444.7878857333,92.9844763701
2445.5019008868,92.9957477815
2446.2159160404,92.9660803888
2446.9299311939,92.9841804891
2447.6439463475,93.0095245809
2448.3579615010,92.9222651217
2449.0719766546,92.8749712563
2449.7859918081,92.9490578571
2450.5000069616,92.9888528328
2451.2140221152,92.9507527483
2451.9280372687,92.8989275408
2452.6420524223,92.9472186882
2453.3560675758,93.0171445584
2454.0700827294,92.9900609534
2454.7840978829,93.0241090484
2455.4981130365,92.9984912123
2456.2121281900,92.8594523512
2456.9261433435,92.9207868679
2457.6401584971,92.9355380990
2458.3541736506,92.7898434093
2459.0681888042,92.8767662968
2459.7822039577,92.9844136573
2460.4962191113,92.9712517873
2461.2102342648,93.0028542810
2461.9242494183,92.9074721353
2462.6382645719,92.7942411698
2463.3522797254,92.8146142386
2464.0662948790,92.8525921399
2464.7803100325,92.9501944347
2465.4943251861,92.9096276289
2466.2083403396,92.7651857540
2466.9223554932,92.8593641466
2467.6363706467,92.9369206309
2468.3503858002,92.9065370969
2469.0644009538,92.9115867130
2469.7784161073,92.8019568552
2470.4924312609,92.8251830202
2471.2064464144,92.9759673945
2471.9204615680,92.8654403323
2472.6344767215,92.8548195391
2473.3484918750,93.0446151004
2474.0625070286,92.9222414837
2474.7765221821,92.6976247874
2475.4905373357,92.7222865770
2476.2045524892,92.7804376046
2476.9185676428,92.7880887371
2477.6325827963,92.8621039697
2478.3465979498,92.8480905152
2479.0606131034,92.6872049472
2479.7746282569,92.6756220248
2480.4886434105,92.7723494320
2481.2026585640,92.7171257940
2481.9166737176,92.7386076288
2482.6306888711,92.8563560212
2483.3447040247,92.8020218982
2484.0587191782,92.7785957305
2484.7727343317,92.8487085612
2485.4867494853,92.7855554864
2486.2007646388,92.7541104617
2486.9147797924,92.8154279418
2487.6287949459,92.7285024908
2488.3428100995,92.6410608758
2489.0568252530,92.7684484403
2489.7708404065,92.8075185374
2490.4848555601,92.6491664097
2491.1988707136,92.6450917267
2491.9128858672,92.7221374973
2492.6269010207,92.7337509290
2493.3409161743,92.8209635025
2494.0549313278,92.7393844564
2494.7689464814,92.6002017693
2495.4829616349,92.7504308139
2496.1969767884,92.7614732834
2496.9109919420,92.6875788475
2497.6250070955,92.8192432297
2498.3390222491,92.6582279650
2499.0530374026,92.4650813397
2499.7670525562,92.7066595556
2500.4810677097,92.8292101969
2501.1950828632,92.7082761584
2501.9090980168,92.6295941776
2502.6231131703,92.6137716807
2503.3371283239,92.6509392660
2504.0511434774,92.5724919056
2504.7651586310,92.5931616034
2505.4791737845,92.7912904312
2506.1931889380,92.6558769218
2506.9072040916,92.4524562471
2507.6212192451,92.5359270966
2508.3352343987,92.6039700128
2509.0492495522,92.6659832237
2509.7632647058,92.6072819910
2510.4772798593,92.4800032310
2511.1912950129,92.6635236780
2511.9053101664,92.7336048845
2512.6193253199,92.5853278311
2513.3333404735,92.6864813185
2514.0473556270,92.7438778676
2514.7613707806,92.6073509428
2515.4753859341,92.5683810143
2516.1894010877,92.5938222910
2516.9034162412,92.6284179603
2517.6174313947,92.6644216385
2518.3314465483,92.7023749827
2519.0454617018,92.6349839791
2519.7594768554,92.4996532220
2520.4734920089,92.6547903563
2521.1875071625,92.7644010029
2521.9015223160,92.5420343802
2522.6155374696,92.5243952866
2523.3295526231,92.6051002666
2524.0435677766,92.5943930720
2524.7575829302,92.6865413748
2525.4715980837,92.5618490661
2526.1856132373,92.4305454442
2526.8996283908,92.5601099718
2527.6136435444,92.5158918953
2528.3276586979,92.4944975216
2529.0416738514,92.5225199286
2529.7556890050,92.3995509956
2530.4697041585,92.5444472976
2531.1837193121,92.6216883000
2531.8977344656,92.4478732669
2532.6117496192,92.5485254734
2533.3257647727,92.5491856516
2534.0397799262,92.4545099504
2534.7537950798,92.6374962183
2535.4678102333,92.5729048593
2536.1818253869,92.4320041983
2536.8958405404,92.5685275716
2537.6098556940,92.5373095079
2538.3238708475,92.4878513135
2539.0378860011,92.5601514962
2539.7519011546,92.4997352265
2540.4659163081,92.4983770778
2541.1799314617,92.5102377745
2541.8939466152,92.3925882897
2542.6079617688,92.3915899401
2543.3219769223,92.4726675097
2544.0359920759,92.4476133474
2544.7500072294,92.4131754176
2545.4640223829,92.4815084642
2546.1780375365,92.4856250054
2546.8920526900,92.3843468432
2547.6060678436,92.4610059597
2548.3200829971,92.5663162426
2549.0340981507,92.4852351233
2549.7481133042,92.4810577142
2550.4621284578,92.4769976186
2551.1761436113,92.3928086899
2551.8901587648,92.4335771659
2552.6041739184,92.4271963948
2553.3181890719,92.4061669474
2554.0322042255,92.4718052153
2554.7462193790,92.3870517070
2555.4602345326,92.3232998496
2556.1742496861,92.3805005502
2556.8882648396,92.4100621402
2557.6022799932,92.4975720797
2558.3162951467,92.4738814276
2559.0303103003,92.4096384550
2559.7443254538,92.5642696257
2560.4583406074,92.5279968276
2561.1723557609,92.3324395435
2561.8863709144,92.3931930025
2562.6003860680,92.4234239633
2563.3144012215,92.3880837815
2564.0284163751,92.4673814128
2564.7424315286,92.4228568232
2565.4564466822,92.3622870608
2566.1704618357,92.4575559878
2566.8844769893,92.4813178317
2567.5984921428,92.4347085292
2568.3125072963,92.4089330748
2569.0265224499,92.3564172763
2569.7405376034,92.4107979738
2570.4545527570,92.5178936164
2571.1685679105,92.3918463451
2571.8825830641,92.2751386713
2572.5965982176,92.3971377582
2573.3106133711,92.3739146494
2574.0246285247,92.2716449695
2574.7386436782,92.4137652770
2575.4526588318,92.4801350546
2576.1666739853,92.4024757861
2576.8806891389,92.3547238064
2577.5947042924,92.2408676576
2578.3087194460,92.2488303374
2579.0227345995,92.3135678420
2579.7367497530,92.2064293783
2580.4507649066,92.2509650880
2581.1647800601,92.3493629651
2581.8787952137,92.2843706734
2582.5928103672,92.3299713323
2583.3068255208,92.3347937855
2584.0208406743,92.2349696383
2584.7348558278,92.2583554695
2585.4488709814,92.2504448991
2586.1628861349,92.2795152405
2586.8769012885,92.3312763534
2587.5909164420,92.1866424100
2588.3049315956,92.1451070082
2589.0189467491,92.2072241795
2589.7329619027,92.1479788631
2590.4469770562,92.1813916006
2591.1609922097,92.2583216981
2591.8750073633,92.2758169325
2592.5890225168,92.3055612123
2593.3030376704,92.2592134384
2594.0170528239,92.2232836079
2594.7310679775,92.2286979988
2595.4450831310,92.2417914156
2596.1590982845,92.3248537749
2596.8731134381,92.2404568278
2597.5871285916,92.0850344532
2598.3011437452,92.1553660464
2599.0151588987,92.1814410917
2599.7291740523,92.1691843612
2600.4431892058,92.2482864340
2601.1572043593,92.1982425806
2601.8712195129,92.1663741372
2602.5852346664,92.2125925203
2603.2992498200,92.1569713856
2604.0132649735,92.1479731883
2604.7272801271,92.1762307949
2605.4412952806,92.1572136664
2606.1553104342,92.1641997565
2606.8693255877,92.1755775086
2607.5833407412,92.2236350118
2608.2973558948,92.1813965085
2609.0113710483,92.0275806054
2609.7253862019,92.0845190719
2610.4394013554,92.1666152348
2611.1534165090,92.0612427633
2611.8674316625,92.0459072801
2612.5814468160,92.0592265703
2613.2954619696,92.0570188192
2614.0094771231,92.1914904361
2614.7234922767,92.1931545394
2615.4375074302,92.0185297679
2616.1515225838,92.0352689187
2616.8655377373,92.1798289335
2617.5795528909,92.1413982720
2618.2935680444,92.0294242876
2619.0075831979,92.0907148067
2619.7215983515,92.1147494703
2620.4356135050,91.9534993272
2621.1496286586,91.9187695343
2621.8636438121,92.0053700355
2622.5776589657,92.0275279797
2623.2916741192,92.0680243422
2624.0056892727,92.0520106462
2624.7197044263,91.9924059798
2625.4337195798,92.0315957663
2626.1477347334,92.0132498025
2626.8617498869,91.9668634596
2627.5757650405,92.0192819271
2628.2897801940,92.0162601976
2629.0037953475,92.0026694115
2629.7178105011,92.0547491401
2630.4318256546,92.0165412463
2631.1458408082,91.9338914766
2631.8598559617,91.9627412290
2632.5738711153,92.0328119200
2633.2878862688,91.9793460276
2634.0019014224,91.8853792945
2634.7159165759,91.9312550657
2635.4299317294,91.9609786866
2636.1439468830,91.8915976327
2636.8579620365,91.9058323018
2637.5719771901,91.9325960767
2638.2859923436,91.9306770426
2639.0000074972,91.9945814009
2639.7140226507,91.9543939693
2640.4280378042,91.8352258810
2641.1420529578,91.8781651226
2641.8560681113,91.9585999774
2642.5700832649,91.9201250734
2643.2840984184,91.8831474324
2643.9981135720,91.9122243803
2644.7121287255,91.9149912343
2645.4261438791,91.8632773629
2646.1401590326,91.8471198801
2646.8541741861,91.8348749625
2647.5681893397,91.7781620882
2648.2822044932,91.8067178378
2648.9962196468,91.8649803304
2649.7102348003,91.8048100264
2650.4242499539,91.7612765057
2651.1382651074,91.7784707470
2651.8522802609,91.7439388449
2652.5662954145,91.7251724348
2653.2803105680,91.7449588717
2653.9943257216,91.7364359828
2654.7083408751,91.7588898577
2655.4223560287,91.7919546934
2656.1363711822,91.7458052231
2656.8503863357,91.7166857514
2657.5644014893,91.7688479380
2658.2784166428,91.7878096378
2658.9924317964,91.7425089842
2659.7064469499,91.6971765588
2660.4204621035,91.6876058550
2661.1344772570,91.7391224144
2661.8484924106,91.7886065351
2662.5625075641,91.7610696266
2663.2765227176,91.7183482527
2663.9905378712,91.7196865679
2664.7045530247,91.7641721438
2665.4185681783,91.8060265673
2666.1325833318,91.7649355486
2666.8465984854,91.7106360298
2667.5606136389,91.7294511417
2668.2746287924,91.7479914766
2668.9886439460,91.7525287467
2669.7026590995,91.7313476674
2670.4166742531,91.6474486824
2671.1306894066,91.6219684931
2671.8447045602,91.6690962898
2672.5587197137,91.6626124771
2673.2727348673,91.6179751775
2673.9867500208,91.5845672551
2674.7007651743,91.5938543984
2675.4147803279,91.6179849861
2676.1287954814,91.5682942030
2676.8428106350,91.5664445182
2677.5568257885,91.6502608698
2678.2708409421,91.5978197975
2678.9848560956,91.5033073809
2679.6988712491,91.5587429661
2680.4128864027,91.5903436381
2681.1269015562,91.5423289902
2681.8409167098,91.5363847974
2682.5549318633,91.5229840244
2683.2689470169,91.5124946407
2683.9829621704,91.5492232826
2684.6969773239,91.5277220773
2685.4109924775,91.4760235815
2686.1250076310,91.4795748055
2686.8390227846,91.4475278179
2687.5530379381,91.3912862647
2688.2670530917,91.4137013873
2688.9810682452,91.4591999801
2689.6950833988,91.4695170264
2690.4090985523,91.4279000223
2691.1231137058,91.3429849397
2691.8371288594,91.3220190777
2692.5511440129,91.3533537047
2693.2651591665,91.3455762690
2693.9791743200,91.3383399018
2694.6931894736,91.3203426968
2695.4072046271,91.2811884341
2696.1212197806,91.2834299215
2696.8352349342,91.2784975246
2697.5492500877,91.2711130074
2698.2632652413,91.3115871323
2698.9772803948,91.3322767479
2699.6912955484,91.3398342276
2700.4053107019,91.3273108809
2701.1193258555,91.2428972712
2701.8333410090,91.2081027173
2702.5473561625,91.2518978702
2703.2613713161,91.2487187930
2703.9753864696,91.2331303838
2704.6894016232,91.2388272807
2705.4034167767,91.1725980616
2706.1174319303,91.0769611682
2706.8314470838,91.0900287907
2707.5454622373,91.1496888850
2708.2594773909,91.1464915874
2708.9734925444,91.1598450496
2709.6875076980,91.1691980482
2710.4015228515,91.1099043671
2711.1155380051,91.0914717261
2711.8295531586,91.0725924335
2712.5435683122,91.0487173668
2713.2575834657,91.1329961498
2713.9715986192,91.1178556989
2714.6856137728,91.0081752307
2715.3996289263,91.0479520407
2716.1136440799,91.0758672532
2716.8276592334,91.0640079015
2717.5416743870,91.0870363069
2718.2556895405,91.0170693946
2718.9697046940,91.0342977094
2719.6837198476,91.0873198202
2720.3977350011,90.9474572721
2721.1117501547,90.9391809671
2721.8257653082,91.0161673914
2722.5397804618,90.9216313884
2723.2537956153,90.9521315564
2723.9678107688,91.0265901219
2724.6818259224,90.9634007144
2725.3958410759,90.9893743758
2726.1098562295,90.9809299342
2726.8238713830,90.8915102818
2727.5378865366,90.9186473479
2728.2519016901,90.9317346315
2728.9659168437,90.9086268322
2729.6799319972,90.9183510421
2730.3939471507,90.9093990917
2731.1079623043,90.9344991811
2731.8219774578,90.9163109061
2732.5359926114,90.8580590216
2733.2500077649,90.9053960818
2733.9640229185,90.9161558836
2734.6780380720,90.8723780110
2735.3920532255,90.9030139425
2736.1060683791,90.8769921626
2736.8200835326,90.7963662464
2737.5340986862,90.8092266135
2738.2481138397,90.8716195662
2738.9621289933,90.8732935307
2739.6761441468,90.8158660430
2740.3901593004,90.8156125312
2741.1041744539,90.8524597572
2741.8181896074,90.8389999778
2742.5322047610,90.8533471177
2743.2462199145,90.8484057932
2743.9602350681,90.7975226977
2744.6742502216,90.8561239405
2745.3882653752,90.9037468336
2746.1022805287,90.8472765853
2746.8162956822,90.8590106454
2747.5303108358,90.8627596055
2748.2443259893,90.7967149493
2748.9583411429,90.8433769961
2749.6723562964,90.9243572331
2750.3863714500,90.8611460387
2751.1003866035,90.7976828481
2751.8144017570,90.8508337323
2752.5284169106,90.8621715150
2753.2424320641,90.8009075470
2753.9564472177,90.8126042099
2754.6704623712,90.8380834178
2755.3844775248,90.7991141075
2756.0984926783,90.7804815912
2756.8125078319,90.7886804848
2757.5265229854,90.8021881409
2758.2405381389,90.7974065300
2758.9545532925,90.7430682327
2759.6685684460,90.7308556921
2760.3825835996,90.7535606188
2761.0965987531,90.7336037914
2761.8106139067,90.7343146452
2762.5246290602,90.7326965794
2763.2386442137,90.6816410894
2763.9526593673,90.6583287195
2764.6666745208,90.6849575471
2765.3806896744,90.7124640671
2766.0947048279,90.6659673603
2766.8087199815,90.5913341365
2767.5227351350,90.6048113223
2768.2367502886,90.6183432324
2768.9507654421,90.5942278993
2769.6647805956,90.5920783834
2770.3787957492,90.5538512142
2771.0928109027,90.5374395013
2771.8068260563,90.5766998438
2772.5208412098,90.5815681846
2773.2348563634,90.5614871575
2773.9488715169,90.4766583306
2774.6628866704,90.4079314609
2775.3769018240,90.4771302357
2776.0909169775,90.4833536440
2776.8049321311,90.4305957219
2777.5189472846,90.4546337449
2778.2329624382,90.4294425112
2778.9469775917,90.4082043988
2779.6609927452,90.4066119040
2780.3750078988,90.3401508685
2781.0890230523,90.3621073977
2781.8030382059,90.3832149171
2782.5170533594,90.3138998465
2783.2310685130,90.3267164763
2783.9450836665,90.3123135933
2784.6590988201,90.2535791007
2785.3731139736,90.2599724773
2786.0871291271,90.2172801886
2786.8011442807,90.2370911224
2787.5151594342,90.3196468862
2788.2291745878,90.2536247509
2788.9431897413,90.1993110022
2789.6572048949,90.1820944902
2790.3712200484,90.0800487469
2791.0852352019,90.0680313742
2791.7992503555,90.1229233007
2792.5132655090,90.0969005753
2793.2272806626,90.0462626972
2793.9412958161,90.0384825760
2794.6553109697,90.0888912366
2795.3693261232,90.0780914224
2796.0833412768,89.9870046970
2796.7973564303,89.9741738193
2797.5113715838,89.9755361225
2798.2253867374,89.9572702247
2798.9394018909,89.9773943313
2799.6534170445,89.9136238505
2800.3674321980,89.8341622960
2801.0814473516,89.8579655612
2801.7954625051,89.8308907254
2802.5094776586,89.7480033264
2803.2234928122,89.7617297393
2803.9375079657,89.8125851923
2804.6515231193,89.7473189955
2805.3655382728,89.6728671523
2806.0795534264,89.7411396473
2806.7935685799,89.7377715539
2807.5075837334,89.6257975767
2808.2215988870,89.6442536388
2808.9356140405,89.6399405855
2809.6496291941,89.5772288011
2810.3636443476,89.6424311419
2811.0776595012,89.5993235004
2811.7916746547,89.4548053604
2812.5056898083,89.4936937573
2813.2197049618,89.5219175306
2813.9337201153,89.4224519053
2814.6477352689,89.3738243986
2815.3617504224,89.3905268930
2816.0757655760,89.4168579520
2816.7897807295,89.3619181058
2817.5037958831,89.2347556499
2818.2178110366,89.2078308511
2818.9318261901,89.2320243097
2819.6458413437,89.1649430831
2820.3598564972,89.0924284053
2821.0738716508,89.1149146019
2821.7878868043,89.1378401578
2822.5019019579,89.0679080634
2823.2159171114,89.0195924166
2823.9299322650,89.0575274899
2824.6439474185,89.0593991829
2825.3579625720,88.9751090628
2826.0719777256,88.8614277034
2826.7859928791,88.8142952536
2827.5000080327,88.8473805846
2828.2140231862,88.8473639451
2828.9280383398,88.8124164729
2829.6420534933,88.7343865270
2830.3560686468,88.6246780495
2831.0700838004,88.6428613903
2831.7840989539,88.6500175914
2832.4981141075,88.5243802506
2833.2121292610,88.5134760867
2833.9261444146,88.5427695648
2834.6401595681,88.4384173512
2835.3541747217,88.3426261335
2836.0681898752,88.2741023387
2836.7822050287,88.2407380651
2837.4962201823,88.2440398962
2838.2102353358,88.1752768153
2838.9242504894,88.1151437272
2839.6382656429,88.0395422043
2840.3522807965,87.8866397147
2841.0662959500,87.8401463289
2841.7803111035,87.8156937195
2842.4943262571,87.6450647608
2843.2083414106,87.4728953091
2843.9223565642,87.3912004423
2844.6363717177,87.3382300363
2845.3503868713,87.1820555277
2846.0644020248,86.9703991191
2846.7784171783,86.8905025623
2847.4924323319,86.7608849668
2848.2064474854,86.4889685810
2848.9204626390,86.3381985229
2849.6344777925,86.2976584468
2850.3484929461,86.2416755305
2851.0625080996,86.1571571336
2851.7765232532,86.0997433703
2852.4905384067,86.2003374987
2853.2045535602,86.3320409704
2853.9185687138,86.3818359116
2854.6325838673,86.4311671765
2855.3465990209,86.4129241451
2856.0606141744,86.3888564458
2856.7746293280,86.4314797815
2857.4886444815,86.4088392329
2858.2026596350,86.4374814645
2858.9166747886,86.5407489341
2859.6306899421,86.5140998930
2860.3447050957,86.4623666096
2861.0587202492,86.4673779814
2861.7727354028,86.4371733771
2862.4867505563,86.4238973906
2863.2007657099,86.4393372719
2863.9147808634,86.4472719398
2864.6287960169,86.4568491426
2865.3428111705,86.4052537170
2866.0568263240,86.3016163605
2866.7708414776,86.2877263946
2867.4848566311,86.3252475165
2868.1988717847,86.2461518601
2868.9128869382,86.1746972385
2869.6269020917,86.2055605379
2870.3409172453,86.1417056373
2871.0549323988,86.0771362487
2871.7689475524,86.1047328418
2872.4829627059,86.0587343360
2873.1969778595,86.1244627376
2873.9109930130,86.2590408574
2874.6250081665,86.1409263767
2875.3390233201,86.0502034463
2876.0530384736,86.1445363823
2876.7670536272,86.1875647917
2877.4810687807,86.1743666604
2878.1950839343,86.1631935026
2878.9090990878,86.2850792281
2879.6231142414,86.4358158799
2880.3371293949,86.3630886063
2881.0511445484,86.3721482629
2881.7651597020,86.4862162291
2882.4791748555,86.4627574709
2883.1931900091,86.5457086820
2883.9072051626,86.5308171012
2884.6212203162,86.2776354360
2885.3352354697,86.2481455337
2886.0492506232,86.2765462332
2886.7632657768,86.1888785561
2887.4772809303,86.2163912303
2888.1912960839,86.1861596931
2888.9053112374,86.0840755676
2889.6193263910,86.0511378926
2890.3333415445,86.0124153153
2891.0473566981,85.9977611940
2891.7613718516,85.9472230835
2892.4753870051,85.8777189927
2893.1894021587,85.8204804626
2893.9034173122,85.7153974197
2894.6174324658,85.7709554497
2895.3314476193,85.7844237276
2896.0454627729,85.6131221271
2896.7594779264,85.7417846275
2897.4734930799,85.8686508093
2898.1875082335,85.7344336889
2898.9015233870,85.8199827582
2899.6155385406,85.8444222052
2900.3295536941,85.7307201907
2901.0435688477,85.8517284635
2901.7575840012,85.8368631722
2902.4715991547,85.7618597613
2903.1856143083,85.8880485196
2903.8996294618,85.8770865448
2904.6136446154,85.8758535433
2905.3276597689,85.9255160783
2906.0416749225,85.8409558053
2906.7556900760,85.9667613685
2907.4697052296,86.1582578701
2908.1837203831,86.1006223944
2908.8977355366,86.1095411263
2909.6117506902,86.2169717338
2910.3257658437,86.2133323153
2911.0397809973,86.1658013095
2911.7537961508,86.1596287774
2912.4678113044,86.1592500156
2913.1818264579,86.1061961925
2913.8958416114,86.0855527960
2914.6098567650,86.0781263389
2915.3238719185,86.0072062326
2916.0378870721,86.0433645361
2916.7519022256,86.1122057421
2917.4659173792,86.1158952535
2918.1799325327,86.2276782518
2918.8939476863,86.3256903683
2919.6079628398,86.3529850765
2920.3219779933,86.3964805913
2921.0359931469,86.4189691220
2921.7500083004,86.5906057980
2922.4640234540,86.7530319906
2923.1780386075,86.7356874011
2923.8920537611,86.9586393687
2924.6060689146,87.2575753479
2925.3200840681,87.2972508925
2926.0340992217,87.4114083304
2926.7481143752,87.5773029179
2927.4621295288,87.6789343515
2928.1761446823,87.8441573799
2928.8901598359,87.8845656748
2929.6041749894,87.9092289346
2930.3181901429,88.1346299895
2931.0322052965,88.2722624194
2931.7462204500,88.2784699909
2932.4602356036,88.3643916728
2933.1742507571,88.4757860826
2933.8882659107,88.5281238321
2934.6022810642,88.5668067261
2935.3162962178,88.6238815292
2936.0303113713,88.6694141870
2936.7443265248,88.7542362706
2937.4583416784,88.8714789214
2938.1723568319,88.9396669024
2938.8863719855,89.0979032626
2939.6003871390,89.2481305107
2940.3144022926,89.1910648599
2941.0284174461,89.2508232640
2941.7424325996,89.4443322544
2942.4564477532,89.4651276424
2943.1704629067,89.4945186508
2943.8844780603,89.6439403416
2944.5984932138,89.8213462114
2945.3125083674,89.9820744895
2946.0265235209,90.0414471655
2946.7405386745,90.1741504846
2947.4545538280,90.3515243128
2948.1685689815,90.3376775918
2948.8825841351,90.3693474513
2949.5965992886,90.4808976498
2950.3106144422,90.5439875914
2951.0246295957,90.7068500175
2951.7386447493,90.8228630194
2952.4526599028,90.8966731659
2953.1666750563,91.0651618666
2953.8806902099,91.1283086996
2954.5947053634,91.2185829878
2955.3087205170,91.3101332001
2956.0227356705,91.2216432350
2956.7367508241,91.3692012129
2957.4507659776,91.5694604633
2958.1647811312,91.4485344797
2958.8787962847,91.5200421009
2959.5928114382,91.7566850932
2960.3068265918,91.8108427202
2961.0208417453,91.9265918410
2961.7348568989,92.0933565432
2962.4488720524,92.1896198961
2963.1628872060,92.2962454719
2963.8769023595,92.4338396968
2964.5909175130,92.6495722367
2965.3049326666,92.8050426728
2966.0189478201,92.8194537025
2966.7329629737,92.8648372380
2967.4469781272,92.9693760476
2968.1609932808,93.0779243440
2968.8750084343,93.1718440676
2969.5890235878,93.6002346156
2970.3030387414,94.5055546043
2971.0170538949,94.7245177443
2971.7310690485,94.1741394938
2972.4450842020,94.0690251072
2973.1590993556,94.1101719414
2973.8731145091,94.0294940921
2974.5871296627,94.1603754753
2975.3011448162,94.1557684935
2976.0151599697,94.2243654382
2976.7291751233,94.6252887537
2977.4431902768,94.6683095021
2978.1572054304,94.6445843908
2978.8712205839,95.2382998053
2979.5852357375,95.7453046504
2980.2992508910,95.6999149078
2981.0132660445,95.9184021603
2981.7272811981,96.5276029112
2982.4412963516,96.1177162440
2983.1553115052,94.8346404782
2983.8693266587,94.1998113792
2984.5833418123,94.1131452542
2985.2973569658,94.0205424149
2986.0113721194,93.9973553304
2986.7253872729,93.9212320461
2987.4394024264,93.6639312235
2988.1534175800,93.5305190384
2988.8674327335,93.6165003397
2989.5814478871,93.7385396773
2990.2954630406,93.6577547451
2991.0094781942,93.4890709712
2991.7234933477,93.5235078987
2992.4375085012,93.5332338106
2993.1515236548,93.4004648280
2993.8655388083,93.3000264980
2994.5795539619,93.2107656241
2995.2935691154,93.2291864503
2996.0075842690,93.2352345071
2996.7215994225,93.0536154676
2997.4356145760,92.9775790224
2998.1496297296,92.9702621321
2998.8636448831,92.8445473601
2999.5776600367,92.7128918295
3000.2916751902,92.5814827828
3001.0056903438,92.5677264738
3001.7197054973,92.5285154592
3002.4337206509,92.2375800435
3003.1477358044,92.1096278763
3003.8617509579,92.0817473340
3004.5757661115,91.8269706209
3005.2897812650,91.6941602541
3006.0037964186,91.6256913712
3006.7178115721,91.4603117395
3007.4318267257,91.4270628997
3008.1458418792,91.3067219522
3008.8598570327,91.0825397612
3009.5738721863,91.0451069543
3010.2878873398,91.0133349935
3011.0019024934,90.9067779919
3011.7159176469,90.8116198291
3012.4299328005,90.7179624477
3013.1439479540,90.7351316070
3013.8579631076,90.7273730274
3014.5719782611,90.5580827507
3015.2859934146,90.4506408197
3016.0000085682,90.4347414686
3016.7140237217,90.3707365799
3017.4280388753,90.3165958782
3018.1420540288,90.3285928553
3018.8560691824,90.3261123157
3019.5700843359,90.2695486864
3020.2840994894,90.2344217725
3020.9981146430,90.2050032277
3021.7121297965,90.1384048183
3022.4261449501,90.1093583337
3023.1401601036,90.0736210515
3023.8541752572,90.0086961698
3024.5681904107,89.9824624571
3025.2822055642,89.9146266718
3025.9962207178,89.8692884473
3026.7102358713,89.9256156517
3027.4242510249,89.9125130313
3028.1382661784,89.8722076845
3028.8522813320,89.8864575965
3029.5662964855,89.8279314298
3030.2803116391,89.7605771342
3030.9943267926,89.7385236929
3031.7083419461,89.6794517995
3032.4223570997,89.6706305092
3033.1363722532,89.7250549073
3033.8503874068,89.7010803289
3034.5644025603,89.6424684456
3035.2784177139,89.6547474199
3035.9924328674,89.5950288057
3036.7064480209,89.4314470899
3037.4204631745,89.4356962150
3038.1344783280,89.5217239243
3038.8484934816,89.4241527526
3039.5625086351,89.3375356395
3040.2765237887,89.3308913468
3040.9905389422,89.2759977914
3041.7045540958,89.3134924041
3042.4185692493,89.3921700691
3043.1325844028,89.3458866141
3043.8465995564,89.2751899984
3044.5606147099,89.2688433240
3045.2746298635,89.2955151962
3045.9886450170,89.2010920685
3046.7026601706,89.0554827822
3047.4166753241,89.1304215738
3048.1306904776,89.1848940364
3048.8447056312,89.0674018677
3049.5587207847,89.0274635126
3050.2727359383,88.9371900323
3050.9867510918,88.8408833532
3051.7007662454,88.8901545466
3052.4147813989,88.8176053808
3053.1287965524,88.7976861887
3053.8428117060,88.9177281245
3054.5568268595,88.7861616582
3055.2708420131,88.6633017950
3055.9848571666,88.7162279304
3056.6988723202,88.6504952481
3057.4128874737,88.6558376386
3058.1269026273,88.6953297027
3058.8409177808,88.5408062055
3059.5549329343,88.4831939384
3060.2689480879,88.5036472780
3060.9829632414,88.3901318816
3061.6969783950,88.3476515322
3062.4109935485,88.4177234778
3063.1250087021,88.4395627328
3063.8390238556,88.3909150295
3064.5530390091,88.2900376042
3065.2670541627,88.2073237730
3065.9810693162,88.1846061461
3066.6950844698,88.1603944955
3067.4090996233,88.1051273520
3068.1231147769,88.1219088564
3068.8371299304,88.2266022496
3069.5511450840,88.1900298095
3070.2651602375,87.9932189888
3070.9791753910,87.9250246183
3071.6931905446,87.9892730876
3072.4072056981,87.9715064291
3073.1212208517,87.9170828899
3073.8352360052,87.9731693090
3074.5492511588,87.9562142970
3075.2632663123,87.7046333117
3075.9772814658,87.6100700523
3076.6912966194,87.7834875857
3077.4053117729,87.7431153809
3078.1193269265,87.6215747404
3078.8333420800,87.7186311169
3079.5473572336,87.6499550114
3080.2613723871,87.4615440068
3080.9753875406,87.5153972091
3081.6894026942,87.5263918816
3082.4034178477,87.3752754342
3083.1174330013,87.3496641825
3083.8314481548,87.3920215225
3084.5454633084,87.3549766476
3085.2594784619,87.3301032414
3085.9734936155,87.3564425672
3086.6875087690,87.3267157103
3087.4015239225,87.2246328979
3088.1155390761,87.2013130195
3088.8295542296,87.2400305582
3089.5435693832,87.1766650446
3090.2575845367,87.1055531594
3090.9715996903,87.1156212566
3091.6856148438,87.0530725521
3092.3996299973,86.9720540221
3093.1136451509,87.0077506141
3093.8276603044,87.0065862240
3094.5416754580,86.9216187910
3095.2556906115,86.8605590177
3095.9697057651,86.7881614131
3096.6837209186,86.7342309766
3097.3977360722,86.7111192895
3098.1117512257,86.6493467714
3098.8257663792,86.6461069974
3099.5397815328,86.6738002566
3100.2537966863,86.6393896990
3100.9678118399,86.6241587384
3101.6818269934,86.5134791268
3102.3958421470,86.3523508280
3103.1098573005,86.3933183646
3103.8238724540,86.4247825324
3104.5378876076,86.3545347948
3105.2519027611,86.3589659880
3105.9659179147,86.2855404457
3106.6799330682,86.1829888004
3107.3939482218,86.1928428569
3108.1079633753,86.1499595910
3108.8219785289,86.1100219094
3109.5359936824,86.1270180187
3110.2500088359,86.1220456330
3110.9640239895,86.1152426174
3111.6780391430,85.9927935222
3112.3920542966,85.8772854314
3113.1060694501,85.9299895766
3113.8200846037,85.8647967588
3114.5340997572,85.7315796513
3115.2481149107,85.7479452172
3115.9621300643,85.7555986595
3116.6761452178,85.7366288444
3117.3901603714,85.7073834437
3118.1041755249,85.6502152282
3118.8181906785,85.6109995393
3119.5322058320,85.4781874805
3120.2462209855,85.3974034822
3120.9602361391,85.4666659649
3121.6742512926,85.4026302021
3122.3882664462,85.3068907579
3123.1022815997,85.3174818313
3123.8162967533,85.2863393470
3124.5303119068,85.2936769588
3125.2443270604,85.2559677897
3125.9583422139,85.0932466481
3126.6723573674,85.0390483171
3127.3863725210,85.0586990836
3128.1003876745,85.0315311824
3128.8144028281,84.9753795110
3129.5284179816,84.9000242778
3130.2424331352,84.8645788487
3130.9564482887,84.8192429943
3131.6704634422,84.8218875232
3132.3844785958,84.9003294860
3133.0984937493,84.8281814716
3133.8125089029,84.7500067993
3134.5265240564,84.7349299867
3135.2405392100,84.5953687935
3135.9545543635,84.6084527958
3136.6685695171,84.6857808993
3137.3825846706,84.5615819283
3138.0965998241,84.5901481669
3138.8106149777,84.6211088463
3139.5246301312,84.4341706878
3140.2386452848,84.4245059935
3140.9526604383,84.4673453688
3141.6666755919,84.4006837591
3142.3806907454,84.3817238958
3143.0947058989,84.2767304334
3143.8087210525,84.2413686845
3144.5227362060,84.3293951473
3145.2367513596,84.2078416789
3145.9507665131,84.1185674792
3146.6647816667,84.2165131236
3147.3787968202,84.1669887543
3148.0928119737,84.0413535913
3148.8068271273,84.0213370942
3149.5208422808,84.0187454304
3150.2348574344,83.9692333545
3150.9488725879,83.8909775833
3151.6628877415,83.8661106461
3152.3769028950,83.8719779795
3153.0909180486,83.8508248193
3153.8049332021,83.8656721168
3154.5189483556,83.8388764136
3155.2329635092,83.7123685987
3155.9469786627,83.6829638027
3156.6609938163,83.7404247170
3157.3750089698,83.6513084967
3158.0890241234,83.5307093690
3158.8030392769,83.5420430620
3159.5170544304,83.4670164586
3160.2310695840,83.3709898015
3160.9450847375,83.4513009055
3161.6590998911,83.3956559721
3162.3731150446,83.2987203966
3163.0871301982,83.4658645421
3163.8011453517,83.4688999797
3164.5151605053,83.2905302359
3165.2291756588,83.2970197181
3165.9431908123,83.2770194965
3166.6572059659,83.2589334480
3167.3712211194,83.3108978324
3168.0852362730,83.2033709729
3168.7992514265,83.1410604805
3169.5132665801,83.1361614457
3170.2272817336,83.0258855411
3170.9412968871,83.0423791439
3171.6553120407,83.0619314201
3172.3693271942,82.9831030737
3173.0833423478,83.0494710860
3173.7973575013,83.1026864397
3174.5113726549,83.0189676117
3175.2253878084,82.9186411492
3175.9394029619,82.8374704250
3176.6534181155,82.8416635079
3177.3674332690,82.8315081786
3178.0814484226,82.8010837175
3178.7954635761,82.8302372046
3179.5094787297,82.7727594285
3180.2234938832,82.7819877028
3180.9375090368,82.8109500009
3181.6515241903,82.5439930513
3182.3655393438,82.4688506011
3183.0795544974,82.7046568012
3183.7935696509,82.5955357654
3184.5075848045,82.4036262883
3185.2215999580,82.5239531736
3185.9356151116,82.5527563432
3186.6496302651,82.4374108630
3187.3636454186,82.3967877765
3188.0776605722,82.3665841928
3188.7916757257,82.3563267914
3189.5056908793,82.3617098085
3190.2197060328,82.2763188536
3190.9337211864,82.2046572536
3191.6477363399,82.2524012919
3192.3617514935,82.2786450027
3193.0757666470,82.2645315516
3193.7897818005,82.2586116478
3194.5037969541,82.1286080484
3195.2178121076,82.0122549263
3195.9318272612,82.0554118602
3196.6458424147,82.0043751287
3197.3598575683,81.9038902436
3198.0738727218,81.8993179207
3198.7878878753,81.8124012835
3199.5019030289,81.7443019309
3200.2159181824,81.7918693466
3200.9299333360,81.7949859477
3201.6439484895,81.7712330354
3202.3579636431,81.7315856237
3203.0719787966,81.7054527652
3203.7859939501,81.6987292384
3204.5000091037,81.5816131767
3205.2140242572,81.5352332750
3205.9280394108,81.5950444891
3206.6420545643,81.4929451902
3207.3560697179,81.3721264018
3208.0700848714,81.3368319730
3208.7841000250,81.3113380459
3209.4981151785,81.3534552477
3210.2121303320,81.2793314351
3210.9261454856,81.1254826188
3211.6401606391,81.1514348853
3212.3541757927,81.1592265687
3213.0681909462,81.1003509175
3213.7822060998,81.1408598213
3214.4962212533,81.1040969365
3215.2102364068,80.9866053469
3215.9242515604,80.9945231957
3216.6382667139,80.9956563116
3217.3522818675,80.8280513449
3218.0662970210,80.7496605764
3218.7803121746,80.8782480869
3219.4943273281,80.8141277061
3220.2083424817,80.6075297448
3220.9223576352,80.6411664793
3221.6363727887,80.6505253569
3222.3503879423,80.5399052519
3223.0644030958,80.5098005573
3223.7784182494,80.3808948768
3224.4924334029,80.3339632286
3225.2064485565,80.5262337718
3225.9204637100,80.5134232654
3226.6344788635,80.3338746498
3227.3484940171,80.2583069096
3228.0625091706,80.1803856671
3228.7765243242,80.1724963096
3229.4905394777,80.2462847248
3230.2045546313,80.2297628668
3230.9185697848,80.1481869685
3231.6325849384,80.0190924685
3232.3466000919,79.8805488050
3233.0606152454,79.8885571103
3233.7746303990,79.9276978460
3234.4886455525,79.7973296203
3235.2026607061,79.7441351993
3235.9166758596,79.9057261578
3236.6306910132,79.8263265917
3237.3447061667,79.5491019766
3238.0587213202,79.5552032659
3238.7727364738,79.6211484042
3239.4867516273,79.5851158546
3240.2007667809,79.5522563395
3240.9147819344,79.3632354359
3241.6287970880,79.3276736640
3242.3428122415,79.4964809273
3243.0568273950,79.3297522703
3243.7708425486,79.1296852315
3244.4848577021,79.1532311949
3245.1988728557,79.0630072176
3245.9128880092,79.0267255183
3246.6269031628,79.0261564122
3247.3409183163,78.8880969951
3248.0549334699,78.8794138754
3248.7689486234,78.8994674244
3249.4829637769,78.8036738178
3250.1969789305,78.7429897062
3250.9109940840,78.6674985166
3251.6250092376,78.6173369183
3252.3390243911,78.6326275288
3253.0530395447,78.5916122073
3253.7670546982,78.4676289121
3254.4810698517,78.3165090617
3255.1950850053,78.3311404390
3255.9091001588,78.4206793706
3256.6231153124,78.3103593770
3257.3371304659,78.2260104548
3258.0511456195,78.2713823864
3258.7651607730,78.2371251364
3259.4791759266,78.1512113042
3260.1931910801,78.0418282500
3260.9072062336,77.9881225855
3261.6212213872,77.9699643342
3262.3352365407,77.8188132790
3263.0492516943,77.7368168231
3263.7632668478,77.7720879619
3264.4772820014,77.7414756194
3265.1912971549,77.7200894878
3265.9053123084,77.6812050895
3266.6193274620,77.6704137062
3267.3333426155,77.7186724767
3268.0473577691,77.6700599948
3268.7613729226,77.6692585418
3269.4753880762,77.6552183172
3270.1894032297,77.5595149185
3270.9034183832,77.6464135821
3271.6174335368,77.6198475115
3272.3314486903,77.4809073665
3273.0454638439,77.6178729797
3273.7594789974,77.5842344320
3274.4734941510,77.3895642797
3275.1875093045,77.4959096614
3275.9015244581,77.5560346773
3276.6155396116,77.4235511905
3277.3295547651,77.3004895393
3278.0435699187,77.3318639027
3278.7575850722,77.5652884737
3279.4716002258,77.5180187265
3280.1856153793,77.2968196005
3280.8996305329,77.4429580747
3281.6136456864,77.5504232449
3282.3276608399,77.4175494132
3283.0416759935,77.3357683060
3283.7556911470,77.2843675680
3284.4697063006,77.3485506492
3285.1837214541,77.4498046553
3285.8977366077,77.4247395819
3286.6117517612,77.4230183641
3287.3257669148,77.4336131456
3288.0397820683,77.4176982917
3288.7537972218,77.3712548369
3289.4678123754,77.3315977629
3290.1818275289,77.4139463342
3290.8958426825,77.3772566292
3291.6098578360,77.2773191233
3292.3238729896,77.3760751173
3293.0378881431,77.3796591051
3293.7519032966,77.3544316032
3294.4659184502,77.4078518611
3295.1799336037,77.3203465712
3295.8939487573,77.3536250204
3296.6079639108,77.4107294599
3297.3219790644,77.3204421223
3298.0359942179,77.4145815184
3298.7500093714,77.4448422490
3299.4640245250,77.4216529848
3300.1780396785,77.5425435353
3300.8920548321,77.3758723406
3301.6060699856,77.2746408627
3302.3200851392,77.4796235832
3303.0341002927,77.4654216661
3303.7481154463,77.4696728373
3304.4621305998,77.4888640827
3305.1761457533,77.3210788995
3305.8901609069,77.3916311811
3306.6041760604,77.4882152114
3307.3181912140,77.4433755474
3308.0322063675,77.4172773433
3308.7462215211,77.2612226151
3309.4602366746,77.3794197833
3310.1742518281,77.6301636638
3310.8882669817,77.4977610901
3311.6022821352,77.5002330278
3312.3162972888,77.5254684917
3313.0303124423,77.3325060149
3313.7443275959,77.4829002800
3314.4583427494,77.5648137565
3315.1723579030,77.3967124985
3315.8863730565,77.4589373312
3316.6003882100,77.4060248233
3317.3144033636,77.3265653675
3318.0284185171,77.4195565624
3318.7424336707,77.2626862360
3319.4564488242,77.1838037057
3320.1704639778,77.3070274430
3320.8844791313,77.2581790105
3321.5984942848,77.2951721342
3322.3125094384,77.3574912295
3323.0265245919,77.2254372960
3323.7405397455,77.1823668098
3324.4545548990,77.1778080191
3325.1685700526,77.1420620992
3325.8825852061,77.2209623217
3326.5966003596,77.2555082023
3327.3106155132,77.2018295422
3328.0246306667,77.2158081687
3328.7386458203,77.1783198537
3329.4526609738,76.9734690559
3330.1666761274,76.8960221098
3330.8806912809,77.1083891429
3331.5947064345,77.2003529096
3332.3087215880,77.0651417341
3333.0227367415,77.0578329081
3333.7367518951,77.1481436495
3334.4507670486,77.1844158423
3335.1647822022,77.2522486038
3335.8787973557,77.3149247654
3336.5928125093,77.2472530554
3337.3068276628,77.1482020329
3338.0208428163,77.2075450096
3338.7348579699,77.3018280218
3339.4488731234,77.2954247197
3340.1628882770,77.3338009193
3340.8769034305,77.4228037662
3341.5909185841,77.5289883145
3342.3049337376,77.6243826000
3343.0189488912,77.6234844869
3343.7329640447,77.7439247091
3344.4469791982,77.8969294114
3345.1609943518,77.8439032377
3345.8750095053,77.9055089093
3346.5890246589,77.9856253265
3347.3030398124,77.9483893811
3348.0170549660,78.1128261484
3348.7310701195,78.1444032033
3349.4450852730,78.0634655361
3350.1591004266,78.2988233631
3350.8731155801,78.3723486792
3351.5871307337,78.2727578369
3352.3011458872,78.3562737615
3353.0151610408,78.4157230603
3353.7291761943,78.6104088012
3354.4431913478,78.7877076458
3355.1572065014,78.7001200917
3355.8712216549,78.7995442907
3356.5852368085,78.8881241987
3357.2992519620,78.8017817658
3358.0132671156,78.9435915735
3358.7272822691,79.0520419825
3359.4412974227,79.0618964967
3360.1553125762,79.1604052812
3360.8693277297,79.1957595186
3361.5833428833,79.2966091264
3362.2973580368,79.3443984228
3363.0113731904,79.2825876769
3363.7253883439,79.4211072770
3364.4394034975,79.5192411226
3365.1534186510,79.5359287756
3365.8674338045,79.5733461461
3366.5814489581,79.4350294148
3367.2954641116,79.4963712205
3368.0094792652,79.7240290644
3368.7234944187,79.7117830720
3369.4375095723,79.7487151625
3370.1515247258,79.7599107240
3370.8655398794,79.7534771668
3371.5795550329,80.0222555539
3372.2935701864,80.0815994275
3373.0075853400,79.9593027237
3373.7216004935,80.0727516244
3374.4356156471,80.1071105333
3375.1496308006,80.0569047894
3375.8636459542,80.1359896885
3376.5776611077,80.2693317736
3377.2916762612,80.3388129363
3378.0056914148,80.2735187824
3378.7197065683,80.3797350115
3379.4337217219,80.5160254693
3380.1477368754,80.3520001858
3380.8617520290,80.4100387780
3381.5757671825,80.5447401500
3382.2897823361,80.3813619002
3383.0037974896,80.4729465361
3383.7178126431,80.6472981252
3384.4318277967,80.6497788428
3385.1458429502,80.7847324610
3385.8598581038,80.7569070548
3386.5738732573,80.6762137425
3387.2878884109,80.7954552510
3388.0019035644,80.8151169140
3388.7159187179,80.8812742446
3389.4299338715,80.9074134134
3390.1439490250,80.8363914471
3390.8579641786,81.0713832801
3391.5719793321,81.1625131558
3392.2859944857,80.9780677889
3393.0000096392,81.0416886427
3393.7140247927,81.0896140785
3394.4280399463,81.1104112234
3395.1420550998,81.2139705689
3395.8560702534,81.1378798484
3396.5700854069,81.2023846086
3397.2841005605,81.3485026722
3397.9981157140,81.2248270054
3398.7121308676,81.2215756620
3399.4261460211,81.3053996983
3400.1401611746,81.2770782739
3400.8541763282,81.3799912165
3401.5681914817,81.4357018654
3402.2822066353,81.3170877304
3402.9962217888,81.3903121721
3403.7102369424,81.6664612343
3404.4242520959,81.6948741204
3405.1382672494,81.4822201822
3405.8522824030,81.5170245987
3406.5662975565,81.6817152072
3407.2803127101,81.6845265658
3407.9943278636,81.7737347739
3408.7083430172,81.8656370428
3409.4223581707,81.8466322575
3410.1363733243,81.9005942930
3410.8503884778,81.9049055572
3411.5644036313,81.9250514651
3412.2784187849,81.9972911059
3412.9924339384,81.9595322734
3413.7064490920,82.0304140329
3414.4204642455,82.0894526794
3415.1344793991,82.0803384156
3415.8484945526,82.2775012375
3416.5625097061,82.2842890974
3417.2765248597,82.2045923173
3417.9905400132,82.4183005683
3418.7045551668,82.3766030455
3419.4185703203,82.2399696873
3420.1325854739,82.3885845575
3420.8466006274,82.4297288324
3421.5606157809,82.5368238673
3422.2746309345,82.6624954102
3422.9886460880,82.5719446989
3423.7026612416,82.6610163408
3424.4166763951,82.6772159279
3425.1306915487,82.5951168872
3425.8447067022,82.8173167978
3426.5587218558,82.7852356627
3427.2727370093,82.6442095002
3427.9867521628,82.9096768517
3428.7007673164,82.9139409379
3429.4147824699,82.7441776670
3430.1287976235,82.8418335279
3430.8428127770,82.7777630026
3431.5568279306,82.7594007337
3432.2708430841,82.9577312291
3432.9848582376,82.9030692082
3433.6988733912,82.8415897300
3434.4128885447,82.9264974584
3435.1269036983,82.8197929571
3435.8409188518,82.7868409132
3436.5549340054,82.9013646483
3437.2689491589,82.7778977463
3437.9829643125,82.7210845742
3438.6969794660,82.9813216536
3439.4109946195,83.0834602773
3440.1250097731,82.9952781021
3440.8390249266,83.0005878247
3441.5530400802,83.0120375473
3442.2670552337,83.0637417470
3442.9810703873,83.1903903941
3443.6950855408,83.2769218963
3444.4091006943,83.3355650096
3445.1231158479,83.2987547158
3445.8371310014,83.4487049658
3446.5511461550,83.8709035658
3447.2651613085,83.8312027494
3447.9791764621,83.6602095829
3448.6931916156,84.0260910496
3449.4072067691,84.1899714409
3450.1212219227,84.0849138131
3450.8352370762,84.2808648217
3451.5492522298,84.3991314892
3452.2632673833,84.4145033880
3452.9772825369,84.6095978786
3453.6912976904,84.7264568339
3454.4053128440,84.7705638651
3455.1193279975,84.8453202342
3455.8333431510,84.9589423014
3456.5473583046,85.1417714211
3457.2613734581,85.1563208530
3457.9753886117,85.0978492721
3458.6894037652,85.2342068550
3459.4034189188,85.3693844211
3460.1174340723,85.4119259638
3460.8314492258,85.4808936103
3461.5454643794,85.6557705077
3462.2594795329,85.8503831474
3462.9734946865,85.7721387186
3463.6875098400,85.6313832554
3464.4015249936,85.7970666415
3465.1155401471,86.0021099490
3465.8295553007,85.9985676648
3466.5435704542,85.9703625594
3467.2575856077,86.1312351180
3467.9716007613,86.3235610247
3468.6856159148,86.2670184358
3469.3996310684,86.2137496053
3470.1136462219,86.3612278159
3470.8276613755,86.4450633808
3471.5416765290,86.4761131585
3472.2556916825,86.4497573414
3472.9697068361,86.3638221841
3473.6837219896,86.5068797883
3474.3977371432,86.6103665637
3475.1117522967,86.4624570464
3475.8257674503,86.5376270856
3476.5397826038,86.7525614421
3477.2537977573,86.7542945537
3477.9678129109,86.7280592371
3478.6818280644,86.7556435337
3479.3958432180,86.7140820353
3480.1098583715,86.7347702406
3480.8238735251,86.8959956702
3481.5378886786,86.9306251570
3482.2519038322,86.8273222287
3482.9659189857,86.8529883237
3483.6799341392,86.8778869268
3484.3939492928,86.8822171616
3485.1079644463,87.0282202800
3485.8219795999,87.1027050492
3486.5359947534,87.1301272573
3487.2500099070,87.1857968670
3487.9640250605,87.1332090903
3488.6780402140,87.2132474464
3489.3920553676,87.3441870282
3490.1060705211,87.3986848276
3490.8200856747,87.6378008948
3491.5341008282,87.6922633240
3492.2481159818,87.5672674544
3492.9621311353,87.6953370775
3493.6761462889,87.7229070217
3494.3901614424,87.8483375883
3495.1041765959,88.2344674754
3495.8181917495,88.2225387641
3496.5322069030,88.2375558078
3497.2462220566,88.4475753281
3497.9602372101,88.3080066988
3498.6742523637,88.4253511728
3499.3882675172,88.7666331074
3500.1022826707,88.7157943686
3500.8162978243,88.7592402937
3501.5303129778,88.8966692419
3502.2443281314,88.8752348766
3502.9583432849,88.9763636041
3503.6723584385,89.0725632671
3504.3863735920,89.2360269228
3505.1003887456,89.4428814203
3505.8144038991,89.4483189562
3506.5284190526,89.5767908330
3507.2424342062,89.6633455119
3507.9564493597,89.5405225339
3508.6704645133,89.6822681982
3509.3844796668,89.8392305678
3510.0984948204,89.8061358567
3510.8125099739,89.8558910527
3511.5265251274,89.8645651250
3512.2405402810,90.0667984667
3512.9545554345,90.3275806176
3513.6685705881,90.2106395651
3514.3825857416,90.1395598241
3515.0966008952,90.2074515198
3515.8106160487,90.3092007251
3516.5246312022,90.5823336261
3517.2386463558,90.5192454663
3517.9526615093,90.2971512311
3518.6666766629,90.4789345640
3519.3806918164,90.6035568166
3520.0947069700,90.6854497451
3520.8087221235,90.8399943447
3521.5227372771,90.7020674650
3522.2367524306,90.6746677432
3522.9507675841,90.7983396838
3523.6647827377,90.7499763081
3524.3787978912,90.9761988262
3525.0928130448,91.1944731263
3525.8068281983,91.0061651017
3526.5208433519,90.9480614829
3527.2348585054,91.0550475909
3527.9488736589,91.0885295584
3528.6628888125,91.1482273752
3529.3769039660,91.1876379717
3530.0909191196,91.2334245180
3530.8049342731,91.3327229885
3531.5189494267,91.4513179168
3532.2329645802,91.5318292446
3532.9469797338,91.4826032514
3533.6609948873,91.4541362912
3534.3750100408,91.5006669953
3535.0890251944,91.4927746602
3535.8030403479,91.5776396745
3536.5170555015,91.6289033220
3537.2310706550,91.5913371910
3537.9450858086,91.8371431258
3538.6591009621,92.0277643360
3539.3731161156,91.8370764400
3540.0871312692,91.7794091707
3540.8011464227,91.8137827907
3541.5151615763,91.7968332783
3542.2291767298,91.8171203471
3542.9431918834,91.8962284261
3543.6572070369,91.9822164856
3544.3712221904,92.0043409854
3545.0852373440,91.9396760089
3545.7992524975,91.9651632062
3546.5132676511,92.1231876839
3547.2272828046,92.2401950164
3547.9412979582,92.2213991527
3548.6553131117,92.1995844374
3549.3693282653,92.2475971273
3550.0833434188,92.2908218487
3550.7973585723,92.2914927591
3551.5113737259,92.3564868719
3552.2253888794,92.4360233870
3552.9394040330,92.4340966881
3553.6534191865,92.5355341218
3554.3674343401,92.5682775951
3555.0814494936,92.4706113931
3555.7954646471,92.5889697451
3556.5094798007,92.7524932854
3557.2234949542,92.6541846459
3557.9375101078,92.6398419415
3558.6515252613,92.7485739021
3559.3655404149,92.7036239389
3560.0795555684,92.6711567661
3560.7935707220,92.7484290907
3561.5075858755,92.7665353745
3562.2216010290,92.8421194195
3562.9356161826,92.9371150017
3563.6496313361,92.9468159493
3564.3636464897,92.9408931580
3565.0776616432,92.9339122715
3565.7916767968,92.9335646626
3566.5056919503,92.9351497698
3567.2197071038,92.9088842908
3567.9337222574,93.1893466691
3568.6477374109,93.3940965056
3569.3617525645,93.1618426564
3570.0757677180,93.1457377781
3570.7897828716,93.3040511089
3571.5037980251,93.2395052364
3572.2178131786,93.2449197299
3572.9318283322,93.3319749352
3573.6458434857,93.2966515809
3574.3598586393,93.4038929061
3575.0738737928,93.4855390647
3575.7878889464,93.3563273051
3576.5019040999,93.3982294449
3577.2159192535,93.5764430938
3577.9299344070,93.5923877690
3578.6439495605,93.6143134561
3579.3579647141,93.6961389510
3580.0719798676,93.7212373642
3580.7859950212,93.6491938779
3581.5000101747,93.6352850320
3582.2140253283,93.7424882378
3582.9280404818,93.7770536042
3583.6420556353,93.7644718080
3584.3560707889,93.8245298745
3585.0700859424,93.7167023057
3585.7841010960,93.6145469821
3586.4981162495,93.7898116262
3587.2121314031,93.7700607598
3587.9261465566,93.7165536411
3588.6401617102,94.0508218689
3589.3541768637,94.1026687193
3590.0681920172,93.9282947388
3590.7822071708,94.0386178938
3591.4962223243,94.1198434369
3592.2102374779,94.0361264494
3592.9242526314,94.0689916271
3593.6382677850,94.1400130877
3594.3522829385,94.0635982272
3595.0662980920,94.0145797985
3595.7803132456,94.1303015785
3596.4943283991,94.2398329221
3597.2083435527,94.2356187286
3597.9223587062,94.2202789791
3598.6363738598,94.3135248469
3599.3503890133,94.3735447041
3600.0644041668,94.3673786374
3600.7784193204,94.3937205460
3601.4924344739,94.3671984691
3602.2064496275,94.3302008415
3602.9204647810,94.3928429116
3603.6344799346,94.4733881278
3604.3484950881,94.5556568027
3605.0625102417,94.6082014692
3605.7765253952,94.5270746164
3606.4905405487,94.5003947160
3607.2045557023,94.5254799634
3607.9185708558,94.4187089226
3608.6325860094,94.4207980490
3609.3466011629,94.7029256010
3610.0606163165,94.7589700048
3610.7746314700,94.7303962546
3611.4886466235,94.7598181294
3612.2026617771,94.6873190586
3612.9166769306,94.5995482487
3613.6306920842,94.6264469297
3614.3447072377,94.7454224869
3615.0587223913,94.9137459552
3615.7727375448,94.8200414057
3616.4867526984,94.7100465539
3617.2007678519,94.7520284954
3617.9147830054,94.6516061367
3618.6287981590,94.6930591003
3619.3428133125,95.1420301080
3620.0568284661,95.1463071612
3620.7708436196,94.8715014852
3621.4848587732,95.0404712448
3622.1988739267,95.1009493126
3622.9128890802,94.9608055082
3623.6269042338,95.0673599967
3624.3409193873,95.1175531492
3625.0549345409,95.0100631383
3625.7689496944,95.0502376604
3626.4829648480,94.9645149525
3627.1969800015,94.7422324320
3627.9109951551,94.7804151607
3628.6250103086,95.0545765410
3629.3390254621,94.9477519663
3630.0530406157,95.0479010391
3630.7670557692,95.2529919311
3631.4810709228,95.2578492948
3632.1950860763,95.1913441601
3632.9091012299,95.2933207730
3633.6231163834,95.4093373482
3634.3371315369,95.2870619539
3635.0511466905,95.2486680645
3635.7651618440,95.4229972881
3636.4791769976,95.4272945719
3637.1931921511,95.2611775892
3637.9072073047,95.4011933708
3638.6212224582,95.5983923404
3639.3352376117,95.4755694385
3640.0492527653,95.4487306320
3640.7632679188,95.5517266157
3641.4772830724,95.4542575224
3642.1912982259,95.4391526313
3642.9053133795,95.5783256353
3643.6193285330,95.5231847513
3644.3333436866,95.5133246343
3645.0473588401,95.6390859996
3645.7613739936,95.5784403300
3646.4753891472,95.4399699994
3647.1894043007,95.5025208977
3647.9034194543,95.5450477276
3648.6174346078,95.5765489743
3649.3314497614,95.8283625948
3650.0454649149,95.8088095736
3650.7594800684,95.6389325658
3651.4734952220,95.8479293167
3652.1875103755,95.9586266350
3652.9015255291,95.8568759562
3653.6155406826,95.8687094571
3654.3295558362,95.8250480561
3655.0435709897,95.5802147702
3655.7575861433,95.7227845513
3656.4716012968,96.1393802567
3657.1856164503,95.7601142612
3657.8996316039,95.7499032333
3658.6136467574,96.0378791406
3659.3276619110,95.8591232404
3660.0416770645,95.7436414628
3660.7556922181,96.0392904750
3661.4697073716,96.1249065738
3662.1837225251,96.0238389086
3662.8977376787,95.9032857167
3663.6117528322,95.7942019027
3664.3257679858,95.8313189122
3665.0397831393,95.8424862671
3665.7537982929,95.8718633932
3666.4678134464,95.9110493165
3667.1818285999,95.7737854845
3667.8958437535,95.7968829979
3668.6098589070,95.9392819643
3669.3238740606,95.6518146833
3670.0378892141,95.7055541440
3670.7519043677,96.2812255907
3671.4659195212,96.0057030156
3672.1799346748,95.8284954816
3672.8939498283,95.8849298807
3673.6079649818,95.7370289626
3674.3219801354,95.5027262579
3675.0359952889,95.4990847205
3675.7500104425,95.8446245761
3676.4640255960,95.9594140399
3677.1780407496,95.8971162307
3677.8920559031,95.8196983854
3678.6060710566,95.7695294522
3679.3200862102,95.7868314968
3680.0341013637,95.8643035205
3680.7481165173,95.8575449740
3681.4621316708,95.8338812866
3682.1761468244,95.8466257070
3682.8901619779,95.8380375609
3683.6041771315,95.4895163542
3684.3181922850,95.4841662297
3685.0322074385,95.5245080720
3685.7462225921,95.4632555748
3686.4602377456,95.4705262931
3687.1742528992,95.2882951689
3687.8882680527,95.0932504716
3688.6022832063,95.7359867744
3689.3162983598,95.6335742574
3690.0303135133,95.4280735156
3690.7443286669,95.7747921233
3691.4583438204,95.7869209807
3692.1723589740,95.4259916013
3692.8863741275,95.6524865946
3693.6003892811,95.8691354340
3694.3144044346,95.7475869961
3695.0284195881,95.7059293464
3695.7424347417,95.5693044169
3696.4564498952,95.3677262367
3697.1704650488,95.4376113618
3697.8844802023,95.5490522687
3698.5984953559,95.5211245149
3699.3125105094,95.4437165887
3700.0265256630,95.4939734067
3700.7405408165,95.6091881577
3701.4545559700,95.4957900104
3702.1685711236,95.5695628698
3702.8825862771,95.8563486456
3703.5966014307,95.7345535481
3704.3106165842,95.5169607677
3705.0246317378,95.4955845404
3705.7386468913,95.3412278384
3706.4526620448,95.3785370198
3707.1666771984,95.5516686227
3707.8806923519,95.3489845942
3708.5947075055,95.1722433805
3709.3087226590,95.1876231073
3710.0227378126,95.1540252390
3710.7367529661,95.3278022132
3711.4507681197,95.6806432964
3712.1647832732,95.8164225553
3712.8787984267,95.4751788308
3713.5928135803,95.4796049167
3714.3068287338,95.6963295354
3715.0208438874,95.6123128826
3715.7348590409,95.4321866765
3716.4488741945,95.5750416054
3717.1628893480,95.5268123220
3717.8769045015,95.3804292311
3718.5909196551,95.6177889152
3719.3049348086,95.6364775077
3720.0189499622,95.3673358132
3720.7329651157,95.3627529847
3721.4469802693,95.4737280812
3722.1609954228,95.5473070798
3722.8750105763,95.4164371814
3723.5890257299,95.3639356128
3724.3030408834,95.4564213746
3725.0170560370,95.1984198360
3725.7310711905,95.1035783071
3726.4450863441,95.5833286677
3727.1591014976,95.5738240454
3727.8731166512,95.3087362178
3728.5871318047,95.3804438984
3729.3011469582,95.3572462048
3730.0151621118,95.3453317430
3730.7291772653,95.3275866123
3731.4431924189,95.2129945027
3732.1572075724,95.5088243375
3732.8712227260,95.3529278216
3733.5852378795,95.0049983722
3734.2992530330,95.3002778898
3735.0132681866,95.5762850350
3735.7272833401,95.1291557422
3736.4412984937,95.5034727048
3737.1553136472,95.8590016916
3737.8693288008,95.6107480546
3738.5833439543,95.5362934288
3739.2973591079,95.4728595856
3740.0113742614,95.3487231357
3740.7253894149,95.3675764609
3741.4394045685,95.5100766626
3742.1534197220,95.4508679886
3742.8674348756,95.1534590254
3743.5814500291,94.7958066675
3744.2954651827,94.4055595934
3745.0094803362,95.3234287039
3745.7234954897,95.2320772070
3746.4375106433,95.3016180120
3747.1515257968,95.4806688948
3747.8655409504,95.2747273060
3748.5795561039,94.7213461273
3749.2935712575,94.9420237656
3750.0075864110,95.5986743561
3750.7216015645,95.2079994505
3751.4356167181,95.3964817353
3752.1496318716,96.0265568655
3752.8636470252,95.1506910040
3753.5776621787,95.1929843689
3754.2916773323,95.5976601920
3755.0056924858,95.5775974082
3755.7197076394,95.5841330320
3756.4337227929,95.7241845598
3757.1477379464,95.5015318905
3757.8617531000,95.2287381293
3758.5757682535,95.1832855237
3759.2897834071,95.3156437265
3760.0037985606,95.2963374757
3760.7178137142,95.3002046105
3761.4318288677,95.5628976125
3762.1458440212,95.6144976965
3762.8598591748,95.4433958917
3763.5738743283,95.3708448499
3764.2878894819,95.2349112314
3765.0019046354,95.3107008295
3765.7159197890,95.5402473469
3766.4299349425,95.2085347350
3767.1439500961,95.1246304582
3767.8579652496,95.2988045613
3768.5719804031,95.1531198500
3769.2859955567,95.1494623422
3770.0000107102,95.5941399632
3770.7140258638,95.5160791275
3771.4280410173,95.5281290872
3772.1420561709,95.7360014274
3772.8560713244,95.5543957481
3773.5700864779,95.3196822282
3774.2841016315,95.4150833587
3774.9981167850,95.5252622765
3775.7121319386,95.5002731385
3776.4261470921,95.4700605207
3777.1401622457,95.4101511883
3777.8541773992,95.3043141187
3778.5681925528,95.2562530733
3779.2822077063,95.2920318562
3779.9962228598,95.3155989036
3780.7102380134,95.2852260540
3781.4242531669,95.3187388521
3782.1382683205,95.3177663334
3782.8522834740,95.1865830539
3783.5662986276,95.1666041201
3784.2803137811,95.2808446653
3784.9943289346,95.1816457173
3785.7083440882,95.1654599313
3786.4223592417,95.3618860652
3787.1363743953,95.3293578949
3787.8503895488,95.2555646948
3788.5644047024,95.3903893433
3789.2784198559,95.3537183798
3789.9924350094,95.2079594488
3790.7064501630,95.2395970596
3791.4204653165,95.2476943826
3792.1344804701,95.2507989432
3792.8484956236,95.4045494657
3793.5625107772,95.4520113058
3794.2765259307,95.2619067474
3794.9905410843,95.1577916218
3795.7045562378,95.2458117001
3796.4185713913,95.2645508831
3797.1325865449,95.2688599251
3797.8466016984,95.3849721938
3798.5606168520,95.3271453034
3799.2746320055,95.0432962095
3799.9886471591,94.8829465444
3800.7026623126,94.8725235429
3801.4166774661,95.1850033955
3802.1306926197,95.2394474921
3802.8447077732,95.2149132067
3803.5587229268,95.3128166531
3804.2727380803,95.2108753719
3804.9867532339,95.0653960543
3805.7007683874,95.1466935029
3806.4147835410,95.2542251005
3807.1287986945,95.5083091113
3807.8428138480,95.5396254005
3808.5568290016,95.3122173687
3809.2708441551,95.2905305425
3809.9848593087,95.3368508671
3810.6988744622,95.2295592591
3811.4128896158,95.3947127052
3812.1269047693,95.5035867085
3812.8409199228,95.3244000752
3813.5549350764,95.3353013547
3814.2689502299,95.0735989465
3814.9829653835,94.6203895446
3815.6969805370,94.8154771699
3816.4109956906,95.3293394349
3817.1250108441,95.1876684362
3817.8390259976,95.2584827148
3818.5530411512,95.0517216780
3819.2670563047,94.8448410507
3819.9810714583,95.0884000284
3820.6950866118,95.2072590408
3821.4091017654,95.1892310588
3822.1231169189,95.3944587862
3822.8371320725,95.3482838618
3823.5511472260,95.2418397882
3824.2651623795,95.1518435682
3824.9791775331,95.0671269859
3825.6931926866,95.1919933052
3826.4072078402,95.4317536860
3827.1212229937,95.3488850745
3827.8352381473,95.1654218741
3828.5492533008,95.2433152767
3829.2632684543,95.2926096733
3829.9772836079,95.1001208062
3830.6912987614,95.0759155715
3831.4053139150,95.3776029830
3832.1193290685,95.3734938343
3832.8333442221,95.0831304259
3833.5473593756,94.9758466250
3834.2613745292,95.0876781059
3834.9753896827,95.3479841438
3835.6894048362,95.1678110768
3836.4034199898,94.9188225959
3837.1174351433,95.0497925401
3837.8314502969,95.2685945143
3838.5454654504,94.8722188994
3839.2594806040,94.8520516517
3839.9734957575,95.1610473755
3840.6875109110,95.4337633660
3841.4015260646,95.3863264799
3842.1155412181,95.1871525278
3842.8295563717,95.1126494626
3843.5435715252,95.4071893712
3844.2575866788,95.5630157386
3844.9716018323,95.3290264023
3845.6856169858,95.2340733647
3846.3996321394,95.2897213322
3847.1136472929,95.3113432903
3847.8276624465,95.1891706115
3848.5416776000,94.9590094998
3849.2556927536,94.9843212549
3849.9697079071,95.1935115568
3850.6837230607,95.0416878886
3851.3977382142,94.8085001042
3852.1117533677,94.7062720326
3852.8257685213,94.4427686025
3853.5397836748,94.4417260926
3854.2537988284,95.6075094865
3854.9678139819,95.1937253245
3855.6818291355,95.2779849955
3856.3958442890,95.6186524420
3857.1098594425,95.3361611370
3857.8238745961,95.0509062439
3858.5378897496,95.1874617965
3859.2519049032,95.2187554714
3859.9659200567,95.1777952091
3860.6799352103,95.1067108687
3861.3939503638,95.0048633179
3862.1079655174,95.0395009343
3862.8219806709,94.9646831145
3863.5359958244,94.8642340386
3864.2500109780,94.9309404141
3864.9640261315,95.1205098707
3865.6780412851,95.2137620069
3866.3920564386,95.1964301702
3867.1060715922,95.2240749530
3867.8200867457,95.2029606461
3868.5341018992,94.9010580313
3869.2481170528,94.5774402047
3869.9621322063,94.8998432747
3870.6761473599,95.1297750479
3871.3901625134,95.1758825135
3872.1041776670,95.2309847712
3872.8181928205,95.0754903450
3873.5322079740,94.8870651319
3874.2462231276,94.9585771580
3874.9602382811,95.1191889631
3875.6742534347,95.2042948387
3876.3882685882,95.3077142415
3877.1022837418,95.2911842698
3877.8162988953,95.0798781805
3878.5303140489,94.8803585943
3879.2443292024,94.8751119933
3879.9583443559,95.0762583651
3880.6723595095,95.3558687533
3881.3863746630,95.1891514961
3882.1003898166,95.0191264738
3882.8144049701,95.1942965549
3883.5284201237,95.2686807443
3884.2424352772,95.0136902405
3884.9564504307,95.1168012635
3885.6704655843,95.5302588845
3886.3844807378,95.1413192031
3887.0984958914,94.9247489218
3887.8125110449,95.0301085014
3888.5265261985,95.0433102465
3889.2405413520,94.9153751843
3889.9545565056,94.9058493210
3890.6685716591,95.0725060829
3891.3825868126,95.0474265123
3892.0966019662,94.9402563260
3892.8106171197,95.1294529210
3893.5246322733,95.1805528807
3894.2386474268,94.9645559698
3894.9526625804,95.0126978431
3895.6666777339,95.2024766304
3896.3806928874,95.2476022858
3897.0947080410,95.1497968696
3897.8087231945,94.8614538967
3898.5227383481,94.7117176786
3899.2367535016,94.9125955803
3899.9507686552,94.8751510288
3900.6647838087,94.7913237768
3901.3787989623,95.1647302707
3902.0928141158,95.3252891620
3902.8068292693,94.7456250514
3903.5208444229,94.7289923277
3904.2348595764,95.2602901770
3904.9488747300,95.1288762058
3905.6628898835,95.0410408879
3906.3769050371,95.2711073497
3907.0909201906,95.0951733676
3907.8049353441,94.8706664376
3908.5189504977,94.9137979260
3909.2329656512,94.8985945517
3909.9469808048,94.9064055807
3910.6609959583,95.0100260296
3911.3750111119,94.9627291180
3912.0890262654,94.8813806940
3912.8030414189,94.9701367229
3913.5170565725,95.0449379729
3914.2310717260,94.9770833188
3914.9450868796,94.8852616607
3915.6591020331,94.8845514679
3916.3731171867,94.8766465200
3917.0871323402,94.8087951695
3917.8011474938,94.8990674921
3918.5151626473,94.9796713708
3919.2291778008,94.9838632662
3919.9431929544,95.0263713173
3920.6572081079,94.9698500253
3921.3712232615,94.8683672953
3922.0852384150,94.9361811326
3922.7992535686,95.0166291129
3923.5132687221,94.8818030077
3924.2272838756,94.7457202692
3924.9412990292,94.8649536506
3925.6553141827,94.9481407326
3926.3693293363,94.8786272269
3927.0833444898,94.9254211844
3927.7973596434,94.9785122100
3928.5113747969,94.9116102280
3929.2253899505,94.9936952464
3929.9394051040,95.0610959368
3930.6534202575,94.9158310550
3931.3674354111,94.8750874982
3932.0814505646,94.9474891916
3932.7954657182,94.9887392048
3933.5094808717,95.0441681939
3934.2234960253,95.0711886660
3934.9375111788,95.1132178800
3935.6515263323,95.1843295420
3936.3655414859,95.0092559448
3937.0795566394,94.8416144394
3937.7935717930,94.9141666627
3938.5075869465,94.9373325753
3939.2216021001,94.9091602236
3939.9356172536,94.8641732353
3940.6496324071,94.7948139852
3941.3636475607,94.8714537318
3942.0776627142,94.9542658774
3942.7916778678,94.9122359120
3943.5056930213,94.9054683255
3944.2197081749,94.9456000919
3944.9337233284,95.0070962048
3945.6477384820,94.9857196576
3946.3617536355,94.8246987669
3947.0757687890,94.7745417524
3947.7897839426,94.9116046163
3948.5037990961,94.9601927232
3949.2178142497,94.9257711307
3949.9318294032,94.9141133549
3950.6458445568,94.9073021056
3951.3598597103,94.9226359803
3952.0738748638,95.0189702322
3952.7878900174,95.0602038451
3953.5019051709,94.9031464093
3954.2159203245,94.7872163756
3954.9299354780,94.8554560946
3955.6439506316,94.9204598782
3956.3579657851,94.9404314558
3957.0719809387,94.9046077469
3957.7859960922,94.8668811195
3958.5000112457,94.9160028525
3959.2140263993,94.9233309479
3959.9280415528,94.8564700897
3960.6420567064,94.8677221711
3961.3560718599,94.8707089626
3962.0700870135,94.8571988041
3962.7841021670,94.8731603638
3963.4981173205,94.8702452744
3964.2121324741,94.9313181156
3964.9261476276,94.9409080393
3965.6401627812,94.8395706675
3966.3541779347,94.8855343362
3967.0681930883,94.9185838686
3967.7822082418,94.7934040615
3968.4962233953,94.8607713606
3969.2102385489,95.0005216192
3969.9242537024,94.9007397823
3970.6382688560,94.8571223883
3971.3522840095,94.9282017014
3972.0662991631,94.8254611696
3972.7803143166,94.7172865993
3973.4943294702,94.8397873716
3974.2083446237,94.9351326047
3974.9223597772,94.8298838424
3975.6363749308,94.7580620667
3976.3503900843,94.7908597285
3977.0644052379,94.7765429021
3977.7784203914,94.7760558416
3978.4924355450,94.8296498027
3979.2064506985,94.7993918074
3979.9204658520,94.7487240149
3980.6344810056,94.8234060388
3981.3484961591,94.8851877310
3982.0625113127,94.8183387389
3982.7765264662,94.7668205297
3983.4905416198,94.7976494452
3984.2045567733,94.8284864380
3984.9185719269,94.8303288576
3985.6325870804,94.8413461917
3986.3466022339,94.9210824558
3987.0606173875,94.9303459702
3987.7746325410,94.7486117048
3988.4886476946,94.7123219706
3989.2026628481,94.8551083756
3989.9166780017,94.7720324669
3990.6306931552,94.6990243024
3991.3447083087,94.8473389696
3992.0587234623,94.8192789112
3992.7727386158,94.7226977925
3993.4867537694,94.8106471117
3994.2007689229,94.8816189825
3994.9147840765,94.8626906078
3995.6287992300,94.7687185041
3996.3428143835,94.7274474266
3997.0568295371,94.8073314253
3997.7708446906,94.7339025641
3998.4848598442,94.7043340040
3999.1988749977,94.8860817545
3999.9128901513,94.8041234454