399.8484859844,89.1620221038
400.5625011380,87.3486910433
401.2765162915,78.6053397547
401.9905314450,90.7297057534
402.7045465986,90.6467104018
403.4185617521,75.8052304937
404.1325769057,91.7901092771
404.8465920592,89.8717869450
405.5606072128,77.1482671802
406.2746223663,92.1311316619
406.9886375199,88.6257484416
407.7026526734,74.4123514508
408.4166678269,93.7429901967
409.1306829805,94.6314266106
409.8446981340,81.7231768528
410.5587132876,87.4299694206
411.2727284411,89.1717929679
411.9867435947,84.4982010074
412.7007587482,89.8782078515
413.4147739017,92.4021522443
414.1287890553,86.7206513081
414.8428042088,86.5806128813
415.5568193624,93.6207982570
416.2708345159,90.5946262642
416.9848496695,83.5980090270
417.6988648230,89.6181082872
418.4128799766,95.7419427446
419.1268951301,80.4478066904
419.8409102836,81.9799144274
420.5549254372,87.6721817455
421.2689405907,87.7641549364
421.9829557443,87.0454978423
422.6969708978,83.4793708739
423.4109860514,86.8868543158
424.1250012049,90.0247461595
424.8390163584,86.4705884707
425.5530315120,84.4328459798
426.2670466655,85.9951363929
426.9810618191,85.5864420477
427.6950769726,86.2729447484
428.4090921262,84.0919346455
429.1231072797,81.0487556293
429.8371224332,82.5776562063
430.5511375868,83.6516234856
431.2651527403,83.1788524041
431.9791678939,82.5885819189
432.6931830474,82.2186476841
433.4071982010,84.2284640745
434.1212133545,86.5311864521
434.8352285081,86.0120988720
435.5492436616,84.0823799044
436.2632588151,81.3264743849
436.9772739687,82.1524315507
437.6912891222,85.1747907063
438.4053042758,85.5946997936
439.1193194293,85.7023724543
439.8333345829,85.1107674865
440.5473497364,82.2995742555
441.2613648899,81.2872230001
441.9753800435,83.2952599224
442.6893951970,85.5425407294
443.4034103506,86.2710622939
444.1174255041,84.1902611885
444.8314406577,82.4258670169
445.5454558112,82.9779121194
446.2594709648,84.0878160620
446.9734861183,83.8546986130
447.6875012718,83.0947109247
448.4015164254,84.2948666070
449.1155315789,84.6761303120
449.8295467325,81.9537773415
450.5435618860,82.4927693085
451.2575770396,85.6086900890
451.9715921931,84.5452730835
452.6856073466,82.4835774854
453.3996225002,82.2760746459
454.1136376537,81.6371247157
454.8276528073,82.0289732320
455.5416679608,82.6154006745
456.2556831144,82.9573846735
456.9696982679,85.3718232042
457.6837134214,85.3060391933
458.3977285750,81.9473276448
459.1117437285,85.1157218654
459.8257588821,86.8703542135
460.5397740356,82.7460814887
461.2537891892,82.9434309159
461.9678043427,86.4283419501
462.6818194963,83.8309585408
463.3958346498,81.5090521190
464.1098498033,83.9207626178
464.8238649569,85.4509662123
465.5378801104,85.2002651135
466.2518952640,85.3162784980
466.9659104175,84.3316768668
467.6799255711,82.9170872982
468.3939407246,83.6458726290
469.1079558781,85.3216713877
469.8219710317,85.4293610937
470.5359861852,83.6871218072
471.2500013388,83.1104686866
471.9640164923,83.6642472649
472.6780316459,83.0767986691
473.3920467994,83.1624030136
474.1060619530,84.4545712011
474.8200771065,84.4486727130
475.5340922600,84.1724605197
476.2481074136,85.9732164241
476.9621225671,85.9781065428
477.6761377207,83.4080687907
478.3901528742,83.8373203546
479.1041680278,85.6455475128
479.8181831813,84.4844592959
480.5321983348,83.9668057112
481.2462134884,84.9445025796
481.9602286419,84.5248621422
482.6742437955,84.9039766145
483.3882589490,85.4799106861
484.1022741026,84.0732981183
484.8162892561,83.7978611029
485.5303044097,83.4023977781
486.2443195632,82.7151963009
486.9583347167,84.9729363280
487.6723498703,85.8307419242
488.3863650238,84.0676158481
489.1003801774,84.3739769853
489.8143953309,84.3189418979
490.5284104845,83.1326544937
491.2424256380,83.8165753944
491.9564407915,83.8443644706
492.6704559451,83.8864196606
493.3844710986,85.8304614766
494.0984862522,85.7348329156
494.8125014057,83.9781743489
495.5265165593,83.9250622116
496.2405317128,83.8912659980
496.9545468663,84.2526982385
497.6685620199,85.2266489819
498.3825771734,84.5573596727
499.0965923270,83.9290192775
499.8106074805,84.3078381627
500.5246226341,83.8304711765
501.2386377876,83.6629673443
501.9526529412,84.0928563703
502.6666680947,83.0602439599
503.3806832482,83.0281743971
504.0946984018,84.6907201890
504.8087135553,84.9752514494
505.5227287089,83.2442509785
506.2367438624,82.6879359027
506.9507590160,84.1652722136
507.6647741695,85.1856717377
508.3787893230,84.3404455412
509.0928044766,83.1279146158
509.8068196301,83.2992313077
510.5208347837,83.8107482934
511.2348499372,83.4993392401
511.9488650908,83.2009884443
512.6628802443,82.9339514664
513.3768953979,82.4511757720
514.0909105514,82.4184058056
514.8049257049,82.7737944730
515.5189408585,82.9956642589
516.2329560120,82.9575056449
516.9469711656,82.7809745867
517.6609863191,82.9245098007
518.3750014727,82.8345768952
519.0890166262,82.2854698647
519.8030317797,82.7006268205
520.5170469333,83.5764079890
521.2310620868,83.4197744672
521.9450772404,83.2374964256
522.6590923939,83.5498125829
523.3731075475,83.4894349508
524.0871227010,83.8346106198
524.8011378545,84.4795402772
525.5151530081,83.8160753896
526.2291681616,82.8419860148
526.9431833152,83.4851307519
527.6571984687,83.4784000866
528.3712136223,82.8607320033
529.0852287758,83.2656885769
529.7992439294,83.5967166289
530.5132590829,83.5546256527
531.2272742364,84.1067833343
531.9412893900,84.3393075800
532.6553045435,83.8846649013
533.3693196971,83.7949564720
534.0833348506,84.1591612032
534.7973500042,84.2700522272
535.5113651577,83.7793581150
536.2253803112,83.4278700695
536.9393954648,83.5112046121
537.6534106183,83.2066767229
538.3674257719,83.3361868406
539.0814409254,83.9667007251
539.7954560790,83.5902008639
540.5094712325,83.3958102586
541.2234863861,84.1854697459
541.9375015396,84.2037372602
542.6515166931,83.7830978451
543.3655318467,83.5906186492
544.0795470002,83.2102551548
544.7935621538,83.3804374028
545.5075773073,83.6540011189
546.2215924609,83.1797435010
546.9356076144,82.9618940269
547.6496227679,83.0378040328
548.3636379215,83.1443700006
549.0776530750,83.4918777640
549.7916682286,83.0275610908
550.5056833821,82.2833453621
551.2196985357,82.9718425363
551.9337136892,83.4986899077
552.6477288427,82.9061220918
553.3617439963,82.8556340879
554.0757591498,82.8937572477
554.7897743034,82.4637988248
555.5037894569,82.9805250598
556.2178046105,83.3826272694
556.9318197640,82.8377975194
557.6458349176,83.0102708924
558.3598500711,83.1755809012
559.0738652246,82.8732445925
559.7878803782,83.5537006724
560.5018955317,83.6211433423
561.2159106853,82.8142227178
561.9299258388,83.4702752291
562.6439409924,84.0284527886
563.3579561459,83.7780195217
564.0719712994,84.3542619590
564.7859864530,84.1941863794
565.5000016065,83.4453979901
566.2140167601,84.3072198379
566.9280319136,84.9297140219
567.6420470672,84.2238038403
568.3560622207,84.2092755502
569.0700773743,84.5207885913
569.7840925278,84.4738850406
570.4981076813,85.0177650695
571.2121228349,85.4587979460
571.9261379884,84.8216921057
572.6401531420,84.5667660097
573.3541682955,85.0821685344
574.0681834491,85.0016738665
574.7821986026,84.7368154040
575.4962137561,84.9400047917
576.2102289097,84.8677763212
576.9242440632,84.8050972960
577.6382592168,84.8594333453
578.3522743703,84.6416583236
579.0662895239,84.8398697217
579.7803046774,85.0170274782
580.4943198309,84.9104651238
581.2083349845,85.3951401736
581.9223501380,85.2519234002
582.6363652916,84.2769126707
583.3503804451,84.3601954635
584.0643955987,84.9421308753
584.7784107522,84.9844586037
585.4924259058,84.8927769427
586.2064410593,84.7612163581
586.9204562128,84.8375676670
587.6344713664,85.0575086615
588.3484865199,85.0598266613
589.0625016735,85.0923004667
589.7765168270,85.0140089598
590.4905319806,84.9183412230
591.2045471341,84.9600580099
591.9185622876,84.7366566984
592.6325774412,84.6505361031
593.3465925947,84.7531091486
594.0606077483,84.7793958985
594.7746229018,85.1957862780
595.4886380554,85.4146855948
596.2026532089,85.1147165541
596.9166683625,85.0959967953
597.6306835160,85.1255617388
598.3446986695,85.0992176728
599.0587138231,85.2233998043
599.7727289766,84.9971273584
600.4867441302,84.7011941426
601.2007592837,84.8237381126
601.9147744373,85.2079659942
602.6287895908,85.4332930978
603.3428047443,84.9413946877
604.0568198979,84.6328143828
604.7708350514,84.9099260143
605.4848502050,84.6737256988
606.1988653585,84.4288107552
606.9128805121,84.6276766317
607.6268956656,84.6423380944
608.3409108192,84.8552217043
609.0549259727,84.9694756317
609.7689411262,84.6586672840
610.4829562798,84.6666650834
611.1969714333,84.7731738752
611.9109865869,84.9768258963
612.6250017404,85.4070340539
613.3390168940,85.4147402021
614.0530320475,85.5409751895
614.7670472010,85.8539349286
615.4810623546,85.5565928761
616.1950775081,85.4628175359
616.9090926617,85.6986668609
617.6231078152,85.4410600457
618.3371229688,85.4997769587
619.0511381223,86.1541163072
619.7651532758,86.4369391660
620.4791684294,86.2145325465
621.1931835829,86.1873515359
621.9071987365,86.5280879573
622.6212138900,86.8207932245
623.3352290436,87.0547154141
624.0492441971,87.0977482000
624.7632593507,86.6763520554
625.4772745042,86.5632348949
626.1912896577,87.0553057283
626.9053048113,87.2359544782
627.6193199648,86.9876359545
628.3333351184,86.8382172599
629.0473502719,86.9931927046
629.7613654255,87.1400972986
630.4753805790,87.0353770259
631.1893957325,87.1519835816
631.9034108861,87.3375995146
632.6174260396,87.1767108170
633.3314411932,87.2993768282
634.0454563467,87.5999974971
634.7594715003,87.4834654106
635.4734866538,87.2000376420
636.1875018074,87.1049252120
636.9015169609,87.4265062923
637.6155321144,87.7243350068
638.3295472680,87.5096343994
639.0435624215,87.5380117175
639.7575775751,87.5595992770
640.4715927286,87.2395261094
641.1856078822,87.5534914751
641.8996230357,87.8497129095
642.6136381892,87.6199002496
643.3276533428,87.8332198172
644.0416684963,87.8860813409
644.7556836499,87.6901046774
645.4696988034,88.0497297240
646.1837139570,88.1074286075
646.8977291105,87.8436076304
647.6117442640,87.9963501391
648.3257594176,88.0845748657
649.0397745711,87.9634863131
649.7537897247,87.7536111346
650.4678048782,87.6280165453
651.1818200318,87.8407107747
651.8958351853,87.8530477431
652.6098503389,87.6924461322
653.3238654924,87.7194513202
654.0378806459,87.4685030910
654.7518957995,87.1945592217
655.4659109530,87.2477156594
656.1799261066,87.2748133699
656.8939412601,87.2463826232
657.6079564137,87.1779148512
658.3219715672,87.0770001745
659.0359867207,87.0430351867
659.7500018743,87.0331698234
660.4640170278,87.0910003543
661.1780321814,87.0601810847
661.8920473349,86.9478904877
662.6060624885,86.8467920373
663.3200776420,86.6199686472
664.0340927956,86.8184089887
664.7481079491,87.0948499581
665.4621231026,86.7145872725
666.1761382562,86.9227477529
666.8901534097,87.7903982795
667.6041685633,87.3352304993
668.3181837168,83.3611257595
669.0321988704,86.0708433411
669.7462140239,87.0456930727
670.4602291774,87.3527533236
671.1742443310,87.2719440110
671.8882594845,87.5456284243
672.6022746381,88.0450539890
673.3162897916,88.0787241981
674.0303049452,88.1387652426
674.7443200987,88.4921198099
675.4583352522,88.7862941837
676.1723504058,89.1130139698
676.8863655593,89.2536213959
677.6003807129,89.1737802257
678.3143958664,89.3938749497
679.0284110200,89.8163537508
679.7424261735,89.9146264605
680.4564413271,89.7870818061
681.1704564806,89.8140128665
681.8844716341,89.9105004028
682.5984867877,90.1662636745
683.3125019412,90.4939327664
684.0265170948,90.3148725014
684.7405322483,90.2271740456
685.4545474019,90.5511286133
686.1685625554,90.3300919851
686.8825777089,90.1916023084
687.5965928625,90.5228042222
688.3106080160,90.1970391222
689.0246231696,89.9960907639
689.7386383231,90.4706459235
690.4526534767,90.5268290370
691.1666686302,90.3615452751
691.8806837838,90.0601791213
692.5946989373,89.8212265999
693.3087140908,90.3745264257
694.0227292444,90.5095054475
694.7367443979,90.0785493405
695.4507595515,90.4630713618
696.1647747050,90.5906191980
696.8787898586,90.1388172643
697.5928050121,90.3749952429
698.3068201656,90.6335139076
699.0208353192,90.3591187880
699.7348504727,90.2458928112
700.4488656263,90.3993292894
701.1628807798,90.5594766479
701.8768959334,90.3864985383
702.5909110869,90.1896652436
703.3049262404,90.4914025470
704.0189413940,90.7071532647
704.7329565475,90.6582687633
705.4469717011,90.7182929579
706.1609868546,90.6059174850
706.8750020082,90.4374746044
707.5890171617,90.6516114976
708.3030323153,90.9802082008
709.0170474688,90.9382758542
709.7310626223,90.7127490266
710.4450777759,90.8153291385
711.1590929294,90.8927478303
711.8731080830,90.7750544783
712.5871232365,91.0336197241
713.3011383901,91.1375009737
714.0151535436,90.8588460440
714.7291686971,91.0566328973
715.4431838507,91.2873825755
716.1571990042,91.2010297125
716.8712141578,91.3272207577
717.5852293113,91.3332586933
718.2992444649,91.3374959598
719.0132596184,91.6587144255
719.7272747720,91.6940736994
720.4412899255,91.6368724929
721.1553050790,91.8861998166
721.8693202326,92.0239661925
722.5833353861,92.0203617499
723.2973505397,91.9451740847
724.0113656932,91.9227506789
724.7253808468,92.1271671846
725.4393960003,92.2523757524
726.1534111538,92.2662998051
726.8674263074,92.3360778344
727.5814414609,92.3590751355
728.2954566145,92.4736860373
729.0094717680,92.6329371716
729.7234869216,92.5881858617
730.4375020751,92.5305645062
731.1515172287,92.6027240574
731.8655323822,92.6499739198
732.5795475357,92.6305046292
733.2935626893,92.6566728414
734.0075778428,92.7549103767
734.7215929964,92.8509986212
735.4356081499,92.9752685365
736.1496233035,92.9854724140
736.8636384570,92.8318466267
737.5776536105,92.9303855433
738.2916687641,93.1239762062
739.0056839176,93.0297805236
739.7196990712,93.0578718437
740.4337142247,93.1843835606
741.1477293783,93.0548829949
741.8617445318,93.1039661567
742.5757596853,93.3648236026
743.2897748389,93.3817448331
744.0037899924,93.2770881012
744.7178051460,93.1593005148
745.4318202995,93.0599823603
746.1458354531,93.2903632713
746.8598506066,93.6150047618
747.5738657602,93.5418433682
748.2878809137,93.3166495383
749.0018960672,93.2874241407
749.7159112208,93.3887214298
750.4299263743,93.5386004102
751.1439415279,93.5257271302
751.8579566814,93.3604650621
752.5719718350,93.4511611641
753.2859869885,93.6424949239
754.0000021420,93.6205267605
754.7140172956,93.5754700949
755.4280324491,93.4913839587
756.1420476027,93.4431519426
756.8560627562,93.6551538170
757.5700779098,93.7820146385
758.2840930633,93.6865675557
758.9981082169,93.6139078754
759.7121233704,93.5579032961
760.4261385239,93.6306020201
761.1401536775,93.7181343007
761.8541688310,93.5555961161
762.5681839846,93.4915050286
763.2821991381,93.6870166409
763.9962142917,93.8700409371
764.7102294452,93.9273790556
765.4242445987,93.8225776788
766.1382597523,93.7444411785
766.8522749058,93.7866640593
767.5662900594,93.7919779294
768.2803052129,93.8017349935
768.9943203665,93.7170253401
769.7083355200,93.5610146434
770.4223506735,93.7109537671
771.1363658271,93.9917292775
771.8503809806,93.9725886377
772.5643961342,93.7468105608
773.2784112877,93.6769745723
773.9924264413,93.8103331089
774.7064415948,93.8306059311
775.4204567484,93.8427488070
776.1344719019,93.9688374459
776.8484870554,93.8567860544
777.5625022090,93.8135255089
778.2765173625,93.9975120364
778.9905325161,93.9170701054
779.7045476696,93.8408226424
780.4185628232,93.8065387594
781.1325779767,93.6823592745
781.8465931302,94.0258076836
782.5606082838,94.2197779627
783.2746234373,93.8310927393
783.9886385909,93.8720686553
784.7026537444,93.9926848912
785.4166688980,93.7136284398
786.1306840515,93.7601473271
786.8446992051,93.8977931045
787.5587143586,93.8455836328
788.2727295121,93.9582519130
788.9867446657,94.0770290051
789.7007598192,94.1722069111
790.4147749728,94.1774474580
791.1287901263,93.9748022984
791.8428052799,93.9508455865
792.5568204334,94.0855195906
793.2708355869,94.0907695444
793.9848507405,94.0495141054
794.6988658940,94.1550017545
795.4128810476,94.3762089757
796.1268962011,94.3544609314
796.8409113547,94.3406627607
797.5549265082,94.5733802642
798.2689416617,94.3960308701
798.9829568153,94.2472599448
799.6969719688,94.6815959114
800.4109871224,94.7960658566
801.1250022759,94.6136811326
801.8390174295,94.6837077676
802.5530325830,94.8101858764
803.2670477366,95.0255691406
803.9810628901,94.9376432656
804.6950780436,94.5506831520
805.4090931972,94.6489243530
806.1231083507,94.8738361347
806.8371235043,94.8787792415
807.5511386578,94.9068436444
808.2651538114,94.8043054192
808.9791689649,94.8506855967
809.6931841184,95.0843587867
810.4071992720,95.1485482425
811.1212144255,95.1504730053
811.8352295791,94.9934486223
812.5492447326,95.0152992202
813.2632598862,95.3479607663
813.9772750397,95.2023820729
814.6912901933,95.0655522978
815.4053053468,95.3657493016
816.1193205003,95.3709836581
816.8333356539,95.4093236544
817.5473508074,95.4641545584
818.2613659610,95.1963995131
818.9753811145,95.3084295533
819.6893962681,95.4179456037
820.4034114216,95.2245017842
821.1174265751,95.3809435371
821.8314417287,95.2648994390
822.5454568822,94.9020591820
823.2594720358,95.1722778663
823.9734871893,95.3934149056
824.6875023429,95.1683245598
825.4015174964,95.0555253700
826.1155326499,95.1600233791
826.8295478035,95.3362083449
827.5435629570,95.3363797703
828.2575781106,95.3170788588
828.9715932641,95.4236075663
829.6856084177,95.2420939196
830.3996235712,95.1542305381
831.1136387248,95.3781381933
831.8276538783,95.2189628626
832.5416690318,94.9886785526
833.2556841854,95.0894514109
833.9696993389,95.0162370441
834.6837144925,94.8886687929
835.3977296460,94.9762924188
836.1117447996,94.9616618909
836.8257599531,94.7456269813
837.5397751066,94.6163884450
838.2537902602,94.7137240845
838.9678054137,94.7061700193
839.6818205673,94.5237975289
840.3958357208,94.5601349850
841.1098508744,94.5809123915
841.8238660279,94.3454564701
842.5378811815,94.2732096828
843.2518963350,94.3889188640
843.9659114885,94.4345232157
844.6799266421,94.3994288890
845.3939417956,94.2249563004
846.1079569492,94.0245108591
846.8219721027,94.0361345237
847.5359872563,94.1921473333
848.2500024098,94.2993857761
848.9640175633,94.3039811740
849.6780327169,94.1788878312
850.3920478704,93.8839488700
851.1060630240,93.7370586280
851.8200781775,93.9677543511
852.5340933311,94.0532778023
853.2481084846,93.8323746775
853.9621236381,93.8242967395
854.6761387917,93.8699069173
855.3901539452,93.7179678633
856.1041690988,93.7338457708
856.8181842523,93.8182002741
857.5321994059,93.6827929436
858.2462145594,93.6320219541
858.9602297130,93.7599818504
859.6742448665,93.7931571812
860.3882600200,93.7198334009
861.1022751736,93.5915194902
861.8162903271,93.4318332896
862.5303054807,93.4298033864
863.2443206342,93.4523180603
863.9583357878,93.2743761454
864.6723509413,93.2450178255
865.3863660948,93.4722495586
866.1003812484,93.6161458647
866.8143964019,93.6827391771
867.5284115555,93.5205749325
868.2424267090,93.1102935907
868.9564418626,93.0689906401
869.6704570161,93.2877543567
870.3844721697,93.2727264814
871.0984873232,93.1651473029
871.8125024767,92.9428833076
872.5265176303,92.8178278180
873.2405327838,93.1193543869
873.9545479374,93.1435358867
874.6685630909,92.7347865250
875.3825782445,92.6358758465
876.0965933980,92.6740105166
876.8106085515,92.6227386263
877.5246237051,92.6577872439
878.2386388586,92.5176301469
878.9526540122,92.3691118527
879.6666691657,92.4805165345
880.3806843193,92.4556263620
881.0946994728,92.3085865443
881.8087146264,92.2318935021
882.5227297799,92.0957199514
883.2367449334,92.0720440165
883.9507600870,92.0915141398
884.6647752405,91.9120928807
885.3787903941,91.8226622367
886.0928055476,91.7851379237
886.8068207012,91.6107238497
887.5208358547,91.6204509746
888.2348510082,91.6222670492
888.9488661618,91.2601881229
889.6628813153,90.9736533222
890.3768964689,91.0219053160
891.0909116224,91.1734275746
891.8049267760,91.1950130003
892.5189419295,90.9315993047
893.2329570830,90.7513801453
893.9469722366,90.9566911499
894.6609873901,91.0983350357
895.3750025437,90.9938215097
896.0890176972,90.9071385857
896.8030328508,90.9097339053
897.5170480043,91.0876892151
898.2310631579,91.3485434977
898.9450783114,91.3738577784
899.6590934649,91.2401343530
900.3731086185,91.2604104544
901.0871237720,91.4605324230
901.8011389256,91.5666151477
902.5151540791,91.5170409091
903.2291692327,91.5667267200
903.9431843862,91.6642689680
904.6571995397,91.7191025539
905.3712146933,91.8438295713
906.0852298468,91.8779193682
906.7992450004,91.8315217980
907.5132601539,91.8775697093
908.2272753075,91.9461462668
908.9412904610,92.0907955166
909.6553056146,92.1286561305
910.3693207681,91.9520689813
911.0833359216,92.0216001382
911.7973510752,92.2067433795
912.5113662287,92.2454892461
913.2253813823,92.3655056311
913.9393965358,92.2998730440
914.6534116894,92.1563905699
915.3674268429,92.3792105578
916.0814419964,92.4765628089
916.7954571500,92.3428212386
917.5094723035,92.3140408104
918.2234874571,92.2291588988
918.9375026106,92.3242498852
919.6515177642,92.5715243658
920.3655329177,92.4745450074
921.0795480712,92.3611734469
921.7935632248,92.4605820290
922.5075783783,92.5187115569
923.2215935319,92.5955694851
923.9356086854,92.6501834107
924.6496238390,92.6400763335
925.3636389925,92.6577127367
926.0776541461,92.7522838974
926.7916692996,93.0276342217
927.5056844531,93.2175155176
928.2196996067,93.2469057384
928.9337147602,93.4880100961
929.6477299138,93.7327615137
930.3617450673,93.8922707849
931.0757602209,94.1379124896
931.7897753744,94.1388630472
932.5037905279,94.1185306847
933.2178056815,94.4376591668
933.9318208350,94.7304922372
934.6458359886,95.0176397817
935.3598511421,95.3295545774
936.0738662957,95.4381968519
936.7878814492,95.6910159890
937.5018966028,96.0799034068
938.2159117563,96.2047761545
938.9299269098,96.2536336031
939.6439420634,96.3825415948
940.3579572169,96.5292234291
941.0719723705,96.7172278465
941.7859875240,96.7575319332
942.5000026776,96.6045557811
943.2140178311,96.5775184849
943.9280329846,96.6869396298
944.6420481382,96.6702532200
945.3560632917,96.6432326846
946.0700784453,96.7125999834
946.7840935988,96.6298052283
947.4981087524,96.5362494745
948.2121239059,96.6363916980
948.9261390594,96.6731930095
949.6401542130,96.7076560449
950.3541693665,96.8592878236
951.0681845201,96.9719591759
951.7821996736,97.1558032190
952.4962148272,97.1939849796
953.2102299807,96.9357578263
953.9242451343,96.8929992637
954.6382602878,96.7335652800
955.3522754413,96.1083765121
956.0662905949,96.0008585447
956.7803057484,96.5224154473
957.4943209020,96.3953025684
958.2083360555,95.4577316294
958.9223512091,94.7117191353
959.6363663626,94.3601468716
960.3503815161,94.0135840518
961.0643966697,93.7980608834
961.7784118232,93.8713226463
962.4924269768,93.8451052980
963.2064421303,93.7177377154
963.9204572839,93.6279894157
964.6344724374,93.4178340223
965.3484875910,93.3912964139
966.0625027445,93.5486593533
966.7765178980,93.3609373435
967.4905330516,92.9892980645
968.2045482051,92.7146392767
968.9185633587,92.4474214607
969.6325785122,92.1153901735
970.3465936658,91.5360605434
971.0606088193,90.9072536291
971.7746239728,90.5211981275
972.4886391264,90.0612548126
973.2026542799,89.4576763290
973.9166694335,88.8889708594
974.6306845870,88.2651476343
975.3446997406,87.7112933180
976.0587148941,87.2475622220
976.7727300476,86.7008678511
977.4867452012,86.1696672547
978.2007603547,85.6336279356
978.9147755083,85.1271460205
979.6287906618,84.8277395717
980.3428058154,84.4815313395
981.0568209689,84.0183767432
981.7708361225,83.7358096676
982.4848512760,83.4977635710
983.1988664295,83.1802332842
983.9128815831,83.0072695297
984.6268967366,82.9014122962
985.3409118902,82.7144047819
986.0549270437,82.6710300315
986.7689421973,82.7412766991
987.4829573508,82.6061463474
988.1969725043,82.4125760178
988.9109876579,82.3632191918
989.6250028114,82.3098199520
990.3390179650,82.2367553158
991.0530331185,82.0931959748
991.7670482721,81.8966805800
992.4810634256,81.8964836138
993.1950785792,81.9033464258
993.9090937327,81.7828508919
994.6231088862,81.7471946374
995.3371240398,81.6393335047
996.0511391933,81.5609822844
996.7651543469,81.7156766428
997.4791695004,81.7098687233
998.1931846540,81.6240289263
998.9071998075,81.7239943662
999.6212149610,81.7498392323
1000.3352301146,81.8160073455
1001.0492452681,81.9743807510
1001.7632604217,81.9308436768
1002.4772755752,81.8640207489
1003.1912907288,81.9301965459
1003.9053058823,81.9973486898
1004.6193210359,82.0075884691
1005.3333361894,81.9218830658
1006.0473513429,81.8423558825
1006.7613664965,81.8137865185
1007.4753816500,81.8062566041
1008.1893968036,81.8309952553
1008.9034119571,81.7060815586
1009.6174271107,81.5758635898
1010.3314422642,81.6573843816
1011.0454574177,81.6219527133
1011.7594725713,81.4968708850
1012.4734877248,81.4455630663
1013.1875028784,81.2752190739
1013.9015180319,81.2123777536
1014.6155331855,81.3222447304
1015.3295483390,81.3045274902
1016.0435634925,81.2628833889
1016.7575786461,81.1877922870
1017.4715937996,81.0769778199
1018.1856089532,81.1605181781
1018.8996241067,81.2335098988
1019.6136392603,81.1387260019
1020.3276544138,81.0347595512
1021.0416695674,81.0132411843
1021.7556847209,81.1075053114
1022.4696998744,81.0744977705
1023.1837150280,80.9066465614
1023.8977301815,80.9647959768
1024.6117453351,81.0420220624
1025.3257604886,80.9525097849
1026.0397756422,80.9433519824
1026.7537907957,80.9323071856
1027.4678059492,80.8769202996
1028.1818211028,80.9740714664
1028.8958362563,81.1281872293
1029.6098514099,81.1423509723
1030.3238665634,81.1177425319
1031.0378817170,81.3148667362
1031.7518968705,81.5676567806
1032.4659120241,81.6137182626
1033.1799271776,81.7243702281
1033.8939423311,81.9428955397
1034.6079574847,82.0729918183
1035.3219726382,82.3229747207
1036.0359877918,82.6944643569
1036.7500029453,82.9974696280
1037.4640180989,83.2173783683
1038.1780332524,83.3595950512
1038.8920484059,83.6085001299
1039.6060635595,83.9303205572
1040.3200787130,84.0611100495
1041.0340938666,84.1016717531
1041.7481090201,84.1208206055
1042.4621241737,84.1377242301
1043.1761393272,84.2581756728
1043.8901544807,84.3452989153
1044.6041696343,84.4594417135
1045.3181847878,84.5733600651
1046.0321999414,84.3939792741
1046.7462150949,84.2760994310
1047.4602302485,84.4634821495
1048.1742454020,84.5603714969
1048.8882605556,84.5415286284
1049.6022757091,84.5258003090
1050.3162908626,84.5272777398
1051.0303060162,84.6379596834
1051.7443211697,84.7333629371
1052.4583363233,84.8415738168
1053.1723514768,85.0671283197
1053.8863666304,85.2330309858
1054.6003817839,85.3309972039
1055.3143969374,85.4586602056
1056.0284120910,85.7033671235
1056.7424272445,86.0908368338
1057.4564423981,86.3711461731
1058.1704575516,86.5406932624
1058.8844727052,86.7927820937
1059.5984878587,87.1690147547
1060.3125030123,87.6932583038
1061.0265181658,88.1118856785
1061.7405333193,88.3732323115
1062.4545484729,88.7978005621
1063.1685636264,89.2881801369
1063.8825787800,89.7880000528
1064.5965939335,90.2833820020
1065.3106090871,90.5270959192
1066.0246242406,90.8695755721
1066.7386393941,91.4391771091
1067.4526545477,91.8386937569
1068.1666697012,92.3414561416
1068.8806848548,92.8426095200
1069.5947000083,92.8874371266
1070.3087151619,93.0818316131
1071.0227303154,93.5820657321
1071.7367454689,93.8131142231
1072.4507606225,93.8848161676
1073.1647757760,93.9178189206
1073.8787909296,93.8952761833
1074.5928060831,93.9233575665
1075.3068212367,93.8314318012
1076.0208363902,93.8516394905
1076.7348515438,94.0736924188
1077.4488666973,94.0349344499
1078.1628818508,94.0961201016
1078.8768970044,94.4834601464
1079.5909121579,94.5734130881
1080.3049273115,94.5049069578
1081.0189424650,94.5871640934
1081.7329576186,94.6612225911
1082.4469727721,94.8542131681
1083.1609879256,94.8636038016
1083.8750030792,94.5524738611
1084.5890182327,94.6335358708
1085.3030333863,94.8985479390
1086.0170485398,94.8093507605
1086.7310636934,94.8009020778
1087.4450788469,94.8235463799
1088.1590940005,94.6169929956
1088.8731091540,94.6684714902
1089.5871243075,94.8951159503
1090.3011394611,94.7864023001
1091.0151546146,94.5433202661
1091.7291697682,94.4216745825
1092.4431849217,94.3350607728
1093.1572000753,94.2347010785
1093.8712152288,94.0145535069
1094.5852303823,93.6801097608
1095.2992455359,93.4922186020
1096.0132606894,93.4288761549
1096.7272758430,93.2644992662
1097.4412909965,93.0769535151
1098.1553061501,92.9144234388
1098.8693213036,92.7329369495
1099.5833364571,92.7205222408
1100.2973516107,92.8013627747
1101.0113667642,92.6845289735
1101.7253819178,92.5009491713
1102.4393970713,92.4204499297
1103.1534122249,92.4217288109
1103.8674273784,92.5089538662
1104.5814425320,92.4615065549
1105.2954576855,92.2889633188
1106.0094728390,92.4160012270
1106.7234879926,92.6476366487
1107.4375031461,92.5857054952
1108.1515182997,92.5600623575
1108.8655334532,92.6859122885
1109.5795486068,92.6662631384
1110.2935637603,92.6862897546
1111.0075789138,92.8830947581
1111.7215940674,92.9918865965
1112.4356092209,93.1472523813
1113.1496243745,93.6001565351
1113.8636395280,94.0202966204
1114.5776546816,94.2205017504
1115.2916698351,94.5017882181
1116.0056849887,94.8228956999
1116.7197001422,95.0856903046
1117.4337152957,95.5128313192
1118.1477304493,95.8204769838
1118.8617456028,95.8475627366
1119.5757607564,96.1235542698
1120.2897759099,96.5211505094
1121.0037910635,96.7144973298
1121.7178062170,97.0480713509
1122.4318213705,97.4068844656
1123.1458365241,97.5366053853
1123.8598516776,97.7822007228
1124.5738668312,98.1942641215
1125.2878819847,98.5532609798
1126.0018971383,98.8091601772
1126.7159122918,98.9603677315
1127.4299274454,99.2285136013
1128.1439425989,99.7111778311
1128.8579577524,100.0703028169
1129.5719729060,100.1508713701
1130.2859880595,100.2527022691
1131.0000032131,100.5201104801
1131.7140183666,100.7296023517
1132.4280335202,100.8317183146
1133.1420486737,100.9800748848
1133.8560638272,101.2099292347
1134.5700789808,101.5770414713
1135.2840941343,101.9386992742
1135.9981092879,102.1166869349
1136.7121244414,102.3822235769
1137.4261395950,102.7008102596
1138.1401547485,102.7577507052
1138.8541699020,102.7940016778
1139.5681850556,102.9346553119
1140.2822002091,102.9539981066
1140.9962153627,102.8946834769
1141.7102305162,102.9464346285
1142.4242456698,103.0957352489
1143.1382608233,103.1122883382
1143.8522759769,103.0147063295
1144.5662911304,103.0642937161
1145.2803062839,103.2106266909
1145.9943214375,103.3697364264
1146.7083365910,103.4521831010
1147.4223517446,103.3551190790
1148.1363668981,103.4349298525
1148.8503820517,103.6711190622
1149.5643972052,103.6377150989
1150.2784123587,103.5382486108
1150.9924275123,103.4745408861
1151.7064426658,103.3191614415
1152.4204578194,103.2168984272
1153.1344729729,103.0826149226
1153.8484881265,102.9431829619
1154.5625032800,102.8758512084
1155.2765184336,102.6958752788
1155.9905335871,102.6084889222
1156.7045487406,102.5757483233
1157.4185638942,102.2668341672
1158.1325790477,102.0619676934
1158.8465942013,102.0864678033
1159.5606093548,101.9899272132
1160.2746245084,101.8697852564
1160.9886396619,101.7554579192
1161.7026548154,101.6629171358
1162.4166699690,101.8340779308
1163.1306851225,102.0741187671
1163.8447002761,102.1427019208
1164.5587154296,102.1509397181
1165.2727305832,102.1422029644
1165.9867457367,102.1734905350
1166.7007608902,102.3320973880
1167.4147760438,102.5338278092
1168.1287911973,102.6774364271
1168.8428063509,102.7513935362
1169.5568215044,102.7324149046
1170.2708366580,102.6469503750
1170.9848518115,102.6554041549
1171.6988669651,102.6946515649
1172.4128821186,102.6413762210
1173.1268972721,102.6944083243
1173.8409124257,102.7245404985
1174.5549275792,102.5576454243
1175.2689427328,102.5413233852
1175.9829578863,102.5239664662
1176.6969730399,102.3155348655
1177.4109881934,102.3428296652
1178.1250033469,102.3518294491
1178.8390185005,102.0550419143
1179.5530336540,101.9292802946
1180.2670488076,101.8720789225
1180.9810639611,101.6539252018
1181.6950791147,101.5640157325
1182.4090942682,101.4621071919
1183.1231094218,101.1693052919
1183.8371245753,100.9217563186
1184.5511397288,100.8188948836
1185.2651548824,100.7377264961
1185.9791700359,100.4729992546
1186.6931851895,100.1316068982
1187.4072003430,100.0213801094
1188.1212154966,99.9430618928
1188.8352306501,99.6914471681
1189.5492458036,99.4744519956
1190.2632609572,99.3174425005
1190.9772761107,99.1433479162
1191.6912912643,98.9907670671
1192.4053064178,98.8081002112
1193.1193215714,98.5918275017
1193.8333367249,98.4208013212
1194.5473518784,98.3141287946
1195.2613670320,98.2298627367
1195.9753821855,98.0842302180
1196.6893973391,97.9042888865
1197.4034124926,97.8025887537
1198.1174276462,97.7710662789
1198.8314427997,97.7266710933
1199.5454579533,97.6378436041
1200.2594731068,97.5804628282
1200.9734882603,97.6092568808
1201.6875034139,97.6303906170
1202.4015185674,97.6250560912
1203.1155337210,97.6399169223
1203.8295488745,97.6091416144
1204.5435640281,97.5701866378
1205.2575791816,97.6439264060
1205.9715943351,97.7546880887
1206.6856094887,97.7855488328
1207.3996246422,97.8044943602
1208.1136397958,97.9016286756
1208.8276549493,98.0253070917
1209.5416701029,98.1499841911
1210.2556852564,98.2667437247
1210.9697004100,98.2583199605
1211.6837155635,98.2072077633
1212.3977307170,98.3021826147
1213.1117458706,98.4256539114
1213.8257610241,98.4716949996
1214.5397761777,98.4965080636
1215.2537913312,98.5001706432
1215.9678064848,98.5361683324
1216.6818216383,98.5875636182
1217.3958367918,98.5595583770
1218.1098519454,98.5351589402
1218.8238670989,98.5487165923
1219.5378822525,98.5549872637
1220.2518974060,98.6109749005
1220.9659125596,98.6527966671
1221.6799277131,98.6042446469
1222.3939428666,98.6246658336
1223.1079580202,98.7870161842
1223.8219731737,98.8986659925
1224.5359883273,98.8686364505
1225.2500034808,98.8703757009
1225.9640186344,98.9913368865
1226.6780337879,99.1579304415
1227.3920489415,99.3695679617
1228.1060640950,99.5479825664
1228.8200792485,99.6226900912
1229.5340944021,99.7503273523
1230.2481095556,99.9484831383
1230.9621247092,100.0831011921
1231.6761398627,100.1495182675
1232.3901550163,100.1855559179
1233.1041701698,100.2982641367
1233.8181853233,100.5216999927
1234.5322004769,100.6942615135
1235.2462156304,100.7926451138
1235.9602307840,100.9247216241
1236.6742459375,101.0967943656
1237.3882610911,101.2380959607
1238.1022762446,101.3326233537
1238.8162913982,101.4252290029
1239.5303065517,101.4217544482
1240.2443217052,101.3775785977
1240.9583368588,101.5282403891
1241.6723520123,101.6548154190
1242.3863671659,101.5774664152
1243.1003823194,101.5221257131
1243.8143974730,101.4639826613
1244.5284126265,101.4674541534
1245.2424277800,101.6334790942
1245.9564429336,101.6688193763
1246.6704580871,101.6997024883
1247.3844732407,101.9452183383
1248.0984883942,102.1156020721
1248.8125035478,102.2556558159
1249.5265187013,102.4493680260
1250.2405338549,102.5729251518
1250.9545490084,102.8406187315
1251.6685641619,102.9794063362
1252.3825793155,102.5733434814
1253.0965944690,102.2234711010
1253.8106096226,102.2325702375
1254.5246247761,102.1186905376
1255.2386399297,101.8320380240
1255.9526550832,101.5979934923
1256.6666702367,101.3860562601
1257.3806853903,101.1749906283
1258.0947005438,101.0228418312
1258.8087156974,100.9646824352
1259.5227308509,100.8972883750
1260.2367460045,100.7328217455
1260.9507611580,100.6242321997
1261.6647763115,100.7027153886
1262.3787914651,100.8443033787
1263.0928066186,100.8256775025
1263.8068217722,100.6544943247
1264.5208369257,100.5310387888
1265.2348520793,100.4854017399
1265.9488672328,100.4457110505
1266.6628823864,100.3322661574
1267.3768975399,100.0812859868
1268.0909126934,99.8678928030
1268.8049278470,99.7388439688
1269.5189430005,99.5258093253
1270.2329581541,99.4118208608
1270.9469733076,99.3304921696
1271.6609884612,98.9186970929
1272.3750036147,98.6133094453
1273.0890187682,98.6785361409
1273.8030339218,98.5435642339
1274.5170490753,98.2244643814
1275.2310642289,98.0280394111
1275.9450793824,97.8432168636
1276.6590945360,97.7380308780
1277.3731096895,97.6477686463
1278.0871248431,97.3967070059
1278.8011399966,97.2144963245
1279.5151551501,97.1847738622
1280.2291703037,97.1856718013
1280.9431854572,97.1731181546
1281.6572006108,97.0727843898
1282.3712157643,96.9889959014
1283.0852309179,97.0291689863
1283.7992460714,97.0294053289
1284.5132612249,96.9344140401
1285.2272763785,96.8782942909
1285.9412915320,96.8730125280
1286.6553066856,96.7926223125
1287.3693218391,96.6376133517
1288.0833369927,96.5500688070
1288.7973521462,96.5218227391
1289.5113672997,96.4822043957
1290.2253824533,96.4265393524
1290.9393976068,96.3482020218
1291.6534127604,96.3428452212
1292.3674279139,96.3623785151
1293.0814430675,96.2850479347
1293.7954582210,96.2709894183
1294.5094733746,96.2899889152
1295.2234885281,96.1901164489
1295.9375036816,96.0973655867
1296.6515188352,96.0109122146
1297.3655339887,95.9585067347
1298.0795491423,96.0114926906
1298.7935642958,95.9379490068
1299.5075794494,95.7825915554
1300.2215946029,95.7488576118
1300.9356097564,95.7269247043
1301.6496249100,95.6938156135
1302.3636400635,95.6066982865
1303.0776552171,95.4627091346
1303.7916703706,95.4218687637
1304.5056855242,95.3528334572
1305.2197006777,95.2337329838
1305.9337158313,95.2066890110
1306.6477309848,95.1126472094
1307.3617461383,94.9305529677
1308.0757612919,94.8146280532
1308.7897764454,94.8548996885
1309.5037915990,94.8921750349
1310.2178067525,94.6815307539
1310.9318219061,94.6129256249
1311.6458370596,94.6983248713
1312.3598522131,94.4378679738
1313.0738673667,94.4047133801
1313.7878825202,94.5990749044
1314.5018976738,94.4316531553
1315.2159128273,94.6400802850
1315.9299279809,94.9323632378
1316.6439431344,94.6396761728
1317.3579582879,94.7724718993
1318.0719734415,95.1309703581
1318.7859885950,95.0094644869
1319.5000037486,95.2275490385
1320.2140189021,95.5816227250
1320.9280340557,95.5725869391
1321.6420492092,95.7391317497
1322.3560643628,95.9617325970
1323.0700795163,96.0176355515
1323.7840946698,96.1078851382
1324.4981098234,96.1322961752
1325.2121249769,96.1796714421
1325.9261401305,96.3173422760
1326.6401552840,96.4004823574
1327.3541704376,96.4339328546
1328.0681855911,96.3747360613
1328.7822007446,96.4121487577
1329.4962158982,96.5297501007
1330.2102310517,96.4469421215
1330.9242462053,96.5059012969
1331.6382613588,96.5896678849
1332.3522765124,96.4206073404
1333.0662916659,96.5440211077
1333.7803068195,96.6464435246
1334.4943219730,96.5322322854
1335.2083371265,96.7505893717
1335.9223522801,96.6159949280
1336.6363674336,96.2922217032
1337.3503825872,96.8202837993
1338.0643977407,96.9073642944
1338.7784128943,96.3574246813
1339.4924280478,96.4519332767
1340.2064432013,96.4388946309
1340.9204583549,96.6263580335
1341.6344735084,97.4527552374
1342.3484886620,97.6821694006
1343.0625038155,97.5845555821
1343.7765189691,97.8624006466
1344.4905341226,97.8307559355
1345.2045492761,97.7435813951
1345.9185644297,97.9716548411
1346.6325795832,98.0315631905
1347.3465947368,98.1721888514
1348.0606098903,98.2995361291
1348.7746250439,98.0883080327
1349.4886401974,98.0962707177
1350.2026553510,98.2573021811
1350.9166705045,98.2830339004
1351.6306856580,98.4009023379
1352.3447008116,98.3612291748
1353.0587159651,98.3072175318
1353.7727311187,98.4996264997
1354.4867462722,98.4585341496
1355.2007614258,98.4564230056
1355.9147765793,98.6972759788
1356.6287917328,98.6418108984
1357.3428068864,98.6932892086
1358.0568220399,98.8518959260
1358.7708371935,98.7005578515
1359.4848523470,98.9834965532
1360.1988675006,99.1095613178
1360.9128826541,98.3440447964
1361.6268978077,98.6988064399
1362.3409129612,99.1707984068
1363.0549281147,97.9198402415
1363.7689432683,98.2826755194
1364.4829584218,99.7362589818
1365.1969735754,99.9278473030
1365.9109887289,99.8562322277
1366.6250038825,100.3301091991
1367.3390190360,100.4668690322
1368.0530341895,100.5178040482
1368.7670493431,100.5637264988
1369.4810644966,100.8471606451
1370.1950796502,101.6323400584
1370.9090948037,101.8839855673
1371.6231099573,102.1335549532
1372.3371251108,103.1111658073
1373.0511402643,103.1254935241
1373.7651554179,102.2668569911
1374.4791705714,102.7007915312
1375.1931857250,103.2134298541
1375.9072008785,103.8789707283
1376.6212160321,104.7596976780
1377.3352311856,104.7769011875
1378.0492463392,104.8492698425
1378.7632614927,105.5867903480
1379.4772766462,106.0211966278
1380.1912917998,106.4606528654
1380.9053069533,106.8145205826
1381.6193221069,106.9575432645
1382.3333372604,107.2672502552
1383.0473524140,107.0994355195
1383.7613675675,106.7806933332
1384.4753827210,106.8454531820
1385.1893978746,106.6763873325
1385.9034130281,106.7996499259
1386.6174281817,106.9054699508
1387.3314433352,105.5805112081
1388.0454584888,105.3502467351
1388.7594736423,106.3408203344
1389.4734887959,106.3421877105
1390.1875039494,106.0970203521
1390.9015191029,106.5279834252
1391.6155342565,106.7250774099
1392.3295494100,106.6405230403
1393.0435645636,106.8198725079
1393.7575797171,106.6274838775
1394.4715948707,105.1279457687
1395.1856100242,104.3648524853
1395.8996251777,104.7560900011
1396.6136403313,104.7701007273
1397.3276554848,104.4138680425
1398.0416706384,104.1704165053
1398.7556857919,103.3855213054
1399.4697009455,102.3953492248
1400.1837160990,102.7746503670
1400.8977312526,103.0197465351
1401.6117464061,102.5325726838
1402.3257615596,101.9824622495
1403.0397767132,101.6716110843
1403.7537918667,101.5158342303
1404.4678070203,100.9155645314
1405.1818221738,99.5951586642
1405.8958373274,99.9508128412
1406.6098524809,100.4758859801
1407.3238676344,99.8813033758
1408.0378827880,99.7720870048
1408.7518979415,99.8868170756
1409.4659130951,99.2314720162
1410.1799282486,99.2339479045
1410.8939434022,99.1598672763
1411.6079585557,98.5334081746
1412.3219737092,98.6628178996
1413.0359888628,98.4739502261
1413.7500040163,98.2295735492
1414.4640191699,98.4998015353
1415.1780343234,98.0162561694
1415.8920494770,97.8782922961
1416.6060646305,97.8252103017
1417.3200797841,96.5497285669
1418.0340949376,97.2588861328
1418.7481100911,97.8143250542
1419.4621252447,92.9909310267
1420.1761403982,95.6895792462
1420.8901555518,97.3452252516
1421.6041707053,96.8880730338
1422.3181858589,97.0348784962
1423.0322010124,97.2745091031
1423.7462161659,95.6886793556
1424.4602313195,95.8732001904
1425.1742464730,96.8608710804
1425.8882616266,96.8063241445
1426.6022767801,96.7979331757
1427.3162919337,96.7836502423
1428.0303070872,96.5834412749
1428.7443222408,96.8862043200
1429.4583373943,96.6832089789
1430.1723525478,95.7607999771
1430.8863677014,96.3583296554
1431.6003828549,97.0122383977
1432.3143980085,96.7084391594
1433.0284131620,96.6311894601
1433.7424283156,96.9822244176
1434.4564434691,96.8800164403
1435.1704586226,97.1770789764
1435.8844737762,97.4917911762
1436.5984889297,94.1130765327
1437.3125040833,94.7745476040
1438.0265192368,96.9678894316
1438.7405343904,97.4098629586
1439.4545495439,97.0997097505
1440.1685646974,97.4629513307
1440.8825798510,97.5671740239
1441.5965950045,97.3272866237
1442.3106101581,97.5173724583
1443.0246253116,97.5773396688
1443.7386404652,97.5101557466
1444.4526556187,97.6755111814
1445.1666707723,97.5288697087
1445.8806859258,97.4584983583
1446.5947010793,98.0014382307
1447.3087162329,97.8511997043
1448.0227313864,96.5175669519
1448.7367465400,97.2300245468
1449.4507616935,98.1665782019
1450.1647768471,97.9557543279
1450.8787920006,97.9229495661
1451.5928071541,98.0498233957
1452.3068223077,97.3698712618
1453.0208374612,97.9818318228
1453.7348526148,98.8168828992
1454.4488677683,98.0739058331
1455.1628829219,97.9108695882
1455.8768980754,98.8028758014
1456.5909132290,96.4286050623
1457.3049283825,95.9917491985
1458.0189435360,97.6706994000
1458.7329586896,97.2024018023
1459.4469738431,97.6239057471
1460.1609889967,99.0161859007
1460.8750041502,99.5857088883
1461.5890193038,99.7802400296
1462.3030344573,100.0655177204
1463.0170496108,100.0130685710
1463.7310647644,100.2379387619
1464.4450799179,99.5385651836
1465.1590950715,96.5122555839
1465.8731102250,97.7056489453
1466.5871253786,98.6196401718
1467.3011405321,97.9003448202
1468.0151556856,98.2912041088
1468.7291708392,99.0611356963
1469.4431859927,98.6140856736
1470.1572011463,99.2728998928
1470.8712162998,100.2297268550
1471.5852314534,98.9507941145
1472.2992466069,98.8486328041
1473.0132617605,100.1661712510
1473.7272769140,98.2584205008
1474.4412920675,98.5667857391
1475.1553072211,99.8834421228
1475.8693223746,98.5266363628
1476.5833375282,96.5149924324
1477.2973526817,98.4935310209
1478.0113678353,99.0753396129
1478.7253829888,98.5264558277
1479.4393981423,98.8024945663
1480.1534132959,98.9706852638
1480.8674284494,98.3677031044
1481.5814436030,98.3335460813
1482.2954587565,98.7784735707
1483.0094739101,98.8959579100
1483.7234890636,98.9067434681
1484.4375042172,98.8840338053
1485.1515193707,98.8083541267
1485.8655345242,98.9409314957
1486.5795496778,98.7887670125
1487.2935648313,98.0025970357
1488.0075799849,98.2893767002
1488.7215951384,98.7063739984
1489.4356102920,97.8617758534
1490.1496254455,96.7438334865
1490.8636405990,97.3682044482
1491.5776557526,97.9239325350
1492.2916709061,98.5950378169
1493.0056860597,99.0212106602
1493.7197012132,98.5471100554
1494.4337163668,98.4886042566
1495.1477315203,99.1416493214
1495.8617466738,98.1402749694
1496.5757618274,95.8940349414
1497.2897769809,97.9852389604
1498.0037921345,98.8499335595
1498.7178072880,96.7317081689
1499.4318224416,96.7730932792
1500.1458375951,98.3540181110
1500.8598527487,98.2422516503
1501.5738679022,97.5104870121
1502.2878830557,98.0743185085
1503.0018982093,98.1991119814
1503.7159133628,98.0984100896
1504.4299285164,98.6047927033
1505.1439436699,97.9724570029
1505.8579588235,95.6988707053
1506.5719739770,95.7929598155
1507.2859891305,93.8205862481
1508.0000042841,94.5816215908
1508.7140194376,96.5133420380
1509.4280345912,96.3212593707
1510.1420497447,95.9225244465
1510.8560648983,97.5674460915
1511.5700800518,98.1365816817
1512.2840952054,96.2534007245
1512.9981103589,96.8032808125
1513.7121255124,98.1646389379
1514.4261406660,97.6478002878
1515.1401558195,96.4736915159
1515.8541709731,97.2800556581
1516.5681861266,96.8951705627
1517.2822012802,94.2300827486
1517.9962164337,96.3359197449
1518.7102315872,97.7320814240
1519.4242467408,97.7527839195
1520.1382618943,96.8612865251
1520.8522770479,94.9191637465
1521.5662922014,95.8314414347
1522.2803073550,96.3488674282
1522.9943225085,95.5693373499
1523.7083376621,96.8817135014
1524.4223528156,97.8037118911
1525.1363679691,95.8358735851
1525.8503831227,95.7860900768
1526.5643982762,97.2533014637
1527.2784134298,96.5806342326
1527.9924285833,96.2290749837
1528.7064437369,96.8087916609
1529.4204588904,96.7869567618
1530.1344740439,97.6407692146
1530.8484891975,97.7931951138
1531.5625043510,96.5537831826
1532.2765195046,97.3204601240
1532.9905346581,97.5726437971
1533.7045498117,94.0124942049
1534.4185649652,95.8000307388
1535.1325801187,97.1242009898
1535.8465952723,96.9224125529
1536.5606104258,97.2219667329
1537.2746255794,97.5775407523
1537.9886407329,97.4790709032
1538.7026558865,97.2022879027
1539.4166710400,94.3165854749
1540.1306861936,94.1996903273
1540.8447013471,96.2181687952
1541.5587165006,96.5935487168
1542.2727316542,94.8874621591
1542.9867468077,95.2531531898
1543.7007619613,96.5645790699
1544.4147771148,96.9899806464
1545.1287922684,95.0620478640
1545.8428074219,95.5491891811
1546.5568225754,97.2703588200
1547.2708377290,97.2599659817
1547.9848528825,96.7147440851
1548.6988680361,97.5117695006
1549.4128831896,97.0483946849
1550.1268983432,94.8739874121
1550.8409134967,96.6296497770
1551.5549286503,97.5688068331
1552.2689438038,96.8718500844
1552.9829589573,97.3851222775
1553.6969741109,97.7460713219
1554.4109892644,94.7211944292
1555.1250044180,96.0400377010
1555.8390195715,97.3835545705
1556.5530347251,97.5365591641
1557.2670498786,97.4680366742
1557.9810650321,93.3775551215
1558.6950801857,93.9347816275
1559.4090953392,96.1254116783
1560.1231104928,90.7126204673
1560.8371256463,94.6637058032
1561.5511407999,97.1133086019
1562.2651559534,97.1491372722
1562.9791711069,96.7601577127
1563.6931862605,97.6120381727
1564.4072014140,97.2469916565
1565.1212165676,96.2563647022
1565.8352317211,97.0224180243
1566.5492468747,97.4520309415
1567.2632620282,97.3171595389
1567.9772771818,97.3898288384
1568.6912923353,97.4216639425
1569.4053074888,95.9343939980
1570.1193226424,95.3862847730
1570.8333377959,96.9831046813
1571.5473529495,97.3678035121
1572.2613681030,97.0192349702
1572.9753832566,97.4911047297
1573.6893984101,97.3978284815
1574.4034135636,97.2000201404
1575.1174287172,98.2080163914
1575.8314438707,97.1914568889
1576.5454590243,93.5182146193
1577.2594741778,96.2218050713
1577.9734893314,97.0346543512
1578.6875044849,96.9382644947
1579.4015196385,97.2679226585
1580.1155347920,97.3616002993
1580.8295499455,97.3275331171
1581.5435650991,97.4096098642
1582.2575802526,97.2596511234
1582.9715954062,97.1998066918
1583.6856105597,97.1213237578
1584.3996257133,97.1225074856
1585.1136408668,97.3066525160
1585.8276560203,97.2394620192
1586.5416711739,97.2302836398
1587.2556863274,97.2792470171
1587.9697014810,97.2293199013
1588.6837166345,97.3866346511
1589.3977317881,97.2717481514
1590.1117469416,97.0493223923
1590.8257620951,97.2501644156
1591.5397772487,97.2183367849
1592.2537924022,97.1571011566
1592.9678075558,97.3526844503
1593.6818227093,97.1581046825
1594.3958378629,96.8707489029
1595.1098530164,96.9792805089
1595.8238681700,97.1106910616
1596.5378833235,97.1080811885
1597.2518984770,97.1112630638
1597.9659136306,97.2317453180
1598.6799287841,97.2111248391
1599.3939439377,97.1415374984
1600.1079590912,97.2550796702
1600.8219742448,97.0757044350
1601.5359893983,96.9547142065
1602.2500045518,97.1244529905
1602.9640197054,96.8748504377
1603.6780348589,96.8439029053
1604.3920500125,97.0654738562
1605.1060651660,96.8984013393
1605.8200803196,97.1044698001
1606.5340954731,97.1455751739
1607.2481106267,96.6184409578
1607.9621257802,96.9988854552
1608.6761409337,97.1958126914
1609.3901560873,96.4482039627
1610.1041712408,96.5638311198
1610.8181863944,96.9932903360
1611.5322015479,96.8107254741
1612.2462167015,96.6700665382
1612.9602318550,96.8752095129
1613.6742470085,97.0490876753
1614.3882621621,96.7313396005
1615.1022773156,96.8324221401
1615.8162924692,97.5947913391
1616.5303076227,95.3037835079
1617.2443227763,93.8088112885
1617.9583379298,96.3198429916
1618.6723530833,96.7917402583
1619.3863682369,96.1343413752
1620.1003833904,96.7426798946
1620.8143985440,96.7891728529
1621.5284136975,96.2203566426
1622.2424288511,96.8497880782
1622.9564440046,96.3867231774
1623.6704591582,94.2385284082
1624.3844743117,95.8320188344
1625.0984894652,96.5996263861
1625.8125046188,96.2293392458
1626.5265197723,96.6940511185
1627.2405349259,96.8143200447
1627.9545500794,95.4477822866
1628.6685652330,95.9502202545
1629.3825803865,96.6489914153
1630.0965955400,96.3489620632
1630.8106106936,96.2805303096
1631.5246258471,96.5427912028
1632.2386410007,96.5415261551
1632.9526561542,96.3688983135
1633.6666713078,96.5359371185
1634.3806864613,97.2464485581
1635.0947016149,94.9127911315
1635.8087167684,91.3499812539
1636.5227319219,95.5415155825
1637.2367470755,96.0925899062
1637.9507622290,94.7020934088
1638.6647773826,96.1919608556
1639.3787925361,96.7384334121
1640.0928076897,95.7465141250
1640.8068228432,96.3108668264
1641.5208379967,96.4619579521
1642.2348531503,96.0903056712
1642.9488683038,96.6233352474
1643.6628834574,96.2795317333
1644.3768986109,96.5226566531
1645.0909137645,97.5041385790
1645.8049289180,95.0163592231
1646.5189440715,94.5531486566
1647.2329592251,96.0283999037
1647.9469743786,94.4457950389
1648.6609895322,95.1157019919
1649.3750046857,96.6192327332
1650.0890198393,96.4197333921
1650.8030349928,96.5614326033
1651.5170501464,97.6438854385
1652.2310652999,97.1947530947
1652.9450804534,89.0605521439
1653.6590956070,93.5588573704
1654.3731107605,93.7724558060
1655.0871259141,94.8311534173
1655.8011410676,96.3715361028
1656.5151562212,96.7546189687
1657.2291713747,96.5233362582
1657.9431865282,96.9460263365
1658.6572016818,97.0788807838
1659.3712168353,96.9525901087
1660.0852319889,97.1380528739
1660.7992471424,96.7980449378
1661.5132622960,96.9302599309
1662.2272774495,97.1799569940
1662.9412926031,95.0098543957
1663.6553077566,95.9855000485
1664.3693229101,97.3377552672
1665.0833380637,96.8295928879
1665.7973532172,97.0443193893
1666.5113683708,97.6931483770
1667.2253835243,96.8671583574
1667.9393986779,97.3208341344
1668.6534138314,97.4937283404
1669.3674289849,93.8038384938
1670.0814441385,96.3008285838
1670.7954592920,97.2648905470
1671.5094744456,95.5538788222
1672.2234895991,96.2495875411
1672.9375047527,97.0407464095
1673.6515199062,97.1907828062
1674.3655350598,98.0783259803
1675.0795502133,96.2134513096
1675.7935653668,94.1317708482
1676.5075805204,96.8767947946
1677.2215956739,97.4846175144
1677.9356108275,96.7606291366
1678.6496259810,97.3033257773
1679.3636411346,97.5159628431
1680.0776562881,96.3044960291
1680.7916714416,96.3518188990
1681.5056865952,97.4546920267
1682.2197017487,97.8444886171
1682.9337169023,96.8757537475
1683.6477320558,95.5030152975
1684.3617472094,94.6941116683
1685.0757623629,94.0676940865
1685.7897775164,95.7713328945
1686.5037926700,97.2922730375
1687.2178078235,97.6474373689
1687.9318229771,96.6741172340
1688.6458381306,96.7709965509
1689.3598532842,97.2953524117
1690.0738684377,96.9563685461
1690.7878835913,97.0221684690
1691.5018987448,97.5681418387
1692.2159138983,97.6871612143
1692.9299290519,97.5253846855
1693.6439442054,97.3798969407
1694.3579593590,97.9114592232
1695.0719745125,98.5687010082
1695.7859896661,92.8250873284
1696.5000048196,94.9636559147
1697.2140199731,97.1663451655
1697.9280351267,96.9091361959
1698.6420502802,97.2338248423
1699.3560654338,98.9645221776
1700.0700805873,79.7459349821
1700.7840957409,90.8033668978
1701.4981108944,96.2702584228
1702.2121260480,96.8661239084
1702.9261412015,97.4732199090
1703.6401563550,97.7461820472
1704.3541715086,96.1216199592
1705.0681866621,96.9118921407
1705.7822018157,97.8636702836
1706.4962169692,96.2116187129
1707.2102321228,96.4650333934
1707.9242472763,97.5824323784
1708.6382624298,97.6082339225
1709.3522775834,97.5167564067
1710.0662927369,97.2811773813
1710.7803078905,97.0195277604
1711.4943230440,97.6502719188
1712.2083381976,97.8212387625
1712.9223533511,97.3448910837
1713.6363685046,97.4929186014
1714.3503836582,97.2160086645
1715.0643988117,95.8458749432
1715.7784139653,96.7792648863
1716.4924291188,97.8886338888
1717.2064442724,97.0207986119
1717.9204594259,94.5514551145
1718.6344745795,95.2313119974
1719.3484897330,96.2222936669
1720.0625048865,97.2918325771
1720.7765200401,97.6892535386
1721.4905351936,97.2503245081
1722.2045503472,97.5391771192
1722.9185655007,97.6115128801
1723.6325806543,96.8083482066
1724.3465958078,97.3604577442
1725.0606109613,97.7737272456
1725.7746261149,97.3288863807
1726.4886412684,97.6244067200
1727.2026564220,97.5871506041
1727.9166715755,97.2807521052
1728.6306867291,97.9141542571
1729.3447018826,97.5892041881
1730.0587170362,96.1590807012
1730.7727321897,96.8341510135
1731.4867473432,97.6546038354
1732.2007624968,97.7652375272
1732.9147776503,97.3891741275
1733.6287928039,96.3730524334
1734.3428079574,94.7061988588
1735.0568231110,94.9228675909
1735.7708382645,96.7321103563
1736.4848534180,97.8528060327
1737.1988685716,97.2344287976
1737.9128837251,97.1380693013
1738.6268988787,98.0973921076
1739.3409140322,97.4277998654
1740.0549291858,95.7522870483
1740.7689443393,96.8281164784
1741.4829594928,97.6412975035
1742.1969746464,97.6795154397
1742.9109897999,96.7692492446
1743.6250049535,96.5182467128
1744.3390201070,97.2555133478
1745.0530352606,97.5578556086
1745.7670504141,97.7625322499
1746.4810655677,97.4813749974
1747.1950807212,97.0519667650
1747.9090958747,97.6741450388
1748.6231110283,96.8452528814
1749.3371261818,96.1275460541
1750.0511413354,97.9032822564
1750.7651564889,97.8167025960
1751.4791716425,94.4139745948
1752.1931867960,96.7741580180
1752.9072019495,98.0102853945
1753.6212171031,97.7358091468
1754.3352322566,97.7823252689
1755.0492474102,98.0017790607
1755.7632625637,98.1231227312
1756.4772777173,97.5353183148
1757.1912928708,96.4171143979
1757.9053080244,97.5277996994
1758.6193231779,98.1579845800
1759.3333383314,97.3828166567
1760.0473534850,97.8348341589
1760.7613686385,98.4643676932
1761.4753837921,96.9370806360
1762.1893989456,96.2638907995
1762.9034140992,97.5891623533
1763.6174292527,97.9745050428
1764.3314444062,97.7722879032
1765.0454595598,97.9544488969
1765.7594747133,98.0169239244
1766.4734898669,97.8945146795
1767.1875050204,98.2904854000
1767.9015201740,97.5686848270
1768.6155353275,96.0218555408
1769.3295504810,97.7619822827
1770.0435656346,98.6696384557
1770.7575807881,97.1686738938
1771.4715959417,97.3163368599
1772.1856110952,97.9341033818
1772.8996262488,95.6089477722
1773.6136414023,96.9973514725
1774.3276565559,98.1770336395
1775.0416717094,97.5929088594
1775.7556868629,97.0759260139
1776.4697020165,97.5391085188
1777.1837171700,98.0465201990
1777.8977323236,98.0638030195
1778.6117474771,97.5892754278
1779.3257626307,97.9410168692
1780.0397777842,97.8269231184
1780.7537929377,96.5365132211
1781.4678080913,97.3631142763
1782.1818232448,98.0701316111
1782.8958383984,97.7397963611
1783.6098535519,98.2130228285
1784.3238687055,98.0271447217
1785.0378838590,96.8100737259
1785.7518990126,97.5212335863
1786.4659141661,97.9533029384
1787.1799293196,97.7496335846
1787.8939444732,97.8448736999
1788.6079596267,97.6405199167
1789.3219747803,97.9522511525
1790.0359899338,98.1000979521
1790.7500050874,96.8905215285
1791.4640202409,97.4083385723
1792.1780353944,98.0534465516
1792.8920505480,95.7075105070
1793.6060657015,96.6279604386
1794.3200808551,97.9446713362
1795.0340960086,97.5013481176
1795.7481111622,97.1783104671
1796.4621263157,97.5487247843
1797.1761414693,97.4098331818
1797.8901566228,97.8371240711
1798.6041717763,98.0750786545
1799.3181869299,97.0350832037
1800.0322020834,96.8862375558
1800.7462172370,97.6222785749
1801.4602323905,97.4498916173
1802.1742475441,96.8448027067
1802.8882626976,97.1515463629
1803.6022778511,97.7599780404
1804.3162930047,97.8734744142
1805.0303081582,97.6821394368
1805.7443233118,97.6981784288
1806.4583384653,97.8093140410
1807.1723536189,97.7148005390
1807.8863687724,97.4605311360
1808.6003839259,97.6242645640
1809.3143990795,98.0578542202
1810.0284142330,97.7021146145
1810.7424293866,96.9266496536
1811.4564445401,97.3727217438
1812.1704596937,97.6478898267
1812.8844748472,97.3844329058
1813.5984900008,97.7308484836
1814.3125051543,97.9580870007
1815.0265203078,97.6854023262
1815.7405354614,97.8143525807
1816.4545506149,97.8038196804
1817.1685657685,97.4030912195
1817.8825809220,97.4466787921
1818.5965960756,97.5849784101
1819.3106112291,97.6371298481
1820.0246263826,97.6702646196
1820.7386415362,97.5923132529
1821.4526566897,97.8702714816
1822.1666718433,97.8920567320
1822.8806869968,97.3352871586
1823.5947021504,97.7116109465
1824.3087173039,98.0812026982
1825.0227324575,96.5771601729
1825.7367476110,96.2340958629
1826.4507627645,97.6242995432
1827.1647779181,97.8758003386
1827.8787930716,97.4896350619
1828.5928082252,97.7514518689
1829.3068233787,97.4084539312
1830.0208385323,96.1121455037
1830.7348536858,96.8217720110
1831.4488688393,97.6820704747
1832.1628839929,97.6788507542
1832.8768991464,97.5554230304
1833.5909143000,97.6900274381
1834.3049294535,97.7582398245
1835.0189446071,97.8214043926
1835.7329597606,97.8384670770
1836.4469749141,97.6769042993
1837.1609900677,97.2687501375
1837.8750052212,97.1729885768
1838.5890203748,97.7505192614
1839.3030355283,97.8056026842
1840.0170506819,97.4699888794
1840.7310658354,97.9443171688
1841.4450809890,97.8103775674
1842.1590961425,97.1767024677
1842.8731112960,98.0397428179
1843.5871264496,98.1930733804
1844.3011416031,95.3538418413
1845.0151567567,96.2845900493
1845.7291719102,97.4926412187
1846.4431870638,97.5759386150
1847.1572022173,97.4506339508
1847.8712173708,97.1609622008
1848.5852325244,97.2987178256
1849.2992476779,97.9153407330
1850.0132628315,97.8925554758
1850.7272779850,97.7457149503
1851.4412931386,97.8495798447
1852.1553082921,97.6564671927
1852.8693234457,97.6667985234
1853.5833385992,97.8114545353
1854.2973537527,97.7880627020
1855.0113689063,97.8893035967
1855.7253840598,97.8078174891
1856.4393992134,97.6685881377
1857.1534143669,97.7590906917
1857.8674295205,97.6521556344
1858.5814446740,97.4839941458
1859.2954598275,97.5747291825
1860.0094749811,97.7852501413
1860.7234901346,97.7706942028
1861.4375052882,97.4800262201
1862.1515204417,97.5491590421
1862.8655355953,97.6672027203
1863.5795507488,97.4764364633
1864.2935659023,97.7210993354
1865.0075810559,97.8548000674
1865.7215962094,97.5382909914
1866.4356113630,97.6356748878
1867.1496265165,97.5562286587
1867.8636416701,97.2495731468
1868.5776568236,97.2125947291
1869.2916719772,96.5177221837
1870.0056871307,96.6543682451
1870.7197022842,97.5446771409
1871.4337174378,97.5931102993
1872.1477325913,97.5566148068
1872.8617477449,97.8185073103
1873.5757628984,97.5578406264
1874.2897780520,97.5692683321
1875.0037932055,97.8424539871
1875.7178083590,97.7044058762
1876.4318235126,97.6889171895
1877.1458386661,97.6825593853
1877.8598538197,97.6182080773
1878.5738689732,97.7388072429
1879.2878841268,97.6587951773
1880.0018992803,97.7099906180
1880.7159144339,97.9126197280
1881.4299295874,97.7328550768
1882.1439447409,97.6412948926
1882.8579598945,97.7664470290
1883.5719750480,97.7850070749
1884.2859902016,97.7020981197
1885.0000053551,97.5553720110
1885.7140205087,97.8101729844
1886.4280356622,97.9597191906
1887.1420508157,97.4732712119
1887.8560659693,97.6891842762
1888.5700811228,98.1288911208
1889.2840962764,97.1616263886
1889.9981114299,96.7427644472
1890.7121265835,97.6674909690
1891.4261417370,97.8423143249
1892.1401568905,97.5840498333
1892.8541720441,97.6842517380
1893.5681871976,97.7564609820
1894.2822023512,97.7728724767
1894.9962175047,97.5987299135
1895.7102326583,97.4540783286
1896.4242478118,97.8376342845
1897.1382629654,97.9158501654
1897.8522781189,97.5570486216
1898.5662932724,97.7004432932
1899.2803084260,97.8528589870
1899.9943235795,97.7469652561
1900.7083387331,97.9032644689
1901.4223538866,97.7565011578
1902.1363690402,97.4926948455
1902.8503841937,97.7298352817
1903.5643993472,97.6803707397
1904.2784145008,97.5371988740
1904.9924296543,97.7389017325
1905.7064448079,97.5758523501
1906.4204599614,97.5120804194
1907.1344751150,97.6547170861
1907.8484902685,97.3721482694
1908.5625054221,97.4693692963
1909.2765205756,97.6405163166
1909.9905357291,97.2889201276
1910.7045508827,97.5030556782
1911.4185660362,97.7528262078
1912.1325811898,97.5713940105
1912.8465963433,97.7253732225
1913.5606114969,97.7581375060
1914.2746266504,97.6932690490
1914.9886418039,97.6884954894
1915.7026569575,97.2509567121
1916.4166721110,97.5978893551
1917.1306872646,98.1263531205
1917.8447024181,96.7862469701
1918.5587175717,96.3767936980
1919.2727327252,97.5369370686
1919.9867478788,97.6055979575
1920.7007630323,97.4716206446
1921.4147781858,97.8277653933
1922.1287933394,97.4630484293
1922.8428084929,96.9583440185
1923.5568236465,97.2658540264
1924.2708388000,97.5697253239
1924.9848539536,97.6391705239
1925.6988691071,97.6319041628
1926.4128842606,97.6815686508
1927.1268994142,97.6591969901
1927.8409145677,97.4600751246
1928.5549297213,97.4973773250
1929.2689448748,97.7519212821
1929.9829600284,97.7787537629
1930.6969751819,97.6387143092
1931.4109903354,97.6067043086
1932.1250054890,97.6278515278
1932.8390206425,97.5094916547
1933.5530357961,97.4645967327
1934.2670509496,97.6328056533
1934.9810661032,97.6339837619
1935.6950812567,97.5699474490
1936.4090964103,97.7059630076
1937.1231115638,97.6698040093
1937.8371267173,97.4691561180
1938.5511418709,97.5362983216
1939.2651570244,97.6366801503
1939.9791721780,97.4853072635
1940.6931873315,97.6966022814
1941.4072024851,98.0383902995
1942.1212176386,97.0906256103
1942.8352327921,96.0949781613
1943.5492479457,97.2567607978
1944.2632630992,97.8885280082
1944.9772782528,97.2803291992
1945.6912934063,97.3692617238
1946.4053085599,97.7423052264
1947.1193237134,97.4932849762
1947.8333388670,97.4645825534
1948.5473540205,97.6205514457
1949.2613691740,97.6516704340
1949.9753843276,97.6613766780
1950.6893994811,97.6956335421
1951.4034146347,97.8219203925
1952.1174297882,97.7062552860
1952.8314449418,97.6533116193
1953.5454600953,97.8909112301
1954.2594752488,97.5767473624
1954.9734904024,97.1464907528
1955.6875055559,97.3375815914
1956.4015207095,97.5921346604
1957.1155358630,97.7611849845
1957.8295510166,97.6778830517
1958.5435661701,97.5855424007
1959.2575813236,97.8059023844
1959.9715964772,97.5564950326
1960.6856116307,97.5820582100
1961.3996267843,98.2333299153
1962.1136419378,97.7799793525
1962.8276570914,97.1635846185
1963.5416722449,97.5455944094
1964.2556873985,97.7264074543
1964.9697025520,97.6515427292
1965.6837177055,97.6494094891
1966.3977328591,97.9210694172
1967.1117480126,98.3272848904
1967.8257631662,97.8356897700
1968.5397783197,97.8641150433
1969.2537934733,98.3578682515
1969.9678086268,97.4584711051
1970.6818237803,97.2819949353
1971.3958389339,98.1257906776
1972.1098540874,97.6732301645
1972.8238692410,97.6091906586
1973.5378843945,98.0198510928
1974.2518995481,97.6414975111
1974.9659147016,98.1169013287
1975.6799298552,98.1358931699
1976.3939450087,97.0884988672
1977.1079601622,97.5553586325
1977.8219753158,98.0268807726
1978.5359904693,97.3875382867
1979.2500056229,97.4307406200
1979.9640207764,97.6269822436
1980.6780359300,97.6892931218
1981.3920510835,97.7372737270
1982.1060662370,97.3910184143
1982.8200813906,97.5160607807
1983.5340965441,98.0472551896
1984.2481116977,98.1422556757
1984.9621268512,98.0819301055
1985.6761420048,97.7980164662
1986.3901571583,97.3490272274
1987.1041723118,97.2393352873
1987.8181874654,97.3710688400
1988.5322026189,97.6241481524
1989.2462177725,97.6514872261
1989.9602329260,97.6278255320
1990.6742480796,98.1064213914
1991.3882632331,98.0982440071
1992.1022783867,97.3174765910
1992.8162935402,97.5870697828
1993.5303086937,98.1080145258
1994.2443238473,97.6748423891
1994.9583390008,97.3136403823
1995.6723541544,97.6155070439
1996.3863693079,98.1087994187
1997.1003844615,98.4134882904
1997.8143996150,98.0777466852
1998.5284147685,97.6618853977
1999.2424299221,98.0668409049
1999.9564450756,98.2748584550
2000.6704602292,97.5884102039
2001.3844753827,97.3119568886
2002.0984905363,97.7851031521
2002.8125056898,98.1921542745
2003.5265208434,98.3477228493
2004.2405359969,97.9565437761
2004.9545511504,97.2853444679
2005.6685663040,97.6485825823
2006.3825814575,98.4921814184
2007.0965966111,98.2093668907
2007.8106117646,97.8054330903
2008.5246269182,98.1113554944
2009.2386420717,97.9637153631
2009.9526572252,97.6349637632
2010.6666723788,98.0582264624
2011.3806875323,98.1743200381
2012.0947026859,97.7434099778
2012.8087178394,98.0406078905
2013.5227329930,98.3369536545
2014.2367481465,97.8127965496
2014.9507633000,97.7297070869
2015.6647784536,97.7104421418
2016.3787936071,96.9457312563
2017.0928087607,97.1413055610
2017.8068239142,98.1241008555
2018.5208390678,98.2565843559
2019.2348542213,98.3854752710
2019.9488693749,98.4157321791
2020.6628845284,97.8809119793
2021.3768996819,98.1015753056
2022.0909148355,98.4615098005
2022.8049299890,98.0732457697
2023.5189451426,98.1633073000
2024.2329602961,98.4016138397
2024.9469754497,98.3408308950
2025.6609906032,98.5209032162
2026.3750057567,98.2272232569
2027.0890209103,97.9489843437
2027.8030360638,98.2884744775
2028.5170512174,98.0898081950
2029.2310663709,98.0766850718
2029.9450815245,98.4564879759
2030.6590966780,97.8659408714
2031.3731118316,97.7351064012
2032.0871269851,98.4642802598
2032.8011421386,98.3140232561
2033.5151572922,98.1232374132
2034.2291724457,98.3282167531
2034.9431875993,98.1635730905
2035.6572027528,98.2656603869
2036.3712179064,98.1984853925
2037.0852330599,97.8539278891
2037.7992482134,98.3181597766
2038.5132633670,98.5818844860
2039.2272785205,97.9426435074
2039.9412936741,97.6733924287
2040.6553088276,97.8350286875
2041.3693239812,98.0051903101
2042.0833391347,98.1752278882
2042.7973542883,97.9645318354
2043.5113694418,97.6639182006
2044.2253845953,97.9814209785
2044.9393997489,98.3051634970
2045.6534149024,98.2479586197
2046.3674300560,98.5646132815
2047.0814452095,98.5459528295
2047.7954603631,97.8056155967
2048.5094755166,98.1065368154
2049.2234906701,98.6759423292
2049.9375058237,97.7162211372
2050.6515209772,97.2947422815
2051.3655361308,97.9171548197
2052.0795512843,97.9010071230
2052.7935664379,97.8901898880
2053.5075815914,98.0606901316
2054.2215967449,97.8712415239
2054.9356118985,98.1458777753
2055.6496270520,98.1955990471
2056.3636422056,97.7220481441
2057.0776573591,97.9935266895
2057.7916725127,98.1598027028
2058.5056876662,97.8464694428
2059.2197028198,98.1843342796
2059.9337179733,98.4274490246
2060.6477331268,98.0558431118
2061.3617482804,97.8264233697
2062.0757634339,97.8145866717
2062.7897785875,98.0304434523
2063.5037937410,98.2266720210
2064.2178088946,98.1305664613
2064.9318240481,98.0187994273
2065.6458392016,97.9892069726
2066.3598543552,98.2736399805
2067.0738695087,98.5345955896
2067.7878846623,98.0976398967
2068.5018998158,97.7901158850
2069.2159149694,98.0100577020
2069.9299301229,98.0829453819
2070.6439452765,98.0842631192
2071.3579604300,98.0033852480
2072.0719755835,97.8751397897
2072.7859907371,97.9489621038
2073.5000058906,97.8686540765
2074.2140210442,97.8880081053
2074.9280361977,98.0711899459
2075.6420513513,97.9197477709
2076.3560665048,97.9756009779
2077.0700816583,98.1576834907
2077.7840968119,97.9379153566
2078.4981119654,97.9534524086
2079.2121271190,98.0062684454
2079.9261422725,97.7881414258
2080.6401574261,97.9228563022
2081.3541725796,98.1180916711
2082.0681877331,98.1138819072
2082.7822028867,98.0267402198
2083.4962180402,97.6935749121
2084.2102331938,97.6882834960
2084.9242483473,97.8338179971
2085.6382635009,97.6306201540
2086.3522786544,97.9041131670
2087.0662938080,98.1701032251
2087.7803089615,97.6181256456
2088.4943241150,97.5452226400
2089.2083392686,97.9422070951
2089.9223544221,97.6937918664
2090.6363695757,97.4897851738
2091.3503847292,97.8293421749
2092.0643998828,97.9845073940
2092.7784150363,97.7516951567
2093.4924301898,97.6882810772
2094.2064453434,97.9662982115
2094.9204604969,97.9288044860
2095.6344756505,97.7147903694
2096.3484908040,97.9080621606
2097.0625059576,97.9206133056
2097.7765211111,97.8129726450
2098.4905362647,97.9654967240
2099.2045514182,97.7027195428
2099.9185665717,97.4227934249
2100.6325817253,97.6618942743
2101.3465968788,97.7867186921
2102.0606120324,97.8262982455
2102.7746271859,97.7256998273
2103.4886423395,97.5131456669
2104.2026574930,97.8385717030
2104.9166726465,97.8758665671
2105.6306878001,97.4732984984
2106.3447029536,97.8085960727
2107.0587181072,98.0319330410
2107.7727332607,97.7682306358
2108.4867484143,97.8874406285
2109.2007635678,97.7385066414
2109.9147787213,97.4734170666
2110.6287938749,97.6622365202
2111.3428090284,97.5445108889
2112.0568241820,97.4673382538
2112.7708393355,97.6639894857
2113.4848544891,97.6010005874
2114.1988696426,97.7540474390
2114.9128847962,97.7579270026
2115.6268999497,97.3798065205
2116.3409151032,97.4908509621
2117.0549302568,97.5430476673
2117.7689454103,97.3625817662
2118.4829605639,97.6257356878
2119.1969757174,97.7155218145
2119.9109908710,97.6565404658
2120.6250060245,97.7347181671
2121.3390211780,97.4388098763
2122.0530363316,97.2655042241
2122.7670514851,97.5042509449
2123.4810666387,97.6760222502
2124.1950817922,97.7809752098
2124.9090969458,97.7323878263
2125.6231120993,97.6751042992
2126.3371272529,97.6583858411
2127.0511424064,97.5994769034
2127.7651575599,97.8252212098
2128.4791727135,97.7036849537
2129.1931878670,97.4631809771
2129.9072030206,98.0897579388
2130.6212181741,98.0185293954
2131.3352333277,97.2606527175
2132.0492484812,97.6269048554
2132.7632636347,97.7841177866
2133.4772787883,97.4533979337
2134.1912939418,97.7987103635
2134.9053090954,97.6190372902
2135.6193242489,97.2256661546
2136.3333394025,97.5171014955
2137.0473545560,97.5350714265
2137.7613697095,97.3860873894
2138.4753848631,97.3153347349
2139.1894000166,97.3203084140
2139.9034151702,97.6457138629
2140.6174303237,97.8248819537
2141.3314454773,97.8264928878
2142.0454606308,97.4165146866
2142.7594757844,97.0567636591
2143.4734909379,97.7085070587
2144.1875060914,97.6693846951
2144.9015212450,97.2025809847
2145.6155363985,97.8003720196
2146.3295515521,97.4401482857
2147.0435667056,97.0142388562
2147.7575818592,97.9628227570
2148.4715970127,97.8832914600
2149.1856121662,97.7168396589
2149.8996273198,98.0312126340
2150.6136424733,97.2872754253
2151.3276576269,97.4657895844
2152.0416727804,98.1349772949
2152.7556879340,97.9960215842
2153.4697030875,98.4617388698
2154.1837182411,98.0497006057
2154.8977333946,96.9319472367
2155.6117485481,97.4694049498
2156.3257637017,98.0129474491
2157.0397788552,98.4019178860
2157.7537940088,98.6230954014
2158.4678091623,97.3070711989
2159.1818243159,97.0565642285
2159.8958394694,97.4649614610
2160.6098546229,97.0306986514
2161.3238697765,97.5283710680
2162.0378849300,98.1392491955
2162.7519000836,97.7146607500
2163.4659152371,97.2528372465
2164.1799303907,97.4877093355
2164.8939455442,98.1301846123
2165.6079606978,98.0308886223
2166.3219758513,97.9431231272
2167.0359910048,98.3201712755
2167.7500061584,97.8426042558
2168.4640213119,97.5200730197
2169.1780364655,97.8023989729
2169.8920516190,97.7474141225
2170.6060667726,98.0852765689
2171.3200819261,97.9598890157
2172.0340970796,97.3458333163
2172.7481122332,97.9764508632
2173.4621273867,98.2835042273
2174.1761425403,97.8841789837
2174.8901576938,98.0709144648
2175.6041728474,97.6991820790
2176.3181880009,97.3421036372
2177.0322031544,97.8707980586
2177.7462183080,97.7936348999
2178.4602334615,97.2904867984
2179.1742486151,97.4944513281
2179.8882637686,97.9296399477
2180.6022789222,97.6461599202
2181.3162940757,97.5468078980
2182.0303092293,98.2864734257
2182.7443243828,97.9631910876
2183.4583395363,97.3676833828
2184.1723546899,98.0060653980
2184.8863698434,97.7109269784
2185.6003849970,97.1976469285
2186.3144001505,97.8580578035
2187.0284153041,97.9715298130
2187.7424304576,98.0988107761
2188.4564456111,98.0800419052
2189.1704607647,97.2671522013
2189.8844759182,97.5762296703
2190.5984910718,97.9613483932
2191.3125062253,97.7020278321
2192.0265213789,97.9527923418
2192.7405365324,97.5774418647
2193.4545516860,97.3984748126
2194.1685668395,97.8973832853
2194.8825819930,97.6680716586
2195.5965971466,98.0570745882
2196.3106123001,98.1838145599
2197.0246274537,97.3260603953
2197.7386426072,97.9477000316
2198.4526577608,98.3729885012
2199.1666729143,97.8394753623
2199.8806880678,98.2346257285
2200.5947032214,98.1156832458
2201.3087183749,97.7941933057
2202.0227335285,98.1230868836
2202.7367486820,97.8860780243
2203.4507638356,98.0209662996
2204.1647789891,98.0362438762
2204.8787941426,97.4148539118
2205.5928092962,97.8153336141
2206.3068244497,97.9832739806
2207.0208396033,97.6308296202
2207.7348547568,97.8773038246
2208.4488699104,97.9108106404
2209.1628850639,98.0890863359
2209.8769002175,98.1039915966
2210.5909153710,97.6780824478
2211.3049305245,98.0383024612
2212.0189456781,98.0076858926
2212.7329608316,97.6905763478
2213.4469759852,97.9628117122
2214.1609911387,97.5099753216
2214.8750062923,97.6771735937
2215.5890214458,98.3995895530
2216.3030365993,97.8200868444
2217.0170517529,97.7094962592
2217.7310669064,98.0434409758
2218.4450820600,97.9725479511
2219.1590972135,98.2244613245
2219.8731123671,97.6309291988
2220.5871275206,97.3914203330
2221.3011426742,98.3138182846
2222.0151578277,97.8899575647
2222.7291729812,97.4398016348
2223.4431881348,97.9303773849
2224.1572032883,97.7449293873
2224.8712184419,97.8271417159
2225.5852335954,97.9395453754
2226.2992487490,97.5251061452
2227.0132639025,97.5885820513
2227.7272790560,97.4225523060
2228.4412942096,97.3640588477
2229.1553093631,97.6683939734
2229.8693245167,97.4244134325
2230.5833396702,97.4333540032
2231.2973548238,97.6499791741
2232.0113699773,97.6814507618
2232.7253851308,97.7655262312
2233.4394002844,97.4028146105
2234.1534154379,97.4617098469
2234.8674305915,97.7934267043
2235.5814457450,97.3798118742
2236.2954608986,97.5446358664
2237.0094760521,97.9227305424
2237.7234912057,97.8304119389
2238.4375063592,98.0231819582
2239.1515215127,97.6383367494
2239.8655366663,97.3635583985
2240.5795518198,97.8912640796
2241.2935669734,97.6523998233
2242.0075821269,97.5855980669
2242.7215972805,97.9588789984
2243.4356124340,97.6798644430
2244.1496275875,97.7405440298
2244.8636427411,97.6600878233
2245.5776578946,97.2863498572
2246.2916730482,97.6730603041
2247.0056882017,97.7168281275
2247.7197033553,97.6242644307
2248.4337185088,97.9888249809
2249.1477336624,97.9485769924
2249.8617488159,97.8636791477
2250.5757639694,97.7604947997
2251.2897791230,97.7307423252
2252.0037942765,98.1168560342
2252.7178094301,97.8495071546
2253.4318245836,97.6422636511
2254.1458397372,98.1137938545
2254.8598548907,97.8105751126
2255.5738700442,97.6445267431
2256.2878851978,97.9510127870
2257.0019003513,97.7359606188
2257.7159155049,97.8461557558
2258.4299306584,97.9614184351
2259.1439458120,97.8585527307
2259.8579609655,98.2278588457
2260.5719761190,98.2781334955
2261.2859912726,98.1254779230
2262.0000064261,98.0494942191
2262.7140215797,97.7205409283
2263.4280367332,97.9314638816
2264.1420518868,98.0133960413
2264.8560670403,97.7399588284
2265.5700821939,98.0085813981
2266.2840973474,98.0201914519
2266.9981125009,97.9466379388
2267.7121276545,98.0768545363
2268.4261428080,97.8814314961
2269.1401579616,98.0597500088
2269.8541731151,97.9851520332
2270.5681882687,97.6367331387
2271.2822034222,98.1949604558
2271.9962185757,98.2262699877
2272.7102337293,97.7631164885
2273.4242488828,97.9970204061
2274.1382640364,97.9334921666
2274.8522791899,97.9456700832
2275.5662943435,98.1359095882
2276.2803094970,97.8952632296
2276.9943246506,97.9897736695
2277.7083398041,97.9416609459
2278.4223549576,97.8126834366
2279.1363701112,97.9865498599
2279.8503852647,97.5628324308
2280.5644004183,97.6804191717
2281.2784155718,98.2044345447
2281.9924307254,97.8436072951
2282.7064458789,97.9119245644
2283.4204610324,98.0200457400
2284.1344761860,97.5630205046
2284.8484913395,97.8559311734
2285.5625064931,97.9917867751
2286.2765216466,97.7060264314
2286.9905368002,97.7504165117
2287.7045519537,97.5951873623
2288.4185671072,97.6864728789
2289.1325822608,97.7288186515
2289.8465974143,97.5544049601
2290.5606125679,97.9053576556
2291.2746277214,97.6940257676
2291.9886428750,97.4302193444
2292.7026580285,97.9815135701
2293.4166731821,97.7194869414
2294.1306883356,97.4122631551
2294.8447034891,97.8566096067
2295.5587186427,97.6736456434
2296.2727337962,97.4604795468
2296.9867489498,97.6583573955
2297.7007641033,97.6652822872
2298.4147792569,97.5915807531
2299.1287944104,97.6313557203
2299.8428095639,97.7995074675
2300.5568247175,97.4114800016
2301.2708398710,97.3580972943
2301.9848550246,98.0268810669
2302.6988701781,97.4660866411
2303.4128853317,97.4403657753
2304.1269004852,98.0970763822
2304.8409156388,96.8320873652
2305.5549307923,97.4138254714
2306.2689459458,98.4102489430
2306.9829610994,96.5213830426
2307.6969762529,97.4899689585
2308.4109914065,98.4211397675
2309.1250065600,96.3912492901
2309.8390217136,97.9070250850
2310.5530368671,98.2932539784
2311.2670520206,96.1236732042
2311.9810671742,98.1867477880
2312.6950823277,98.0876987962
2313.4090974813,96.2081071409
2314.1231126348,98.1869820388
2314.8371277884,97.3887455608
2315.5511429419,96.7829051904
2316.2651580955,98.6766977529
2316.9791732490,96.9830382130
2317.6931884025,96.9847736171
2318.4072035561,98.5436589126
2319.1212187096,96.6324420719
2319.8352338632,97.3585411026
2320.5492490167,98.1437404156
2321.2632641703,96.3712816210
2321.9772793238,97.6281639389
2322.6912944773,97.7017776990
2323.4053096309,96.5084713207
2324.1193247844,97.6180257868
2324.8333399380,97.0479817375
2325.5473550915,96.9773980670
2326.2613702451,97.9955004550
2326.9753853986,97.0160487241
2327.6894005521,97.3237040906
2328.4034157057,98.0348767723
2329.1174308592,97.1089604696
2329.8314460128,97.6361563042
2330.5454611663,97.6176216383
2331.2594763199,97.0305712433
2331.9734914734,97.8930591979
2332.6875066270,97.5491210554
2333.4015217805,97.3064434512
2334.1155369340,97.8542630414
2334.8295520876,97.3887383227
2335.5435672411,97.7528035655
2336.2575823947,97.9676676728
2336.9715975482,97.2381652304
2337.6856127018,97.7350770767
2338.3996278553,97.7652333064
2339.1136430088,97.4477905230
2339.8276581624,97.8876266728
2340.5416733159,97.5657404376
2341.2556884695,97.4931487182
2341.9697036230,97.7068482261
2342.6837187766,97.3858018141
2343.3977339301,97.5537963245
2344.1117490837,97.4325805397
2344.8257642372,97.1586775534
2345.5397793907,97.2855717948
2346.2537945443,97.0621953926
2346.9678096978,97.1259605105
2347.6818248514,96.9981109923
2348.3958400049,96.8526744858
2349.1098551585,97.4608314501
2349.8238703120,97.5804323301
2350.5378854655,97.4187953802
2351.2519006191,97.9202513228
2351.9659157726,97.6145542342
2352.6799309262,97.5839882607
2353.3939460797,98.1474641728
2354.1079612333,97.5571552207
2354.8219763868,97.5969673483
2355.5359915403,97.9115950540
2356.2500066939,97.5425704130
2356.9640218474,98.0625462181
2357.6780370010,97.8847557507
2358.3920521545,97.4372107813
2359.1060673081,98.1685988315
2359.8200824616,97.8751793573
2360.5340976152,97.7294291003
2361.2481127687,98.1810202984
2361.9621279222,97.5147667370
2362.6761430758,97.6331802248
2363.3901582293,98.1482252412
2364.1041733829,97.8330252344
2364.8181885364,97.8783400529
2365.5322036900,97.8272763772
2366.2462188435,97.7222754762
2366.9602339970,97.8672294077
2367.6742491506,97.7094178742
2368.3882643041,97.7666781744
2369.1022794577,97.6185535028
2369.8162946112,97.4453568779
2370.5303097648,97.8904897332
2371.2443249183,97.7609371684
2371.9583400719,97.4874920835
2372.6723552254,97.6891296152
2373.3863703789,97.5109103566
2374.1003855325,97.5054388355
2374.8144006860,97.6222961066
2375.5284158396,97.3702150261
2376.2424309931,97.3471026883
2376.9564461467,97.3663476076
2377.6704613002,97.3811794314
2378.3844764537,97.4342783615
2379.0984916073,97.2811192696
2379.8125067608,97.3929570950
2380.5265219144,97.4720707266
2381.2405370679,97.3169522441
2381.9545522215,97.4908877102
2382.6685673750,97.4940347200
2383.3825825285,97.3562166769
2384.0965976821,97.5282268642
2384.8106128356,97.5003829494
2385.5246279892,97.5065000933
2386.2386431427,97.6193290048
2386.9526582963,97.5159055627
2387.6666734498,97.6465844449
2388.3806886034,97.7113089786
2389.0947037569,97.6006954967
2389.8087189104,97.7395595910
2390.5227340640,97.6199842651
2391.2367492175,97.5278151116
2391.9507643711,97.7342540854
2392.6647795246,97.5001214272
2393.3787946782,97.4466865856
2394.0928098317,97.5374263032
2394.8068249852,97.5524041287
2395.5208401388,97.5753925171
2396.2348552923,97.6334468474
2396.9488704459,97.6250815164
2397.6628855994,97.6585331443
2398.3769007530,97.5634447781
2399.0909159065,97.4754181387
2399.8049310601,97.5266858819
2400.5189462136,97.4613103847
2401.2329613671,97.5468836879
2401.9469765207,97.5174217906
2402.6609916742,97.4622757994
2403.3750068278,97.6246908041
2404.0890219813,97.5136619305
2404.8030371349,97.5133884674
2405.5170522884,97.6788904190
2406.2310674419,97.4852290164
2406.9450825955,97.5031291356
2407.6590977490,97.5678977013
2408.3731129026,97.3540011464
2409.0871280561,97.4560156049
2409.8011432097,97.5031102328
2410.5151583632,97.3584604147
2411.2291735167,97.4567508835
2411.9431886703,97.5462010969
2412.6572038238,97.5805119091
2413.3712189774,97.4844964543
2414.0852341309,97.3448038524
2414.7992492845,97.4898494598
2415.5132644380,97.4929518817
2416.2272795916,97.4580069071
2416.9412947451,97.5276907385
2417.6553098986,97.3209676975
2418.3693250522,97.4256177684
2419.0833402057,97.7020938129
2419.7973553593,97.5433894014
2420.5113705128,97.5387256199
2421.2253856664,97.5348499222
2421.9394008199,97.3710652906
2422.6534159734,97.5382331229
2423.3674311270,97.5297231680
2424.0814462805,97.3602841571
2424.7954614341,97.4371973042
2425.5094765876,97.4512145207
2426.2234917412,97.4815074599
2426.9375068947,97.4302231337
2427.6515220483,97.3276926675
2428.3655372018,97.4771208931
2429.0795523553,97.4381864397
2429.7935675089,97.4216698235
2430.5075826624,97.6083453917
2431.2215978160,97.4614286823
2431.9356129695,97.4536502007
2432.6496281231,97.5852412727
2433.3636432766,97.3618595098
2434.0776584301,97.3305232135
2434.7916735837,97.3752617093
2435.5056887372,97.2508936881
2436.2197038908,97.2721410523
2436.9337190443,97.2715861306
2437.6477341979,97.3964681347
2438.3617493514,97.4985458986
2439.0757645050,97.3071353591
2439.7897796585,97.4159624238
2440.5037948120,97.5427906432
2441.2178099656,97.3524684628
2441.9318251191,97.3895944561
2442.6458402727,97.4128974672
2443.3598554262,97.3492061236
2444.0738705798,97.4084595454
2444.7878857333,97.3425320814
2445.5019008868,97.3895576657
2446.2159160404,97.4391236273
2446.9299311939,97.2993960194
2447.6439463475,97.4008396722
2448.3579615010,97.5002898808
2449.0719766546,97.4728124858
2449.7859918081,97.4954804785
2450.5000069616,97.3491899024
2451.2140221152,97.3413468365
2451.9280372687,97.4445742631
2452.6420524223,97.3447733365
2453.3560675758,97.3772845962
2454.0700827294,97.3378175471
2454.7840978829,97.2109788589
2455.4981130365,97.3784968691
2456.2121281900,97.4324532146
2456.9261433435,97.3798695533
2457.6401584971,97.3922823027
2458.3541736506,97.3074966057
2459.0681888042,97.3846449823
2459.7822039577,97.3568587530
2460.4962191113,97.2072885305
2461.2102342648,97.4362184946
2461.9242494183,97.4728687568
2462.6382645719,97.2894331322
2463.3522797254,97.4110584371
2464.0662948790,97.3618766505
2464.7803100325,97.2360668367
2465.4943251861,97.3236660909
2466.2083403396,97.3200486517
2466.9223554932,97.3892400373
2467.6363706467,97.4444471426
2468.3503858002,97.3192880514
2469.0644009538,97.3379379806
2469.7784161073,97.3978602577
2470.4924312609,97.3912277913
2471.2064464144,97.3568266975
2471.9204615680,97.3014624644
2472.6344767215,97.4145096611
2473.3484918750,97.4066603851
2474.0625070286,97.2505701803
2474.7765221821,97.3914598611
2475.4905373357,97.5119705814
2476.2045524892,97.4779856424
2476.9185676428,97.5139329582
2477.6325827963,97.3779864026
2478.3465979498,97.2490632965
2479.0606131034,97.3400463973
2479.7746282569,97.4021926493
2480.4886434105,97.4575188068
2481.2026585640,97.4984652367
2481.9166737176,97.4250242830
2482.6306888711,97.3364357980
2483.3447040247,97.3170626182
2484.0587191782,97.4040550002
2484.7727343317,97.3857074614
2485.4867494853,97.2721322576
2486.2007646388,97.3914497898
2486.9147797924,97.4861589901
2487.6287949459,97.3024665977
2488.3428100995,97.1899318643
2489.0568252530,97.3317142827
2489.7708404065,97.4974727726
2490.4848555601,97.4295721836
2491.1988707136,97.3399391655
2491.9128858672,97.4124676927
2492.6269010207,97.3597320081
2493.3409161743,97.2842500914
2494.0549313278,97.3441106865
2494.7689464814,97.3474404121
2495.4829616349,97.3780938478
2496.1969767884,97.3186337611
2496.9109919420,97.1772540140
2497.6250070955,97.3622575392
2498.3390222491,97.5385676416
2499.0530374026,97.4212561008
2499.7670525562,97.3475848639
2500.4810677097,97.3679668188
2501.1950828632,97.4318725858
2501.9090980168,97.3948603723
2502.6231131703,97.2435278019
2503.3371283239,97.2907687370
2504.0511434774,97.3530157974
2504.7651586310,97.3267062418
2505.4791737845,97.3716095116
2506.1931889380,97.3632034169
2506.9072040916,97.4526110788
2507.6212192451,97.5004063441
2508.3352343987,97.3151834302
2509.0492495522,97.3833315499
2509.7632647058,97.5042310171
2510.4772798593,97.4076517796
2511.1912950129,97.3911869284
2511.9053101664,97.2348321066
2512.6193253199,97.1993395669
2513.3333404735,97.4796160531
2514.0473556270,97.4445560338
2514.7613707806,97.3788118473
2515.4753859341,97.4117116390
2516.1894010877,97.2169452199
2516.9034162412,97.3151639181
2517.6174313947,97.4342549267
2518.3314465483,97.2705799918
2519.0454617018,97.4240985923
2519.7594768554,97.4600254046
2520.4734920089,97.1839003187
2521.1875071625,97.2319333645
2521.9015223160,97.3618434107
2522.6155374696,97.3779657851
2523.3295526231,97.3671932826
2524.0435677766,97.3063480746
2524.7575829302,97.3940130482
2525.4715980837,97.4251153566
2526.1856132373,97.3536668001
2526.8996283908,97.4378016498
2527.6136435444,97.4557249226
2528.3276586979,97.4102839343
2529.0416738514,97.3444333989
2529.7556890050,97.2179309990
2530.4697041585,97.3312997508
2531.1837193121,97.4514545198
2531.8977344656,97.3852735224
2532.6117496192,97.3481449786
2533.3257647727,97.2453911913
2534.0397799262,97.2871780649
2534.7537950798,97.4346444996
2535.4678102333,97.3610685873
2536.1818253869,97.4243114229
2536.8958405404,97.4740816386
2537.6098556940,97.2917948754
2538.3238708475,97.3436157018
2539.0378860011,97.3792810878
2539.7519011546,97.2708549437
2540.4659163081,97.2949589743
2541.1799314617,97.2625271420
2541.8939466152,97.3673109291
2542.6079617688,97.4711490779
2543.3219769223,97.2498638313
2544.0359920759,97.2506200835
2544.7500072294,97.3439426179
2545.4640223829,97.2771063129
2546.1780375365,97.4214388173
2546.8920526900,97.4101494041
2547.6060678436,97.2805672491
2548.3200829971,97.3963671249
2549.0340981507,97.3017672391
2549.7481133042,97.2275044377
2550.4621284578,97.4131753914
2551.1761436113,97.3609310474
2551.8901587648,97.2646091282
2552.6041739184,97.2939895285
2553.3181890719,97.2812789957
2554.0322042255,97.3173838318
2554.7462193790,97.2524617681
2555.4602345326,97.1822982948
2556.1742496861,97.2768553673
2556.8882648396,97.2905314816
2557.6022799932,97.3401603697
2558.3162951467,97.4483880402
2559.0303103003,97.3587300591
2559.7443254538,97.2707479543
2560.4583406074,97.2955302595
2561.1723557609,97.3379883898
2561.8863709144,97.3723762126
2562.6003860680,97.3435358354
2563.3144012215,97.3557231222
2564.0284163751,97.3871068871
2564.7424315286,97.3257693398
2565.4564466822,97.3041828912
2566.1704618357,97.3241929454
2566.8844769893,97.3109107550
2567.5984921428,97.2495472473
2568.3125072963,97.1854173160
2569.0265224499,97.2638188214
2569.7405376034,97.2871980352
2570.4545527570,97.1688006273
2571.1685679105,97.2150263719
2571.8825830641,97.3331378027
2572.5965982176,97.3796830314
2573.3106133711,97.3811240187
2574.0246285247,97.2691124200
2574.7386436782,97.2864133966
2575.4526588318,97.4065788439
2576.1666739853,97.3328180749
2576.8806891389,97.3319671582
2577.5947042924,97.4045188006
2578.3087194460,97.3384201609
2579.0227345995,97.3934428847
2579.7367497530,97.4440873311
2580.4507649066,97.3224116625
2581.1647800601,97.3386918317
2581.8787952137,97.3994925064
2582.5928103672,97.3451768307
2583.3068255208,97.3553342058
2584.0208406743,97.3642925240
2584.7348558278,97.3150977541
2585.4488709814,97.3749996958
2586.1628861349,97.4784523884
2586.8769012885,97.4480987090
2587.5909164420,97.3708856848
2588.3049315956,97.3547331326
2589.0189467491,97.3487238160
2589.7329619027,97.3647240725
2590.4469770562,97.3584329428
2591.1609922097,97.3102907533
2591.8750073633,97.4023639907
2592.5890225168,97.4602552278
2593.3030376704,97.2836251514
2594.0170528239,97.2184376175
2594.7310679775,97.2913601940
2595.4450831310,97.2769602557
2596.1590982845,97.3010322076
2596.8731134381,97.3225737159
2597.5871285916,97.3213836418
2598.3011437452,97.4106505300
2599.0151588987,97.4261160935
2599.7291740523,97.4023337973
2600.4431892058,97.4482647480
2601.1572043593,97.4301966772
2601.8712195129,97.4253605076
2602.5852346664,97.4507149363
2603.2992498200,97.4164247991
2604.0132649735,97.4233376610
2604.7272801271,97.4119360025
2605.4412952806,97.3895715931
2606.1553104342,97.4391270736
2606.8693255877,97.3820073112
2607.5833407412,97.3359032855
2608.2973558948,97.4738796074
2609.0113710483,97.5384975762
2609.7253862019,97.4851669822
2610.4394013554,97.4438311483
2611.1534165090,97.3886740104
2611.8674316625,97.3792736508
2612.5814468160,97.3910444887
2613.2954619696,97.3935862466
2614.0094771231,97.4727074413
2614.7234922767,97.5223002500
2615.4375074302,97.4883444288
2616.1515225838,97.4816372526
2616.8655377373,97.4663674543
2617.5795528909,97.4604221693
2618.2935680444,97.4969342516
2619.0075831979,97.4553749121
2619.7215983515,97.3826968544
2620.4356135050,97.3654868615
2621.1496286586,97.3462558493
2621.8636438121,97.3958277250
2622.5776589657,97.5143470371
2623.2916741192,97.5309219085
2624.0056892727,97.5020873344
2624.7197044263,97.5078091725
2625.4337195798,97.4912432640
2626.1477347334,97.4941183438
2626.8617498869,97.4835524180
2627.5757650405,97.4542587343
2628.2897801940,97.5231625966
2629.0037953475,97.4995762887
2629.7178105011,97.3371814525
2630.4318256546,97.4181588737
2631.1458408082,97.6167401736
2631.8598559617,97.5445944420
2632.5738711153,97.4201104450
2633.2878862688,97.4723371654
2634.0019014224,97.5162083407
2634.7159165759,97.4850550316
2635.4299317294,97.4949029412
2636.1439468830,97.5335876879
2636.8579620365,97.5158662274
2637.5719771901,97.4904268782
2638.2859923436,97.5491766786
2639.0000074972,97.6634688776
2639.7140226507,97.7178663044
2640.4280378042,97.6249288298
2641.1420529578,97.5188014833
2641.8560681113,97.5540152303
2642.5700832649,97.5836903922
2643.2840984184,97.5288549319
2643.9981135720,97.5180646900
2644.7121287255,97.5305384746
2645.4261438791,97.5165223022
2646.1401590326,97.5062542192
2646.8541741861,97.5243082802
2647.5681893397,97.5623666613
2648.2822044932,97.5341272849
2648.9962196468,97.5237471383
2649.7102348003,97.5865528916
2650.4242499539,97.5104126392
2651.1382651074,97.4454612521
2651.8522802609,97.5748825313
2652.5662954145,97.5775744400
2653.2803105680,97.4750469659
2653.9943257216,97.5024308247
2654.7083408751,97.5121045979
2655.4223560287,97.4949093263
2656.1363711822,97.5181088021
2656.8503863357,97.5215319284
2657.5644014893,97.5166635752
2658.2784166428,97.4585971195
2658.9924317964,97.4602435880
2659.7064469499,97.5919700788
2660.4204621035,97.5669099403
2661.1344772570,97.4562766699
2661.8484924106,97.4833692608
2662.5625075641,97.4736685765
2663.2765227176,97.4624070668
2663.9905378712,97.5446387459
2664.7045530247,97.5454798225
2665.4185681783,97.5033505064
2666.1325833318,97.5180115542
2666.8465984854,97.5361659736
2667.5606136389,97.5403753927
2668.2746287924,97.4933960932
2668.9886439460,97.4207245617
2669.7026590995,97.3903511882
2670.4166742531,97.3806463001
2671.1306894066,97.3957463886
2671.8447045602,97.3977801164
2672.5587197137,97.3338309954
2673.2727348673,97.2908505141
2673.9867500208,97.3272164575
2674.7007651743,97.3595144121
2675.4147803279,97.3128033434
2676.1287954814,97.2559825279
2676.8428106350,97.2487637490
2677.5568257885,97.2467820690
2678.2708409421,97.2827147906
2678.9848560956,97.3267913354
2679.6988712491,97.2996767093
2680.4128864027,97.2991309908
2681.1269015562,97.2958613764
2681.8409167098,97.2444515864
2682.5549318633,97.2636975503
2683.2689470169,97.2403991325
2683.9829621704,97.1777350378
2684.6969773239,97.2370138112
2685.4109924775,97.2139433434
2686.1250076310,97.1213764464
2686.8390227846,97.1835320136
2687.5530379381,97.2363297555
2688.2670530917,97.2253573225
2688.9810682452,97.2095789212
2689.6950833988,97.1223398759
2690.4090985523,97.0966643896
2691.1231137058,97.1515280024
2691.8371288594,97.1587416038
2692.5511440129,97.1494310277
2693.2651591665,97.0878775335
2693.9791743200,97.0222492487
2694.6931894736,97.0695878104
2695.4072046271,97.1111555456
2696.1212197806,97.0936489530
2696.8352349342,97.0610635935
2697.5492500877,97.0210237768
2698.2632652413,97.0417698884
2698.9772803948,97.0738069147
2699.6912955484,97.0535356068
2700.4053107019,97.0435607113
2701.1193258555,97.0355747593
2701.8333410090,97.0339465190
2702.5473561625,97.0480738542
2703.2613713161,97.0093849296
2703.9753864696,96.9613502431
2704.6894016232,96.9855516850
2705.4034167767,97.0330948761
2706.1174319303,97.0195008525
2706.8314470838,96.9677485811
2707.5454622373,96.9750611509
2708.2594773909,97.0391732454
2708.9734925444,97.0866085677
2709.6875076980,97.0635473918
2710.4015228515,96.9966826449
2711.1155380051,97.0008314553
2711.8295531586,97.0253928872
2712.5435683122,96.9927969322
2713.2575834657,96.9969795934
2713.9715986192,96.9784306866
2714.6856137728,96.9424586589
2715.3996289263,97.0195611300
2716.1136440799,97.0489967657
2716.8276592334,97.0154001366
2717.5416743870,97.0273888912
2718.2556895405,96.9619160489
2718.9697046940,96.9478990175
2719.6837198476,97.0338105070
2720.3977350011,96.9954961861
2721.1117501547,96.9905439232
2721.8257653082,97.0618115977
2722.5397804618,97.0065004505
2723.2537956153,96.9724211948
2723.9678107688,97.0270153366
2724.6818259224,97.0487744559
2725.3958410759,97.0077388735
2726.1098562295,96.9314301143
2726.8238713830,96.9749722893
2727.5378865366,97.0563315256
2728.2519016901,97.0041505310
2728.9659168437,97.0025013384
2729.6799319972,97.0245842044
2730.3939471507,96.9821650633
2731.1079623043,97.0389298395
2731.8219774578,97.0583626948
2732.5359926114,97.0037836504
2733.2500077649,97.0491093495
2733.9640229185,97.0257000567
2734.6780380720,96.9458673318
2735.3920532255,96.9889904257
2736.1060683791,97.0283736096
2736.8200835326,97.0412854753
2737.5340986862,97.0618374609
2738.2481138397,97.0155084254
2738.9621289933,96.9827650124
2739.6761441468,97.0044314491
2740.3901593004,97.0087652771
2741.1041744539,97.0264502157
2741.8181896074,97.0747259826
2742.5322047610,97.0448458462
2743.2462199145,96.9678844071
2743.9602350681,97.0574643266
2744.6742502216,97.1732444101
2745.3882653752,97.0696131361
2746.1022805287,97.0198691875
2746.8162956822,97.0952581276
2747.5303108358,97.0265858879
2748.2443259893,96.9927062107
2748.9583411429,97.0710923473
2749.6723562964,97.0049733737
2750.3863714500,96.9230742855
2751.1003866035,96.9977535008
2751.8144017570,97.0587372775
2752.5284169106,97.0041582732
2753.2424320641,96.9596456339
2753.9564472177,97.0015585323
2754.6704623712,97.0089115188
2755.3844775248,96.9892154672
2756.0984926783,97.0365682883
2756.8125078319,97.0170993213
2757.5265229854,96.9549508937
2758.2405381389,97.0008916754
2758.9545532925,97.0445670493
2759.6685684460,97.0308816410
2760.3825835996,96.9897637983
2761.0965987531,96.9398573170
2761.8106139067,96.9896596805
2762.5246290602,97.0529226856
2763.2386442137,97.0156191189
2763.9526593673,96.9915850597
2764.6666745208,97.0150353859
2765.3806896744,97.0473299702
2766.0947048279,97.0515983336
2766.8087199815,97.0040975681
2767.5227351350,96.9825966437
2768.2367502886,96.9850584852
2768.9507654421,97.0075491079
2769.6647805956,97.0703326417
2770.3787957492,97.0420745657
2771.0928109027,96.9563745552
2771.8068260563,96.9693922397
2772.5208412098,97.0245382096
2773.2348563634,97.0258559252
2773.9488715169,96.9732704935
2774.6628866704,96.9715476916
2775.3769018240,97.0086385315
2776.0909169775,96.9495955314
2776.8049321311,96.9545936048
2777.5189472846,97.0342529250
2778.2329624382,96.9658466743
2778.9469775917,96.9457714070
2779.6609927452,97.0108494826
2780.3750078988,96.9641954340
2781.0890230523,96.9736365458
2781.8030382059,96.9911131657
2782.5170533594,96.9149336219
2783.2310685130,96.9479940081
2783.9450836665,96.9827216276
2784.6590988201,96.9682737235
2785.3731139736,97.0359207013
2786.0871291271,97.0245002288
2786.8011442807,96.9617904391
2787.5151594342,96.9778107903
2788.2291745878,96.9877060944
2788.9431897413,97.0131271089
2789.6572048949,96.9923538191
2790.3712200484,96.9004170988
2791.0852352019,96.9136620413
2791.7992503555,96.9665756049
2792.5132655090,96.9808274840
2793.2272806626,97.0095900145
2793.9412958161,96.9977554151
2794.6553109697,96.9832557915
2795.3693261232,96.9980538997
2796.0833412768,96.9969521221
2796.7973564303,97.0042457627
2797.5113715838,96.9582440507
2798.2253867374,96.8880255672
2798.9394018909,96.9233124382
2799.6534170445,96.9598955892
2800.3674321980,96.9182910255
2801.0814473516,96.8949690315
2801.7954625051,96.9061644122
2802.5094776586,96.8985842472
2803.2234928122,96.8892736943
2803.9375079657,96.9212250355
2804.6515231193,96.9331109805
2805.3655382728,96.9105657120
2806.0795534264,96.9101588659
2806.7935685799,96.8741457697
2807.5075837334,96.8581987461
2808.2215988870,96.9027994020
2808.9356140405,96.8759374077
2809.6496291941,96.9011701910
2810.3636443476,96.9863970817
2811.0776595012,96.9300607199
2811.7916746547,96.9164814612
2812.5056898083,96.9726771945
2813.2197049618,96.9398178690
2813.9337201153,96.9519743641
2814.6477352689,96.9291922729
2815.3617504224,96.8858367687
2816.0757655760,96.9773607981
2816.7897807295,96.9088433935
2817.5037958831,96.7812520134
2818.2178110366,96.8812358862
2818.9318261901,96.9061954956
2819.6458413437,96.9143678196
2820.3598564972,96.9983092255
2821.0738716508,96.8471885571
2821.7878868043,96.7687858547
2822.5019019579,96.9457530215
2823.2159171114,96.9551295039
2823.9299322650,96.8927362072
2824.6439474185,96.9454000922
2825.3579625720,96.9220453251
2826.0719777256,96.8655542176
2826.7859928791,96.8644837354
2827.5000080327,96.8683428572
2828.2140231862,96.8809197256
2828.9280383398,96.8873748148
2829.6420534933,96.8872084336
2830.3560686468,96.8932945641
2831.0700838004,96.8879454770
2831.7840989539,96.8616071435
2832.4981141075,96.8086123771
2833.2121292610,96.7857502073
2833.9261444146,96.8051243087
2834.6401595681,96.7828554176
2835.3541747217,96.7424590163
2836.0681898752,96.7470647365
2836.7822050287,96.7642656100
2837.4962201823,96.7595202497
2838.2102353358,96.7344889946
2838.9242504894,96.7108757046
2839.6382656429,96.7132286992
2840.3522807965,96.7256666075
2841.0662959500,96.6831464430
2841.7803111035,96.5796954416
2842.4943262571,96.5276276981
2843.2083414106,96.5518026996
2843.9223565642,96.5484602696
2844.6363717177,96.5057999479
2845.3503868713,96.4889594396
2846.0644020248,96.5077207817
2846.7784171783,96.4955218497
2847.4924323319,96.4473551752
2848.2064474854,96.4426121904
2848.9204626390,96.4473575906
2849.6344777925,96.4971572217
2850.3484929461,96.6413855021
2851.0625080996,96.6439577184
2851.7765232532,96.5856631874
2852.4905384067,96.7455392776
2853.2045535602,96.8599736233
2853.9185687138,96.8589381380
2854.6325838673,97.0018224122
2855.3465990209,97.1180586251
2856.0606141744,97.1293556100
2856.7746293280,97.2345867790
2857.4886444815,97.4051892113
2858.2026596350,97.5623193269
2858.9166747886,97.6673922180
2859.6306899421,97.7387292637
2860.3447050957,97.8922431514
2861.0587202492,98.1234555689
2861.7727354028,98.3399323343
2862.4867505563,98.4459188554
2863.2007657099,98.5029334075
2863.9147808634,98.6809358417
2864.6287960169,98.8332998941
2865.3428111705,98.8554993883
2866.0568263240,98.9479406890
2866.7708414776,99.0861208661
2867.4848566311,99.2054332263
2868.1988717847,99.3555047010
2868.9128869382,99.4603120011
2869.6269020917,99.5886944782
2870.3409172453,99.7566297345
2871.0549323988,99.8245209421
2871.7689475524,99.9165170699
2872.4829627059,100.0322043651
2873.1969778595,100.0216005985
2873.9109930130,100.0395903003
2874.6250081665,100.1293329014
2875.3390233201,100.2127522266
2876.0530384736,100.3737054436
2876.7670536272,100.5720758077
2877.4810687807,100.7681254553
2878.1950839343,101.0532204798
2878.9090990878,101.3963528036
2879.6231142414,101.7033772257
2880.3371293949,102.0113046565
2881.0511445484,102.4495411013
2881.7651597020,102.9911374541
2882.4791748555,103.4121679528
2883.1931900091,103.5138488392
2883.9072051626,103.2764127509
2884.6212203162,103.0132791451
2885.3352354697,103.0340716990
2886.0492506232,103.0765265148
2886.7632657768,103.0782171014
2887.4772809303,103.3689327400
2888.1912960839,103.5652155226
2888.9053112374,103.4071587789
2889.6193263910,103.3719119266
2890.3333415445,103.3651135605
2891.0473566981,103.1656299375
2891.7613718516,102.9889391269
2892.4753870051,102.7912177842
2893.1894021587,102.6220634120
2893.9034173122,102.4952253709
2894.6174324658,102.2484957629
2895.3314476193,102.1587364750
2896.0454627729,102.1851419568
2896.7594779264,102.0150798207
2897.4734930799,101.9505696935
2898.1875082335,101.9927811915
2898.9015233870,101.8367778491
2899.6155385406,101.7461723360
2900.3295536941,101.8097463070
2901.0435688477,101.7786940428
2901.7575840012,101.6891046007
2902.4715991547,101.6936775584
2903.1856143083,101.7954018725
2903.8996294618,101.7450322702
2904.6136446154,101.5094340934
2905.3276597689,101.4677507829
2906.0416749225,101.5159329224
2906.7556900760,101.4131207310
2907.4697052296,101.3938412118
2908.1837203831,101.3179806336
2908.8977355366,101.0493054559
2909.6117506902,100.9892967253
2910.3257658437,101.0262089373
2911.0397809973,100.8963353649
2911.7537961508,100.8670685514
2912.4678113044,100.8555169620
2913.1818264579,100.6819511664
2913.8958416114,100.5979656082
2914.6098567650,100.5849536581
2915.3238719185,100.4716775389
2916.0378870721,100.3199360986
2916.7519022256,100.2203363313
2917.4659173792,100.2258890317
2918.1799325327,100.1692046768
2918.8939476863,100.0371492372
2919.6079628398,100.0823027702
2920.3219779933,100.0640753915
2921.0359931469,99.9382562225
2921.7500083004,100.0888829478
2922.4640234540,100.2088457183
2923.1780386075,100.1986291721
2923.8920537611,100.4087235208
2924.6060689146,100.5022576405
2925.3200840681,100.4579112718
2926.0340992217,100.6290860368
2926.7481143752,100.7625125262
2927.4621295288,100.8959983509
2928.1761446823,101.1426256393
2928.8901598359,101.2265998361
2929.6041749894,101.3600907074
2930.3181901429,101.6320517425
2931.0322052965,101.7208595314
2931.7462204500,101.6995137363
2932.4602356036,101.6434220694
2933.1742507571,101.5718793965
2933.8882659107,101.5892916610
2934.6022810642,101.5711764890
2935.3162962178,101.6037473306
2936.0303113713,101.7547055285
2936.7443265248,101.8521255085
2937.4583416784,102.0244182844
2938.1723568319,102.2187764710
2938.8863719855,102.2861047159
2939.6003871390,102.4184372981
2940.3144022926,102.4528077245
2941.0284174461,102.3786677071
2941.7424325996,102.5596858205
2942.4564477532,102.7586322398
2943.1704629067,102.9137706831
2943.8844780603,103.2911604874
2944.5984932138,103.6180303895
2945.3125083674,103.9350547122
2946.0265235209,104.3911108889
2946.7405386745,104.6365840584
2947.4545538280,104.9166063780
2948.1685689815,105.3775636585
2948.8825841351,105.5783830825
2949.5965992886,105.8288608027
2950.3106144422,106.2356845810
2951.0246295957,106.3832403391
2951.7386447493,106.6453018367
2952.4526599028,107.1102629925
2953.1666750563,107.4227622324
2953.8806902099,107.7930541873
2954.5947053634,108.1581077857
2955.3087205170,108.4621123443
2956.0227356705,108.8958859618
2956.7367508241,109.1262055658
2957.4507659776,109.2994141537
2958.1647811312,109.7726993916
2958.8787962847,110.1329702084
2959.5928114382,110.3779642052
2960.3068265918,110.7855195225
2961.0208417453,111.2233409467
2961.7348568989,111.6614125177
2962.4488720524,111.9992975819
2963.1628872060,112.3725055129
2963.8769023595,113.1016683782
2964.5909175130,113.8868657649
2965.3049326666,114.5395425195
2966.0189478201,115.0567028092
2966.7329629737,115.3260983977
2967.4469781272,115.7665607854
2968.1609932808,116.2296114957
2968.8750084343,116.7804635876
2969.5890235878,119.3067589202
2970.3030387414,123.5384316077
2971.0170538949,124.0676682512
2971.7310690485,120.9679607790
2972.4450842020,119.6019592821
2973.1590993556,119.7232515335
2973.8731145091,119.3554707487
2974.5871296627,119.2836981292
2975.3011448162,119.8563196938
2976.0151599697,120.4002790313
2976.7291751233,121.4877985647
2977.4431902768,122.9707890532
2978.1572054304,124.1811373912
2978.8712205839,126.2356151451
2979.5852357375,128.4272280183
2980.2992508910,128.9217453023
2981.0132660445,130.8453507363
2981.7272811981,133.9455268767
2982.4412963516,129.2723253421
2983.1553115052,121.3812081782
2983.8693266587,118.0597967102
2984.5833418123,117.0711198862
2985.2973569658,116.2690265312
2986.0113721194,115.9517868487
2986.7253872729,115.4816022664
2987.4394024264,114.6665140325
2988.1534175800,114.3375336219
2988.8674327335,114.1383206755
2989.5814478871,113.9011360842
2990.2954630406,113.8572135174
2991.0094781942,113.5913673485
2991.7234933477,113.2117485753
2992.4375085012,112.8927967864
2993.1515236548,112.4300763089
2993.8655388083,112.1158668383
2994.5795539619,111.8813732269
2995.2935691154,111.4138263513
2996.0075842690,111.0743436439
2996.7215994225,110.8874568407
2997.4356145760,110.4252076677
2998.1496297296,109.8613540052
2998.8636448831,109.4969967243
2999.5776600367,108.9914607155
3000.2916751902,108.1999463212
3001.0056903438,107.5767385689
3001.7197054973,107.0426924079
3002.4337206509,106.3400096863
3003.1477358044,105.7480581574
3003.8617509579,105.1568841925
3004.5757661115,104.4064021225
3005.2897812650,103.7844781902
3006.0037964186,103.2234790929
3006.7178115721,102.6269483179
3007.4318267257,102.0954283948
3008.1458418792,101.5758376755
3008.8598570327,101.1286956545
3009.5738721863,100.7473282263
3010.2878873398,100.3157380736
3011.0019024934,99.9070262802
3011.7159176469,99.5279102150
3012.4299328005,99.1407563829
3013.1439479540,98.8260031877
3013.8579631076,98.6092345556
3014.5719782611,98.4184570826
3015.2859934146,98.1996973411
3016.0000085682,98.0093873968
3016.7140237217,97.8377776995
3017.4280388753,97.6394390775
3018.1420540288,97.5163696550
3018.8560691824,97.4281415688
3019.5700843359,97.2959916662
3020.2840994894,97.2072408424
3020.9981146430,97.1174772640
3021.7121297965,97.0269382060
3022.4261449501,97.0083713874
3023.1401601036,96.9387003272
3023.8541752572,96.8159822128
3024.5681904107,96.7413068219
3025.2822055642,96.6799193394
3025.9962207178,96.6302534569
3026.7102358713,96.6162859930
3027.4242510249,96.6580681897
3028.1382661784,96.7179441070
3028.8522813320,96.6788080963
3029.5662964855,96.5894716834
3030.2803116391,96.5700264733
3030.9943267926,96.5820251230
3031.7083419461,96.5069084874
3032.4223570997,96.4138728500
3033.1363722532,96.4920981196
3033.8503874068,96.5294668897
3034.5644025603,96.3467066091
3035.2784177139,96.2898558633
3035.9924328674,96.3569762924
3036.7064480209,96.3362535990
3037.4204631745,96.3540709845
3038.1344783280,96.3306751271
3038.8484934816,96.2775340312
3039.5625086351,96.3336348671
3040.2765237887,96.3147105431
3040.9905389422,96.2905587290
3041.7045540958,96.3281689858
3042.4185692493,96.2937526136
3043.1325844028,96.3151852475
3043.8465995564,96.2513959262
3044.5606147099,96.1070462019
3045.2746298635,96.2048790995
3045.9886450170,96.2223847918
3046.7026601706,96.1087494501
3047.4166753241,96.1798433060
3048.1306904776,96.1664061424
3048.8447056312,96.1274508397
3049.5587207847,96.1787696214
3050.2727359383,96.0714928262
3050.9867510918,96.0487926660
3051.7007662454,96.1071798512
3052.4147813989,96.0665830425
3053.1287965524,96.1431881298
3053.8428117060,96.1351474580
3054.5568268595,96.0555110578
3055.2708420131,96.1322762316
3055.9848571666,96.0296257628
3056.6988723202,95.9200781306
3057.4128874737,96.0121505148
3058.1269026273,95.9635909753
3058.8409177808,95.9566386033
3059.5549329343,95.9859190157
3060.2689480879,95.8605763656
3060.9829632414,95.9060585284
3061.6969783950,95.9514371390
3062.4109935485,95.8799890019
3063.1250087021,95.9817490663
3063.8390238556,95.9305729705
3064.5530390091,95.7657734304
3065.2670541627,95.9324820699
3065.9810693162,96.0323070398
3066.6950844698,95.8248719294
3067.4090996233,95.7202311706
3068.1231147769,95.8305571059
3068.8371299304,95.9135609897
3069.5511450840,95.8420598449
3070.2651602375,95.7723981506
3070.9791753910,95.8081000248
3071.6931905446,95.8308093535
3072.4072056981,95.8304152180
3073.1212208517,95.8323651805
3073.8352360052,95.7856156576
3074.5492511588,95.7193496543
3075.2632663123,95.7351956196
3075.9772814658,95.7942309272
3076.6912966194,95.6858186885
3077.4053117729,95.5769077626
3078.1193269265,95.7199170489
3078.8333420800,95.7606494351
3079.5473572336,95.6369332437
3080.2613723871,95.6861243692
3080.9753875406,95.7524889080
3081.6894026942,95.7065791218
3082.4034178477,95.6164229719
3083.1174330013,95.5151468956
3083.8314481548,95.5698720730
3084.5454633084,95.6538515376
3085.2594784619,95.6595563870
3085.9734936155,95.7131234980
3086.6875087690,95.6304632781
3087.4015239225,95.5341382246
3088.1155390761,95.6260195784
3088.8295542296,95.5789735224
3089.5435693832,95.5357740103
3090.2575845367,95.6551690712
3090.9715996903,95.6034902400
3091.6856148438,95.5998300741
3092.3996299973,95.7129636030
3093.1136451509,95.5538176619
3093.8276603044,95.4454631694
3094.5416754580,95.6332079721
3095.2556906115,95.6544457126
3095.9697057651,95.4722098246
3096.6837209186,95.4632618653
3097.3977360722,95.5223638551
3098.1117512257,95.4383111197
3098.8257663792,95.4318784668
3099.5397815328,95.5021133490
3100.2537966863,95.3972027075
3100.9678118399,95.3513801215
3101.6818269934,95.4221001189
3102.3958421470,95.3089871066
3103.1098573005,95.2518336068
3103.8238724540,95.3895381496
3104.5378876076,95.3801315569
3105.2519027611,95.2855116730
3105.9659179147,95.3523140949
3106.6799330682,95.4300678618
3107.3939482218,95.3525319115
3108.1079633753,95.3148538998
3108.8219785289,95.3928043788
3109.5359936824,95.3328118931
3110.2500088359,95.2570906838
3110.9640239895,95.3305454962
3111.6780391430,95.2977155428
3112.3920542966,95.2453562252
3113.1060694501,95.2642586615
3113.8200846037,95.2148541168
3114.5340997572,95.2859984354
3115.2481149107,95.3036125832
3115.9621300643,95.1184630773
3116.6761452178,95.1597623008
3117.3901603714,95.2299316354
3118.1041755249,95.1303816973
3118.8181906785,95.1613681706
3119.5322058320,95.1167892476
3120.2462209855,95.0556784123
3120.9602361391,95.2375269748
3121.6742512926,95.2537525846
3122.3882664462,95.0735919558
3123.1022815997,95.0466020806
3123.8162967533,95.1040636620
3124.5303119068,95.1148542026
3125.2443270604,95.0648128757
3125.9583422139,95.0982347927
3126.6723573674,95.1423681306
3127.3863725210,94.9771875903
3128.1003876745,94.9372976179
3128.8144028281,95.0907741163
3129.5284179816,95.0908563446
3130.2424331352,95.0336495808
3130.9564482887,94.9879986739
3131.6704634422,94.9993873658
3132.3844785958,95.0953344869
3133.0984937493,94.9584888434
3133.8125089029,94.8097759722
3134.5265240564,94.9351538496
3135.2405392100,95.0074430294
3135.9545543635,95.0132895938
3136.6685695171,95.0064943636
3137.3825846706,94.9468610866
3138.0965998241,95.0078926662
3138.8106149777,95.0007156387
3139.5246301312,94.8571739989
3140.2386452848,94.8235325965
3140.9526604383,94.8383143834
3141.6666755919,94.8951125749
3142.3806907454,94.9006909673
3143.0947058989,94.7819749578
3143.8087210525,94.8015931328
3144.5227362060,94.8220209925
3145.2367513596,94.8014078914
3145.9507665131,94.9314338434
3146.6647816667,94.8679861162
3147.3787968202,94.7193647223
3148.0928119737,94.8206180444
3148.8068271273,94.8148072677
3149.5208422808,94.7180851242
3150.2348574344,94.7372423141
3150.9488725879,94.7172525326
3151.6628877415,94.7199821207
3152.3769028950,94.7081123711
3153.0909180486,94.6588704286
3153.8049332021,94.7277732033
3154.5189483556,94.7456147562
3155.2329635092,94.6913750952
3155.9469786627,94.6611082234
3156.6609938163,94.5746001025
3157.3750089698,94.6193286963
3158.0890241234,94.7583051821
3158.8030392769,94.7074578577
3159.5170544304,94.6193392008
3160.2310695840,94.6283988595
3160.9450847375,94.6654495098
3161.6590998911,94.7003725929
3162.3731150446,94.6218783758
3163.0871301982,94.5044036437
3163.8011453517,94.5606386233
3164.5151605053,94.6682119824
3165.2291756588,94.6241150499
3165.9431908123,94.5884475085
3166.6572059659,94.6717170875
3167.3712211194,94.6363722805
3168.0852362730,94.5193733629
3168.7992514265,94.5275133355
3169.5132665801,94.5440959787
3170.2272817336,94.5685361835
3170.9412968871,94.5931325734
3171.6553120407,94.5464431597
3172.3693271942,94.6270759629
3173.0833423478,94.6292743756
3173.7973575013,94.4217763032
3174.5113726549,94.4661773773
3175.2253878084,94.5815154732
3175.9394029619,94.5073406585
3176.6534181155,94.5482307954
3177.3674332690,94.5520708751
3178.0814484226,94.4675008669
3178.7954635761,94.5155901595
3179.5094787297,94.5064498402
3180.2234938832,94.4653455309
3180.9375090368,94.4925326343
3181.6515241903,94.5201067464
3182.3655393438,94.5426512515
3183.0795544974,94.4238709934
3183.7935696509,94.3804669418
3184.5075848045,94.5112876626
3185.2215999580,94.4139128901
3185.9356151116,94.3147166125
3186.6496302651,94.3332840710
3187.3636454186,94.2492382064
3188.0776605722,94.4025214505
3188.7916757257,94.5042476696
3189.5056908793,94.2700806902
3190.2197060328,94.3214295045
3190.9337211864,94.4239508505
3191.6477363399,94.2690647597
3192.3617514935,94.3055867682
3193.0757666470,94.3622055896
3193.7897818005,94.3292276488
3194.5037969541,94.3505660437
3195.2178121076,94.2474744724
3195.9318272612,94.2873347946
3196.6458424147,94.4852162860
3197.3598575683,94.3730597071
3198.0738727218,94.1856198780
3198.7878878753,94.2369605639
3199.5019030289,94.2981124377
3200.2159181824,94.2445295281
3200.9299333360,94.2284697266
3201.6439484895,94.2760109153
3202.3579636431,94.2043683042
3203.0719787966,94.1884950047
3203.7859939501,94.2863373818
3204.5000091037,94.1138910381
3205.2140242572,93.9646397685
3205.9280394108,94.0931836136
3206.6420545643,94.0871509488
3207.3560697179,94.0960171460
3208.0700848714,94.2004688989
3208.7841000250,94.1147577883
3209.4981151785,94.0565828221
3210.2121303320,94.0183261866
3210.9261454856,93.9281801168
3211.6401606391,93.9951173620
3212.3541757927,94.0201369225
3213.0681909462,94.0077431013
3213.7822060998,94.0649632067
3214.4962212533,93.9604222982
3215.2102364068,93.8993786989
3215.9242515604,93.9825686334
3216.6382667139,94.0082158109
3217.3522818675,94.0630498852
3218.0662970210,94.0382146282
3218.7803121746,93.8900733877
3219.4943273281,93.8037107680
3220.2083424817,93.7401476724
3220.9223576352,93.8266621076
3221.6363727887,93.9560087990
3222.3503879423,93.8347914448
3223.0644030958,93.7840846924
3223.7784182494,93.8354335290
3224.4924334029,93.7182962981
3225.2064485565,93.7215810349
3225.9204637100,93.8665326066
3226.6344788635,93.8224863942
3227.3484940171,93.6518383280
3228.0625091706,93.5957847671
3228.7765243242,93.7007433503
3229.4905394777,93.7159561218
3230.2045546313,93.6198107600
3230.9185697848,93.7211841609
3231.6325849384,93.7923226859
3232.3466000919,93.5632598062
3233.0606152454,93.4299029388
3233.7746303990,93.5449160167
3234.4886455525,93.6426981162
3235.2026607061,93.6745438756
3235.9166758596,93.6416972250
3236.6306910132,93.5188336906
3237.3447061667,93.4389280556
3238.0587213202,93.4650659240
3238.7727364738,93.5322652870
3239.4867516273,93.5413681036
3240.2007667809,93.4141847377
3240.9147819344,93.4152572665
3241.6287970880,93.6330804905
3242.3428122415,93.5513621981
3243.0568273950,93.3675327807
3243.7708425486,93.5690365697
3244.4848577021,93.5305217722
3245.1988728557,93.2286518479
3245.9128880092,93.3141540051
3246.6269031628,93.3144948684
3247.3409183163,93.2163699699
3248.0549334699,93.4196767018
3248.7689486234,93.3737514366
3249.4829637769,93.1872862507
3250.1969789305,93.2209253603
3250.9109940840,93.1231483852
3251.6250092376,93.0865332900
3252.3390243911,93.1312387130
3253.0530395447,93.0595160175
3253.7670546982,93.1921455092
3254.4810698517,93.2183537376
3255.1950850053,93.0589289302
3255.9091001588,93.1457653258
3256.6231153124,93.0908541360
3257.3371304659,93.0095020264
3258.0511456195,93.1680376445
3258.7651607730,92.9992252492
3259.4791759266,92.8868893499
3260.1931910801,93.1110543796
3260.9072062336,92.9666700071
3261.6212213872,92.8105619843
3262.3352365407,92.9582713679
3263.0492516943,92.8761438435
3263.7632668478,92.8142902145
3264.4772820014,92.9811865725
3265.1912971549,93.0189717240
3265.9053123084,93.0320147399
3266.6193274620,93.0187686576
3267.3333426155,92.7784420198
3268.0473577691,92.6582897625
3268.7613729226,92.8229545079
3269.4753880762,92.8894468144
3270.1894032297,92.8319453904
3270.9034183832,92.8507686529
3271.6174335368,92.8183177279
3272.3314486903,92.7836102688
3273.0454638439,92.8058620285
3273.7594789974,92.7160844708
3274.4734941510,92.7659927786
3275.1875093045,92.8998182415
3275.9015244581,92.6948719116
3276.6155396116,92.6466943335
3277.3295547651,92.9165653115
3278.0435699187,92.8143319473
3278.7575850722,92.6896972927
3279.4716002258,92.9453628145
3280.1856153793,92.9552095747
3280.8996305329,92.7403709880
3281.6136456864,92.7698081743
3282.3276608399,92.8099049894
3283.0416759935,92.7541097374
3283.7556911470,92.8293466745
3284.4697063006,92.8712635602
3285.1837214541,92.7468217124
3285.8977366077,92.7279592696
3286.6117517612,92.8395544123
3287.3257669148,92.8651336806
3288.0397820683,92.8283716262
3288.7537972218,92.7772994827
3289.4678123754,92.8069865387
3290.1818275289,92.9471514131
3290.8958426825,92.9079784060
3291.6098578360,92.7594210989
3292.3238729896,92.7767516131
3293.0378881431,92.7993391277
3293.7519032966,92.8483741148
3294.4659184502,92.9646624285
3295.1799336037,92.8909903239
3295.8939487573,92.7943362930
3296.6079639108,92.9044846783
3297.3219790644,93.0331534583
3298.0359942179,93.0624099562
3298.7500093714,93.0123675755
3299.4640245250,92.9198716474
3300.1780396785,92.8363428606
3300.8920548321,92.8374056362
3301.6060699856,92.9449899519
3302.3200851392,92.9944742404
3303.0341002927,92.9562673141
3303.7481154463,92.8787990052
3304.4621305998,92.8214663283
3305.1761457533,92.9854777906
3305.8901609069,93.0511926657
3306.6041760604,92.8695790956
3307.3181912140,92.9838827659
3308.0322063675,93.0717323240
3308.7462215211,92.8767829804
3309.4602366746,93.0113854556
3310.1742518281,93.0918794909
3310.8882669817,92.8579008740
3311.6022821352,92.8799910565
3312.3162972888,92.9463866769
3313.0303124423,92.9682930447
3313.7443275959,93.0943007351
3314.4583427494,93.0394493973
3315.1723579030,93.0422579686
3315.8863730565,93.1040548100
3316.6003882100,92.9397111299
3317.3144033636,92.9036361528
3318.0284185171,92.9944133101
3318.7424336707,93.0524275244
3319.4564488242,93.0614340343
3320.1704639778,92.8456658457
3320.8844791313,92.8410346616
3321.5984942848,93.0664283491
3322.3125094384,93.0109635513
3323.0265245919,93.0459044089
3323.7405397455,93.1355194695
3324.4545548990,92.9615752685
3325.1685700526,92.9122961619
3325.8825852061,92.8823791213
3326.5966003596,92.8391456880
3327.3106155132,92.9494386247
3328.0246306667,92.8682707182
3328.7386458203,92.8854046214
3329.4526609738,93.0595492521
3330.1666761274,92.9008623563
3330.8806912809,92.8833365105
3331.5947064345,93.0893081511
3332.3087215880,93.0286786579
3333.0227367415,92.9609918124
3333.7367518951,92.9181705927
3334.4507670486,92.8412137408
3335.1647822022,92.9838563804
3335.8787973557,93.0551069215
3336.5928125093,92.8728348850
3337.3068276628,92.7737734718
3338.0208428163,92.8955752955
3338.7348579699,92.9751463067
3339.4488731234,92.8971108147
3340.1628882770,93.0238961697
3340.8769034305,93.2013629245
3341.5909185841,93.0806919582
3342.3049337376,93.1310176452
3343.0189488912,93.2672021609
3343.7329640447,93.1385044572
3344.4469791982,93.2313420912
3345.1609943518,93.3905610974
3345.8750095053,93.2421194344
3346.5890246589,93.1861098561
3347.3030398124,93.2327269871
3348.0170549660,93.2546603709
3348.7310701195,93.3668701017
3349.4450852730,93.4450933142
3350.1591004266,93.4417811355
3350.8731155801,93.3865047336
3351.5871307337,93.3851688563
3352.3011458872,93.5117241824
3353.0151610408,93.5589630745
3353.7291761943,93.5589025788
3354.4431913478,93.5632714398
3355.1572065014,93.5106463170
3355.8712216549,93.5182998395
3356.5852368085,93.4630637360
3357.2992519620,93.4864274750
3358.0132671156,93.7261706069
3358.7272822691,93.6511232339
3359.4412974227,93.5243264755
3360.1553125762,93.7728977644
3360.8693277297,93.8080092880
3361.5833428833,93.6752253059
3362.2973580368,93.6690273189
3363.0113731904,93.5809056619
3363.7253883439,93.6351976082
3364.4394034975,93.7592672966
3365.1534186510,93.7203427846
3365.8674338045,93.7808656419
3366.5814489581,93.7896646605
3367.2954641116,93.6803805527
3368.0094792652,93.7450655050
3368.7234944187,93.8455436536
3369.4375095723,93.8413551055
3370.1515247258,93.7591380964
3370.8655398794,93.7082675192
3371.5795550329,93.8110446069
3372.2935701864,93.8562967457
3373.0075853400,93.8339021850
3373.7216004935,93.8926143384
3374.4356156471,93.9382386378
3375.1496308006,94.0068343752
3375.8636459542,94.0686015823
3376.5776611077,94.0752784440
3377.2916762612,94.0620882702
3378.0056914148,93.9486128725
3378.7197065683,93.9693101495
3379.4337217219,94.1378186469
3380.1477368754,94.1205367054
3380.8617520290,94.1011482177
3381.5757671825,94.0904008858
3382.2897823361,94.0212543721
3383.0037974896,94.1269007464
3383.7178126431,94.1305120139
3384.4318277967,94.0761650615
3385.1458429502,94.2208248440
3385.8598581038,94.1981602885
3386.5738732573,94.1980794855
3387.2878884109,94.3207863336
3388.0019035644,94.2125285950
3388.7159187179,94.2451676730
3389.4299338715,94.3379853471
3390.1439490250,94.1650629764
3390.8579641786,94.1930678292
3391.5719793321,94.3239718149
3392.2859944857,94.2626660897
3393.0000096392,94.2070182870
3393.7140247927,94.2313060013
3394.4280399463,94.4086161264
3395.1420550998,94.4249293972
3395.8560702534,94.1969702462
3396.5700854069,94.2610983693
3397.2841005605,94.3407535042
3397.9981157140,94.2591036214
3398.7121308676,94.3211931174
3399.4261460211,94.2597571192
3400.1401611746,94.3017038750
3400.8541763282,94.4709921159
3401.5681914817,94.3149176615
3402.2822066353,94.3647215498
3402.9962217888,94.4642042177
3403.7102369424,94.2049051065
3404.4242520959,94.3997034885
3405.1382672494,94.6641281238
3405.8522824030,94.4076232443
3406.5662975565,94.4406362686
3407.2803127101,94.6095273654
3407.9943278636,94.4488346164
3408.7083430172,94.3733977018
3409.4223581707,94.4302926536
3410.1363733243,94.5266343582
3410.8503884778,94.5689673089
3411.5644036313,94.5381334295
3412.2784187849,94.6690357764
3412.9924339384,94.6741076612
3413.7064490920,94.5658749694
3414.4204642455,94.7175987544
3415.1344793991,94.6904314968
3415.8484945526,94.5588859956
3416.5625097061,94.8298375117
3417.2765248597,94.8837621107
3417.9905400132,94.5159549523
3418.7045551668,94.5258887968
3419.4185703203,94.7813434180
3420.1325854739,94.6566530841
3420.8466006274,94.5363532081
3421.5606157809,94.7607770353
3422.2746309345,94.8470304196
3422.9886460880,94.7751130619
3423.7026612416,94.7787789467
3424.4166763951,94.7157437999
3425.1306915487,94.8036353205
3425.8447067022,95.0235213124
3426.5587218558,94.9720691006
3427.2727370093,94.8834624446
3427.9867521628,94.8245148647
3428.7007673164,94.7170667810
3429.4147824699,94.8733454086
3430.1287976235,94.9210756515
3430.8428127770,94.7185852049
3431.5568279306,94.8541808690
3432.2708430841,95.0384982578
3432.9848582376,94.9470882434
3433.6988733912,94.8663295160
3434.4128885447,94.7995117453
3435.1269036983,94.8408261278
3435.8409188518,94.9720113913
3436.5549340054,94.9456152068
3437.2689491589,94.9286370139
3437.9829643125,94.9642241218
3438.6969794660,94.9491451424
3439.4109946195,94.9445607747
3440.1250097731,94.9580718868
3440.8390249266,95.1193736630
3441.5530400802,95.1350347934
3442.2670552337,94.7421436673
3442.9810703873,94.7481956070
3443.6950855408,95.0953537189
3444.4091006943,94.9236091683
3445.1231158479,94.9006856953
3445.8371310014,95.3218042842
3446.5511461550,95.0257332605
3447.2651613085,94.4203502280
3447.9791764621,94.8605974903
3448.6931916156,95.4222731470
3449.4072067691,95.3448250368
3450.1212219227,95.3430827993
3450.8352370762,95.5463224349
3451.5492522298,95.5149611820
3452.2632673833,95.4741417279
3452.9772825369,95.4756994932
3453.6912976904,95.3541086872
3454.4053128440,95.4144666600
3455.1193279975,95.6407415505
3455.8333431510,95.6441850309
3456.5473583046,95.5489385458
3457.2613734581,95.6358313600
3457.9753886117,95.7317848102
3458.6894037652,95.6861315830
3459.4034189188,95.6474089755
3460.1174340723,95.6491983211
3460.8314492258,95.7058698771
3461.5454643794,95.7912249755
3462.2594795329,95.6492395596
3462.9734946865,95.5401457371
3463.6875098400,95.7591910165
3464.4015249936,95.8341268157
3465.1155401471,95.8036392688
3465.8295553007,95.9265219250
3466.5435704542,95.8940945190
3467.2575856077,95.8655801144
3467.9716007613,95.8944096533
3468.6856159148,95.8070923388
3469.3996310684,95.9638863371
3470.1136462219,95.9823604902
3470.8276613755,95.6682132132
3471.5416765290,95.8369078645
3472.2556916825,96.1202950035
3472.9697068361,96.0165137108
3473.6837219896,96.0000936377
3474.3977371432,95.9991367792
3475.1117522967,95.9750230735
3475.8257674503,96.0091829237
3476.5397826038,95.9032133499
3477.2537977573,95.9615675941
3477.9678129109,96.1360522208
3478.6818280644,96.1257043493
3479.3958432180,96.0378932478
3480.1098583715,95.8330382699
3480.8238735251,95.8370036707
3481.5378886786,95.9737987609
3482.2519038322,95.7419896300
3482.9659189857,95.7951293660
3483.6799341392,96.0417605225
3484.3939492928,95.8876708137
3485.1079644463,95.9203945533
3485.8219795999,96.0365948385
3486.5359947534,96.0023265998
3487.2500099070,96.1644399297
3487.9640250605,96.0924886113
3488.6780402140,96.0682842535
3489.3920553676,96.3461659001
3490.1060705211,96.2092736754
3490.8200856747,96.1230586232
3491.5341008282,96.2591832320
3492.2481159818,96.1314655485
3492.9621311353,96.3005579684
3493.6761462889,96.4712802704
3494.3901614424,96.2749592181
3495.1041765959,96.3614746388
3495.8181917495,96.3667131492
3496.5322069030,96.1969351208
3497.2462220566,96.4211704322
3497.9602372101,96.5792917912
3498.6742523637,96.5070035746
3499.3882675172,96.5020241022
3500.1022826707,96.5912051490
3500.8162978243,96.7105016557
3501.5303129778,96.6074357664
3502.2443281314,96.4655987620
3502.9583432849,96.4289387718
3503.6723584385,96.2439210798
3504.3863735920,96.2815137058
3505.1003887456,96.5414295381
3505.8144038991,96.6797960012
3506.5284190526,96.7791897150
3507.2424342062,96.8313545895
3507.9564493597,96.9201322071
3508.6704645133,96.7652552275
3509.3844796668,96.2585594675
3510.0984948204,96.4980886673
3510.8125099739,96.9435107896
3511.5265251274,96.7480464429
3512.2405402810,96.7839632997
3512.9545554345,96.9878150587
3513.6685705881,96.9106497457
3514.3825857416,96.9906521202
3515.0966008952,97.0060208091
3515.8106160487,96.9574892594
3516.5246312022,96.9800181307
3517.2386463558,96.9199950520
3517.9526615093,97.1105776506
3518.6666766629,97.1595753396
3519.3806918164,96.9530930019
3520.0947069700,97.0847074945
3520.8087221235,97.1525689995
3521.5227372771,97.2572187624
3522.2367524306,97.2622945635
3522.9507675841,96.5381308080
3523.6647827377,96.4846428246
3524.3787978912,97.0041725379
3525.0928130448,96.9091295581
3525.8068281983,97.0684137586
3526.5208433519,97.1300948894
3527.2348585054,96.7922480287
3527.9488736589,97.0495514481
3528.6628888125,96.9973621498
3529.3769039660,96.8189062864
3530.0909191196,97.2443930374
3530.8049342731,97.0803174587
3531.5189494267,96.9171048229
3532.2329645802,97.3609954871
3532.9469797338,97.3256542582
3533.6609948873,97.2282672055
3534.3750100408,97.4452276618
3535.0890251944,97.4785018861
3535.8030403479,97.1648623108
3536.5170555015,96.6604148661
3537.2310706550,96.9894935844
3537.9450858086,97.4891984554
3538.6591009621,97.2232399968
3539.3731161156,97.3546871775
3540.0871312692,97.5674048330
3540.8011464227,97.3852288492
3541.5151615763,97.7282919848
3542.2291767298,97.6906296119
3542.9431918834,97.2259671226
3543.6572070369,97.7944888954
3544.3712221904,97.9382306486
3545.0852373440,97.1505474468
3545.7992524975,97.4921871955
3546.5132676511,97.8170427499
3547.2272828046,97.2752241520
3547.9412979582,97.3481579020
3548.6553131117,97.6981811521
3549.3693282653,97.6427550981
3550.0833434188,97.6410355561
3550.7973585723,97.9078384749
3551.5113737259,97.9672053598
3552.2253888794,97.7059615238
3552.9394040330,97.6276272402
3553.6534191865,97.4812113522
3554.3674343401,97.3065286530
3555.0814494936,97.5138728207
3555.7954646471,97.6940212536
3556.5094798007,97.7733455667
3557.2234949542,97.7988256942
3557.9375101078,97.6407539397
3558.6515252613,97.8553957623
3559.3655404149,98.0412290101
3560.0795555684,97.7196932678
3560.7935707220,97.7692503177
3561.5075858755,97.7632905316
3562.2216010290,97.7255242046
3562.9356161826,98.1928348821
3563.6496313361,97.9663005324
3564.3636464897,97.9213070738
3565.0776616432,98.8479619450
3565.7916767968,98.2899910168
3566.5056919503,97.4340190193
3567.2197071038,98.4207440700
3567.9337222574,97.6011784301
3568.6477374109,96.6111210437
3569.3617525645,97.5983607464
3570.0757677180,97.8617282156
3570.7897828716,97.5548093425
3571.5037980251,98.0405009358
3572.2178131786,98.2262578798
3572.9318283322,97.9892071972
3573.6458434857,98.0552635378
3574.3598586393,97.9664557222
3575.0738737928,97.8724171360
3575.7878889464,98.0285647716
3576.5019040999,97.9153207049
3577.2159192535,97.8191124143
3577.9299344070,98.1175471469
3578.6439495605,98.2879320113
3579.3579647141,98.1255912984
3580.0719798676,97.8740605713
3580.7859950212,97.9503188309
3581.5000101747,98.2180424006
3582.2140253283,98.0978598190
3582.9280404818,98.0740717956
3583.6420556353,98.2950893483
3584.3560707889,98.0660729349
3585.0700859424,98.5661584086
3585.7841010960,99.4078303919
3586.4981162495,97.8391886328
3587.2121314031,97.6359089445
3587.9261465566,99.0215158304
3588.6401617102,97.5703025895
3589.3541768637,97.0712746919
3590.0681920172,98.3711395605
3590.7822071708,98.0334018210
3591.4962223243,97.8735225783
3592.2102374779,99.0072240832
3592.9242526314,98.4460620992
3593.6382677850,97.8203336987
3594.3522829385,98.6003285038
3595.0662980920,98.2569439330
3595.7803132456,97.5458419353
3596.4943283991,97.9400656774
3597.2083435527,98.2717860478
3597.9223587062,98.2627345970
3598.6363738598,98.1094397940
3599.3503890133,98.4190743142
3600.0644041668,98.5885119494
3600.7784193204,97.9826704465
3601.4924344739,98.0990236992
3602.2064496275,98.3359151701
3602.9204647810,97.9944876100
3603.6344799346,98.3380925332
3604.3484950881,98.4686786628
3605.0625102417,98.2007999260
3605.7765253952,99.0536155509
3606.4905405487,99.1450282857
3607.2045557023,97.6405716405
3607.9185708558,98.5404047056
3608.6325860094,99.8778365375
3609.3466011629,98.2900558079
3610.0606163165,97.4946390034
3610.7746314700,98.5146775010
3611.4886466235,99.5905264506
3612.2026617771,99.1564204440
3612.9166769306,98.0144577026
3613.6306920842,98.4987787939
3614.3447072377,98.8472667242
3615.0587223913,97.6685636066
3615.7727375448,97.9948497929
3616.4867526984,99.3940452771
3617.2007678519,99.0331703630
3617.9147830054,98.4344563420
3618.6287981590,99.7011068528
3619.3428133125,99.2326065305
3620.0568284661,97.9778364153
3620.7708436196,98.3458509115
3621.4848587732,98.0089597936
3622.1988739267,98.2506529602
3622.9128890802,99.0423841238
3623.6269042338,98.6531342380
3624.3409193873,98.8394733640
3625.0549345409,99.6164811426
3625.7689496944,99.0543863283
3626.4829648480,99.0329478923
3627.1969800015,100.2640893177
3627.9109951551,101.0985444338
3628.6250103086,100.6486843220
3629.3390254621,98.7267738664
3630.0530406157,98.1064662489
3630.7670557692,98.5702874510
3631.4810709228,98.7839751275
3632.1950860763,99.2589018077
3632.9091012299,99.9451616924
3633.6231163834,99.5110981948
3634.3371315369,99.0972510438
3635.0511466905,99.8472700597
3635.7651618440,100.8261684725
3636.4791769976,101.1334640464
3637.1931921511,100.4673069608
3637.9072073047,99.7622160883
3638.6212224582,99.7746800927
3639.3352376117,100.0832003030
3640.0492527653,100.3810057269
3640.7632679188,100.5600730697
3641.4772830724,100.6670595656
3642.1912982259,100.5544073812
3642.9053133795,100.2176530079
3643.6193285330,100.6060545984
3644.3333436866,101.0072641358
3645.0473588401,100.9577854743
3645.7613739936,102.1331226706
3646.4753891472,103.0447573921
3647.1894043007,100.8624320845
3647.9034194543,101.6817740580
3648.6174346078,103.1825954952
3649.3314497614,101.7578342071
3650.0454649149,101.7771019881
3650.7594800684,101.8244572081
3651.4734952220,99.8950919408
3652.1875103755,100.5464395497
3652.9015255291,101.5373719071
3653.6155406826,101.2311809248
3654.3295558362,101.4635823017
3655.0435709897,103.0158887379
3655.7575861433,103.3235279744
3656.4716012968,100.9032255255
3657.1856164503,100.6741962770
3657.8996316039,101.1602716625
3658.6136467574,101.1691328359
3659.3276619110,101.3701989639
3660.0416770645,101.6363543453
3660.7556922181,101.4445466569
3661.4697073716,101.4979219398
3662.1837225251,101.4595332058
3662.8977376787,101.2129865653
3663.6117528322,101.2100589954
3664.3257679858,100.8777259390
3665.0397831393,100.9628686774
3665.7537982929,101.2885371571
3666.4678134464,100.8643304315
3667.1818285999,101.7342224267
3667.8958437535,102.9584565936
3668.6098589070,101.2556620187
3669.3238740606,101.6727314115
3670.0378892141,103.5891917535
3670.7519043677,100.5757993913
3671.4659195212,99.8356396344
3672.1799346748,100.9200687661
3672.8939498283,101.0408711964
3673.6079649818,101.8080293261
3674.3219801354,103.6368809841
3675.0359952889,103.2152236771
3675.7500104425,100.8075410575
3676.4640255960,99.3231673573
3677.1780407496,98.8780908219
3677.8920559031,99.6039313585
3678.6060710566,100.1320490520
3679.3200862102,99.6953316286
3680.0341013637,99.4523085849
3680.7481165173,99.6595510443
3681.4621316708,99.5082764723
3682.1761468244,99.1217490359
3682.8901619779,99.1901491842
3683.6041771315,99.1951721052
3684.3181922850,98.8296190267
3685.0322074385,99.2036353223
3685.7462225921,99.2881966539
3686.4602377456,99.1532023750
3687.1742528992,100.8475446680
3687.8882680527,102.1956170085
3688.6022832063,97.8807531847
3689.3162983598,98.0684297641
3690.0303135133,99.5968175967
3690.7443286669,99.3062220744
3691.4583438204,97.5820894533
3692.1723589740,98.0442839728
3692.8863741275,98.6812983912
3693.6003892811,98.6268404100
3694.3144044346,98.3187453632
3695.0284195881,98.3830735596
3695.7424347417,98.5371558332
3696.4564498952,98.3610637861
3697.1704650488,98.0994505319
3697.8844802023,98.3274739792
3698.5984953559,98.5322411812
3699.3125105094,98.1908952590
3700.0265256630,98.5744846048
3700.7405408165,99.5922689676
3701.4545559700,98.9690820787
3702.1685711236,97.5905301014
3702.8825862771,97.9802077067
3703.5966014307,98.3159969098
3704.3106165842,98.2009346541
3705.0246317378,98.1362733238
3705.7386468913,98.2591335450
3706.4526620448,98.4080354077
3707.1666771984,98.4646753299
3707.8806923519,99.0010895823
3708.5947075055,99.9702894152
3709.3087226590,98.9468422507
3710.0227378126,97.8209470764
3710.7367529661,99.2048117607
3711.4507681197,100.6325990068
3712.1647832732,97.5002890960
3712.8787984267,97.1602008475
3713.5928135803,98.3295289073
3714.3068287338,98.2235346330
3715.0208438874,97.7511938698
3715.7348590409,98.2283099900
3716.4488741945,98.2939002513
3717.1628893480,98.3028627893
3717.8769045015,98.7883742266
3718.5909196551,98.5101368880
3719.3049348086,97.9405148848
3720.0189499622,98.1813545876
3720.7329651157,98.6243709826
3721.4469802693,99.0813602950
3722.1609954228,98.4431377836
3722.8750105763,97.7748807469
3723.5890257299,98.3171713652
3724.3030408834,98.4755495629
3725.0170560370,98.3228820419
3725.7310711905,98.9224536601
3726.4450863441,98.5959708694
3727.1591014976,97.6626918534
3727.8731166512,97.9117436923
3728.5871318047,98.4422325790
3729.3011469582,98.5359185922
3730.0151621118,98.3777963210
3730.7291772653,99.4387099056
3731.4431924189,100.9857193361
3732.1572075724,98.2958647950
3732.8712227260,97.8635294003
3733.5852378795,99.9999191739
3734.2992530330,99.6876018598
3735.0132681866,97.3446552119
3735.7272833401,99.1390614581
3736.4412984937,98.6209432560
3737.1553136472,97.9598523742
3737.8693288008,98.5541342257
3738.5833439543,97.7967423123
3739.2973591079,97.6813735859
3740.0113742614,98.6637198482
3740.7253894149,98.7721904872
3741.4394045685,98.3384848477
3742.1534197220,98.4965745443
3742.8674348756,99.9247775106
3743.5814500291,103.3863198593
3744.2954651827,100.4368734488
3745.0094803362,94.8503569146
3745.7234954897,97.8292208626
3746.4375106433,98.4761023663
3747.1515257968,97.9857566402
3747.8655409504,99.1000491824
3748.5795561039,102.1833361512
3749.2935712575,100.8042766775
3750.0075864110,97.5876962091
3750.7216015645,99.4101221352
3751.4356167181,101.3704307474
3752.1496318716,97.4089040664
3752.8636470252,97.1638314434
3753.5776621787,97.9128697914
3754.2916773323,97.9549466648
3755.0056924858,98.6326977348
3755.7197076394,99.3798802716
3756.4337227929,98.6923351099
3757.1477379464,98.0091727487
3757.8617531000,98.3714199375
3758.5757682535,99.1068175547
3759.2897834071,98.9897610656
3760.0037985606,98.0974188511
3760.7178137142,98.1807307379
3761.4318288677,98.3016356683
3762.1458440212,98.3213026343
3762.8598591748,98.3303154528
3763.5738743283,98.2915994872
3764.2878894819,99.0296592989
3765.0019046354,99.6130681547
3765.7159197890,98.1591508971
3766.4299349425,97.8590889913
3767.1439500961,98.2748415368
3767.8579652496,98.1305747715
3768.5719804031,98.9849312774
3769.2859955567,99.8668111924
3770.0000107102,97.9430557333
3770.7140258638,97.6171979094
3771.4280410173,98.2118038815
3772.1420561709,98.2063786780
3772.8560713244,98.0534015021
3773.5700864779,98.1667856219
3774.2841016315,98.3516291486
3774.9981167850,98.4017939380
3775.7121319386,98.3490609007
3776.4261470921,98.5734251575
3777.1401622457,98.4461272839
3777.8541773992,98.5237251066
3778.5681925528,99.3158090106
3779.2822077063,98.5838346387
3779.9962228598,97.3758038627
3780.7102380134,98.1329118756
3781.4242531669,98.4207606291
3782.1382683205,98.0902458523
3782.8522834740,98.5843947731
3783.5662986276,99.0042556707
3784.2803137811,98.5047441264
3784.9943289346,98.0094379928
3785.7083440882,98.0975311188
3786.4223592417,98.2250964447
3787.1363743953,98.0978746223
3787.8503895488,98.1650552763
3788.5644047024,98.3156737046
3789.2784198559,98.0808717713
3789.9924350094,98.0661441731
3790.7064501630,98.3377301411
3791.4204653165,98.2554144060
3792.1344804701,98.1419178792
3792.8484956236,98.2498654898
3793.5625107772,98.2153942125
3794.2765259307,98.2032007361
3794.9905410843,98.7696134436
3795.7045562378,99.3467031937
3796.4185713913,98.3886078515
3797.1325865449,97.8047409351
3797.8466016984,98.4950496176
3798.5606168520,98.3643729037
3799.2746320055,98.2645058780
3799.9886471591,99.9177707480
3800.7026623126,101.3582556449
3801.4166774661,99.0561864888
3802.1306926197,97.9277812048
3802.8447077732,97.6960706640
3803.5587229268,97.7729316275
3804.2727380803,97.9577299210
3804.9867532339,98.3295628884
3805.7007683874,99.7696969301
3806.4147835410,100.8050228355
3807.1287986945,98.1518140291
3807.8428138480,97.5343280659
3808.5568290016,97.9311987134
3809.2708441551,97.6530367314
3809.9848593087,97.7241893514
3810.6988744622,98.2961852308
3811.4128896158,98.2224113247
3812.1269047693,98.3636481370
3812.8409199228,98.7158724479
3813.5549350764,98.1642924264
3814.2689502299,98.4935520877
3814.9829653835,100.4513707989
3815.6969805370,100.1317902471
3816.4109956906,97.0387976994
3817.1250108441,98.0019679409
3817.8390259976,98.5070183115
3818.5530411512,98.2711726299
3819.2670563047,98.9911795566
3819.9810714583,100.3638477750
3820.6950866118,100.0450431301
3821.4091017654,98.0438304659
3822.1231169189,97.6019880724
3822.8371320725,97.9032833698
3823.5511472260,97.9989655642
3824.2651623795,97.6815053387
3824.9791775331,98.0086311122
3825.6931926866,98.8696838573
3826.4072078402,98.7355388220
3827.1212229937,97.9520400017
3827.8352381473,98.0618821788
3828.5492533008,98.0965465224
3829.2632684543,97.7529037174
3829.9772836079,98.3076102820
3830.6912987614,99.4147817415
3831.4053139150,99.0722707703
3832.1193290685,97.8944489434
3832.8333442221,97.9956140455
3833.5473593756,98.8429661073
3834.2613745292,99.6969708794
3834.9753896827,98.4182579291
3835.6894048362,97.7895974432
3836.4034199898,99.7794074494
3837.1174351433,101.5552505014
3837.8314502969,98.2441556173
3838.5454654504,97.7264387122
3839.2594806040,98.5046565728
3839.9734957575,98.5345200839
3840.6875109110,97.8176707856
3841.4015260646,97.3295539996
3842.1155412181,98.1973718682
3842.8295563717,99.2781654995
3843.5435715252,98.2571442730
3844.2575866788,97.3584032433
3844.9716018323,97.9057810729
3845.6856169858,98.0148453311
3846.3996321394,98.1627223122
3847.1136472929,98.1501635069
3847.8276624465,98.0139513420
3848.5416776000,98.7333719488
3849.2556927536,98.4888337968
3849.9697079071,97.8996525600
3850.6837230607,99.8853586661
3851.3977382142,101.2778104726
3852.1117533677,98.3067024515
3852.8257685213,100.3137527214
3853.5397836748,103.5571456030
3854.2537988284,95.6184566857
3854.9678139819,96.3722138214
3855.6818291355,98.0692648681
3856.3958442890,98.3834284639
3857.1098594425,97.4577073347
3857.8238745961,97.6393523519
3858.5378897496,98.2910662238
3859.2519049032,98.2674576658
3859.9659200567,98.3292835621
3860.6799352103,99.0160410314
3861.3939503638,98.8218135009
3862.1079655174,97.6687966870
3862.8219806709,98.0363894568
3863.5359958244,99.1099654010
3864.2500109780,99.7372714891
3864.9640261315,98.6768498008
3865.6780412851,97.6660088578
3866.3920564386,97.8642792465
3867.1060715922,98.2824026728
3867.8200867457,98.7762573698
3868.5341018992,100.0223432354
3869.2481170528,100.4821100875
3869.9621322063,97.8419904220
3870.6761473599,97.3890767069
3871.3901625134,97.3645216339
3872.1041776670,97.6328592664
3872.8181928205,98.8111106651
3873.5322079740,99.0347137700
3874.2462231276,97.5129763934
3874.9602382811,97.8395807857
3875.6742534347,98.1464656629
3876.3882685882,98.0994926561
3877.1022837418,98.2766231501
3877.8162988953,98.0431376354
3878.5303140489,98.2540239895
3879.2443292024,99.5158817325
3879.9583443559,99.3517126506
3880.6723595095,97.1242856720
3881.3863746630,97.2831304392
3882.1003898166,98.2747841913
3882.8144049701,98.3805329044
3883.5284201237,97.9147645742
3884.2424352772,99.0840468490
3884.9564504307,100.6483950924
3885.6704655843,98.5882951935
3886.3844807378,97.0329967198
3887.0984958914,97.7575328593
3887.8125110449,97.9898468051
3888.5265261985,97.8484297303
3889.2405413520,98.1514841426
3889.9545565056,99.1853793175
3890.6685716591,100.0131811336
3891.3825868126,98.1355785800
3892.0966019662,97.1929552703
3892.8106171197,97.9892532275
3893.5246322733,97.9377064571
3894.2386474268,97.5573145823
3894.9526625804,98.0367885951
3895.6666777339,98.4486317000
3896.3806928874,98.5503370166
3897.0947080410,98.2655454704
3897.8087231945,98.6359980739
3898.5227383481,99.8084844675
3899.2367535016,97.8606343842
3899.9507686552,96.9834053963
3900.6647838087,99.5680160340
3901.3787989623,99.7675102557
3902.0928141158,96.6941048911
3902.8068292693,98.7111090206
3903.5208444229,99.8479767595
3904.2348595764,97.6393875293
3904.9488747300,97.8096874694
3905.6628898835,98.1194700767
3906.3769050371,97.4363066936
3907.0909201906,97.7695308995
3907.8049353441,98.1823236117
3908.5189504977,98.0923491921
3909.2329656512,98.1060060616
3909.9469808048,98.0830342084
3910.6609959583,98.0805150554
3911.3750111119,98.1153983086
3912.0890262654,97.9846904731
3912.8030414189,97.9627821796
3913.5170565725,98.0850675987
3914.2310717260,98.1651723681
3914.9450868796,98.2611773294
3915.6591020331,98.5746549819
3916.3731171867,98.7948699748
3917.0871323402,97.9523722996
3917.8011474938,97.3488633102
3918.5151626473,98.0357118947
3919.2291778008,98.5649600205
3919.9431929544,97.9086932141
3920.6572081079,97.5935427263
3921.3712232615,98.0532024522
3922.0852384150,98.3010564733
3922.7992535686,98.2133209036
3923.5132687221,98.2764779070
3924.2272838756,98.3664109183
3924.9412990292,97.8850050795
3925.6553141827,97.5030703839
3926.3693293363,97.8857837667
3927.0833444898,98.1625903346
3927.7973596434,97.9338107074
3928.5113747969,98.0554199335
3929.2253899505,98.1912162769
3929.9394051040,97.7857325977
3930.6534202575,98.0917255591
3931.3674354111,98.6557821957
3932.0814505646,97.9055020115
3932.7954657182,97.3839506128
3933.5094808717,97.8802279181
3934.2234960253,97.8496301051
3934.9375111788,97.7573390909
3935.6515263323,97.9954170484
3936.3655414859,97.9375224129
3937.0795566394,97.9696566137
3937.7935717930,97.9840444256
3938.5075869465,97.7779448265
3939.2216021001,98.0146942107
3939.9356172536,98.0593527800
3940.6496324071,97.9261767654
3941.3636475607,98.4988018712
3942.0776627142,98.5250871541
3942.7916778678,97.5553969801
3943.5056930213,97.6073742924
3944.2197081749,97.8507046404
3944.9337233284,97.6723515018
3945.6477384820,97.9051054345
3946.3617536355,98.2215077383
3947.0757687890,97.9609601364
3947.7897839426,97.6467768387
3948.5037990961,97.9059539443
3949.2178142497,98.0719465278
3949.9318294032,97.5719444449
3950.6458445568,97.4361215760
3951.3598597103,97.9110220267
3952.0738748638,97.9362270703
3952.7878900174,97.8284612621
3953.5019051709,98.0067573599
3954.2159203245,98.0554009163
3954.9299354780,97.9242094790
3955.6439506316,97.8482278710
3956.3579657851,97.8164879946
3957.0719809387,97.7700515062
3957.7859960922,97.7571449054
3958.5000112457,97.8800878006
3959.2140263993,97.8996337311
3959.9280415528,97.7883860705
3960.6420567064,97.9535593645
3961.3560718599,97.8523657937
3962.0700870135,97.3985248209
3962.7841021670,97.6322281400
3963.4981173205,98.0071758398
3964.2121324741,97.8212940057
3964.9261476276,97.7523040096
3965.6401627812,97.8980252400
3966.3541779347,97.8828561705
3967.0681930883,97.9069677137
3967.7822082418,97.9566814502
3968.4962233953,97.8272212956
3969.2102385489,97.6601646597
3969.9242537024,97.7396189807
3970.6382688560,97.9056283813
3971.3522840095,97.8034839596
3972.0662991631,97.7197281250
3972.7803143166,97.8295579867
3973.4943294702,97.7371886316
3974.2083446237,97.6777661832
3974.9223597772,97.8417541063
3975.6363749308,97.7276791521
3976.3503900843,97.5451328053
3977.0644052379,97.7723853455
3977.7784203914,97.9780429638
3978.4924355450,97.8833749389
3979.2064506985,97.8339437986
3979.9204658520,97.8894192671
3980.6344810056,97.8693829456
3981.3484961591,97.8301973295
3982.0625113127,97.7556727679
3982.7765264662,97.6583005584
3983.4905416198,97.7564796422
3984.2045567733,97.8749563200
3984.9185719269,97.7995566706
3985.6325870804,97.7919482193
3986.3466022339,97.8434029437
3987.0606173875,97.7925942603
3987.7746325410,97.7899309555
3988.4886476946,97.8347655836
3989.2026628481,97.8551591066
3989.9166780017,97.7814991870
3990.6306931552,97.6163596251
3991.3447083087,97.6774982620
3992.0587234623,97.8096805905
3992.7727386158,97.7494839226
3993.4867537694,97.8269034170
3994.2007689229,97.8851284806
3994.9147840765,97.7018135656
3995.6287992300,97.7248937759
3996.3428143835,97.8485516186
3997.0568295371,97.8409613112
3997.7708446906,97.8745696881
3998.4848598442,97.8156233273
3999.1988749977,97.8020504980
3999.9128901513,97.9394976246