399.8484859844,65.0172155142
400.5625011380,67.5308871236
401.2765162915,59.8794980453
401.9905314450,79.8019793854
402.7045465986,87.3006846799
403.4185617521,69.8841233627
404.1325769057,73.3634084969
404.8465920592,71.5491723928
405.5606072128,65.8077962169
406.2746223663,75.7776456569
406.9886375199,75.4249800624
407.7026526734,75.2455627022
408.4166678269,75.6297946993
409.1306829805,71.1963149184
409.8446981340,77.8981825255
410.5587132876,72.5116637951
411.2727284411,64.7752962186
411.9867435947,71.0156115443
412.7007587482,77.7556000999
413.4147739017,81.7329162491
414.1287890553,78.1730947030
414.8428042088,69.2643878525
415.5568193624,70.0140912684
416.2708345159,68.8057680254
416.9848496695,68.0256154522
417.6988648230,80.7001791875
418.4128799766,77.0524549974
419.1268951301,69.8019863419
419.8409102836,72.4710802862
420.5549254372,67.8082509132
421.2689405907,72.7468607370
421.9829557443,71.1692257927
422.6969708978,57.3376863306
423.4109860514,66.3314237692
424.1250012049,73.5407797937
424.8390163584,69.9112703272
425.5530315120,64.2363493590
426.2670466655,60.3473389495
426.9810618191,67.3221347453
427.6950769726,75.2005724364
428.4090921262,68.0653470810
429.1231072797,66.6402958060
429.8371224332,69.3216538830
430.5511375868,66.2137395318
431.2651527403,67.0089617393
431.9791678939,67.7654836641
432.6931830474,66.9231981452
433.4071982010,68.2178160244
434.1212133545,67.8675609755
434.8352285081,68.8815166137
435.5492436616,70.8398895983
436.2632588151,68.4605898974
436.9772739687,67.5538192618
437.6912891222,69.0628023474
438.4053042758,69.3017076737
439.1193194293,68.5318510298
439.8333345829,68.8724623235
440.5473497364,68.1321868770
441.2613648899,64.7795933116
441.9753800435,67.6406683966
442.6893951970,72.5617657492
443.4034103506,68.4318043321
444.1174255041,68.5078889500
444.8314406577,71.6300699777
445.5454558112,67.5100098779
446.2594709648,65.4082631687
446.9734861183,66.4742877905
447.6875012718,67.0859176737
448.4015164254,70.7732029568
449.1155315789,69.7425191562
449.8295467325,68.6820648138
450.5435618860,72.3908424627
451.2575770396,69.1946723310
451.9715921931,67.4253581182
452.6856073466,71.3551624592
453.3996225002,69.8642813383
454.1136376537,69.8432467104
454.8276528073,70.8252507114
455.5416679608,68.4412399207
456.2556831144,69.5646297199
456.9696982679,70.3633975249
457.6837134214,68.1785271980
458.3977285750,71.6589872873
459.1117437285,73.0565265737
459.8257588821,71.5926958033
460.5397740356,69.5519654903
461.2537891892,69.4712899248
461.9678043427,70.2189259342
462.6818194963,69.2260539369
463.3958346498,70.4360077383
464.1098498033,72.9648031447
464.8238649569,72.0338496837
465.5378801104,71.3850450318
466.2518952640,70.4691543009
466.9659104175,70.5412025419
467.6799255711,73.1764979840
468.3939407246,71.3398807373
469.1079558781,69.5924010926
469.8219710317,70.8524118326
470.5359861852,70.9861126340
471.2500013388,72.9537091398
471.9640164923,72.5272895287
472.6780316459,67.2442988064
473.3920467994,70.3934317924
474.1060619530,71.8546794035
474.8200771065,69.5361417252
475.5340922600,70.7736826859
476.2481074136,70.1566776705
476.9621225671,68.3377390798
477.6761377207,69.6473984121
478.3901528742,69.7056849782
479.1041680278,69.7050227285
479.8181831813,69.3424105374
480.5321983348,68.7845466941
481.2462134884,70.1915547352
481.9602286419,69.0163447178
482.6742437955,68.2226691992
483.3882589490,69.8518144560
484.1022741026,69.1437401469
484.8162892561,69.7057188065
485.5303044097,70.3537362813
486.2443195632,68.2658239835
486.9583347167,68.6976757549
487.6723498703,69.1429043257
488.3863650238,69.2948381001
489.1003801774,71.0448985659
489.8143953309,68.8507120289
490.5284104845,66.8893462265
491.2424256380,68.2350952116
491.9564407915,67.5235122067
492.6704559451,67.7772852958
493.3844710986,68.5208317166
494.0984862522,67.3686026549
494.8125014057,68.2854750986
495.5265165593,68.5226435979
496.2405317128,67.2459043629
496.9545468663,67.6399132865
497.6685620199,67.6065384838
498.3825771734,68.0589507185
499.0965923270,68.8930259745
499.8106074805,68.0933107356
500.5246226341,67.9554850559
501.2386377876,67.6794692043
501.9526529412,66.8583144871
502.6666680947,67.6695323991
503.3806832482,67.6130594679
504.0946984018,67.5350363824
504.8087135553,67.5468191049
505.5227287089,66.7268216387
506.2367438624,67.2891400554
506.9507590160,67.4254544755
507.6647741695,66.7557844495
508.3787893230,67.3977894416
509.0928044766,66.1476586070
509.8068196301,64.7749795607
510.5208347837,66.0745394257
511.2348499372,66.4398516214
511.9488650908,66.3522405361
512.6628802443,66.5585734570
513.3768953979,65.5359325963
514.0909105514,64.9806524891
514.8049257049,65.1431799020
515.5189408585,65.4295251611
516.2329560120,65.4627385454
516.9469711656,64.6619338311
517.6609863191,65.1682954950
518.3750014727,65.6077392484
519.0890166262,65.2386075708
519.8030317797,66.1205213258
520.5170469333,65.8583908261
521.2310620868,65.3301349043
521.9450772404,66.1524893649
522.6590923939,65.7091460095
523.3731075475,65.9704227606
524.0871227010,66.9230541790
524.8011378545,65.8889544330
525.5151530081,66.5828526490
526.2291681616,67.7180928399
526.9431833152,65.8898819234
527.6571984687,66.0005449182
528.3712136223,66.5904373738
529.0852287758,65.7182485692
529.7992439294,66.0932838278
530.5132590829,66.5158874783
531.2272742364,66.5534512800
531.9412893900,67.2950619572
532.6553045435,67.1328420449
533.3693196971,66.5218281973
534.0833348506,66.3038833800
534.7973500042,66.2789536419
535.5113651577,66.8009636033
536.2253803112,66.9017300325
536.9393954648,66.1217446008
537.6534106183,65.3324254693
538.3674257719,65.1027986322
539.0814409254,65.5934880178
539.7954560790,65.6010297498
540.5094712325,65.1388422221
541.2234863861,64.9277223462
541.9375015396,64.3036090862
542.6515166931,63.9639162973
543.3655318467,64.1000574775
544.0795470002,63.7897360515
544.7935621538,63.7319680084
545.5075773073,63.7309304427
546.2215924609,63.5261811080
546.9356076144,63.4297958261
547.6496227679,62.6424472146
548.3636379215,62.2936494416
549.0776530750,62.7731557871
549.7916682286,62.4298201971
550.5056833821,62.1138386140
551.2196985357,62.3309715679
551.9337136892,62.0506828686
552.6477288427,61.6204477689
553.3617439963,61.1943940509
554.0757591498,61.1697067385
554.7897743034,61.5941654023
555.5037894569,61.5255484989
556.2178046105,61.3167949572
556.9318197640,60.8798595148
557.6458349176,60.4804684501
558.3598500711,61.0956961196
559.0738652246,61.3225162277
559.7878803782,61.0033694570
560.5018955317,61.6434475852
561.2159106853,62.6935607830
561.9299258388,63.5703716400
562.6439409924,64.2244493942
563.3579561459,64.7445874709
564.0719712994,65.4537364445
564.7859864530,65.4503085535
565.5000016065,65.2990044950
566.2140167601,65.9396850593
566.9280319136,66.1687980447
567.6420470672,66.3265787281
568.3560622207,66.6799782834
569.0700773743,66.6986296781
569.7840925278,67.2419491753
570.4981076813,67.4206083758
571.2121228349,67.2245127577
571.9261379884,67.8099852509
572.6401531420,67.5622696850
573.3541682955,67.0464379292
574.0681834491,67.3651309580
574.7821986026,67.0779268874
575.4962137561,67.1930520481
576.2102289097,67.7274396504
576.9242440632,67.0762207155
577.6382592168,67.2643903100
578.3522743703,67.8977875153
579.0662895239,67.5153569031
579.7803046774,67.5580451478
580.4943198309,67.6997911601
581.2083349845,67.5607397650
581.9223501380,67.7024101590
582.6363652916,67.4334532890
583.3503804451,67.4116567426
584.0643955987,67.6621424928
584.7784107522,67.4120079667
585.4924259058,67.5552641455
586.2064410593,67.7664264943
586.9204562128,67.7704667895
587.6344713664,68.0942385172
588.3484865199,67.8776437506
589.0625016735,67.4817476487
589.7765168270,67.5962937992
590.4905319806,67.5920842836
591.2045471341,67.8575755463
591.9185622876,68.2521503290
592.6325774412,68.0248501090
593.3465925947,67.8072453022
594.0606077483,67.7482901800
594.7746229018,67.9620145812
595.4886380554,68.2859564760
596.2026532089,68.1228131243
596.9166683625,68.0760825071
597.6306835160,68.2448531736
598.3446986695,68.0259229633
599.0587138231,67.9138023538
599.7727289766,68.1301814885
600.4867441302,68.2184731580
601.2007592837,68.0953613469
601.9147744373,68.1652424988
602.6287895908,68.3344526373
603.3428047443,68.0318156082
604.0568198979,68.0210216265
604.7708350514,68.4605028975
605.4848502050,68.0719615498
606.1988653585,67.5900548532
606.9128805121,67.6130287599
607.6268956656,67.3672478979
608.3409108192,67.4264486921
609.0549259727,67.6051950528
609.7689411262,67.4883161460
610.4829562798,67.8472268978
611.1969714333,68.0056167858
611.9109865869,67.7511474692
612.6250017404,67.8598406169
613.3390168940,67.9554828777
614.0530320475,68.0047984389
614.7670472010,67.8424201894
615.4810623546,67.5142276360
616.1950775081,67.8647655062
616.9090926617,68.1502608493
617.6231078152,68.3380908511
618.3371229688,68.9777481485
619.0511381223,69.0162825484
619.7651532758,69.3412778216
620.4791684294,70.2683908814
621.1931835829,70.1866676773
621.9071987365,70.3209664547
622.6212138900,71.0012495785
623.3352290436,70.8353815944
624.0492441971,70.8301932126
624.7632593507,71.0285350764
625.4772745042,70.8368229066
626.1912896577,71.1280268661
626.9053048113,71.3523536171
627.6193199648,71.4892130408
628.3333351184,72.0266342518
629.0473502719,71.9036489154
629.7613654255,71.5690826848
630.4753805790,71.8115130744
631.1893957325,71.9606932083
631.9034108861,72.2857309162
632.6174260396,72.8272413428
633.3314411932,72.9045546343
634.0454563467,72.9918310620
634.7594715003,73.3832923721
635.4734866538,73.4755376190
636.1875018074,73.3360148061
636.9015169609,73.6864582732
637.6155321144,74.1202428160
638.3295472680,73.8154893739
639.0435624215,73.6632630190
639.7575775751,74.1081171461
640.4715927286,74.2145731519
641.1856078822,74.2111109276
641.8996230357,74.3376746553
642.6136381892,74.2627665575
643.3276533428,74.3866506758
644.0416684963,74.5285911432
644.7556836499,74.5896329748
645.4696988034,74.8804583581
646.1837139570,74.7812026055
646.8977291105,74.5519640738
647.6117442640,74.8409022342
648.3257594176,74.9984779479
649.0397745711,74.8337374743
649.7537897247,74.6284063099
650.4678048782,74.5887751120
651.1818200318,74.8148520455
651.8958351853,74.6451608262
652.6098503389,74.3151278934
653.3238654924,74.3498323232
654.0378806459,74.1147312406
654.7518957995,73.8928631091
655.4659109530,73.7941876963
656.1799261066,73.2407307584
656.8939412601,72.9733174056
657.6079564137,73.0010675593
658.3219715672,72.6774649878
659.0359867207,72.3733991502
659.7500018743,72.0701899865
660.4640170278,71.8189050800
661.1780321814,71.8146942384
661.8920473349,71.7649354021
662.6060624885,71.8834238530
663.3200776420,72.2667112339
664.0340927956,72.2774300017
664.7481079491,72.0152776272
665.4621231026,72.1933430348
666.1761382562,72.6715962808
666.8901534097,72.6894497935
667.6041685633,72.4907014582
668.3181837168,74.7912919505
669.0321988704,74.0169413748
669.7462140239,74.0480410109
670.4602291774,74.6182107098
671.1742443310,74.7619051847
671.8882594845,74.8669709250
672.6022746381,75.3461664384
673.3162897916,75.8002992890
674.0303049452,76.3081078073
674.7443200987,76.5710885276
675.4583352522,76.6612654464
676.1723504058,77.1267489160
676.8863655593,77.5161842298
677.6003807129,77.6041084931
678.3143958664,77.8103353616
679.0284110200,78.0646799736
679.7424261735,78.3040027269
680.4564413271,78.5947221940
681.1704564806,78.7588485019
681.8844716341,78.8564173014
682.5984867877,79.0869172902
683.3125019412,79.2170913650
684.0265170948,79.1904001613
684.7405322483,79.5638065850
685.4545474019,79.9399830554
686.1685625554,79.5341522344
686.8825777089,79.3577363152
687.5965928625,79.9027302619
688.3106080160,79.8312608637
689.0246231696,79.3456066986
689.7386383231,79.5880756917
690.4526534767,79.7984963321
691.1666686302,79.4612798326
691.8806837838,79.4673289535
692.5946989373,79.6580112536
693.3087140908,79.4615160046
694.0227292444,79.4326338407
694.7367443979,79.6254778279
695.4507595515,79.5916221409
696.1647747050,79.6463539036
696.8787898586,79.7058612947
697.5928050121,79.4907557698
698.3068201656,79.4442775191
699.0208353192,79.4810304901
699.7348504727,79.3936806346
700.4488656263,79.4890887968
701.1628807798,79.5282680832
701.8768959334,79.5249013750
702.5909110869,79.7866521408
703.3049262404,79.7874630606
704.0189413940,79.6176662390
704.7329565475,79.8813439539
705.4469717011,80.1711922833
706.1609868546,80.1582296954
706.8750020082,80.0614346013
707.5890171617,80.0469125895
708.3030323153,80.2816706710
709.0170474688,80.4657984995
709.7310626223,80.4685275436
710.4450777759,80.7174747391
711.1590929294,81.1013727196
711.8731080830,81.3332501976
712.5871232365,81.4927311470
713.3011383901,81.7411372091
714.0151535436,82.1245000104
714.7291686971,82.3015417378
715.4431838507,82.4253100676
716.1571990042,82.8650632436
716.8712141578,83.0737280819
717.5852293113,83.1322110419
718.2992444649,83.4979422863
719.0132596184,83.6654636514
719.7272747720,83.7466638529
720.4412899255,84.1771016979
721.1553050790,84.6269793752
721.8693202326,84.9552557469
722.5833353861,85.0197177427
723.2973505397,85.0130616550
724.0113656932,85.3642174954
724.7253808468,85.6816161950
725.4393960003,86.0096880930
726.1534111538,86.5284443111
726.8674263074,86.7125055915
727.5814414609,86.7833013324
728.2954566145,87.0402434187
729.0094717680,87.2350749530
729.7234869216,87.4713301555
730.4375020751,87.7598395688
731.1515172287,88.0019328677
731.8655323822,88.1030993132
732.5795475357,88.1372212365
733.2935626893,88.5002712214
734.0075778428,88.7552451921
734.7215929964,88.6445963038
735.4356081499,88.7884384890
736.1496233035,88.9317543665
736.8636384570,88.9152447032
737.5776536105,89.0939907209
738.2916687641,89.2174394730
739.0056839176,89.2594738551
739.7196990712,89.2206901455
740.4337142247,89.1166322448
741.1477293783,89.2011216114
741.8617445318,89.0942794531
742.5757596853,89.0165723798
743.2897748389,89.2429484305
744.0037899924,89.0971328523
744.7178051460,89.0230355507
745.4318202995,89.2354760895
746.1458354531,89.0201325851
746.8598506066,88.9956179074
747.5738657602,89.1542104999
748.2878809137,88.8189060176
749.0018960672,88.6639045656
749.7159112208,88.7810344455
750.4299263743,88.8498194291
751.1439415279,88.9640799702
751.8579566814,88.8674229891
752.5719718350,88.9119646071
753.2859869885,89.1523936553
754.0000021420,89.0606594789
754.7140172956,89.0596293993
755.4280324491,89.1648184177
756.1420476027,89.1166654759
756.8560627562,89.1989726509
757.5700779098,89.1165297212
758.2840930633,89.1042831340
758.9981082169,89.4197704319
759.7121233704,89.2891645627
760.4261385239,89.1492004330
761.1401536775,89.5168768098
761.8541688310,89.5557267122
762.5681839846,89.3224769733
763.2821991381,89.3968961404
763.9962142917,89.6253793470
764.7102294452,89.7541801805
765.4242445987,89.6650833735
766.1382597523,89.6070426613
766.8522749058,89.7462123039
767.5662900594,89.9216685090
768.2803052129,90.0320167568
768.9943203665,89.8942245571
769.7083355200,89.7399574134
770.4223506735,89.8037593837
771.1363658271,89.7686869777
771.8503809806,89.8271477426
772.5643961342,90.0228982925
773.2784112877,89.9293680775
773.9924264413,89.9235468599
774.7064415948,90.1480191964
775.4204567484,90.1538401735
776.1344719019,90.0082369588
776.8484870554,89.9305612405
777.5625022090,90.0502253924
778.2765173625,90.2703995581
778.9905325161,90.3113982155
779.7045476696,90.2634729550
780.4185628232,90.1755635786
781.1325779767,90.0925423425
781.8465931302,90.1130286823
782.5606082838,90.0891918628
783.2746234373,90.1193273307
783.9886385909,90.1488885809
784.7026537444,90.1264414273
785.4166688980,90.3805925315
786.1306840515,90.4445651027
786.8446992051,90.1935009708
787.5587143586,90.2780808596
788.2727295121,90.2723956702
788.9867446657,90.1410545314
789.7007598192,90.3434462557
790.4147749728,90.3269903669
791.1287901263,90.1746384651
791.8428052799,90.2197036715
792.5568204334,90.2165839407
793.2708355869,90.3610753004
793.9848507405,90.4452967869
794.6988658940,90.3526989202
795.4128810476,90.3801120669
796.1268962011,90.2414754973
796.8409113547,90.3365414848
797.5549265082,90.6911063100
798.2689416617,90.5073275433
798.9829568153,90.4745589715
799.6969719688,90.6487466448
800.4109871224,90.3552941944
801.1250022759,90.3976941735
801.8390174295,90.5876699971
802.5530325830,90.3911292641
803.2670477366,90.4495548213
803.9810628901,90.4165010981
804.6950780436,90.2386114583
805.4090931972,90.4269122059
806.1231083507,90.4609220068
806.8371235043,90.4321243234
807.5511386578,90.5264458291
808.2651538114,90.4046379452
808.9791689649,90.4518589586
809.6931841184,90.5470165506
810.4071992720,90.4470258912
811.1212144255,90.5599626915
811.8352295791,90.5969442205
812.5492447326,90.4697674368
813.2632598862,90.5390289048
813.9772750397,90.6233871549
814.6912901933,90.6441530955
815.4053053468,90.5220350336
816.1193205003,90.3912774651
816.8333356539,90.5813855576
817.5473508074,90.6075364812
818.2613659610,90.4074502943
818.9753811145,90.4873892200
819.6893962681,90.5445923232
820.4034114216,90.5574036044
821.1174265751,90.7016816685
821.8314417287,90.5436841979
822.5454568822,90.3016632299
823.2594720358,90.4119903030
823.9734871893,90.5219628487
824.6875023429,90.4687304895
825.4015174964,90.4789789092
826.1155326499,90.5178551642
826.8295478035,90.5318089076
827.5435629570,90.5834265714
828.2575781106,90.4872308348
828.9715932641,90.2958637270
829.6856084177,90.4057352856
830.3996235712,90.5126192762
831.1136387248,90.3437783912
831.8276538783,90.3640205850
832.5416690318,90.4320794379
833.2556841854,90.2859472770
833.9696993389,90.3634172219
834.6837144925,90.5704037653
835.3977296460,90.5515797435
836.1117447996,90.4349513598
836.8257599531,90.3957518683
837.5397751066,90.5130951146
838.2537902602,90.5925836884
838.9678054137,90.4729403843
839.6818205673,90.3258848485
840.3958357208,90.2871607281
841.1098508744,90.4806914886
841.8238660279,90.6083227940
842.5378811815,90.4100776549
843.2518963350,90.3923247260
843.9659114885,90.3886893220
844.6799266421,90.1388819691
845.3939417956,90.2658460510
846.1079569492,90.4022546792
846.8219721027,90.2073886596
847.5359872563,90.3601727550
848.2500024098,90.4983539535
848.9640175633,90.3395346160
849.6780327169,90.3601033093
850.3920478704,90.2760951835
851.1060630240,90.0796151261
851.8200781775,90.0459918624
852.5340933311,89.9248682888
853.2481084846,89.8583780650
853.9621236381,89.9195516034
854.6761387917,89.9091702991
855.3901539452,89.9755210356
856.1041690988,90.0368088155
856.8181842523,89.9470100042
857.5321994059,89.7525112609
858.2462145594,89.5705518096
858.9602297130,89.6861108496
859.6742448665,89.8729123387
860.3882600200,89.7760658682
861.1022751736,89.6286753827
861.8162903271,89.4794375903
862.5303054807,89.3473984331
863.2443206342,89.3731414210
863.9583357878,89.3615053064
864.6723509413,89.2876224920
865.3863660948,89.1935735129
866.1003812484,89.0640829083
866.8143964019,89.0494346555
867.5284115555,89.0010585345
868.2424267090,88.8923963857
868.9564418626,88.8400205702
869.6704570161,88.6460724644
870.3844721697,88.6020372594
871.0984873232,88.7644701978
871.8125024767,88.5177698927
872.5265176303,88.2296068279
873.2405327838,88.3198821996
873.9545479374,88.2771453481
874.6685630909,88.1299990737
875.3825782445,88.0271168810
876.0965933980,87.7521546742
876.8106085515,87.6421447567
877.5246237051,87.7243349842
878.2386388586,87.5212626176
878.9526540122,87.3296044496
879.6666691657,87.4482566863
880.3806843193,87.4438357152
881.0946994728,87.2395338432
881.8087146264,87.0356047960
882.5227297799,86.7650749935
883.2367449334,86.6408690996
883.9507600870,86.7386555017
884.6647752405,86.6216530270
885.3787903941,86.3071721606
886.0928055476,86.1185026998
886.8068207012,86.0347352893
887.5208358547,85.9776208262
888.2348510082,85.8483461899
888.9488661618,85.7675043205
889.6628813153,85.8542928264
890.3768964689,85.7057436987
891.0909116224,85.4236270497
891.8049267760,85.4008754158
892.5189419295,85.3242243735
893.2329570830,85.2084750322
893.9469722366,85.1838806384
894.6609873901,84.9678568705
895.3750025437,84.8750651196
896.0890176972,84.9152604279
896.8030328508,84.6507751181
897.5170480043,84.4896821731
898.2310631579,84.5284070176
898.9450783114,84.5123898640
899.6590934649,84.6617476763
900.3731086185,84.6238838546
901.0871237720,84.3326462242
901.8011389256,84.4523641576
902.5151540791,84.6480325033
903.2291692327,84.5766987419
903.9431843862,84.7107307502
904.6571995397,84.8753475890
905.3712146933,84.8354281623
906.0852298468,84.8705307526
906.7992450004,84.8548997322
907.5132601539,84.7402365375
908.2272753075,84.9018766877
908.9412904610,85.1748309715
909.6553056146,85.1188555019
910.3693207681,84.9876009120
911.0833359216,85.0878066230
911.7973510752,85.1406356813
912.5113662287,85.0805014366
913.2253813823,85.0778717267
913.9393965358,85.1075052233
914.6534116894,85.2052808636
915.3674268429,85.2295908750
916.0814419964,85.0892780969
916.7954571500,85.1005419930
917.5094723035,85.1676938812
918.2234874571,85.0656069689
918.9375026106,85.0103739834
919.6515177642,84.9635289916
920.3655329177,84.8704320207
921.0795480712,84.8163007468
921.7935632248,84.6425365124
922.5075783783,84.5108920582
923.2215935319,84.5668114195
923.9356086854,84.4707044125
924.6496238390,84.2617716911
925.3636389925,84.1692997671
926.0776541461,84.0530325874
926.7916692996,83.9197330628
927.5056844531,83.8751965573
928.2196996067,83.7775762463
928.9337147602,83.5880282403
929.6477299138,83.5435314295
930.3617450673,83.5977129491
931.0757602209,83.3863167435
931.7897753744,83.1013475623
932.5037905279,83.1264374782
933.2178056815,83.1493738558
933.9318208350,82.9775093744
934.6458359886,82.8888207413
935.3598511421,82.8630263357
936.0738662957,82.7213620778
936.7878814492,82.4875538575
937.5018966028,82.2897893576
938.2159117563,82.1815123106
938.9299269098,82.0610743198
939.6439420634,81.9658183886
940.3579572169,81.9174892467
941.0719723705,81.7328177443
941.7859875240,81.4915950577
942.5000026776,81.3085421609
943.2140178311,81.0845210038
943.9280329846,80.9079684420
944.6420481382,80.8028525736
945.3560632917,80.6366348031
946.0700784453,80.4129618177
946.7840935988,80.1130770913
947.4981087524,79.8518052574
948.2121239059,79.7693854733
948.9261390594,79.6001981853
949.6401542130,79.2543903395
950.3541693665,79.0495009852
951.0681845201,78.9644107232
951.7821996736,78.7344369971
952.4962148272,78.4011958218
953.2102299807,78.1106801701
953.9242451343,77.8291010169
954.6382602878,77.5772155668
955.3522754413,77.4423977071
956.0662905949,77.2844035382
956.7803057484,76.9811521643
957.4943209020,76.6734335838
958.2083360555,76.4040463271
958.9223512091,76.1152271550
959.6363663626,75.8703540118
960.3503815161,75.6605298466
961.0643966697,75.3761770129
961.7784118232,75.0250371655
962.4924269768,74.6956662868
963.2064421303,74.3814358608
963.9204572839,74.0223100139
964.6344724374,73.6605001967
965.3484875910,73.3252364344
966.0625027445,72.9636165036
966.7765178980,72.5665303682
967.4905330516,72.1716312457
968.2045482051,71.8596783324
968.9185633587,71.5760071875
969.6325785122,71.1281707216
970.3465936658,70.6442046457
971.0606088193,70.2656522181
971.7746239728,69.8102543268
972.4886391264,69.3620691866
973.2026542799,68.9825519410
973.9166694335,68.4318644466
974.6306845870,67.8429291427
975.3446997406,67.2772804165
976.0587148941,66.5791522208
976.7727300476,66.0391932615
977.4867452012,65.5821313093
978.2007603547,64.8547589850
978.9147755083,64.2421373189
979.6287906618,63.8054258796
980.3428058154,63.1744746106
981.0568209689,62.6163530893
981.7708361225,62.2519975484
982.4848512760,61.9513477358
983.1988664295,61.8991567151
983.9128815831,62.0084122053
984.6268967366,62.1943523467
985.3409118902,62.4809919880
986.0549270437,62.6645249120
986.7689421973,62.9190809169
987.4829573508,63.2555483755
988.1969725043,63.2871163626
988.9109876579,63.2653373745
989.6250028114,63.3701525617
990.3390179650,63.3205607864
991.0530331185,63.2075308668
991.7670482721,63.0537520143
992.4810634256,62.7815196431
993.1950785792,62.6031388110
993.9090937327,62.4640124870
994.6231088862,62.2240948197
995.3371240398,61.9538565805
996.0511391933,61.6560818058
996.7651543469,61.4352123926
997.4791695004,61.3266322560
998.1931846540,61.1640900654
998.9071998075,61.0214705626
999.6212149610,61.0314160794
1000.3352301146,61.1055620820
1001.0492452681,61.1900872734
1001.7632604217,61.2819277147
1002.4772755752,61.3353645589
1003.1912907288,61.4272954776
1003.9053058823,61.6303337062
1004.6193210359,61.7639097068
1005.3333361894,61.8230177970
1006.0473513429,61.9645777274
1006.7613664965,61.9961175364
1007.4753816500,61.9692913140
1008.1893968036,62.1341650485
1008.9034119571,62.2105357259
1009.6174271107,62.1443677205
1010.3314422642,62.1089203813
1011.0454574177,61.9699325222
1011.7594725713,61.9503650680
1012.4734877248,62.0336019788
1013.1875028784,61.8239056102
1013.9015180319,61.7152408048
1014.6155331855,61.8183253653
1015.3295483390,61.7117984081
1016.0435634925,61.6815122620
1016.7575786461,61.7013595516
1017.4715937996,61.4092002979
1018.1856089532,61.1730850738
1018.8996241067,61.1106337938
1019.6136392603,60.9942921866
1020.3276544138,60.8583507610
1021.0416695674,60.6078525860
1021.7556847209,60.2946143640
1022.4696998744,60.1321548101
1023.1837150280,60.0284784186
1023.8977301815,59.8097712943
1024.6117453351,59.4589395467
1025.3257604886,59.2066320613
1026.0397756422,59.1352609844
1026.7537907957,59.0026420802
1027.4678059492,58.8586034449
1028.1818211028,58.7396056398
1028.8958362563,58.5490965508
1029.6098514099,58.5629968372
1030.3238665634,58.7738463362
1031.0378817170,58.8910240060
1031.7518968705,58.9927060645
1032.4659120241,59.1727733727
1033.1799271776,59.4691661557
1033.8939423311,59.9092262758
1034.6079574847,60.4284873339
1035.3219726382,60.9775595675
1036.0359877918,61.4566126243
1036.7500029453,62.0617299499
1037.4640180989,62.8505739060
1038.1780332524,63.2921240485
1038.8920484059,63.5394945965
1039.6060635595,64.0458336230
1040.3200787130,64.4246329371
1041.0340938666,64.5795790121
1041.7481090201,64.7079510563
1042.4621241737,64.5620705585
1043.1761393272,64.2985114293
1043.8901544807,64.1569168186
1044.6041696343,63.8397791502
1045.3181847878,63.3074837766
1046.0321999414,62.8368925156
1046.7462150949,62.5044768237
1047.4602302485,62.1052631259
1048.1742454020,61.5565770736
1048.8882605556,61.1347776934
1049.6022757091,60.7513881814
1050.3162908626,60.2728284228
1051.0303060162,60.0303929473
1051.7443211697,59.8766300970
1052.4583363233,59.6243816111
1053.1723514768,59.5521319633
1053.8863666304,59.5431113546
1054.6003817839,59.5770569755
1055.3143969374,59.8170910977
1056.0284120910,60.0156884843
1056.7424272445,60.2166924129
1057.4564423981,60.5572176835
1058.1704575516,60.8709169555
1058.8844727052,61.3529025095
1059.5984878587,62.0680672947
1060.3125030123,62.7172302900
1061.0265181658,63.5269342100
1061.7405333193,64.6468441592
1062.4545484729,65.5995832417
1063.1685636264,66.4331364141
1063.8825787800,67.4614465621
1064.5965939335,68.3838677693
1065.3106090871,69.2447437871
1066.0246242406,70.2052721237
1066.7386393941,70.9035014454
1067.4526545477,71.5006618519
1068.1666697012,72.2285003626
1068.8806848548,72.8320052758
1069.5947000083,73.3942762002
1070.3087151619,73.8875222685
1071.0227303154,74.1910223583
1071.7367454689,74.6191134547
1072.4507606225,75.0717945160
1073.1647757760,75.2676001510
1073.8787909296,75.4209893619
1074.5928060831,75.6960407472
1075.3068212367,76.0440990228
1076.0208363902,76.2998732783
1076.7348515438,76.4887625363
1077.4488666973,76.9300932378
1078.1628818508,77.4525446827
1078.8768970044,77.7890803454
1079.5909121579,78.1334479190
1080.3049273115,78.4835574315
1081.0189424650,78.7584050423
1081.7329576186,78.9422271137
1082.4469727721,78.9952472571
1083.1609879256,79.1106638932
1083.8750030792,79.1885404746
1084.5890182327,79.0867639644
1085.3030333863,79.1116816457
1086.0170485398,79.1227764728
1086.7310636934,78.9628542740
1087.4450788469,78.9404021783
1088.1590940005,78.8913159702
1088.8731091540,78.8128700005
1089.5871243075,78.9466486404
1090.3011394611,78.8424689787
1091.0151546146,78.5244275389
1091.7291697682,78.4589393430
1092.4431849217,78.3495587530
1093.1572000753,78.0923319525
1093.8712152288,77.8634630437
1094.5852303823,77.5376817405
1095.2992455359,77.2514730546
1096.0132606894,76.9932334952
1096.7272758430,76.6264989653
1097.4412909965,76.3543616398
1098.1553061501,76.0106680845
1098.8693213036,75.5265836590
1099.5833364571,75.2386454121
1100.2973516107,74.9659745633
1101.0113667642,74.6096528606
1101.7253819178,74.3886064802
1102.4393970713,74.1956283912
1103.1534122249,74.0513987784
1103.8674273784,74.0116406384
1104.5814425320,73.9272216509
1105.2954576855,73.8458603528
1106.0094728390,73.8176622200
1106.7234879926,73.8318634005
1107.4375031461,73.8650997953
1108.1515182997,73.8267486136
1108.8655334532,73.8138165521
1109.5795486068,73.8196128934
1110.2935637603,73.7899044658
1111.0075789138,74.0003164401
1111.7215940674,74.4505145340
1112.4356092209,74.9365867159
1113.1496243745,75.5341835881
1113.8636395280,76.2143389784
1114.5776546816,76.9676998906
1115.2916698351,77.8849699144
1116.0056849887,78.7423556223
1116.7197001422,79.4216611352
1117.4337152957,80.0673791993
1118.1477304493,80.6623249391
1118.8617456028,81.2296829071
1119.5757607564,81.7210945487
1120.2897759099,82.0297641237
1121.0037910635,82.3791613728
1121.7178062170,82.7104608591
1122.4318213705,82.8887894586
1123.1458365241,83.2231730882
1123.8598516776,83.6001792097
1124.5738668312,83.9160347480
1125.2878819847,84.4502240525
1126.0018971383,84.9160383345
1126.7159122918,85.3445104652
1127.4299274454,86.1014875033
1128.1439425989,86.6480023235
1128.8579577524,86.9201133117
1129.5719729060,87.4045162822
1130.2859880595,87.8084016567
1131.0000032131,88.0841034039
1131.7140183666,88.3588409796
1132.4280335202,88.4809036824
1133.1420486737,88.7757018409
1133.8560638272,89.1743477561
1134.5700789808,89.3421749161
1135.2840941343,89.6302770190
1135.9981092879,89.9632032329
1136.7121244414,90.0674360800
1137.4261395950,90.1760838828
1138.1401547485,90.2209077020
1138.8541699020,90.2040683538
1139.5681850556,90.2111547689
1140.2822002091,89.9785921572
1140.9962153627,89.7072022378
1141.7102305162,89.5626975065
1142.4242456698,89.2495308350
1143.1382608233,88.9755193656
1143.8522759769,88.7788753566
1144.5662911304,88.2926469404
1145.2803062839,87.8970150663
1145.9943214375,87.8378644388
1146.7083365910,87.6638133417
1147.4223517446,87.3798635488
1148.1363668981,87.1877802235
1148.8503820517,86.9980975788
1149.5643972052,86.8470198700
1150.2784123587,86.7049947536
1150.9924275123,86.4786747940
1151.7064426658,86.2410132294
1152.4204578194,86.0161913832
1153.1344729729,85.8120396734
1153.8484881265,85.6231844826
1154.5625032800,85.4140566893
1155.2765184336,85.1956258823
1155.9905335871,84.9200277446
1156.7045487406,84.7093997298
1157.4185638942,84.6305217204
1158.1325790477,84.3547228186
1158.8465942013,83.9884179299
1159.5606093548,83.8992722867
1160.2746245084,83.8632493156
1160.9886396619,83.7983932515
1161.7026548154,83.9007984573
1162.4166699690,84.1073884491
1163.1306851225,84.4642772227
1163.8447002761,84.9769162825
1164.5587154296,85.4788561765
1165.2727305832,86.0438021381
1165.9867457367,86.7124920336
1166.7007608902,87.4095850043
1167.4147760438,88.1714160165
1168.1287911973,88.9437895595
1168.8428063509,89.7058594980
1169.5568215044,90.4522732651
1170.2708366580,91.0586642459
1170.9848518115,91.6725209777
1171.6988669651,92.3355109988
1172.4128821186,92.8027298944
1173.1268972721,93.2720573621
1173.8409124257,93.8167682198
1174.5549275792,94.1414977417
1175.2689427328,94.4495218663
1175.9829578863,94.8470116472
1176.6969730399,95.1056121169
1177.4109881934,95.3536154743
1178.1250033469,95.5837009031
1178.8390185005,95.6805078714
1179.5530336540,95.8525144883
1180.2670488076,96.0752332302
1180.9810639611,96.1911523340
1181.6950791147,96.2972947089
1182.4090942682,96.4190859059
1183.1231094218,96.4992454356
1183.8371245753,96.5715282182
1184.5511397288,96.6348555091
1185.2651548824,96.6415613654
1185.9791700359,96.6608163899
1186.6931851895,96.7166634468
1187.4072003430,96.6555992116
1188.1212154966,96.5557388661
1188.8352306501,96.5625704649
1189.5492458036,96.5287587654
1190.2632609572,96.4528721050
1190.9772761107,96.3715316276
1191.6912912643,96.1781926471
1192.4053064178,96.0154134099
1193.1193215714,95.9070403642
1193.8333367249,95.7374540473
1194.5473518784,95.6170162417
1195.2613670320,95.4697095233
1195.9753821855,95.2538073609
1196.6893973391,95.1400792938
1197.4034124926,95.0337054044
1198.1174276462,94.9050705739
1198.8314427997,94.8175918677
1199.5454579533,94.6595516192
1200.2594731068,94.5336648846
1200.9734882603,94.5021436359
1201.6875034139,94.4154193830
1202.4015185674,94.3408870867
1203.1155337210,94.3420470044
1203.8295488745,94.3510883919
1204.5435640281,94.3259786422
1205.2575791816,94.2487871571
1205.9715943351,94.2447020862
1206.6856094887,94.3731432285
1207.3996246422,94.5709316047
1208.1136397958,94.8629011095
1208.8276549493,95.1848023097
1209.5416701029,95.5032156798
1210.2556852564,95.8497647280
1210.9697004100,96.0846242496
1211.6837155635,96.2476759390
1212.3977307170,96.4326280994
1213.1117458706,96.5261397947
1213.8257610241,96.5822857208
1214.5397761777,96.6292740456
1215.2537913312,96.6001100886
1215.9678064848,96.5630543425
1216.6818216383,96.5154631555
1217.3958367918,96.4797415250
1218.1098519454,96.4581103792
1218.8238670989,96.3590030234
1219.5378822525,96.2777564618
1220.2518974060,96.2018245699
1220.9659125596,96.0230847953
1221.6799277131,95.8492609409
1222.3939428666,95.7023810232
1223.1079580202,95.5777172492
1223.8219731737,95.4614630221
1224.5359883273,95.2614925081
1225.2500034808,95.1256670735
1225.9640186344,95.0536948696
1226.6780337879,94.8760718292
1227.3920489415,94.7352510487
1228.1060640950,94.5975154421
1228.8200792485,94.3677759931
1229.5340944021,94.2367077517
1230.2481095556,94.1331689545
1230.9621247092,93.9717343081
1231.6761398627,93.8509531473
1232.3901550163,93.6628725463
1233.1041701698,93.4519810207
1233.8181853233,93.3683243936
1234.5322004769,93.3097398420
1235.2462156304,93.2443665518
1235.9602307840,93.2173382032
1236.6742459375,93.2115279544
1237.3882610911,93.2237524253
1238.1022762446,93.2350592159
1238.8162913982,93.2599936324
1239.5303065517,93.2296556938
1240.2443217052,93.0813226529
1240.9583368588,93.0059073201
1241.6723520123,93.0399346350
1242.3863671659,92.9820220110
1243.1003823194,92.8535578290
1243.8143974730,92.8105437938
1244.5284126265,92.8144695530
1245.2424277800,92.7203466846
1245.9564429336,92.6090313897
1246.6704580871,92.6124645276
1247.3844732407,92.6035758384
1248.0984883942,92.6025853200
1248.8125035478,92.7039515440
1249.5265187013,92.7203432623
1250.2405338549,92.7114578367
1250.9545490084,92.8244171571
1251.6685641619,92.8805998154
1252.3825793155,92.9049289534
1253.0965944690,92.9421966574
1253.8106096226,92.8561857808
1254.5246247761,92.8077943275
1255.2386399297,92.8680395469
1255.9526550832,92.8257024186
1256.6666702367,92.7101757520
1257.3806853903,92.6542982108
1258.0947005438,92.6249532539
1258.8087156974,92.5707686192
1259.5227308509,92.5144063814
1260.2367460045,92.4430111880
1260.9507611580,92.3054437650
1261.6647763115,92.2425346462
1262.3787914651,92.3044475974
1263.0928066186,92.2470495197
1263.8068217722,92.0917966416
1264.5208369257,92.0478631866
1265.2348520793,92.0356792510
1265.9488672328,91.9819415976
1266.6628823864,91.9263349283
1267.3768975399,91.8596669873
1268.0909126934,91.7798776438
1268.8049278470,91.6655062302
1269.5189430005,91.5455525307
1270.2329581541,91.4583824730
1270.9469733076,91.3405385731
1271.6609884612,91.2111232247
1272.3750036147,91.1311370310
1273.0890187682,91.0461686248
1273.8030339218,90.9266121460
1274.5170490753,90.7912301480
1275.2310642289,90.6760339776
1275.9450793824,90.6289319762
1276.6590945360,90.6100765847
1277.3731096895,90.5493145663
1278.0871248431,90.4661724318
1278.8011399966,90.3706694880
1279.5151551501,90.2484812973
1280.2291703037,90.1793165273
1280.9431854572,90.2269424300
1281.6572006108,90.3123882331
1282.3712157643,90.4111640099
1283.0852309179,90.5549621589
1283.7992460714,90.6933206788
1284.5132612249,90.8279230241
1285.2272763785,90.9569680477
1285.9412915320,90.9799281017
1286.6553066856,91.0164314606
1287.3693218391,91.1509548041
1288.0833369927,91.1655184984
1288.7973521462,91.1220424723
1289.5113672997,91.1458750242
1290.2253824533,91.1035678189
1290.9393976068,91.0728563408
1291.6534127604,91.0747280062
1292.3674279139,91.0199255066
1293.0814430675,91.0457434737
1293.7954582210,91.0976816076
1294.5094733746,91.0928990236
1295.2234885281,91.1470718945
1295.9375036816,91.1223613600
1296.6515188352,90.9669658931
1297.3655339887,90.8870105783
1298.0795491423,90.8387507113
1298.7935642958,90.6893456789
1299.5075794494,90.5140998160
1300.2215946029,90.4124829404
1300.9356097564,90.2733570685
1301.6496249100,90.0448748425
1302.3636400635,89.8877923433
1303.0776552171,89.6832245604
1303.7916703706,89.2939683515
1304.5056855242,88.9577944593
1305.2197006777,88.6860270615
1305.9337158313,88.3285563868
1306.6477309848,87.9416917771
1307.3617461383,87.5387243655
1308.0757612919,87.1389779113
1308.7897764454,86.8324444124
1309.5037915990,86.5435655753
1310.2178067525,86.1957663387
1310.9318219061,85.9116828035
1311.6458370596,85.6721680875
1312.3598522131,85.4121908814
1313.0738673667,85.2904020002
1313.7878825202,85.1833564104
1314.5018976738,85.0711515439
1315.2159128273,85.2024614032
1315.9299279809,85.3191781546
1316.6439431344,85.4163624921
1317.3579582879,85.7100819836
1318.0719734415,85.9532795119
1318.7859885950,86.2332904270
1319.5000037486,86.6262498132
1320.2140189021,86.9368161367
1320.9280340557,87.2217280091
1321.6420492092,87.4455832856
1322.3560643628,87.6736453664
1323.0700795163,87.9382021702
1323.7840946698,88.1023116446
1324.4981098234,88.2208015165
1325.2121249769,88.3125782276
1325.9261401305,88.4493068460
1326.6401552840,88.5729419694
1327.3541704376,88.4545843540
1328.0681855911,88.3741863984
1328.7822007446,88.3937138796
1329.4962158982,88.2158585243
1330.2102310517,88.0373745535
1330.9242462053,87.8797286653
1331.6382613588,87.6064291470
1332.3522765124,87.4600180442
1333.0662916659,87.3557192197
1333.7803068195,87.1705598532
1334.4943219730,87.2067041594
1335.2083371265,87.3097753866
1335.9223522801,87.3430330859
1336.6363674336,87.5629822475
1337.3503825872,87.6978593062
1338.0643977407,87.7599043105
1338.7784128943,88.0307253036
1339.4924280478,88.2377019104
1340.2064432013,88.4445146643
1340.9204583549,88.7626768895
1341.6344735084,88.9608627583
1342.3484886620,89.2060563474
1343.0625038155,89.4286035341
1343.7765189691,89.6114372383
1344.4905341226,89.9826325046
1345.2045492761,90.1955128353
1345.9185644297,90.2201912364
1346.6325795832,90.4156353056
1347.3465947368,90.5240570041
1348.0606098903,90.5109148817
1348.7746250439,90.5754223978
1349.4886401974,90.5140436471
1350.2026553510,90.3373383136
1350.9166705045,90.2548831452
1351.6306856580,90.2274769184
1352.3447008116,90.0828359621
1353.0587159651,89.8390498771
1353.7727311187,89.7035179824
1354.4867462722,89.6669738367
1355.2007614258,89.6193412470
1355.9147765793,89.5423975510
1356.6287917328,89.4990343259
1357.3428068864,89.4981988837
1358.0568220399,89.4119928286
1358.7708371935,89.3420804904
1359.4848523470,89.3529201970
1360.1988675006,89.2031065168
1360.9128826541,89.1525772356
1361.6268978077,89.3939053537
1362.3409129612,89.3432777460
1363.0549281147,89.3747219201
1363.7689432683,89.7659165751
1364.4829584218,89.7266029982
1365.1969735754,89.6699341890
1365.9109887289,89.7810429797
1366.6250038825,89.6624914508
1367.3390190360,89.5281085948
1368.0530341895,89.5658225194
1368.7670493431,89.5172362380
1369.4810644966,89.5063738762
1370.1950796502,89.5337277308
1370.9090948037,89.5179890283
1371.6231099573,89.7424139622
1372.3371251108,89.9608664734
1373.0511402643,90.0793053972
1373.7651554179,90.5189592529
1374.4791705714,90.8843310894
1375.1931857250,91.0167199101
1375.9072008785,91.3093477479
1376.6212160321,91.5357725436
1377.3352311856,91.6351704372
1378.0492463392,91.8695139134
1378.7632614927,92.1181789866
1379.4772766462,92.3515144652
1380.1912917998,92.6670298926
1380.9053069533,92.8393482048
1381.6193221069,92.9675356460
1382.3333372604,93.2120296665
1383.0473524140,93.3893551201
1383.7613675675,93.5983589541
1384.4753827210,93.8400086145
1385.1893978746,93.9490413967
1385.9034130281,94.1177615879
1386.6174281817,94.3009275677
1387.3314433352,94.4631539738
1388.0454584888,94.7232807989
1388.7594736423,94.6471909614
1389.4734887959,94.4766306166
1390.1875039494,94.6286835844
1390.9015191029,94.7090662542
1391.6155342565,94.5674031967
1392.3295494100,94.5593482116
1393.0435645636,94.4907748829
1393.7575797171,94.3603665050
1394.4715948707,94.5330957276
1395.1856100242,94.6256144817
1395.8996251777,94.4747477934
1396.6136403313,94.3948459735
1397.3276554848,94.3803275311
1398.0416706384,94.3632936368
1398.7556857919,94.3463147490
1399.4697009455,94.3785196642
1400.1837160990,94.3070980092
1400.8977312526,94.1688236590
1401.6117464061,94.1440082074
1402.3257615596,94.1421145511
1403.0397767132,94.0352475454
1403.7537918667,93.9747665975
1404.4678070203,93.9973523590
1405.1818221738,94.1176334230
1405.8958373274,94.0190244068
1406.6098524809,93.7683072441
1407.3238676344,93.7758096563
1408.0378827880,93.8822788591
1408.7518979415,93.7574917653
1409.4659130951,93.7694807890
1410.1799282486,93.7761301605
1410.8939434022,93.6292380476
1411.6079585557,93.5926928715
1412.3219737092,93.5057424278
1413.0359888628,93.4481915712
1413.7500040163,93.4444846163
1414.4640191699,93.2188780849
1415.1780343234,93.1382644953
1415.8920494770,93.1081421682
1416.6060646305,92.7605283130
1417.3200797841,92.7469256613
1418.0340949376,92.7549708135
1418.7481100911,92.2113977712
1419.4621252447,92.3620718415
1420.1761403982,92.5182882929
1420.8901555518,91.9386036397
1421.6041707053,91.7594066902
1422.3181858589,91.8100835717
1423.0322010124,91.4701291080
1423.7462161659,91.4902543402
1424.4602313195,91.5444438364
1425.1742464730,91.2240238106
1425.8882616266,91.2148394208
1426.6022767801,91.1412130707
1427.3162919337,90.9413495445
1428.0303070872,91.0204646372
1428.7443222408,90.9786299833
1429.4583373943,90.9390140519
1430.1723525478,91.2319832524
1430.8863677014,91.2702450494
1431.6003828549,91.2149912840
1432.3143980085,91.3893966282
1433.0284131620,91.6775466503
1433.7424283156,91.8092731435
1434.4564434691,92.0225137045
1435.1704586226,92.2656950586
1435.8844737762,92.2151731426
1436.5984889297,92.5054136708
1437.3125040833,93.1697114944
1438.0265192368,92.8677284772
1438.7405343904,92.8138188635
1439.4545495439,93.0787654926
1440.1685646974,93.0877602520
1440.8825798510,93.1542075595
1441.5965950045,93.2862059226
1442.3106101581,93.1705568142
1443.0246253116,93.1697816911
1443.7386404652,93.2437308188
1444.4526556187,93.1867959131
1445.1666707723,93.2144221227
1445.8806859258,93.2771006954
1446.5947010793,93.2553004195
1447.3087162329,93.2125058962
1448.0227313864,93.3515565147
1448.7367465400,93.4904210703
1449.4507616935,93.3052855257
1450.1647768471,93.2308591153
1450.8787920006,93.4149947586
1451.5928071541,93.2857225146
1452.3068223077,93.2678395232
1453.0208374612,93.5361494762
1453.7348526148,93.4199961579
1454.4488677683,93.5368094846
1455.1628829219,93.8582242936
1455.8768980754,93.5194912297
1456.5909132290,93.4697210882
1457.3049283825,94.6283121566
1458.0189435360,94.2986965052
1458.7329586896,94.2844522474
1459.4469738431,94.4554959597
1460.1609889967,94.4419690828
1460.8750041502,94.5774455672
1461.5890193038,94.6733355577
1462.3030344573,94.7343151217
1463.0170496108,94.9255198968
1463.7310647644,94.9410938919
1464.4450799179,94.9374318104
1465.1590950715,95.3834971163
1465.8731102250,95.3615421292
1466.5871253786,95.2086114709
1467.3011405321,95.3413572718
1468.0151556856,95.4964662447
1468.7291708392,95.4165217894
1469.4431859927,95.5883488812
1470.1572011463,95.7659400132
1470.8712162998,95.5582774868
1471.5852314534,95.6373046177
1472.2992466069,96.2650368658
1473.0132617605,96.0666183984
1473.7272769140,96.1551804977
1474.4412920675,96.4203323423
1475.1553072211,96.2207092115
1475.8693223746,96.0626869635
1476.5833375282,96.4613941058
1477.2973526817,96.4530846741
1478.0113678353,96.3333599694
1478.7253829888,96.3230781136
1479.4393981423,96.2852736177
1480.1534132959,96.1703476789
1480.8674284494,96.2062851222
1481.5814436030,96.4265922696
1482.2954587565,96.5418041518
1483.0094739101,96.6323844863
1483.7234890636,96.7374256405
1484.4375042172,96.7979054915
1485.1515193707,97.0127905511
1485.8655345242,97.2352073901
1486.5795496778,97.2536699921
1487.2935648313,97.4262626489
1488.0075799849,97.5953639709
1488.7215951384,97.5209590182
1489.4356102920,97.6823151888
1490.1496254455,98.0108066133
1490.8636405990,97.8103721592
1491.5776557526,97.8234647811
1492.2916709061,97.9722018384
1493.0056860597,97.9393646328
1493.7197012132,97.9814798034
1494.4337163668,98.1015646749
1495.1477315203,97.9998942442
1495.8617466738,97.9692165234
1496.5757618274,98.5742612301
1497.2897769809,98.3574213272
1498.0037921345,98.0321266786
1498.7178072880,98.0623020009
1499.4318224416,98.3081959340
1500.1458375951,98.1122679585
1500.8598527487,98.0485592526
1501.5738679022,98.2018377792
1502.2878830557,98.0863663592
1503.0018982093,97.9630279443
1503.7159133628,98.0546454614
1504.4299285164,98.0165831999
1505.1439436699,98.0037179095
1505.8579588235,98.4336361874
1506.5719739770,98.3188065815
1507.2859891305,98.3116782008
1508.0000042841,98.5963046511
1508.7140194376,98.3603165485
1509.4280345912,98.1068524544
1510.1420497447,98.1909029306
1510.8560648983,98.1190897434
1511.5700800518,97.9937809336
1512.2840952054,98.2124661493
1512.9981103589,98.2442754541
1513.7121255124,97.9847045414
1514.4261406660,97.8231910247
1515.1401558195,97.8319021909
1515.8541709731,97.7505543594
1516.5681861266,97.6892535100
1517.2822012802,98.1794312285
1517.9962164337,98.0908357911
1518.7102315872,97.8291270136
1519.4242467408,97.7288353355
1520.1382618943,97.6845617382
1520.8522770479,97.9067505298
1521.5662922014,98.1760508204
1522.2803073550,98.0190450235
1522.9943225085,98.0523285378
1523.7083376621,97.9754631512
1524.4223528156,97.6823212669
1525.1363679691,97.6615152960
1525.8503831227,98.0107382545
1526.5643982762,97.7482425293
1527.2784134298,97.5570896974
1527.9924285833,97.5673597134
1528.7064437369,97.4890554894
1529.4204588904,97.5630653766
1530.1344740439,97.5197609269
1530.8484891975,97.3313416731
1531.5625043510,97.4625825136
1532.2765195046,97.4700462979
1532.9905346581,97.2059248805
1533.7045498117,97.5704659091
1534.4185649652,97.6154487141
1535.1325801187,97.2362780305
1535.8465952723,97.0898190103
1536.5606104258,97.1346285232
1537.2746255794,97.0817144686
1537.9886407329,97.1406204785
1538.7026558865,97.3819299568
1539.4166710400,97.4811236384
1540.1306861936,97.5145174284
1540.8447013471,97.4043426180
1541.5587165006,97.1904404452
1542.2727316542,97.2784861114
1542.9867468077,97.4512292435
1543.7007619613,97.2628096869
1544.4147771148,97.1310850077
1545.1287922684,97.4324958860
1545.8428074219,97.5241044256
1546.5568225754,97.2804821292
1547.2708377290,97.1113909553
1547.9848528825,97.1344126011
1548.6988680361,97.1224128016
1549.4128831896,97.0652585473
1550.1268983432,97.3202844095
1550.8409134967,97.2431357164
1551.5549286503,97.0407239076
1552.2689438038,97.0943013190
1552.9829589573,96.9822494545
1553.6969741109,96.6193755639
1554.4109892644,96.9435355930
1555.1250044180,97.1596187614
1555.8390195715,97.0297327510
1556.5530347251,97.0635421383
1557.2670498786,96.8062502129
1557.9810650321,96.8664852496
1558.6950801857,97.7749593018
1559.4090953392,97.0115091984
1560.1231104928,97.4341258941
1560.8371256463,97.8533068437
1561.5511407999,97.2284555723
1562.2651559534,97.0258420322
1562.9791711069,97.2534081285
1563.6931862605,97.1313449515
1564.4072014140,97.1947737737
1565.1212165676,97.4747737157
1565.8352317211,97.2782838076
1566.5492468747,97.1735160800
1567.2632620282,97.2043922044
1567.9772771818,97.1962399721
1568.6912923353,97.1722664873
1569.4053074888,97.1663009304
1570.1193226424,97.4009177539
1570.8333377959,97.3278637513
1571.5473529495,97.2169926105
1572.2613681030,97.2498209472
1572.9753832566,97.1528866150
1573.6893984101,97.1558553119
1574.4034135636,97.3695551789
1575.1174287172,97.1526401924
1575.8314438707,96.8551131511
1576.5454590243,97.9245895127
1577.2594741778,97.4790456670
1577.9734893314,97.1658602926
1578.6875044849,97.2589031739
1579.4015196385,97.2193660817
1580.1155347920,97.1276282052
1580.8295499455,97.2595545291
1581.5435650991,97.3055036401
1582.2575802526,97.2691339579
1582.9715954062,97.2415491688
1583.6856105597,97.1691794541
1584.3996257133,97.1173080323
1585.1136408668,97.1296596254
1585.8276560203,97.1641001300
1586.5416711739,97.1150333106
1587.2556863274,97.0091249267
1587.9697014810,96.9968875538
1588.6837166345,96.9992161683
1589.3977317881,96.9533727708
1590.1117469416,96.9101801790
1590.8257620951,96.8206118662
1591.5397772487,96.8157075169
1592.2537924022,96.9169634463
1592.9678075558,96.8596496150
1593.6818227093,96.7908216557
1594.3958378629,96.8784070571
1595.1098530164,96.8906684421
1595.8238681700,96.8122779196
1596.5378833235,96.7799027515
1597.2518984770,96.8057253292
1597.9659136306,96.8611259492
1598.6799287841,96.8495323191
1599.3939439377,96.7676590974
1600.1079590912,96.8019392146
1600.8219742448,96.9574779831
1601.5359893983,96.9516510875
1602.2500045518,96.8163974226
1602.9640197054,96.8630456733
1603.6780348589,96.9334623424
1604.3920500125,96.8371995012
1605.1060651660,96.8522539820
1605.8200803196,96.9042301971
1606.5340954731,96.8559370155
1607.2481106267,96.9580785100
1607.9621257802,97.0477457474
1608.6761409337,96.9968804889
1609.3901560873,96.9918419852
1610.1041712408,96.9213093375
1610.8181863944,96.8209040388
1611.5322015479,96.8459457122
1612.2462167015,96.8817913340
1612.9602318550,96.8843433424
1613.6742470085,96.8644951011
1614.3882621621,96.8552319642
1615.1022773156,96.8889624534
1615.8162924692,96.7814595706
1616.5303076227,96.6789365977
1617.2443227763,96.9647910080
1617.9583379298,96.6220462761
1618.6723530833,96.3316713153
1619.3863682369,96.3908940176
1620.1003833904,96.2746847806
1620.8143985440,96.0845869912
1621.5284136975,96.2422016439
1622.2424288511,96.1537324374
1622.9564440046,95.9838663502
1623.6704591582,96.3518450569
1624.3844743117,96.1175179982
1625.0984894652,95.8148931520
1625.8125046188,95.8349933970
1626.5265197723,95.8560018126
1627.2405349259,95.8337858179
1627.9545500794,95.9983023312
1628.6685652330,95.9153423360
1629.3825803865,95.6958197292
1630.0965955400,95.5596617168
1630.8106106936,95.5552026044
1631.5246258471,95.5390974121
1632.2386410007,95.4762402271
1632.9526561542,95.4977220416
1633.6666713078,95.5753814572
1634.3806864613,95.5202815980
1635.0947016149,95.5332011069
1635.8087167684,96.1995833541
1636.5227319219,95.7976868839
1637.2367470755,95.5795103134
1637.9507622290,95.7123518841
1638.6647773826,95.6245311254
1639.3787925361,95.4398631454
1640.0928076897,95.5333389295
1640.8068228432,95.5010192059
1641.5208379967,95.3683503447
1642.2348531503,95.4614110611
1642.9488683038,95.3646476766
1643.6628834574,95.3343138872
1644.3768986109,95.4993978359
1645.0909137645,95.2846753810
1645.8049289180,95.2785714845
1646.5189440715,95.8411726928
1647.2329592251,95.4958228186
1647.9469743786,95.5097223764
1648.6609895322,95.8144479729
1649.3750046857,95.5530655685
1650.0890198393,95.5453003644
1650.8030349928,95.7646965547
1651.5170501464,95.6445471801
1652.2310652999,95.5989626881
1652.9450804534,97.7150195527
1653.6590956070,96.5925212987
1654.3731107605,96.1468451745
1655.0871259141,95.9573860586
1655.8011410676,95.8651194620
1656.5151562212,95.8345524226
1657.2291713747,95.9724015547
1657.9431865282,96.0631637630
1658.6572016818,96.0118244628
1659.3712168353,96.0234387238
1660.0852319889,96.0321652395
1660.7992471424,96.0297682192
1661.5132622960,96.0642120781
1662.2272774495,95.9688173671
1662.9412926031,96.1416784122
1663.6553077566,96.2980889089
1664.3693229101,96.0954401429
1665.0833380637,96.1421350620
1665.7973532172,96.2296871533
1666.5113683708,96.0078593742
1667.2253835243,96.2080077602
1667.9393986779,96.3260049076
1668.6534138314,95.8915237802
1669.3674289849,96.4507104695
1670.0814441385,96.5636061626
1670.7954592920,96.1995936988
1671.5094744456,96.4909611498
1672.2234895991,96.6126828264
1672.9375047527,96.4000019492
1673.6515199062,96.5490206490
1674.3655350598,96.5236890909
1675.0795502133,96.4957303326
1675.7935653668,97.0923256861
1676.5075805204,96.6933102372
1677.2215956739,96.3969022749
1677.9356108275,96.4860780063
1678.6496259810,96.5887971378
1679.3636411346,96.6118469260
1680.0776562881,96.6812998465
1680.7916714416,96.7834241356
1681.5056865952,96.8021686678
1682.2197017487,96.6487180026
1682.9337169023,96.6179745654
1683.6477320558,96.8764890216
1684.3617472094,96.8408095367
1685.0757623629,97.2256891460
1685.7897775164,97.2493732888
1686.5037926700,97.0148840471
1687.2178078235,96.8889436642
1687.9318229771,96.9330666668
1688.6458381306,97.0219685449
1689.3598532842,97.0722455302
1690.0738684377,96.9751157329
1690.7878835913,96.9692608005
1691.5018987448,97.0977562191
1692.2159138983,97.0368996184
1692.9299290519,96.8989964926
1693.6439442054,96.9877668543
1694.3579593590,97.0552528092
1695.0719745125,96.8049292333
1695.7859896661,96.7514058839
1696.5000048196,97.4712134414
1697.2140199731,97.2183678464
1697.9280351267,97.0545477460
1698.6420502802,97.1848313074
1699.3560654338,96.9477645146
1700.0700805873,93.7610611677
1700.7840957409,98.3807039447
1701.4981108944,97.4422419661
1702.2121260480,97.1602320975
1702.9261412015,97.1918425811
1703.6401563550,96.9999930421
1704.3541715086,97.0288110001
1705.0681866621,97.3749732398
1705.7822018157,97.3113815144
1706.4962169692,97.3911878385
1707.2102321228,97.3767343658
1707.9242472763,97.1326829319
1708.6382624298,97.0877769877
1709.3522775834,97.1009301246
1710.0662927369,97.0614329084
1710.7803078905,97.1767372489
1711.4943230440,97.1143176064
1712.2083381976,97.0110158356
1712.9223533511,97.0625719154
1713.6363685046,97.0138767573
1714.3503836582,96.9926339762
1715.0643988117,97.1724566066
1715.7784139653,97.1062001683
1716.4924291188,97.0193075682
1717.2064442724,97.1000442859
1717.9204594259,97.4315176496
1718.6344745795,97.4311874427
1719.3484897330,97.2747242280
1720.0625048865,97.1412725641
1720.7765200401,97.0449084667
1721.4905351936,97.0908201021
1722.2045503472,97.1748542132
1722.9185655007,97.1002396165
1723.6325806543,97.1511724036
1724.3465958078,97.1986284762
1725.0606109613,97.0551078220
1725.7746261149,97.1126277976
1726.4886412684,97.1686279461
1727.2026564220,96.9938534811
1727.9166715755,97.0090891417
1728.6306867291,97.0279961872
1729.3447018826,96.9211678233
1730.0587170362,97.0754588648
1730.7727321897,97.1425798665
1731.4867473432,97.0891935760
1732.2007624968,97.0891978468
1732.9147776503,97.0139844344
1733.6287928039,97.1384823463
1734.3428079574,97.3870093794
1735.0568231110,97.2726691259
1735.7708382645,97.3098531442
1736.4848534180,97.2053584752
1737.1988685716,97.0793863791
1737.9128837251,97.2495010858
1738.6268988787,97.2544532392
1739.3409140322,97.2556616312
1740.0549291858,97.5910484694
1740.7689443393,97.4256300998
1741.4829594928,97.1861161372
1742.1969746464,97.0835637079
1742.9109897999,97.1213397092
1743.6250049535,97.2590611086
1744.3390201070,97.2847949780
1745.0530352606,97.3165931899
1745.7670504141,97.2871722641
1746.4810655677,97.1658896379
1747.1950807212,97.2822642997
1747.9090958747,97.2968030392
1748.6231110283,97.1694349951
1749.3371261818,97.4389339188
1750.0511413354,97.3603663954
1750.7651564889,97.0095904601
1751.4791716425,97.3412051310
1752.1931867960,97.4386061290
1752.9072019495,97.3024566838
1753.6212171031,97.3238249814
1754.3352322566,97.2512862077
1755.0492474102,97.2224544680
1755.7632625637,97.2841806104
1756.4772777173,97.2392054131
1757.1912928708,97.4030056845
1757.9053080244,97.3925338237
1758.6193231779,97.2123118356
1759.3333383314,97.3260739482
1760.0473534850,97.3819254211
1760.7613686385,97.2344498778
1761.4753837921,97.3807782724
1762.1893989456,97.5111238996
1762.9034140992,97.3079678689
1763.6174292527,97.2853880897
1764.3314444062,97.3498080280
1765.0454595598,97.2976797382
1765.7594747133,97.2331719018
1766.4734898669,97.2769933483
1767.1875050204,97.2532493630
1767.9015201740,97.1383478201
1768.6155353275,97.3715646088
1769.3295504810,97.3747616485
1770.0435656346,97.1794646843
1770.7575807881,97.3621062914
1771.4715959417,97.6002611744
1772.1856110952,97.3783908049
1772.8996262488,97.5513429530
1773.6136414023,97.5823974005
1774.3276565559,97.3634641770
1775.0416717094,97.3725570855
1775.7556868629,97.5054505601
1776.4697020165,97.4607617342
1777.1837171700,97.4595446952
1777.8977323236,97.4273708274
1778.6117474771,97.3772015873
1779.3257626307,97.3781905845
1780.0397777842,97.3211113153
1780.7537929377,97.3811648190
1781.4678080913,97.4756365701
1782.1818232448,97.4208836023
1782.8958383984,97.4196819596
1783.6098535519,97.4090443183
1784.3238687055,97.3339053875
1785.0378838590,97.4411851680
1785.7518990126,97.4660151436
1786.4659141661,97.3468984004
1787.1799293196,97.3619657318
1787.8939444732,97.3816124994
1788.6079596267,97.3270466876
1789.3219747803,97.3784713151
1790.0359899338,97.4033312153
1790.7500050874,97.4079478995
1791.4640202409,97.4571318207
1792.1780353944,97.3817914811
1792.8920505480,97.3961248023
1793.6060657015,97.5001074515
1794.3200808551,97.4148020138
1795.0340960086,97.4115795468
1795.7481111622,97.5001892594
1796.4621263157,97.4046638229
1797.1761414693,97.4226429156
1797.8901566228,97.5042835394
1798.6041717763,97.4179986105
1799.3181869299,97.4651332897
1800.0322020834,97.5672231878
1800.7462172370,97.3751785381
1801.4602323905,97.2794065210
1802.1742475441,97.4590144807
1802.8882626976,97.5408475260
1803.6022778511,97.4621567119
1804.3162930047,97.4068145331
1805.0303081582,97.4280741599
1805.7443233118,97.4438350028
1806.4583384653,97.4076713523
1807.1723536189,97.3909195888
1807.8863687724,97.4317217033
1808.6003839259,97.4654871748
1809.3143990795,97.4192895120
1810.0284142330,97.4377599234
1810.7424293866,97.6116108671
1811.4564445401,97.5138293660
1812.1704596937,97.3442496673
1812.8844748472,97.4819227666
1813.5984900008,97.5459051817
1814.3125051543,97.4130845767
1815.0265203078,97.4537334775
1815.7405354614,97.5719923111
1816.4545506149,97.6000679912
1817.1685657685,97.5060062603
1817.8825809220,97.3538884667
1818.5965960756,97.4024609641
1819.3106112291,97.4267905684
1820.0246263826,97.3583168291
1820.7386415362,97.5104202126
1821.4526566897,97.5203985954
1822.1666718433,97.3548465148
1822.8806869968,97.4864178721
1823.5947021504,97.5235178254
1824.3087173039,97.3655176356
1825.0227324575,97.4310310826
1825.7367476110,97.4669798668
1826.4507627645,97.3920376260
1827.1647779181,97.4849621181
1827.8787930716,97.5320815945
1828.5928082252,97.4807712789
1829.3068233787,97.5576777104
1830.0208385323,97.6926270933
1830.7348536858,97.6119873377
1831.4488688393,97.4890779877
1832.1628839929,97.4395415575
1832.8768991464,97.5125292161
1833.5909143000,97.5505385038
1834.3049294535,97.5006245892
1835.0189446071,97.5515415600
1835.7329597606,97.6320050944
1836.4469749141,97.4794862500
1837.1609900677,97.4171020485
1837.8750052212,97.6306238079
1838.5890203748,97.4762419190
1839.3030355283,97.2202319948
1840.0170506819,97.4526261840
1840.7310658354,97.5542747566
1841.4450809890,97.4215427323
1842.1590961425,97.5065268549
1842.8731112960,97.4393182097
1843.5871264496,97.3367861913
1844.3011416031,97.6673253172
1845.0151567567,97.5419593464
1845.7291719102,97.4570841309
1846.4431870638,97.5522293105
1847.1572022173,97.4791637552
1847.8712173708,97.5207843002
1848.5852325244,97.6979498808
1849.2992476779,97.6923645683
1850.0132628315,97.6554275870
1850.7272779850,97.4843497280
1851.4412931386,97.3358850687
1852.1553082921,97.4280781180
1852.8693234457,97.5045095867
1853.5833385992,97.5214466652
1854.2973537527,97.4975335573
1855.0113689063,97.4274625245
1855.7253840598,97.5040273228
1856.4393992134,97.4731011651
1857.1534143669,97.3531453327
1857.8674295205,97.5018240851
1858.5814446740,97.5258255366
1859.2954598275,97.3722809672
1860.0094749811,97.5078596091
1860.7234901346,97.6167322301
1861.4375052882,97.4563983716
1862.1515204417,97.3620965190
1862.8655355953,97.4199698723
1863.5795507488,97.4186217284
1864.2935659023,97.3107776866
1865.0075810559,97.3736685854
1865.7215962094,97.5762425762
1866.4356113630,97.5450998865
1867.1496265165,97.4875551183
1867.8636416701,97.5585812256
1868.5776568236,97.4872766147
1869.2916719772,97.4739188355
1870.0056871307,97.5443324260
1870.7197022842,97.4728370941
1871.4337174378,97.4972779901
1872.1477325913,97.5940520237
1872.8617477449,97.5920640369
1873.5757628984,97.5604254467
1874.2897780520,97.4665419177
1875.0037932055,97.4231048116
1875.7178083590,97.4930106354
1876.4318235126,97.4642148482
1877.1458386661,97.4113636173
1877.8598538197,97.4783483321
1878.5738689732,97.4785130262
1879.2878841268,97.3982701579
1880.0018992803,97.4398644561
1880.7159144339,97.5457425207
1881.4299295874,97.5062295461
1882.1439447409,97.3777293753
1882.8579598945,97.4306173384
1883.5719750480,97.5854602031
1884.2859902016,97.5011492600
1885.0000053551,97.3410732879
1885.7140205087,97.4964250343
1886.4280356622,97.6657984500
1887.1420508157,97.5711521601
1887.8560659693,97.5524654326
1888.5700811228,97.6040236624
1889.2840962764,97.4786437939
1889.9981114299,97.5550148823
1890.7121265835,97.6492969821
1891.4261417370,97.4577835868
1892.1401568905,97.4177957181
1892.8541720441,97.5008353843
1893.5681871976,97.3944812210
1894.2822023512,97.4441576637
1894.9962175047,97.6059563221
1895.7102326583,97.6350508583
1896.4242478118,97.6042193126
1897.1382629654,97.4422171797
1897.8522781189,97.4792201272
1898.5662932724,97.7413251373
1899.2803084260,97.6222001940
1899.9943235795,97.4893575888
1900.7083387331,97.6186878488
1901.4223538866,97.5446813727
1902.1363690402,97.5798260128
1902.8503841937,97.7174732632
1903.5643993472,97.5084415348
1904.2784145008,97.4275162405
1904.9924296543,97.5892872140
1905.7064448079,97.6313042773
1906.4204599614,97.6377405071
1907.1344751150,97.5262182982
1907.8484902685,97.4623873943
1908.5625054221,97.6430819848
1909.2765205756,97.5886150977
1909.9905357291,97.4326730611
1910.7045508827,97.5173240452
1911.4185660362,97.5196935441
1912.1325811898,97.5336728363
1912.8465963433,97.5746553875
1913.5606114969,97.4732842066
1914.2746266504,97.4819907101
1914.9886418039,97.5463105698
1915.7026569575,97.6254361597
1916.4166721110,97.7513914211
1917.1306872646,97.5376979673
1917.8447024181,97.2065339348
1918.5587175717,97.4607356208
1919.2727327252,97.5990075141
1919.9867478788,97.6271488319
1920.7007630323,97.7179396019
1921.4147781858,97.6358930817
1922.1287933394,97.6660982492
1922.8428084929,97.8367510572
1923.5568236465,97.8749378463
1924.2708388000,98.0086346807
1924.9848539536,97.8923070021
1925.6988691071,97.4627481388
1926.4128842606,97.4097512178
1927.1268994142,97.6017482482
1927.8409145677,97.6908937707
1928.5549297213,97.7543188857
1929.2689448748,97.6434468315
1929.9829600284,97.5182213389
1930.6969751819,97.5820907343
1931.4109903354,97.6070433122
1932.1250054890,97.6649840285
1932.8390206425,97.8335422930
1933.5530357961,97.8509916206
1934.2670509496,97.6180849772
1934.9810661032,97.4227869547
1935.6950812567,97.5747340819
1936.4090964103,97.7567156139
1937.1231115638,97.6102489647
1937.8371267173,97.5771625730
1938.5511418709,97.7866263242
1939.2651570244,97.7847181100
1939.9791721780,97.5036257540
1940.6931873315,97.3045963565
1941.4072024851,97.4511678295
1942.1212176386,97.7063607503
1942.8352327921,97.7711971017
1943.5492479457,97.7692467373
1944.2632630992,97.7206847713
1944.9772782528,97.7102950099
1945.6912934063,97.7618340953
1946.4053085599,97.6009504874
1947.1193237134,97.6814395570
1947.8333388670,98.0268009173
1948.5473540205,97.9279906738
1949.2613691740,97.6509147207
1949.9753843276,97.5667796366
1950.6893994811,97.7496667517
1951.4034146347,97.9844034370
1952.1174297882,97.4306547327
1952.8314449418,97.2598249167
1953.5454600953,98.1664434160
1954.2594752488,97.7366059866
1954.9734904024,96.7313906031
1955.6875055559,97.4557986399
1956.4015207095,97.9579853344
1957.1155358630,97.7036584795
1957.8295510166,98.0505466346
1958.5435661701,98.1173160511
1959.2575813236,97.8606578768
1959.9715964772,97.9044536796
1960.6856116307,97.8904495781
1961.3996267843,98.0528807398
1962.1136419378,98.1364658118
1962.8276570914,97.9416419864
1963.5416722449,97.8507276498
1964.2556873985,97.7967221416
1964.9697025520,98.2276930175
1965.6837177055,98.5314839199
1966.3977328591,97.7423782599
1967.1117480126,97.3273960639
1967.8257631662,97.6178235528
1968.5397783197,97.6390656672
1969.2537934733,98.0030400991
1969.9678086268,98.1574667108
1970.6818237803,97.8540793388
1971.3958389339,98.2701450871
1972.1098540874,98.5763327415
1972.8238692410,98.1143041860
1973.5378843945,97.8671043089
1974.2518995481,97.8973339707
1974.9659147016,97.8376617858
1975.6799298552,97.6339577586
1976.3939450087,97.5307407684
1977.1079601622,97.7928046714
1977.8219753158,98.0192442333
1978.5359904693,97.9377698476
1979.2500056229,97.8102028253
1979.9640207764,98.0609893295
1980.6780359300,98.2681673143
1981.3920510835,97.4222487500
1982.1060662370,96.7169177067
1982.8200813906,97.3589048480
1983.5340965441,97.8111430525
1984.2481116977,97.7869538738
1984.9621268512,98.1831714396
1985.6761420048,98.0486473750
1986.3901571583,97.3134237947
1987.1041723118,97.2226577405
1987.8181874654,97.5501401438
1988.5322026189,97.6099676377
1989.2462177725,97.5299133834
1989.9602329260,97.5397920789
1990.6742480796,97.5238876807
1991.3882632331,97.5481599541
1992.1022783867,97.7052241942
1992.8162935402,97.4260462788
1993.5303086937,96.9874326239
1994.2443238473,97.1559522403
1994.9583390008,97.6539591571
1995.6723541544,97.7596080885
1996.3863693079,97.6178073453
1997.1003844615,97.6157056017
1997.8143996150,97.6685252725
1998.5284147685,97.5053458501
1999.2424299221,97.4921975383
1999.9564450756,97.5086559886
2000.6704602292,97.1911805136
2001.3844753827,97.3386997967
2002.0984905363,97.7193625922
2002.8125056898,97.6774753906
2003.5265208434,98.0228172252
2004.2405359969,98.2005713169
2004.9545511504,97.9201231117
2005.6685663040,98.3926231765
2006.3825814575,98.4687836903
2007.0965966111,97.8543785065
2007.8106117646,98.0430487685
2008.5246269182,98.0716092719
2009.2386420717,97.7801081201
2009.9526572252,97.8269756461
2010.6666723788,97.6312549516
2011.3806875323,97.5685336177
2012.0947026859,97.5717827477
2012.8087178394,97.4545080378
2013.5227329930,97.8513865791
2014.2367481465,97.8315684360
2014.9507633000,97.5590341852
2015.6647784536,98.2213361676
2016.3787936071,98.6044454492
2017.0928087607,97.9894780421
2017.8068239142,97.3439822932
2018.5208390678,97.2579689031
2019.2348542213,97.6696859252
2019.9488693749,97.6664833640
2020.6628845284,97.5679712208
2021.3768996819,97.6610086950
2022.0909148355,97.2142598250
2022.8049299890,97.2772729707
2023.5189451426,97.7867828277
2024.2329602961,97.7100661103
2024.9469754497,97.8588465371
2025.6609906032,97.6169803835
2026.3750057567,97.4220902348
2027.0890209103,98.1288066200
2027.8030360638,97.5652581550
2028.5170512174,97.0423181714
2029.2310663709,97.9469495667
2029.9450815245,97.4760814849
2030.6590966780,96.7372583730
2031.3731118316,96.9558362875
2032.0871269851,96.7914855580
2032.8011421386,97.4679684833
2033.5151572922,97.7402609947
2034.2291724457,96.7520650568
2034.9431875993,97.0850534545
2035.6572027528,97.0596846190
2036.3712179064,96.3178381952
2037.0852330599,97.3019290527
2037.7992482134,97.7465977175
2038.5132633670,96.9318452102
2039.2272785205,97.0749331172
2039.9412936741,97.5038439548
2040.6553088276,97.4255264596
2041.3693239812,97.1485315645
2042.0833391347,96.9964255981
2042.7973542883,97.0299088374
2043.5113694418,96.9029425401
2044.2253845953,97.0131348342
2044.9393997489,96.9637650805
2045.6534149024,96.5615050639
2046.3674300560,97.3009569141
2047.0814452095,97.8762056696
2047.7954603631,97.0224377584
2048.5094755166,96.8385986799
2049.2234906701,97.1241838158
2049.9375058237,96.8937266517
2050.6515209772,96.9414519542
2051.3655361308,96.9102963613
2052.0795512843,96.9040578277
2052.7935664379,97.2497916369
2053.5075815914,97.1658112506
2054.2215967449,96.8829275683
2054.9356118985,96.8479884061
2055.6496270520,96.8468632792
2056.3636422056,96.9193504368
2057.0776573591,96.9523190101
2057.7916725127,97.0421334033
2058.5056876662,97.0038737074
2059.2197028198,96.6333489423
2059.9337179733,96.7461145069
2060.6477331268,97.1213299856
2061.3617482804,97.0159270265
2062.0757634339,96.9415725178
2062.7897785875,96.9648406601
2063.5037937410,97.0697140304
2064.2178088946,97.3641254272
2064.9318240481,97.1923912883
2065.6458392016,96.8677187116
2066.3598543552,96.9661132001
2067.0738695087,97.0209469189
2067.7878846623,96.8770297062
2068.5018998158,96.7412584286
2069.2159149694,96.9450515169
2069.9299301229,97.2708746398
2070.6439452765,97.0793045134
2071.3579604300,97.0442618090
2072.0719755835,97.3108961319
2072.7859907371,97.0335010416
2073.5000058906,96.8097052065
2074.2140210442,96.9192303386
2074.9280361977,96.8180187352
2075.6420513513,96.9016507688
2076.3560665048,97.0380721144
2077.0700816583,96.8429071632
2077.7840968119,96.7160929780
2078.4981119654,96.7502588207
2079.2121271190,96.9396888944
2079.9261422725,97.1297168033
2080.6401574261,97.0318780600
2081.3541725796,96.9509135923
2082.0681877331,96.8755561462
2082.7822028867,96.7763790485
2083.4962180402,97.0263638334
2084.2102331938,97.2271410196
2084.9242483473,97.0258770735
2085.6382635009,96.7356909026
2086.3522786544,96.6661668687
2087.0662938080,97.1117143056
2087.7803089615,97.5660102361
2088.4943241150,97.2936205544
2089.2083392686,96.9059287903
2089.9223544221,96.9653431333
2090.6363695757,97.0221405106
2091.3503847292,96.9524617299
2092.0643998828,97.0614510077
2092.7784150363,97.2130575958
2093.4924301898,97.0746454841
2094.2064453434,96.9361106075
2094.9204604969,97.0988657529
2095.6344756505,97.1678541283
2096.3484908040,97.1148888647
2097.0625059576,97.1743719375
2097.7765211111,97.0813198186
2098.4905362647,96.9220087482
2099.2045514182,96.9867785980
2099.9185665717,97.0881275283
2100.6325817253,97.1537839836
2101.3465968788,97.1963339214
2102.0606120324,97.1013747817
2102.7746271859,96.9748504226
2103.4886423395,97.0218660222
2104.2026574930,97.0945163451
2104.9166726465,97.0190290266
2105.6306878001,97.0972981702
2106.3447029536,97.2421230916
2107.0587181072,96.9996784394
2107.7727332607,96.9281191029
2108.4867484143,97.2597536342
2109.2007635678,97.2043622810
2109.9147787213,97.0228266198
2110.6287938749,97.1979585601
2111.3428090284,97.2742753556
2112.0568241820,97.2124875291
2112.7708393355,97.0879863746
2113.4848544891,96.8813235585
2114.1988696426,97.0090210793
2114.9128847962,97.3114823645
2115.6268999497,97.2467214340
2116.3409151032,97.0440465208
2117.0549302568,97.0747593123
2117.7689454103,97.1136229964
2118.4829605639,96.9641265301
2119.1969757174,97.0154736503
2119.9109908710,97.2305912431
2120.6250060245,97.0302943760
2121.3390211780,96.8103391254
2122.0530363316,96.9439635464
2122.7670514851,96.9351490090
2123.4810666387,97.0244413149
2124.1950817922,97.4049578891
2124.9090969458,97.4146130602
2125.6231120993,97.1418128395
2126.3371272529,97.1524765765
2127.0511424064,97.4694018551
2127.7651575599,97.5989685090
2128.4791727135,97.1983837010
2129.1931878670,96.9753172665
2129.9072030206,97.3227609956
2130.6212181741,97.5420626142
2131.3352333277,97.4987101560
2132.0492484812,97.3731058716
2132.7632636347,97.2813126174
2133.4772787883,97.4226051242
2134.1912939418,97.3231954936
2134.9053090954,97.0607276060
2135.6193242489,97.3559316526
2136.3333394025,97.5564485961
2137.0473545560,97.2841816334
2137.7613697095,97.3187751595
2138.4753848631,97.4622796012
2139.1894000166,97.3841976571
2139.9034151702,97.5451334818
2140.6174303237,97.6588832202
2141.3314454773,97.3949193767
2142.0454606308,97.4519794091
2142.7594757844,97.5375927323
2143.4734909379,96.9945855565
2144.1875060914,97.0444865396
2144.9015212450,97.8590963626
2145.6155363985,97.7803707643
2146.3295515521,97.3258760847
2147.0435667056,97.3738533568
2147.7575818592,97.4359604752
2148.4715970127,97.7590853127
2149.1856121662,97.9286280841
2149.8996273198,97.4962343066
2150.6136424733,97.5959484077
2151.3276576269,97.9408637686
2152.0416727804,97.7567222244
2152.7556879340,97.7371073402
2153.4697030875,97.8701148614
2154.1837182411,98.0497791043
2154.8977333946,98.3271353537
2155.6117485481,98.1084152037
2156.3257637017,97.8567572171
2157.0397788552,98.2899118622
2157.7537940088,98.7087998433
2158.4678091623,97.8476170156
2159.1818243159,96.6965212439
2159.8958394694,97.2186478594
2160.6098546229,97.7160079708
2161.3238697765,96.8633104937
2162.0378849300,96.5666227623
2162.7519000836,96.7603574499
2163.4659152371,96.8524718521
2164.1799303907,97.4776854289
2164.8939455442,97.2731239564
2165.6079606978,96.8121492310
2166.3219758513,97.3480806592
2167.0359910048,96.6471532649
2167.7500061584,95.6765139560
2168.4640213119,97.0759760226
2169.1780364655,98.1774299102
2169.8920516190,97.6754569810
2170.6060667726,97.5547558245
2171.3200819261,97.7160942946
2172.0340970796,97.4034425610
2172.7481122332,97.2669906589
2173.4621273867,97.1817597497
2174.1761425403,96.8751431054
2174.8901576938,97.1045841860
2175.6041728474,97.5839431481
2176.3181880009,97.0095858762
2177.0322031544,96.2770198808
2177.7462183080,96.4720475716
2178.4602334615,96.8150810262
2179.1742486151,97.0056800645
2179.8882637686,97.3383695940
2180.6022789222,97.2804772792
2181.3162940757,97.1226109766
2182.0303092293,96.9250179126
2182.7443243828,96.7019286546
2183.4583395363,97.1801102205
2184.1723546899,97.4887927447
2184.8863698434,97.0428437004
2185.6003849970,97.0611361829
2186.3144001505,97.2936299602
2187.0284153041,96.9231246513
2187.7424304576,96.5976557147
2188.4564456111,96.6896217648
2189.1704607647,96.7897386435
2189.8844759182,96.7078266577
2190.5984910718,96.5926164493
2191.3125062253,96.6859968434
2192.0265213789,96.9416726278
2192.7405365324,97.2065810259
2193.4545516860,97.1898683786
2194.1685668395,96.9481944376
2194.8825819930,96.9043603461
2195.5965971466,96.8850476636
2196.3106123001,96.7959087495
2197.0246274537,96.7200816474
2197.7386426072,96.6723933274
2198.4526577608,96.9714356668
2199.1666729143,97.1492814191
2199.8806880678,96.8383739923
2200.5947032214,96.8462934759
2201.3087183749,96.8747957714
2202.0227335285,96.8570998807
2202.7367486820,97.1114434701
2203.4507638356,96.6229611733
2204.1647789891,96.3243137163
2204.8787941426,97.0565662936
2205.5928092962,96.9919347983
2206.3068244497,96.7044530029
2207.0208396033,97.0496785350
2207.7348547568,96.7434671187
2208.4488699104,96.6426785801
2209.1628850639,97.1525059388
2209.8769002175,97.0710623502
2210.5909153710,96.9909122366
2211.3049305245,96.8515312287
2212.0189456781,96.4450972330
2212.7329608316,96.6767943075
2213.4469759852,96.8888056349
2214.1609911387,96.7418888032
2214.8750062923,96.7787502802
2215.5890214458,96.7557457201
2216.3030365993,97.0000799786
2217.0170517529,97.2593366845
2217.7310669064,96.8984085678
2218.4450820600,96.6463332611
2219.1590972135,96.6194589486
2219.8731123671,96.5235284997
2220.5871275206,96.8836653468
2221.3011426742,97.0704438542
2222.0151578277,96.6215958843
2222.7291729812,96.5080146619
2223.4431881348,97.0519679642
2224.1572032883,97.2910612584
2224.8712184419,96.7677742825
2225.5852335954,96.6860138696
2226.2992487490,97.3137396722
2227.0132639025,97.2906351010
2227.7272790560,96.8243044302
2228.4412942096,96.7472873574
2229.1553093631,96.7666164164
2229.8693245167,96.8420793620
2230.5833396702,96.9834144948
2231.2973548238,96.8093077391
2232.0113699773,96.5962232211
2232.7253851308,96.8346629617
2233.4394002844,97.0196852883
2234.1534154379,96.6144902036
2234.8674305915,96.4483991861
2235.5814457450,96.7555610283
2236.2954608986,96.5287452613
2237.0094760521,96.2218981858
2237.7234912057,96.5150574201
2238.4375063592,96.6285760607
2239.1515215127,96.7015601843
2239.8655366663,96.9463285031
2240.5795518198,96.8081811786
2241.2935669734,96.6668662521
2242.0075821269,96.6073254151
2242.7215972805,96.5113576475
2243.4356124340,96.6188677744
2244.1496275875,96.5139323369
2244.8636427411,96.4969363993
2245.5776578946,96.8379110278
2246.2916730482,96.7040489205
2247.0056882017,96.4887744094
2247.7197033553,96.5462872637
2248.4337185088,96.4255689413
2249.1477336624,96.4905854895
2249.8617488159,96.6482194526
2250.5757639694,96.6715936067
2251.2897791230,96.7954928868
2252.0037942765,96.7663601281
2252.7178094301,96.9242386400
2253.4318245836,97.0388688183
2254.1458397372,96.6445339361
2254.8598548907,96.6583225789
2255.5738700442,96.8254484272
2256.2878851978,96.5406761915
2257.0019003513,96.6015561230
2257.7159155049,96.6345335512
2258.4299306584,96.3816357900
2259.1439458120,96.5673280223
2259.8579609655,96.6975364874
2260.5719761190,96.6695773850
2261.2859912726,96.8064169606
2262.0000064261,96.7527602162
2262.7140215797,96.6870606318
2263.4280367332,96.7548541852
2264.1420518868,96.7473293520
2264.8560670403,96.6043775060
2265.5700821939,96.4646147554
2266.2840973474,96.7490049790
2266.9981125009,96.8601745268
2267.7121276545,96.4141264682
2268.4261428080,96.5308453329
2269.1401579616,96.8293492078
2269.8541731151,96.6089367141
2270.5681882687,96.6445884839
2271.2822034222,96.6295099247
2271.9962185757,96.5327241974
2272.7102337293,96.8367305572
2273.4242488828,96.6761171641
2274.1382640364,96.3945045095
2274.8522791899,96.6357481051
2275.5662943435,96.5616917946
2276.2803094970,96.4696431559
2276.9943246506,96.6831793931
2277.7083398041,96.5822236626
2278.4223549576,96.4957815512
2279.1363701112,96.6740568699
2279.8503852647,96.7703067109
2280.5644004183,96.6948681826
2281.2784155718,96.5657895601
2281.9924307254,96.5341319316
2282.7064458789,96.4983712913
2283.4204610324,96.3929380366
2284.1344761860,96.3990224622
2284.8484913395,96.4511269202
2285.5625064931,96.6027288896
2286.2765216466,96.6478037108
2286.9905368002,96.5004881543
2287.7045519537,96.6632859715
2288.4185671072,96.6999970850
2289.1325822608,96.4957065482
2289.8465974143,96.7458765868
2290.5606125679,96.8085035235
2291.2746277214,96.5712745387
2291.9886428750,96.6872055742
2292.7026580285,96.6433051475
2293.4166731821,96.5434615116
2294.1306883356,96.7838106746
2294.8447034891,96.7566255184
2295.5587186427,96.6420856254
2296.2727337962,96.6870426287
2296.9867489498,96.6401239355
2297.7007641033,96.6737876385
2298.4147792569,96.7336968730
2299.1287944104,96.7033633399
2299.8428095639,96.6214541451
2300.5568247175,96.6042662421
2301.2708398710,96.8388976171
2301.9848550246,96.7612013054
2302.6988701781,96.5399784597
2303.4128853317,96.8361364616
2304.1269004852,96.8833844452
2304.8409156388,96.8079203255
2305.5549307923,96.8882229624
2306.2689459458,96.6068384139
2306.9829610994,96.6347272702
2307.6969762529,96.9152090477
2308.4109914065,96.5980733302
2309.1250065600,96.7038447165
2309.8390217136,96.8481266400
2310.5530368671,96.4980922096
2311.2670520206,96.8993717301
2311.9810671742,96.9002866461
2312.6950823277,96.4309250141
2313.4090974813,96.8922126557
2314.1231126348,96.8528481424
2314.8371277884,96.4339629944
2315.5511429419,96.7233846317
2316.2651580955,96.6289299440
2316.9791732490,96.7313454885
2317.6931884025,97.0294362827
2318.4072035561,96.6450493453
2319.1212187096,96.7922937975
2319.8352338632,96.9911144364
2320.5492490167,96.6189176904
2321.2632641703,96.9588058378
2321.9772793238,96.9867343243
2322.6912944773,96.5355200145
2323.4053096309,96.7336011055
2324.1193247844,96.7018359084
2324.8333399380,96.6679748468
2325.5473550915,97.0785254953
2326.2613702451,96.9527743312
2326.9753853986,96.9498873513
2327.6894005521,97.0835922685
2328.4034157057,96.8311945441
2329.1174308592,96.8463469659
2329.8314460128,96.9146564945
2330.5454611663,96.8533412867
2331.2594763199,97.1255198155
2331.9734914734,97.0384105015
2332.6875066270,96.8393497483
2333.4015217805,96.9500455528
2334.1155369340,96.8493174698
2334.8295520876,96.8178354769
2335.5435672411,96.9816814594
2336.2575823947,97.0558786980
2336.9715975482,97.1502981693
2337.6856127018,96.9722173433
2338.3996278553,96.8166476350
2339.1136430088,96.9975656736
2339.8276581624,97.0020105138
2340.5416733159,97.0000066476
2341.2556884695,97.1288232085
2341.9697036230,97.0993942319
2342.6837187766,97.0789843380
2343.3977339301,97.0332591157
2344.1117490837,96.9955553013
2344.8257642372,97.0900098442
2345.5397793907,97.0926422507
2346.2537945443,97.0718557679
2346.9678096978,97.0083527589
2347.6818248514,96.9180133383
2348.3958400049,96.9804693302
2349.1098551585,96.9725856188
2349.8238703120,96.9176211023
2350.5378854655,96.9358006261
2351.2519006191,96.9016574052
2351.9659157726,96.8808635638
2352.6799309262,96.8852998468
2353.3939460797,96.7409162110
2354.1079612333,96.7214514322
2354.8219763868,96.8583464150
2355.5359915403,96.8623461116
2356.2500066939,96.8618429503
2356.9640218474,96.7668083416
2357.6780370010,96.7638749342
2358.3920521545,96.9902932775
2359.1060673081,96.9436501954
2359.8200824616,96.9012669041
2360.5340976152,96.9201240496
2361.2481127687,96.7766586887
2361.9621279222,96.8669226163
2362.6761430758,97.0051282329
2363.3901582293,97.0514115341
2364.1041733829,97.2622690213
2364.8181885364,97.1244787427
2365.5322036900,96.8485820503
2366.2462188435,96.9346138201
2366.9602339970,97.0127849680
2367.6742491506,97.0443730922
2368.3882643041,97.0560541703
2369.1022794577,96.9829908983
2369.8162946112,97.0442406515
2370.5303097648,97.0110481284
2371.2443249183,96.8968976189
2371.9583400719,96.9590514497
2372.6723552254,96.9031323079
2373.3863703789,96.8259684119
2374.1003855325,96.9126708511
2374.8144006860,96.8675825173
2375.5284158396,96.8122545297
2376.2424309931,96.8590367540
2376.9564461467,96.7653672178
2377.6704613002,96.6880967226
2378.3844764537,96.7273569718
2379.0984916073,96.7389926851
2379.8125067608,96.7580487150
2380.5265219144,96.7945959078
2381.2405370679,96.7620595118
2381.9545522215,96.6928327571
2382.6685673750,96.7155430302
2383.3825825285,96.7620253636
2384.0965976821,96.7253179903
2384.8106128356,96.7459752054
2385.5246279892,96.7735480681
2386.2386431427,96.6890120374
2386.9526582963,96.7116459535
2387.6666734498,96.7773467707
2388.3806886034,96.6502812063
2389.0947037569,96.5816734514
2389.8087189104,96.6326089157
2390.5227340640,96.6412704475
2391.2367492175,96.6375644836
2391.9507643711,96.6702190160
2392.6647795246,96.6531255162
2393.3787946782,96.7598878913
2394.0928098317,96.6954152698
2394.8068249852,96.6600623841
2395.5208401388,96.6754038564
2396.2348552923,96.5552629064
2396.9488704459,96.5886414995
2397.6628855994,96.7599611028
2398.3769007530,96.7336744653
2399.0909159065,96.7215404633
2399.8049310601,96.6673142976
2400.5189462136,96.7206847635
2401.2329613671,96.7313569285
2401.9469765207,96.6792462334
2402.6609916742,96.7634057445
2403.3750068278,96.7486797334
2404.0890219813,96.6763121071
2404.8030371349,96.7377899412
2405.5170522884,96.6446013711
2406.2310674419,96.6534776872
2406.9450825955,96.8546028188
2407.6590977490,96.7203113472
2408.3731129026,96.6077864081
2409.0871280561,96.7416946908
2409.8011432097,96.7121756334
2410.5151583632,96.6896384322
2411.2291735167,96.6553101493
2411.9431886703,96.5374063516
2412.6572038238,96.6650628888
2413.3712189774,96.8100389564
2414.0852341309,96.8255428849
2414.7992492845,96.8006950126
2415.5132644380,96.6462919082
2416.2272795916,96.6526445820
2416.9412947451,96.7366876506
2417.6553098986,96.5637792222
2418.3693250522,96.5885819743
2419.0833402057,96.7767815877
2419.7973553593,96.6517196229
2420.5113705128,96.4993332156
2421.2253856664,96.5496493503
2421.9394008199,96.6515437406
2422.6534159734,96.6781481939
2423.3674311270,96.6309612038
2424.0814462805,96.6902645192
2424.7954614341,96.7002063432
2425.5094765876,96.5518314986
2426.2234917412,96.6439930327
2426.9375068947,96.8478695960
2427.6515220483,96.7543907972
2428.3655372018,96.5884782861
2429.0795523553,96.5808695636
2429.7935675089,96.6141675148
2430.5075826624,96.6516156391
2431.2215978160,96.7212203545
2431.9356129695,96.7068283388
2432.6496281231,96.5919772185
2433.3636432766,96.5682058370
2434.0776584301,96.5830195965
2434.7916735837,96.5398281284
2435.5056887372,96.5974336358
2436.2197038908,96.6010851551
2436.9337190443,96.4860654328
2437.6477341979,96.5141329928
2438.3617493514,96.5170933728
2439.0757645050,96.4485654766
2439.7897796585,96.5364433162
2440.5037948120,96.5936866539
2441.2178099656,96.5988335108
2441.9318251191,96.6664799259
2442.6458402727,96.6523844018
2443.3598554262,96.5866468731
2444.0738705798,96.5316215104
2444.7878857333,96.4918035583
2445.5019008868,96.5324703888
2446.2159160404,96.5715345730
2446.9299311939,96.6392789391
2447.6439463475,96.6463594743
2448.3579615010,96.4606726675
2449.0719766546,96.4152007163
2449.7859918081,96.4951046275
2450.5000069616,96.4195902980
2451.2140221152,96.4577848183
2451.9280372687,96.5872652467
2452.6420524223,96.5550721213
2453.3560675758,96.5061954135
2454.0700827294,96.4781075628
2454.7840978829,96.4715339277
2455.4981130365,96.5134913589
2456.2121281900,96.4855188447
2456.9261433435,96.4744025853
2457.6401584971,96.5237016679
2458.3541736506,96.5735599785
2459.0681888042,96.6535245669
2459.7822039577,96.6110308514
2460.4962191113,96.4879142180
2461.2102342648,96.5556625453
2461.9242494183,96.6717412565
2462.6382645719,96.6369059733
2463.3522797254,96.5256491347
2464.0662948790,96.4468765162
2464.7803100325,96.4780542368
2465.4943251861,96.5496091182
2466.2083403396,96.5685800758
2466.9223554932,96.5463436987
2467.6363706467,96.5483820465
2468.3503858002,96.5901876864
2469.0644009538,96.5357323525
2469.7784161073,96.4657837148
2470.4924312609,96.5443502453
2471.2064464144,96.5737512789
2471.9204615680,96.5644614338
2472.6344767215,96.5850487305
2473.3484918750,96.4856052181
2474.0625070286,96.4990075621
2474.7765221821,96.5726179054
2475.4905373357,96.4051829799
2476.2045524892,96.3974273235
2476.9185676428,96.5439516604
2477.6325827963,96.4911513497
2478.3465979498,96.5133773540
2479.0606131034,96.5120161385
2479.7746282569,96.3652380820
2480.4886434105,96.4408696149
2481.2026585640,96.4967294773
2481.9166737176,96.4168093532
2482.6306888711,96.5235371834
2483.3447040247,96.5702268753
2484.0587191782,96.4873685828
2484.7727343317,96.4957552255
2485.4867494853,96.4044050277
2486.2007646388,96.2958281871
2486.9147797924,96.4077710258
2487.6287949459,96.5304255862
2488.3428100995,96.4719734568
2489.0568252530,96.3967505235
2489.7708404065,96.4737328244
2490.4848555601,96.4871174150
2491.1988707136,96.2803973596
2491.9128858672,96.2262335775
2492.6269010207,96.3970542327
2493.3409161743,96.4243316412
2494.0549313278,96.3839766501
2494.7689464814,96.4909279567
2495.4829616349,96.5060427550
2496.1969767884,96.3829375469
2496.9109919420,96.4319528750
2497.6250070955,96.5054492007
2498.3390222491,96.3777228718
2499.0530374026,96.4080414458
2499.7670525562,96.5366391995
2500.4810677097,96.3961672945
2501.1950828632,96.3527124052
2501.9090980168,96.4594481275
2502.6231131703,96.3557975329
2503.3371283239,96.3172460175
2504.0511434774,96.3615053442
2504.7651586310,96.2956815674
2505.4791737845,96.3301346975
2506.1931889380,96.3058075315
2506.9072040916,96.2507527378
2507.6212192451,96.3978361038
2508.3352343987,96.3430788281
2509.0492495522,96.2077553464
2509.7632647058,96.3271083235
2510.4772798593,96.2764229694
2511.1912950129,96.2153861819
2511.9053101664,96.4008086829
2512.6193253199,96.3466280264
2513.3333404735,96.1981432275
2514.0473556270,96.2967084333
2514.7613707806,96.3706184275
2515.4753859341,96.3491081884
2516.1894010877,96.2921708176
2516.9034162412,96.2611931428
2517.6174313947,96.3377826071
2518.3314465483,96.2913218521
2519.0454617018,96.2034678423
2519.7594768554,96.2902486526
2520.4734920089,96.2543071387
2521.1875071625,96.1598272660
2521.9015223160,96.2749992446
2522.6155374696,96.2993492288
2523.3295526231,96.2254305835
2524.0435677766,96.2844274525
2524.7575829302,96.2663263304
2525.4715980837,96.2074929108
2526.1856132373,96.2381039503
2526.8996283908,96.1703752947
2527.6136435444,96.1961935070
2528.3276586979,96.3434319539
2529.0416738514,96.1973271568
2529.7556890050,96.0783853906
2530.4697041585,96.2463362673
2531.1837193121,96.2303669039
2531.8977344656,96.1599201095
2532.6117496192,96.2373905067
2533.3257647727,96.2118582884
2534.0397799262,96.2754333943
2534.7537950798,96.3417502580
2535.4678102333,96.1926974652
2536.1818253869,96.2410495659
2536.8958405404,96.2822703071
2537.6098556940,96.0916042725
2538.3238708475,96.2139494523
2539.0378860011,96.3605674490
2539.7519011546,96.1906218635
2540.4659163081,96.1903865828
2541.1799314617,96.2704564426
2541.8939466152,96.2499454663
2542.6079617688,96.2580564580
2543.3219769223,96.1842322996
2544.0359920759,96.2009339659
2544.7500072294,96.2705086278
2545.4640223829,96.2167462063
2546.1780375365,96.3576308928
2546.8920526900,96.4116096352
2547.6060678436,96.1891734449
2548.3200829971,96.2652156547
2549.0340981507,96.3583227749
2549.7481133042,96.2126607121
2550.4621284578,96.2459914095
2551.1761436113,96.2246484737
2551.8901587648,96.1586465310
2552.6041739184,96.2770717228
2553.3181890719,96.2117375285
2554.0322042255,96.1504872569
2554.7462193790,96.2466460107
2555.4602345326,96.1553644448
2556.1742496861,96.1740413867
2556.8882648396,96.3265808799
2557.6022799932,96.2564766710
2558.3162951467,96.2146234530
2559.0303103003,96.2124581380
2559.7443254538,96.1673434112
2560.4583406074,96.2246208476
2561.1723557609,96.1763827459
2561.8863709144,96.1316026716
2562.6003860680,96.2511034708
2563.3144012215,96.2169955652
2564.0284163751,96.2029681732
2564.7424315286,96.3180945404
2565.4564466822,96.1753300418
2566.1704618357,96.0178962975
2566.8844769893,96.1567844890
2567.5984921428,96.2700636975
2568.3125072963,96.2044843804
2569.0265224499,96.1531739953
2569.7405376034,96.2185911789
2570.4545527570,96.2322172897
2571.1685679105,96.1251242906
2571.8825830641,96.1362077363
2572.5965982176,96.1945372176
2573.3106133711,96.1159514177
2574.0246285247,96.1306102010
2574.7386436782,96.2346665270
2575.4526588318,96.1651318212
2576.1666739853,96.0681238797
2576.8806891389,96.1263886491
2577.5947042924,96.1368396872
2578.3087194460,96.0235184748
2579.0227345995,96.0325664740
2579.7367497530,96.0955677719
2580.4507649066,96.0036411386
2581.1647800601,96.0211772495
2581.8787952137,96.1730560997
2582.5928103672,96.1417776807
2583.3068255208,96.0986421415
2584.0208406743,96.1173979510
2584.7348558278,96.0444073765
2585.4488709814,96.0401879840
2586.1628861349,95.9927068783
2586.8769012885,95.8619335546
2587.5909164420,96.0047555206
2588.3049315956,96.1725929145
2589.0189467491,96.0863945030
2589.7329619027,96.0408030220
2590.4469770562,96.0181495254
2591.1609922097,95.9632216378
2591.8750073633,96.0360712763
2592.5890225168,96.0694065904
2593.3030376704,95.9726758601
2594.0170528239,95.9149838587
2594.7310679775,95.9750027855
2595.4450831310,96.0786750041
2596.1590982845,96.0403027447
2596.8731134381,95.9578808151
2597.5871285916,96.0028679064
2598.3011437452,95.9484799268
2599.0151588987,95.8367917250
2599.7291740523,95.9414948990
2600.4431892058,96.0391665863
2601.1572043593,96.0011867685
2601.8712195129,95.9971943125
2602.5852346664,95.9500258848
2603.2992498200,95.9268168971
2604.0132649735,96.0889950009
2604.7272801271,96.1082869283
2605.4412952806,95.8947035672
2606.1553104342,95.8780821456
2606.8693255877,95.9581381827
2607.5833407412,95.8771008393
2608.2973558948,95.9062421285
2609.0113710483,95.9928084524
2609.7253862019,95.9113295736
2610.4394013554,95.8904774687
2611.1534165090,95.9134550863
2611.8674316625,95.9129901071
2612.5814468160,96.0352787442
2613.2954619696,96.0163079580
2614.0094771231,95.8699213712
2614.7234922767,95.9213656048
2615.4375074302,95.9160565722
2616.1515225838,95.8297443995
2616.8655377373,95.9129983002
2617.5795528909,95.9336156767
2618.2935680444,95.8912515439
2619.0075831979,95.9209666812
2619.7215983515,95.8740795577
2620.4356135050,95.8584334253
2621.1496286586,95.8936605434
2621.8636438121,95.8330083554
2622.5776589657,95.8209399605
2623.2916741192,95.8451468079
2624.0056892727,95.8219515640
2624.7197044263,95.8600611706
2625.4337195798,95.8708880468
2626.1477347334,95.8019742640
2626.8617498869,95.7901140540
2627.5757650405,95.8140501349
2628.2897801940,95.7850689472
2629.0037953475,95.7342188239
2629.7178105011,95.7567646269
2630.4318256546,95.8255819647
2631.1458408082,95.8464789819
2631.8598559617,95.8592368407
2632.5738711153,95.8206970584
2633.2878862688,95.7142636220
2634.0019014224,95.7137765482
2634.7159165759,95.7721733967
2635.4299317294,95.7570234083
2636.1439468830,95.7163591667
2636.8579620365,95.6919828919
2637.5719771901,95.7608157653
2638.2859923436,95.8388813194
2639.0000074972,95.7553778990
2639.7140226507,95.6814089666
2640.4280378042,95.7149804530
2641.1420529578,95.7470565567
2641.8560681113,95.7795948649
2642.5700832649,95.7721160457
2643.2840984184,95.7609693919
2643.9981135720,95.7582032187
2644.7121287255,95.6460763239
2645.4261438791,95.6198195176
2646.1401590326,95.7456001734
2646.8541741861,95.7522141305
2647.5681893397,95.7103992361
2648.2822044932,95.7244723781
2648.9962196468,95.7348153419
2649.7102348003,95.7602795932
2650.4242499539,95.6833003953
2651.1382651074,95.6135414840
2651.8522802609,95.7426119030
2652.5662954145,95.7751854830
2653.2803105680,95.7018552169
2653.9943257216,95.7825239835
2654.7083408751,95.8088217800
2655.4223560287,95.7225170838
2656.1363711822,95.7121853602
2656.8503863357,95.7107157998
2657.5644014893,95.7225273030
2658.2784166428,95.7732459111
2658.9924317964,95.7504274925
2659.7064469499,95.7094131783
2660.4204621035,95.7055199851
2661.1344772570,95.6811497963
2661.8484924106,95.6970904918
2662.5625075641,95.7706171282
2663.2765227176,95.7867569945
2663.9905378712,95.7462020304
2664.7045530247,95.7246782910
2665.4185681783,95.7126460568
2666.1325833318,95.7186034706
2666.8465984854,95.7654704250
2667.5606136389,95.8123352245
2668.2746287924,95.8374354435
2668.9886439460,95.8087368800
2669.7026590995,95.7597929271
2670.4166742531,95.8105062224
2671.1306894066,95.8487177657
2671.8447045602,95.7718723175
2672.5587197137,95.7563505312
2673.2727348673,95.7881196431
2673.9867500208,95.7666834829
2674.7007651743,95.7767436817
2675.4147803279,95.7840165984
2676.1287954814,95.7873487887
2676.8428106350,95.8340751200
2677.5568257885,95.8022314079
2678.2708409421,95.7377041577
2678.9848560956,95.7408841709
2679.6988712491,95.7457369676
2680.4128864027,95.7766004515
2681.1269015562,95.8046377233
2681.8409167098,95.7758165694
2682.5549318633,95.7697098322
2683.2689470169,95.7707132879
2683.9829621704,95.7841083504
2684.6969773239,95.8198896368
2685.4109924775,95.7819105917
2686.1250076310,95.7462797152
2686.8390227846,95.7519456734
2687.5530379381,95.7298919588
2688.2670530917,95.7513702080
2688.9810682452,95.7469096439
2689.6950833988,95.6759619938
2690.4090985523,95.6867418985
2691.1231137058,95.6916888583
2691.8371288594,95.6596585389
2692.5511440129,95.7028142880
2693.2651591665,95.6774738550
2693.9791743200,95.5842491125
2694.6931894736,95.6080911221
2695.4072046271,95.6768080777
2696.1212197806,95.6913455275
2696.8352349342,95.6710043203
2697.5492500877,95.6415350127
2698.2632652413,95.6440662834
2698.9772803948,95.6464828061
2699.6912955484,95.6086126101
2700.4053107019,95.6029470624
2701.1193258555,95.6510197235
2701.8333410090,95.6394033205
2702.5473561625,95.5835743073
2703.2613713161,95.6174721612
2703.9753864696,95.6126500365
2704.6894016232,95.5086878645
2705.4034167767,95.5507340257
2706.1174319303,95.6216187686
2706.8314470838,95.5345354742
2707.5454622373,95.5290675421
2708.2594773909,95.5771514168
2708.9734925444,95.5393200544
2709.6875076980,95.5540094723
2710.4015228515,95.5418192877
2711.1155380051,95.4888988797
2711.8295531586,95.5297837047
2712.5435683122,95.5125453153
2713.2575834657,95.4549072846
2713.9715986192,95.4772950509
2714.6856137728,95.4562023142
2715.3996289263,95.4358311926
2716.1136440799,95.4581778492
2716.8276592334,95.4538608502
2717.5416743870,95.4887936477
2718.2556895405,95.4628528271
2718.9697046940,95.3704984646
2719.6837198476,95.4553748105
2720.3977350011,95.5442588526
2721.1117501547,95.4351175437
2721.8257653082,95.3996656731
2722.5397804618,95.4746445339
2723.2537956153,95.4170677622
2723.9678107688,95.3268745617
2724.6818259224,95.3821178983
2725.3958410759,95.4330248032
2726.1098562295,95.3747500109
2726.8238713830,95.3644112942
2727.5378865366,95.3987096345
2728.2519016901,95.3284826682
2728.9659168437,95.2894671539
2729.6799319972,95.4164802184
2730.3939471507,95.4812148938
2731.1079623043,95.3685120691
2731.8219774578,95.3125478900
2732.5359926114,95.3623092433
2733.2500077649,95.3526894523
2733.9640229185,95.3320767965
2734.6780380720,95.3667244836
2735.3920532255,95.3699136925
2736.1060683791,95.3477313703
2736.8200835326,95.3297655562
2737.5340986862,95.3284693714
2738.2481138397,95.3564183655
2738.9621289933,95.3150445537
2739.6761441468,95.2733400662
2740.3901593004,95.3628367707
2741.1041744539,95.3880773738
2741.8181896074,95.2996636313
2742.5322047610,95.3071137232
2743.2462199145,95.3735354948
2743.9602350681,95.3933882794
2744.6742502216,95.3822498128
2745.3882653752,95.3564219766
2746.1022805287,95.3584252382
2746.8162956822,95.3757399302
2747.5303108358,95.3480984651
2748.2443259893,95.2863755172
2748.9583411429,95.2621293164
2749.6723562964,95.3068186913
2750.3863714500,95.3459696226
2751.1003866035,95.3746955248
2751.8144017570,95.4027439593
2752.5284169106,95.3682010222
2753.2424320641,95.3945021528
2753.9564472177,95.4406638492
2754.6704623712,95.3292075387
2755.3844775248,95.3205931939
2756.0984926783,95.4002983241
2756.8125078319,95.2817921820
2757.5265229854,95.2638770537
2758.2405381389,95.3696015983
2758.9545532925,95.2999424262
2759.6685684460,95.2954814732
2760.3825835996,95.3657508276
2761.0965987531,95.3125772006
2761.8106139067,95.3059513126
2762.5246290602,95.3118678110
2763.2386442137,95.2771576431
2763.9526593673,95.2962317762
2764.6666745208,95.2577380878
2765.3806896744,95.2048857050
2766.0947048279,95.2260194763
2766.8087199815,95.2519332196
2767.5227351350,95.2875185317
2768.2367502886,95.2526021222
2768.9507654421,95.1980744705
2769.6647805956,95.2513879646
2770.3787957492,95.2363051093
2771.0928109027,95.1750816340
2771.8068260563,95.2052420475
2772.5208412098,95.2087769718
2773.2348563634,95.2152046923
2773.9488715169,95.2388999252
2774.6628866704,95.1946343992
2775.3769018240,95.1716351742
2776.0909169775,95.1905012772
2776.8049321311,95.2153243594
2777.5189472846,95.1810288739
2778.2329624382,95.0679673827
2778.9469775917,95.1008129761
2779.6609927452,95.1979585917
2780.3750078988,95.1310522918
2781.0890230523,95.0799518897
2781.8030382059,95.0449363317
2782.5170533594,94.9734615758
2783.2310685130,95.0609837850
2783.9450836665,95.1500188709
2784.6590988201,95.0911616471
2785.3731139736,95.0529292158
2786.0871291271,95.0546738717
2786.8011442807,95.0679291758
2787.5151594342,95.0697571418
2788.2291745878,95.0422504044
2788.9431897413,95.0399318373
2789.6572048949,95.0020192137
2790.3712200484,94.9664712622
2791.0852352019,94.9931187703
2791.7992503555,94.9554065879
2792.5132655090,94.9136478724
2793.2272806626,94.9360813851
2793.9412958161,94.9814534544
2794.6553109697,95.0534612218
2795.3693261232,94.9643161314
2796.0833412768,94.8062916382
2796.7973564303,94.8653830965
2797.5113715838,94.8945338947
2798.2253867374,94.8546575828
2798.9394018909,94.9247223731
2799.6534170445,94.8518345824
2800.3674321980,94.7454599480
2801.0814473516,94.8292566252
2801.7954625051,94.8256533973
2802.5094776586,94.7713803756
2803.2234928122,94.8089182775
2803.9375079657,94.7850950893
2804.6515231193,94.7820877164
2805.3655382728,94.8080617307
2806.0795534264,94.7172035691
2806.7935685799,94.6674667375
2807.5075837334,94.7288842773
2808.2215988870,94.7368474590
2808.9356140405,94.6825978654
2809.6496291941,94.6525643459
2810.3636443476,94.6220051026
2811.0776595012,94.5637571152
2811.7916746547,94.5738705051
2812.5056898083,94.6341224308
2813.2197049618,94.6045457213
2813.9337201153,94.5551496381
2814.6477352689,94.5459810445
2815.3617504224,94.4903856198
2816.0757655760,94.4539680294
2816.7897807295,94.4710700573
2817.5037958831,94.4643894243
2818.2178110366,94.4663040423
2818.9318261901,94.4573752643
2819.6458413437,94.3945884203
2820.3598564972,94.3635842325
2821.0738716508,94.3589749630
2821.7878868043,94.3260810472
2822.5019019579,94.3205575608
2823.2159171114,94.3128695491
2823.9299322650,94.2227816067
2824.6439474185,94.1534065698
2825.3579625720,94.1786711908
2826.0719777256,94.1882804043
2826.7859928791,94.1757278853
2827.5000080327,94.1771285485
2828.2140231862,94.1018169489
2828.9280383398,94.0124283132
2829.6420534933,94.0147811153
2830.3560686468,93.9946598393
2831.0700838004,93.9561277025
2831.7840989539,93.9942323596
2832.4981141075,93.9855142718
2833.2121292610,93.8950234692
2833.9261444146,93.8467913089
2834.6401595681,93.7946421686
2835.3541747217,93.7340778701
2836.0681898752,93.7707092649
2836.7822050287,93.7504794213
2837.4962201823,93.5916517296
2838.2102353358,93.5465785245
2838.9242504894,93.5580930190
2839.6382656429,93.4388091302
2840.3522807965,93.4183714009
2841.0662959500,93.4847034621
2841.7803111035,93.3834738940
2842.4943262571,93.2915083381
2843.2083414106,93.3199094369
2843.9223565642,93.3020440783
2844.6363717177,93.2144276725
2845.3503868713,93.0937039452
2846.0644020248,93.0174108833
2846.7784171783,92.9727702545
2847.4924323319,92.8640309577
2848.2064474854,92.8369028035
2848.9204626390,92.8416541174
2849.6344777925,92.6976161161
2850.3484929461,92.6217195725
2851.0625080996,92.6403091466
2851.7765232532,92.6089379342
2852.4905384067,92.6360498928
2853.2045535602,92.6261700947
2853.9185687138,92.5147515414
2854.6325838673,92.4673811531
2855.3465990209,92.4449430116
2856.0606141744,92.4269583430
2856.7746293280,92.4349248522
2857.4886444815,92.3908137386
2858.2026596350,92.3431507213
2858.9166747886,92.3114570129
2859.6306899421,92.2567172963
2860.3447050957,92.2067642729
2861.0587202492,92.1968757110
2861.7727354028,92.2448483988
2862.4867505563,92.1989163553
2863.2007657099,92.0747822365
2863.9147808634,92.1059581603
2864.6287960169,92.1108208045
2865.3428111705,92.0117191708
2866.0568263240,92.0625159026
2866.7708414776,92.0887152514
2867.4848566311,91.9990396851
2868.1988717847,91.9839590168
2868.9128869382,91.9445316379
2869.6269020917,91.9268908816
2870.3409172453,92.0149768556
2871.0549323988,92.0101922580
2871.7689475524,91.9659168990
2872.4829627059,91.9856320834
2873.1969778595,91.9689604275
2873.9109930130,91.9373753324
2874.6250081665,91.9195871916
2875.3390233201,91.9137550437
2876.0530384736,91.9353254827
2876.7670536272,91.9301194059
2877.4810687807,91.9136334930
2878.1950839343,91.9195741738
2878.9090990878,91.9009739282
2879.6231142414,91.8588115518
2880.3371293949,91.8430706155
2881.0511445484,91.8416999180
2881.7651597020,91.8093527981
2882.4791748555,91.7847420244
2883.1931900091,91.7388972625
2883.9072051626,91.6231604183
2884.6212203162,91.6201570154
2885.3352354697,91.6868961457
2886.0492506232,91.6112720280
2886.7632657768,91.5667998904
2887.4772809303,91.5669920049
2888.1912960839,91.5051358249
2888.9053112374,91.5206428619
2889.6193263910,91.4521325173
2890.3333415445,91.3239278005
2891.0473566981,91.3998914422
2891.7613718516,91.3978849665
2892.4753870051,91.3250429454
2893.1894021587,91.3873853785
2893.9034173122,91.3111423206
2894.6174324658,91.2432663695
2895.3314476193,91.2964540140
2896.0454627729,91.2058235898
2896.7594779264,91.2318838717
2897.4734930799,91.3511362773
2898.1875082335,91.2716783181
2898.9015233870,91.2653892085
2899.6155385406,91.2848068819
2900.3295536941,91.2145418340
2901.0435688477,91.2992424694
2901.7575840012,91.3385900284
2902.4715991547,91.2798099017
2903.1856143083,91.4007796469
2903.8996294618,91.5337351141
2904.6136446154,91.5337823544
2905.3276597689,91.5271770329
2906.0416749225,91.6092257145
2906.7556900760,91.7794339643
2907.4697052296,91.8571758380
2908.1837203831,91.8386304360
2908.8977355366,91.8856762811
2909.6117506902,91.9585292629
2910.3257658437,92.0323354675
2911.0397809973,92.1003446764
2911.7537961508,92.1562416208
2912.4678113044,92.2458718288
2913.1818264579,92.2953631537
2913.8958416114,92.3946219128
2914.6098567650,92.5906388750
2915.3238719185,92.6003507667
2916.0378870721,92.5577116240
2916.7519022256,92.7341258656
2917.4659173792,92.8628202968
2918.1799325327,92.8681794904
2918.8939476863,92.9621842919
2919.6079628398,93.1043626481
2920.3219779933,93.2155483059
2921.0359931469,93.2835392179
2921.7500083004,93.3252093516
2922.4640234540,93.3989924185
2923.1780386075,93.4939291164
2923.8920537611,93.6190659627
2924.6060689146,93.7256916169
2925.3200840681,93.7123088516
2926.0340992217,93.6739024987
2926.7481143752,93.6833186288
2927.4621295288,93.7298801856
2928.1761446823,93.8651594728
2928.8901598359,93.9524177792
2929.6041749894,93.8991975575
2930.3181901429,93.9046856764
2931.0322052965,93.9738045817
2931.7462204500,93.9987042763
2932.4602356036,94.0754723626
2933.1742507571,94.1748686343
2933.8882659107,94.1941968309
2934.6022810642,94.1989849329
2935.3162962178,94.2013753314
2936.0303113713,94.2046561168
2936.7443265248,94.2384570163
2937.4583416784,94.2304217410
2938.1723568319,94.2261136073
2938.8863719855,94.2654904117
2939.6003871390,94.2337678980
2940.3144022926,94.2390159749
2941.0284174461,94.3416263296
2941.7424325996,94.3287841253
2942.4564477532,94.2598474491
2943.1704629067,94.2569296851
2943.8844780603,94.2774063845
2944.5984932138,94.4156925252
2945.3125083674,94.5405863000
2946.0265235209,94.4965801263
2946.7405386745,94.5197071506
2947.4545538280,94.5676533795
2948.1685689815,94.5319208935
2948.8825841351,94.6214998999
2949.5965992886,94.7158812967
2950.3106144422,94.7703293191
2951.0246295957,94.9616200141
2951.7386447493,94.9933321872
2952.4526599028,94.8604409112
2953.1666750563,94.9182362349
2953.8806902099,94.9613034593
2954.5947053634,94.9765027421
2955.3087205170,95.1770511481
2956.0227356705,95.2411805320
2956.7367508241,95.2004187386
2957.4507659776,95.3335779370
2958.1647811312,95.3403273013
2958.8787962847,95.2775049927
2959.5928114382,95.4063853526
2960.3068265918,95.3784269350
2961.0208417453,95.2789231383
2961.7348568989,95.4193475321
2962.4488720524,95.3903698107
2963.1628872060,95.2406198938
2963.8769023595,95.3834425853
2964.5909175130,95.4344273753
2965.3049326666,95.3295165209
2966.0189478201,95.4564280640
2966.7329629737,95.4775450405
2967.4469781272,95.3167992142
2968.1609932808,95.4092287050
2968.8750084343,95.5513992702
2969.5890235878,95.5710637987
2970.3030387414,95.6642489648
2971.0170538949,95.6999333717
2971.7310690485,95.6990783248
2972.4450842020,95.8366916341
2973.1590993556,95.9030088949
2973.8731145091,95.8708604264
2974.5871296627,95.9600797341
2975.3011448162,96.0449748203
2976.0151599697,95.9879088679
2976.7291751233,95.9842428390
2977.4431902768,96.0952226602
2978.1572054304,96.1154962932
2978.8712205839,96.0981376743
2979.5852357375,96.2674066502
2980.2992508910,96.4451058849
2981.0132660445,96.4114573629
2981.7272811981,96.3317912409
2982.4412963516,96.3000955426
2983.1553115052,96.2390466722
2983.8693266587,96.1859657020
2984.5833418123,96.1726575865
2985.2973569658,96.1953358366
2986.0113721194,96.2508964016
2986.7253872729,96.2562066709
2987.4394024264,96.1856262845
2988.1534175800,96.1526776571
2988.8674327335,96.2057637457
2989.5814478871,96.2277475806
2990.2954630406,96.1628459138
2991.0094781942,96.1482477669
2991.7234933477,96.2088563948
2992.4375085012,96.2012104736
2993.1515236548,96.1577996313
2993.8655388083,96.1611049390
2994.5795539619,96.1286353399
2995.2935691154,96.1023224544
2996.0075842690,96.1752259939
2996.7215994225,96.1698587558
2997.4356145760,96.0384482684
2998.1496297296,96.0162767849
2998.8636448831,96.0415928786
2999.5776600367,95.9751579121
3000.2916751902,95.9663033296
3001.0056903438,95.9521802398
3001.7197054973,95.8894476534
3002.4337206509,95.9954868280
3003.1477358044,96.0591746642
3003.8617509579,95.9197538148
3004.5757661115,95.8998305318
3005.2897812650,95.9345483030
3006.0037964186,95.8754523730
3006.7178115721,95.8937969885
3007.4318267257,95.9080717252
3008.1458418792,95.9244963904
3008.8598570327,96.0184856442
3009.5738721863,95.9334448741
3010.2878873398,95.7712427379
3011.0019024934,95.8245681472
3011.7159176469,95.9016808250
3012.4299328005,95.8513447029
3013.1439479540,95.7863623385
3013.8579631076,95.8015384562
3014.5719782611,95.8369181094
3015.2859934146,95.7674142376
3016.0000085682,95.7232397530
3016.7140237217,95.7661073251
3017.4280388753,95.7393575382
3018.1420540288,95.7509951477
3018.8560691824,95.8113429416
3019.5700843359,95.7240331318
3020.2840994894,95.6289853135
3020.9981146430,95.6785355450
3021.7121297965,95.7687877235
3022.4261449501,95.7893116477
3023.1401601036,95.7310599514
3023.8541752572,95.7095991974
3024.5681904107,95.7025215554
3025.2822055642,95.6252908132
3025.9962207178,95.6053004447
3026.7102358713,95.6599952217
3027.4242510249,95.6934145874
3028.1382661784,95.6750661704
3028.8522813320,95.6388199202
3029.5662964855,95.7201823916
3030.2803116391,95.7613088151
3030.9943267926,95.6085966810
3031.7083419461,95.5539234632
3032.4223570997,95.5659177681
3033.1363722532,95.5388693990
3033.8503874068,95.6733825333
3034.5644025603,95.6913165954
3035.2784177139,95.5031386428
3035.9924328674,95.5002132179
3036.7064480209,95.5294174496
3037.4204631745,95.4460955406
3038.1344783280,95.4176841293
3038.8484934816,95.3836856937
3039.5625086351,95.3369652550
3040.2765237887,95.3084667008
3040.9905389422,95.3746837670
3041.7045540958,95.5145776044
3042.4185692493,95.3745953896
3043.1325844028,95.2006948298
3043.8465995564,95.3544619213
3044.5606147099,95.3948317540
3045.2746298635,95.3160692733
3045.9886450170,95.3324483540
3046.7026601706,95.2326279189
3047.4166753241,95.2571758604
3048.1306904776,95.3489476129
3048.8447056312,95.1504480307
3049.5587207847,95.0924651117
3050.2727359383,95.2071621309
3050.9867510918,95.1475946769
3051.7007662454,95.1534578022
3052.4147813989,95.1565756712
3053.1287965524,95.0257177055
3053.8428117060,95.0327190984
3054.5568268595,95.0729803682
3055.2708420131,95.0280445463
3055.9848571666,95.0157641435
3056.6988723202,94.9861839791
3057.4128874737,94.9387439153
3058.1269026273,94.9159543423
3058.8409177808,94.9163520642
3059.5549329343,94.8610595175
3060.2689480879,94.7155647987
3060.9829632414,94.7641774287
3061.6969783950,94.9033283600
3062.4109935485,94.7583695142
3063.1250087021,94.6427339426
3063.8390238556,94.7062827431
3064.5530390091,94.6605969933
3065.2670541627,94.6383462759
3065.9810693162,94.6568058933
3066.6950844698,94.5839539669
3067.4090996233,94.5626418645
3068.1231147769,94.5470884533
3068.8371299304,94.5502778865
3069.5511450840,94.6161908778
3070.2651602375,94.4865320357
3070.9791753910,94.3180255578
3071.6931905446,94.3659722944
3072.4072056981,94.3855602339
3073.1212208517,94.3494969559
3073.8352360052,94.3483503208
3074.5492511588,94.2519921829
3075.2632663123,94.1988080293
3075.9772814658,94.3034331460
3076.6912966194,94.3374181668
3077.4053117729,94.2353240856
3078.1193269265,94.1946826691
3078.8333420800,94.2794150767
3079.5473572336,94.3067188043
3080.2613723871,94.2411802891
3080.9753875406,94.2493983738
3081.6894026942,94.2389656884
3082.4034178477,94.1374466824
3083.1174330013,94.1121156655
3083.8314481548,94.0928550759
3084.5454633084,94.0158754073
3085.2594784619,94.0230648815
3085.9734936155,94.0338911848
3086.6875087690,93.9829253793
3087.4015239225,94.0002251892
3088.1155390761,94.0484431154
3088.8295542296,94.0071237979
3089.5435693832,93.8852190735
3090.2575845367,93.7923132946
3090.9715996903,93.7747419083
3091.6856148438,93.7982775170
3092.3996299973,93.9007125568
3093.1136451509,93.9057893980
3093.8276603044,93.6782497380
3094.5416754580,93.6767134642
3095.2556906115,93.8922818306
3095.9697057651,93.7700588657
3096.6837209186,93.6442846709
3097.3977360722,93.7985087845
3098.1117512257,93.7331640458
3098.8257663792,93.5753475921
3099.5397815328,93.6499643636
3100.2537966863,93.6577023140
3100.9678118399,93.5733295609
3101.6818269934,93.5642907618
3102.3958421470,93.5310761059
3103.1098573005,93.4833241757
3103.8238724540,93.4923715494
3104.5378876076,93.5337198367
3105.2519027611,93.5250274025
3105.9659179147,93.4566149852
3106.6799330682,93.4383736218
3107.3939482218,93.3882998850
3108.1079633753,93.2816553141
3108.8219785289,93.3053971067
3109.5359936824,93.3359103900
3110.2500088359,93.2803073045
3110.9640239895,93.2887603618
3111.6780391430,93.2454923385
3112.3920542966,93.1288212336
3113.1060694501,93.0960804156
3113.8200846037,93.0484846329
3114.5340997572,92.9981449919
3115.2481149107,93.0475473590
3115.9621300643,93.0588343649
3116.6761452178,92.9786571906
3117.3901603714,92.9072520367
3118.1041755249,92.8881776651
3118.8181906785,92.8995459165
3119.5322058320,92.8653822133
3120.2462209855,92.8186219461
3120.9602361391,92.8601279485
3121.6742512926,92.8849273071
3122.3882664462,92.7611768146
3123.1022815997,92.7001981307
3123.8162967533,92.8429316611
3124.5303119068,92.8791265036
3125.2443270604,92.7363836725
3125.9583422139,92.6710881409
3126.6723573674,92.6330077190
3127.3863725210,92.6297602766
3128.1003876745,92.7118544730
3128.8144028281,92.6669216290
3129.5284179816,92.6213037160
3130.2424331352,92.6277848562
3130.9564482887,92.4531397620
3131.6704634422,92.3889890750
3132.3844785958,92.4684980588
3133.0984937493,92.3792466850
3133.8125089029,92.4130401269
3134.5265240564,92.4877120422
3135.2405392100,92.2908185584
3135.9545543635,92.2471158471
3136.6685695171,92.3877169004
3137.3825846706,92.3353021122
3138.0965998241,92.2391756768
3138.8106149777,92.2212871533
3139.5246301312,92.1924534978
3140.2386452848,92.1298779647
3140.9526604383,92.0822638196
3141.6666755919,92.1230599624
3142.3806907454,92.1165244650
3143.0947058989,92.0400090009
3143.8087210525,92.0218279247
3144.5227362060,91.9599799284
3145.2367513596,91.9190694232
3145.9507665131,91.9750004184
3146.6647816667,91.9434404807
3147.3787968202,91.8526497043
3148.0928119737,91.7609922517
3148.8068271273,91.7363083561
3149.5208422808,91.8462816534
3150.2348574344,91.8151847425
3150.9488725879,91.7151709176
3151.6628877415,91.7471925957
3152.3769028950,91.6268873638
3153.0909180486,91.5051515239
3153.8049332021,91.5891920761
3154.5189483556,91.5733717845
3155.2329635092,91.5356955518
3155.9469786627,91.5454802126
3156.6609938163,91.4794283360
3157.3750089698,91.5060814621
3158.0890241234,91.4829849977
3158.8030392769,91.3609103620
3159.5170544304,91.3942726891
3160.2310695840,91.3088384010
3160.9450847375,91.1099316329
3161.6590998911,91.1679989736
3162.3731150446,91.1889024490
3163.0871301982,91.0563190790
3163.8011453517,91.0760872526
3164.5151605053,91.1152222308
3165.2291756588,91.0541786627
3165.9431908123,91.0083394108
3166.6572059659,90.9475927401
3167.3712211194,90.9003277479
3168.0852362730,90.8656294992
3168.7992514265,90.7651311414
3169.5132665801,90.7692120790
3170.2272817336,90.8723577438
3170.9412968871,90.7605313124
3171.6553120407,90.5963703140
3172.3693271942,90.6381491868
3173.0833423478,90.6217741366
3173.7973575013,90.5382574888
3174.5113726549,90.5568243740
3175.2253878084,90.5171062177
3175.9394029619,90.5199170204
3176.6534181155,90.5588973355
3177.3674332690,90.3741469356
3178.0814484226,90.3155296144
3178.7954635761,90.4471917775
3179.5094787297,90.2760968708
3180.2234938832,90.1112064532
3180.9375090368,90.2398649065
3181.6515241903,90.2044918806
3182.3655393438,90.0132591961
3183.0795544974,90.0525960731
3183.7935696509,90.1818292101
3184.5075848045,90.0510217639
3185.2215999580,89.8224174222
3185.9356151116,89.8905757125
3186.6496302651,90.0239101996
3187.3636454186,89.9004160153
3188.0776605722,89.7938721541
3188.7916757257,89.8032407745
3189.5056908793,89.7266911800
3190.2197060328,89.6313323361
3190.9337211864,89.5786806269
3191.6477363399,89.5029022540
3192.3617514935,89.4527377119
3193.0757666470,89.4866411177
3193.7897818005,89.5061839595
3194.5037969541,89.3856723817
3195.2178121076,89.2122989240
3195.9318272612,89.1444838278
3196.6458424147,89.2030244164
3197.3598575683,89.2683337759
3198.0738727218,89.1868692125
3198.7878878753,89.0754664208
3199.5019030289,89.0685806057
3200.2159181824,89.0359298142
3200.9299333360,88.9535370862
3201.6439484895,88.8414178111
3202.3579636431,88.7667860856
3203.0719787966,88.8551391058
3203.7859939501,88.8499625846
3204.5000091037,88.7045653213
3205.2140242572,88.6875857540
3205.9280394108,88.6522086648
3206.6420545643,88.5776910531
3207.3560697179,88.5022012184
3208.0700848714,88.3487951447
3208.7841000250,88.4332971051
3209.4981151785,88.5079764603
3210.2121303320,88.2477277630
3210.9261454856,88.2695200723
3211.6401606391,88.4187185210
3212.3541757927,88.2502518192
3213.0681909462,88.2158198916
3213.7822060998,88.2527631065
3214.4962212533,88.1106764821
3215.2102364068,87.9731648054
3215.9242515604,87.8360608001
3216.6382667139,87.8367561311
3217.3522818675,87.8198694206
3218.0662970210,87.6109878570
3218.7803121746,87.6166889187
3219.4943273281,87.6438462059
3220.2083424817,87.5336856666
3220.9223576352,87.6026765359
3221.6363727887,87.5019910823
3222.3503879423,87.2796382989
3223.0644030958,87.2583977983
3223.7784182494,87.1280783256
3224.4924334029,87.0566405010
3225.2064485565,87.1108735965
3225.9204637100,86.9971888208
3226.6344788635,86.9502253402
3227.3484940171,86.8987568087
3228.0625091706,86.7588246622
3228.7765243242,86.7333875232
3229.4905394777,86.6139503952
3230.2045546313,86.5259979140
3230.9185697848,86.5734451311
3231.6325849384,86.4828639803
3232.3466000919,86.4105560654
3233.0606152454,86.3507465992
3233.7746303990,86.2926030317
3234.4886455525,86.3068677691
3235.2026607061,86.0749047906
3235.9166758596,85.9646316735
3236.6306910132,86.0892733414
3237.3447061667,85.8245164311
3238.0587213202,85.7283530120
3238.7727364738,85.9916391854
3239.4867516273,85.8215816733
3240.2007667809,85.5455938092
3240.9147819344,85.5224034717
3241.6287970880,85.5107154138
3242.3428122415,85.5256288660
3243.0568273950,85.4022387481
3243.7708425486,85.2543131524
3244.4848577021,85.2698725214
3245.1988728557,85.1842902897
3245.9128880092,85.0669902782
3246.6269031628,85.0104603641
3247.3409183163,84.9854216083
3248.0549334699,84.9755079964
3248.7689486234,84.7786428384
3249.4829637769,84.7022078438
3250.1969789305,84.7625976342
3250.9109940840,84.4903752239
3251.6250092376,84.3637361584
3252.3390243911,84.4802951209
3253.0530395447,84.3112437527
3253.7670546982,84.1788995251
3254.4810698517,84.0779551162
3255.1950850053,83.8416696360
3255.9091001588,83.9123348380
3256.6231153124,83.9967677900
3257.3371304659,83.7573770508
3258.0511456195,83.6367002777
3258.7651607730,83.6780869917
3259.4791759266,83.5877541164
3260.1931910801,83.4477325568
3260.9072062336,83.5013600825
3261.6212213872,83.5166470876
3262.3352365407,83.2401277900
3263.0492516943,83.0858570333
3263.7632668478,83.0853781095
3264.4772820014,82.9568017362
3265.1912971549,82.9664266156
3265.9053123084,82.9696999988
3266.6193274620,82.8181541761
3267.3333426155,82.8829306336
3268.0473577691,82.9457780698
3268.7613729226,82.7935108795
3269.4753880762,82.6727626043
3270.1894032297,82.6512539221
3270.9034183832,82.7089865318
3271.6174335368,82.6435275434
3272.3314486903,82.5219342331
3273.0454638439,82.5879200078
3273.7594789974,82.4879596595
3274.4734941510,82.3056800907
3275.1875093045,82.3721196439
3275.9015244581,82.3326996290
3276.6155396116,82.2746005167
3277.3295547651,82.3810347933
3278.0435699187,82.3311400382
3278.7575850722,82.2495074025
3279.4716002258,82.2922579394
3280.1856153793,82.2709934688
3280.8996305329,82.1279906904
3281.6136456864,82.0438567250
3282.3276608399,82.2136561779
3283.0416759935,82.3109835264
3283.7556911470,82.2231305993
3284.4697063006,82.3349541289
3285.1837214541,82.3688786532
3285.8977366077,82.2187096955
3286.6117517612,82.2197064736
3287.3257669148,82.1655082778
3288.0397820683,82.1178249183
3288.7537972218,82.2021841290
3289.4678123754,82.1895221515
3290.1818275289,82.2308569233
3290.8958426825,82.2361605201
3291.6098578360,82.1369134719
3292.3238729896,82.2085017351
3293.0378881431,82.2212190308
3293.7519032966,82.1859504896
3294.4659184502,82.2016404755
3295.1799336037,82.0654708051
3295.8939487573,82.1017798694
3296.6079639108,82.2011331829
3297.3219790644,82.1176030600
3298.0359942179,82.2586197499
3298.7500093714,82.2859729073
3299.4640245250,82.0809224604
3300.1780396785,82.1659557293
3300.8920548321,82.2599355918
3301.6060699856,82.3113078678
3302.3200851392,82.3951486504
3303.0341002927,82.2578902688
3303.7481154463,82.2976373387
3304.4621305998,82.3899717427
3305.1761457533,82.2073279236
3305.8901609069,82.2733020918
3306.6041760604,82.4118744092
3307.3181912140,82.3284791359
3308.0322063675,82.3392381397
3308.7462215211,82.3646219999
3309.4602366746,82.4227250447
3310.1742518281,82.5107780330
3310.8882669817,82.4935157011
3311.6022821352,82.5319902510
3312.3162972888,82.4746154384
3313.0303124423,82.4459316587
3313.7443275959,82.6037660967
3314.4583427494,82.4825297572
3315.1723579030,82.4407754185
3315.8863730565,82.6743881986
3316.6003882100,82.5687970982
3317.3144033636,82.5010856688
3318.0284185171,82.5731254955
3318.7424336707,82.3142360502
3319.4564488242,82.2439259226
3320.1704639778,82.3772578117
3320.8844791313,82.2113913888
3321.5984942848,82.0968248073
3322.3125094384,82.2073237766
3323.0265245919,82.2418545386
3323.7405397455,82.1172405888
3324.4545548990,82.0278082799
3325.1685700526,82.0450683829
3325.8825852061,81.9677712347
3326.5966003596,81.9371142689
3327.3106155132,81.9672237997
3328.0246306667,81.7737910497
3328.7386458203,81.6851306169
3329.4526609738,81.8011101418
3330.1666761274,81.8477881311
3330.8806912809,81.8830933092
3331.5947064345,81.7418104497
3332.3087215880,81.6189714383
3333.0227367415,81.7963367217
3333.7367518951,81.7901246492
3334.4507670486,81.7255797058
3335.1647822022,81.8260998261
3335.8787973557,81.7277595211
3336.5928125093,81.7452866152
3337.3068276628,81.9107072631
3338.0208428163,81.8194039191
3338.7348579699,81.7904795223
3339.4488731234,81.8819198867
3340.1628882770,81.9140884755
3340.8769034305,81.9657898582
3341.5909185841,82.0114619336
3342.3049337376,82.1346158626
3343.0189488912,82.1867953440
3343.7329640447,82.1481037210
3344.4469791982,82.3727817286
3345.1609943518,82.4815020167
3345.8750095053,82.3154835554
3346.5890246589,82.4318662816
3347.3030398124,82.6853595826
3348.0170549660,82.7789023501
3348.7310701195,82.8079950041
3349.4450852730,82.8164416896
3350.1591004266,82.8768314123
3350.8731155801,82.9479298757
3351.5871307337,83.0678336765
3352.3011458872,83.2328806924
3353.0151610408,83.2701567992
3353.7291761943,83.3938117568
3354.4431913478,83.5411212975
3355.1572065014,83.5226023613
3355.8712216549,83.6891488001
3356.5852368085,83.8536097659
3357.2992519620,83.8217352998
3358.0132671156,83.9420006253
3358.7272822691,84.0398636573
3359.4412974227,84.0925002375
3360.1553125762,84.2328744431
3360.8693277297,84.2288333408
3361.5833428833,84.3118801575
3362.2973580368,84.4646690368
3363.0113731904,84.3945334972
3363.7253883439,84.4148904350
3364.4394034975,84.5268607298
3365.1534186510,84.5961640379
3365.8674338045,84.7075549860
3366.5814489581,84.7266397340
3367.2954641116,84.8412014775
3368.0094792652,85.0288861811
3368.7234944187,85.0238133964
3369.4375095723,85.0924925820
3370.1515247258,85.1648990997
3370.8655398794,85.1825682247
3371.5795550329,85.3580252127
3372.2935701864,85.3654068984
3373.0075853400,85.3572209294
3373.7216004935,85.5835267819
3374.4356156471,85.5987154976
3375.1496308006,85.5359972162
3375.8636459542,85.5634492973
3376.5776611077,85.5409776530
3377.2916762612,85.7574091827
3378.0056914148,86.0078946108
3378.7197065683,85.9950870274
3379.4337217219,85.9856572872
3380.1477368754,86.0098228802
3380.8617520290,86.1033243698
3381.5757671825,86.2415402696
3382.2897823361,86.2416348028
3383.0037974896,86.2389721364
3383.7178126431,86.2180040133
3384.4318277967,86.1941558777
3385.1458429502,86.3556432967
3385.8598581038,86.5709072273
3386.5738732573,86.7024892933
3387.2878884109,86.5843089532
3388.0019035644,86.4665971706
3388.7159187179,86.7562359294
3389.4299338715,86.8034875460
3390.1439490250,86.5635988752
3390.8579641786,86.7372171629
3391.5719793321,86.8035217273
3392.2859944857,86.6702964212
3393.0000096392,86.8369849241
3393.7140247927,86.9185116591
3394.4280399463,86.9651162118
3395.1420550998,87.0089604043
3395.8560702534,86.8536968896
3396.5700854069,86.9916741825
3397.2841005605,87.1821424706
3397.9981157140,87.0934687892
3398.7121308676,87.1278663145
3399.4261460211,87.0317551821
3400.1401611746,86.9529728041
3400.8541763282,87.1823920136
3401.5681914817,87.1795622336
3402.2822066353,87.1752629768
3402.9962217888,87.3427174023
3403.7102369424,87.3090402160
3404.4242520959,87.3817360544
3405.1382672494,87.4410896372
3405.8522824030,87.4125629391
3406.5662975565,87.6689164206
3407.2803127101,87.6663321856
3407.9943278636,87.4527223764
3408.7083430172,87.6077247069
3409.4223581707,87.6962700178
3410.1363733243,87.7696930489
3410.8503884778,87.9845092682
3411.5644036313,87.9314095179
3412.2784187849,87.9811439458
3412.9924339384,88.1838550223
3413.7064490920,88.1044553092
3414.4204642455,88.1021079199
3415.1344793991,88.2416073017
3415.8484945526,88.3363576301
3416.5625097061,88.4971971403
3417.2765248597,88.4848662991
3417.9905400132,88.4420896951
3418.7045551668,88.6553405515
3419.4185703203,88.6786257971
3420.1325854739,88.5800736333
3420.8466006274,88.7818499676
3421.5606157809,88.9463109512
3422.2746309345,88.9989512413
3422.9886460880,89.1400252055
3423.7026612416,89.1468857212
3424.4166763951,89.1224083302
3425.1306915487,89.2688952254
3425.8447067022,89.3694674268
3426.5587218558,89.4826426112
3427.2727370093,89.6296990081
3427.9867521628,89.5764517493
3428.7007673164,89.5875070469
3429.4147824699,89.7519796283
3430.1287976235,89.8209578242
3430.8428127770,89.9665584343
3431.5568279306,90.0176663292
3432.2708430841,89.8104029512
3432.9848582376,89.8601374810
3433.6988733912,90.0789702353
3434.4128885447,90.1403367598
3435.1269036983,90.2463565639
3435.8409188518,90.2561537832
3436.5549340054,90.1995626435
3437.2689491589,90.2902391768
3437.9829643125,90.2784587681
3438.6969794660,90.3115317560
3439.4109946195,90.4516420945
3440.1250097731,90.4601465617
3440.8390249266,90.6301647689
3441.5530400802,90.7165209471
3442.2670552337,90.4940059084
3442.9810703873,90.6346437596
3443.6950855408,90.8118032413
3444.4091006943,90.6526924733
3445.1231158479,90.7801832737
3445.8371310014,90.9298400830
3446.5511461550,90.8893497335
3447.2651613085,91.1506399357
3447.9791764621,91.2148486155
3448.6931916156,91.0064442108
3449.4072067691,91.1023560177
3450.1212219227,91.1990530302
3450.8352370762,91.1699646291
3451.5492522298,91.2580000314
3452.2632673833,91.2191339296
3452.9772825369,91.2233257503
3453.6912976904,91.4711160797
3454.4053128440,91.5215837260
3455.1193279975,91.4451278134
3455.8333431510,91.5700897975
3456.5473583046,91.6706448598
3457.2613734581,91.7141911120
3457.9753886117,91.8445697300
3458.6894037652,91.8825053027
3459.4034189188,91.8657950827
3460.1174340723,91.9825180566
3460.8314492258,92.0486345877
3461.5454643794,91.9840373861
3462.2594795329,92.0445004634
3462.9734946865,92.1940409698
3463.6875098400,92.1712396179
3464.4015249936,92.1265822074
3465.1155401471,92.2488628066
3465.8295553007,92.2758112240
3466.5435704542,92.1809713854
3467.2575856077,92.2978784666
3467.9716007613,92.4562548913
3468.6856159148,92.4530967350
3469.3996310684,92.4954553407
3470.1136462219,92.5315286728
3470.8276613755,92.5831281902
3471.5416765290,92.8309308732
3472.2556916825,92.9114169591
3472.9697068361,92.7615418409
3473.6837219896,92.8469233648
3474.3977371432,92.9729236832
3475.1117522967,92.8650369763
3475.8257674503,92.9077129745
3476.5397826038,93.1346387157
3477.2537977573,93.1622360321
3477.9678129109,93.0185575648
3478.6818280644,92.9998869371
3479.3958432180,93.1210082262
3480.1098583715,93.1967185409
3480.8238735251,93.2284256328
3481.5378886786,93.3231671035
3482.2519038322,93.3911496336
3482.9659189857,93.3733722218
3483.6799341392,93.4536744551
3484.3939492928,93.5810020016
3485.1079644463,93.5108242173
3485.8219795999,93.4957815335
3486.5359947534,93.6982537017
3487.2500099070,93.6474178415
3487.9640250605,93.4665404679
3488.6780402140,93.6574742043
3489.3920553676,93.8140834168
3490.1060705211,93.7531401234
3490.8200856747,93.8251628447
3491.5341008282,93.8936154752
3492.2481159818,93.9214063394
3492.9621311353,94.0820726666
3493.6761462889,94.1369381417
3494.3901614424,94.0594644993
3495.1041765959,94.0961191670
3495.8181917495,94.1589820254
3496.5322069030,94.0932719627
3497.2462220566,94.0808011691
3497.9602372101,94.2306055148
3498.6742523637,94.2303231662
3499.3882675172,94.1033138373
3500.1022826707,94.2697259896
3500.8162978243,94.4685966584
3501.5303129778,94.3867601188
3502.2443281314,94.3464129255
3502.9583432849,94.4668233011
3503.6723584385,94.6397822286
3504.3863735920,94.7428497323
3505.1003887456,94.6610148298
3505.8144038991,94.5553984564
3506.5284190526,94.5175269644
3507.2424342062,94.6696100152
3507.9564493597,94.9239146767
3508.6704645133,94.7424117577
3509.3844796668,94.5737628311
3510.0984948204,94.9393892282
3510.8125099739,94.9206138816
3511.5265251274,94.6804777143
3512.2405402810,94.8245536980
3512.9545554345,94.8302832211
3513.6685705881,94.8421451196
3514.3825857416,95.1234650229
3515.0966008952,95.1465110445
3515.8106160487,95.0683046778
3516.5246312022,95.0981314690
3517.2386463558,95.0354217681
3517.9526615093,95.0530861578
3518.6666766629,95.1560007884
3519.3806918164,95.2196252165
3520.0947069700,95.2929546322
3520.8087221235,95.3006521712
3521.5227372771,95.1932280024
3522.2367524306,95.1540030150
3522.9507675841,95.4017011747
3523.6647827377,95.4618352906
3524.3787978912,95.1404951036
3525.0928130448,95.2686212871
3525.8068281983,95.5304604373
3526.5208433519,95.3480968144
3527.2348585054,95.5190405964
3527.9488736589,95.6626830370
3528.6628888125,95.3631800704
3529.3769039660,95.5488306931
3530.0909191196,95.6834043319
3530.8049342731,95.5311396974
3531.5189494267,95.8409932704
3532.2329645802,95.8865974600
3532.9469797338,95.6476766112
3533.6609948873,95.8009288781
3534.3750100408,95.8737484003
3535.0890251944,95.8887431730
3535.8030403479,95.9081724070
3536.5170555015,95.7886576184
3537.2310706550,95.9984955713
3537.9450858086,95.9631814717
3538.6591009621,95.6688837482
3539.3731161156,95.9764971091
3540.0871312692,96.1132745966
3540.8011464227,95.8939389280
3541.5151615763,95.9727113980
3542.2291767298,96.0514881841
3542.9431918834,96.1071892550
3543.6572070369,96.2084579023
3544.3712221904,96.1316359222
3545.0852373440,96.1365722837
3545.7992524975,96.3100416263
3546.5132676511,96.3286838651
3547.2272828046,96.2717129184
3547.9412979582,96.2494244837
3548.6553131117,96.2397205108
3549.3693282653,96.2641993020
3550.0833434188,96.2939176865
3550.7973585723,96.3262538118
3551.5113737259,96.3118395254
3552.2253888794,96.3216634256
3552.9394040330,96.4502202365
3553.6534191865,96.5337636507
3554.3674343401,96.5369676997
3555.0814494936,96.5279848811
3555.7954646471,96.5415269525
3556.5094798007,96.6438037486
3557.2234949542,96.6899410137
3557.9375101078,96.6725045921
3558.6515252613,96.7106078971
3559.3655404149,96.6750930307
3560.0795555684,96.5726567324
3560.7935707220,96.5599060932
3561.5075858755,96.6292494183
3562.2216010290,96.7153321295
3562.9356161826,96.6734650215
3563.6496313361,96.7471388299
3564.3636464897,96.9542680702
3565.0776616432,96.8068996815
3565.7916767968,96.7425753176
3566.5056919503,97.2054041801
3567.2197071038,97.1507066897
3567.9337222574,97.0078972058
3568.6477374109,97.2463764015
3569.3617525645,97.0774603722
3570.0757677180,96.9375622279
3570.7897828716,97.0818436022
3571.5037980251,97.0898555958
3572.2178131786,97.0874287739
3572.9318283322,97.1414464756
3573.6458434857,97.0981714388
3574.3598586393,97.1425672881
3575.0738737928,97.2302693251
3575.7878889464,97.2033783917
3576.5019040999,97.1656408199
3577.2159192535,97.1989851880
3577.9299344070,97.2697764413
3578.6439495605,97.2324925712
3579.3579647141,97.2353894632
3580.0719798676,97.3871803997
3580.7859950212,97.3660948844
3581.5000101747,97.2460937435
3582.2140253283,97.2927643814
3582.9280404818,97.3173234956
3583.6420556353,97.2939040243
3584.3560707889,97.4381424310
3585.0700859424,97.4602656808
3585.7841010960,97.2718786295
3586.4981162495,97.4236340318
3587.2121314031,97.7108998530
3587.9261465566,97.4140322712
3588.6401617102,97.3676888702
3589.3541768637,97.7479222843
3590.0681920172,97.5288642892
3590.7822071708,97.5052850005
3591.4962223243,97.8300981141
3592.2102374779,97.6521165825
3592.9242526314,97.6061112890
3593.6382677850,97.9810967498
3594.3522829385,97.7735706824
3595.0662980920,97.5636010532
3595.7803132456,97.7802716088
3596.4943283991,97.7897226666
3597.2083435527,97.7852938497
3597.9223587062,97.8270642407
3598.6363738598,97.9092676949
3599.3503890133,98.0761584825
3600.0644041668,97.9143223687
3600.7784193204,97.8145454832
3601.4924344739,98.0294892970
3602.2064496275,97.9228590759
3602.9204647810,97.8557963784
3603.6344799346,98.0251564283
3604.3484950881,97.9459291292
3605.0625102417,97.9604926711
3605.7765253952,98.0541367381
3606.4905405487,97.8740134134
3607.2045557023,97.9474493623
3607.9185708558,98.1533237842
3608.6325860094,97.9782425553
3609.3466011629,97.9798535586
3610.0606163165,98.3078419353
3610.7746314700,98.1995744835
3611.4886466235,97.8292732249
3612.2026617771,97.8771551432
3612.9166769306,98.2852404617
3613.6306920842,98.2798337934
3614.3447072377,98.0597364597
3615.0587223913,98.0363020763
3615.7727375448,98.2179539530
3616.4867526984,98.1499175232
3617.2007678519,98.1037659971
3617.9147830054,98.5182865379
3618.6287981590,98.4035293756
3619.3428133125,98.0433143767
3620.0568284661,98.5090918930
3620.7708436196,98.3887179602
3621.4848587732,98.0665611571
3622.1988739267,98.4303917560
3622.9128890802,98.3763645621
3623.6269042338,98.0600399580
3624.3409193873,98.2889756380
3625.0549345409,98.3399953271
3625.7689496944,98.4250619485
3626.4829648480,98.5681076484
3627.1969800015,98.2059291019
3627.9109951551,98.1301706554
3628.6250103086,98.4323511139
3629.3390254621,98.5023739440
3630.0530406157,99.0203828152
3630.7670557692,98.6750527954
3631.4810709228,98.2069843743
3632.1950860763,98.4848188438
3632.9091012299,98.5112824246
3633.6231163834,98.3966178061
3634.3371315369,98.8555728440
3635.0511466905,98.7594729006
3635.7651618440,98.4877221526
3636.4791769976,98.4990220580
3637.1931921511,98.4621563975
3637.9072073047,98.5493555763
3638.6212224582,98.6025417269
3639.3352376117,98.5208397154
3640.0492527653,98.5893402521
3640.7632679188,98.5356446867
3641.4772830724,98.3602745561
3642.1912982259,98.3565103805
3642.9053133795,98.4811249214
3643.6193285330,98.3781666216
3644.3333436866,98.1174227987
3645.0473588401,98.4195307294
3645.7613739936,98.6111539161
3646.4753891472,98.0215016612
3647.1894043007,98.6705292446
3647.9034194543,99.3561018224
3648.6174346078,98.2970361116
3649.3314497614,98.3351340225
3650.0454649149,99.1261690146
3650.7594800684,98.3734283604
3651.4734952220,98.8189455982
3652.1875103755,99.1795227510
3652.9015255291,98.6486639338
3653.6155406826,98.6300201757
3654.3295558362,98.8732007562
3655.0435709897,98.8065385545
3655.7575861433,98.7357398644
3656.4716012968,98.8839416345
3657.1856164503,99.1039361913
3657.8996316039,98.8357675502
3658.6136467574,98.6164283886
3659.3276619110,98.7592369077
3660.0416770645,98.7188215508
3660.7556922181,98.6660859614
3661.4697073716,98.8570028241
3662.1837225251,98.7958527945
3662.8977376787,98.6800351537
3663.6117528322,98.5930234316
3664.3257679858,98.5371273840
3665.0397831393,98.6583388886
3665.7537982929,98.5586077071
3666.4678134464,98.5674146603
3667.1818285999,98.8004061538
3667.8958437535,98.5117090298
3668.6098589070,98.4665987446
3669.3238740606,98.9560448930
3670.0378892141,98.5123639612
3670.7519043677,98.3016113465
3671.4659195212,98.8987347208
3672.1799346748,98.6197137527
3672.8939498283,98.5554207313
3673.6079649818,98.7033797138
3674.3219801354,98.6610824146
3675.0359952889,98.9805648766
3675.7500104425,99.1156498992
3676.4640255960,99.0177554637
3677.1780407496,99.0535648638
3677.8920559031,98.7996921197
3678.6060710566,98.7178690619
3679.3200862102,98.9052740065
3680.0341013637,98.9313869870
3680.7481165173,98.9662343022
3681.4621316708,98.8536460360
3682.1761468244,98.7087633238
3682.8901619779,98.7569264986
3683.6041771315,98.5923259253
3684.3181922850,98.5693052559
3685.0322074385,98.7367099357
3685.7462225921,98.5593626911
3686.4602377456,98.6137511207
3687.1742528992,98.8434718426
3687.8882680527,98.6176837785
3688.6022832063,98.7866852711
3689.3162983598,99.1079850549
3690.0303135133,98.7856647890
3690.7443286669,98.5093039160
3691.4583438204,98.7498016671
3692.1723589740,98.8848161927
3692.8863741275,98.7983618538
3693.6003892811,98.7890734587
3694.3144044346,98.8097490239
3695.0284195881,98.6140816979
3695.7424347417,98.5048243764
3696.4564498952,98.6274548874
3697.1704650488,98.6435118263
3697.8844802023,98.6531096077
3698.5984953559,98.6449277976
3699.3125105094,98.5762158466
3700.0265256630,98.7514539722
3700.7405408165,98.8548042857
3701.4545559700,98.6832383465
3702.1685711236,98.8002855800
3702.8825862771,98.8448038965
3703.5966014307,98.6453282500
3704.3106165842,98.5735737159
3705.0246317378,98.6593053849
3705.7386468913,98.6826077252
3706.4526620448,98.5973913644
3707.1666771984,98.5786254457
3707.8806923519,98.6516145671
3708.5947075055,98.6102079924
3709.3087226590,98.6657079656
3710.0227378126,98.9289502286
3710.7367529661,98.7948024292
3711.4507681197,98.4563052348
3712.1647832732,98.5836319249
3712.8787984267,99.1002102016
3713.5928135803,98.8769375733
3714.3068287338,98.5156886278
3715.0208438874,98.6274933489
3715.7348590409,98.7578699697
3716.4488741945,98.5968024170
3717.1628893480,98.6575900578
3717.8769045015,98.7626226636
3718.5909196551,98.6820306060
3719.3049348086,98.6831025848
3720.0189499622,98.6496294645
3720.7329651157,98.5988550001
3721.4469802693,98.5218408517
3722.1609954228,98.5328348052
3722.8750105763,98.9791808298
3723.5890257299,98.9140712514
3724.3030408834,98.6221614227
3725.0170560370,98.8307051912
3725.7310711905,98.7641447603
3726.4450863441,98.4186925579
3727.1591014976,98.6785017560
3727.8731166512,98.7091558567
3728.5871318047,98.6467475526
3729.3011469582,98.6717641702
3730.0151621118,98.5129341555
3730.7291772653,98.6219330622
3731.4431924189,98.6249330588
3732.1572075724,98.4825418163
3732.8712227260,99.1958606236
3733.5852378795,98.7970957362
3734.2992530330,98.0976874422
3735.0132681866,99.0255033781
3735.7272833401,99.1554648332
3736.4412984937,98.6535848487
3737.1553136472,99.1759083870
3737.8693288008,98.8612086899
3738.5833439543,98.6000205351
3739.2973591079,98.8245925859
3740.0113742614,98.6503418702
3740.7253894149,98.6111674428
3741.4394045685,98.7394963083
3742.1534197220,98.6170147112
3742.8674348756,98.7539695358
3743.5814500291,98.5142478708
3744.2954651827,96.3524921103
3745.0094803362,99.1685624674
3745.7234954897,99.0130844748
3746.4375106433,98.4919354702
3747.1515257968,98.5008157311
3747.8655409504,98.7197701756
3748.5795561039,98.6987220258
3749.2935712575,98.5530193624
3750.0075864110,99.3167269232
3750.7216015645,99.2251214990
3751.4356167181,98.4948308232
3752.1496318716,98.1317905758
3752.8636470252,98.9360469358
3753.5776621787,98.6565359228
3754.2916773323,98.6074810017
3755.0056924858,98.6787925512
3755.7197076394,98.4946111666
3756.4337227929,98.6219769888
3757.1477379464,98.7365910740
3757.8617531000,98.5989825016
3758.5757682535,98.6271968995
3759.2897834071,98.5355614610
3760.0037985606,98.4729788235
3760.7178137142,98.4779476504
3761.4318288677,98.3913215099
3762.1458440212,98.6746317386
3762.8598591748,98.6736134195
3763.5738743283,98.3552342143
3764.2878894819,98.5154851561
3765.0019046354,98.4203184140
3765.7159197890,98.4009271756
3766.4299349425,98.7850927339
3767.1439500961,98.3468523492
3767.8579652496,98.2566376294
3768.5719804031,98.6735096179
3769.2859955567,98.4825279525
3770.0000107102,98.7073711641
3770.7140258638,98.9352593730
3771.4280410173,98.3757886979
3772.1420561709,98.2855597479
3772.8560713244,98.4031195584
3773.5700864779,98.2668933676
3774.2841016315,98.4118891249
3774.9981167850,98.5971122966
3775.7121319386,98.6774515213
3776.4261470921,98.6159383348
3777.1401622457,98.4435897827
3777.8541773992,98.5379853836
3778.5681925528,98.4717480192
3779.2822077063,98.2806606822
3779.9962228598,98.6886285268
3780.7102380134,98.6663543904
3781.4242531669,98.4625934418
3782.1382683205,98.6033094149
3782.8522834740,98.5946434690
3783.5662986276,98.4911218992
3784.2803137811,98.5352519625
3784.9943289346,98.6197272550
3785.7083440882,98.6482950912
3786.4223592417,98.4669826807
3787.1363743953,98.4270039176
3787.8503895488,98.6664682191
3788.5644047024,98.6344554743
3789.2784198559,98.5429760185
3789.9924350094,98.6041671621
3790.7064501630,98.5473346605
3791.4204653165,98.5376266293
3792.1344804701,98.5577723097
3792.8484956236,98.4921749887
3793.5625107772,98.5140759431
3794.2765259307,98.5360312585
3794.9905410843,98.5304700814
3795.7045562378,98.4662161289
3796.4185713913,98.4285641561
3797.1325865449,98.7107025329
3797.8466016984,98.6947018228
3798.5606168520,98.4807547806
3799.2746320055,98.5376216596
3799.9886471591,98.5786917055
3800.7026623126,98.4929468214
3801.4166774661,98.6745822713
3802.1306926197,98.7565865086
3802.8447077732,98.8180211519
3803.5587229268,98.7806670338
3804.2727380803,98.5250140848
3804.9867532339,98.6580702492
3805.7007683874,98.8416126828
3806.4147835410,98.6934774021
3807.1287986945,99.0876736448
3807.8428138480,99.2543067935
3808.5568290016,98.7636919970
3809.2708441551,98.5713486659
3809.9848593087,98.5329155007
3810.6988744622,98.4054508149
3811.4128896158,98.5827983297
3812.1269047693,98.8984886594
3812.8409199228,98.7351298875
3813.5549350764,98.5632322737
3814.2689502299,98.7106586873
3814.9829653835,98.4810355367
3815.6969805370,97.7963184804
3816.4109956906,98.7135463567
3817.1250108441,98.9849498505
3817.8390259976,98.6139986995
3818.5530411512,98.7284437086
3819.2670563047,98.8220534987
3819.9810714583,98.6165773096
3820.6950866118,98.8069816420
3821.4091017654,99.0593914578
3822.1231169189,99.0095461644
3822.8371320725,98.8674299521
3823.5511472260,98.4260686911
3824.2651623795,98.3476780083
3824.9791775331,98.7485229671
3825.6931926866,98.8206356620
3826.4072078402,98.7811270484
3827.1212229937,98.8810541318
3827.8352381473,98.8062080895
3828.5492533008,98.6214069130
3829.2632684543,98.4975312971
3829.9772836079,98.6083904012
3830.6912987614,98.6513876022
3831.4053139150,98.5161515631
3832.1193290685,98.8069441739
3832.8333442221,98.7971358169
3833.5473593756,98.5574159314
3834.2613745292,98.5212158632
3834.9753896827,98.4198835802
3835.6894048362,98.5716497550
3836.4034199898,98.6493917246
3837.1174351433,98.2499032672
3837.8314502969,98.5682584394
3838.5454654504,99.3188584437
3839.2594806040,98.7583688573
3839.9734957575,98.6994049075
3840.6875109110,99.0176586730
3841.4015260646,98.8923491672
3842.1155412181,99.0416458477
3842.8295563717,98.8899812110
3843.5435715252,98.6272432927
3844.2575866788,99.2186052633
3844.9716018323,98.9678436486
3845.6856169858,98.3692495976
3846.3996321394,98.3892277356
3847.1136472929,98.3191840718
3847.8276624465,98.3586338133
3848.5416776000,98.5065849036
3849.2556927536,98.2102751740
3849.9697079071,98.5987997607
3850.6837230607,98.8951424963
3851.3977382142,97.9801859620
3852.1117533677,98.1480220859
3852.8257685213,99.2671643477
3853.5397836748,98.1800778410
3854.2537988284,97.8413701419
3854.9678139819,99.5178415884
3855.6818291355,98.7746674748
3856.3958442890,98.5063063664
3857.1098594425,98.7571742341
3857.8238745961,98.7485130592
3858.5378897496,98.7762586461
3859.2519049032,98.7012184594
3859.9659200567,98.5730897575
3860.6799352103,98.6603055671
3861.3939503638,98.4893945040
3862.1079655174,98.3860714925
3862.8219806709,98.6990203975
3863.5359958244,98.6445814620
3864.2500109780,98.2763088947
3864.9640261315,98.3078833955
3865.6780412851,98.7050823328
3866.3920564386,98.6328459951
3867.1060715922,98.4140511025
3867.8200867457,98.4830861564
3868.5341018992,98.5153827362
3869.2481170528,98.0810269529
3869.9621322063,98.5184899826
3870.6761473599,99.1175273187
3871.3901625134,98.6660551933
3872.1041776670,98.4688928262
3872.8181928205,98.4182750143
3873.5322079740,98.1104688096
3874.2462231276,98.4503531635
3874.9602382811,98.8192321228
3875.6742534347,98.5794888490
3876.3882685882,98.5393106276
3877.1022837418,98.3862567295
3877.8162988953,98.2655161556
3878.5303140489,98.5747799432
3879.2443292024,98.5551742671
3879.9583443559,98.2074373534
3880.6723595095,98.5358938751
3881.3863746630,98.7322716924
3882.1003898166,98.5386813570
3882.8144049701,98.2653005188
3883.5284201237,98.3382883143
3884.2424352772,98.6347979727
3884.9564504307,98.2696509602
3885.6704655843,97.8587189554
3886.3844807378,98.8741250822
3887.0984958914,98.6732751513
3887.8125110449,98.1212554046
3888.5265261985,98.1432472850
3889.2405413520,98.3980828989
3889.9545565056,98.6351971814
3890.6685716591,98.6126061293
3891.3825868126,98.3882681358
3892.0966019662,98.7492937893
3892.8106171197,98.6175028008
3893.5246322733,98.2478212421
3894.2386474268,98.3767972142
3894.9526625804,98.4302878885
3895.6666777339,98.4197643513
3896.3806928874,98.4295025324
3897.0947080410,98.2337859828
3897.8087231945,98.4267246791
3898.5227383481,98.3025941383
3899.2367535016,97.5577152675
3899.9507686552,98.5057432372
3900.6647838087,98.6504318978
3901.3787989623,97.6526289735
3902.0928141158,98.2974536198
3902.8068292693,98.8236326089
3903.5208444229,98.1063581362
3904.2348595764,98.3952126693
3904.9488747300,98.8821232576
3905.6628898835,98.4198535299
3906.3769050371,98.4834601262
3907.0909201906,98.6116124099
3907.8049353441,98.4736432246
3908.5189504977,98.5329590893
3909.2329656512,98.4773797856
3909.9469808048,98.3754080161
3910.6609959583,98.4161871956
3911.3750111119,98.3731412358
3912.0890262654,98.3592410967
3912.8030414189,98.3740028712
3913.5170565725,98.3178485410
3914.2310717260,98.2960932202
3914.9450868796,98.2690303102
3915.6591020331,98.2513369073
3916.3731171867,98.2560219812
3917.0871323402,98.2869698768
3917.8011474938,98.4625556378
3918.5151626473,98.4200544307
3919.2291778008,98.0865009916
3919.9431929544,97.9697298319
3920.6572081079,98.3680913850
3921.3712232615,98.4909559293
3922.0852384150,98.3168465599
3922.7992535686,98.3357956515
3923.5132687221,98.4094495049
3924.2272838756,98.1910484587
3924.9412990292,98.0733389013
3925.6553141827,98.2426786270
3926.3693293363,98.3027783758
3927.0833444898,98.2434302200
3927.7973596434,98.2449956779
3928.5113747969,98.3318010734
3929.2253899505,98.3900150753
3929.9394051040,98.3040766512
3930.6534202575,98.2832242399
3931.3674354111,98.3082561506
3932.0814505646,98.2711031574
3932.7954657182,98.3561167260
3933.5094808717,98.4123406758
3934.2234960253,98.3373436093
3934.9375111788,98.3095865356
3935.6515263323,98.2960038565
3936.3655414859,98.2845693356
3937.0795566394,98.2803098831
3937.7935717930,98.2372512148
3938.5075869465,98.3678033459
3939.2216021001,98.3272027816
3939.9356172536,98.0783909415
3940.6496324071,98.2560999333
3941.3636475607,98.3847739615
3942.0776627142,98.1268575798
3942.7916778678,98.2081162952
3943.5056930213,98.3458668646
3944.2197081749,98.1544628129
3944.9337233284,98.0859075786
3945.6477384820,98.1367229785
3946.3617536355,98.1911080374
3947.0757687890,98.1838782179
3947.7897839426,98.1738153895
3948.5037990961,98.3438451090
3949.2178142497,98.2954200819
3949.9318294032,98.1164679062
3950.6458445568,98.2728300259
3951.3598597103,98.2908124740
3952.0738748638,98.2302433955
3952.7878900174,98.3637479708
3953.5019051709,98.2716625713
3954.2159203245,98.1989474758
3954.9299354780,98.3508609381
3955.6439506316,98.2493902274
3956.3579657851,98.1145565411
3957.0719809387,98.2559486469
3957.7859960922,98.3546155745
3958.5000112457,98.2812663204
3959.2140263993,98.1889992538
3959.9280415528,98.2368362047
3960.6420567064,98.2806876486
3961.3560718599,98.1278869793
3962.0700870135,98.0789408619
3962.7841021670,98.2336065796
3963.4981173205,98.3484335085
3964.2121324741,98.3872472186
3964.9261476276,98.2956777459
3965.6401627812,98.1962879695
3966.3541779347,98.2166700449
3967.0681930883,98.2564347394
3967.7822082418,98.3064451174
3968.4962233953,98.2404249902
3969.2102385489,98.0845998578
3969.9242537024,98.1725285979
3970.6382688560,98.3001033608
3971.3522840095,98.2083091474
3972.0662991631,98.1051795200
3972.7803143166,98.1430409492
3973.4943294702,98.3104335166
3974.2083446237,98.3831050790
3974.9223597772,98.2563043613
3975.6363749308,98.2554465474
3976.3503900843,98.3277164741
3977.0644052379,98.2675104851
3977.7784203914,98.2801744289
3978.4924355450,98.3167652725
3979.2064506985,98.2508204281
3979.9204658520,98.2519253160
3980.6344810056,98.2959722102
3981.3484961591,98.2541463434
3982.0625113127,98.2265311394
3982.7765264662,98.2604993831
3983.4905416198,98.1858535715
3984.2045567733,98.1086788902
3984.9185719269,98.2656762357
3985.6325870804,98.3196401122
3986.3466022339,98.1836253990
3987.0606173875,98.2492732866
3987.7746325410,98.2605105608
3988.4886476946,98.1681329799
3989.2026628481,98.2856077528
3989.9166780017,98.2157338713
3990.6306931552,98.1104066079
3991.3447083087,98.3599918356
3992.0587234623,98.3180796632
3992.7727386158,98.1086577033
3993.4867537694,98.2214778092
3994.2007689229,98.1496403687
3994.9147840765,98.0295532217
3995.6287992300,98.2146738345
3996.3428143835,98.1899170019
3997.0568295371,98.0754026313
3997.7708446906,98.1809583589
3998.4848598442,98.1745104517
3999.1988749977,98.1455805659
3999.9128901513,98.2862790376