399.8484859844,59.3590556541
400.5625011380,73.3552373789
401.2765162915,70.8488841501
401.9905314450,79.8142762515
402.7045465986,82.1640908252
403.4185617521,65.6295196128
404.1325769057,68.1827721018
404.8465920592,71.9866782514
405.5606072128,76.7672156310
406.2746223663,83.4949329113
406.9886375199,76.9825691795
407.7026526734,75.8894530525
408.4166678269,77.7951723729
409.1306829805,75.1906709109
409.8446981340,80.8726152552
410.5587132876,73.8251285613
411.2727284411,68.9530827988
411.9867435947,74.1812018498
412.7007587482,75.9566756634
413.4147739017,78.8827770417
414.1287890553,71.8931153053
414.8428042088,67.7326837513
415.5568193624,83.7859226215
416.2708345159,77.9534073091
416.9848496695,70.4280691657
417.6988648230,84.1821602617
418.4128799766,73.6637475817
419.1268951301,75.1166915877
419.8409102836,94.7286508875
420.5549254372,76.8054900849
421.2689405907,74.0171194284
421.9829557443,77.0928178321
422.6969708978,69.6213851221
423.4109860514,72.5852264894
424.1250012049,72.4414527063
424.8390163584,71.2807128498
425.5530315120,76.4747729997
426.2670466655,68.8184164917
426.9810618191,69.2516705164
427.6950769726,77.7560729988
428.4090921262,70.6761832571
429.1231072797,67.7524234255
429.8371224332,71.1878136941
430.5511375868,68.8472054670
431.2651527403,71.3502455838
431.9791678939,71.2355758119
432.6931830474,66.8911787426
433.4071982010,67.5266083555
434.1212133545,67.0319218720
434.8352285081,68.1458839205
435.5492436616,71.5242965977
436.2632588151,70.9784256406
436.9772739687,71.9980123742
437.6912891222,70.9050671864
438.4053042758,67.3568533987
439.1193194293,69.6613694934
439.8333345829,71.6065604119
440.5473497364,68.4374298020
441.2613648899,67.4213840918
441.9753800435,70.6971789118
442.6893951970,72.3508872722
443.4034103506,70.1599294076
444.1174255041,70.4018439756
444.8314406577,71.6101136616
445.5454558112,69.8910412951
446.2594709648,70.2217376362
446.9734861183,71.0983504340
447.6875012718,69.9165340442
448.4015164254,70.4334806855
449.1155315789,70.2751909811
449.8295467325,71.7587450620
450.5435618860,74.0974219487
451.2575770396,71.5944240775
451.9715921931,71.6797416445
452.6856073466,73.8969550528
453.3996225002,71.5133459252
454.1136376537,72.6490808603
454.8276528073,74.4653976536
455.5416679608,72.7824156017
456.2556831144,71.7283347374
456.9696982679,70.3658633504
457.6837134214,70.6712600782
458.3977285750,72.6387995479
459.1117437285,70.8799471139
459.8257588821,72.0945729009
460.5397740356,73.6648621498
461.2537891892,72.0480660390
461.9678043427,72.9181131663
462.6818194963,72.5925162390
463.3958346498,71.7276211771
464.1098498033,73.3940503762
464.8238649569,73.1949302449
465.5378801104,73.1359642078
466.2518952640,73.0141802315
466.9659104175,72.4362650735
467.6799255711,75.3298150784
468.3939407246,74.6629654181
469.1079558781,72.2023701817
469.8219710317,73.8924603456
470.5359861852,73.5722438433
471.2500013388,73.9279685349
471.9640164923,75.7426800002
472.6780316459,71.5395469957
473.3920467994,71.6488261631
474.1060619530,73.9559849617
474.8200771065,72.3724536106
475.5340922600,72.0716336380
476.2481074136,72.0470113744
476.9621225671,71.4616063314
477.6761377207,72.4609281205
478.3901528742,71.5137961253
479.1041680278,70.6084520043
479.8181831813,71.0170722367
480.5321983348,71.5653568283
481.2462134884,73.1031193779
481.9602286419,71.5449053918
482.6742437955,70.7040798886
483.3882589490,73.0793046879
484.1022741026,70.5988053417
484.8162892561,69.1160520468
485.5303044097,72.1161197394
486.2443195632,71.7762985736
486.9583347167,71.5454606914
487.6723498703,72.5554466462
488.3863650238,70.6048720766
489.1003801774,70.6098699605
489.8143953309,71.4911828071
490.5284104845,70.5667543058
491.2424256380,70.9927926205
491.9564407915,70.8827241462
492.6704559451,70.0238753482
493.3844710986,70.1529592692
494.0984862522,69.7380330573
494.8125014057,70.0536873817
495.5265165593,69.9862230539
496.2405317128,68.9449572306
496.9545468663,69.8870655985
497.6685620199,70.6410302000
498.3825771734,70.0675718136
499.0965923270,70.2310427082
499.8106074805,69.9419053353
500.5246226341,69.1675475035
501.2386377876,68.8573809689
501.9526529412,68.7138479918
502.6666680947,69.5104238330
503.3806832482,69.6463788745
504.0946984018,68.9542765180
504.8087135553,68.4825433970
505.5227287089,68.5744234864
506.2367438624,69.1166063390
506.9507590160,69.1130829741
507.6647741695,68.3920537893
508.3787893230,68.3305374080
509.0928044766,68.2844408326
509.8068196301,68.2838207454
510.5208347837,68.7056704958
511.2348499372,68.6752433998
511.9488650908,68.5559935584
512.6628802443,68.5764392067
513.3768953979,68.2748224574
514.0909105514,67.6470861472
514.8049257049,67.1229540635
515.5189408585,67.4397724510
516.2329560120,67.2859904406
516.9469711656,66.7699640457
517.6609863191,67.9988609891
518.3750014727,68.1128865549
519.0890166262,67.2130150366
519.8030317797,68.0343496828
520.5170469333,68.1144753293
521.2310620868,67.7484949199
521.9450772404,68.2203364192
522.6590923939,67.5962110057
523.3731075475,67.5041834376
524.0871227010,68.3966320683
524.8011378545,68.7618693532
525.5151530081,70.0547615060
526.2291681616,69.3232788736
526.9431833152,67.0736867505
527.6571984687,67.9595071872
528.3712136223,69.3201555344
529.0852287758,68.9755128853
529.7992439294,68.3794990466
530.5132590829,67.6754953432
531.2272742364,68.4182883834
531.9412893900,69.3267935362
532.6553045435,68.4847533303
533.3693196971,68.5100082095
534.0833348506,68.6399252463
534.7973500042,67.9988850345
535.5113651577,68.8259820609
536.2253803112,69.1446751790
536.9393954648,67.9757684450
537.6534106183,67.7447272069
538.3674257719,67.8460499130
539.0814409254,67.7950156406
539.7954560790,67.8799959816
540.5094712325,67.6495720353
541.2234863861,67.4451187894
541.9375015396,67.2891739849
542.6515166931,66.9999895608
543.3655318467,66.4226175493
544.0795470002,65.9219689948
544.7935621538,66.3392079262
545.5075773073,66.5260065437
546.2215924609,65.8639963767
546.9356076144,65.4652826392
547.6496227679,65.0594950642
548.3636379215,64.9815709456
549.0776530750,65.1128345407
549.7916682286,64.5140881292
550.5056833821,64.5823391528
551.2196985357,64.9687273951
551.9337136892,64.2397496966
552.6477288427,64.0245883134
553.3617439963,64.2661037014
554.0757591498,63.7747779311
554.7897743034,63.6661428384
555.5037894569,63.8933871477
556.2178046105,63.4810397509
556.9318197640,62.7506787145
557.6458349176,62.5983376124
558.3598500711,63.2623265061
559.0738652246,63.6023210518
559.7878803782,63.5510421135
560.5018955317,64.1634944377
561.2159106853,64.9986953863
561.9299258388,65.4693003170
562.6439409924,65.8383646542
563.3579561459,66.4184310241
564.0719712994,67.2312082287
564.7859864530,67.5091902077
565.5000016065,67.5043143472
566.2140167601,68.0452497901
566.9280319136,68.5181318204
567.6420470672,68.7899624072
568.3560622207,69.1156178332
569.0700773743,69.1197082686
569.7840925278,68.8614577119
570.4981076813,68.6490493060
571.2121228349,69.0685700095
571.9261379884,69.7163287258
572.6401531420,69.3656830772
573.3541682955,69.1040389971
574.0681834491,69.2020212050
574.7821986026,69.1039880180
575.4962137561,69.7096461371
576.2102289097,69.7445300099
576.9242440632,68.8426729318
577.6382592168,69.1840254358
578.3522743703,69.3984808124
579.0662895239,69.0701874275
579.7803046774,69.6312792567
580.4943198309,69.5592703593
581.2083349845,68.9725308489
581.9223501380,69.1678388928
582.6363652916,69.1817673391
583.3503804451,69.2727751680
584.0643955987,69.3308936185
584.7784107522,69.1263521955
585.4924259058,69.5553987650
586.2064410593,69.5543647295
586.9204562128,69.2001342036
587.6344713664,69.5857028001
588.3484865199,69.5766663150
589.0625016735,69.3891913062
589.7765168270,69.5275035637
590.4905319806,69.1584478137
591.2045471341,69.0901555274
591.9185622876,69.5966779480
592.6325774412,69.7978723423
593.3465925947,69.8276044834
594.0606077483,69.7013321596
594.7746229018,69.8321347303
595.4886380554,70.0688940533
596.2026532089,69.6610401358
596.9166683625,69.5597152307
597.6306835160,69.8613774759
598.3446986695,69.7830850439
599.0587138231,69.7414984793
599.7727289766,69.6329056975
600.4867441302,69.5788571430
601.2007592837,69.8342901271
601.9147744373,69.7494051726
602.6287895908,69.6337301985
603.3428047443,69.7135625253
604.0568198979,69.6439032006
604.7708350514,69.6459668406
605.4848502050,69.4773521539
606.1988653585,69.2245368505
606.9128805121,69.0111151747
607.6268956656,68.5872093976
608.3409108192,68.7723255023
609.0549259727,69.1566440882
609.7689411262,69.0021437318
610.4829562798,69.3421911932
611.1969714333,69.6059123467
611.9109865869,69.2199037649
612.6250017404,69.3014576818
613.3390168940,69.3964347718
614.0530320475,69.2440218535
614.7670472010,69.3935360579
615.4810623546,69.3970759342
616.1950775081,69.4488466234
616.9090926617,69.6471567005
617.6231078152,69.8181503757
618.3371229688,70.2625148766
619.0511381223,70.4419077766
619.7651532758,70.7151211862
620.4791684294,71.4534743121
621.1931835829,71.5161292440
621.9071987365,71.5399235118
622.6212138900,72.1495432372
623.3352290436,72.2350342175
624.0492441971,72.1411693799
624.7632593507,72.2666618402
625.4772745042,72.3189160351
626.1912896577,72.7107341994
626.9053048113,72.9995857365
627.6193199648,73.0155964910
628.3333351184,73.1472024056
629.0473502719,72.9814369544
629.7613654255,73.0370626836
630.4753805790,73.4778518756
631.1893957325,73.3795169410
631.9034108861,73.4726051876
632.6174260396,74.1170120954
633.3314411932,74.3121519131
634.0454563467,74.3816993022
634.7594715003,74.5650869083
635.4734866538,74.4848033601
636.1875018074,74.8754421884
636.9015169609,75.6248955056
637.6155321144,75.5923840089
638.3295472680,75.1407596854
639.0435624215,75.2084915713
639.7575775751,75.3083740551
640.4715927286,75.3074117328
641.1856078822,75.5772237370
641.8996230357,75.5475995119
642.6136381892,75.4435665167
643.3276533428,75.8982867336
644.0416684963,75.9340746714
644.7556836499,75.6128230315
645.4696988034,75.9509104340
646.1837139570,76.1719030561
646.8977291105,76.0232446883
647.6117442640,76.1202916242
648.3257594176,76.1259800828
649.0397745711,76.1623465213
649.7537897247,76.3306967294
650.4678048782,76.2331449276
651.1818200318,76.1509627856
651.8958351853,76.0550006678
652.6098503389,75.9351260377
653.3238654924,75.9251100002
654.0378806459,75.4766893515
654.7518957995,75.0845561970
655.4659109530,75.1926613240
656.1799261066,74.8655038289
656.8939412601,74.3919060403
657.6079564137,74.5110021535
658.3219715672,74.5319234533
659.0359867207,74.0617940666
659.7500018743,73.6198716287
660.4640170278,73.5560481594
661.1780321814,73.5063635793
661.8920473349,73.4024968934
662.6060624885,73.5105605413
663.3200776420,73.5498602184
664.0340927956,73.5319099567
664.7481079491,73.7120939776
665.4621231026,73.7981799827
666.1761382562,73.8634615851
666.8901534097,74.1468158011
667.6041685633,75.1190152048
668.3181837168,75.3842752365
669.0321988704,74.8799844310
669.7462140239,75.2112187530
670.4602291774,75.7793354295
671.1742443310,76.0237194363
671.8882594845,76.3260339652
672.6022746381,76.7946484181
673.3162897916,77.0468234687
674.0303049452,77.2615620373
674.7443200987,77.5651769945
675.4583352522,77.8231698319
676.1723504058,78.0567156727
676.8863655593,78.3206292293
677.6003807129,78.5644790678
678.3143958664,78.7870021208
679.0284110200,79.0634652942
679.7424261735,79.2294586813
680.4564413271,79.2770332629
681.1704564806,79.4457135236
681.8844716341,79.6051393350
682.5984867877,79.7730430187
683.3125019412,79.9767302024
684.0265170948,80.0596828394
684.7405322483,80.2864679274
685.4545474019,80.3371956799
686.1685625554,79.9899956457
686.8825777089,80.1736210742
687.5965928625,80.5620747618
688.3106080160,80.2415710054
689.0246231696,80.0255315347
689.7386383231,80.3253497879
690.4526534767,80.4795413871
691.1666686302,80.2504228786
691.8806837838,79.9267473288
692.5946989373,79.9822086313
693.3087140908,80.2166768223
694.0227292444,80.1241971255
694.7367443979,79.8635618630
695.4507595515,79.8298370943
696.1647747050,80.2058813204
696.8787898586,80.5045845252
697.5928050121,80.3124254706
698.3068201656,80.2191569965
699.0208353192,80.1988077202
699.7348504727,79.9562746267
700.4488656263,80.0776002084
701.1628807798,80.2318797544
701.8768959334,80.0835241700
702.5909110869,80.2906848112
703.3049262404,80.4908625481
704.0189413940,80.5204077317
704.7329565475,80.8281045354
705.4469717011,80.7879128425
706.1609868546,80.5437025569
706.8750020082,80.7565907381
707.5890171617,80.9120711002
708.3030323153,80.9774942749
709.0170474688,81.1607026856
709.7310626223,81.1663335396
710.4450777759,81.2301142641
711.1590929294,81.4494929808
711.8731080830,81.6720634640
712.5871232365,81.9427761994
713.3011383901,82.1703130136
714.0151535436,82.5336041641
714.7291686971,82.9633207458
715.4431838507,83.0510255346
716.1571990042,83.0620025634
716.8712141578,83.2710782019
717.5852293113,83.6097126630
718.2992444649,83.9947788953
719.0132596184,84.2103940061
719.7272747720,84.3632761162
720.4412899255,84.6503183441
721.1553050790,85.0524405658
721.8693202326,85.3894656870
722.5833353861,85.3987777915
723.2973505397,85.5506460644
724.0113656932,86.0572561944
724.7253808468,86.3046607022
725.4393960003,86.5324717514
726.1534111538,86.7779331302
726.8674263074,86.7197989237
727.5814414609,86.9600898282
728.2954566145,87.2978297803
729.0094717680,87.4191530718
729.7234869216,87.7973279159
730.4375020751,88.0240580665
731.1515172287,88.0670348963
731.8655323822,88.2839576822
732.5795475357,88.3589206311
733.2935626893,88.6074952970
734.0075778428,88.8826795486
734.7215929964,88.7619589240
735.4356081499,88.8520392803
736.1496233035,88.9684437434
736.8636384570,88.9881927355
737.5776536105,89.3240727440
738.2916687641,89.3974160664
739.0056839176,89.2454162099
739.7196990712,89.2677580473
740.4337142247,89.2897869919
741.1477293783,89.5088329431
741.8617445318,89.5250778536
742.5757596853,89.2576867361
743.2897748389,89.3803082088
744.0037899924,89.3695849918
744.7178051460,89.1811817607
745.4318202995,89.3723964509
746.1458354531,89.3265195478
746.8598506066,89.0914566287
747.5738657602,89.0774152632
748.2878809137,88.9782250117
749.0018960672,88.9207261323
749.7159112208,88.9876985222
750.4299263743,89.0743524519
751.1439415279,89.1660892084
751.8579566814,89.1406822069
752.5719718350,89.2395843496
753.2859869885,89.3023062656
754.0000021420,89.1264863979
754.7140172956,89.1430520428
755.4280324491,89.1279790836
756.1420476027,89.1304699633
756.8560627562,89.4398466244
757.5700779098,89.3691176938
758.2840930633,89.2358114818
758.9981082169,89.4631078943
759.7121233704,89.3084032005
760.4261385239,89.2406398037
761.1401536775,89.5757142882
761.8541688310,89.5408002275
762.5681839846,89.3857778833
763.2821991381,89.4183790135
763.9962142917,89.5943100691
764.7102294452,89.9063050786
765.4242445987,89.7830581522
766.1382597523,89.5052483644
766.8522749058,89.7004047088
767.5662900594,89.9151607332
768.2803052129,89.9432881723
768.9943203665,89.9460564974
769.7083355200,89.9059444567
770.4223506735,89.8910192500
771.1363658271,89.9391983812
771.8503809806,90.1082812189
772.5643961342,90.1131472300
773.2784112877,89.8659831260
773.9924264413,89.8887290819
774.7064415948,90.0185979402
775.4204567484,90.0426094396
776.1344719019,90.1298509967
776.8484870554,90.0116080228
777.5625022090,89.9705362990
778.2765173625,90.1657742214
778.9905325161,90.0849126221
779.7045476696,90.0154348079
780.4185628232,90.0230698797
781.1325779767,89.9003468226
781.8465931302,90.0505216143
782.5606082838,90.1337549189
783.2746234373,89.9819255784
783.9886385909,90.0450259499
784.7026537444,90.0559927488
785.4166688980,90.1327914597
786.1306840515,90.3798485866
786.8446992051,90.3075444658
787.5587143586,90.2500041315
788.2727295121,90.3347261274
788.9867446657,90.2362607300
789.7007598192,90.2413452562
790.4147749728,90.3685338586
791.1287901263,90.3232548555
791.8428052799,90.1361656082
792.5568204334,90.2095440760
793.2708355869,90.5424210843
793.9848507405,90.3033750468
794.6988658940,89.9601792002
795.4128810476,90.2768153917
796.1268962011,90.3054004782
796.8409113547,90.1770434341
797.5549265082,90.4076365546
798.2689416617,90.2340851732
798.9829568153,90.1706820657
799.6969719688,90.3863879012
800.4109871224,90.1640131546
801.1250022759,90.2415204397
801.8390174295,90.4213228811
802.5530325830,90.1050486238
803.2670477366,90.1358489616
803.9810628901,90.2283610748
804.6950780436,90.0511475160
805.4090931972,90.2403057831
806.1231083507,90.4062880355
806.8371235043,90.3179838435
807.5511386578,90.2506439127
808.2651538114,90.2216123195
808.9791689649,90.3852344478
809.6931841184,90.4284512932
810.4071992720,90.2705927465
811.1212144255,90.2709088760
811.8352295791,90.2462869647
812.5492447326,90.2311468573
813.2632598862,90.2099414791
813.9772750397,90.1305609129
814.6912901933,90.3558600574
815.4053053468,90.3985733337
816.1193205003,90.1625351457
816.8333356539,90.3183098921
817.5473508074,90.4030467439
818.2613659610,90.2904251067
818.9753811145,90.3217448826
819.6893962681,90.2428045578
820.4034114216,90.3980509810
821.1174265751,90.5723851629
821.8314417287,90.2384589415
822.5454568822,90.1831131088
823.2594720358,90.3533841529
823.9734871893,90.2804293034
824.6875023429,90.3381896362
825.4015174964,90.2275224217
826.1155326499,90.0978779923
826.8295478035,90.3890048402
827.5435629570,90.3620086536
828.2575781106,90.0970181640
828.9715932641,90.0851554555
829.6856084177,89.9709605027
830.3996235712,90.0213699622
831.1136387248,90.2718593676
831.8276538783,90.1191050674
832.5416690318,89.9685918443
833.2556841854,90.1910912029
833.9696993389,90.2819988013
834.6837144925,90.1840443242
835.3977296460,90.1979941614
836.1117447996,90.2181534779
836.8257599531,90.1753168916
837.5397751066,90.2546237912
838.2537902602,90.2990904444
838.9678054137,90.0903947297
839.6818205673,89.9069418040
840.3958357208,89.9303734753
841.1098508744,90.0081322459
841.8238660279,90.0174206004
842.5378811815,89.9763381616
843.2518963350,90.0253162850
843.9659114885,90.0288178310
844.6799266421,89.9219399520
845.3939417956,90.0500208779
846.1079569492,90.2338327860
846.8219721027,90.1449370712
847.5359872563,90.0206889407
848.2500024098,89.9408716065
848.9640175633,90.0154290441
849.6780327169,90.2159845821
850.3920478704,90.0322064705
851.1060630240,89.7260690033
851.8200781775,89.7649506771
852.5340933311,89.7349292569
853.2481084846,89.5885985142
853.9621236381,89.6654426450
854.6761387917,89.7082776972
855.3901539452,89.5679316348
856.1041690988,89.5622511961
856.8181842523,89.6289545579
857.5321994059,89.3958766605
858.2462145594,89.1336283201
858.9602297130,89.1967386214
859.6742448665,89.2632187154
860.3882600200,89.2088461621
861.1022751736,89.1430602830
861.8162903271,89.0498726823
862.5303054807,89.1402635635
863.2443206342,89.1752243483
863.9583357878,88.8984114278
864.6723509413,88.8226298566
865.3863660948,88.8771128362
866.1003812484,88.7445426780
866.8143964019,88.6991557116
867.5284115555,88.6258284320
868.2424267090,88.4827708373
868.9564418626,88.4393333642
869.6704570161,88.3148570092
870.3844721697,88.3097709659
871.0984873232,88.3947947294
871.8125024767,88.1883594872
872.5265176303,88.0221751131
873.2405327838,87.9824523186
873.9545479374,87.8636061152
874.6685630909,87.8021145115
875.3825782445,87.5902349305
876.0965933980,87.3405388116
876.8106085515,87.4131715447
877.5246237051,87.3734798315
878.2386388586,87.1131742502
878.9526540122,87.0616692180
879.6666691657,87.1302867167
880.3806843193,87.1184172923
881.0946994728,86.9956903915
881.8087146264,86.7640146834
882.5227297799,86.5483140315
883.2367449334,86.4597454737
883.9507600870,86.4757246320
884.6647752405,86.4006657587
885.3787903941,86.1846466764
886.0928055476,86.0270031408
886.8068207012,85.9382931517
887.5208358547,85.8256137302
888.2348510082,85.6739408178
888.9488661618,85.6070652734
889.6628813153,85.6438556881
890.3768964689,85.4309977252
891.0909116224,85.1918795253
891.8049267760,85.2967402567
892.5189419295,85.2052621690
893.2329570830,84.9959754076
893.9469722366,85.0865687535
894.6609873901,84.9507408533
895.3750025437,84.7277419185
896.0890176972,84.7173075967
896.8030328508,84.4861025491
897.5170480043,84.3859499430
898.2310631579,84.5247002294
898.9450783114,84.4061072782
899.6590934649,84.3575507915
900.3731086185,84.3777244237
901.0871237720,84.2702181081
901.8011389256,84.4185965697
902.5151540791,84.5260684463
903.2291692327,84.4483290913
903.9431843862,84.5855574200
904.6571995397,84.6228963625
905.3712146933,84.5278041502
906.0852298468,84.6207861296
906.7992450004,84.6516529521
907.5132601539,84.6327366690
908.2272753075,84.7874985116
908.9412904610,84.9225693916
909.6553056146,84.8395487257
910.3693207681,84.7012738464
911.0833359216,84.7909680619
911.7973510752,84.9264772089
912.5113662287,84.8909061361
913.2253813823,84.8961424008
913.9393965358,84.9045846937
914.6534116894,84.8357998398
915.3674268429,84.8414772327
916.0814419964,84.8648588090
916.7954571500,84.9122310671
917.5094723035,84.9136666292
918.2234874571,84.7242061945
918.9375026106,84.6167227070
919.6515177642,84.6264484290
920.3655329177,84.5473323812
921.0795480712,84.4601547012
921.7935632248,84.3720892475
922.5075783783,84.3308301617
923.2215935319,84.2961354392
923.9356086854,84.0885727434
924.6496238390,83.9785167879
925.3636389925,83.9356253266
926.0776541461,83.6722845329
926.7916692996,83.5768502944
927.5056844531,83.6433482198
928.2196996067,83.4403819032
928.9337147602,83.2429040909
929.6477299138,83.2359379738
930.3617450673,83.2158866873
931.0757602209,83.1300726857
931.7897753744,82.9273612075
932.5037905279,82.7386074132
933.2178056815,82.7144651720
933.9318208350,82.7033323154
934.6458359886,82.6608824500
935.3598511421,82.5885311190
936.0738662957,82.3952758335
936.7878814492,82.1826041337
937.5018966028,82.0675710532
938.2159117563,81.9605502755
938.9299269098,81.7812550586
939.6439420634,81.6392313178
940.3579572169,81.5809103830
941.0719723705,81.4402619572
941.7859875240,81.2243485974
942.5000026776,81.0548736275
943.2140178311,80.8599670765
943.9280329846,80.6669085659
944.6420481382,80.5736812217
945.3560632917,80.4569955446
946.0700784453,80.2043768841
946.7840935988,79.9396658397
947.4981087524,79.8083177175
948.2121239059,79.6612540771
948.9261390594,79.3650085908
949.6401542130,79.1413717364
950.3541693665,79.0058675249
951.0681845201,78.7948168157
951.7821996736,78.6258476822
952.4962148272,78.4539030968
953.2102299807,78.1703914945
953.9242451343,77.9240163360
954.6382602878,77.6608950817
955.3522754413,77.3458381063
956.0662905949,77.1497976933
956.7803057484,76.9933439369
957.4943209020,76.7590393513
958.2083360555,76.4864728643
958.9223512091,76.2316507500
959.6363663626,76.0483110303
960.3503815161,75.8054566066
961.0643966697,75.4619716805
961.7784118232,75.1928638323
962.4924269768,74.9318492451
963.2064421303,74.6041079099
963.9204572839,74.2744764366
964.6344724374,73.8970805958
965.3484875910,73.5876730472
966.0625027445,73.3970747332
966.7765178980,73.0634632383
967.4905330516,72.6218895239
968.2045482051,72.3008575500
968.9185633587,72.0210792233
969.6325785122,71.6563598903
970.3465936658,71.2297889723
971.0606088193,70.8071351877
971.7746239728,70.4190388682
972.4886391264,70.0367290354
973.2026542799,69.6087267135
973.9166694335,69.1233313827
974.6306845870,68.6408756145
975.3446997406,68.1064187961
976.0587148941,67.4679534038
976.7727300476,66.9354435664
977.4867452012,66.4621472276
978.2007603547,65.7937501652
978.9147755083,65.1288749957
979.6287906618,64.6136771699
980.3428058154,64.1653752486
981.0568209689,63.7923473693
981.7708361225,63.3354712305
982.4848512760,62.9894313758
983.1988664295,63.0365208421
983.9128815831,63.0270794849
984.6268967366,63.0499489976
985.3409118902,63.4962680957
986.0549270437,63.7903385962
986.7689421973,63.8819791079
987.4829573508,64.1630971026
988.1969725043,64.2557525323
988.9109876579,64.1907797599
989.6250028114,64.2797290595
990.3390179650,64.2763824008
991.0530331185,64.1432230287
991.7670482721,63.9950396342
992.4810634256,63.8646721068
993.1950785792,63.7692631146
993.9090937327,63.5128518820
994.6231088862,63.2268768456
995.3371240398,63.0634094092
996.0511391933,62.7724526709
996.7651543469,62.5957731763
997.4791695004,62.6177028417
998.1931846540,62.3759911682
998.9071998075,62.1830275264
999.6212149610,62.3329493640
1000.3352301146,62.3654569054
1001.0492452681,62.3395667161
1001.7632604217,62.4504252275
1002.4772755752,62.4953720399
1003.1912907288,62.6499221962
1003.9053058823,62.9099856076
1004.6193210359,62.9295853035
1005.3333361894,62.9485758689
1006.0473513429,63.0888077560
1006.7613664965,63.0803054811
1007.4753816500,63.1513429978
1008.1893968036,63.3152152531
1008.9034119571,63.2568130499
1009.6174271107,63.2559741090
1010.3314422642,63.3290017435
1011.0454574177,63.1899593192
1011.7594725713,63.1501482107
1012.4734877248,63.1933524018
1013.1875028784,63.0736209567
1013.9015180319,63.0835214719
1014.6155331855,63.1194602567
1015.3295483390,62.9785338027
1016.0435634925,62.9486286730
1016.7575786461,62.9324253612
1017.4715937996,62.7511609477
1018.1856089532,62.5721658122
1018.8996241067,62.4376586555
1019.6136392603,62.3388136831
1020.3276544138,62.1484497527
1021.0416695674,61.8579204263
1021.7556847209,61.7062599957
1022.4696998744,61.5407357521
1023.1837150280,61.2924393413
1023.8977301815,61.1293824834
1024.6117453351,60.8921521415
1025.3257604886,60.6975872170
1026.0397756422,60.5951834485
1026.7537907957,60.3140736547
1027.4678059492,60.1948550828
1028.1818211028,60.2728650483
1028.8958362563,60.1382093828
1029.6098514099,60.0938958255
1030.3238665634,60.2203986615
1031.0378817170,60.3074836513
1031.7518968705,60.5381707559
1032.4659120241,60.7930132726
1033.1799271776,61.0644217108
1033.8939423311,61.5858357739
1034.6079574847,62.1833002845
1035.3219726382,62.7954511059
1036.0359877918,63.3881830130
1036.7500029453,63.8767753007
1037.4640180989,64.4692126770
1038.1780332524,65.0538185477
1038.8920484059,65.4673498515
1039.6060635595,65.8722644492
1040.3200787130,66.1712484895
1041.0340938666,66.3256911542
1041.7481090201,66.3630472694
1042.4621241737,66.1404800988
1043.1761393272,65.9002539740
1043.8901544807,65.7197698485
1044.6041696343,65.3392062088
1045.3181847878,64.9111316652
1046.0321999414,64.4525135296
1046.7462150949,63.9052707269
1047.4602302485,63.4626884339
1048.1742454020,62.9632582382
1048.8882605556,62.4589490382
1049.6022757091,62.1588071589
1050.3162908626,61.7923152702
1051.0303060162,61.4628375735
1051.7443211697,61.3442781013
1052.4583363233,61.2065299179
1053.1723514768,61.1628662549
1053.8863666304,61.2393507436
1054.6003817839,61.2931705533
1055.3143969374,61.4493343101
1056.0284120910,61.5973991613
1056.7424272445,61.7731636557
1057.4564423981,62.2419135067
1058.1704575516,62.7363145416
1058.8844727052,63.1388486590
1059.5984878587,63.7263722842
1060.3125030123,64.4540108176
1061.0265181658,65.3119407482
1061.7405333193,66.2900478268
1062.4545484729,67.1893454088
1063.1685636264,68.1639279581
1063.8825787800,69.1787611784
1064.5965939335,69.9844747311
1065.3106090871,70.8668459823
1066.0246242406,71.7570368044
1066.7386393941,72.3997011581
1067.4526545477,73.1585797954
1068.1666697012,73.9292815867
1068.8806848548,74.4163947931
1069.5947000083,74.8933353964
1070.3087151619,75.4165684859
1071.0227303154,75.8784013785
1071.7367454689,76.2437006390
1072.4507606225,76.5387693861
1073.1647757760,76.8477973982
1073.8787909296,77.0049404771
1074.5928060831,77.2131318728
1075.3068212367,77.6255568526
1076.0208363902,77.7744956004
1076.7348515438,77.9549151097
1077.4488666973,78.4608689857
1078.1628818508,78.8184555913
1078.8768970044,79.2409391471
1079.5909121579,79.7052158063
1080.3049273115,79.8742235608
1081.0189424650,80.1991906734
1081.7329576186,80.4364501083
1082.4469727721,80.3714253723
1083.1609879256,80.5440261188
1083.8750030792,80.5700965802
1084.5890182327,80.3948221977
1085.3030333863,80.5054815727
1086.0170485398,80.4577238008
1086.7310636934,80.3011972717
1087.4450788469,80.3300392193
1088.1590940005,80.2295451450
1088.8731091540,80.2097554112
1089.5871243075,80.2399095314
1090.3011394611,80.0613812814
1091.0151546146,80.0278776257
1091.7291697682,79.9688060092
1092.4431849217,79.7246991200
1093.1572000753,79.5841635639
1093.8712152288,79.2587049090
1094.5852303823,78.8066362611
1095.2992455359,78.5915251297
1096.0132606894,78.3250346479
1096.7272758430,78.0176172920
1097.4412909965,77.7825922130
1098.1553061501,77.3750345295
1098.8693213036,76.9617565679
1099.5833364571,76.6514047389
1100.2973516107,76.3054088760
1101.0113667642,76.0054697473
1101.7253819178,75.6938098235
1102.4393970713,75.4532011809
1103.1534122249,75.4547622170
1103.8674273784,75.3743890683
1104.5814425320,75.1590482395
1105.2954576855,75.0943500715
1106.0094728390,75.0767786878
1106.7234879926,75.0461381019
1107.4375031461,75.0563166904
1108.1515182997,75.0218694603
1108.8655334532,75.0034730636
1109.5795486068,75.0107927843
1110.2935637603,75.0162276906
1111.0075789138,75.2085875544
1111.7215940674,75.5616238110
1112.4356092209,75.9887325132
1113.1496243745,76.6579376152
1113.8636395280,77.4452695407
1114.5776546816,78.1728837149
1115.2916698351,79.0003846846
1116.0056849887,79.7483682868
1116.7197001422,80.3014021668
1117.4337152957,81.0220870471
1118.1477304493,81.6848397719
1118.8617456028,82.0536569964
1119.5757607564,82.4844554253
1120.2897759099,82.8595932700
1121.0037910635,83.1258162677
1121.7178062170,83.4834029923
1122.4318213705,83.7074071512
1123.1458365241,83.9350259378
1123.8598516776,84.3400018510
1124.5738668312,84.7502023854
1125.2878819847,85.2954335124
1126.0018971383,85.7732614680
1126.7159122918,86.1210916872
1127.4299274454,86.7387997810
1128.1439425989,87.2313495663
1128.8579577524,87.5141846850
1129.5719729060,88.0159230704
1130.2859880595,88.3583480837
1131.0000032131,88.5777347254
1131.7140183666,88.9375816331
1132.4280335202,89.1176696827
1133.1420486737,89.3091396503
1133.8560638272,89.6065942875
1134.5700789808,89.8347591566
1135.2840941343,90.1918771554
1135.9981092879,90.4267272545
1136.7121244414,90.4636521872
1137.4261395950,90.5914989284
1138.1401547485,90.5886763726
1138.8541699020,90.5800542988
1139.5681850556,90.6056411495
1140.2822002091,90.2762703445
1140.9962153627,89.9718861588
1141.7102305162,89.8430621083
1142.4242456698,89.5307062127
1143.1382608233,89.2615824704
1143.8522759769,88.9892332395
1144.5662911304,88.5260321458
1145.2803062839,88.2315823723
1145.9943214375,88.0747867980
1146.7083365910,87.8392878741
1147.4223517446,87.6178653628
1148.1363668981,87.3963264349
1148.8503820517,87.2271723902
1149.5643972052,87.1123773621
1150.2784123587,86.9094966576
1150.9924275123,86.7024559503
1151.7064426658,86.4893102065
1152.4204578194,86.2180824697
1153.1344729729,86.0455649607
1153.8484881265,85.9173470166
1154.5625032800,85.7261035394
1155.2765184336,85.5453342500
1155.9905335871,85.3188660893
1156.7045487406,85.0707119187
1157.4185638942,84.9262728497
1158.1325790477,84.7426307957
1158.8465942013,84.4739732657
1159.5606093548,84.3602697249
1160.2746245084,84.3946910320
1160.9886396619,84.4112310546
1161.7026548154,84.5373746908
1162.4166699690,84.8772355941
1163.1306851225,85.2361226910
1163.8447002761,85.6153570518
1164.5587154296,86.2130669803
1165.2727305832,86.9238278629
1165.9867457367,87.5834787931
1166.7007608902,88.2761858427
1167.4147760438,89.0653592104
1168.1287911973,89.8492850157
1168.8428063509,90.5283634700
1169.5568215044,91.1249970214
1170.2708366580,91.7132582214
1170.9848518115,92.3495811837
1171.6988669651,92.9288469174
1172.4128821186,93.3496498831
1173.1268972721,93.8141001442
1173.8409124257,94.2836632133
1174.5549275792,94.5627687200
1175.2689427328,94.9048668712
1175.9829578863,95.2634275202
1176.6969730399,95.4138016336
1177.4109881934,95.6393424812
1178.1250033469,95.8764384171
1178.8390185005,95.9364760650
1179.5530336540,96.0918620604
1180.2670488076,96.3040564540
1180.9810639611,96.4450510989
1181.6950791147,96.5796925993
1182.4090942682,96.6304313272
1183.1231094218,96.6963915504
1183.8371245753,96.7904045733
1184.5511397288,96.7773430846
1185.2651548824,96.8200085842
1185.9791700359,96.8784086350
1186.6931851895,96.8204028978
1187.4072003430,96.8400460701
1188.1212154966,96.8990710383
1188.8352306501,96.8307554119
1189.5492458036,96.7236694062
1190.2632609572,96.6480765350
1190.9772761107,96.5685175916
1191.6912912643,96.4567773434
1192.4053064178,96.3352152328
1193.1193215714,96.1747024730
1193.8333367249,95.9519726138
1194.5473518784,95.8124518651
1195.2613670320,95.7247793481
1195.9753821855,95.5387209767
1196.6893973391,95.3841207073
1197.4034124926,95.3328305634
1198.1174276462,95.2616096722
1198.8314427997,95.1134352049
1199.5454579533,94.9417639575
1200.2594731068,94.8730333410
1200.9734882603,94.8374531111
1201.6875034139,94.7338851671
1202.4015185674,94.7115523522
1203.1155337210,94.7140188479
1203.8295488745,94.6359560509
1204.5435640281,94.6250409663
1205.2575791816,94.6360757896
1205.9715943351,94.6140359813
1206.6856094887,94.6821312427
1207.3996246422,94.8661221884
1208.1136397958,95.1723366622
1208.8276549493,95.4945383435
1209.5416701029,95.7398550472
1210.2556852564,96.0101843361
1210.9697004100,96.2462567516
1211.6837155635,96.4226693818
1212.3977307170,96.5708400167
1213.1117458706,96.5971234097
1213.8257610241,96.6588041779
1214.5397761777,96.7450270022
1215.2537913312,96.6458552987
1215.9678064848,96.5726885004
1216.6818216383,96.5846765811
1217.3958367918,96.5573436323
1218.1098519454,96.5551220911
1218.8238670989,96.4449035897
1219.5378822525,96.2865286289
1220.2518974060,96.2764794878
1220.9659125596,96.1863257192
1221.6799277131,95.9834644034
1222.3939428666,95.8168171478
1223.1079580202,95.6173750051
1223.8219731737,95.4714968616
1224.5359883273,95.4057341551
1225.2500034808,95.2869735898
1225.9640186344,95.1326255674
1226.6780337879,94.9561031918
1227.3920489415,94.7883592302
1228.1060640950,94.6501066709
1228.8200792485,94.4725805303
1229.5340944021,94.3227997505
1230.2481095556,94.2472906384
1230.9621247092,94.1589173165
1231.6761398627,93.9839892371
1232.3901550163,93.7345062283
1233.1041701698,93.5818554978
1233.8181853233,93.5148251076
1234.5322004769,93.3849466737
1235.2462156304,93.3307029399
1235.9602307840,93.3517443353
1236.6742459375,93.3085763427
1237.3882610911,93.3352402255
1238.1022762446,93.4075085094
1238.8162913982,93.3994605711
1239.5303065517,93.3540093897
1240.2443217052,93.2539101669
1240.9583368588,93.1800862604
1241.6723520123,93.1781985964
1242.3863671659,93.1104592427
1243.1003823194,93.0240687250
1243.8143974730,92.9749376660
1244.5284126265,92.9223627059
1245.2424277800,92.8888105972
1245.9564429336,92.8163388150
1246.6704580871,92.7549819662
1247.3844732407,92.7993359622
1248.0984883942,92.8492776987
1248.8125035478,92.9035703487
1249.5265187013,92.9304406293
1250.2405338549,92.8615910357
1250.9545490084,92.9037666958
1251.6685641619,93.0615235894
1252.3825793155,93.1027227319
1253.0965944690,93.0714338058
1253.8106096226,93.0528993502
1254.5246247761,93.0218393931
1255.2386399297,92.9945827017
1255.9526550832,92.9493519505
1256.6666702367,92.8693597739
1257.3806853903,92.7872562797
1258.0947005438,92.7209257047
1258.8087156974,92.6764520371
1259.5227308509,92.6373028429
1260.2367460045,92.5765783225
1260.9507611580,92.4962124041
1261.6647763115,92.4606317153
1262.3787914651,92.4576053874
1263.0928066186,92.3578836913
1263.8068217722,92.2342253695
1264.5208369257,92.2293630267
1265.2348520793,92.2279545938
1265.9488672328,92.1610933971
1266.6628823864,92.0828025799
1267.3768975399,91.9912531889
1268.0909126934,91.9152120212
1268.8049278470,91.8379617457
1269.5189430005,91.7498400633
1270.2329581541,91.6821437830
1270.9469733076,91.5249305221
1271.6609884612,91.3366086040
1272.3750036147,91.3029250798
1273.0890187682,91.2406107229
1273.8030339218,91.0592283391
1274.5170490753,90.9551852859
1275.2310642289,90.8885358909
1275.9450793824,90.7990691034
1276.6590945360,90.7643996735
1277.3731096895,90.6974546044
1278.0871248431,90.5803951049
1278.8011399966,90.4825808495
1279.5151551501,90.3698359662
1280.2291703037,90.3132346844
1280.9431854572,90.3627214713
1281.6572006108,90.4432317934
1282.3712157643,90.5751981245
1283.0852309179,90.7144660826
1283.7992460714,90.8152224485
1284.5132612249,90.9859470110
1285.2272763785,91.1544148576
1285.9412915320,91.1641935733
1286.6553066856,91.1778518955
1287.3693218391,91.2803153686
1288.0833369927,91.2952400550
1288.7973521462,91.2777358957
1289.5113672997,91.2918579602
1290.2253824533,91.2596298509
1290.9393976068,91.2742881183
1291.6534127604,91.2654359104
1292.3674279139,91.1469398688
1293.0814430675,91.1579823559
1293.7954582210,91.2554605332
1294.5094733746,91.2558804600
1295.2234885281,91.2741908566
1295.9375036816,91.2560288732
1296.6515188352,91.1390145701
1297.3655339887,91.0816932831
1298.0795491423,91.0277608145
1298.7935642958,90.8784034704
1299.5075794494,90.7237763421
1300.2215946029,90.5947328136
1300.9356097564,90.4420527850
1301.6496249100,90.2928593161
1302.3636400635,90.1560307287
1303.0776552171,89.9120528761
1303.7916703706,89.5678625896
1304.5056855242,89.2821808434
1305.2197006777,89.0216058482
1305.9337158313,88.6964933692
1306.6477309848,88.3458584970
1307.3617461383,87.9867379856
1308.0757612919,87.6262112624
1308.7897764454,87.3372848277
1309.5037915990,87.0701696938
1310.2178067525,86.7094647291
1310.9318219061,86.4088877338
1311.6458370596,86.2165593808
1312.3598522131,85.9808338800
1313.0738673667,85.8538552641
1313.7878825202,85.7702597459
1314.5018976738,85.6271031136
1315.2159128273,85.7183254547
1315.9299279809,85.8852189891
1316.6439431344,85.9973440841
1317.3579582879,86.2125740244
1318.0719734415,86.4294142991
1318.7859885950,86.7331867598
1319.5000037486,87.0932471200
1320.2140189021,87.3505202323
1320.9280340557,87.6382399133
1321.6420492092,87.8481388046
1322.3560643628,88.0204882315
1323.0700795163,88.3007568019
1323.7840946698,88.4970656672
1324.4981098234,88.5885489757
1325.2121249769,88.6768460245
1325.9261401305,88.7909693028
1326.6401552840,88.8668394083
1327.3541704376,88.7678943774
1328.0681855911,88.6900260445
1328.7822007446,88.7019140976
1329.4962158982,88.5686356069
1330.2102310517,88.3872412368
1330.9242462053,88.2399279751
1331.6382613588,88.0357957610
1332.3522765124,87.8890531263
1333.0662916659,87.7804657464
1333.7803068195,87.6232740124
1334.4943219730,87.6202860520
1335.2083371265,87.7127598611
1335.9223522801,87.7689792592
1336.6363674336,87.9604151110
1337.3503825872,88.1173984590
1338.0643977407,88.2201170303
1338.7784128943,88.4656555629
1339.4924280478,88.6623233242
1340.2064432013,88.8529345375
1340.9204583549,89.1215368126
1341.6344735084,89.3131332237
1342.3484886620,89.5461958145
1343.0625038155,89.7601213151
1343.7765189691,89.9600558713
1344.4905341226,90.2846353461
1345.2045492761,90.4205627929
1345.9185644297,90.4261425536
1346.6325795832,90.5909953005
1347.3465947368,90.6671972736
1348.0606098903,90.6872052028
1348.7746250439,90.7635323551
1349.4886401974,90.6456051036
1350.2026553510,90.4587664251
1350.9166705045,90.3935654078
1351.6306856580,90.3279929094
1352.3447008116,90.1668512990
1353.0587159651,89.9570803756
1353.7727311187,89.8401192807
1354.4867462722,89.8040046377
1355.2007614258,89.7352496094
1355.9147765793,89.6743786111
1356.6287917328,89.6885776308
1357.3428068864,89.6881951982
1358.0568220399,89.6137124734
1358.7708371935,89.5738544951
1359.4848523470,89.5520114434
1360.1988675006,89.4545592631
1360.9128826541,89.4652210875
1361.6268978077,89.6105512508
1362.3409129612,89.6065097663
1363.0549281147,89.7133698738
1363.7689432683,89.9414531924
1364.4829584218,89.8952732511
1365.1969735754,89.8575702018
1365.9109887289,89.9180902644
1366.6250038825,89.8517959780
1367.3390190360,89.7349485749
1368.0530341895,89.7243286314
1368.7670493431,89.6877684521
1369.4810644966,89.6423783077
1370.1950796502,89.6779799256
1370.9090948037,89.7106980737
1371.6231099573,89.8465279626
1372.3371251108,90.0554760154
1373.0511402643,90.3012688513
1373.7651554179,90.7164621950
1374.4791705714,90.9867857672
1375.1931857250,91.1729688160
1375.9072008785,91.4503913940
1376.6212160321,91.5551292846
1377.3352311856,91.6475019731
1378.0492463392,92.0045868668
1378.7632614927,92.2506164972
1379.4772766462,92.4192395722
1380.1912917998,92.7445481799
1380.9053069533,92.9130654046
1381.6193221069,93.0400412842
1382.3333372604,93.3014268398
1383.0473524140,93.4457065261
1383.7613675675,93.6250573753
1384.4753827210,93.8616229074
1385.1893978746,94.0084064156
1385.9034130281,94.2253504109
1386.6174281817,94.3648275095
1387.3314433352,94.5343930292
1388.0454584888,94.8411639550
1388.7594736423,94.6835213682
1389.4734887959,94.5295552882
1390.1875039494,94.7129589876
1390.9015191029,94.6915103858
1391.6155342565,94.5850899068
1392.3295494100,94.6284347821
1393.0435645636,94.4640981227
1393.7575797171,94.3421936226
1394.4715948707,94.5360029286
1395.1856100242,94.5523135513
1395.8996251777,94.4839863504
1396.6136403313,94.4305044056
1397.3276554848,94.3558177402
1398.0416706384,94.3530286269
1398.7556857919,94.3403398388
1399.4697009455,94.3896865203
1400.1837160990,94.3476361302
1400.8977312526,94.1836499378
1401.6117464061,94.1610056476
1402.3257615596,94.1685930354
1403.0397767132,94.0368060182
1403.7537918667,93.9796018598
1404.4678070203,94.0072558254
1405.1818221738,94.1195579122
1405.8958373274,94.0550360047
1406.6098524809,93.8468540371
1407.3238676344,93.8325317507
1408.0378827880,93.8495298119
1408.7518979415,93.7240617115
1409.4659130951,93.7668047241
1410.1799282486,93.7679071700
1410.8939434022,93.6776057750
1411.6079585557,93.6499704554
1412.3219737092,93.4973673424
1413.0359888628,93.4529477322
1413.7500040163,93.4308916540
1414.4640191699,93.1872903139
1415.1780343234,93.1377049159
1415.8920494770,93.0725453217
1416.6060646305,92.7641498674
1417.3200797841,92.7834934451
1418.0340949376,92.6611014189
1418.7481100911,92.1459567869
1419.4621252447,92.4629604142
1420.1761403982,92.4904056125
1420.8901555518,91.9733540535
1421.6041707053,91.8008604452
1422.3181858589,91.7865292504
1423.0322010124,91.5435941140
1423.7462161659,91.5573437748
1424.4602313195,91.5082799385
1425.1742464730,91.2537585716
1425.8882616266,91.2325474574
1426.6022767801,91.1520299405
1427.3162919337,91.0009054171
1428.0303070872,91.0551246988
1428.7443222408,91.0482678639
1429.4583373943,91.0346768428
1430.1723525478,91.2645368105
1430.8863677014,91.3640346085
1431.6003828549,91.3369407775
1432.3143980085,91.4835041122
1433.0284131620,91.7884973926
1433.7424283156,91.8947354824
1434.4564434691,92.0387787556
1435.1704586226,92.2674483089
1435.8844737762,92.2808754845
1436.5984889297,92.6879511637
1437.3125040833,93.1148331872
1438.0265192368,92.8626446385
1438.7405343904,92.9283805678
1439.4545495439,93.1430895587
1440.1685646974,93.1258976219
1440.8825798510,93.2723514990
1441.5965950045,93.3660112211
1442.3106101581,93.2151581296
1443.0246253116,93.2433405629
1443.7386404652,93.3322707941
1444.4526556187,93.2977190170
1445.1666707723,93.2984240652
1445.8806859258,93.3403397696
1446.5947010793,93.3471382531
1447.3087162329,93.2941322859
1448.0227313864,93.4590228341
1448.7367465400,93.6292037892
1449.4507616935,93.4280132215
1450.1647768471,93.3518080348
1450.8787920006,93.4828537579
1451.5928071541,93.3394837866
1452.3068223077,93.3776710554
1453.0208374612,93.5926554228
1453.7348526148,93.4481396128
1454.4488677683,93.5938540734
1455.1628829219,93.9129499523
1455.8768980754,93.6800733652
1456.5909132290,93.8939003622
1457.3049283825,94.6983289844
1458.0189435360,94.4112979404
1458.7329586896,94.4823590437
1459.4469738431,94.5050802081
1460.1609889967,94.4321015939
1460.8750041502,94.5867091237
1461.5890193038,94.6892897750
1462.3030344573,94.7226916597
1463.0170496108,94.8750269652
1463.7310647644,94.8964093611
1464.4450799179,94.9157532297
1465.1590950715,95.3499238823
1465.8731102250,95.3069353078
1466.5871253786,95.1611827097
1467.3011405321,95.3564131132
1468.0151556856,95.5095341108
1468.7291708392,95.3328662180
1469.4431859927,95.4550336151
1470.1572011463,95.6930788350
1470.8712162998,95.5346818683
1471.5852314534,95.6408745514
1472.2992466069,96.2223411782
1473.0132617605,96.0264234700
1473.7272769140,96.1575219385
1474.4412920675,96.3686952897
1475.1553072211,96.1297235475
1475.8693223746,96.0189729333
1476.5833375282,96.4629162838
1477.2973526817,96.3120799337
1478.0113678353,96.1077992838
1478.7253829888,96.1774303708
1479.4393981423,96.1881810581
1480.1534132959,96.0806077962
1480.8674284494,96.1946957561
1481.5814436030,96.3311612799
1482.2954587565,96.3542493106
1483.0094739101,96.5329329136
1483.7234890636,96.6608251718
1484.4375042172,96.7072213885
1485.1515193707,96.9476759335
1485.8655345242,97.0739492326
1486.5795496778,97.0492955341
1487.2935648313,97.3124118398
1488.0075799849,97.4076681420
1488.7215951384,97.3017906694
1489.4356102920,97.5267538589
1490.1496254455,97.9065668231
1490.8636405990,97.7811455626
1491.5776557526,97.7442399418
1492.2916709061,97.7585934916
1493.0056860597,97.7311885502
1493.7197012132,97.8154090053
1494.4337163668,97.8785202770
1495.1477315203,97.7325709191
1495.8617466738,97.6902327119
1496.5757618274,98.3473791387
1497.2897769809,98.0937709034
1498.0037921345,97.7259341592
1498.7178072880,97.9165627006
1499.4318224416,98.2387856958
1500.1458375951,97.9311853722
1500.8598527487,97.8586319386
1501.5738679022,98.0271044214
1502.2878830557,97.8664908747
1503.0018982093,97.8002603014
1503.7159133628,97.9003862128
1504.4299285164,97.7445931142
1505.1439436699,97.7282062007
1505.8579588235,98.3245079451
1506.5719739770,98.0625438248
1507.2859891305,98.1444350043
1508.0000042841,98.5028342064
1508.7140194376,98.1345155819
1509.4280345912,97.8638065182
1510.1420497447,97.9927505726
1510.8560648983,97.8711819879
1511.5700800518,97.7237700250
1512.2840952054,97.9116327314
1512.9981103589,97.9284489052
1513.7121255124,97.7101101274
1514.4261406660,97.5652175092
1515.1401558195,97.5693526382
1515.8541709731,97.4968819006
1516.5681861266,97.4648778936
1517.2822012802,98.0041106039
1517.9962164337,97.7978465549
1518.7102315872,97.5106759119
1519.4242467408,97.4909949350
1520.1382618943,97.4030477161
1520.8522770479,97.3931007323
1521.5662922014,97.8081678956
1522.2803073550,97.7066736523
1522.9943225085,97.7302432183
1523.7083376621,97.6447089113
1524.4223528156,97.3531951539
1525.1363679691,97.5820459447
1525.8503831227,97.8944041794
1526.5643982762,97.4211503116
1527.2784134298,97.3309628113
1527.9924285833,97.4498679882
1528.7064437369,97.2110057069
1529.4204588904,97.2379466629
1530.1344740439,97.1760803481
1530.8484891975,96.9617402443
1531.5625043510,97.1928547760
1532.2765195046,97.2101318640
1532.9905346581,96.9770063427
1533.7045498117,97.6022467824
1534.4185649652,97.4787584852
1535.1325801187,97.0297156221
1535.8465952723,96.9146639850
1536.5606104258,96.9146907868
1537.2746255794,96.8470650686
1537.9886407329,96.8995335357
1538.7026558865,97.0396218817
1539.4166710400,97.2983258244
1540.1306861936,97.4412368481
1540.8447013471,97.1363698131
1541.5587165006,96.7976930113
1542.2727316542,96.9798389719
1542.9867468077,97.3235839274
1543.7007619613,97.1154213615
1544.4147771148,96.9214913107
1545.1287922684,97.2292776399
1545.8428074219,97.2926819231
1546.5568225754,96.9332501128
1547.2708377290,96.7236358851
1547.9848528825,96.8316013130
1548.6988680361,96.7955202012
1549.4128831896,96.6461999729
1550.1268983432,97.0824936692
1550.8409134967,97.0748536558
1551.5549286503,96.7774062670
1552.2689438038,96.8212503898
1552.9829589573,96.7362736485
1553.6969741109,96.4016242141
1554.4109892644,96.8742237616
1555.1250044180,96.9473772515
1555.8390195715,96.6974979363
1556.5530347251,96.6937594414
1557.2670498786,96.4344670930
1557.9810650321,96.6401225770
1558.6950801857,97.5799274765
1559.4090953392,96.7996227604
1560.1231104928,97.6882969565
1560.8371256463,97.7009251420
1561.5511407999,96.9306079226
1562.2651559534,96.7659907187
1562.9791711069,97.0071364164
1563.6931862605,96.8109373270
1564.4072014140,96.8319393292
1565.1212165676,97.0836961286
1565.8352317211,96.8803898198
1566.5492468747,96.8105385223
1567.2632620282,96.8915642777
1567.9772771818,96.8806358091
1568.6912923353,96.7951876340
1569.4053074888,96.8609058799
1570.1193226424,97.1932325270
1570.8333377959,96.9851126002
1571.5473529495,96.8653335242
1572.2613681030,96.9419408966
1572.9753832566,96.7704907157
1573.6893984101,96.7718286268
1574.4034135636,96.9901295440
1575.1174287172,96.6869190414
1575.8314438707,96.4635622006
1576.5454590243,97.7025580998
1577.2594741778,97.1515797491
1577.9734893314,96.8932679915
1578.6875044849,96.9462223427
1579.4015196385,96.8409624751
1580.1155347920,96.8395640776
1580.8295499455,96.9430954421
1581.5435650991,96.8841499719
1582.2575802526,96.8898862598
1582.9715954062,96.9255291230
1583.6856105597,96.8537983029
1584.3996257133,96.7774753442
1585.1136408668,96.8153324186
1585.8276560203,96.9081909733
1586.5416711739,96.7998223724
1587.2556863274,96.6644396295
1587.9697014810,96.6979554214
1588.6837166345,96.6209223606
1589.3977317881,96.5826052855
1590.1117469416,96.7070900104
1590.8257620951,96.6052801391
1591.5397772487,96.5111351498
1592.2537924022,96.6152246525
1592.9678075558,96.5652183922
1593.6818227093,96.5032616929
1594.3958378629,96.5690573989
1595.1098530164,96.5579889257
1595.8238681700,96.5323354869
1596.5378833235,96.5390933295
1597.2518984770,96.5612470746
1597.9659136306,96.5787203027
1598.6799287841,96.5093401314
1599.3939439377,96.4812903955
1600.1079590912,96.5786389547
1600.8219742448,96.6576172513
1601.5359893983,96.5936391062
1602.2500045518,96.5052922973
1602.9640197054,96.6342622585
1603.6780348589,96.7372326455
1604.3920500125,96.5598332193
1605.1060651660,96.5437446572
1605.8200803196,96.6764473779
1606.5340954731,96.6218318370
1607.2481106267,96.6735822930
1607.9621257802,96.7671849609
1608.6761409337,96.6647865217
1609.3901560873,96.6627751783
1610.1041712408,96.6985027898
1610.8181863944,96.5931104195
1611.5322015479,96.5823336979
1612.2462167015,96.6173867602
1612.9602318550,96.5739315664
1613.6742470085,96.5620650042
1614.3882621621,96.6047901890
1615.1022773156,96.5711398846
1615.8162924692,96.4057735602
1616.5303076227,96.4901949260
1617.2443227763,96.8031101897
1617.9583379298,96.3529421922
1618.6723530833,96.0785471117
1619.3863682369,96.1487250196
1620.1003833904,96.0054630868
1620.8143985440,95.8735735198
1621.5284136975,96.0292527989
1622.2424288511,95.7937763058
1622.9564440046,95.5272012898
1623.6704591582,96.0342466184
1624.3844743117,95.8063853461
1625.0984894652,95.4514509524
1625.8125046188,95.4696587614
1626.5265197723,95.4955298254
1627.2405349259,95.4619671669
1627.9545500794,95.6736725719
1628.6685652330,95.6503692254
1629.3825803865,95.3853784119
1630.0965955400,95.1451155778
1630.8106106936,95.1590083327
1631.5246258471,95.1819521807
1632.2386410007,95.0833108294
1632.9526561542,95.1552978062
1633.6666713078,95.2500920163
1634.3806864613,95.1079902874
1635.0947016149,95.2080348304
1635.8087167684,95.8962395880
1636.5227319219,95.3660617950
1637.2367470755,95.2418791815
1637.9507622290,95.4221781635
1638.6647773826,95.2618583163
1639.3787925361,95.1661929477
1640.0928076897,95.2482281229
1640.8068228432,95.1033489837
1641.5208379967,95.0277198221
1642.2348531503,95.1189440746
1642.9488683038,95.0011498255
1643.6628834574,95.0857696024
1644.3768986109,95.1908429913
1645.0909137645,94.9062997733
1645.8049289180,95.2584475219
1646.5189440715,95.7567608203
1647.2329592251,95.1557867542
1647.9469743786,95.1210126663
1648.6609895322,95.4638451956
1649.3750046857,95.2221128239
1650.0890198393,95.2837532564
1650.8030349928,95.4333300767
1651.5170501464,95.1546773236
1652.2310652999,94.9869868985
1652.9450804534,97.0840417789
1653.6590956070,95.9743156228
1654.3731107605,95.7725911208
1655.0871259141,95.7153865608
1655.8011410676,95.5458569110
1656.5151562212,95.5096482954
1657.2291713747,95.6028442507
1657.9431865282,95.6156705323
1658.6572016818,95.6337656433
1659.3712168353,95.6684098228
1660.0852319889,95.6261823298
1660.7992471424,95.6677427590
1661.5132622960,95.6486724704
1662.2272774495,95.4899062815
1662.9412926031,95.9038401700
1663.6553077566,96.0448213272
1664.3693229101,95.7648618874
1665.0833380637,95.8767106952
1665.7973532172,95.9701854915
1666.5113683708,95.7249011071
1667.2253835243,95.9011843191
1667.9393986779,95.9838897632
1668.6534138314,95.6770431595
1669.3674289849,96.3214463689
1670.0814441385,96.1977679939
1670.7954592920,95.8401253593
1671.5094744456,96.2235033950
1672.2234895991,96.2958892178
1672.9375047527,96.0473979368
1673.6515199062,96.2511857775
1674.3655350598,96.3365236222
1675.0795502133,96.4098712876
1675.7935653668,96.8172598797
1676.5075805204,96.4045984803
1677.2215956739,96.0923562178
1677.9356108275,96.1642098439
1678.6496259810,96.2761263842
1679.3636411346,96.2884364707
1680.0776562881,96.4103751253
1680.7916714416,96.4721944902
1681.5056865952,96.4233806914
1682.2197017487,96.3834086946
1682.9337169023,96.4026833009
1683.6477320558,96.5201927525
1684.3617472094,96.7980455154
1685.0757623629,97.0146960530
1685.7897775164,96.8179357694
1686.5037926700,96.6866149559
1687.2178078235,96.5970593998
1687.9318229771,96.6072432485
1688.6458381306,96.7283728868
1689.3598532842,96.7643101666
1690.0738684377,96.7146710810
1690.7878835913,96.7290913664
1691.5018987448,96.7543597584
1692.2159138983,96.6656206110
1692.9299290519,96.5463274630
1693.6439442054,96.6649385327
1694.3579593590,96.7308895314
1695.0719745125,96.3230183953
1695.7859896661,96.1423701338
1696.5000048196,97.1760418462
1697.2140199731,96.8937116527
1697.9280351267,96.7894449712
1698.6420502802,96.8157479359
1699.3560654338,96.4148027165
1700.0700805873,96.0054715575
1700.7840957409,98.4206173285
1701.4981108944,97.0063022929
1702.2121260480,96.7935762671
1702.9261412015,96.7860517066
1703.6401563550,96.5892324701
1704.3541715086,96.8261679136
1705.0681866621,96.9351057955
1705.7822018157,96.6949768578
1706.4962169692,96.9116935260
1707.2102321228,96.9082035290
1707.9242472763,96.6892197032
1708.6382624298,96.7529297151
1709.3522775834,96.7194698926
1710.0662927369,96.6630425015
1710.7803078905,96.8282243388
1711.4943230440,96.7536892226
1712.2083381976,96.6677927500
1712.9223533511,96.7081040671
1713.6363685046,96.6369670931
1714.3503836582,96.6524543662
1715.0643988117,96.8257318873
1715.7784139653,96.7071312884
1716.4924291188,96.5733263195
1717.2064442724,96.6588628266
1717.9204594259,97.1316658360
1718.6344745795,97.0605523911
1719.3484897330,96.8555683681
1720.0625048865,96.6867887225
1720.7765200401,96.5420937648
1721.4905351936,96.6496086100
1722.2045503472,96.7305425708
1722.9185655007,96.5894095717
1723.6325806543,96.7492685047
1724.3465958078,96.7987256289
1725.0606109613,96.5767177314
1725.7746261149,96.6970999636
1726.4886412684,96.7501890435
1727.2026564220,96.5994116923
1727.9166715755,96.7460893718
1728.6306867291,96.6682727730
1729.3447018826,96.4070288236
1730.0587170362,96.6192964553
1730.7727321897,96.7398202640
1731.4867473432,96.6823868893
1732.2007624968,96.6823632062
1732.9147776503,96.5532133596
1733.6287928039,96.6322131397
1734.3428079574,97.0470081393
1735.0568231110,96.9874645313
1735.7708382645,96.8834840915
1736.4848534180,96.7220372550
1737.1988685716,96.7257102791
1737.9128837251,96.9213616909
1738.6268988787,96.8297402892
1739.3409140322,96.8298298501
1740.0549291858,97.1044548460
1740.7689443393,96.9093127758
1741.4829594928,96.7555034468
1742.1969746464,96.6857433925
1742.9109897999,96.7634232559
1743.6250049535,96.9562641721
1744.3390201070,96.8702637092
1745.0530352606,96.8073618307
1745.7670504141,96.7451352230
1746.4810655677,96.5991376300
1747.1950807212,96.8255608088
1747.9090958747,96.8955802890
1748.6231110283,96.6738458403
1749.3371261818,96.9283816605
1750.0511413354,96.8392356281
1750.7651564889,96.4814508282
1751.4791716425,97.0600556745
1752.1931867960,97.0358495189
1752.9072019495,96.7609036702
1753.6212171031,96.8622794899
1754.3352322566,96.8834695456
1755.0492474102,96.8198525260
1755.7632625637,96.9119556067
1756.4772777173,96.8739750793
1757.1912928708,96.9169211510
1757.9053080244,96.9395108145
1758.6193231779,96.8008934328
1759.3333383314,96.8664593902
1760.0473534850,96.9267972222
1760.7613686385,96.8128379340
1761.4753837921,97.0194568266
1762.1893989456,97.2000442012
1762.9034140992,96.8887960354
1763.6174292527,96.8029560537
1764.3314444062,96.9378693787
1765.0454595598,96.9118724786
1765.7594747133,96.8601000803
1766.4734898669,96.9210725591
1767.1875050204,96.8073245133
1767.9015201740,96.7172052864
1768.6155353275,97.0712765468
1769.3295504810,96.9160009525
1770.0435656346,96.6640437456
1770.7575807881,96.9296096928
1771.4715959417,97.1654087955
1772.1856110952,97.0140839198
1772.8996262488,97.2298695974
1773.6136414023,97.1055949730
1774.3276565559,96.9079441934
1775.0416717094,96.9264045462
1775.7556868629,96.9978983127
1776.4697020165,97.0139508337
1777.1837171700,96.9946856410
1777.8977323236,96.9204003832
1778.6117474771,96.9786996709
1779.3257626307,96.9589227987
1780.0397777842,96.8295258252
1780.7537929377,96.9806659446
1781.4678080913,97.0103479131
1782.1818232448,96.8840209338
1782.8958383984,96.9926429206
1783.6098535519,96.9864320579
1784.3238687055,96.8753484589
1785.0378838590,97.0805773074
1785.7518990126,97.0588970405
1786.4659141661,96.8845321401
1787.1799293196,96.9148859462
1787.8939444732,96.8738191199
1788.6079596267,96.8284175801
1789.3219747803,96.9543975065
1790.0359899338,96.9284814007
1790.7500050874,96.9323127530
1791.4640202409,97.0509981530
1792.1780353944,96.9789631242
1792.8920505480,97.1417727124
1793.6060657015,97.1613244992
1794.3200808551,96.9134702777
1795.0340960086,96.9370972204
1795.7481111622,97.1158713836
1796.4621263157,96.9463135042
1797.1761414693,96.9590040544
1797.8901566228,97.0404570059
1798.6041717763,96.9268816461
1799.3181869299,97.0720758504
1800.0322020834,97.1461575566
1800.7462172370,96.8701907614
1801.4602323905,96.8835857190
1802.1742475441,97.0607746249
1802.8882626976,96.9895381009
1803.6022778511,96.9723157059
1804.3162930047,96.9786101907
1805.0303081582,96.9346012528
1805.7443233118,96.9956810352
1806.4583384653,97.0420507196
1807.1723536189,96.9515944262
1807.8863687724,96.8836059427
1808.6003839259,96.9586749453
1809.3143990795,96.9882939698
1810.0284142330,96.9445995486
1810.7424293866,97.0741441010
1811.4564445401,97.1621328492
1812.1704596937,97.0662933132
1812.8844748472,97.0771179607
1813.5984900008,97.1135521597
1814.3125051543,97.0234749140
1815.0265203078,97.0363263301
1815.7405354614,97.1273876838
1816.4545506149,97.1374423827
1817.1685657685,97.0916912494
1817.8825809220,96.9758790956
1818.5965960756,96.8943122896
1819.3106112291,96.9120775021
1820.0246263826,96.9694157643
1820.7386415362,97.0482918902
1821.4526566897,97.0255773848
1822.1666718433,96.9746509172
1822.8806869968,97.0764547445
1823.5947021504,97.0693894136
1824.3087173039,96.9405654567
1825.0227324575,96.9829182772
1825.7367476110,97.0261790585
1826.4507627645,96.9325954900
1827.1647779181,96.9908976594
1827.8787930716,97.0650711876
1828.5928082252,96.9778290259
1829.3068233787,97.0315418066
1830.0208385323,97.2711267690
1830.7348536858,97.1873930441
1831.4488688393,97.0690334001
1832.1628839929,96.9851579554
1832.8768991464,96.9196350156
1833.5909143000,96.9481050588
1834.3049294535,96.9612910805
1835.0189446071,97.0408072161
1835.7329597606,97.1505109346
1836.4469749141,96.9608663080
1837.1609900677,96.9107731033
1837.8750052212,97.1744885080
1838.5890203748,96.9951274705
1839.3030355283,96.8223205202
1840.0170506819,97.0262356166
1840.7310658354,96.9123466275
1841.4450809890,96.8737601534
1842.1590961425,97.1894329996
1842.8731112960,97.0650711130
1843.5871264496,97.0031680913
1844.3011416031,97.4014733480
1845.0151567567,97.0894328534
1845.7291719102,97.0161982714
1846.4431870638,97.0970204113
1847.1572022173,96.9686803832
1847.8712173708,97.0150028921
1848.5852325244,97.1209272512
1849.2992476779,97.1166512725
1850.0132628315,97.1642204858
1850.7272779850,97.0011208320
1851.4412931386,96.9070075070
1852.1553082921,97.0311024685
1852.8693234457,96.9874806470
1853.5833385992,97.0024499394
1854.2973537527,97.0532657851
1855.0113689063,96.9178328376
1855.7253840598,96.9768624963
1856.4393992134,97.0482081786
1857.1534143669,96.9509847738
1857.8674295205,97.0317736663
1858.5814446740,97.0194460125
1859.2954598275,96.9083408971
1860.0094749811,97.0534167649
1860.7234901346,97.0744865239
1861.4375052882,96.9543705745
1862.1515204417,97.0594603876
1862.8655355953,97.0841982756
1863.5795507488,96.9069257927
1864.2935659023,96.9094625682
1865.0075810559,97.0830643604
1865.7215962094,97.0770418674
1866.4356113630,96.9749901249
1867.1496265165,97.1362083561
1867.8636416701,97.2284567507
1868.5776568236,97.0103843529
1869.2916719772,97.0373121490
1870.0056871307,97.1808537968
1870.7197022842,96.9999049123
1871.4337174378,96.8794162550
1872.1477325913,97.0140147443
1872.8617477449,97.1759820872
1873.5757628984,97.2000398463
1874.2897780520,97.0395485603
1875.0037932055,96.9292007249
1875.7178083590,96.9249451215
1876.4318235126,96.9056313065
1877.1458386661,96.9099169846
1877.8598538197,96.8750264079
1878.5738689732,96.8702497797
1879.2878841268,97.0662557758
1880.0018992803,97.1158760825
1880.7159144339,96.9822123814
1881.4299295874,97.0088424174
1882.1439447409,96.9791889788
1882.8579598945,96.9521867284
1883.5719750480,97.1387352708
1884.2859902016,97.0167255328
1885.0000053551,96.7482933319
1885.7140205087,96.9502533411
1886.4280356622,97.1357511298
1887.1420508157,97.0915876389
1887.8560659693,97.0669164120
1888.5700811228,96.9231273560
1889.2840962764,96.9179241244
1889.9981114299,97.2323055572
1890.7121265835,97.1311701084
1891.4261417370,96.9724388359
1892.1401568905,97.0669976462
1892.8541720441,97.0369598802
1893.5681871976,96.9806947451
1894.2822023512,96.9893346106
1894.9962175047,96.9384473757
1895.7102326583,97.1525207357
1896.4242478118,97.2689265588
1897.1382629654,96.9758529025
1897.8522781189,96.9318729389
1898.5662932724,97.2003148561
1899.2803084260,97.1601242079
1899.9943235795,96.9553584741
1900.7083387331,96.9583874352
1901.4223538866,97.1360207953
1902.1363690402,97.2661644932
1902.8503841937,97.2324266827
1903.5643993472,97.2347140172
1904.2784145008,97.2369192389
1904.9924296543,97.1239105528
1905.7064448079,97.1528522279
1906.4204599614,97.2570529300
1907.1344751150,97.1675673975
1907.8484902685,97.1037531418
1908.5625054221,97.1907622889
1909.2765205756,97.1316215823
1909.9905357291,96.9202963686
1910.7045508827,96.9530287212
1911.4185660362,97.1592641813
1912.1325811898,97.1856800255
1912.8465963433,97.1214977966
1913.5606114969,97.1193411624
1914.2746266504,96.9729120232
1914.9886418039,96.9419732649
1915.7026569575,97.2513453316
1916.4166721110,97.3205738974
1917.1306872646,97.0695479400
1917.8447024181,96.9204549612
1918.5587175717,96.9929976021
1919.2727327252,97.0831765539
1919.9867478788,97.1280626955
1920.7007630323,97.0504136153
1921.4147781858,97.0348907461
1922.1287933394,97.2209262137
1922.8428084929,97.4885880735
1923.5568236465,97.5032220159
1924.2708388000,97.2474325596
1924.9848539536,97.0602891365
1925.6988691071,97.0246012575
1926.4128842606,96.9513461545
1927.1268994142,97.0371212619
1927.8409145677,97.2088092379
1928.5549297213,97.2371511996
1929.2689448748,97.3148527759
1929.9829600284,97.0962090307
1930.6969751819,96.7180436647
1931.4109903354,97.0649033006
1932.1250054890,97.4414572689
1932.8390206425,97.3065510493
1933.5530357961,97.4114771746
1934.2670509496,97.3054373021
1934.9810661032,97.0356877238
1935.6950812567,97.3138369969
1936.4090964103,97.2525449907
1937.1231115638,97.0197094695
1937.8371267173,97.3369773300
1938.5511418709,97.2570873162
1939.2651570244,97.1256727400
1939.9791721780,97.3803015149
1940.6931873315,97.1045087002
1941.4072024851,97.0550019757
1942.1212176386,97.5903275559
1942.8352327921,97.5210399458
1943.5492479457,97.3426893325
1944.2632630992,97.4522709540
1944.9772782528,97.4261951302
1945.6912934063,97.2886689035
1946.4053085599,97.0923981381
1947.1193237134,97.3670003934
1947.8333388670,97.7531725110
1948.5473540205,97.5148086997
1949.2613691740,97.3936854943
1949.9753843276,97.1381331149
1950.6893994811,96.6721856054
1951.4034146347,97.0296551285
1952.1174297882,97.0849147880
1952.8314449418,96.9330992627
1953.5454600953,97.5369967736
1954.2594752488,97.2448612862
1954.9734904024,96.8257854195
1955.6875055559,97.4099268687
1956.4015207095,97.2695585915
1957.1155358630,97.4320193178
1957.8295510166,98.0480247275
1958.5435661701,97.4991816096
1959.2575813236,97.7423150700
1959.9715964772,98.2110688363
1960.6856116307,97.2208154447
1961.3996267843,97.3913198035
1962.1136419378,98.0709172394
1962.8276570914,97.4556461159
1963.5416722449,97.2767251462
1964.2556873985,97.4852236314
1964.9697025520,97.6764400578
1965.6837177055,97.9606891215
1966.3977328591,97.5262555334
1967.1117480126,97.4256143728
1967.8257631662,97.6115024858
1968.5397783197,97.1912628122
1969.2537934733,97.5197793816
1969.9678086268,97.8753527681
1970.6818237803,97.6109221842
1971.3958389339,98.0435989160
1972.1098540874,98.0618499415
1972.8238692410,97.4444047716
1973.5378843945,97.4088486926
1974.2518995481,97.2036197168
1974.9659147016,97.1482316734
1975.6799298552,97.6167091016
1976.3939450087,97.6293601854
1977.1079601622,97.5121491927
1977.8219753158,97.1891853034
1978.5359904693,96.5283841604
1979.2500056229,96.6415106713
1979.9640207764,97.3433945198
1980.6780359300,97.7897252615
1981.3920510835,97.5435236047
1982.1060662370,96.9362098528
1982.8200813906,96.9522989589
1983.5340965441,97.2059101452
1984.2481116977,97.1488477154
1984.9621268512,97.4397972592
1985.6761420048,97.6103473397
1986.3901571583,96.9060560069
1987.1041723118,96.3930353196
1987.8181874654,96.7218774709
1988.5322026189,97.2141828002
1989.2462177725,97.4150217161
1989.9602329260,97.4242367416
1990.6742480796,97.2355705934
1991.3882632331,97.1386795179
1992.1022783867,97.4360307395
1992.8162935402,97.4852557532
1993.5303086937,97.1774685615
1994.2443238473,96.9692451663
1994.9583390008,97.0416821504
1995.6723541544,97.3895712628
1996.3863693079,97.5149843131
1997.1003844615,97.1594100618
1997.8143996150,97.1521739347
1998.5284147685,97.3415297282
1999.2424299221,97.0631818382
1999.9564450756,96.9874216212
2000.6704602292,97.3558683050
2001.3844753827,97.5690760136
2002.0984905363,97.4648752674
2002.8125056898,97.3886622383
2003.5265208434,97.7135985518
2004.2405359969,97.6093197263
2004.9545511504,96.8460846950
2005.6685663040,97.1611176979
2006.3825814575,98.1955250213
2007.0965966111,97.9438695830
2007.8106117646,97.1984794579
2008.5246269182,97.1291031230
2009.2386420717,97.4143719261
2009.9526572252,97.5860691090
2010.6666723788,97.2142614518
2011.3806875323,96.7442353170
2012.0947026859,96.9746276263
2012.8087178394,97.5394131097
2013.5227329930,97.6776835479
2014.2367481465,97.1987865690
2014.9507633000,96.8053834852
2015.6647784536,97.0317027181
2016.3787936071,97.3708282060
2017.0928087607,97.6059615650
2017.8068239142,97.9186591084
2018.5208390678,97.8859954112
2019.2348542213,97.4634589314
2019.9488693749,97.3936430997
2020.6628845284,97.6888823037
2021.3768996819,97.3829069031
2022.0909148355,96.5223452754
2022.8049299890,96.4546592638
2023.5189451426,97.2896854767
2024.2329602961,97.5512761582
2024.9469754497,97.0067065176
2025.6609906032,96.7774430892
2026.3750057567,97.1392231841
2027.0890209103,97.2919501844
2027.8030360638,97.2674914163
2028.5170512174,97.3893439869
2029.2310663709,96.9702655484
2029.9450815245,96.3307464551
2030.6590966780,96.3168016015
2031.3731118316,96.5982256209
2032.0871269851,96.8664313799
2032.8011421386,96.9716195994
2033.5151572922,96.8835432645
2034.2291724457,97.0351826520
2034.9431875993,96.7107695767
2035.6572027528,96.1228597639
2036.3712179064,96.6752414224
2037.0852330599,97.1897158585
2037.7992482134,96.6305099216
2038.5132633670,96.2755152012
2039.2272785205,96.5488826752
2039.9412936741,97.0644012057
2040.6553088276,97.2774798021
2041.3693239812,96.8525723973
2042.0833391347,96.5017963344
2042.7973542883,96.0482373566
2043.5113694418,95.8403190065
2044.2253845953,96.6347344732
2044.9393997489,96.7998518949
2045.6534149024,96.2482841621
2046.3674300560,96.7503973911
2047.0814452095,97.0340428073
2047.7954603631,96.3051860870
2048.5094755166,96.2540975330
2049.2234906701,96.7547932007
2049.9375058237,96.6763144035
2050.6515209772,96.3218222924
2051.3655361308,96.4110304421
2052.0795512843,96.6342520954
2052.7935664379,96.3582202042
2053.5075815914,96.0583716912
2054.2215967449,96.1667318268
2054.9356118985,96.3853107537
2055.6496270520,96.6696431089
2056.3636422056,96.5509108368
2057.0776573591,96.1378638439
2057.7916725127,96.3140012181
2058.5056876662,96.4643204594
2059.2197028198,96.2342274081
2059.9337179733,96.3578381464
2060.6477331268,96.4211551533
2061.3617482804,96.2727336319
2062.0757634339,96.4023032939
2062.7897785875,96.5083828958
2063.5037937410,96.5273201940
2064.2178088946,96.5940458247
2064.9318240481,96.6548910559
2065.6458392016,96.7250927711
2066.3598543552,96.5148394218
2067.0738695087,96.2944016233
2067.7878846623,96.3842997805
2068.5018998158,96.3330607224
2069.2159149694,96.2679804733
2069.9299301229,96.3976023540
2070.6439452765,96.3757149077
2071.3579604300,96.3519965634
2072.0719755835,96.5317809941
2072.7859907371,96.7990684410
2073.5000058906,96.7955976168
2074.2140210442,96.2888750117
2074.9280361977,96.0505773227
2075.6420513513,96.2797914696
2076.3560665048,96.2812211691
2077.0700816583,96.2477649313
2077.7840968119,96.3798326267
2078.4981119654,96.4617031906
2079.2121271190,96.5477482702
2079.9261422725,96.4061195465
2080.6401574261,96.1804669327
2081.3541725796,96.2574472370
2082.0681877331,96.3230879276
2082.7822028867,96.3398287611
2083.4962180402,96.4928550946
2084.2102331938,96.6267906285
2084.9242483473,96.6342147755
2085.6382635009,96.3032326479
2086.3522786544,96.0091814973
2087.0662938080,96.3522712375
2087.7803089615,96.7522383301
2088.4943241150,96.6015843566
2089.2083392686,96.3030539187
2089.9223544221,96.3704316465
2090.6363695757,96.6762228864
2091.3503847292,96.6244615723
2092.0643998828,96.5205292859
2092.7784150363,96.8102673386
2093.4924301898,96.7242965945
2094.2064453434,96.3716204144
2094.9204604969,96.5706398413
2095.6344756505,96.7544711163
2096.3484908040,96.6253312806
2097.0625059576,96.5278358292
2097.7765211111,96.3574338303
2098.4905362647,96.3885795888
2099.2045514182,96.5946084478
2099.9185665717,96.4713495944
2100.6325817253,96.3984837242
2101.3465968788,96.6064476125
2102.0606120324,96.6628613637
2102.7746271859,96.5535930524
2103.4886423395,96.4471359375
2104.2026574930,96.3901660265
2104.9166726465,96.4097562191
2105.6306878001,96.4680787470
2106.3447029536,96.6071257975
2107.0587181072,96.6994740131
2107.7727332607,96.6283278497
2108.4867484143,96.5516911635
2109.2007635678,96.4046641453
2109.9147787213,96.2100171963
2110.6287938749,96.3540507642
2111.3428090284,96.6517682450
2112.0568241820,96.7231862158
2112.7708393355,96.6197538276
2113.4848544891,96.3394604333
2114.1988696426,96.2118381544
2114.9128847962,96.6359222593
2115.6268999497,96.8403164610
2116.3409151032,96.4866264547
2117.0549302568,96.4423420599
2117.7689454103,96.6508734524
2118.4829605639,96.6698617372
2119.1969757174,96.6959112086
2119.9109908710,96.6323980196
2120.6250060245,96.6312941551
2121.3390211780,96.8198521116
2122.0530363316,96.6679221829
2122.7670514851,96.4498576520
2123.4810666387,96.5500875462
2124.1950817922,96.6809516743
2124.9090969458,96.8564559725
2125.6231120993,96.7889376071
2126.3371272529,96.6793699791
2127.0511424064,97.1850815271
2127.7651575599,97.2883756014
2128.4791727135,96.8123120383
2129.1931878670,96.8845410675
2129.9072030206,96.8664767481
2130.6212181741,96.7772421892
2131.3352333277,97.2245705288
2132.0492484812,97.1246693235
2132.7632636347,96.8676562429
2133.4772787883,97.1322816549
2134.1912939418,96.7768806433
2134.9053090954,96.4596685652
2135.6193242489,97.1068171124
2136.3333394025,97.3826229323
2137.0473545560,96.9426335879
2137.7613697095,96.7856119049
2138.4753848631,97.0732358767
2139.1894000166,97.1473161348
2139.9034151702,96.9827660545
2140.6174303237,97.1182566715
2141.3314454773,97.1478844726
2142.0454606308,96.9062347178
2142.7594757844,96.7646870939
2143.4734909379,96.4980453048
2144.1875060914,96.6101697089
2144.9015212450,97.2228425392
2145.6155363985,97.1809683328
2146.3295515521,96.7942688732
2147.0435667056,96.7901344683
2147.7575818592,97.1064677059
2148.4715970127,97.5372247595
2149.1856121662,97.4277032634
2149.8996273198,97.2060563962
2150.6136424733,97.2756097147
2151.3276576269,97.0037265065
2152.0416727804,97.0779448137
2152.7556879340,97.5032548406
2153.4697030875,97.3597424907
2154.1837182411,97.3695511495
2154.8977333946,97.3836271629
2155.6117485481,97.0431570079
2156.3257637017,97.0997498521
2157.0397788552,97.4538669015
2157.7537940088,97.6306899017
2158.4678091623,96.8970531915
2159.1818243159,96.4184860260
2159.8958394694,97.4017943742
2160.6098546229,97.2564536527
2161.3238697765,96.2460693751
2162.0378849300,96.1606382843
2162.7519000836,95.7572307854
2163.4659152371,95.8996489157
2164.1799303907,96.5185357306
2164.8939455442,95.8917112029
2165.6079606978,96.2612008247
2166.3219758513,96.8880776674
2167.0359910048,95.5414141968
2167.7500061584,95.2884133434
2168.4640213119,96.3772257025
2169.1780364655,96.6743118203
2169.8920516190,96.8370315007
2170.6060667726,96.4418850321
2171.3200819261,96.4235284680
2172.0340970796,97.4601856225
2172.7481122332,97.1866389394
2173.4621273867,96.4546376152
2174.1761425403,96.5859821260
2174.8901576938,96.7328931672
2175.6041728474,97.0762971785
2176.3181880009,96.8141711074
2177.0322031544,96.2144870766
2177.7462183080,96.5564260829
2178.4602334615,96.6053259801
2179.1742486151,96.2640014609
2179.8882637686,96.3807489526
2180.6022789222,96.4238997010
2181.3162940757,96.7114415383
2182.0303092293,96.5157711060
2182.7443243828,95.8161017127
2183.4583395363,96.4193249218
2184.1723546899,97.0041655289
2184.8863698434,96.4627531730
2185.6003849970,96.4137271821
2186.3144001505,96.7369725656
2187.0284153041,96.6964188279
2187.7424304576,96.2772475741
2188.4564456111,95.9048235926
2189.1704607647,96.2277705800
2189.8844759182,96.5818815772
2190.5984910718,96.3498571167
2191.3125062253,96.1977579655
2192.0265213789,96.3690629328
2192.7405365324,96.6177881482
2193.4545516860,96.4262711021
2194.1685668395,96.2013123204
2194.8825819930,96.4209779100
2195.5965971466,96.1926755739
2196.3106123001,96.1734849993
2197.0246274537,96.6763652711
2197.7386426072,96.2481010538
2198.4526577608,96.0746600078
2199.1666729143,96.5683898090
2199.8806880678,96.2336102105
2200.5947032214,96.0634126034
2201.3087183749,96.4042443670
2202.0227335285,96.8355446395
2202.7367486820,97.3455088495
2203.4507638356,96.5107699009
2204.1647789891,95.9558468196
2204.8787941426,96.7485365022
2205.5928092962,96.4687048068
2206.3068244497,96.1699614614
2207.0208396033,96.6691830048
2207.7348547568,96.2665130325
2208.4488699104,96.2983399772
2209.1628850639,96.7174985202
2209.8769002175,96.4328794430
2210.5909153710,96.7366967851
2211.3049305245,96.6398939600
2212.0189456781,95.9922996004
2212.7329608316,96.3640290995
2213.4469759852,96.5512711963
2214.1609911387,96.3913531148
2214.8750062923,96.3889304506
2215.5890214458,96.0655558514
2216.3030365993,96.5681029105
2217.0170517529,97.1265807391
2217.7310669064,96.4546524023
2218.4450820600,96.1812484602
2219.1590972135,96.3076353307
2219.8731123671,96.1187496902
2220.5871275206,96.4518613929
2221.3011426742,96.6039951724
2222.0151578277,96.1859037468
2222.7291729812,95.9928545888
2223.4431881348,96.1178646036
2224.1572032883,96.4075995689
2224.8712184419,96.4115399370
2225.5852335954,96.3772249692
2226.2992487490,96.6865753695
2227.0132639025,96.5831029558
2227.7272790560,96.2739905928
2228.4412942096,96.2325940402
2229.1553093631,96.0636202166
2229.8693245167,96.0589424314
2230.5833396702,96.2699136657
2231.2973548238,96.2882033825
2232.0113699773,96.2738665528
2232.7253851308,96.1627392200
2233.4394002844,96.0983823903
2234.1534154379,96.2486494585
2234.8674305915,96.2855114983
2235.5814457450,96.2186275919
2236.2954608986,96.0066371073
2237.0094760521,95.8983891229
2237.7234912057,96.2028155783
2238.4375063592,96.3067711917
2239.1515215127,96.2485282153
2239.8655366663,96.2807627113
2240.5795518198,96.1566280545
2241.2935669734,96.2629223427
2242.0075821269,96.4244532788
2242.7215972805,96.2284477828
2243.4356124340,96.1403158933
2244.1496275875,96.0643963813
2244.8636427411,96.0059787723
2245.5776578946,96.3065810417
2246.2916730482,96.3393164173
2247.0056882017,96.0577350431
2247.7197033553,95.9393035431
2248.4337185088,95.9712454673
2249.1477336624,96.0990602235
2249.8617488159,96.1107097294
2250.5757639694,96.1206603016
2251.2897791230,96.1513716590
2252.0037942765,95.9583477338
2252.7178094301,96.2594180083
2253.4318245836,96.7003553819
2254.1458397372,96.2495145983
2254.8598548907,96.0193194763
2255.5738700442,96.2909231473
2256.2878851978,96.0640671573
2257.0019003513,95.8441458459
2257.7159155049,95.8853019447
2258.4299306584,95.8357418718
2259.1439458120,95.9929811942
2259.8579609655,96.1233799310
2260.5719761190,96.1205460270
2261.2859912726,96.1799393609
2262.0000064261,96.1636616879
2262.7140215797,96.1187155134
2263.4280367332,96.1080937711
2264.1420518868,96.0311341858
2264.8560670403,95.8333991251
2265.5700821939,95.7891265243
2266.2840973474,96.1439093603
2266.9981125009,96.1831304182
2267.7121276545,95.8211041566
2268.4261428080,95.9634919873
2269.1401579616,96.1039292309
2269.8541731151,95.9163600671
2270.5681882687,96.0403174179
2271.2822034222,95.9952527776
2271.9962185757,95.8580393490
2272.7102337293,96.1223774087
2273.4242488828,96.0300911588
2274.1382640364,95.7587944540
2274.8522791899,95.9246776330
2275.5662943435,96.0363600660
2276.2803094970,96.0543596106
2276.9943246506,96.0397918458
2277.7083398041,95.8609744733
2278.4223549576,95.8894913819
2279.1363701112,96.1081955449
2279.8503852647,96.1107229175
2280.5644004183,95.9485209656
2281.2784155718,95.8563011127
2281.9924307254,95.7579979951
2282.7064458789,95.7560876797
2283.4204610324,95.8814968432
2284.1344761860,95.7627301814
2284.8484913395,95.6949991301
2285.5625064931,96.0408693496
2286.2765216466,95.9872471618
2286.9905368002,95.7958189868
2287.7045519537,96.1494910739
2288.4185671072,96.0708433270
2289.1325822608,95.8135323528
2289.8465974143,96.0430899777
2290.5606125679,95.9597590571
2291.2746277214,95.9003212057
2291.9886428750,96.0661804355
2292.7026580285,95.8775450261
2293.4166731821,96.0169514061
2294.1306883356,96.2288705332
2294.8447034891,95.9588048363
2295.5587186427,95.9556074887
2296.2727337962,95.9908067662
2296.9867489498,95.9364408252
2297.7007641033,96.1209964089
2298.4147792569,96.0388814079
2299.1287944104,95.9925222266
2299.8428095639,96.0273981828
2300.5568247175,95.8773698798
2301.2708398710,96.1504311071
2301.9848550246,96.2273131589
2302.6988701781,96.0458809350
2303.4128853317,96.2434728658
2304.1269004852,96.0924654288
2304.8409156388,96.0701120712
2305.5549307923,96.3912515730
2306.2689459458,96.0423715612
2306.9829610994,96.0675792690
2307.6969762529,96.4008713858
2308.4109914065,95.9895694283
2309.1250065600,96.0351664517
2309.8390217136,96.2210112345
2310.5530368671,95.9670056786
2311.2670520206,96.3695264506
2311.9810671742,96.2470887109
2312.6950823277,95.9454768710
2313.4090974813,96.3922642980
2314.1231126348,96.1766097329
2314.8371277884,96.0745825762
2315.5511429419,96.2919662918
2316.2651580955,95.8587028003
2316.9791732490,96.1903003068
2317.6931884025,96.5529512652
2318.4072035561,95.9277418932
2319.1212187096,96.1237744366
2319.8352338632,96.3476500321
2320.5492490167,95.9709918721
2321.2632641703,96.3284023218
2321.9772793238,96.2081538889
2322.6912944773,95.8897635462
2323.4053096309,96.1991243791
2324.1193247844,95.9403867558
2324.8333399380,95.9823075915
2325.5473550915,96.4526697855
2326.2613702451,96.2013899373
2326.9753853986,96.4161744800
2327.6894005521,96.5810240691
2328.4034157057,96.1221995855
2329.1174308592,96.2264388100
2329.8314460128,96.3549749311
2330.5454611663,96.2582437817
2331.2594763199,96.5709461350
2331.9734914734,96.4358677149
2332.6875066270,96.2604257624
2333.4015217805,96.4970876790
2334.1155369340,96.4516478679
2334.8295520876,96.3888611844
2335.5435672411,96.3449680432
2336.2575823947,96.2318734200
2336.9715975482,96.3761694305
2337.6856127018,96.3456914641
2338.3996278553,96.2559955257
2339.1136430088,96.3823780966
2339.8276581624,96.2940196807
2340.5416733159,96.2850935229
2341.2556884695,96.4751212539
2341.9697036230,96.4663509528
2342.6837187766,96.4566734546
2343.3977339301,96.4709223489
2344.1117490837,96.4317952856
2344.8257642372,96.4217762841
2345.5397793907,96.4167529380
2346.2537945443,96.4008535566
2346.9678096978,96.3789601137
2347.6818248514,96.4545357500
2348.3958400049,96.4884374007
2349.1098551585,96.3577999081
2349.8238703120,96.3719178430
2350.5378854655,96.4268770766
2351.2519006191,96.2932158876
2351.9659157726,96.2732679602
2352.6799309262,96.2916950690
2353.3939460797,96.2466996830
2354.1079612333,96.3645136922
2354.8219763868,96.3056933591
2355.5359915403,96.2459162892
2356.2500066939,96.4297733689
2356.9640218474,96.3145669555
2357.6780370010,96.2100921106
2358.3920521545,96.2732330969
2359.1060673081,96.2154672821
2359.8200824616,96.4404191083
2360.5340976152,96.4874592750
2361.2481127687,96.2168457056
2361.9621279222,96.3151421490
2362.6761430758,96.3121658090
2363.3901582293,96.2438677318
2364.1041733829,96.4982834587
2364.8181885364,96.3424046967
2365.5322036900,96.1408193778
2366.2462188435,96.3372128287
2366.9602339970,96.2950078974
2367.6742491506,96.2006963881
2368.3882643041,96.2606328956
2369.1022794577,96.2553563041
2369.8162946112,96.2622277082
2370.5303097648,96.1649164204
2371.2443249183,96.1241915113
2371.9583400719,96.2262385889
2372.6723552254,96.1017431739
2373.3863703789,96.0136758690
2374.1003855325,96.0932238943
2374.8144006860,96.0397034973
2375.5284158396,96.0500674834
2376.2424309931,96.1103496929
2376.9564461467,96.0186675117
2377.6704613002,95.9686519584
2378.3844764537,96.0163791937
2379.0984916073,96.0830921419
2379.8125067608,96.1440562087
2380.5265219144,96.1232677478
2381.2405370679,96.0603879573
2381.9545522215,96.0303467337
2382.6685673750,96.0940918446
2383.3825825285,96.1531046992
2384.0965976821,96.0458356967
2384.8106128356,95.9939165861
2385.5246279892,96.0576524996
2386.2386431427,96.0144214089
2386.9526582963,96.0193757668
2387.6666734498,96.1016544347
2388.3806886034,96.0382712655
2389.0947037569,96.0238342079
2389.8087189104,96.0976380155
2390.5227340640,96.0953523490
2391.2367492175,96.0916672280
2391.9507643711,96.0914598811
2392.6647795246,96.0656616312
2393.3787946782,96.0478598240
2394.0928098317,96.0739452843
2394.8068249852,96.1396642129
2395.5208401388,96.1391084534
2396.2348552923,96.0482637521
2396.9488704459,96.0660058957
2397.6628855994,96.1793298861
2398.3769007530,96.1181024980
2399.0909159065,96.0856498313
2399.8049310601,96.0598558559
2400.5189462136,96.1835551701
2401.2329613671,96.1290931532
2401.9469765207,96.1148338975
2402.6609916742,96.2241765528
2403.3750068278,96.1123260804
2404.0890219813,96.1167559223
2404.8030371349,96.2405835198
2405.5170522884,96.1075032108
2406.2310674419,96.1526894397
2406.9450825955,96.2637601071
2407.6590977490,96.0754322625
2408.3731129026,96.0661525269
2409.0871280561,96.1245654099
2409.8011432097,96.0238398502
2410.5151583632,96.0707513802
2411.2291735167,96.0416427005
2411.9431886703,96.0090368019
2412.6572038238,96.1753820479
2413.3712189774,96.1203330823
2414.0852341309,96.0642726717
2414.7992492845,96.2076916657
2415.5132644380,96.1466099497
2416.2272795916,96.0998485865
2416.9412947451,96.1752204609
2417.6553098986,96.0909535905
2418.3693250522,96.0707284994
2419.0833402057,96.1364282446
2419.7973553593,96.0694385121
2420.5113705128,96.0095941112
2421.2253856664,96.0239607495
2421.9394008199,96.0536794818
2422.6534159734,96.0668835124
2423.3674311270,96.0473757905
2424.0814462805,96.0548023593
2424.7954614341,96.0774359411
2425.5094765876,96.0630760471
2426.2234917412,96.0173722378
2426.9375068947,96.0344673074
2427.6515220483,96.1250278638
2428.3655372018,96.0640665862
2429.0795523553,95.9590696202
2429.7935675089,96.0390217288
2430.5075826624,96.0655305074
2431.2215978160,96.0415204538
2431.9356129695,96.1229854764
2432.6496281231,96.1231037465
2433.3636432766,96.0531181014
2434.0776584301,95.9474598196
2434.7916735837,95.8583218186
2435.5056887372,96.0046559248
2436.2197038908,96.0999539513
2436.9337190443,96.0388102567
2437.6477341979,96.0647975338
2438.3617493514,95.9108343114
2439.0757645050,95.7564502748
2439.7897796585,95.9720118072
2440.5037948120,96.0129401463
2441.2178099656,95.8666003419
2441.9318251191,95.9421109002
2442.6458402727,95.9510907884
2443.3598554262,95.9160496163
2444.0738705798,95.9975437930
2444.7878857333,95.9459219249
2445.5019008868,95.8845030139
2446.2159160404,95.9586435698
2446.9299311939,95.9833869588
2447.6439463475,95.9423449927
2448.3579615010,95.9067179691
2449.0719766546,95.8859445755
2449.7859918081,95.8216436388
2450.5000069616,95.7608577213
2451.2140221152,95.8763447505
2451.9280372687,95.9376467194
2452.6420524223,95.8241333921
2453.3560675758,95.8680312388
2454.0700827294,95.9538645400
2454.7840978829,95.8576626981
2455.4981130365,95.8031816965
2456.2121281900,95.8119416055
2456.9261433435,95.8273522986
2457.6401584971,95.9026867151
2458.3541736506,95.8921906216
2459.0681888042,95.8210804086
2459.7822039577,95.8417388883
2460.4962191113,95.8729774567
2461.2102342648,95.9496357978
2461.9242494183,96.0746137747
2462.6382645719,96.0083853202
2463.3522797254,95.8604676493
2464.0662948790,95.8949158541
2464.7803100325,95.9843147390
2465.4943251861,95.9975315565
2466.2083403396,96.0177750482
2466.9223554932,96.0422749416
2467.6363706467,95.9974072039
2468.3503858002,95.8768762819
2469.0644009538,95.8305147308
2469.7784161073,95.9300002395
2470.4924312609,95.9774427147
2471.2064464144,95.9417224356
2471.9204615680,95.9640380838
2472.6344767215,95.9351649714
2473.3484918750,95.9084887827
2474.0625070286,95.9962429155
2474.7765221821,95.9187416945
2475.4905373357,95.7728521756
2476.2045524892,95.8692773483
2476.9185676428,95.9160514306
2477.6325827963,95.8719775546
2478.3465979498,95.9546406508
2479.0606131034,95.8988612663
2479.7746282569,95.8083182599
2480.4886434105,95.9668414686
2481.2026585640,95.9573323773
2481.9166737176,95.7114258790
2482.6306888711,95.6977338361
2483.3447040247,95.8711411678
2484.0587191782,95.9730067408
2484.7727343317,95.9131408403
2485.4867494853,95.7495005644
2486.2007646388,95.7629441521
2486.9147797924,95.9302080669
2487.6287949459,95.9106080307
2488.3428100995,95.7618431401
2489.0568252530,95.7940495702
2489.7708404065,95.9310433282
2490.4848555601,95.8548126066
2491.1988707136,95.6620959097
2491.9128858672,95.6804369185
2492.6269010207,95.7775487460
2493.3409161743,95.7817486165
2494.0549313278,95.7990137525
2494.7689464814,95.7765229650
2495.4829616349,95.7476576263
2496.1969767884,95.8472975586
2496.9109919420,95.9010996615
2497.6250070955,95.8411872029
2498.3390222491,95.7435955460
2499.0530374026,95.6370159417
2499.7670525562,95.7301136679
2500.4810677097,95.8584974511
2501.1950828632,95.7396165584
2501.9090980168,95.7058844730
2502.6231131703,95.7824184128
2503.3371283239,95.6927371028
2504.0511434774,95.6738906540
2504.7651586310,95.7281168435
2505.4791737845,95.6889438729
2506.1931889380,95.7295397343
2506.9072040916,95.7373420961
2507.6212192451,95.6502628606
2508.3352343987,95.6678191789
2509.0492495522,95.6645731310
2509.7632647058,95.6431819102
2510.4772798593,95.7018935575
2511.1912950129,95.6783147256
2511.9053101664,95.6756617771
2512.6193253199,95.7307193920
2513.3333404735,95.6878455136
2514.0473556270,95.7371546058
2514.7613707806,95.8213454009
2515.4753859341,95.7297381638
2516.1894010877,95.6929244541
2516.9034162412,95.7072839300
2517.6174313947,95.6185593282
2518.3314465483,95.6158498492
2519.0454617018,95.6817867145
2519.7594768554,95.6376872538
2520.4734920089,95.6057856568
2521.1875071625,95.6968306924
2521.9015223160,95.7444104881
2522.6155374696,95.6444700942
2523.3295526231,95.6442198343
2524.0435677766,95.7816125804
2524.7575829302,95.7524234118
2525.4715980837,95.6584969006
2526.1856132373,95.6039826552
2526.8996283908,95.4437680050
2527.6136435444,95.4809857039
2528.3276586979,95.7230656429
2529.0416738514,95.6499400819
2529.7556890050,95.5027897268
2530.4697041585,95.5831952329
2531.1837193121,95.6031167642
2531.8977344656,95.6308707218
2532.6117496192,95.6471206830
2533.3257647727,95.4912662358
2534.0397799262,95.5661880260
2534.7537950798,95.7604979505
2535.4678102333,95.6177847630
2536.1818253869,95.5585912738
2536.8958405404,95.6906897835
2537.6098556940,95.5904233127
2538.3238708475,95.5298372150
2539.0378860011,95.6242377965
2539.7519011546,95.5844719289
2540.4659163081,95.5972289374
2541.1799314617,95.6835504667
2541.8939466152,95.6365375253
2542.6079617688,95.6112729279
2543.3219769223,95.6047644954
2544.0359920759,95.5289183555
2544.7500072294,95.5422800345
2545.4640223829,95.6662410007
2546.1780375365,95.7500110704
2546.8920526900,95.7169516740
2547.6060678436,95.7166899376
2548.3200829971,95.8040147748
2549.0340981507,95.6884210630
2549.7481133042,95.5244891670
2550.4621284578,95.5959646149
2551.1761436113,95.6308702819
2551.8901587648,95.6710751522
2552.6041739184,95.7330411616
2553.3181890719,95.5581274932
2554.0322042255,95.5741286639
2554.7462193790,95.7380768208
2555.4602345326,95.5685992464
2556.1742496861,95.5707502527
2556.8882648396,95.7115512290
2557.6022799932,95.5185513791
2558.3162951467,95.5081886863
2559.0303103003,95.6546291177
2559.7443254538,95.6004249999
2560.4583406074,95.6695574206
2561.1723557609,95.6841631206
2561.8863709144,95.5476470689
2562.6003860680,95.5904660909
2563.3144012215,95.6010389608
2564.0284163751,95.5693105442
2564.7424315286,95.5976191696
2565.4564466822,95.4581967371
2566.1704618357,95.4031371559
2566.8844769893,95.5877539985
2567.5984921428,95.6993639560
2568.3125072963,95.6810389722
2569.0265224499,95.6039153958
2569.7405376034,95.5835204420
2570.4545527570,95.5971065833
2571.1685679105,95.5473583274
2571.8825830641,95.6321012585
2572.5965982176,95.6777905522
2573.3106133711,95.5097627702
2574.0246285247,95.5580494493
2574.7386436782,95.6616555838
2575.4526588318,95.4725066728
2576.1666739853,95.4325797816
2576.8806891389,95.6018503226
2577.5947042924,95.5641786241
2578.3087194460,95.4255132042
2579.0227345995,95.4277304171
2579.7367497530,95.4233183446
2580.4507649066,95.3292057631
2581.1647800601,95.4012657173
2581.8787952137,95.5570712862
2582.5928103672,95.5006911039
2583.3068255208,95.4899715513
2584.0208406743,95.5387503984
2584.7348558278,95.4167352992
2585.4488709814,95.4457037707
2586.1628861349,95.5003604703
2586.8769012885,95.3108588627
2587.5909164420,95.3697526407
2588.3049315956,95.5925099158
2589.0189467491,95.5010432532
2589.7329619027,95.3675839312
2590.4469770562,95.3865817314
2591.1609922097,95.4325364171
2591.8750073633,95.4603039826
2592.5890225168,95.3908819946
2593.3030376704,95.2962915575
2594.0170528239,95.3174369050
2594.7310679775,95.4426454515
2595.4450831310,95.4910147445
2596.1590982845,95.3503493097
2596.8731134381,95.3204161204
2597.5871285916,95.4141256039
2598.3011437452,95.3096303562
2599.0151588987,95.2531567921
2599.7291740523,95.3692019976
2600.4431892058,95.3524885522
2601.1572043593,95.3041805408
2601.8712195129,95.3421696154
2602.5852346664,95.3601295053
2603.2992498200,95.3558263726
2604.0132649735,95.3150876753
2604.7272801271,95.2992007909
2605.4412952806,95.3032685653
2606.1553104342,95.2498481847
2606.8693255877,95.2536839626
2607.5833407412,95.2779672471
2608.2973558948,95.2435265998
2609.0113710483,95.2615784239
2609.7253862019,95.3083235522
2610.4394013554,95.3455344311
2611.1534165090,95.3268914297
2611.8674316625,95.2663800704
2612.5814468160,95.3550760652
2613.2954619696,95.4195298762
2614.0094771231,95.3177500283
2614.7234922767,95.2982141247
2615.4375074302,95.2824849397
2616.1515225838,95.2337592861
2616.8655377373,95.3026015794
2617.5795528909,95.3020528413
2618.2935680444,95.2418924544
2619.0075831979,95.2079520478
2619.7215983515,95.1320421719
2620.4356135050,95.2183620348
2621.1496286586,95.3152204478
2621.8636438121,95.1594141957
2622.5776589657,95.1255458151
2623.2916741192,95.2519226441
2624.0056892727,95.2308055118
2624.7197044263,95.1727263382
2625.4337195798,95.1569721357
2626.1477347334,95.1630982689
2626.8617498869,95.1822478702
2627.5757650405,95.1217823967
2628.2897801940,95.0844486896
2629.0037953475,95.0994944328
2629.7178105011,95.0588511429
2630.4318256546,95.0932615304
2631.1458408082,95.1905086349
2631.8598559617,95.1806554598
2632.5738711153,95.1316333293
2633.2878862688,95.0809717966
2634.0019014224,95.0119261718
2634.7159165759,95.0545824647
2635.4299317294,95.1597767247
2636.1439468830,95.1224017898
2636.8579620365,95.0350371988
2637.5719771901,95.0740303830
2638.2859923436,95.1124935021
2639.0000074972,95.0644376938
2639.7140226507,95.0273084254
2640.4280378042,95.0162486389
2641.1420529578,95.0601963066
2641.8560681113,95.1330218386
2642.5700832649,95.1094451467
2643.2840984184,95.0525910854
2643.9981135720,95.0073550001
2644.7121287255,94.9454929511
2645.4261438791,94.9778045772
2646.1401590326,95.0673602919
2646.8541741861,95.0832522187
2647.5681893397,95.0617535403
2648.2822044932,95.0591785213
2648.9962196468,95.0860602196
2649.7102348003,95.0293497823
2650.4242499539,94.9076880836
2651.1382651074,94.9779233336
2651.8522802609,95.1015325526
2652.5662954145,95.0619914641
2653.2803105680,95.0711784501
2653.9943257216,95.0952956459
2654.7083408751,95.0082771028
2655.4223560287,95.0138264100
2656.1363711822,95.1015173579
2656.8503863357,95.1170136990
2657.5644014893,95.0983535052
2658.2784166428,95.1001547295
2658.9924317964,95.1047550822
2659.7064469499,95.0538297158
2660.4204621035,95.0202051860
2661.1344772570,95.0528107471
2661.8484924106,95.0248049685
2662.5625075641,95.0421158668
2663.2765227176,95.1489993925
2663.9905378712,95.1131186456
2664.7045530247,95.0577402135
2665.4185681783,95.1037934767
2666.1325833318,95.0817603483
2666.8465984854,95.0976485353
2667.5606136389,95.1949678956
2668.2746287924,95.1807658848
2668.9886439460,95.1197000136
2669.7026590995,95.1291629769
2670.4166742531,95.1579824790
2671.1306894066,95.1421060962
2671.8447045602,95.0960910251
2672.5587197137,95.0936656474
2673.2727348673,95.1113914291
2673.9867500208,95.1312389383
2674.7007651743,95.1554206753
2675.4147803279,95.1090602617
2676.1287954814,95.0995829366
2676.8428106350,95.1752613701
2677.5568257885,95.1587107445
2678.2708409421,95.1073223513
2678.9848560956,95.0943320930
2679.6988712491,95.0753916641
2680.4128864027,95.1364002141
2681.1269015562,95.1705553477
2681.8409167098,95.0881678934
2682.5549318633,95.0812052410
2683.2689470169,95.1282425779
2683.9829621704,95.1241537763
2684.6969773239,95.1160597308
2685.4109924775,95.0906491033
2686.1250076310,95.0755066230
2686.8390227846,95.1019086989
2687.5530379381,95.1289850925
2688.2670530917,95.1254457150
2688.9810682452,95.0515626285
2689.6950833988,95.0154495235
2690.4090985523,95.0685448763
2691.1231137058,95.0507912626
2691.8371288594,95.0315118631
2692.5511440129,95.0575465368
2693.2651591665,94.9702192587
2693.9791743200,94.9319880077
2694.6931894736,95.0476039764
2695.4072046271,95.0850490359
2696.1212197806,95.0554477127
2696.8352349342,95.0373834358
2697.5492500877,94.9618892323
2698.2632652413,94.9582054095
2698.9772803948,95.0507674140
2699.6912955484,95.0088108156
2700.4053107019,94.9036875591
2701.1193258555,94.9427009892
2701.8333410090,94.9913204966
2702.5473561625,94.9603889235
2703.2613713161,94.9581490636
2703.9753864696,94.9337272607
2704.6894016232,94.9021527433
2705.4034167767,94.9534943482
2706.1174319303,94.9415964513
2706.8314470838,94.8714089905
2707.5454622373,94.8879814995
2708.2594773909,94.8802688100
2708.9734925444,94.8558163279
2709.6875076980,94.9048892294
2710.4015228515,94.8603497111
2711.1155380051,94.7662797645
2711.8295531586,94.8311825881
2712.5435683122,94.8876469262
2713.2575834657,94.7950628557
2713.9715986192,94.7656340213
2714.6856137728,94.8305497070
2715.3996289263,94.8155627487
2716.1136440799,94.8024445583
2716.8276592334,94.8495541065
2717.5416743870,94.8131459386
2718.2556895405,94.7702127156
2718.9697046940,94.8096966648
2719.6837198476,94.8260636310
2720.3977350011,94.8185090028
2721.1117501547,94.7668146606
2721.8257653082,94.6982200914
2722.5397804618,94.7443324144
2723.2537956153,94.7819062158
2723.9678107688,94.7624332727
2724.6818259224,94.7877978511
2725.3958410759,94.7476184041
2726.1098562295,94.7092713761
2726.8238713830,94.7627765709
2727.5378865366,94.7309047260
2728.2519016901,94.6640053709
2728.9659168437,94.6598413962
2729.6799319972,94.6800363534
2730.3939471507,94.7360089450
2731.1079623043,94.7207084438
2731.8219774578,94.6760409960
2732.5359926114,94.6993221218
2733.2500077649,94.6599465303
2733.9640229185,94.6545607595
2734.6780380720,94.7088003280
2735.3920532255,94.6546229667
2736.1060683791,94.6635443123
2736.8200835326,94.7401371658
2737.5340986862,94.7230529880
2738.2481138397,94.7024190300
2738.9621289933,94.6270452594
2739.6761441468,94.5698037708
2740.3901593004,94.6994135048
2741.1041744539,94.7823092649
2741.8181896074,94.6999615345
2742.5322047610,94.5987388594
2743.2462199145,94.6287744720
2743.9602350681,94.7891894473
2744.6742502216,94.7782364496
2745.3882653752,94.6519638953
2746.1022805287,94.6761818472
2746.8162956822,94.6886669977
2747.5303108358,94.6983250866
2748.2443259893,94.7317389980
2748.9583411429,94.6498158599
2749.6723562964,94.6540058888
2750.3863714500,94.6851268782
2751.1003866035,94.6329503548
2751.8144017570,94.7335432559
2752.5284169106,94.7703422004
2753.2424320641,94.6818721152
2753.9564472177,94.7341682756
2754.6704623712,94.7123230964
2755.3844775248,94.6515081081
2756.0984926783,94.6990752447
2756.8125078319,94.6432663764
2757.5265229854,94.6267913228
2758.2405381389,94.6891403872
2758.9545532925,94.6744680318
2759.6685684460,94.7168915672
2760.3825835996,94.6939933294
2761.0965987531,94.5925709503
2761.8106139067,94.6317997797
2762.5246290602,94.6492415727
2763.2386442137,94.6285723132
2763.9526593673,94.6327154480
2764.6666745208,94.5664740540
2765.3806896744,94.5724597046
2766.0947048279,94.5994000871
2766.8087199815,94.5548241723
2767.5227351350,94.5830132594
2768.2367502886,94.5827709684
2768.9507654421,94.5735985643
2769.6647805956,94.6099371546
2770.3787957492,94.5104850665
2771.0928109027,94.4624115147
2771.8068260563,94.5618314600
2772.5208412098,94.5705473061
2773.2348563634,94.5400088353
2773.9488715169,94.5291678445
2774.6628866704,94.5176233389
2775.3769018240,94.5103842464
2776.0909169775,94.4597227048
2776.8049321311,94.4862395707
2777.5189472846,94.5166682003
2778.2329624382,94.4342864459
2778.9469775917,94.4785384842
2779.6609927452,94.5578954192
2780.3750078988,94.5113902273
2781.0890230523,94.4974605879
2781.8030382059,94.4365980526
2782.5170533594,94.3684650084
2783.2310685130,94.4368945119
2783.9450836665,94.4736380409
2784.6590988201,94.4539846022
2785.3731139736,94.3857949717
2786.0871291271,94.3123600595
2786.8011442807,94.4052196918
2787.5151594342,94.4279608022
2788.2291745878,94.3195472329
2788.9431897413,94.3708618554
2789.6572048949,94.4136945679
2790.3712200484,94.3414509687
2791.0852352019,94.3210829448
2791.7992503555,94.2971617744
2792.5132655090,94.2722746740
2793.2272806626,94.2856274900
2793.9412958161,94.3140533358
2794.6553109697,94.3406138941
2795.3693261232,94.2566866366
2796.0833412768,94.1776215589
2796.7973564303,94.2307906876
2797.5113715838,94.2417047745
2798.2253867374,94.2112737926
2798.9394018909,94.1978373143
2799.6534170445,94.1426822236
2800.3674321980,94.1146217835
2801.0814473516,94.1151820009
2801.7954625051,94.1223228328
2802.5094776586,94.1466316122
2803.2234928122,94.1129541663
2803.9375079657,94.0864878803
2804.6515231193,94.1342842015
2805.3655382728,94.1696379091
2806.0795534264,94.1278942634
2806.7935685799,94.0313853527
2807.5075837334,94.0378319748
2808.2215988870,94.0988309476
2808.9356140405,94.0224883350
2809.6496291941,93.9716786973
2810.3636443476,93.9524272581
2811.0776595012,93.8606643655
2811.7916746547,93.9500746986
2812.5056898083,94.0640376469
2813.2197049618,93.9249100214
2813.9337201153,93.8393273066
2814.6477352689,93.8633784733
2815.3617504224,93.8163449222
2816.0757655760,93.8144255245
2816.7897807295,93.8497758409
2817.5037958831,93.8320252280
2818.2178110366,93.7962160955
2818.9318261901,93.7578923497
2819.6458413437,93.7429500952
2820.3598564972,93.7336386572
2821.0738716508,93.6958841961
2821.7878868043,93.6674841128
2822.5019019579,93.6671211469
2823.2159171114,93.6443025885
2823.9299322650,93.5555331405
2824.6439474185,93.5181352230
2825.3579625720,93.5781872116
2826.0719777256,93.5764199956
2826.7859928791,93.5436087754
2827.5000080327,93.5150869971
2828.2140231862,93.4146626178
2828.9280383398,93.3730169499
2829.6420534933,93.3755233560
2830.3560686468,93.3268541031
2831.0700838004,93.3433499047
2831.7840989539,93.3418626019
2832.4981141075,93.2658023687
2833.2121292610,93.2371452252
2833.9261444146,93.2089892291
2834.6401595681,93.1991656853
2835.3541747217,93.2138746449
2836.0681898752,93.1761511156
2836.7822050287,93.1144762152
2837.4962201823,92.9596207751
2838.2102353358,92.8537593292
2838.9242504894,92.9585089719
2839.6382656429,92.9287598103
2840.3522807965,92.7734247088
2841.0662959500,92.7734677647
2841.7803111035,92.7547810141
2842.4943262571,92.7035210335
2843.2083414106,92.6978307430
2843.9223565642,92.6566896481
2844.6363717177,92.6465571729
2845.3503868713,92.5612493557
2846.0644020248,92.3957382944
2846.7784171783,92.3628513315
2847.4924323319,92.3361084350
2848.2064474854,92.2769272496
2848.9204626390,92.2509113915
2849.6344777925,92.1648630121
2850.3484929461,92.1448904628
2851.0625080996,92.1538957500
2851.7765232532,92.0534962531
2852.4905384067,92.0198040050
2853.2045535602,92.0115105352
2853.9185687138,91.9473505535
2854.6325838673,91.9417799157
2855.3465990209,91.9161226161
2856.0606141744,91.8575486466
2856.7746293280,91.8543851709
2857.4886444815,91.8680978029
2858.2026596350,91.8282389565
2858.9166747886,91.7058020515
2859.6306899421,91.6301361473
2860.3447050957,91.6173620961
2861.0587202492,91.5895420959
2861.7727354028,91.6573226102
2862.4867505563,91.6676146233
2863.2007657099,91.5362206191
2863.9147808634,91.5291015608
2864.6287960169,91.5428656661
2865.3428111705,91.5155100789
2866.0568263240,91.5564035446
2866.7708414776,91.4842039901
2867.4848566311,91.4239780110
2868.1988717847,91.4749035225
2868.9128869382,91.4234586624
2869.6269020917,91.4285282740
2870.3409172453,91.4595523127
2871.0549323988,91.3341116406
2871.7689475524,91.3030184471
2872.4829627059,91.3632895235
2873.1969778595,91.3764049946
2873.9109930130,91.3671698941
2874.6250081665,91.2900804136
2875.3390233201,91.3170054244
2876.0530384736,91.4190991511
2876.7670536272,91.3618038460
2877.4810687807,91.3384509934
2878.1950839343,91.3816220385
2878.9090990878,91.3468140853
2879.6231142414,91.3626934973
2880.3371293949,91.3973487458
2881.0511445484,91.3804469312
2881.7651597020,91.3837308955
2882.4791748555,91.3765382988
2883.1931900091,91.3036031001
2883.9072051626,91.1877374234
2884.6212203162,91.1779560346
2885.3352354697,91.2120718734
2886.0492506232,91.1079991650
2886.7632657768,91.1229724432
2887.4772809303,91.2013954486
2888.1912960839,91.0222357535
2888.9053112374,90.9484895676
2889.6193263910,91.0482274175
2890.3333415445,90.9713657030
2891.0473566981,90.9304784130
2891.7613718516,90.9958219491
2892.4753870051,90.9832498879
2893.1894021587,90.9634979022
2893.9034173122,90.9220011198
2894.6174324658,90.8458534315
2895.3314476193,90.7790696848
2896.0454627729,90.7707261052
2896.7594779264,90.8752484238
2897.4734930799,90.8775886477
2898.1875082335,90.7798542899
2898.9015233870,90.8061629401
2899.6155385406,90.8551181984
2900.3295536941,90.9422343733
2901.0435688477,91.0169423280
2901.7575840012,90.8859462471
2902.4715991547,90.8722215066
2903.1856143083,91.0654837236
2903.8996294618,91.1170142262
2904.6136446154,91.1001752677
2905.3276597689,91.1697910635
2906.0416749225,91.2931835029
2906.7556900760,91.4276169279
2907.4697052296,91.4756097600
2908.1837203831,91.4687630728
2908.8977355366,91.4688343248
2909.6117506902,91.5182194096
2910.3257658437,91.6630045735
2911.0397809973,91.7546032580
2911.7537961508,91.7574408692
2912.4678113044,91.7893593623
2913.1818264579,91.9032016109
2913.8958416114,92.1001271506
2914.6098567650,92.1461972486
2915.3238719185,92.0762122639
2916.0378870721,92.2316905456
2916.7519022256,92.4111924768
2917.4659173792,92.4414335522
2918.1799325327,92.5241699706
2918.8939476863,92.6219752273
2919.6079628398,92.7085308240
2920.3219779933,92.7434197342
2921.0359931469,92.7127998494
2921.7500083004,92.8398712839
2922.4640234540,92.9816080751
2923.1780386075,93.0226484235
2923.8920537611,93.1234491618
2924.6060689146,93.1425719171
2925.3200840681,93.1781727326
2926.0340992217,93.2781386295
2926.7481143752,93.1575506742
2927.4621295288,93.1649702773
2928.1761446823,93.3898229664
2928.8901598359,93.3578434101
2929.6041749894,93.2993177048
2930.3181901429,93.3638309985
2931.0322052965,93.3427822542
2931.7462204500,93.4327257094
2932.4602356036,93.5717487928
2933.1742507571,93.5694254448
2933.8882659107,93.5658069078
2934.6022810642,93.5652153261
2935.3162962178,93.5994797973
2936.0303113713,93.6886946487
2936.7443265248,93.6580039912
2937.4583416784,93.5732673077
2938.1723568319,93.5783748483
2938.8863719855,93.6263897701
2939.6003871390,93.6661290214
2940.3144022926,93.6882633166
2941.0284174461,93.7035653131
2941.7424325996,93.6921312510
2942.4564477532,93.6920394960
2943.1704629067,93.7497831932
2943.8844780603,93.7549350946
2944.5984932138,93.7477312775
2945.3125083674,93.8501614011
2946.0265235209,93.9373953277
2946.7405386745,93.9171772969
2947.4545538280,93.8737615585
2948.1685689815,93.9395577333
2948.8825841351,94.0660577609
2949.5965992886,94.0645079388
2950.3106144422,94.1275312139
2951.0246295957,94.3509363121
2951.7386447493,94.3501107297
2952.4526599028,94.2034700441
2953.1666750563,94.2309807181
2953.8806902099,94.3085241116
2954.5947053634,94.4047635126
2955.3087205170,94.5234959564
2956.0227356705,94.5165563784
2956.7367508241,94.4888446330
2957.4507659776,94.5475658666
2958.1647811312,94.5718335034
2958.8787962847,94.5362658221
2959.5928114382,94.5776079720
2960.3068265918,94.6806286667
2961.0208417453,94.6714851089
2961.7348568989,94.6314344908
2962.4488720524,94.6355631266
2963.1628872060,94.5729584086
2963.8769023595,94.5860674352
2964.5909175130,94.6392411897
2965.3049326666,94.5743365499
2966.0189478201,94.6327442589
2966.7329629737,94.6787695400
2967.4469781272,94.5858060354
2968.1609932808,94.7520561669
2968.8750084343,94.9100588534
2969.5890235878,94.8322191205
2970.3030387414,94.9470411523
2971.0170538949,95.0129116884
2971.7310690485,94.9188489279
2972.4450842020,95.1141983380
2973.1590993556,95.2522982697
2973.8731145091,95.1201442631
2974.5871296627,95.1612609709
2975.3011448162,95.2480197052
2976.0151599697,95.2291969252
2976.7291751233,95.3101711911
2977.4431902768,95.3530986573
2978.1572054304,95.3204554856
2978.8712205839,95.4047715100
2979.5852357375,95.4980576843
2980.2992508910,95.5355990295
2981.0132660445,95.6335987762
2981.7272811981,95.6803100786
2982.4412963516,95.5660611512
2983.1553115052,95.4558377828
2983.8693266587,95.4450095999
2984.5833418123,95.4385536081
2985.2973569658,95.4323031824
2986.0113721194,95.4854895123
2986.7253872729,95.5310735328
2987.4394024264,95.4726089633
2988.1534175800,95.3902917577
2988.8674327335,95.4245018545
2989.5814478871,95.4937717092
2990.2954630406,95.4859105934
2991.0094781942,95.4788233419
2991.7234933477,95.4927441379
2992.4375085012,95.4811930612
2993.1515236548,95.4509693309
2993.8655388083,95.4068126209
2994.5795539619,95.3938906557
2995.2935691154,95.3749289535
2996.0075842690,95.3114209208
2996.7215994225,95.3342525181
2997.4356145760,95.3619273586
2998.1496297296,95.2745860923
2998.8636448831,95.2698927734
2999.5776600367,95.3433727265
3000.2916751902,95.3211609811
3001.0056903438,95.2534555346
3001.7197054973,95.2145228472
3002.4337206509,95.2394419072
3003.1477358044,95.2679733192
3003.8617509579,95.2168950266
3004.5757661115,95.1801283700
3005.2897812650,95.1588404645
3006.0037964186,95.1451941386
3006.7178115721,95.1910799654
3007.4318267257,95.1573844089
3008.1458418792,95.1089311847
3008.8598570327,95.1690753700
3009.5738721863,95.1388428378
3010.2878873398,95.0575162357
3011.0019024934,95.0698743858
3011.7159176469,95.0879224076
3012.4299328005,95.1181538682
3013.1439479540,95.1205690905
3013.8579631076,95.1021573219
3014.5719782611,95.1247446628
3015.2859934146,95.0200308863
3016.0000085682,94.9168457784
3016.7140237217,94.9971870142
3017.4280388753,95.0037254111
3018.1420540288,94.9931402229
3018.8560691824,95.0698466951
3019.5700843359,94.9872630966
3020.2840994894,94.9066809539
3020.9981146430,94.9996106419
3021.7121297965,94.9866123543
3022.4261449501,94.8693667119
3023.1401601036,94.8823332083
3023.8541752572,94.9660618762
3024.5681904107,94.9439492550
3025.2822055642,94.8361244336
3025.9962207178,94.7835701762
3026.7102358713,94.8347696232
3027.4242510249,94.9253481092
3028.1382661784,94.9127360419
3028.8522813320,94.8522874307
3029.5662964855,94.9454940346
3030.2803116391,94.9676566827
3030.9943267926,94.8350153457
3031.7083419461,94.8704706611
3032.4223570997,94.8655021124
3033.1363722532,94.7500184123
3033.8503874068,94.8616666913
3034.5644025603,94.8818007664
3035.2784177139,94.7237972031
3035.9924328674,94.7601801121
3036.7064480209,94.7417543289
3037.4204631745,94.6336087029
3038.1344783280,94.6538643603
3038.8484934816,94.5977921650
3039.5625086351,94.5799970235
3040.2765237887,94.6772072275
3040.9905389422,94.6557882437
3041.7045540958,94.6442188304
3042.4185692493,94.6157093238
3043.1325844028,94.5086900403
3043.8465995564,94.5415518937
3044.5606147099,94.5260690103
3045.2746298635,94.4481075200
3045.9886450170,94.5460048456
3046.7026601706,94.5170539605
3047.4166753241,94.3797615887
3048.1306904776,94.4433788055
3048.8447056312,94.4304564325
3049.5587207847,94.3280186978
3050.2727359383,94.4162287761
3050.9867510918,94.4659659728
3051.7007662454,94.3728745605
3052.4147813989,94.3193307837
3053.1287965524,94.2485872549
3053.8428117060,94.1751703468
3054.5568268595,94.2060705870
3055.2708420131,94.2195540771
3055.9848571666,94.1695293530
3056.6988723202,94.1376798456
3057.4128874737,94.0925810512
3058.1269026273,94.0790669111
3058.8409177808,94.1001999210
3059.5549329343,94.0042750430
3060.2689480879,93.9462171654
3060.9829632414,94.0557571030
3061.6969783950,94.0297242554
3062.4109935485,93.8888596190
3063.1250087021,93.9046838246
3063.8390238556,93.9063069475
3064.5530390091,93.7957108138
3065.2670541627,93.7561677977
3065.9810693162,93.7467631412
3066.6950844698,93.7114935753
3067.4090996233,93.7116864550
3068.1231147769,93.7408769887
3068.8371299304,93.8105110323
3069.5511450840,93.8629107635
3070.2651602375,93.7641592913
3070.9791753910,93.6048573159
3071.6931905446,93.5457181192
3072.4072056981,93.5287451051
3073.1212208517,93.4865585908
3073.8352360052,93.4773966031
3074.5492511588,93.4837165982
3075.2632663123,93.4388575855
3075.9772814658,93.3957988550
3076.6912966194,93.4243936568
3077.4053117729,93.4538950703
3078.1193269265,93.3938648867
3078.8333420800,93.3343829732
3079.5473572336,93.3700635726
3080.2613723871,93.4050972305
3080.9753875406,93.3693857791
3081.6894026942,93.2925956305
3082.4034178477,93.2284070743
3083.1174330013,93.2518587520
3083.8314481548,93.2850372494
3084.5454633084,93.2517899522
3085.2594784619,93.2522186879
3085.9734936155,93.2234568512
3086.6875087690,93.1106348021
3087.4015239225,93.0985927208
3088.1155390761,93.1581135614
3088.8295542296,93.0872238528
3089.5435693832,92.9356413297
3090.2575845367,92.8824442217
3090.9715996903,92.9131723288
3091.6856148438,92.9381613094
3092.3996299973,93.0487850988
3093.1136451509,93.1263161177
3093.8276603044,92.9632014640
3094.5416754580,92.9134739979
3095.2556906115,93.0204945309
3095.9697057651,92.9134820628
3096.6837209186,92.8811980700
3097.3977360722,92.9519842019
3098.1117512257,92.7892401471
3098.8257663792,92.7252135551
3099.5397815328,92.7898325882
3100.2537966863,92.7305931914
3100.9678118399,92.7601391439
3101.6818269934,92.7780053069
3102.3958421470,92.7239097535
3103.1098573005,92.7638605684
3103.8238724540,92.7342000139
3104.5378876076,92.7081528220
3105.2519027611,92.6670683888
3105.9659179147,92.5105940789
3106.6799330682,92.5858476084
3107.3939482218,92.6345456917
3108.1079633753,92.4375990216
3108.8219785289,92.5102732218
3109.5359936824,92.5777957811
3110.2500088359,92.3929858546
3110.9640239895,92.4168013101
3111.6780391430,92.4441097067
3112.3920542966,92.3082020765
3113.1060694501,92.2651348667
3113.8200846037,92.2029132920
3114.5340997572,92.1378664140
3115.2481149107,92.1823192848
3115.9621300643,92.2591189359
3116.6761452178,92.2699585797
3117.3901603714,92.1289207351
3118.1041755249,92.0669132767
3118.8181906785,92.1368923491
3119.5322058320,92.0520329155
3120.2462209855,91.9739326150
3120.9602361391,92.0275787151
3121.6742512926,92.0921920272
3122.3882664462,92.1241955215
3123.1022815997,92.0043376815
3123.8162967533,91.9511957477
3124.5303119068,92.0203499142
3125.2443270604,91.8953591327
3125.9583422139,91.8210126143
3126.6723573674,91.8769942703
3127.3863725210,91.8193709979
3128.1003876745,91.8057703855
3128.8144028281,91.7827117187
3129.5284179816,91.7636674376
3130.2424331352,91.7830795705
3130.9564482887,91.6254643523
3131.6704634422,91.6788087984
3132.3844785958,91.8266637419
3133.0984937493,91.6109360582
3133.8125089029,91.6580036852
3134.5265240564,91.7635587548
3135.2405392100,91.4633716089
3135.9545543635,91.5188595326
3136.6685695171,91.6613504455
3137.3825846706,91.4331456958
3138.0965998241,91.4365340864
3138.8106149777,91.4473815365
3139.5246301312,91.2843707639
3140.2386452848,91.2948304815
3140.9526604383,91.2730341370
3141.6666755919,91.2456848965
3142.3806907454,91.2497976374
3143.0947058989,91.1861535125
3143.8087210525,91.2207956853
3144.5227362060,91.1831989545
3145.2367513596,91.1732366297
3145.9507665131,91.2750584978
3146.6647816667,91.1101539957
3147.3787968202,91.0248447895
3148.0928119737,91.0633517475
3148.8068271273,90.8641396146
3149.5208422808,90.9095424129
3150.2348574344,91.0285932851
3150.9488725879,90.8750026005
3151.6628877415,90.8884726940
3152.3769028950,90.8295396635
3153.0909180486,90.6781868996
3153.8049332021,90.7894753965
3154.5189483556,90.7822210959
3155.2329635092,90.7441870511
3155.9469786627,90.7915357340
3156.6609938163,90.6720385261
3157.3750089698,90.7011506502
3158.0890241234,90.7164318529
3158.8030392769,90.5543203961
3159.5170544304,90.6366733620
3160.2310695840,90.6206637026
3160.9450847375,90.4401012212
3161.6590998911,90.4944588512
3162.3731150446,90.4275335318
3163.0871301982,90.3017953591
3163.8011453517,90.3917861747
3164.5151605053,90.3732626635
3165.2291756588,90.2968069816
3165.9431908123,90.2676643812
3166.6572059659,90.1755465933
3167.3712211194,90.1517100644
3168.0852362730,90.1524795155
3168.7992514265,90.0853212303
3169.5132665801,90.0100197409
3170.2272817336,89.9680312045
3170.9412968871,89.9877827215
3171.6553120407,89.9269208279
3172.3693271942,89.8282359683
3173.0833423478,89.8458810500
3173.7973575013,89.7871551203
3174.5113726549,89.6989345961
3175.2253878084,89.7655958005
3175.9394029619,89.8316823303
3176.6534181155,89.8055185534
3177.3674332690,89.6797844908
3178.0814484226,89.5809346666
3178.7954635761,89.6467652923
3179.5094787297,89.6028588573
3180.2234938832,89.4692788426
3180.9375090368,89.5218681317
3181.6515241903,89.4900070409
3182.3655393438,89.2536292616
3183.0795544974,89.2089709477
3183.7935696509,89.3754050495
3184.5075848045,89.3664905242
3185.2215999580,89.1640966329
3185.9356151116,89.0537896368
3186.6496302651,89.0350837846
3187.3636454186,89.0337117972
3188.0776605722,89.0189119413
3188.7916757257,88.8662798815
3189.5056908793,88.7690753600
3190.2197060328,88.8151456711
3190.9337211864,88.7692739444
3191.6477363399,88.8094163771
3192.3617514935,88.8953882084
3193.0757666470,88.7205971670
3193.7897818005,88.6051511924
3194.5037969541,88.6429426009
3195.2178121076,88.5534052151
3195.9318272612,88.4564696099
3196.6458424147,88.4370011404
3197.3598575683,88.4632709866
3198.0738727218,88.4601620696
3198.7878878753,88.3439483158
3199.5019030289,88.2880433428
3200.2159181824,88.2188452404
3200.9299333360,88.0824517888
3201.6439484895,88.1039615707
3202.3579636431,88.0998894509
3203.0719787966,88.0217080747
3203.7859939501,87.9909810097
3204.5000091037,87.8382454152
3205.2140242572,87.8038119367
3205.9280394108,87.9372274758
3206.6420545643,87.8357229152
3207.3560697179,87.6558969683
3208.0700848714,87.5801069952
3208.7841000250,87.5859917391
3209.4981151785,87.6533256566
3210.2121303320,87.5380642199
3210.9261454856,87.4409072600
3211.6401606391,87.5041411804
3212.3541757927,87.4281158593
3213.0681909462,87.3983772693
3213.7822060998,87.4030489025
3214.4962212533,87.2013108901
3215.2102364068,87.0780187971
3215.9242515604,87.0195184841
3216.6382667139,86.9840419534
3217.3522818675,87.0186644951
3218.0662970210,86.8360872433
3218.7803121746,86.7255253814
3219.4943273281,86.8420270852
3220.2083424817,86.7779904884
3220.9223576352,86.7716856786
3221.6363727887,86.7859900704
3222.3503879423,86.5352585173
3223.0644030958,86.4670722776
3223.7784182494,86.4655590299
3224.4924334029,86.2220775884
3225.2064485565,86.1953099691
3225.9204637100,86.3339092138
3226.6344788635,86.2503740760
3227.3484940171,86.1009945980
3228.0625091706,86.0075720881
3228.7765243242,85.9212316580
3229.4905394777,85.8878934134
3230.2045546313,85.8687596042
3230.9185697848,85.7552101176
3231.6325849384,85.6338987311
3232.3466000919,85.5702441460
3233.0606152454,85.4923382685
3233.7746303990,85.5046250748
3234.4886455525,85.4688691920
3235.2026607061,85.2406305136
3235.9166758596,85.2614034565
3236.6306910132,85.3361876134
3237.3447061667,85.0724596937
3238.0587213202,85.0517921777
3238.7727364738,85.1589038516
3239.4867516273,84.9478979575
3240.2007667809,84.8798547763
3240.9147819344,84.9031897223
3241.6287970880,84.8211483254
3242.3428122415,84.7999187708
3243.0568273950,84.5713926929
3243.7708425486,84.3963823200
3244.4848577021,84.5624786442
3245.1988728557,84.5011472952
3245.9128880092,84.2674379652
3246.6269031628,84.2747768590
3247.3409183163,84.3297425493
3248.0549334699,84.1983547529
3248.7689486234,83.9593896395
3249.4829637769,83.9520013605
3250.1969789305,84.0406478323
3250.9109940840,83.8928988992
3251.6250092376,83.8342570512
3252.3390243911,83.7687060752
3253.0530395447,83.5080793249
3253.7670546982,83.5105848149
3254.4810698517,83.5131729592
3255.1950850053,83.2735722000
3255.9091001588,83.2777313223
3256.6231153124,83.3334061340
3257.3371304659,83.1919788794
3258.0511456195,83.0724495706
3258.7651607730,82.9451654245
3259.4791759266,82.8844123087
3260.1931910801,82.9348502166
3260.9072062336,82.8766208579
3261.6212213872,82.7145203903
3262.3352365407,82.6464688853
3263.0492516943,82.6647982139
3263.7632668478,82.5106756565
3264.4772820014,82.3068858788
3265.1912971549,82.3269234291
3265.9053123084,82.3176953360
3266.6193274620,82.3187986637
3267.3333426155,82.4106923829
3268.0473577691,82.2547904249
3268.7613729226,82.1445709223
3269.4753880762,82.2354868522
3270.1894032297,82.1899648048
3270.9034183832,82.1851980012
3271.6174335368,82.1548592423
3272.3314486903,82.0062275311
3273.0454638439,82.0195532029
3273.7594789974,82.0031094219
3274.4734941510,81.9808272652
3275.1875093045,82.0012988962
3275.9015244581,81.8397318729
3276.6155396116,81.8911680483
3277.3295547651,82.0256737075
3278.0435699187,81.9088687016
3278.7575850722,82.0022753624
3279.4716002258,82.0007219607
3280.1856153793,81.7461257986
3280.8996305329,81.8731550338
3281.6136456864,81.9877876092
3282.3276608399,81.8280071107
3283.0416759935,81.8256364817
3283.7556911470,81.8765214756
3284.4697063006,81.9182980447
3285.1837214541,81.9468408632
3285.8977366077,81.9568555876
3286.6117517612,82.0542672615
3287.3257669148,81.9447919983
3288.0397820683,81.8066698409
3288.7537972218,81.9738330938
3289.4678123754,82.0131482945
3290.1818275289,81.8980361110
3290.8958426825,81.8734068202
3291.6098578360,81.8930249984
3292.3238729896,81.9764615742
3293.0378881431,81.9287718678
3293.7519032966,81.8498534171
3294.4659184502,81.9293325156
3295.1799336037,81.8943382087
3295.8939487573,81.8953121850
3296.6079639108,81.9581967783
3297.3219790644,81.8907985298
3298.0359942179,82.0185008923
3298.7500093714,82.0890129348
3299.4640245250,81.8878521360
3300.1780396785,81.9096381732
3300.8920548321,82.0436251351
3301.6060699856,82.1254825909
3302.3200851392,82.1834102228
3303.0341002927,82.0628046056
3303.7481154463,82.1024672179
3304.4621305998,82.2426964209
3305.1761457533,82.1168379595
3305.8901609069,82.0929889735
3306.6041760604,82.2006039405
3307.3181912140,82.2097810076
3308.0322063675,82.2318351841
3308.7462215211,82.2149284679
3309.4602366746,82.2000635103
3310.1742518281,82.1890867347
3310.8882669817,82.1735691977
3311.6022821352,82.2570652804
3312.3162972888,82.2248420384
3313.0303124423,82.2584025127
3313.7443275959,82.4220113864
3314.4583427494,82.2528071848
3315.1723579030,82.2009612196
3315.8863730565,82.3817241673
3316.6003882100,82.2418814269
3317.3144033636,82.2413892186
3318.0284185171,82.3345161730
3318.7424336707,82.1047138907
3319.4564488242,82.0940508474
3320.1704639778,82.1893011913
3320.8844791313,82.1378288100
3321.5984942848,82.1624672925
3322.3125094384,81.9928987751
3323.0265245919,81.8774432313
3323.7405397455,82.0004103398
3324.4545548990,81.8634073375
3325.1685700526,81.7497936164
3325.8825852061,81.8358239708
3326.5966003596,81.8257289049
3327.3106155132,81.8028854459
3328.0246306667,81.6464884331
3328.7386458203,81.5572926961
3329.4526609738,81.7612331163
3330.1666761274,81.7307523109
3330.8806912809,81.5927677999
3331.5947064345,81.6828827561
3332.3087215880,81.6513329710
3333.0227367415,81.5805981363
3333.7367518951,81.6532978423
3334.4507670486,81.7024990791
3335.1647822022,81.7044996842
3335.8787973557,81.6665341936
3336.5928125093,81.6793410140
3337.3068276628,81.7262420642
3338.0208428163,81.6821624953
3338.7348579699,81.7092979752
3339.4488731234,81.8038106679
3340.1628882770,81.8499975690
3340.8769034305,81.9171362456
3341.5909185841,81.9970337010
3342.3049337376,82.1281892074
3343.0189488912,82.2357493997
3343.7329640447,82.2325285948
3344.4469791982,82.3265749343
3345.1609943518,82.4443147354
3345.8750095053,82.4508298630
3346.5890246589,82.5584708058
3347.3030398124,82.7377111100
3348.0170549660,82.8612475427
3348.7310701195,82.9487692544
3349.4450852730,82.9401297848
3350.1591004266,82.8808424264
3350.8731155801,82.9264089325
3351.5871307337,83.0963471917
3352.3011458872,83.2531367687
3353.0151610408,83.3635255918
3353.7291761943,83.4937452882
3354.4431913478,83.5207955154
3355.1572065014,83.5878587593
3355.8712216549,83.8509985264
3356.5852368085,83.9073512813
3357.2992519620,83.8694198830
3358.0132671156,84.0402768521
3358.7272822691,84.0532543750
3359.4412974227,84.0479702512
3360.1553125762,84.2582276706
3360.8693277297,84.3195897756
3361.5833428833,84.3541508177
3362.2973580368,84.4480070866
3363.0113731904,84.4176002339
3363.7253883439,84.5082206244
3364.4394034975,84.6443083367
3365.1534186510,84.6479379716
3365.8674338045,84.7064869569
3366.5814489581,84.7631992840
3367.2954641116,84.8349578634
3368.0094792652,84.9774385485
3368.7234944187,85.0437820880
3369.4375095723,85.1212815418
3370.1515247258,85.1832375412
3370.8655398794,85.1770903656
3371.5795550329,85.2720507160
3372.2935701864,85.3217440179
3373.0075853400,85.2705105307
3373.7216004935,85.3791823991
3374.4356156471,85.5933313655
3375.1496308006,85.6408930239
3375.8636459542,85.4807960473
3376.5776611077,85.4273613089
3377.2916762612,85.6490384585
3378.0056914148,85.8959739787
3378.7197065683,86.0105123314
3379.4337217219,85.9307549589
3380.1477368754,85.8709581467
3380.8617520290,86.1628037878
3381.5757671825,86.3582501424
3382.2897823361,86.2210044636
3383.0037974896,86.2228314821
3383.7178126431,86.2804502700
3384.4318277967,86.2554302310
3385.1458429502,86.3401300467
3385.8598581038,86.4461903871
3386.5738732573,86.5442261544
3387.2878884109,86.5276994645
3388.0019035644,86.4453840791
3388.7159187179,86.6144595796
3389.4299338715,86.6941215752
3390.1439490250,86.5536287836
3390.8579641786,86.6148182912
3391.5719793321,86.7175493400
3392.2859944857,86.7820201460
3393.0000096392,86.8582640623
3393.7140247927,86.7669480535
3394.4280399463,86.7682262858
3395.1420550998,86.8558772578
3395.8560702534,86.8864506582
3396.5700854069,87.0561842627
3397.2841005605,87.0266841687
3397.9981157140,86.8617276744
3398.7121308676,87.0225581584
3399.4261460211,87.0364095238
3400.1401611746,86.9248869357
3400.8541763282,87.1339109150
3401.5681914817,87.2641916240
3402.2822066353,87.2576587172
3402.9962217888,87.3064225543
3403.7102369424,87.2799322547
3404.4242520959,87.3407988890
3405.1382672494,87.4059971545
3405.8522824030,87.3738272539
3406.5662975565,87.5034959213
3407.2803127101,87.6150026893
3407.9943278636,87.5951757019
3408.7083430172,87.6169650911
3409.4223581707,87.6522044733
3410.1363733243,87.8587175802
3410.8503884778,88.0558640993
3411.5644036313,87.8995938639
3412.2784187849,87.9092879381
3412.9924339384,88.1539043962
3413.7064490920,88.0705535177
3414.4204642455,88.0479394798
3415.1344793991,88.2904230889
3415.8484945526,88.2968299043
3416.5625097061,88.3240133807
3417.2765248597,88.5206445652
3417.9905400132,88.4610961879
3418.7045551668,88.4402344157
3419.4185703203,88.5913142299
3420.1325854739,88.5133793910
3420.8466006274,88.5407363768
3421.5606157809,88.8404302156
3422.2746309345,88.9544094128
3422.9886460880,88.9279110666
3423.7026612416,88.9710948799
3424.4166763951,89.1397371548
3425.1306915487,89.3267661386
3425.8447067022,89.2858628583
3426.5587218558,89.3218137902
3427.2727370093,89.5288100256
3427.9867521628,89.5344302738
3428.7007673164,89.5688750189
3429.4147824699,89.6084078995
3430.1287976235,89.5324712236
3430.8428127770,89.7840517183
3431.5568279306,89.9174854923
3432.2708430841,89.6866340879
3432.9848582376,89.7931334093
3433.6988733912,89.9256224186
3434.4128885447,89.8370681817
3435.1269036983,89.9731860631
3435.8409188518,90.0823564726
3436.5549340054,90.0918954210
3437.2689491589,90.0544416492
3437.9829643125,89.9644896366
3438.6969794660,90.2690497400
3439.4109946195,90.4489281033
3440.1250097731,90.2382368859
3440.8390249266,90.4757998256
3441.5530400802,90.5973435335
3442.2670552337,90.2723617004
3442.9810703873,90.4724212953
3443.6950855408,90.7082195835
3444.4091006943,90.5751236823
3445.1231158479,90.6264627502
3445.8371310014,90.6382762433
3446.5511461550,90.6997365034
3447.2651613085,91.0024564089
3447.9791764621,90.9691877289
3448.6931916156,90.8711554006
3449.4072067691,90.9736325196
3450.1212219227,90.9865119244
3450.8352370762,90.9972216818
3451.5492522298,91.0220618562
3452.2632673833,91.0425853954
3452.9772825369,91.1803149694
3453.6912976904,91.2904303362
3454.4053128440,91.3308812242
3455.1193279975,91.3135994495
3455.8333431510,91.3101465541
3456.5473583046,91.4842311976
3457.2613734581,91.5231171756
3457.9753886117,91.4198911275
3458.6894037652,91.5793267777
3459.4034189188,91.7168364227
3460.1174340723,91.6769664732
3460.8314492258,91.7390336992
3461.5454643794,91.7678942871
3462.2594795329,91.7821126940
3462.9734946865,91.9261903555
3463.6875098400,91.9253006812
3464.4015249936,91.7919605624
3465.1155401471,91.8306919275
3465.8295553007,92.0289426288
3466.5435704542,92.1493809819
3467.2575856077,92.0849095702
3467.9716007613,92.0257111109
3468.6856159148,92.1290298611
3469.3996310684,92.2748322835
3470.1136462219,92.3200557849
3470.8276613755,92.3157277047
3471.5416765290,92.4266419886
3472.2556916825,92.6134944896
3472.9697068361,92.6124175051
3473.6837219896,92.4884084411
3474.3977371432,92.5148346957
3475.1117522967,92.6057868832
3475.8257674503,92.6474848607
3476.5397826038,92.7445576926
3477.2537977573,92.8256447791
3477.9678129109,92.7587836968
3478.6818280644,92.6582136340
3479.3958432180,92.6743685122
3480.1098583715,92.7779344481
3480.8238735251,92.8869662896
3481.5378886786,92.9999349902
3482.2519038322,93.0689699250
3482.9659189857,93.0521709140
3483.6799341392,93.1526815922
3484.3939492928,93.2859834851
3485.1079644463,93.1712733417
3485.8219795999,93.2306384128
3486.5359947534,93.5525303629
3487.2500099070,93.4180957240
3487.9640250605,93.2423704347
3488.6780402140,93.6484723020
3489.3920553676,93.7356629419
3490.1060705211,93.4088455113
3490.8200856747,93.4484641101
3491.5341008282,93.6195685925
3492.2481159818,93.6906353387
3492.9621311353,93.8345204487
3493.6761462889,93.8016679500
3494.3901614424,93.7093549347
3495.1041765959,93.8069732745
3495.8181917495,93.8334388738
3496.5322069030,93.7530127685
3497.2462220566,93.7372433375
3497.9602372101,93.7928737836
3498.6742523637,93.8965830041
3499.3882675172,93.9520934147
3500.1022826707,93.9444472689
3500.8162978243,93.9185789148
3501.5303129778,93.9140766685
3502.2443281314,94.0755885009
3502.9583432849,94.2946746592
3503.6723584385,94.3152755357
3504.3863735920,94.2749001815
3505.1003887456,94.3084853168
3505.8144038991,94.2709382361
3506.5284190526,94.1607358232
3507.2424342062,94.2083150980
3507.9564493597,94.3544800717
3508.6704645133,94.3441441134
3509.3844796668,94.3499704186
3510.0984948204,94.4646276302
3510.8125099739,94.4471348625
3511.5265251274,94.4100712762
3512.2405402810,94.3871349486
3512.9545554345,94.3756853725
3513.6685705881,94.5719526921
3514.3825857416,94.6906804012
3515.0966008952,94.6224512118
3515.8106160487,94.6993413613
3516.5246312022,94.7708707818
3517.2386463558,94.7558602327
3517.9526615093,94.7370115670
3518.6666766629,94.6425134192
3519.3806918164,94.7711365436
3520.0947069700,94.9813361892
3520.8087221235,94.8281071036
3521.5227372771,94.7356583827
3522.2367524306,94.9167219515
3522.9507675841,94.9885212161
3523.6647827377,94.9218768731
3524.3787978912,94.8995438468
3525.0928130448,94.9783339790
3525.8068281983,95.0394335687
3526.5208433519,95.0960638799
3527.2348585054,95.2987192795
3527.9488736589,95.2335909539
3528.6628888125,95.0645043524
3529.3769039660,95.2955560374
3530.0909191196,95.2712623232
3530.8049342731,95.0719972782
3531.5189494267,95.4121163989
3532.2329645802,95.5877820934
3532.9469797338,95.3724782746
3533.6609948873,95.4190814893
3534.3750100408,95.4990805625
3535.0890251944,95.3648671515
3535.8030403479,95.2589127801
3536.5170555015,95.3120021238
3537.2310706550,95.4478532167
3537.9450858086,95.3901119901
3538.6591009621,95.3442012106
3539.3731161156,95.4958538911
3540.0871312692,95.4400062646
3540.8011464227,95.3942073993
3541.5151615763,95.4819196983
3542.2291767298,95.5026074163
3542.9431918834,95.5982994361
3543.6572070369,95.7212983781
3544.3712221904,95.6381455016
3545.0852373440,95.6385150828
3545.7992524975,95.8153586767
3546.5132676511,95.8042488003
3547.2272828046,95.7435945261
3547.9412979582,95.7966430584
3548.6553131117,95.7320835760
3549.3693282653,95.7080238793
3550.0833434188,95.9018472032
3550.7973585723,95.9652592146
3551.5113737259,95.8616370141
3552.2253888794,95.9248793397
3552.9394040330,95.9767258571
3553.6534191865,95.9817193835
3554.3674343401,96.0833930933
3555.0814494936,96.0630856092
3555.7954646471,96.0396446973
3556.5094798007,96.1744892448
3557.2234949542,96.2126842344
3557.9375101078,96.2417855716
3558.6515252613,96.2596462519
3559.3655404149,96.1041074946
3560.0795555684,96.0652873679
3560.7935707220,96.1292859795
3561.5075858755,96.1376959233
3562.2216010290,96.2538518666
3562.9356161826,96.2959000005
3563.6496313361,96.3126018294
3564.3636464897,96.4265472255
3565.0776616432,96.2726226566
3565.7916767968,96.1854985711
3566.5056919503,96.5599478213
3567.2197071038,96.4781204816
3567.9337222574,96.3475050418
3568.6477374109,96.6489766588
3569.3617525645,96.5676968219
3570.0757677180,96.4530858331
3570.7897828716,96.5528021838
3571.5037980251,96.5331830387
3572.2178131786,96.5957916770
3572.9318283322,96.7199497596
3573.6458434857,96.5316358365
3574.3598586393,96.5283336660
3575.0738737928,96.8201948127
3575.7878889464,96.7689906214
3576.5019040999,96.5637586200
3577.2159192535,96.6388714056
3577.9299344070,96.7287455549
3578.6439495605,96.7185276016
3579.3579647141,96.7360410086
3580.0719798676,96.7657858890
3580.7859950212,96.8115560848
3581.5000101747,96.7786086928
3582.2140253283,96.7680346024
3582.9280404818,96.8712765399
3583.6420556353,96.8621103523
3584.3560707889,96.9044333707
3585.0700859424,96.9755179277
3585.7841010960,96.7455047630
3586.4981162495,96.8121778556
3587.2121314031,97.2084591781
3587.9261465566,96.8867763261
3588.6401617102,96.8842863329
3589.3541768637,97.2922292890
3590.0681920172,96.9436495230
3590.7822071708,96.8666648747
3591.4962223243,97.1893154095
3592.2102374779,97.0670595426
3592.9242526314,97.1597781229
3593.6382677850,97.3636866937
3594.3522829385,97.0683151030
3595.0662980920,97.0637142919
3595.7803132456,97.2461663977
3596.4943283991,97.1940944471
3597.2083435527,97.2768495537
3597.9223587062,97.2755797035
3598.6363738598,97.3168682546
3599.3503890133,97.4323997438
3600.0644041668,97.2320653073
3600.7784193204,97.2458851453
3601.4924344739,97.4600409105
3602.2064496275,97.2952595977
3602.9204647810,97.3639435248
3603.6344799346,97.5233790802
3604.3484950881,97.3553792504
3605.0625102417,97.4536155646
3605.7765253952,97.5711536670
3606.4905405487,97.3404001282
3607.2045557023,97.3566229833
3607.9185708558,97.4638375949
3608.6325860094,97.2420552988
3609.3466011629,97.3248629835
3610.0606163165,97.6971947127
3610.7746314700,97.5726690156
3611.4886466235,97.2281046946
3612.2026617771,97.4169477327
3612.9166769306,97.9879303581
3613.6306920842,97.8921498724
3614.3447072377,97.4521085443
3615.0587223913,97.4688358669
3615.7727375448,97.7875466329
3616.4867526984,97.5432752953
3617.2007678519,97.3494538357
3617.9147830054,97.9208260394
3618.6287981590,97.8199262321
3619.3428133125,97.4286746735
3620.0568284661,97.7945437570
3620.7708436196,97.6280394373
3621.4848587732,97.5029191369
3622.1988739267,97.9260848879
3622.9128890802,97.8146948808
3623.6269042338,97.5952180826
3624.3409193873,97.6376680448
3625.0549345409,97.5057737676
3625.7689496944,97.7458133750
3626.4829648480,97.8103666872
3627.1969800015,97.2821473146
3627.9109951551,97.1839668886
3628.6250103086,97.1398832612
3629.3390254621,97.2306986323
3630.0530406157,98.2859834389
3630.7670557692,98.0592582011
3631.4810709228,97.5766125029
3632.1950860763,97.7264541695
3632.9091012299,97.6994247862
3633.6231163834,97.8341382493
3634.3371315369,98.3367302632
3635.0511466905,98.0578662267
3635.7651618440,97.7692512963
3636.4791769976,97.8269607580
3637.1931921511,97.8077707583
3637.9072073047,97.9793991370
3638.6212224582,98.1312726795
3639.3352376117,97.9486138279
3640.0492527653,97.9058795022
3640.7632679188,98.0136683230
3641.4772830724,97.8691039434
3642.1912982259,97.7581746059
3642.9053133795,98.0427525611
3643.6193285330,97.9188189168
3644.3333436866,97.5097757229
3645.0473588401,97.8283882324
3645.7613739936,97.8944329389
3646.4753891472,97.3574092118
3647.1894043007,98.2347438285
3647.9034194543,98.4473524371
3648.6174346078,97.3498673397
3649.3314497614,97.6679935109
3650.0454649149,98.1841765175
3650.7594800684,97.6537059273
3651.4734952220,98.4289576187
3652.1875103755,98.5403442728
3652.9015255291,98.0042913756
3653.6155406826,98.0901625836
3654.3295558362,98.2378478125
3655.0435709897,98.0266362464
3655.7575861433,97.8904152243
3656.4716012968,98.2605063918
3657.1856164503,98.4595904994
3657.8996316039,98.0902557075
3658.6136467574,97.9801895415
3659.3276619110,98.1443990871
3660.0416770645,98.1236066420
3660.7556922181,98.1299822015
3661.4697073716,98.1708352810
3662.1837225251,98.1263925976
3662.8977376787,98.1489690071
3663.6117528322,97.9696767937
3664.3257679858,97.8806217195
3665.0397831393,98.0999347918
3665.7537982929,98.0101816714
3666.4678134464,98.0642832182
3667.1818285999,98.1899603127
3667.8958437535,97.8519238899
3668.6098589070,98.0030203034
3669.3238740606,98.2710506292
3670.0378892141,97.6365350377
3670.7519043677,97.7452486174
3671.4659195212,98.2920483730
3672.1799346748,97.9893784923
3672.8939498283,98.0951015896
3673.6079649818,98.1009519875
3674.3219801354,97.6785927042
3675.0359952889,97.9640742737
3675.7500104425,98.4842075418
3676.4640255960,98.2741130241
3677.1780407496,98.2762324160
3677.8920559031,98.1595449100
3678.6060710566,98.0455290858
3679.3200862102,98.1611997240
3680.0341013637,98.3345896636
3680.7481165173,98.2894757218
3681.4621316708,98.0948753054
3682.1761468244,98.1005354980
3682.8901619779,98.0351324597
3683.6041771315,97.8032850081
3684.3181922850,97.9883647095
3685.0322074385,98.0972826131
3685.7462225921,97.8565635644
3686.4602377456,98.0140072884
3687.1742528992,98.1444417082
3687.8882680527,97.7612526208
3688.6022832063,97.9389765170
3689.3162983598,98.2934288736
3690.0303135133,98.0247520424
3690.7443286669,97.7362748026
3691.4583438204,98.0217836664
3692.1723589740,98.2932861010
3692.8863741275,98.1936436547
3693.6003892811,98.0851419307
3694.3144044346,98.1376465158
3695.0284195881,98.0738305351
3695.7424347417,98.0183800289
3696.4564498952,98.0205163823
3697.1704650488,97.9923552415
3697.8844802023,98.0801192121
3698.5984953559,98.0707729100
3699.3125105094,97.9942942081
3700.0265256630,98.1341197075
3700.7405408165,98.0938979405
3701.4545559700,97.9358067194
3702.1685711236,98.2154623134
3702.8825862771,98.2537268905
3703.5966014307,98.0582666644
3704.3106165842,97.9667934774
3705.0246317378,97.9936564592
3705.7386468913,98.0356882221
3706.4526620448,97.9637721862
3707.1666771984,97.9199696147
3707.8806923519,97.9944975445
3708.5947075055,97.9479348156
3709.3087226590,98.0316384071
3710.0227378126,98.2707482615
3710.7367529661,98.0300648737
3711.4507681197,97.6786337969
3712.1647832732,97.9913920427
3712.8787984267,98.5714467859
3713.5928135803,98.2735864139
3714.3068287338,97.8834160420
3715.0208438874,97.9677344392
3715.7348590409,98.1762809497
3716.4488741945,98.0734657506
3717.1628893480,98.0244117126
3717.8769045015,98.0609304567
3718.5909196551,98.0645855876
3719.3049348086,98.0361749649
3720.0189499622,97.9318195525
3720.7329651157,97.9479778312
3721.4469802693,97.9093893662
3722.1609954228,97.8233982410
3722.8750105763,98.2012874254
3723.5890257299,98.1884105905
3724.3030408834,97.9664221263
3725.0170560370,98.2297805674
3725.7310711905,98.1934501583
3726.4450863441,97.8546059218
3727.1591014976,98.1002161892
3727.8731166512,98.2267886347
3728.5871318047,98.1563410322
3729.3011469582,98.0522861785
3730.0151621118,97.9428491998
3730.7291772653,98.0264884139
3731.4431924189,97.8401300133
3732.1572075724,97.7289897660
3732.8712227260,98.3608344794
3733.5852378795,97.9910267021
3734.2992530330,97.5583464836
3735.0132681866,98.4655045915
3735.7272833401,98.3577907793
3736.4412984937,98.1635359798
3737.1553136472,98.5928443120
3737.8693288008,98.1702656426
3738.5833439543,98.0757532695
3739.2973591079,98.1788571431
3740.0113742614,97.8893297754
3740.7253894149,98.0277588613
3741.4394045685,98.1734156564
3742.1534197220,97.9317655707
3742.8674348756,98.0653251596
3743.5814500291,97.7622529919
3744.2954651827,95.3222431224
3745.0094803362,98.2969271595
3745.7234954897,98.3574303472
3746.4375106433,97.8197584895
3747.1515257968,97.7668210809
3747.8655409504,97.9430068081
3748.5795561039,97.8219144794
3749.2935712575,97.5679041892
3750.0075864110,98.2798633500
3750.7216015645,98.2429411243
3751.4356167181,97.6058118409
3752.1496318716,97.2524095315
3752.8636470252,98.0903249280
3753.5776621787,97.9292505567
3754.2916773323,97.9126615255
3755.0056924858,97.9214252201
3755.7197076394,97.7490572978
3756.4337227929,97.8311812553
3757.1477379464,97.8639616217
3757.8617531000,97.7557213756
3758.5757682535,97.7755500763
3759.2897834071,97.6588960281
3760.0037985606,97.7238720514
3760.7178137142,97.8023118914
3761.4318288677,97.6798282624
3762.1458440212,97.8848067542
3762.8598591748,97.9761106218
3763.5738743283,97.7805641112
3764.2878894819,97.8279523551
3765.0019046354,97.6269903976
3765.7159197890,97.6034232328
3766.4299349425,97.9936398162
3767.1439500961,97.6415984381
3767.8579652496,97.5460602464
3768.5719804031,97.8447136853
3769.2859955567,97.6444500292
3770.0000107102,97.9409688910
3770.7140258638,98.2832938658
3771.4280410173,97.8019124737
3772.1420561709,97.6449501348
3772.8560713244,97.7355524678
3773.5700864779,97.6336041649
3774.2841016315,97.7217702219
3774.9981167850,97.8509100662
3775.7121319386,97.8996601709
3776.4261470921,97.8824215683
3777.1401622457,97.8029042663
3777.8541773992,97.8390136096
3778.5681925528,97.7547345808
3779.2822077063,97.6184387863
3779.9962228598,97.9225904300
3780.7102380134,97.9612904071
3781.4242531669,97.8393715000
3782.1382683205,97.8973966874
3782.8522834740,97.8202476965
3783.5662986276,97.6814675946
3784.2803137811,97.7989908716
3784.9943289346,97.9184644321
3785.7083440882,97.8917820399
3786.4223592417,97.8065067767
3787.1363743953,97.8275149136
3787.8503895488,97.9658572808
3788.5644047024,97.9177602614
3789.2784198559,97.8457657959
3789.9924350094,97.9805124690
3790.7064501630,97.9376100171
3791.4204653165,97.7620929397
3792.1344804701,97.8059791923
3792.8484956236,97.8972454356
3793.5625107772,97.8259564218
3794.2765259307,97.8088315560
3794.9905410843,97.8595112304
3795.7045562378,97.7519692381
3796.4185713913,97.7181868742
3797.1325865449,97.9815367296
3797.8466016984,97.9518367199
3798.5606168520,97.8091487611
3799.2746320055,97.8521728799
3799.9886471591,97.8421210779
3800.7026623126,97.8195182439
3801.4166774661,98.0063969525
3802.1306926197,98.0096139269
3802.8447077732,98.0018377389
3803.5587229268,97.9263606587
3804.2727380803,97.7671369070
3804.9867532339,97.8916427352
3805.7007683874,97.9923455493
3806.4147835410,97.8841690802
3807.1287986945,98.2432832910
3807.8428138480,98.3102427031
3808.5568290016,97.9265260099
3809.2708441551,97.8075596589
3809.9848593087,97.8273777006
3810.6988744622,97.6803049489
3811.4128896158,97.8194484060
3812.1269047693,98.2077727410
3812.8409199228,98.0415494182
3813.5549350764,97.8912297935
3814.2689502299,98.1117161394
3814.9829653835,97.7733677917
3815.6969805370,97.0380766264
3816.4109956906,98.0174500046
3817.1250108441,98.1425046000
3817.8390259976,97.8520626963
3818.5530411512,98.0952265838
3819.2670563047,98.0000013714
3819.9810714583,97.7142830747
3820.6950866118,98.1280681427
3821.4091017654,98.3396355326
3822.1231169189,98.2353422343
3822.8371320725,98.1453851045
3823.5511472260,97.7781668195
3824.2651623795,97.7772830211
3824.9791775331,98.0142962442
3825.6931926866,97.9195802193
3826.4072078402,97.9959978540
3827.1212229937,98.1616923242
3827.8352381473,98.0872331563
3828.5492533008,98.0792840236
3829.2632684543,97.9455207175
3829.9772836079,97.8102466157
3830.6912987614,97.8593730536
3831.4053139150,97.9200852617
3832.1193290685,98.0721398676
3832.8333442221,97.9784309561
3833.5473593756,97.8108105704
3834.2613745292,97.8170947629
3834.9753896827,97.8463124421
3835.6894048362,97.9678040524
3836.4034199898,97.7773887777
3837.1174351433,97.3481452371
3837.8314502969,98.1072760491
3838.5454654504,98.6880326931
3839.2594806040,97.9949347395
3839.9734957575,97.8243608126
3840.6875109110,97.9861476025
3841.4015260646,98.0632038178
3842.1155412181,98.2744427182
3842.8295563717,98.0041335676
3843.5435715252,97.8659723483
3844.2575866788,98.4954487824
3844.9716018323,98.2230373679
3845.6856169858,97.8425161920
3846.3996321394,97.8057074202
3847.1136472929,97.6019586987
3847.8276624465,97.8562578295
3848.5416776000,97.9961245749
3849.2556927536,97.5315188388
3849.9697079071,97.9254972858
3850.6837230607,98.0263844507
3851.3977382142,96.8634147718
3852.1117533677,97.1338320260
3852.8257685213,98.1404441152
3853.5397836748,96.8209623258
3854.2537988284,97.0957352293
3854.9678139819,98.8622455322
3855.6818291355,97.9742887739
3856.3958442890,97.7484292781
3857.1098594425,98.1243216328
3857.8238745961,98.0326207006
3858.5378897496,98.0368270061
3859.2519049032,98.0306072144
3859.9659200567,97.7824289259
3860.6799352103,97.7930239522
3861.3939503638,97.7284695177
3862.1079655174,97.4581214676
3862.8219806709,97.7130823306
3863.5359958244,97.8670183610
3864.2500109780,97.4903768388
3864.9640261315,97.4574081143
3865.6780412851,98.0075285738
3866.3920564386,97.8777303922
3867.1060715922,97.6450084423
3867.8200867457,97.7585381780
3868.5341018992,97.7375137839
3869.2481170528,97.4553510749
3869.9621322063,97.8416890073
3870.6761473599,98.1017340116
3871.3901625134,97.8617667291
3872.1041776670,97.8199684828
3872.8181928205,97.6413499974
3873.5322079740,97.4304002660
3874.2462231276,97.9076116982
3874.9602382811,98.0267253975
3875.6742534347,97.7172313342
3876.3882685882,97.7362092710
3877.1022837418,97.6275313828
3877.8162988953,97.4814954146
3878.5303140489,97.7015055587
3879.2443292024,97.7331653755
3879.9583443559,97.5800493644
3880.6723595095,97.7824716985
3881.3863746630,97.8408892685
3882.1003898166,97.7835220905
3882.8144049701,97.6347070207
3883.5284201237,97.5825896361
3884.2424352772,97.8075998656
3884.9564504307,97.6057035879
3885.6704655843,97.1589942216
3886.3844807378,97.8658262740
3887.0984958914,97.8325771208
3887.8125110449,97.4620766291
3888.5265261985,97.4473703721
3889.2405413520,97.6009262928
3889.9545565056,97.7151197964
3890.6685716591,97.7170003853
3891.3825868126,97.8250418235
3892.0966019662,98.1043569148
3892.8106171197,97.8202912808
3893.5246322733,97.5177092167
3894.2386474268,97.6151924654
3894.9526625804,97.6880574073
3895.6666777339,97.8063813192
3896.3806928874,97.6860184824
3897.0947080410,97.4391520707
3897.8087231945,97.7779108517
3898.5227383481,97.5478281594
3899.2367535016,96.7935137927
3899.9507686552,97.8378653680
3900.6647838087,97.7262431905
3901.3787989623,96.7184840991
3902.0928141158,97.7354239731
3902.8068292693,98.0292257434
3903.5208444229,97.2269578752
3904.2348595764,97.7072792605
3904.9488747300,97.9442701355
3905.6628898835,97.4853420581
3906.3769050371,97.7964961421
3907.0909201906,97.7626943153
3907.8049353441,97.5514491743
3908.5189504977,97.7763477148
3909.2329656512,97.7161638544
3909.9469808048,97.5328706958
3910.6609959583,97.6299355344
3911.3750111119,97.6143202523
3912.0890262654,97.5372823060
3912.8030414189,97.5708266759
3913.5170565725,97.5759590297
3914.2310717260,97.5412209915
3914.9450868796,97.4796231688
3915.6591020331,97.4702669953
3916.3731171867,97.5045307830
3917.0871323402,97.5143215179
3917.8011474938,97.6579598192
3918.5151626473,97.6791485406
3919.2291778008,97.4352596008
3919.9431929544,97.3253079340
3920.6572081079,97.6137142572
3921.3712232615,97.6566524704
3922.0852384150,97.5265968678
3922.7992535686,97.6389930920
3923.5132687221,97.7081774372
3924.2272838756,97.4927104190
3924.9412990292,97.4093414825
3925.6553141827,97.5137065174
3926.3693293363,97.5142117171
3927.0833444898,97.4871637870
3927.7973596434,97.5122490651
3928.5113747969,97.5880792875
3929.2253899505,97.6060938012
3929.9394051040,97.5173399110
3930.6534202575,97.4917826334
3931.3674354111,97.4602545686
3932.0814505646,97.3997050400
3932.7954657182,97.5588373164
3933.5094808717,97.6173988999
3934.2234960253,97.5387045896
3934.9375111788,97.5549398171
3935.6515263323,97.5158749187
3936.3655414859,97.4481596593
3937.0795566394,97.5315072340
3937.7935717930,97.4919884199
3938.5075869465,97.5757293353
3939.2216021001,97.6041069626
3939.9356172536,97.3705007248
3940.6496324071,97.4670081027
3941.3636475607,97.6004220174
3942.0776627142,97.4287555462
3942.7916778678,97.4973389242
3943.5056930213,97.5484071439
3944.2197081749,97.4132315619
3944.9337233284,97.4339077517
3945.6477384820,97.4182834741
3946.3617536355,97.4214629881
3947.0757687890,97.4866391130
3947.7897839426,97.4568678081
3948.5037990961,97.5012777598
3949.2178142497,97.4425513033
3949.9318294032,97.3518683109
3950.6458445568,97.5094584016
3951.3598597103,97.4931537527
3952.0738748638,97.4582041600
3952.7878900174,97.5475559002
3953.5019051709,97.4053009645
3954.2159203245,97.4208497741
3954.9299354780,97.5854047421
3955.6439506316,97.4211175207
3956.3579657851,97.3154572411
3957.0719809387,97.3950452234
3957.7859960922,97.4696242650
3958.5000112457,97.5569098804
3959.2140263993,97.4122940146
3959.9280415528,97.3534514853
3960.6420567064,97.5776734429
3961.3560718599,97.4774426018
3962.0700870135,97.3228166857
3962.7841021670,97.5481130843
3963.4981173205,97.6384678996
3964.2121324741,97.5232080755
3964.9261476276,97.4315331863
3965.6401627812,97.4446708036
3966.3541779347,97.5405409942
3967.0681930883,97.4874966493
3967.7822082418,97.4279121370
3968.4962233953,97.5006775278
3969.2102385489,97.4575773318
3969.9242537024,97.4316941247
3970.6382688560,97.4510802728
3971.3522840095,97.3308864248
3972.0662991631,97.3275903005
3972.7803143166,97.4575523459
3973.4943294702,97.5179483200
3974.2083446237,97.5680088100
3974.9223597772,97.5071725877
3975.6363749308,97.4319480150
3976.3503900843,97.5338407094
3977.0644052379,97.5311240755
3977.7784203914,97.4246314081
3978.4924355450,97.4657339635
3979.2064506985,97.4894217929
3979.9204658520,97.4503743926
3980.6344810056,97.5056990115
3981.3484961591,97.5187342982
3982.0625113127,97.4517371007
3982.7765264662,97.4523156232
3983.4905416198,97.4364331006
3984.2045567733,97.3925572292
3984.9185719269,97.4429687647
3985.6325870804,97.4779145526
3986.3466022339,97.4597543784
3987.0606173875,97.4463938016
3987.7746325410,97.3854445780
3988.4886476946,97.4165839697
3989.2026628481,97.4706793846
3989.9166780017,97.3402664707
3990.6306931552,97.4260298816
3991.3447083087,97.6445565212
3992.0587234623,97.4051740146
3992.7727386158,97.2275076883
3993.4867537694,97.4593514459
3994.2007689229,97.4209663194
3994.9147840765,97.2303698123
3995.6287992300,97.3471171559
3996.3428143835,97.4105657239
3997.0568295371,97.3334595674
3997.7708446906,97.3410642782
3998.4848598442,97.3555175295
3999.1988749977,97.4121533491
3999.9128901513,97.5576304449