399.8484859844,70.1921096517
400.5625011380,73.5521258298
401.2765162915,55.7638948951
401.9905314450,65.8727573598
402.7045465986,79.7433090220
403.4185617521,76.9049270286
404.1325769057,85.4444647763
404.8465920592,74.7987097923
405.5606072128,64.2389093351
406.2746223663,72.9513661634
406.9886375199,73.2432393425
407.7026526734,82.7691148772
408.4166678269,82.0054395851
409.1306829805,70.7164226782
409.8446981340,80.5268167160
410.5587132876,78.6183815480
411.2727284411,66.2203752214
411.9867435947,74.5005944116
412.7007587482,76.9428426616
413.4147739017,73.0546206243
414.1287890553,75.8140511010
414.8428042088,74.5499134964
415.5568193624,76.4584763211
416.2708345159,74.8903231695
416.9848496695,72.7895813397
417.6988648230,77.0271828775
418.4128799766,69.4077355873
419.1268951301,72.6517320093
419.8409102836,81.6806108965
420.5549254372,68.5111416804
421.2689405907,69.2672256402
421.9829557443,75.6813309929
422.6969708978,71.3134690510
423.4109860514,69.7542906873
424.1250012049,72.2430862756
424.8390163584,72.0389586860
425.5530315120,69.4246860631
426.2670466655,66.6686863269
426.9810618191,68.3588629260
427.6950769726,70.2463047760
428.4090921262,67.7558030790
429.1231072797,67.3539425155
429.8371224332,68.2698779898
430.5511375868,70.7727082676
431.2651527403,71.7243149644
431.9791678939,68.1953845275
432.6931830474,68.3926017435
433.4071982010,66.9340922922
434.1212133545,63.7959774282
434.8352285081,68.3661410744
435.5492436616,70.0775605158
436.2632588151,67.1157318137
436.9772739687,69.0724904161
437.6912891222,68.5578659882
438.4053042758,68.2133038232
439.1193194293,69.6930545331
439.8333345829,68.3317106594
440.5473497364,67.9820255158
441.2613648899,67.3850912300
441.9753800435,68.0372872801
442.6893951970,70.9504950080
443.4034103506,69.1960635264
444.1174255041,68.9877781255
444.8314406577,69.4139777042
445.5454558112,65.8676470111
446.2594709648,67.6984346282
446.9734861183,70.4036562874
447.6875012718,67.8947719397
448.4015164254,69.6900706418
449.1155315789,70.8912625214
449.8295467325,71.3586197330
450.5435618860,73.4135879774
451.2575770396,70.5161144544
451.9715921931,70.8777915325
452.6856073466,73.6892162975
453.3996225002,69.6675150537
454.1136376537,71.0043202558
454.8276528073,74.1552376750
455.5416679608,70.8946801421
456.2556831144,69.9494749390
456.9696982679,70.7227392317
457.6837134214,69.2597178719
458.3977285750,71.1293252186
459.1117437285,72.0323673616
459.8257588821,71.6774985698
460.5397740356,70.4174900562
461.2537891892,70.1796563768
461.9678043427,71.5705375174
462.6818194963,70.4821225787
463.3958346498,70.6588559950
464.1098498033,72.6279446236
464.8238649569,71.0079837324
465.5378801104,70.0258807268
466.2518952640,71.3115094533
466.9659104175,72.1876679657
467.6799255711,72.9490365015
468.3939407246,71.5536033184
469.1079558781,71.2742607529
469.8219710317,71.5116665709
470.5359861852,69.8053036844
471.2500013388,70.8400834229
471.9640164923,70.9189766849
472.6780316459,68.5374391810
473.3920467994,71.3589845731
474.1060619530,71.5140502548
474.8200771065,70.1437742439
475.5340922600,71.8265923088
476.2481074136,70.9883460142
476.9621225671,70.5452455863
477.6761377207,71.3627779918
478.3901528742,69.0847496681
479.1041680278,69.1030680514
479.8181831813,69.9358008920
480.5321983348,69.2900215085
481.2462134884,70.7376099194
481.9602286419,69.4934257524
482.6742437955,68.1834348947
483.3882589490,69.9767898673
484.1022741026,68.0663276277
484.8162892561,66.7117396158
485.5303044097,68.9387808287
486.2443195632,69.6892102964
486.9583347167,69.7931032520
487.6723498703,69.2006432206
488.3863650238,68.4677767520
489.1003801774,69.4028062373
489.8143953309,68.2992852145
490.5284104845,67.4789546585
491.2424256380,68.7247492991
491.9564407915,68.0116681976
492.6704559451,68.0537836259
493.3844710986,68.9870834115
494.0984862522,68.2305175400
494.8125014057,68.0846516276
495.5265165593,67.7799729861
496.2405317128,67.1088187748
496.9545468663,67.8338001728
497.6685620199,68.1094278746
498.3825771734,68.3538805552
499.0965923270,68.6909392915
499.8106074805,67.7329712082
500.5246226341,67.2491871875
501.2386377876,67.5540862488
501.9526529412,67.2860296735
502.6666680947,66.7740686077
503.3806832482,66.8198941332
504.0946984018,67.2654760644
504.8087135553,67.1015288230
505.5227287089,66.7267063825
506.2367438624,66.6937408401
506.9507590160,66.0267509583
507.6647741695,66.4490511501
508.3787893230,67.0796782771
509.0928044766,66.1489110408
509.8068196301,66.0939044332
510.5208347837,66.0268348886
511.2348499372,65.6041690617
511.9488650908,67.2679057556
512.6628802443,67.2666961103
513.3768953979,65.3885618883
514.0909105514,65.4861424158
514.8049257049,65.5473089967
515.5189408585,65.0982069450
516.2329560120,64.8395797991
516.9469711656,64.1152414635
517.6609863191,64.9204654247
518.3750014727,65.5407943549
519.0890166262,65.5304399872
519.8030317797,66.4562767074
520.5170469333,65.6993986282
521.2310620868,65.1752757366
521.9450772404,66.0570541687
522.6590923939,65.4672622034
523.3731075475,65.5605842501
524.0871227010,66.7127720205
524.8011378545,66.6912229463
525.5151530081,67.2789192649
526.2291681616,66.7640124304
526.9431833152,65.6491723034
527.6571984687,66.5789255661
528.3712136223,66.8314173495
529.0852287758,66.1268914513
529.7992439294,65.9707790736
530.5132590829,65.8201280566
531.2272742364,66.7918953880
531.9412893900,67.4832576893
532.6553045435,66.9676026108
533.3693196971,67.0389742316
534.0833348506,66.3281871994
534.7973500042,65.7385703389
535.5113651577,66.7108672467
536.2253803112,66.9082576178
536.9393954648,66.4719553422
537.6534106183,66.0426965548
538.3674257719,65.5886501769
539.0814409254,66.0828514600
539.7954560790,65.9025252728
540.5094712325,65.3282653100
541.2234863861,65.3916212020
541.9375015396,64.4424072862
542.6515166931,64.1641849463
543.3655318467,64.6615629158
544.0795470002,63.9297922067
544.7935621538,64.1805612665
545.5075773073,64.6514849604
546.2215924609,63.5049714040
546.9356076144,63.1179591123
547.6496227679,63.1210248931
548.3636379215,62.9836495326
549.0776530750,63.2967713886
549.7916682286,62.8532908970
550.5056833821,62.4919988945
551.2196985357,62.5281562725
551.9337136892,61.9368677372
552.6477288427,61.9953417902
553.3617439963,62.3767331504
554.0757591498,62.0413735890
554.7897743034,61.4414406567
555.5037894569,60.7517650258
556.2178046105,60.7785799051
556.9318197640,61.2110535002
557.6458349176,61.0690584099
558.3598500711,61.2091003661
559.0738652246,61.3089253380
559.7878803782,61.4020080919
560.5018955317,62.4023179315
561.2159106853,63.1077973286
561.9299258388,63.4321508116
562.6439409924,64.2570147453
563.3579561459,64.8975758267
564.0719712994,65.3210445605
564.7859864530,65.6364039773
565.5000016065,65.9143070115
566.2140167601,66.2698817892
566.9280319136,66.2922642678
567.6420470672,66.7737600164
568.3560622207,67.3076823109
569.0700773743,66.8879828630
569.7840925278,66.8323321781
570.4981076813,66.9824293841
571.2121228349,66.9627839506
571.9261379884,67.5000187334
572.6401531420,67.2183192759
573.3541682955,66.9697560726
574.0681834491,67.8132067769
574.7821986026,67.7000850852
575.4962137561,67.5234752401
576.2102289097,67.8871906837
576.9242440632,67.3231365319
577.6382592168,67.5266613429
578.3522743703,67.9418840131
579.0662895239,67.4095257630
579.7803046774,68.0278454894
580.4943198309,68.5034674893
581.2083349845,67.4984357467
581.9223501380,67.4944611638
582.6363652916,67.8251571612
583.3503804451,67.5100793755
584.0643955987,67.6070119274
584.7784107522,67.7533814946
585.4924259058,67.7113973188
586.2064410593,67.7746996271
586.9204562128,67.6475726843
587.6344713664,67.5446079410
588.3484865199,67.6950475616
589.0625016735,67.8136195789
589.7765168270,67.5303164946
590.4905319806,67.3338236847
591.2045471341,67.8339642258
591.9185622876,68.1260120896
592.6325774412,67.8578635894
593.3465925947,68.0386143608
594.0606077483,68.2788446705
594.7746229018,68.2049210614
595.4886380554,68.1772762965
596.2026532089,68.0396678587
596.9166683625,67.8561490418
597.6306835160,67.7763833482
598.3446986695,67.8136322652
599.0587138231,68.0441685380
599.7727289766,68.1700094983
600.4867441302,67.9945743596
601.2007592837,67.9099268498
601.9147744373,68.2456954221
602.6287895908,68.3665238842
603.3428047443,67.6724221752
604.0568198979,67.5448971411
604.7708350514,68.2953622841
605.4848502050,68.3048955847
606.1988653585,67.9096692221
606.9128805121,67.5807256589
607.6268956656,67.0754190943
608.3409108192,67.2963780246
609.0549259727,67.7895165245
609.7689411262,67.8809520806
610.4829562798,68.0690900365
611.1969714333,67.8592944762
611.9109865869,67.6412157739
612.6250017404,67.9553335085
613.3390168940,67.8563647453
614.0530320475,67.8383622154
614.7670472010,68.0790011978
615.4810623546,67.9021453340
616.1950775081,68.0383644392
616.9090926617,68.0893372492
617.6231078152,68.0431283511
618.3371229688,68.9433979155
619.0511381223,69.3465122238
619.7651532758,69.3273585573
620.4791684294,70.0725916874
621.1931835829,70.2694573806
621.9071987365,70.1555590508
622.6212138900,70.6885083958
623.3352290436,70.8389920125
624.0492441971,70.8477656426
624.7632593507,71.0741218977
625.4772745042,70.9720131391
626.1912896577,71.1319742529
626.9053048113,71.4712756314
627.6193199648,71.4842392926
628.3333351184,71.4164855393
629.0473502719,71.3606888775
629.7613654255,71.7251318722
630.4753805790,72.2467721265
631.1893957325,72.1830790300
631.9034108861,72.2923093316
632.6174260396,72.6648911028
633.3314411932,72.6084959176
634.0454563467,72.8272690438
634.7594715003,73.2405372313
635.4734866538,73.1808647131
636.1875018074,73.3792587673
636.9015169609,73.8086813126
637.6155321144,73.7341531402
638.3295472680,73.5473018136
639.0435624215,73.6199757285
639.7575775751,73.7155334577
640.4715927286,73.8270122629
641.1856078822,73.9990902070
641.8996230357,74.2195211787
642.6136381892,74.3533704525
643.3276533428,74.2675086504
644.0416684963,74.2450021497
644.7556836499,74.4151519639
645.4696988034,74.4822054437
646.1837139570,74.5233774917
646.8977291105,74.7208363812
647.6117442640,74.8153546122
648.3257594176,74.7772562243
649.0397745711,74.7380337432
649.7537897247,74.5469639222
650.4678048782,74.3939898004
651.1818200318,74.5376414767
651.8958351853,74.5728893425
652.6098503389,74.3008650451
653.3238654924,74.1482934685
654.0378806459,74.1207902593
654.7518957995,73.9113883264
655.4659109530,73.6172613349
656.1799261066,73.2581280352
656.8939412601,72.7064029354
657.6079564137,72.4075081024
658.3219715672,72.5375796048
659.0359867207,72.2807961196
659.7500018743,71.7319661074
660.4640170278,71.6524900113
661.1780321814,71.7117744821
661.8920473349,71.8017445424
662.6060624885,71.8358138424
663.3200776420,71.6941328271
664.0340927956,71.9636054601
664.7481079491,72.2132164686
665.4621231026,72.0657903506
666.1761382562,72.2059700696
666.8901534097,72.3640643046
667.6041685633,72.5474431370
668.3181837168,74.2410987451
669.0321988704,73.4689788916
669.7462140239,73.6037523663
670.4602291774,74.2288843552
671.1742443310,74.4391930223
671.8882594845,74.7154477231
672.6022746381,75.2002660398
673.3162897916,75.5489948905
674.0303049452,75.9707337094
674.7443200987,76.1587130652
675.4583352522,76.3061745077
676.1723504058,76.8300823665
676.8863655593,77.2901218718
677.6003807129,77.4181114127
678.3143958664,77.3707860382
679.0284110200,77.5828174493
679.7424261735,78.0374698995
680.4564413271,78.1665411030
681.1704564806,78.0931755810
681.8844716341,78.2101089947
682.5984867877,78.6493689837
683.3125019412,79.0352153914
684.0265170948,78.8379697235
684.7405322483,78.8562121607
685.4545474019,79.1404177355
686.1685625554,78.7447014708
686.8825777089,78.6583932411
687.5965928625,79.1065578453
688.3106080160,78.9508376347
689.0246231696,78.8658601738
689.7386383231,79.1321968689
690.4526534767,79.1099744946
691.1666686302,79.0202539348
691.8806837838,78.8167066904
692.5946989373,78.6784872568
693.3087140908,78.7674826682
694.0227292444,78.7359944661
694.7367443979,78.8697904469
695.4507595515,78.9638221530
696.1647747050,78.8265214927
696.8787898586,79.1002786361
697.5928050121,79.2208198912
698.3068201656,78.9220753201
699.0208353192,79.0039176843
699.7348504727,79.1385890625
700.4488656263,79.2051561352
701.1628807798,79.3766061815
701.8768959334,79.1976013618
702.5909110869,79.0813429555
703.3049262404,79.2965708267
704.0189413940,79.4095984245
704.7329565475,79.5638094717
705.4469717011,79.7000646339
706.1609868546,79.7090815375
706.8750020082,79.7719192867
707.5890171617,79.8014420636
708.3030323153,79.9067416904
709.0170474688,80.0215630930
709.7310626223,80.0759294456
710.4450777759,80.3196877375
711.1590929294,80.5298590973
711.8731080830,80.7924381077
712.5871232365,81.1672819277
713.3011383901,81.2143122417
714.0151535436,81.4885529304
714.7291686971,82.0023584181
715.4431838507,82.0348956507
716.1571990042,82.1992379335
716.8712141578,82.6078045922
717.5852293113,82.8096663024
718.2992444649,83.1719723820
719.0132596184,83.4339678884
719.7272747720,83.4806635540
720.4412899255,83.7554909838
721.1553050790,84.0737350541
721.8693202326,84.3716090475
722.5833353861,84.5494494142
723.2973505397,84.5930986039
724.0113656932,84.9278102567
724.7253808468,85.3173107574
725.4393960003,85.6522611607
726.1534111538,85.9534547718
726.8674263074,85.9437486374
727.5814414609,86.1962542227
728.2954566145,86.7115760753
729.0094717680,86.8685293181
729.7234869216,87.0000217314
730.4375020751,87.1437283640
731.1515172287,87.3248043100
731.8655323822,87.6884071026
732.5795475357,87.7420555729
733.2935626893,87.9051641777
734.0075778428,88.3427913446
734.7215929964,88.2973671854
735.4356081499,88.3072629061
736.1496233035,88.5700543309
736.8636384570,88.5084782654
737.5776536105,88.5767657401
738.2916687641,88.8207868954
739.0056839176,88.7460969443
739.7196990712,88.6261456532
740.4337142247,88.7872073760
741.1477293783,88.9982356738
741.8617445318,88.9240491010
742.5757596853,88.8621219753
743.2897748389,88.9903750092
744.0037899924,88.9722110098
744.7178051460,88.9815468857
745.4318202995,88.9560060302
746.1458354531,88.8200561759
746.8598506066,89.0342185534
747.5738657602,88.9824939334
748.2878809137,88.5062235400
749.0018960672,88.5673301385
749.7159112208,88.7515326140
750.4299263743,88.7276305783
751.1439415279,88.8091591935
751.8579566814,88.7331146762
752.5719718350,88.8513142342
753.2859869885,89.1058737844
754.0000021420,88.9782099876
754.7140172956,88.9247494944
755.4280324491,88.8749090647
756.1420476027,88.9032912553
756.8560627562,89.2995715415
757.5700779098,89.1804060020
758.2840930633,89.0021669171
758.9981082169,89.3944191906
759.7121233704,89.2585262602
760.4261385239,89.1154692651
761.1401536775,89.5290054370
761.8541688310,89.4232111801
762.5681839846,89.1690061213
763.2821991381,89.3496465574
763.9962142917,89.5523903314
764.7102294452,89.7080773884
765.4242445987,89.5581685941
766.1382597523,89.4010385951
766.8522749058,89.7268727804
767.5662900594,89.9012912218
768.2803052129,89.7503990691
768.9943203665,89.6544936216
769.7083355200,89.6821745889
770.4223506735,89.8711909236
771.1363658271,89.8971399941
771.8503809806,89.7847121733
772.5643961342,89.8750138313
773.2784112877,89.8243834569
773.9924264413,89.7578872520
774.7064415948,90.0940591923
775.4204567484,90.2830062790
776.1344719019,90.0074961358
776.8484870554,89.8541633268
777.5625022090,90.0608956319
778.2765173625,90.1644310842
778.9905325161,90.0678905013
779.7045476696,90.0891914879
780.4185628232,90.0191358093
781.1325779767,89.8629128683
781.8465931302,90.0221855929
782.5606082838,90.1953758951
783.2746234373,90.0873985851
783.9886385909,89.9676169729
784.7026537444,90.0720977536
785.4166688980,90.3326027505
786.1306840515,90.3049874725
786.8446992051,90.1373383862
787.5587143586,90.2452077606
788.2727295121,90.1822691465
788.9867446657,90.0886147938
789.7007598192,90.3073683169
790.4147749728,90.2625482916
791.1287901263,90.0619771675
791.8428052799,90.0507244908
792.5568204334,90.1307072046
793.2708355869,90.3808653014
793.9848507405,90.3413483301
794.6988658940,90.1085576650
795.4128810476,90.3030470132
796.1268962011,90.3440343252
796.8409113547,90.2195092985
797.5549265082,90.3597775551
798.2689416617,90.2668604030
798.9829568153,90.2499258059
799.6969719688,90.4865632195
800.4109871224,90.3751364473
801.1250022759,90.2656166870
801.8390174295,90.2978415685
802.5530325830,90.2193380422
803.2670477366,90.2866703922
803.9810628901,90.3046071042
804.6950780436,90.2183035773
805.4090931972,90.3077041922
806.1231083507,90.3857982915
806.8371235043,90.4173037467
807.5511386578,90.4109923705
808.2651538114,90.3169567770
808.9791689649,90.3305269959
809.6931841184,90.4553821822
810.4071992720,90.5621280015
811.1212144255,90.4724122453
811.8352295791,90.2956713242
812.5492447326,90.3485638219
813.2632598862,90.3924645416
813.9772750397,90.4665311648
814.6912901933,90.6357049487
815.4053053468,90.4571612821
816.1193205003,90.4047996551
816.8333356539,90.5766895226
817.5473508074,90.3401936278
818.2613659610,90.3080154021
818.9753811145,90.5082172314
819.6893962681,90.3512390327
820.4034114216,90.4591259070
821.1174265751,90.6589661398
821.8314417287,90.4649787781
822.5454568822,90.3735952515
823.2594720358,90.3283369653
823.9734871893,90.3608890483
824.6875023429,90.5362852931
825.4015174964,90.4273229263
826.1155326499,90.4113929015
826.8295478035,90.5322273755
827.5435629570,90.4118064024
828.2575781106,90.4537681571
828.9715932641,90.4753118067
829.6856084177,90.2871988684
830.3996235712,90.3428860180
831.1136387248,90.3948239484
831.8276538783,90.3711805766
832.5416690318,90.4591384638
833.2556841854,90.3852208350
833.9696993389,90.3400270263
834.6837144925,90.4656969506
835.3977296460,90.5119322148
836.1117447996,90.5033442172
836.8257599531,90.4502181133
837.5397751066,90.4578747144
838.2537902602,90.5030598241
838.9678054137,90.3534671987
839.6818205673,90.2358664250
840.3958357208,90.2354753797
841.1098508744,90.2615840869
841.8238660279,90.4056223309
842.5378811815,90.4328231912
843.2518963350,90.3616031813
843.9659114885,90.3925442941
844.6799266421,90.3664827507
845.3939417956,90.3874050226
846.1079569492,90.4217213895
846.8219721027,90.3706470703
847.5359872563,90.4799923297
848.2500024098,90.4740819249
848.9640175633,90.3221091113
849.6780327169,90.4256036126
850.3920478704,90.4080888709
851.1060630240,90.1954398471
851.8200781775,90.1735172912
852.5340933311,90.0776547258
853.2481084846,89.9239950655
853.9621236381,90.0431066773
854.6761387917,90.1724213549
855.3901539452,90.0769344660
856.1041690988,90.0147025086
856.8181842523,90.1081773044
857.5321994059,89.9391192885
858.2462145594,89.5674659647
858.9602297130,89.6755294922
859.6742448665,89.9199771457
860.3882600200,89.6528440046
861.1022751736,89.4166857416
861.8162903271,89.5596414106
862.5303054807,89.6281018600
863.2443206342,89.4655086364
863.9583357878,89.2978729073
864.6723509413,89.2237099960
865.3863660948,89.1041714619
866.1003812484,89.0419734574
866.8143964019,89.1483741933
867.5284115555,89.0654740007
868.2424267090,88.8403751047
868.9564418626,88.8121359006
869.6704570161,88.7934755085
870.3844721697,88.7372698514
871.0984873232,88.6943621920
871.8125024767,88.5066034764
872.5265176303,88.3284063530
873.2405327838,88.2894826607
873.9545479374,88.3068599825
874.6685630909,88.2565360604
875.3825782445,87.9951457563
876.0965933980,87.7792670039
876.8106085515,87.7638409188
877.5246237051,87.6709848606
878.2386388586,87.5302497491
878.9526540122,87.4371919862
879.6666691657,87.3396594770
880.3806843193,87.3171463587
881.0946994728,87.2341356472
881.8087146264,87.0016098437
882.5227297799,86.8039482454
883.2367449334,86.6784196125
883.9507600870,86.6143501839
884.6647752405,86.5351132355
885.3787903941,86.2955325677
886.0928055476,86.0102994582
886.8068207012,85.8831020208
887.5208358547,85.9292119911
888.2348510082,85.9319618113
888.9488661618,85.7879384826
889.6628813153,85.6362678001
890.3768964689,85.4130493460
891.0909116224,85.2323902995
891.8049267760,85.2638019344
892.5189419295,85.1068676755
893.2329570830,84.8702220415
893.9469722366,84.9557512239
894.6609873901,84.9005921567
895.3750025437,84.6609531185
896.0890176972,84.5881047280
896.8030328508,84.3937558574
897.5170480043,84.2144797722
898.2310631579,84.3265513510
898.9450783114,84.3745540141
899.6590934649,84.3035376154
900.3731086185,84.2109915947
901.0871237720,84.0995643202
901.8011389256,84.1767492123
902.5151540791,84.2539876179
903.2291692327,84.1539579205
903.9431843862,84.2112109155
904.6571995397,84.3883012493
905.3712146933,84.4525378875
906.0852298468,84.5122382582
906.7992450004,84.5442062231
907.5132601539,84.4916456579
908.2272753075,84.5746396498
908.9412904610,84.7822989687
909.6553056146,84.8095999339
910.3693207681,84.7458461612
911.0833359216,84.8611076603
911.7973510752,84.9879187376
912.5113662287,85.0165945060
913.2253813823,85.0485643138
913.9393965358,85.0309747678
914.6534116894,85.0510815074
915.3674268429,85.1297967115
916.0814419964,85.0636406774
916.7954571500,84.9819297785
917.5094723035,84.9965043981
918.2234874571,84.9425144491
918.9375026106,84.8914669889
919.6515177642,84.9240919628
920.3655329177,84.8710316460
921.0795480712,84.6487924071
921.7935632248,84.4529167065
922.5075783783,84.4718190026
923.2215935319,84.4734946969
923.9356086854,84.2722230329
924.6496238390,84.1235919333
925.3636389925,84.0640468109
926.0776541461,83.9457198682
926.7916692996,83.8938640287
927.5056844531,83.8933773559
928.2196996067,83.7223088521
928.9337147602,83.4661136554
929.6477299138,83.4445226532
930.3617450673,83.5457043656
931.0757602209,83.3150122381
931.7897753744,82.9398734356
932.5037905279,82.9011640424
933.2178056815,82.9693431483
933.9318208350,82.8710782853
934.6458359886,82.7514726217
935.3598511421,82.6340367670
936.0738662957,82.4759144319
936.7878814492,82.2974678425
937.5018966028,82.1423488293
938.2159117563,82.0612105991
938.9299269098,81.9289500910
939.6439420634,81.7365593018
940.3579572169,81.6452319585
941.0719723705,81.5433337886
941.7859875240,81.3304027910
942.5000026776,81.1300091317
943.2140178311,80.9510147946
943.9280329846,80.7516234211
944.6420481382,80.5676918470
945.3560632917,80.4006419963
946.0700784453,80.1733632110
946.7840935988,79.8833364698
947.4981087524,79.7227272550
948.2121239059,79.6652287305
948.9261390594,79.3933269822
949.6401542130,79.0100305296
950.3541693665,78.8460452043
951.0681845201,78.7272507327
951.7821996736,78.4246228589
952.4962148272,78.1184112606
953.2102299807,77.9016572793
953.9242451343,77.6593561285
954.6382602878,77.4246856224
955.3522754413,77.2102136521
956.0662905949,76.9143550245
956.7803057484,76.5891009248
957.4943209020,76.3185404860
958.2083360555,76.0769588996
958.9223512091,75.8206087342
959.6363663626,75.4919082581
960.3503815161,75.1451093429
961.0643966697,74.8362323979
961.7784118232,74.4951241150
962.4924269768,74.2060535350
963.2064421303,73.9404759881
963.9204572839,73.5014890978
964.6344724374,73.0955680531
965.3484875910,72.8240429948
966.0625027445,72.4480853558
966.7765178980,72.0485628752
967.4905330516,71.6480374917
968.2045482051,71.1733195942
968.9185633587,70.8582458978
969.6325785122,70.5455212262
970.3465936658,69.9901071854
971.0606088193,69.5007497453
971.7746239728,69.1210143649
972.4886391264,68.6899785050
973.2026542799,68.2363910553
973.9166694335,67.6333009174
974.6306845870,66.9952654818
975.3446997406,66.4925938612
976.0587148941,65.9185716378
976.7727300476,65.3219068785
977.4867452012,64.7261330564
978.2007603547,63.9817595328
978.9147755083,63.3568549894
979.6287906618,62.8501121382
980.3428058154,62.2778271829
981.0568209689,61.8243505737
981.7708361225,61.3533008792
982.4848512760,61.0006991086
983.1988664295,61.1451553609
983.9128815831,61.2508637488
984.6268967366,61.2243980460
985.3409118902,61.5436341744
986.0549270437,61.8436198624
986.7689421973,62.0644821208
987.4829573508,62.3848465284
988.1969725043,62.4150294854
988.9109876579,62.3474841352
989.6250028114,62.4760407378
990.3390179650,62.5046737473
991.0530331185,62.3278340939
991.7670482721,62.0206248153
992.4810634256,61.8444329248
993.1950785792,61.8130227416
993.9090937327,61.4961445080
994.6231088862,61.1428287604
995.3371240398,60.9361715340
996.0511391933,60.5397391230
996.7651543469,60.3314469608
997.4791695004,60.3269212574
998.1931846540,60.0557472443
998.9071998075,59.9426510148
999.6212149610,60.0601769771
1000.3352301146,60.0255559029
1001.0492452681,60.0950767471
1001.7632604217,60.2433121750
1002.4772755752,60.2986234006
1003.1912907288,60.4387315604
1003.9053058823,60.5571753215
1004.6193210359,60.6554861379
1005.3333361894,60.8414432432
1006.0473513429,60.8890848633
1006.7613664965,60.8832100652
1007.4753816500,61.0476453834
1008.1893968036,61.1496557259
1008.9034119571,61.0777803119
1009.6174271107,61.0673333845
1010.3314422642,61.1041117617
1011.0454574177,61.0343260109
1011.7594725713,60.9493861919
1012.4734877248,60.8102910092
1013.1875028784,60.5803468999
1013.9015180319,60.5718665106
1014.6155331855,60.6479930930
1015.3295483390,60.4913697247
1016.0435634925,60.3940194134
1016.7575786461,60.3160277286
1017.4715937996,60.0650238742
1018.1856089532,59.9904148883
1018.8996241067,59.9497589474
1019.6136392603,59.6745805766
1020.3276544138,59.4541441494
1021.0416695674,59.2558230939
1021.7556847209,59.0255522469
1022.4696998744,58.9134001913
1023.1837150280,58.7053392707
1023.8977301815,58.3904316109
1024.6117453351,58.2154444498
1025.3257604886,58.1337507110
1026.0397756422,58.0078643980
1026.7537907957,57.8313783826
1027.4678059492,57.7330794789
1028.1818211028,57.6303841784
1028.8958362563,57.4400183506
1029.6098514099,57.5049911356
1030.3238665634,57.7283186940
1031.0378817170,57.7677504086
1031.7518968705,57.9114554072
1032.4659120241,58.1994920185
1033.1799271776,58.4426323182
1033.8939423311,58.8342792132
1034.6079574847,59.3361734202
1035.3219726382,59.8656782625
1036.0359877918,60.5070498603
1036.7500029453,61.0895234746
1037.4640180989,61.5558084829
1038.1780332524,62.0147478404
1038.8920484059,62.4522203915
1039.6060635595,62.8810703763
1040.3200787130,63.2323157934
1041.0340938666,63.4294668264
1041.7481090201,63.5128431982
1042.4621241737,63.4276331261
1043.1761393272,63.2305472673
1043.8901544807,63.0168702121
1044.6041696343,62.6624741834
1045.3181847878,62.2260148515
1046.0321999414,61.8482650660
1046.7462150949,61.4348120240
1047.4602302485,60.9579293918
1048.1742454020,60.5080432634
1048.8882605556,60.1036388823
1049.6022757091,59.6820289928
1050.3162908626,59.3058145529
1051.0303060162,59.0840931510
1051.7443211697,58.8578630524
1052.4583363233,58.6049917604
1053.1723514768,58.5321294758
1053.8863666304,58.5961282575
1054.6003817839,58.7277916883
1055.3143969374,58.8532670007
1056.0284120910,58.9161188980
1056.7424272445,59.1767669509
1057.4564423981,59.6179753854
1058.1704575516,59.9434694072
1058.8844727052,60.3550944855
1059.5984878587,61.0519713939
1060.3125030123,61.7777171755
1061.0265181658,62.5492937673
1061.7405333193,63.5997412302
1062.4545484729,64.6739101496
1063.1685636264,65.5604492937
1063.8825787800,66.4930523664
1064.5965939335,67.4779620942
1065.3106090871,68.3885846426
1066.0246242406,69.1678343007
1066.7386393941,69.8004738106
1067.4526545477,70.5567271498
1068.1666697012,71.3708974249
1068.8806848548,71.9098741921
1069.5947000083,72.4031625848
1070.3087151619,72.9641843691
1071.0227303154,73.3999062165
1071.7367454689,73.8158149302
1072.4507606225,74.1768780558
1073.1647757760,74.3459008956
1073.8787909296,74.4817789465
1074.5928060831,74.7380486214
1075.3068212367,75.0764931087
1076.0208363902,75.3227816918
1076.7348515438,75.5097086035
1077.4488666973,75.8935076559
1078.1628818508,76.3934888636
1078.8768970044,76.8701753268
1079.5909121579,77.3303189136
1080.3049273115,77.5920897148
1081.0189424650,77.7080827739
1081.7329576186,77.9035606105
1082.4469727721,78.1009288065
1083.1609879256,78.1954199872
1083.8750030792,78.1589211339
1084.5890182327,78.0938064867
1085.3030333863,78.1578238501
1086.0170485398,78.1567979861
1086.7310636934,78.0021248198
1087.4450788469,77.9626068899
1088.1590940005,77.9843039512
1088.8731091540,77.9331966333
1089.5871243075,77.9224422849
1090.3011394611,77.8501344398
1091.0151546146,77.6821794417
1091.7291697682,77.5932317685
1092.4431849217,77.4455506226
1093.1572000753,77.1462431790
1093.8712152288,76.8814220146
1094.5852303823,76.6238122156
1095.2992455359,76.3283326698
1096.0132606894,76.0988466170
1096.7272758430,75.8426878802
1097.4412909965,75.4700069319
1098.1553061501,75.0849165626
1098.8693213036,74.7529497242
1099.5833364571,74.4429054404
1100.2973516107,74.1061470100
1101.0113667642,73.7563848560
1101.7253819178,73.4702760280
1102.4393970713,73.3061011902
1103.1534122249,73.2602922033
1103.8674273784,73.2127375524
1104.5814425320,73.0672709843
1105.2954576855,72.9332153973
1106.0094728390,72.9711635720
1106.7234879926,73.1066583265
1107.4375031461,73.1146596838
1108.1515182997,73.0282352923
1108.8655334532,73.0305959814
1109.5795486068,73.0420299155
1110.2935637603,73.0367432370
1111.0075789138,73.2618159981
1111.7215940674,73.7161062861
1112.4356092209,74.1802807414
1113.1496243745,74.7361664104
1113.8636395280,75.5303192564
1114.5776546816,76.3836001670
1115.2916698351,77.1553778590
1116.0056849887,77.8977982205
1116.7197001422,78.6259743328
1117.4337152957,79.3815660635
1118.1477304493,80.0494303692
1118.8617456028,80.5132230416
1119.5757607564,80.9432725929
1120.2897759099,81.3060970867
1121.0037910635,81.5934546772
1121.7178062170,82.0092355523
1122.4318213705,82.3754814642
1123.1458365241,82.6056997163
1123.8598516776,82.9376193675
1124.5738668312,83.3620103399
1125.2878819847,83.8278778838
1126.0018971383,84.2797737459
1126.7159122918,84.7335519851
1127.4299274454,85.3987006305
1128.1439425989,86.0345164439
1128.8579577524,86.3973876408
1129.5719729060,86.7584133272
1130.2859880595,87.1633974686
1131.0000032131,87.5308702168
1131.7140183666,87.8336163597
1132.4280335202,87.9922984508
1133.1420486737,88.2070506761
1133.8560638272,88.5230588998
1134.5700789808,88.8002775803
1135.2840941343,89.1505033491
1135.9981092879,89.4696762533
1136.7121244414,89.5988956665
1137.4261395950,89.6138124739
1138.1401547485,89.5901166777
1138.8541699020,89.7386129428
1139.5681850556,89.8508909877
1140.2822002091,89.4923585525
1140.9962153627,89.1328342691
1141.7102305162,89.1076020533
1142.4242456698,88.9319696408
1143.1382608233,88.5733387280
1143.8522759769,88.2710096281
1144.5662911304,87.9272702763
1145.2803062839,87.6143527376
1145.9943214375,87.4039382953
1146.7083365910,87.1547074206
1147.4223517446,86.8827054556
1148.1363668981,86.6790714746
1148.8503820517,86.5623426490
1149.5643972052,86.4718422382
1150.2784123587,86.2871154518
1150.9924275123,86.0251773850
1151.7064426658,85.7865531353
1152.4204578194,85.6159211158
1153.1344729729,85.4681323681
1153.8484881265,85.2358928274
1154.5625032800,84.9868885563
1155.2765184336,84.7863019316
1155.9905335871,84.5317851926
1156.7045487406,84.3209722164
1157.4185638942,84.1739770998
1158.1325790477,83.8773333091
1158.8465942013,83.5672061520
1159.5606093548,83.4481952698
1160.2746245084,83.4433027119
1160.9886396619,83.4901957228
1161.7026548154,83.5176331836
1162.4166699690,83.6356968102
1163.1306851225,84.0360045936
1163.8447002761,84.5335913574
1164.5587154296,85.0177843445
1165.2727305832,85.6054763818
1165.9867457367,86.2692297075
1166.7007608902,87.0003463542
1167.4147760438,87.7753050594
1168.1287911973,88.5059505313
1168.8428063509,89.2446693685
1169.5568215044,89.9727051474
1170.2708366580,90.6205227427
1170.9848518115,91.2869461075
1171.6988669651,91.9246485936
1172.4128821186,92.4170118251
1173.1268972721,92.8988911422
1173.8409124257,93.3896487131
1174.5549275792,93.7936572907
1175.2689427328,94.1766580289
1175.9829578863,94.4961931773
1176.6969730399,94.7475751351
1177.4109881934,95.0749294347
1178.1250033469,95.3436493619
1178.8390185005,95.4330580882
1179.5530336540,95.5614602999
1180.2670488076,95.8095355194
1180.9810639611,96.0086085547
1181.6950791147,96.1093471486
1182.4090942682,96.1981477147
1183.1231094218,96.2809092079
1183.8371245753,96.3570890263
1184.5511397288,96.4557132586
1185.2651548824,96.4704434553
1185.9791700359,96.4322515881
1186.6931851895,96.4953607783
1187.4072003430,96.5199672347
1188.1212154966,96.4512734217
1188.8352306501,96.4203534963
1189.5492458036,96.3552198679
1190.2632609572,96.2592769253
1190.9772761107,96.1646049472
1191.6912912643,96.0146666478
1192.4053064178,95.9083734567
1193.1193215714,95.7641929119
1193.8333367249,95.4853200897
1194.5473518784,95.3109897497
1195.2613670320,95.2456249632
1195.9753821855,95.1077966141
1196.6893973391,94.9282715322
1197.4034124926,94.7839224956
1198.1174276462,94.7098954382
1198.8314427997,94.5990677099
1199.5454579533,94.3975598382
1200.2594731068,94.2719946376
1200.9734882603,94.2197799133
1201.6875034139,94.1661258007
1202.4015185674,94.1349602617
1203.1155337210,94.0955828039
1203.8295488745,94.0694640442
1204.5435640281,94.0186014268
1205.2575791816,93.9704605650
1205.9715943351,94.0801149768
1206.6856094887,94.1812838314
1207.3996246422,94.2725471075
1208.1136397958,94.5902821770
1208.8276549493,94.9114344442
1209.5416701029,95.1969213538
1210.2556852564,95.5896593775
1210.9697004100,95.8394860007
1211.6837155635,96.0393903648
1212.3977307170,96.2710087184
1213.1117458706,96.3027345951
1213.8257610241,96.4110172310
1214.5397761777,96.5989297512
1215.2537913312,96.4993982121
1215.9678064848,96.3584008347
1216.6818216383,96.3668566103
1217.3958367918,96.3906343553
1218.1098519454,96.3268355720
1218.8238670989,96.1149025633
1219.5378822525,96.0197397719
1220.2518974060,96.0553706293
1220.9659125596,95.8894857984
1221.6799277131,95.6748838216
1222.3939428666,95.5418035775
1223.1079580202,95.3708530615
1223.8219731737,95.2406771496
1224.5359883273,95.0991358927
1225.2500034808,94.9194060660
1225.9640186344,94.7927420258
1226.6780337879,94.6465595654
1227.3920489415,94.5251337943
1228.1060640950,94.3960029864
1228.8200792485,94.1561038229
1229.5340944021,93.9962493040
1230.2481095556,93.9051628154
1230.9621247092,93.7435145380
1231.6761398627,93.5843927044
1232.3901550163,93.3599802825
1233.1041701698,93.1197045390
1233.8181853233,93.0357761384
1234.5322004769,92.9861900439
1235.2462156304,92.9349354834
1235.9602307840,92.9274861032
1236.6742459375,92.8892584342
1237.3882610911,92.9069904779
1238.1022762446,92.9690449720
1238.8162913982,92.9397322150
1239.5303065517,92.8855011349
1240.2443217052,92.8085122288
1240.9583368588,92.7087182658
1241.6723520123,92.7124750517
1242.3863671659,92.6995869558
1243.1003823194,92.5628327967
1243.8143974730,92.4970963492
1244.5284126265,92.4968266886
1245.2424277800,92.3905386551
1245.9564429336,92.2809810540
1246.6704580871,92.2463046922
1247.3844732407,92.2154860540
1248.0984883942,92.2742674253
1248.8125035478,92.4017375180
1249.5265187013,92.4004189882
1250.2405338549,92.3669117096
1250.9545490084,92.4554697268
1251.6685641619,92.5449778117
1252.3825793155,92.5870769884
1253.0965944690,92.6306504024
1253.8106096226,92.6019026515
1254.5246247761,92.4975569896
1255.2386399297,92.4664532076
1255.9526550832,92.4622868352
1256.6666702367,92.3056329710
1257.3806853903,92.1926167985
1258.0947005438,92.2747070915
1258.8087156974,92.2291538107
1259.5227308509,92.0690763600
1260.2367460045,92.0441905162
1260.9507611580,91.9796373389
1261.6647763115,91.8966728938
1262.3787914651,91.9319470316
1263.0928066186,91.8593651295
1263.8068217722,91.7150654289
1264.5208369257,91.6619964473
1265.2348520793,91.6160948916
1265.9488672328,91.6081314359
1266.6628823864,91.5889685308
1267.3768975399,91.4859091765
1268.0909126934,91.4332305398
1268.8049278470,91.3527329879
1269.5189430005,91.1939448397
1270.2329581541,91.1055919852
1270.9469733076,90.9911521728
1271.6609884612,90.8110670432
1272.3750036147,90.7127354601
1273.0890187682,90.6352304483
1273.8030339218,90.5158757843
1274.5170490753,90.3898605944
1275.2310642289,90.2650157262
1275.9450793824,90.2142006930
1276.6590945360,90.2060808142
1277.3731096895,90.1290967954
1278.0871248431,90.0370741447
1278.8011399966,89.9276771118
1279.5151551501,89.7811072994
1280.2291703037,89.7590031934
1280.9431854572,89.8545861165
1281.6572006108,89.9111216329
1282.3712157643,89.9823286896
1283.0852309179,90.1232866947
1283.7992460714,90.2906919378
1284.5132612249,90.4583079362
1285.2272763785,90.5288983139
1285.9412915320,90.5018398547
1286.6553066856,90.5708721973
1287.3693218391,90.6823964510
1288.0833369927,90.6648756083
1288.7973521462,90.6720077257
1289.5113672997,90.7009871325
1290.2253824533,90.6168755604
1290.9393976068,90.5978469639
1291.6534127604,90.6089829182
1292.3674279139,90.5168770950
1293.0814430675,90.5257297309
1293.7954582210,90.6125963778
1294.5094733746,90.6302192069
1295.2234885281,90.6368899646
1295.9375036816,90.5586003009
1296.6515188352,90.4282472763
1297.3655339887,90.3818190888
1298.0795491423,90.2969147246
1298.7935642958,90.1259277719
1299.5075794494,89.9629653729
1300.2215946029,89.8171580521
1300.9356097564,89.6626621431
1301.6496249100,89.4977628918
1302.3636400635,89.3170669399
1303.0776552171,89.0138888820
1303.7916703706,88.6032024761
1304.5056855242,88.3114977062
1305.2197006777,88.0716985564
1305.9337158313,87.6749335005
1306.6477309848,87.2477577556
1307.3617461383,86.8785772702
1308.0757612919,86.4725389278
1308.7897764454,86.1515785528
1309.5037915990,85.8999150267
1310.2178067525,85.4903487103
1310.9318219061,85.1537138829
1311.6458370596,84.9928848737
1312.3598522131,84.7552526620
1313.0738673667,84.6142464421
1313.7878825202,84.5181045350
1314.5018976738,84.3686500470
1315.2159128273,84.4845077679
1315.9299279809,84.6156977677
1316.6439431344,84.7245620608
1317.3579582879,85.0320727234
1318.0719734415,85.2226356196
1318.7859885950,85.5261584766
1319.5000037486,86.0525418514
1320.2140189021,86.3534418825
1320.9280340557,86.6107763863
1321.6420492092,86.8611685644
1322.3560643628,87.0480659126
1323.0700795163,87.3462463183
1323.7840946698,87.5885222683
1324.4981098234,87.6749467709
1325.2121249769,87.7471753758
1325.9261401305,87.9019510175
1326.6401552840,88.0539910938
1327.3541704376,87.9644536615
1328.0681855911,87.8249433849
1328.7822007446,87.8198724489
1329.4962158982,87.6954193404
1330.2102310517,87.5135926882
1330.9242462053,87.3697996603
1331.6382613588,87.1071808884
1332.3522765124,86.9173301721
1333.0662916659,86.8464807073
1333.7803068195,86.6862049575
1334.4943219730,86.6823859538
1335.2083371265,86.7838383182
1335.9223522801,86.7889965675
1336.6363674336,86.9959782012
1337.3503825872,87.1891107254
1338.0643977407,87.2479846204
1338.7784128943,87.5038779212
1339.4924280478,87.7128840487
1340.2064432013,87.8837078569
1340.9204583549,88.2207638834
1341.6344735084,88.4273525358
1342.3484886620,88.6507982852
1343.0625038155,88.9365352533
1343.7765189691,89.1742074275
1344.4905341226,89.5366101807
1345.2045492761,89.7412791538
1345.9185644297,89.7368932535
1346.6325795832,89.8928283248
1347.3465947368,90.0088620156
1348.0606098903,90.0732555620
1348.7746250439,90.2182978130
1349.4886401974,90.1185340620
1350.2026553510,89.9208646082
1350.9166705045,89.9066458736
1351.6306856580,89.8362998261
1352.3447008116,89.6127447967
1353.0587159651,89.4080867099
1353.7727311187,89.2731926740
1354.4867462722,89.1792001447
1355.2007614258,89.1513317353
1355.9147765793,89.1059963402
1356.6287917328,89.0319057735
1357.3428068864,88.9893476830
1358.0568220399,88.9145598614
1358.7708371935,88.9018184887
1359.4848523470,88.9392354145
1360.1988675006,88.7550162329
1360.9128826541,88.6211453172
1361.6268978077,88.8610121263
1362.3409129612,88.8862579222
1363.0549281147,88.9135376522
1363.7689432683,89.2113621394
1364.4829584218,89.2121447009
1365.1969735754,89.2287974031
1365.9109887289,89.3213940430
1366.6250038825,89.1782214911
1367.3390190360,89.0933632176
1368.0530341895,89.1400891485
1368.7670493431,89.0283744436
1369.4810644966,89.0334124473
1370.1950796502,89.1049572068
1370.9090948037,89.0406475297
1371.6231099573,89.2319439591
1372.3371251108,89.4892026684
1373.0511402643,89.6027408183
1373.7651554179,90.0158427919
1374.4791705714,90.3813357578
1375.1931857250,90.5120354308
1375.9072008785,90.8414802077
1376.6212160321,91.0707767148
1377.3352311856,91.1408117755
1378.0492463392,91.4478557583
1378.7632614927,91.7684250903
1379.4772766462,91.9572098575
1380.1912917998,92.2120450703
1380.9053069533,92.3620360786
1381.6193221069,92.5162720979
1382.3333372604,92.8369650269
1383.0473524140,93.0230385291
1383.7613675675,93.1830562588
1384.4753827210,93.4721005516
1385.1893978746,93.6880361661
1385.9034130281,93.8637353988
1386.6174281817,94.0012047064
1387.3314433352,94.2001088445
1388.0454584888,94.4905622223
1388.7594736423,94.3868983980
1389.4734887959,94.2585403206
1390.1875039494,94.4384190361
1390.9015191029,94.4313242984
1391.6155342565,94.2650155729
1392.3295494100,94.3259577287
1393.0435645636,94.2565239487
1393.7575797171,94.0892125102
1394.4715948707,94.2375217896
1395.1856100242,94.3290157231
1395.8996251777,94.2398024704
1396.6136403313,94.2127969393
1397.3276554848,94.1646334294
1398.0416706384,94.0995749876
1398.7556857919,94.0530881103
1399.4697009455,94.0920609344
1400.1837160990,94.0849704059
1400.8977312526,93.9870927624
1401.6117464061,93.9328285281
1402.3257615596,93.8847320567
1403.0397767132,93.7969958117
1403.7537918667,93.7428669852
1404.4678070203,93.6814732396
1405.1818221738,93.7971520306
1405.8958373274,93.8403185684
1406.6098524809,93.5993828593
1407.3238676344,93.5477536891
1408.0378827880,93.6753997476
1408.7518979415,93.5591931268
1409.4659130951,93.5408277125
1410.1799282486,93.5539148996
1410.8939434022,93.3737043831
1411.6079585557,93.3428501916
1412.3219737092,93.3566365858
1413.0359888628,93.2443985077
1413.7500040163,93.1091293322
1414.4640191699,92.9341615951
1415.1780343234,92.8911780620
1415.8920494770,92.8256764880
1416.6060646305,92.5255085357
1417.3200797841,92.5187013089
1418.0340949376,92.5071665353
1418.7481100911,92.0249679741
1419.4621252447,92.0258043575
1420.1761403982,92.1878291481
1420.8901555518,91.6895226531
1421.6041707053,91.4361750693
1422.3181858589,91.4729026873
1423.0322010124,91.2163227972
1423.7462161659,91.1131115777
1424.4602313195,91.1126712246
1425.1742464730,90.8818337998
1425.8882616266,90.8272237608
1426.6022767801,90.7487155474
1427.3162919337,90.6035692103
1428.0303070872,90.6522991589
1428.7443222408,90.6491185956
1429.4583373943,90.6381088401
1430.1723525478,90.7817449671
1430.8863677014,90.7908998429
1431.6003828549,90.7708176458
1432.3143980085,90.9752659045
1433.0284131620,91.2975741256
1433.7424283156,91.3629926620
1434.4564434691,91.5390923324
1435.1704586226,91.8506065157
1435.8844737762,91.8059199288
1436.5984889297,92.0726019962
1437.3125040833,92.7588221680
1438.0265192368,92.4431634462
1438.7405343904,92.4202521928
1439.4545495439,92.6938903492
1440.1685646974,92.6691526764
1440.8825798510,92.7555254228
1441.5965950045,92.9151846581
1442.3106101581,92.8258480580
1443.0246253116,92.8516163365
1443.7386404652,92.9401078951
1444.4526556187,92.9224943835
1445.1666707723,92.8656156013
1445.8806859258,92.8185585101
1446.5947010793,92.9326176249
1447.3087162329,93.0189626346
1448.0227313864,93.0271724531
1448.7367465400,93.0928020195
1449.4507616935,92.9518294859
1450.1647768471,92.9289775248
1450.8787920006,93.1127381367
1451.5928071541,92.9510426617
1452.3068223077,93.0186578156
1453.0208374612,93.2847650887
1453.7348526148,93.0498830513
1454.4488677683,93.1792024530
1455.1628829219,93.6106823179
1455.8768980754,93.2992676824
1456.5909132290,93.2209747887
1457.3049283825,94.1675955097
1458.0189435360,93.9656166349
1458.7329586896,94.1209987396
1459.4469738431,94.1217660687
1460.1609889967,94.0340634789
1460.8750041502,94.2851456679
1461.5890193038,94.4091868233
1462.3030344573,94.4052913346
1463.0170496108,94.5896410519
1463.7310647644,94.6472075486
1464.4450799179,94.6790453938
1465.1590950715,95.0801990446
1465.8731102250,95.0625983086
1466.5871253786,94.9451126759
1467.3011405321,95.1345334178
1468.0151556856,95.3491914336
1468.7291708392,95.2364128588
1469.4431859927,95.4140794125
1470.1572011463,95.7037458699
1470.8712162998,95.4773673437
1471.5852314534,95.5233356045
1472.2992466069,96.3368352152
1473.0132617605,96.0087988933
1473.7272769140,95.8869492905
1474.4412920675,96.2961939773
1475.1553072211,96.1063790068
1475.8693223746,95.9057080606
1476.5833375282,96.4595825211
1477.2973526817,96.3920797048
1478.0113678353,96.2078055156
1478.7253829888,96.2979189036
1479.4393981423,96.2951207050
1480.1534132959,96.1479487986
1480.8674284494,96.2262143943
1481.5814436030,96.3937846087
1482.2954587565,96.4302192244
1483.0094739101,96.5987310345
1483.7234890636,96.7258293877
1484.4375042172,96.6675647087
1485.1515193707,96.8654662784
1485.8655345242,97.1674445454
1486.5795496778,97.2665109714
1487.2935648313,97.5283682615
1488.0075799849,97.6184790288
1488.7215951384,97.4893726443
1489.4356102920,97.7309115838
1490.1496254455,98.0587521511
1490.8636405990,97.8081294596
1491.5776557526,97.8927435142
1492.2916709061,98.0211033906
1493.0056860597,97.9004762892
1493.7197012132,97.9204215182
1494.4337163668,98.1184823357
1495.1477315203,98.0622269407
1495.8617466738,97.9169425242
1496.5757618274,98.4699918065
1497.2897769809,98.3975246460
1498.0037921345,98.0553843745
1498.7178072880,98.0723232550
1499.4318224416,98.4355888194
1500.1458375951,98.1824194134
1500.8598527487,98.0490059946
1501.5738679022,98.1833053484
1502.2878830557,98.0631883572
1503.0018982093,98.0903467446
1503.7159133628,98.2632043847
1504.4299285164,98.0717656928
1505.1439436699,98.0037627010
1505.8579588235,98.7096374268
1506.5719739770,98.4138086602
1507.2859891305,98.1272556950
1508.0000042841,98.5664641134
1508.7140194376,98.3881700239
1509.4280345912,98.0591765908
1510.1420497447,98.1169673326
1510.8560648983,98.1615321197
1511.5700800518,98.0460036954
1512.2840952054,98.1087778873
1512.9981103589,98.2701415189
1513.7121255124,98.0925943779
1514.4261406660,97.8402634420
1515.1401558195,97.8609714001
1515.8541709731,97.8278214906
1516.5681861266,97.6642561040
1517.2822012802,98.1841461226
1517.9962164337,98.1874164160
1518.7102315872,97.9328269115
1519.4242467408,97.8698537966
1520.1382618943,97.7527761431
1520.8522770479,97.8466238161
1521.5662922014,98.2708082356
1522.2803073550,98.1134277372
1522.9943225085,98.0858425810
1523.7083376621,97.9428013068
1524.4223528156,97.5868778160
1525.1363679691,97.6820754543
1525.8503831227,98.0621101539
1526.5643982762,97.6636081585
1527.2784134298,97.6085395332
1527.9924285833,97.7248798172
1528.7064437369,97.4476896410
1529.4204588904,97.6192070583
1530.1344740439,97.7258698040
1530.8484891975,97.4026589553
1531.5625043510,97.4439547420
1532.2765195046,97.5789434345
1532.9905346581,97.3401710503
1533.7045498117,97.6539117637
1534.4185649652,97.7023382452
1535.1325801187,97.2875986955
1535.8465952723,97.1327125124
1536.5606104258,97.2398069985
1537.2746255794,97.2038656073
1537.9886407329,97.2687232629
1538.7026558865,97.5998428779
1539.4166710400,97.7526955863
1540.1306861936,97.6857817000
1540.8447013471,97.5661503823
1541.5587165006,97.2812856973
1542.2727316542,97.2840255678
1542.9867468077,97.5474562516
1543.7007619613,97.3443982509
1544.4147771148,97.1174866244
1545.1287922684,97.3460960431
1545.8428074219,97.4907546834
1546.5568225754,97.2617373556
1547.2708377290,97.0788538366
1547.9848528825,97.1615126672
1548.6988680361,97.1862126607
1549.4128831896,97.0808407637
1550.1268983432,97.4428573456
1550.8409134967,97.3847303898
1551.5549286503,97.0414121047
1552.2689438038,97.1150254748
1552.9829589573,97.1312118056
1553.6969741109,96.7834773489
1554.4109892644,97.0886690438
1555.1250044180,97.2326638704
1555.8390195715,97.1156819698
1556.5530347251,97.2330731662
1557.2670498786,96.8417298093
1557.9810650321,96.5784670141
1558.6950801857,97.9489973652
1559.4090953392,97.0499709008
1560.1231104928,97.5546826073
1560.8371256463,98.0671779380
1561.5511407999,97.2315580978
1562.2651559534,96.9895767458
1562.9791711069,97.3356938491
1563.6931862605,97.1376998220
1564.4072014140,97.1775051135
1565.1212165676,97.5625638562
1565.8352317211,97.3354517810
1566.5492468747,97.2194408663
1567.2632620282,97.2306727459
1567.9772771818,97.2067903961
1568.6912923353,97.1930357126
1569.4053074888,97.1614484531
1570.1193226424,97.5424907034
1570.8333377959,97.4396256329
1571.5473529495,97.2225804246
1572.2613681030,97.2990066280
1572.9753832566,97.1773027666
1573.6893984101,97.0793226329
1574.4034135636,97.4459963492
1575.1174287172,97.2780449189
1575.8314438707,96.7140929874
1576.5454590243,97.9396537854
1577.2594741778,97.5949861984
1577.9734893314,97.2323750339
1578.6875044849,97.2521726990
1579.4015196385,97.1633764409
1580.1155347920,97.1546787204
1580.8295499455,97.3715587814
1581.5435650991,97.3598251330
1582.2575802526,97.3207157459
1582.9715954062,97.3306772999
1583.6856105597,97.2210015543
1584.3996257133,97.1459392926
1585.1136408668,97.1864273155
1585.8276560203,97.2540327491
1586.5416711739,97.1969426099
1587.2556863274,97.0787599284
1587.9697014810,97.0804431555
1588.6837166345,97.0608914423
1589.3977317881,97.0115218267
1590.1117469416,96.9868955316
1590.8257620951,96.8772823258
1591.5397772487,96.9032888001
1592.2537924022,96.9895759547
1592.9678075558,96.8544388620
1593.6818227093,96.8644320453
1594.3958378629,97.0001997492
1595.1098530164,96.9043513050
1595.8238681700,96.8859494521
1596.5378833235,96.9549079437
1597.2518984770,96.9112110968
1597.9659136306,96.9130773151
1598.6799287841,96.8929689370
1599.3939439377,96.8045040595
1600.1079590912,96.8579529400
1600.8219742448,96.9914830864
1601.5359893983,96.9539137968
1602.2500045518,96.8470322740
1602.9640197054,96.9385731204
1603.6780348589,97.0091595543
1604.3920500125,96.8895265602
1605.1060651660,96.9365559681
1605.8200803196,97.0235449501
1606.5340954731,96.9680843628
1607.2481106267,97.0956439641
1607.9621257802,97.1451435281
1608.6761409337,96.9837697237
1609.3901560873,97.0239867002
1610.1041712408,97.0882168822
1610.8181863944,96.9424610587
1611.5322015479,96.8464957137
1612.2462167015,96.8803551663
1612.9602318550,96.9652552686
1613.6742470085,96.9208003360
1614.3882621621,96.8681529627
1615.1022773156,96.9921053457
1615.8162924692,96.9203634681
1616.5303076227,96.7562243065
1617.2443227763,97.1274968966
1617.9583379298,96.7228385919
1618.6723530833,96.3826222470
1619.3863682369,96.4964416188
1620.1003833904,96.3148475289
1620.8143985440,96.0216200534
1621.5284136975,96.2388088168
1622.2424288511,96.1559705345
1622.9564440046,95.9507013146
1623.6704591582,96.4087012643
1624.3844743117,96.0926063382
1625.0984894652,95.7721328794
1625.8125046188,95.9216785142
1626.5265197723,95.9062224780
1627.2405349259,95.7189947756
1627.9545500794,95.8743843695
1628.6685652330,95.8585160830
1629.3825803865,95.5704648885
1630.0965955400,95.3541373699
1630.8106106936,95.4348654609
1631.5246258471,95.5536816501
1632.2386410007,95.4263352648
1632.9526561542,95.3766171606
1633.6666713078,95.6276613535
1634.3806864613,95.6301010226
1635.0947016149,95.3102684340
1635.8087167684,96.1466824040
1636.5227319219,95.7943246997
1637.2367470755,95.3818938249
1637.9507622290,95.5157921907
1638.6647773826,95.5386538629
1639.3787925361,95.2892978785
1640.0928076897,95.3384638636
1640.8068228432,95.3092364364
1641.5208379967,95.1872690999
1642.2348531503,95.3237277900
1642.9488683038,95.1681265102
1643.6628834574,95.1722281529
1644.3768986109,95.4571807869
1645.0909137645,95.1667426920
1645.8049289180,95.0732708240
1646.5189440715,95.8083211001
1647.2329592251,95.3922791904
1647.9469743786,95.4559061863
1648.6609895322,95.9093071892
1649.3750046857,95.6021876624
1650.0890198393,95.5717132201
1650.8030349928,95.7969332216
1651.5170501464,95.5985232896
1652.2310652999,95.0816156339
1652.9450804534,96.4921722265
1653.6590956070,96.4150293308
1654.3731107605,96.1502441892
1655.0871259141,95.9693183546
1655.8011410676,95.8725885157
1656.5151562212,95.8099071454
1657.2291713747,95.9036500773
1657.9431865282,95.9807075073
1658.6572016818,95.9661486518
1659.3712168353,96.0830445397
1660.0852319889,96.0904578149
1660.7992471424,96.0020225897
1661.5132622960,96.0698855111
1662.2272774495,96.0749684087
1662.9412926031,96.3101451141
1663.6553077566,96.3558562736
1664.3693229101,96.0893024789
1665.0833380637,96.1850397751
1665.7973532172,96.3104620575
1666.5113683708,96.0566983249
1667.2253835243,96.3671822532
1667.9393986779,96.5462110739
1668.6534138314,96.0211452704
1669.3674289849,96.5108485116
1670.0814441385,96.6598511336
1670.7954592920,96.3387466494
1671.5094744456,96.6908574438
1672.2234895991,96.6692347056
1672.9375047527,96.4191584733
1673.6515199062,96.6549531772
1674.3655350598,96.5740627758
1675.0795502133,96.4547342366
1675.7935653668,97.2878912262
1676.5075805204,96.8320340344
1677.2215956739,96.5156813346
1677.9356108275,96.6625485887
1678.6496259810,96.7578560135
1679.3636411346,96.8090728752
1680.0776562881,96.8932555623
1680.7916714416,96.8974421121
1681.5056865952,96.9405032966
1682.2197017487,96.8388021460
1682.9337169023,96.7707301189
1683.6477320558,97.0554480040
1684.3617472094,97.1086157455
1685.0757623629,97.2894743926
1685.7897775164,97.3005590526
1686.5037926700,97.1135145173
1687.2178078235,97.0076535744
1687.9318229771,97.0089362860
1688.6458381306,97.0451553506
1689.3598532842,97.1462190401
1690.0738684377,97.1243494592
1690.7878835913,97.0784410836
1691.5018987448,97.1799911816
1692.2159138983,97.1277281259
1692.9299290519,96.9696334451
1693.6439442054,97.1348862807
1694.3579593590,97.2635752664
1695.0719745125,96.8548548809
1695.7859896661,96.4911805435
1696.5000048196,97.6648778591
1697.2140199731,97.4090473808
1697.9280351267,97.2372851293
1698.6420502802,97.3496619321
1699.3560654338,97.0269850355
1700.0700805873,94.4401904075
1700.7840957409,98.7184856922
1701.4981108944,97.4700048730
1702.2121260480,97.2734005055
1702.9261412015,97.3704811334
1703.6401563550,96.9894521022
1704.3541715086,96.9770719384
1705.0681866621,97.5043353140
1705.7822018157,97.3944694303
1706.4962169692,97.4666219868
1707.2102321228,97.4709490603
1707.9242472763,97.1635720822
1708.6382624298,97.1648998778
1709.3522775834,97.2196388427
1710.0662927369,97.1477348289
1710.7803078905,97.3143440332
1711.4943230440,97.2113706798
1712.2083381976,97.0433107539
1712.9223533511,97.2232496438
1713.6363685046,97.2085842149
1714.3503836582,97.0181816087
1715.0643988117,97.2148803759
1715.7784139653,97.2574256185
1716.4924291188,97.1216724088
1717.2064442724,97.1965127699
1717.9204594259,97.5388220317
1718.6344745795,97.3952516124
1719.3484897330,97.2970763108
1720.0625048865,97.2445490897
1720.7765200401,97.0729826557
1721.4905351936,97.0870304221
1722.2045503472,97.2458956773
1722.9185655007,97.1350093233
1723.6325806543,97.1897919727
1724.3465958078,97.3283014992
1725.0606109613,97.1378674633
1725.7746261149,97.1398668545
1726.4886412684,97.2212568477
1727.2026564220,97.0372520632
1727.9166715755,97.0978674976
1728.6306867291,97.1476230686
1729.3447018826,96.9556630514
1730.0587170362,97.1342169947
1730.7727321897,97.3682814789
1731.4867473432,97.3439693197
1732.2007624968,97.3066975951
1732.9147776503,97.2243498488
1733.6287928039,97.2461613974
1734.3428079574,97.2239169855
1735.0568231110,97.3542081961
1735.7708382645,97.4957633078
1736.4848534180,97.2538245889
1737.1988685716,97.0747060601
1737.9128837251,97.3536538379
1738.6268988787,97.2916725675
1739.3409140322,97.3175936098
1740.0549291858,97.8645859098
1740.7689443393,97.5736954254
1741.4829594928,97.3915836296
1742.1969746464,97.3654778542
1742.9109897999,97.1884505924
1743.6250049535,97.3533957773
1744.3390201070,97.5346754775
1745.0530352606,97.4728984585
1745.7670504141,97.3753687199
1746.4810655677,97.2061601604
1747.1950807212,97.3848249679
1747.9090958747,97.5564766053
1748.6231110283,97.2415608806
1749.3371261818,97.4413378926
1750.0511413354,97.5665397615
1750.7651564889,97.1111030961
1751.4791716425,97.3871276097
1752.1931867960,97.7173199978
1752.9072019495,97.4788247204
1753.6212171031,97.4299955556
1754.3352322566,97.4080844509
1755.0492474102,97.3266171155
1755.7632625637,97.3997883029
1756.4772777173,97.3153540305
1757.1912928708,97.4254068812
1757.9053080244,97.5982470882
1758.6193231779,97.4128174713
1759.3333383314,97.3952139760
1760.0473534850,97.4912755647
1760.7613686385,97.3642909411
1761.4753837921,97.6054435608
1762.1893989456,97.8125781631
1762.9034140992,97.4466760273
1763.6174292527,97.4288209902
1764.3314444062,97.5861656188
1765.0454595598,97.4580642911
1765.7594747133,97.3759572583
1766.4734898669,97.4807698750
1767.1875050204,97.4224065419
1767.9015201740,97.2772328963
1768.6155353275,97.5735204477
1769.3295504810,97.5657824340
1770.0435656346,97.3119633131
1770.7575807881,97.4926874909
1771.4715959417,97.8394853488
1772.1856110952,97.6159390726
1772.8996262488,97.7568293204
1773.6136414023,97.8115865921
1774.3276565559,97.5217905545
1775.0416717094,97.4769913046
1775.7556868629,97.6749675266
1776.4697020165,97.5963580820
1777.1837171700,97.5456561401
1777.8977323236,97.5733661990
1778.6117474771,97.5795292828
1779.3257626307,97.5193673692
1780.0397777842,97.4113806141
1780.7537929377,97.5712385011
1781.4678080913,97.6284269165
1782.1818232448,97.4292493039
1782.8958383984,97.5589251121
1783.6098535519,97.7008725636
1784.3238687055,97.4610648603
1785.0378838590,97.4538315465
1785.7518990126,97.6261116641
1786.4659141661,97.5214542639
1787.1799293196,97.4491566811
1787.8939444732,97.4280350685
1788.6079596267,97.4794197239
1789.3219747803,97.6258548945
1790.0359899338,97.5621977882
1790.7500050874,97.5647730112
1791.4640202409,97.7621228949
1792.1780353944,97.6791660737
1792.8920505480,97.6906243648
1793.6060657015,97.7964017628
1794.3200808551,97.6286068559
1795.0340960086,97.5870494136
1795.7481111622,97.6696939312
1796.4621263157,97.4810622583
1797.1761414693,97.4967822294
1797.8901566228,97.6692470096
1798.6041717763,97.5870937055
1799.3181869299,97.6113832614
1800.0322020834,97.7450108187
1800.7462172370,97.5763696284
1801.4602323905,97.4972868594
1802.1742475441,97.6348483596
1802.8882626976,97.6287296617
1803.6022778511,97.5813847248
1804.3162930047,97.6443032822
1805.0303081582,97.7096437171
1805.7443233118,97.6884562291
1806.4583384653,97.6143720505
1807.1723536189,97.5555204644
1807.8863687724,97.6039604642
1808.6003839259,97.6940559067
1809.3143990795,97.6516022061
1810.0284142330,97.6248146858
1810.7424293866,97.7420386013
1811.4564445401,97.6514004215
1812.1704596937,97.5573238750
1812.8844748472,97.7059402972
1813.5984900008,97.6403660774
1814.3125051543,97.4891066900
1815.0265203078,97.7081298788
1815.7405354614,97.8291846828
1816.4545506149,97.7166059526
1817.1685657685,97.7322191288
1817.8825809220,97.6623926468
1818.5965960756,97.5079010968
1819.3106112291,97.4770843583
1820.0246263826,97.4725281096
1820.7386415362,97.5880967521
1821.4526566897,97.6563606498
1822.1666718433,97.5224850595
1822.8806869968,97.6034777705
1823.5947021504,97.7158571171
1824.3087173039,97.5595598386
1825.0227324575,97.5324723739
1825.7367476110,97.6030301917
1826.4507627645,97.4920257540
1827.1647779181,97.6008516048
1827.8787930716,97.7535428369
1828.5928082252,97.6378860771
1829.3068233787,97.6859874114
1830.0208385323,97.9360245018
1830.7348536858,97.8122183337
1831.4488688393,97.7225962684
1832.1628839929,97.7071513492
1832.8768991464,97.6313419350
1833.5909143000,97.5558535198
1834.3049294535,97.5744834932
1835.0189446071,97.7472075790
1835.7329597606,97.8170686383
1836.4469749141,97.5865762877
1837.1609900677,97.5402867241
1837.8750052212,97.7128555556
1838.5890203748,97.5536213061
1839.3030355283,97.4644214359
1840.0170506819,97.6920519525
1840.7310658354,97.6409375295
1841.4450809890,97.5475201549
1842.1590961425,97.7513829971
1842.8731112960,97.7361417259
1843.5871264496,97.6840530459
1844.3011416031,97.8987101902
1845.0151567567,97.6709773845
1845.7291719102,97.6189354192
1846.4431870638,97.8178404716
1847.1572022173,97.7999660659
1847.8712173708,97.6592645758
1848.5852325244,97.7106597826
1849.2992476779,97.7922799372
1850.0132628315,97.8185277660
1850.7272779850,97.7109367427
1851.4412931386,97.5768652051
1852.1553082921,97.6038132476
1852.8693234457,97.6732194058
1853.5833385992,97.6996545725
1854.2973537527,97.6965167048
1855.0113689063,97.6015877300
1855.7253840598,97.5919068606
1856.4393992134,97.6947254367
1857.1534143669,97.6791705416
1857.8674295205,97.6530499194
1858.5814446740,97.6761578049
1859.2954598275,97.6252356169
1860.0094749811,97.6439103969
1860.7234901346,97.6714919481
1861.4375052882,97.5722305744
1862.1515204417,97.6482519419
1862.8655355953,97.7941955822
1863.5795507488,97.6043776481
1864.2935659023,97.4187321580
1865.0075810559,97.6106678606
1865.7215962094,97.8382103119
1866.4356113630,97.8043783837
1867.1496265165,97.6981095979
1867.8636416701,97.7561050552
1868.5776568236,97.8706319173
1869.2916719772,97.8176927806
1870.0056871307,97.7799633699
1870.7197022842,97.8213862328
1871.4337174378,97.6861804463
1872.1477325913,97.5719882420
1872.8617477449,97.7142605701
1873.5757628984,97.7739647865
1874.2897780520,97.6288019687
1875.0037932055,97.5755534859
1875.7178083590,97.6890545520
1876.4318235126,97.7395203864
1877.1458386661,97.6035555887
1877.8598538197,97.5555445703
1878.5738689732,97.6430620643
1879.2878841268,97.5559112096
1880.0018992803,97.5455018309
1880.7159144339,97.7740534792
1881.4299295874,97.7672618012
1882.1439447409,97.6310061392
1882.8579598945,97.7938597585
1883.5719750480,97.9093254237
1884.2859902016,97.7238645149
1885.0000053551,97.5790089695
1885.7140205087,97.6287010321
1886.4280356622,97.7585083597
1887.1420508157,97.8621869368
1887.8560659693,97.7788386736
1888.5700811228,97.6315972028
1889.2840962764,97.7235283299
1889.9981114299,97.9185204688
1890.7121265835,97.7654909170
1891.4261417370,97.6000034798
1892.1401568905,97.6841121851
1892.8541720441,97.7244506277
1893.5681871976,97.6449846723
1894.2822023512,97.6898235059
1894.9962175047,97.8053190785
1895.7102326583,97.8490900169
1896.4242478118,97.7869225969
1897.1382629654,97.6902717703
1897.8522781189,97.7313993788
1898.5662932724,97.8049148700
1899.2803084260,97.7153407011
1899.9943235795,97.6676902882
1900.7083387331,97.7994755092
1901.4223538866,97.9347206562
1902.1363690402,97.9635955576
1902.8503841937,97.9251358901
1903.5643993472,97.8965883617
1904.2784145008,97.8636878927
1904.9924296543,97.8226221679
1905.7064448079,97.8471907787
1906.4204599614,97.8044040494
1907.1344751150,97.6614115714
1907.8484902685,97.7475305086
1908.5625054221,97.8901856468
1909.2765205756,97.7094811408
1909.9905357291,97.6064646876
1910.7045508827,97.7566068455
1911.4185660362,97.6626878732
1912.1325811898,97.5058354009
1912.8465963433,97.5720797424
1913.5606114969,97.6213151035
1914.2746266504,97.6783345997
1914.9886418039,97.8230756535
1915.7026569575,97.9558509194
1916.4166721110,97.9720676945
1917.1306872646,97.7889563561
1917.8447024181,97.6405772728
1918.5587175717,97.8402221884
1919.2727327252,97.8270279797
1919.9867478788,97.7428155663
1920.7007630323,97.9105908301
1921.4147781858,97.9439068878
1922.1287933394,97.7738626241
1922.8428084929,97.8139724612
1923.5568236465,98.1086116201
1924.2708388000,98.2550816128
1924.9848539536,98.0289698660
1925.6988691071,97.7455417589
1926.4128842606,97.7563087740
1927.1268994142,97.8078984880
1927.8409145677,97.8029777963
1928.5549297213,97.8751900563
1929.2689448748,97.9608821103
1929.9829600284,97.9338774846
1930.6969751819,97.7616915610
1931.4109903354,97.8896209490
1932.1250054890,98.3303210273
1932.8390206425,98.3176760355
1933.5530357961,98.1163095296
1934.2670509496,98.0961798698
1934.9810661032,97.9114759222
1935.6950812567,97.9154177489
1936.4090964103,97.9710002702
1937.1231115638,97.6268920009
1937.8371267173,97.6072224856
1938.5511418709,97.8534916445
1939.2651570244,97.9006912816
1939.9791721780,98.0950382994
1940.6931873315,98.0489721172
1941.4072024851,97.8543888902
1942.1212176386,98.0662937709
1942.8352327921,98.0538808368
1943.5492479457,97.9705733240
1944.2632630992,98.2788714163
1944.9772782528,98.3155984561
1945.6912934063,97.9502089264
1946.4053085599,97.7756560035
1947.1193237134,98.0353307798
1947.8333388670,98.3097264244
1948.5473540205,98.1416618595
1949.2613691740,98.2170186002
1949.9753843276,98.4747654192
1950.6893994811,98.1728196358
1951.4034146347,97.9176637446
1952.1174297882,97.7969050981
1952.8314449418,97.9374626499
1953.5454600953,98.7116153796
1954.2594752488,98.3674593509
1954.9734904024,97.2733409197
1955.6875055559,97.7304171812
1956.4015207095,98.2721414172
1957.1155358630,98.0995727737
1957.8295510166,98.4471531123
1958.5435661701,98.4280042472
1959.2575813236,98.0250820398
1959.9715964772,98.1317228480
1960.6856116307,98.2197027121
1961.3996267843,98.3558151891
1962.1136419378,98.3090572198
1962.8276570914,97.7758057248
1963.5416722449,97.7033407965
1964.2556873985,98.0801754875
1964.9697025520,98.5312841640
1965.6837177055,98.6856727753
1966.3977328591,97.9538212618
1967.1117480126,97.5211941942
1967.8257631662,98.1158693484
1968.5397783197,98.4230756791
1969.2537934733,98.3759091217
1969.9678086268,98.4102500065
1970.6818237803,98.6072699870
1971.3958389339,98.8562999055
1972.1098540874,98.7237941700
1972.8238692410,98.5647228414
1973.5378843945,98.3289584525
1974.2518995481,97.7346151222
1974.9659147016,97.8055621063
1975.6799298552,98.2177327317
1976.3939450087,98.0500640774
1977.1079601622,98.1419364418
1977.8219753158,98.2030080929
1978.5359904693,97.8014484343
1979.2500056229,97.9775548763
1979.9640207764,98.3101323268
1980.6780359300,98.1217305744
1981.3920510835,97.7970845718
1982.1060662370,97.5644194080
1982.8200813906,97.7283030754
1983.5340965441,98.0321381359
1984.2481116977,98.0026643883
1984.9621268512,98.3301196836
1985.6761420048,98.5642884763
1986.3901571583,97.7907111787
1987.1041723118,97.5178812744
1987.8181874654,97.9076162457
1988.5322026189,97.8206245343
1989.2462177725,98.3494977135
1989.9602329260,98.8052856889
1990.6742480796,97.9805276817
1991.3882632331,97.9751445193
1992.1022783867,98.4963408882
1992.8162935402,97.7753172927
1993.5303086937,97.7809739629
1994.2443238473,97.8368464046
1994.9583390008,97.2950322749
1995.6723541544,97.9508535851
1996.3863693079,98.2355371519
1997.1003844615,97.6088548677
1997.8143996150,98.0125698045
1998.5284147685,98.0460485686
1999.2424299221,97.7147346944
1999.9564450756,98.0179416549
2000.6704602292,97.6244574737
2001.3844753827,97.6566106653
2002.0984905363,98.1152337097
2002.8125056898,97.6290969838
2003.5265208434,98.2393699598
2004.2405359969,98.8518127405
2004.9545511504,97.8259914640
2005.6685663040,98.1172747410
2006.3825814575,98.8948008670
2007.0965966111,98.3896035893
2007.8106117646,98.4464143031
2008.5246269182,98.3977974056
2009.2386420717,97.8652374959
2009.9526572252,97.8890729225
2010.6666723788,98.2171916713
2011.3806875323,98.4700144268
2012.0947026859,97.8408026897
2012.8087178394,97.4914079003
2013.5227329930,98.4980692340
2014.2367481465,98.2944909314
2014.9507633000,97.5301702685
2015.6647784536,98.2041602216
2016.3787936071,98.4345508823
2017.0928087607,98.0954147822
2017.8068239142,97.9710526504
2018.5208390678,97.5559171492
2019.2348542213,97.8360285741
2019.9488693749,98.5242547271
2020.6628845284,98.5459329994
2021.3768996819,97.8798566369
2022.0909148355,97.1589328418
2022.8049299890,97.7315179032
2023.5189451426,98.2468899351
2024.2329602961,97.4849583456
2024.9469754497,97.5091959995
2025.6609906032,97.7766296579
2026.3750057567,97.7658976422
2027.0890209103,98.3602863202
2027.8030360638,97.9955529325
2028.5170512174,97.5113791090
2029.2310663709,97.8881331798
2029.9450815245,97.7325196883
2030.6590966780,97.7461207058
2031.3731118316,97.3948865290
2032.0871269851,96.7561072135
2032.8011421386,97.7849366106
2033.5151572922,97.8329965294
2034.2291724457,96.8842339395
2034.9431875993,97.7276547480
2035.6572027528,97.5373363348
2036.3712179064,96.5583975780
2037.0852330599,97.3914372216
2037.7992482134,97.9154040512
2038.5132633670,97.4861881893
2039.2272785205,97.2097040923
2039.9412936741,97.3663711074
2040.6553088276,97.8926427083
2041.3693239812,97.3774780439
2042.0833391347,96.7962221929
2042.7973542883,97.3140130968
2043.5113694418,97.3071125967
2044.2253845953,97.2669648953
2044.9393997489,97.5009600487
2045.6534149024,97.0860024784
2046.3674300560,97.2652168955
2047.0814452095,97.4843649595
2047.7954603631,97.0047993741
2048.5094755166,97.1328587111
2049.2234906701,97.1141426139
2049.9375058237,96.7940444372
2050.6515209772,96.9771725045
2051.3655361308,97.1087485777
2052.0795512843,97.4574608258
2052.7935664379,97.5510701310
2053.5075815914,96.9742888504
2054.2215967449,97.0895002745
2054.9356118985,97.2657008553
2055.6496270520,96.8968392055
2056.3636422056,96.9892965033
2057.0776573591,97.0273541847
2057.7916725127,97.0198692927
2058.5056876662,97.3341556373
2059.2197028198,97.1283738378
2059.9337179733,97.0055305015
2060.6477331268,97.2741079455
2061.3617482804,97.0731768594
2062.0757634339,96.9503249166
2062.7897785875,97.1684925956
2063.5037937410,97.1864947441
2064.2178088946,97.2194700532
2064.9318240481,97.3818736929
2065.6458392016,97.4305920571
2066.3598543552,97.2829022984
2067.0738695087,97.2051691679
2067.7878846623,97.1746504140
2068.5018998158,96.9355158894
2069.2159149694,97.1019322276
2069.9299301229,97.4539732498
2070.6439452765,97.0911919912
2071.3579604300,96.9677886720
2072.0719755835,97.3344646136
2072.7859907371,97.2680464010
2073.5000058906,97.2494956845
2074.2140210442,97.2388149295
2074.9280361977,96.8754884381
2075.6420513513,96.8855436449
2076.3560665048,97.0203963177
2077.0700816583,96.8779511938
2077.7840968119,96.9421936214
2078.4981119654,97.0484561126
2079.2121271190,97.0483705703
2079.9261422725,97.1685546509
2080.6401574261,97.1892780462
2081.3541725796,96.9771902918
2082.0681877331,96.8532138766
2082.7822028867,97.0421980681
2083.4962180402,97.2036338170
2084.2102331938,97.1654792224
2084.9242483473,97.2113622478
2085.6382635009,97.1394258247
2086.3522786544,97.0759915781
2087.0662938080,97.4231290018
2087.7803089615,97.5716000381
2088.4943241150,97.3477552657
2089.2083392686,97.2854301949
2089.9223544221,97.3264351318
2090.6363695757,97.3431643997
2091.3503847292,97.2646455850
2092.0643998828,97.2412239933
2092.7784150363,97.4643322798
2093.4924301898,97.3443110360
2094.2064453434,97.0866846670
2094.9204604969,97.3669178317
2095.6344756505,97.4463209974
2096.3484908040,97.2301977010
2097.0625059576,97.3066398016
2097.7765211111,97.1857342034
2098.4905362647,96.9819366492
2099.2045514182,97.2304517400
2099.9185665717,97.3746419641
2100.6325817253,97.1488887000
2101.3465968788,97.0304961178
2102.0606120324,97.1700338263
2102.7746271859,97.3092016148
2103.4886423395,97.3238546564
2104.2026574930,97.2672877271
2104.9166726465,97.1023695776
2105.6306878001,97.1038549525
2106.3447029536,97.3997000684
2107.0587181072,97.4314498556
2107.7727332607,97.1736264895
2108.4867484143,97.0873769798
2109.2007635678,97.1399354301
2109.9147787213,97.1575189850
2110.6287938749,97.1558799819
2111.3428090284,97.3263832806
2112.0568241820,97.5153918755
2112.7708393355,97.1748509645
2113.4848544891,96.8121931230
2114.1988696426,97.1272498185
2114.9128847962,97.5672208499
2115.6268999497,97.6139871977
2116.3409151032,97.4333424495
2117.0549302568,97.2744977419
2117.7689454103,97.2276444733
2118.4829605639,97.3020713665
2119.1969757174,97.5035076755
2119.9109908710,97.4056753907
2120.6250060245,97.0607643572
2121.3390211780,97.2921676314
2122.0530363316,97.5536036248
2122.7670514851,97.2857749344
2123.4810666387,97.3812020309
2124.1950817922,97.6070659536
2124.9090969458,97.4946420316
2125.6231120993,97.4668873092
2126.3371272529,97.3162610849
2127.0511424064,97.3262471739
2127.7651575599,97.6808233042
2128.4791727135,97.6425088790
2129.1931878670,97.6543026251
2129.9072030206,97.8729738186
2130.6212181741,97.7612674354
2131.3352333277,97.8018496902
2132.0492484812,97.8602759763
2132.7632636347,97.7986277739
2133.4772787883,97.9761648555
2134.1912939418,97.7123451712
2134.9053090954,97.3848526567
2135.6193242489,97.7333095601
2136.3333394025,97.8640798537
2137.0473545560,97.7278142399
2137.7613697095,97.6457330770
2138.4753848631,97.5460439547
2139.1894000166,97.8650162313
2139.9034151702,98.0260997416
2140.6174303237,97.7104136850
2141.3314454773,97.8222319812
2142.0454606308,98.0118824915
2142.7594757844,97.6249721775
2143.4734909379,97.3940498882
2144.1875060914,97.8197001872
2144.9015212450,98.1402049639
2145.6155363985,97.7913384344
2146.3295515521,97.6139330498
2147.0435667056,97.8843501120
2147.7575818592,98.1349326829
2148.4715970127,98.3194762397
2149.1856121662,97.8826591541
2149.8996273198,97.4732595402
2150.6136424733,97.9736894246
2151.3276576269,97.9489410507
2152.0416727804,97.4757973759
2152.7556879340,97.9100097899
2153.4697030875,98.3215784554
2154.1837182411,98.3613702952
2154.8977333946,98.2922556715
2155.6117485481,97.9362427933
2156.3257637017,98.0724272300
2157.0397788552,98.5485340669
2157.7537940088,98.7537082507
2158.4678091623,98.3250852225
2159.1818243159,97.2435493277
2159.8958394694,97.3906238885
2160.6098546229,97.9526068615
2161.3238697765,97.1260231146
2162.0378849300,96.6132895850
2162.7519000836,96.8121498574
2163.4659152371,96.8259418693
2164.1799303907,97.2166872620
2164.8939455442,97.5481077090
2165.6079606978,97.5678558493
2166.3219758513,97.3639542633
2167.0359910048,96.7231936880
2167.7500061584,96.5752820484
2168.4640213119,97.0992111704
2169.1780364655,97.6349657209
2169.8920516190,97.8418229909
2170.6060667726,97.2272519617
2171.3200819261,97.2527095825
2172.0340970796,97.8141430405
2172.7481122332,97.1514911087
2173.4621273867,97.0673500666
2174.1761425403,97.6390957484
2174.8901576938,97.1136616028
2175.6041728474,97.3264648629
2176.3181880009,97.7407170197
2177.0322031544,96.9915737345
2177.7462183080,97.1774309463
2178.4602334615,97.6203610528
2179.1742486151,96.9038959969
2179.8882637686,96.7593055364
2180.6022789222,97.5277580129
2181.3162940757,97.9222013525
2182.0303092293,97.3416783462
2182.7443243828,96.6810842330
2183.4583395363,96.9759412227
2184.1723546899,97.4542315540
2184.8863698434,97.4200859352
2185.6003849970,97.0177745601
2186.3144001505,96.5841048662
2187.0284153041,96.6463122900
2187.7424304576,96.5189672074
2188.4564456111,96.3460873400
2189.1704607647,97.0273070738
2189.8844759182,97.1438671963
2190.5984910718,96.7566166400
2191.3125062253,97.0551306699
2192.0265213789,97.0726266961
2192.7405365324,97.1438998543
2193.4545516860,97.3947743490
2194.1685668395,97.1056944551
2194.8825819930,97.2316741016
2195.5965971466,97.1562664800
2196.3106123001,96.7593638656
2197.0246274537,97.2200192728
2197.7386426072,97.2702689480
2198.4526577608,96.9297624596
2199.1666729143,97.0335247877
2199.8806880678,96.8689294917
2200.5947032214,97.0694543177
2201.3087183749,97.3708353869
2202.0227335285,97.3629290599
2202.7367486820,97.5517860070
2203.4507638356,96.6349540135
2204.1647789891,96.4367164546
2204.8787941426,97.9507677002
2205.5928092962,97.3374220545
2206.3068244497,96.3708116727
2207.0208396033,97.1952279806
2207.7348547568,96.8353866390
2208.4488699104,96.6223970159
2209.1628850639,97.5039306013
2209.8769002175,97.3127506356
2210.5909153710,97.3283995493
2211.3049305245,97.2944591898
2212.0189456781,96.4724422435
2212.7329608316,96.6330979152
2213.4469759852,97.1444246841
2214.1609911387,97.2836906179
2214.8750062923,97.1545588022
2215.5890214458,96.6404899413
2216.3030365993,97.0033268500
2217.0170517529,97.3829466948
2217.7310669064,96.9280143942
2218.4450820600,97.0365857012
2219.1590972135,96.9172795007
2219.8731123671,96.7819181568
2220.5871275206,97.4241590916
2221.3011426742,97.1185460268
2222.0151578277,96.7862940999
2222.7291729812,97.1632601285
2223.4431881348,96.9666266952
2224.1572032883,97.0995060460
2224.8712184419,97.0857440789
2225.5852335954,96.5848396508
2226.2992487490,97.1481701423
2227.0132639025,97.3347977268
2227.7272790560,96.8096801142
2228.4412942096,96.9197775913
2229.1553093631,96.7335803044
2229.8693245167,96.7550181731
2230.5833396702,97.2739587924
2231.2973548238,96.9233879283
2232.0113699773,96.6806995160
2232.7253851308,97.0023581299
2233.4394002844,97.0660819552
2234.1534154379,97.0698373713
2234.8674305915,96.8059521817
2235.5814457450,96.6434618685
2236.2954608986,96.8897906662
2237.0094760521,96.7460581698
2237.7234912057,96.7515980140
2238.4375063592,97.0210239169
2239.1515215127,96.9847288713
2239.8655366663,97.0943073271
2240.5795518198,97.0771801817
2241.2935669734,96.8697662706
2242.0075821269,97.0557590860
2242.7215972805,97.1146242985
2243.4356124340,96.8663484320
2244.1496275875,96.7168261585
2244.8636427411,96.7187122637
2245.5776578946,96.8853889614
2246.2916730482,96.8576355705
2247.0056882017,96.7721622341
2247.7197033553,96.9033577589
2248.4337185088,96.8688961071
2249.1477336624,96.7976219240
2249.8617488159,96.7863281203
2250.5757639694,96.7471447372
2251.2897791230,96.8461891928
2252.0037942765,96.8171747739
2252.7178094301,96.9060862843
2253.4318245836,97.1048067817
2254.1458397372,96.8644866168
2254.8598548907,96.7808979707
2255.5738700442,96.8771597535
2256.2878851978,96.6608382548
2257.0019003513,96.7038942486
2257.7159155049,96.7249747638
2258.4299306584,96.4994278020
2259.1439458120,96.6669089496
2259.8579609655,96.7384737794
2260.5719761190,96.7193724557
2261.2859912726,96.9549812501
2262.0000064261,96.8194460455
2262.7140215797,96.6342708553
2263.4280367332,96.8367331614
2264.1420518868,96.8841875547
2264.8560670403,96.7038725769
2265.5700821939,96.5634365132
2266.2840973474,96.6512394880
2266.9981125009,96.6989922764
2267.7121276545,96.4090706161
2268.4261428080,96.5108636188
2269.1401579616,96.8244810547
2269.8541731151,96.6229265557
2270.5681882687,96.6443206966
2271.2822034222,96.9227996470
2271.9962185757,96.8362033771
2272.7102337293,96.7291593013
2273.4242488828,96.7205969796
2274.1382640364,96.6414575213
2274.8522791899,96.6524999764
2275.5662943435,96.7021802360
2276.2803094970,96.7153351036
2276.9943246506,96.6953895305
2277.7083398041,96.6961611153
2278.4223549576,96.7388686125
2279.1363701112,96.8127504015
2279.8503852647,96.8805913052
2280.5644004183,96.7090953216
2281.2784155718,96.5863551108
2281.9924307254,96.6363572163
2282.7064458789,96.5143749502
2283.4204610324,96.5495157995
2284.1344761860,96.6638101977
2284.8484913395,96.5219870183
2285.5625064931,96.7587712347
2286.2765216466,96.8680585480
2286.9905368002,96.5199863435
2287.7045519537,96.7091591010
2288.4185671072,96.8459098762
2289.1325822608,96.6592475049
2289.8465974143,96.8698452704
2290.5606125679,96.7997575310
2291.2746277214,96.6112435566
2291.9886428750,96.7350267861
2292.7026580285,96.6181690394
2293.4166731821,96.7709256474
2294.1306883356,96.9978829264
2294.8447034891,96.7562119230
2295.5587186427,96.8186547593
2296.2727337962,96.8537075133
2296.9867489498,96.6979514463
2297.7007641033,96.8511725595
2298.4147792569,96.8009591340
2299.1287944104,96.7762610769
2299.8428095639,96.7845027267
2300.5568247175,96.5645436083
2301.2708398710,96.8853342561
2301.9848550246,96.9451271291
2302.6988701781,96.6653204876
2303.4128853317,97.0376779868
2304.1269004852,96.9794742843
2304.8409156388,96.8418194803
2305.5549307923,97.0578998477
2306.2689459458,96.6137166894
2306.9829610994,96.7579633883
2307.6969762529,97.1376901754
2308.4109914065,96.4458301824
2309.1250065600,96.6860750310
2309.8390217136,97.0375821593
2310.5530368671,96.4255273989
2311.2670520206,97.0138965372
2311.9810671742,97.0182730137
2312.6950823277,96.4069309034
2313.4090974813,97.2271291364
2314.1231126348,96.9584373057
2314.8371277884,96.3787830723
2315.5511429419,97.1398627107
2316.2651580955,96.7786374007
2316.9791732490,96.6239328061
2317.6931884025,97.3230222667
2318.4072035561,96.8473065080
2319.1212187096,96.7955961117
2319.8352338632,97.0799610007
2320.5492490167,96.6799719511
2321.2632641703,97.0765675548
2321.9772793238,97.0346746852
2322.6912944773,96.5508038937
2323.4053096309,96.8835714948
2324.1193247844,96.7132705393
2324.8333399380,96.7072585967
2325.5473550915,97.2505452958
2326.2613702451,97.0046884510
2326.9753853986,97.1843042926
2327.6894005521,97.4058619758
2328.4034157057,96.9407319925
2329.1174308592,97.0083708017
2329.8314460128,97.1092805024
2330.5454611663,96.9859611322
2331.2594763199,97.3573078323
2331.9734914734,97.2335868689
2332.6875066270,97.0267750958
2333.4015217805,97.1792509486
2334.1155369340,97.0479202633
2334.8295520876,97.1420312716
2335.5435672411,97.2950339149
2336.2575823947,97.1727862575
2336.9715975482,97.1914178798
2337.6856127018,97.0920546553
2338.3996278553,97.1021340243
2339.1136430088,97.2802772595
2339.8276581624,97.1084905605
2340.5416733159,97.1437007520
2341.2556884695,97.2865660454
2341.9697036230,97.2476122638
2342.6837187766,97.4192534181
2343.3977339301,97.3467485907
2344.1117490837,97.1838538303
2344.8257642372,97.2520097038
2345.5397793907,97.2278530696
2346.2537945443,97.3319131893
2346.9678096978,97.2600796037
2347.6818248514,96.9919039978
2348.3958400049,97.1071975344
2349.1098551585,97.1533924233
2349.8238703120,97.0255940767
2350.5378854655,97.0988125047
2351.2519006191,97.1047255377
2351.9659157726,97.0482334461
2352.6799309262,97.0540139455
2353.3939460797,96.9743815936
2354.1079612333,97.1101983302
2354.8219763868,97.1393041377
2355.5359915403,97.0371612944
2356.2500066939,97.1594250603
2356.9640218474,96.9473351377
2357.6780370010,96.8779207554
2358.3920521545,97.2012680160
2359.1060673081,97.0184574140
2359.8200824616,97.0363671926
2360.5340976152,97.2152432609
2361.2481127687,97.0389679678
2361.9621279222,97.2570133159
2362.6761430758,97.2705537818
2363.3901582293,97.1223003764
2364.1041733829,97.3785277202
2364.8181885364,97.0894702398
2365.5322036900,96.9259865650
2366.2462188435,97.3409039021
2366.9602339970,97.1097167881
2367.6742491506,96.9641896354
2368.3882643041,97.2832521561
2369.1022794577,97.2264304641
2369.8162946112,97.1737060832
2370.5303097648,97.1614424230
2371.2443249183,97.0809271792
2371.9583400719,97.1099350980
2372.6723552254,96.9430065540
2373.3863703789,96.8309384454
2374.1003855325,96.9374388313
2374.8144006860,96.9532124353
2375.5284158396,97.0326236776
2376.2424309931,96.9740322901
2376.9564461467,96.8577981985
2377.6704613002,96.9842811051
2378.3844764537,96.9465542641
2379.0984916073,96.8604353135
2379.8125067608,96.9420481428
2380.5265219144,96.8373918533
2381.2405370679,96.7568024779
2381.9545522215,96.8127372425
2382.6685673750,96.8032749623
2383.3825825285,96.8608749392
2384.0965976821,96.8223212375
2384.8106128356,96.7422328358
2385.5246279892,96.8263245202
2386.2386431427,96.7710478551
2386.9526582963,96.7107906097
2387.6666734498,96.8578904466
2388.3806886034,96.8322345913
2389.0947037569,96.7929239300
2389.8087189104,96.8896201182
2390.5227340640,96.8709636173
2391.2367492175,96.8288328359
2391.9507643711,96.8200461034
2392.6647795246,96.7960547584
2393.3787946782,96.7735399970
2394.0928098317,96.7682649679
2394.8068249852,96.8567511774
2395.5208401388,96.8857764121
2396.2348552923,96.7746931104
2396.9488704459,96.7712385588
2397.6628855994,96.8837888534
2398.3769007530,96.8711519700
2399.0909159065,96.8578223521
2399.8049310601,96.7908840494
2400.5189462136,96.8578273102
2401.2329613671,96.8458681936
2401.9469765207,96.8311463625
2402.6609916742,96.9371941245
2403.3750068278,96.8243427811
2404.0890219813,96.7692602631
2404.8030371349,96.9486274520
2405.5170522884,96.8587342809
2406.2310674419,96.7803504470
2406.9450825955,96.8770857190
2407.6590977490,96.7629557876
2408.3731129026,96.7663544810
2409.0871280561,96.9099269489
2409.8011432097,96.8281637373
2410.5151583632,96.7289640537
2411.2291735167,96.7194581638
2411.9431886703,96.7667005969
2412.6572038238,96.8195590262
2413.3712189774,96.8117416221
2414.0852341309,96.9322058310
2414.7992492845,96.9691046443
2415.5132644380,96.8380242425
2416.2272795916,96.8792115894
2416.9412947451,96.9033047880
2417.6553098986,96.8659975552
2418.3693250522,96.9117401884
2419.0833402057,96.8275460388
2419.7973553593,96.7983423611
2420.5113705128,96.8461151502
2421.2253856664,96.7744369334
2421.9394008199,96.8194633788
2422.6534159734,96.7669813037
2423.3674311270,96.6229602670
2424.0814462805,96.8305289390
2424.7954614341,96.9497729528
2425.5094765876,96.8141866925
2426.2234917412,96.8128995919
2426.9375068947,96.8356004208
2427.6515220483,96.8228738518
2428.3655372018,96.7585274295
2429.0795523553,96.6499192147
2429.7935675089,96.6657509752
2430.5075826624,96.6855973715
2431.2215978160,96.7962689315
2431.9356129695,96.8998716410
2432.6496281231,96.7074894782
2433.3636432766,96.6912410430
2434.0776584301,96.7713868305
2434.7916735837,96.6378116346
2435.5056887372,96.7753551631
2436.2197038908,96.7790963884
2436.9337190443,96.5193463575
2437.6477341979,96.6967912872
2438.3617493514,96.6817838439
2439.0757645050,96.4208077485
2439.7897796585,96.6975432796
2440.5037948120,96.8259751930
2441.2178099656,96.6309523278
2441.9318251191,96.6553800871
2442.6458402727,96.5849904110
2443.3598554262,96.5679782184
2444.0738705798,96.7757201190
2444.7878857333,96.7562137558
2445.5019008868,96.6126607505
2446.2159160404,96.6280109314
2446.9299311939,96.7581111250
2447.6439463475,96.7656333708
2448.3579615010,96.5455957729
2449.0719766546,96.5044805660
2449.7859918081,96.6018618963
2450.5000069616,96.5238368955
2451.2140221152,96.5819030563
2451.9280372687,96.6768009376
2452.6420524223,96.5468467452
2453.3560675758,96.5270106952
2454.0700827294,96.6291927691
2454.7840978829,96.6371187281
2455.4981130365,96.5506140150
2456.2121281900,96.4661191321
2456.9261433435,96.5958646530
2457.6401584971,96.7557353904
2458.3541736506,96.6757661153
2459.0681888042,96.6088112691
2459.7822039577,96.6666130371
2460.4962191113,96.6696263339
2461.2102342648,96.6588223067
2461.9242494183,96.7269135859
2462.6382645719,96.7220882404
2463.3522797254,96.5459134535
2464.0662948790,96.5219436021
2464.7803100325,96.7229023760
2465.4943251861,96.7259807400
2466.2083403396,96.6424154125
2466.9223554932,96.7342399407
2467.6363706467,96.7608471953
2468.3503858002,96.6806340406
2469.0644009538,96.6335604269
2469.7784161073,96.6188284328
2470.4924312609,96.6338112461
2471.2064464144,96.6448298649
2471.9204615680,96.6908154509
2472.6344767215,96.6548568858
2473.3484918750,96.5234636209
2474.0625070286,96.6488937267
2474.7765221821,96.7905826700
2475.4905373357,96.6636291256
2476.2045524892,96.6655477062
2476.9185676428,96.7132466833
2477.6325827963,96.6510822425
2478.3465979498,96.6616484003
2479.0606131034,96.4512167363
2479.7746282569,96.2722362646
2480.4886434105,96.5814180406
2481.2026585640,96.6762945005
2481.9166737176,96.4176407753
2482.6306888711,96.4862203516
2483.3447040247,96.6591486521
2484.0587191782,96.5725071655
2484.7727343317,96.4929824351
2485.4867494853,96.5398144488
2486.2007646388,96.5555670881
2486.9147797924,96.5104591780
2487.6287949459,96.5047345575
2488.3428100995,96.4867299932
2489.0568252530,96.4834078616
2489.7708404065,96.6152285426
2490.4848555601,96.6018056523
2491.1988707136,96.3954570200
2491.9128858672,96.4056518208
2492.6269010207,96.5227371411
2493.3409161743,96.4977813167
2494.0549313278,96.4751318177
2494.7689464814,96.5006828057
2495.4829616349,96.5616470978
2496.1969767884,96.6399875834
2496.9109919420,96.6027478385
2497.6250070955,96.4791234629
2498.3390222491,96.4338419055
2499.0530374026,96.5087777594
2499.7670525562,96.5736783117
2500.4810677097,96.5235683515
2501.1950828632,96.4624954231
2501.9090980168,96.4448353127
2502.6231131703,96.4172417751
2503.3371283239,96.4164787303
2504.0511434774,96.4657184941
2504.7651586310,96.5428852843
2505.4791737845,96.5183494878
2506.1931889380,96.3860449108
2506.9072040916,96.3992351258
2507.6212192451,96.4669470269
2508.3352343987,96.3972723792
2509.0492495522,96.3892954188
2509.7632647058,96.3978959411
2510.4772798593,96.3391928575
2511.1912950129,96.4002703369
2511.9053101664,96.4397132259
2512.6193253199,96.3990458508
2513.3333404735,96.4662128687
2514.0473556270,96.5328745134
2514.7613707806,96.5384218129
2515.4753859341,96.4861551599
2516.1894010877,96.3560205665
2516.9034162412,96.3683974062
2517.6174313947,96.4038530740
2518.3314465483,96.2673229663
2519.0454617018,96.2658776414
2519.7594768554,96.3325236208
2520.4734920089,96.2709668385
2521.1875071625,96.3321859955
2521.9015223160,96.3700525182
2522.6155374696,96.2702647652
2523.3295526231,96.4043860159
2524.0435677766,96.5397595918
2524.7575829302,96.3992679334
2525.4715980837,96.3851778443
2526.1856132373,96.4157588368
2526.8996283908,96.2746523788
2527.6136435444,96.3242469436
2528.3276586979,96.4437898378
2529.0416738514,96.3092896841
2529.7556890050,96.2518630314
2530.4697041585,96.3587550770
2531.1837193121,96.3666570473
2531.8977344656,96.3313397478
2532.6117496192,96.2907537095
2533.3257647727,96.2690006570
2534.0397799262,96.3600064580
2534.7537950798,96.3776012040
2535.4678102333,96.2658716112
2536.1818253869,96.2660137112
2536.8958405404,96.3616426130
2537.6098556940,96.3638747773
2538.3238708475,96.2936456495
2539.0378860011,96.2905696816
2539.7519011546,96.3235071182
2540.4659163081,96.2545800886
2541.1799314617,96.2135532681
2541.8939466152,96.3642866902
2542.6079617688,96.4679211137
2543.3219769223,96.3717411848
2544.0359920759,96.3085053674
2544.7500072294,96.3677672232
2545.4640223829,96.4165012981
2546.1780375365,96.4205155302
2546.8920526900,96.3553448898
2547.6060678436,96.2804760647
2548.3200829971,96.3606959975
2549.0340981507,96.4254258340
2549.7481133042,96.3452418663
2550.4621284578,96.3647812624
2551.1761436113,96.3866067999
2551.8901587648,96.2940213157
2552.6041739184,96.3092673639
2553.3181890719,96.2885871171
2554.0322042255,96.2401914319
2554.7462193790,96.3999817852
2555.4602345326,96.4425308889
2556.1742496861,96.4033281470
2556.8882648396,96.5175723113
2557.6022799932,96.4023452493
2558.3162951467,96.2429936364
2559.0303103003,96.3233861667
2559.7443254538,96.2788686838
2560.4583406074,96.2789683779
2561.1723557609,96.3904006195
2561.8863709144,96.2645440814
2562.6003860680,96.2010349659
2563.3144012215,96.2677523725
2564.0284163751,96.2560225197
2564.7424315286,96.3446355328
2565.4564466822,96.3331047377
2566.1704618357,96.2003514989
2566.8844769893,96.2874269734
2567.5984921428,96.3447513273
2568.3125072963,96.2548242108
2569.0265224499,96.2502867970
2569.7405376034,96.2713202755
2570.4545527570,96.2296715448
2571.1685679105,96.1446795213
2571.8825830641,96.1993025047
2572.5965982176,96.3396173587
2573.3106133711,96.1985867501
2574.0246285247,96.1049325617
2574.7386436782,96.2802166361
2575.4526588318,96.2341634126
2576.1666739853,96.1547011461
2576.8806891389,96.2797559511
2577.5947042924,96.2293141750
2578.3087194460,96.1375342089
2579.0227345995,96.1666889778
2579.7367497530,96.0823104118
2580.4507649066,96.0183788070
2581.1647800601,96.1160658348
2581.8787952137,96.1809575850
2582.5928103672,96.1071789722
2583.3068255208,96.0639791530
2584.0208406743,96.1330302764
2584.7348558278,96.0973352678
2585.4488709814,96.0164383075
2586.1628861349,96.0519728421
2586.8769012885,96.0423182889
2587.5909164420,96.1025772302
2588.3049315956,96.2380917850
2589.0189467491,96.1312962299
2589.7329619027,96.0286185149
2590.4469770562,96.1112122563
2591.1609922097,96.1364832381
2591.8750073633,96.1705839768
2592.5890225168,96.1662839251
2593.3030376704,96.0077169771
2594.0170528239,95.9359237014
2594.7310679775,96.0014368033
2595.4450831310,96.0724138508
2596.1590982845,96.0920412165
2596.8731134381,96.0815600930
2597.5871285916,96.1208313020
2598.3011437452,96.0763486193
2599.0151588987,95.9786300395
2599.7291740523,96.0526405529
2600.4431892058,96.0756609082
2601.1572043593,95.9809078778
2601.8712195129,96.0249564962
2602.5852346664,96.0439185828
2603.2992498200,95.9876525121
2604.0132649735,96.0726357149
2604.7272801271,96.0966843037
2605.4412952806,95.9212567156
2606.1553104342,95.8607942287
2606.8693255877,95.9645757944
2607.5833407412,95.9642294798
2608.2973558948,95.9472048986
2609.0113710483,96.0721373301
2609.7253862019,96.0863978619
2610.4394013554,95.9803849735
2611.1534165090,95.9960811674
2611.8674316625,96.0320668869
2612.5814468160,96.0523965011
2613.2954619696,96.0978267619
2614.0094771231,96.0222703323
2614.7234922767,95.9292810457
2615.4375074302,95.9354822121
2616.1515225838,95.9442157741
2616.8655377373,95.9905408225
2617.5795528909,96.0207002856
2618.2935680444,95.9496219187
2619.0075831979,95.8920007154
2619.7215983515,95.8866564833
2620.4356135050,95.9101031147
2621.1496286586,95.9395898176
2621.8636438121,95.9354406751
2622.5776589657,95.9211175042
2623.2916741192,95.9032216896
2624.0056892727,95.9197127796
2624.7197044263,95.9280748056
2625.4337195798,95.8446493903
2626.1477347334,95.8380878782
2626.8617498869,95.9090660325
2627.5757650405,95.8966632948
2628.2897801940,95.8813435911
2629.0037953475,95.8236403224
2629.7178105011,95.7811222422
2630.4318256546,95.9048228767
2631.1458408082,95.9186022097
2631.8598559617,95.8362549009
2632.5738711153,95.8707072663
2633.2878862688,95.8083161522
2634.0019014224,95.7439016995
2634.7159165759,95.8085588064
2635.4299317294,95.7647540012
2636.1439468830,95.7171080862
2636.8579620365,95.7357860275
2637.5719771901,95.7294525178
2638.2859923436,95.7952613179
2639.0000074972,95.7841155575
2639.7140226507,95.7007999283
2640.4280378042,95.7596824121
2641.1420529578,95.7839494894
2641.8560681113,95.7871228684
2642.5700832649,95.8645678593
2643.2840984184,95.7995656112
2643.9981135720,95.7223353210
2644.7121287255,95.7644910685
2645.4261438791,95.7485144147
2646.1401590326,95.7476398885
2646.8541741861,95.7691754908
2647.5681893397,95.7197056056
2648.2822044932,95.7496916630
2648.9962196468,95.8026395627
2649.7102348003,95.7076899325
2650.4242499539,95.6309399667
2651.1382651074,95.7181729478
2651.8522802609,95.8086507321
2652.5662954145,95.7691523699
2653.2803105680,95.7388115997
2653.9943257216,95.7896028916
2654.7083408751,95.7870741129
2655.4223560287,95.7692111313
2656.1363711822,95.8167641512
2656.8503863357,95.8067173218
2657.5644014893,95.7478890833
2658.2784166428,95.7650931119
2658.9924317964,95.7966406140
2659.7064469499,95.7777725625
2660.4204621035,95.7574392298
2661.1344772570,95.7278688472
2661.8484924106,95.7154072264
2662.5625075641,95.7935063882
2663.2765227176,95.8409074690
2663.9905378712,95.7734791032
2664.7045530247,95.7472951808
2665.4185681783,95.7738203843
2666.1325833318,95.7780368956
2666.8465984854,95.8141181843
2667.5606136389,95.8387939773
2668.2746287924,95.8212380515
2668.9886439460,95.8016871359
2669.7026590995,95.7840849361
2670.4166742531,95.8356038495
2671.1306894066,95.8642597604
2671.8447045602,95.7866028630
2672.5587197137,95.7956890956
2673.2727348673,95.8493857891
2673.9867500208,95.8387340478
2674.7007651743,95.8416367657
2675.4147803279,95.7822461423
2676.1287954814,95.7795675561
2676.8428106350,95.8955667502
2677.5568257885,95.8437395494
2678.2708409421,95.7917324747
2678.9848560956,95.8526885070
2679.6988712491,95.7820980498
2680.4128864027,95.8036396619
2681.1269015562,95.8978894375
2681.8409167098,95.7982220291
2682.5549318633,95.7930167746
2683.2689470169,95.8557630157
2683.9829621704,95.7905743992
2684.6969773239,95.8014261780
2685.4109924775,95.8030241044
2686.1250076310,95.7764465785
2686.8390227846,95.8452301496
2687.5530379381,95.8004710665
2688.2670530917,95.7473687669
2688.9810682452,95.8168825314
2689.6950833988,95.7740346981
2690.4090985523,95.7099146649
2691.1231137058,95.7366181866
2691.8371288594,95.7385110237
2692.5511440129,95.7243251239
2693.2651591665,95.6773398177
2693.9791743200,95.6617501039
2694.6931894736,95.7220968008
2695.4072046271,95.7279797910
2696.1212197806,95.7332816079
2696.8352349342,95.7361746378
2697.5492500877,95.6668900834
2698.2632652413,95.6772322203
2698.9772803948,95.7014207731
2699.6912955484,95.6250798209
2700.4053107019,95.6080632664
2701.1193258555,95.6588706278
2701.8333410090,95.6882450319
2702.5473561625,95.6736923065
2703.2613713161,95.6182060971
2703.9753864696,95.6118175602
2704.6894016232,95.6260553461
2705.4034167767,95.5985731636
2706.1174319303,95.5807372388
2706.8314470838,95.5482546829
2707.5454622373,95.5352177801
2708.2594773909,95.5801282941
2708.9734925444,95.5943123862
2709.6875076980,95.5903409380
2710.4015228515,95.5526540442
2711.1155380051,95.4746649744
2711.8295531586,95.5124876888
2712.5435683122,95.5871925122
2713.2575834657,95.5298842520
2713.9715986192,95.4596576235
2714.6856137728,95.4663859803
2715.3996289263,95.4845886036
2716.1136440799,95.4733347522
2716.8276592334,95.4567531208
2717.5416743870,95.4639279760
2718.2556895405,95.4520360565
2718.9697046940,95.4523806896
2719.6837198476,95.5169063507
2720.3977350011,95.5076261775
2721.1117501547,95.4044808302
2721.8257653082,95.3808510394
2722.5397804618,95.4166614987
2723.2537956153,95.4214692788
2723.9678107688,95.4297281247
2724.6818259224,95.4120920088
2725.3958410759,95.3467027892
2726.1098562295,95.3407017063
2726.8238713830,95.3928366800
2727.5378865366,95.4022369472
2728.2519016901,95.3803797776
2728.9659168437,95.3577734243
2729.6799319972,95.3619849121
2730.3939471507,95.3907275745
2731.1079623043,95.3491959724
2731.8219774578,95.3154756651
2732.5359926114,95.3584971002
2733.2500077649,95.3420103996
2733.9640229185,95.3591300257
2734.6780380720,95.4245783557
2735.3920532255,95.3384934085
2736.1060683791,95.2944185546
2736.8200835326,95.3584659045
2737.5340986862,95.3409472681
2738.2481138397,95.3777063642
2738.9621289933,95.3780264133
2739.6761441468,95.2749883933
2740.3901593004,95.3725627831
2741.1041744539,95.4424130206
2741.8181896074,95.3165025226
2742.5322047610,95.3153804672
2743.2462199145,95.3299720336
2743.9602350681,95.3232127998
2744.6742502216,95.4125883379
2745.3882653752,95.3453805022
2746.1022805287,95.2784158046
2746.8162956822,95.4152383953
2747.5303108358,95.4383043424
2748.2443259893,95.3716758812
2748.9583411429,95.3662094311
2749.6723562964,95.3063468758
2750.3863714500,95.2715714427
2751.1003866035,95.3273391013
2751.8144017570,95.3945906720
2752.5284169106,95.4193646532
2753.2424320641,95.3656415691
2753.9564472177,95.3254907424
2754.6704623712,95.3519508060
2755.3844775248,95.3800934173
2756.0984926783,95.3711541770
2756.8125078319,95.3005058038
2757.5265229854,95.2745605881
2758.2405381389,95.3301295891
2758.9545532925,95.3318355227
2759.6685684460,95.3405828678
2760.3825835996,95.3671838301
2761.0965987531,95.2913910973
2761.8106139067,95.2424424755
2762.5246290602,95.3013126241
2763.2386442137,95.3343382733
2763.9526593673,95.2704682592
2764.6666745208,95.1947019830
2765.3806896744,95.2274255331
2766.0947048279,95.2647206059
2766.8087199815,95.2449663041
2767.5227351350,95.2864333700
2768.2367502886,95.2659556077
2768.9507654421,95.1941239589
2769.6647805956,95.2451932412
2770.3787957492,95.2008536839
2771.0928109027,95.0755994074
2771.8068260563,95.1511769938
2772.5208412098,95.2366021762
2773.2348563634,95.1963730183
2773.9488715169,95.1867221440
2774.6628866704,95.1789687870
2775.3769018240,95.1304343356
2776.0909169775,95.1041722926
2776.8049321311,95.1060688277
2777.5189472846,95.0878739237
2778.2329624382,95.0779528827
2778.9469775917,95.1545568273
2779.6609927452,95.1843492426
2780.3750078988,95.0968380841
2781.0890230523,95.0748709862
2781.8030382059,95.0867195475
2782.5170533594,95.0377340528
2783.2310685130,95.0380722409
2783.9450836665,95.0920049347
2784.6590988201,95.0944960546
2785.3731139736,94.9981337891
2786.0871291271,94.9439374979
2786.8011442807,95.0454690343
2787.5151594342,95.0584130927
2788.2291745878,94.9543849862
2788.9431897413,94.9670853260
2789.6572048949,94.9829797241
2790.3712200484,94.9585318062
2791.0852352019,94.9759152269
2791.7992503555,94.9299426321
2792.5132655090,94.9032538356
2793.2272806626,94.9510357090
2793.9412958161,94.9644845462
2794.6553109697,94.9649925778
2795.3693261232,94.8974150378
2796.0833412768,94.8167605672
2796.7973564303,94.8442741991
2797.5113715838,94.8158952049
2798.2253867374,94.7943603590
2798.9394018909,94.8795984416
2799.6534170445,94.8299574758
2800.3674321980,94.7329448978
2801.0814473516,94.7818009261
2801.7954625051,94.8065386041
2802.5094776586,94.7562079368
2803.2234928122,94.7312966917
2803.9375079657,94.7381732538
2804.6515231193,94.7307900965
2805.3655382728,94.6980373307
2806.0795534264,94.7008103000
2806.7935685799,94.6903784386
2807.5075837334,94.6347007741
2808.2215988870,94.6124761515
2808.9356140405,94.5703392175
2809.6496291941,94.5395030162
2810.3636443476,94.5585871431
2811.0776595012,94.4888860012
2811.7916746547,94.4649185531
2812.5056898083,94.5617448583
2813.2197049618,94.5254230976
2813.9337201153,94.4359478270
2814.6477352689,94.4330441090
2815.3617504224,94.3636361335
2816.0757655760,94.2902006754
2816.7897807295,94.3234183877
2817.5037958831,94.3506124367
2818.2178110366,94.3438092663
2818.9318261901,94.3382332962
2819.6458413437,94.3005468580
2820.3598564972,94.2577572137
2821.0738716508,94.2302406991
2821.7878868043,94.1669797333
2822.5019019579,94.1439321048
2823.2159171114,94.1661835640
2823.9299322650,94.0427158864
2824.6439474185,93.9578540509
2825.3579625720,94.1008968163
2826.0719777256,94.1082338794
2826.7859928791,93.9990252743
2827.5000080327,94.0361313274
2828.2140231862,93.9682661935
2828.9280383398,93.8597778739
2829.6420534933,93.9186152558
2830.3560686468,93.8852167872
2831.0700838004,93.8098483648
2831.7840989539,93.8113120495
2832.4981141075,93.7306730289
2833.2121292610,93.6996828939
2833.9261444146,93.7355579744
2834.6401595681,93.6862468495
2835.3541747217,93.6801505103
2836.0681898752,93.6882168839
2836.7822050287,93.5445083400
2837.4962201823,93.3497737740
2838.2102353358,93.2914773205
2838.9242504894,93.3351176912
2839.6382656429,93.2682611147
2840.3522807965,93.1849555634
2841.0662959500,93.2164973857
2841.7803111035,93.1365380467
2842.4943262571,93.0182432001
2843.2083414106,93.0223445317
2843.9223565642,92.9759351663
2844.6363717177,92.9199479127
2845.3503868713,92.8435662543
2846.0644020248,92.6757233708
2846.7784171783,92.6377628760
2847.4924323319,92.6126331749
2848.2064474854,92.4803327054
2848.9204626390,92.4555750255
2849.6344777925,92.3900985591
2850.3484929461,92.2495723420
2851.0625080996,92.2583340879
2851.7765232532,92.2714107688
2852.4905384067,92.2268493799
2853.2045535602,92.2012753200
2853.9185687138,92.1218525917
2854.6325838673,92.0295467848
2855.3465990209,91.9491198870
2856.0606141744,91.8946838900
2856.7746293280,91.9301082937
2857.4886444815,91.9471228839
2858.2026596350,91.8849748687
2858.9166747886,91.8088317918
2859.6306899421,91.7480086410
2860.3447050957,91.7315001305
2861.0587202492,91.7607443737
2861.7727354028,91.8067286708
2862.4867505563,91.7448139424
2863.2007657099,91.5558119282
2863.9147808634,91.5018869334
2864.6287960169,91.5836069907
2865.3428111705,91.5697778075
2866.0568263240,91.5160121459
2866.7708414776,91.5104036135
2867.4848566311,91.5216426117
2868.1988717847,91.4918010700
2868.9128869382,91.3930611462
2869.6269020917,91.3703644451
2870.3409172453,91.4107555681
2871.0549323988,91.3598749018
2871.7689475524,91.3283094355
2872.4829627059,91.3698272377
2873.1969778595,91.3631109163
2873.9109930130,91.2993108454
2874.6250081665,91.2809490297
2875.3390233201,91.3706986406
2876.0530384736,91.3897959571
2876.7670536272,91.2901215988
2877.4810687807,91.3085062776
2878.1950839343,91.3368498607
2878.9090990878,91.2655791888
2879.6231142414,91.3153228656
2880.3371293949,91.3834300192
2881.0511445484,91.3226775258
2881.7651597020,91.2962216033
2882.4791748555,91.3026968795
2883.1931900091,91.2505294191
2883.9072051626,91.1900043878
2884.6212203162,91.1666392471
2885.3352354697,91.1319849520
2886.0492506232,91.0631098525
2886.7632657768,91.0602209449
2887.4772809303,91.0461144609
2888.1912960839,90.9315389685
2888.9053112374,90.9273167517
2889.6193263910,90.9654528521
2890.3333415445,90.8361371831
2891.0473566981,90.7506819211
2891.7613718516,90.8372978969
2892.4753870051,90.9302008128
2893.1894021587,90.8616431132
2893.9034173122,90.6938999039
2894.6174324658,90.6708060733
2895.3314476193,90.6613731361
2896.0454627729,90.5766970213
2896.7594779264,90.6897858654
2897.4734930799,90.7528997412
2898.1875082335,90.5857806089
2898.9015233870,90.5854119994
2899.6155385406,90.6954320643
2900.3295536941,90.7305275259
2901.0435688477,90.7602783462
2901.7575840012,90.6840660856
2902.4715991547,90.6588508478
2903.1856143083,90.8293851105
2903.8996294618,90.9245407015
2904.6136446154,90.9258988684
2905.3276597689,91.0020394151
2906.0416749225,91.1283667616
2906.7556900760,91.2046349003
2907.4697052296,91.1867965784
2908.1837203831,91.2348005947
2908.8977355366,91.3859117877
2909.6117506902,91.4732647856
2910.3257658437,91.5519806775
2911.0397809973,91.6407212827
2911.7537961508,91.6373755169
2912.4678113044,91.6359084937
2913.1818264579,91.7288722879
2913.8958416114,91.8951918650
2914.6098567650,92.0231958250
2915.3238719185,92.0463066649
2916.0378870721,92.1237991986
2916.7519022256,92.2624585787
2917.4659173792,92.3175591589
2918.1799325327,92.3974525015
2918.8939476863,92.5473179212
2919.6079628398,92.6249257077
2920.3219779933,92.6929620591
2921.0359931469,92.8678539983
2921.7500083004,92.9797986026
2922.4640234540,92.9349357681
2923.1780386075,93.0093899458
2923.8920537611,93.2138562629
2924.6060689146,93.2314505456
2925.3200840681,93.1932871444
2926.0340992217,93.2844704402
2926.7481143752,93.3042765859
2927.4621295288,93.3280989846
2928.1761446823,93.4974006973
2928.8901598359,93.5399685427
2929.6041749894,93.4168258206
2930.3181901429,93.4602806230
2931.0322052965,93.6421748664
2931.7462204500,93.6799824191
2932.4602356036,93.6956871366
2933.1742507571,93.8318077849
2933.8882659107,93.8258813977
2934.6022810642,93.7109771227
2935.3162962178,93.7679379815
2936.0303113713,93.8809323522
2936.7443265248,93.9106525732
2937.4583416784,93.8817811023
2938.1723568319,93.8426735454
2938.8863719855,93.9161480841
2939.6003871390,93.9905247490
2940.3144022926,93.9497482977
2941.0284174461,93.9479384590
2941.7424325996,93.9704640267
2942.4564477532,93.9761822793
2943.1704629067,94.0301681970
2943.8844780603,94.0928749418
2944.5984932138,94.1566869276
2945.3125083674,94.1756248841
2946.0265235209,94.2089579156
2946.7405386745,94.3218338919
2947.4545538280,94.2647206324
2948.1685689815,94.1995540179
2948.8825841351,94.3779710285
2949.5965992886,94.4501812943
2950.3106144422,94.5081262823
2951.0246295957,94.6921375512
2951.7386447493,94.6255636373
2952.4526599028,94.5656157837
2953.1666750563,94.6829717152
2953.8806902099,94.6414573439
2954.5947053634,94.7139108241
2955.3087205170,94.9336137375
2956.0227356705,94.9490465804
2956.7367508241,94.9457169609
2957.4507659776,94.9551647919
2958.1647811312,94.9322126533
2958.8787962847,95.0576576821
2959.5928114382,95.1340545125
2960.3068265918,95.0991408264
2961.0208417453,95.1760036527
2961.7348568989,95.2377563556
2962.4488720524,95.1590792838
2963.1628872060,95.1408694494
2963.8769023595,95.2543039573
2964.5909175130,95.2338627798
2965.3049326666,95.1409355437
2966.0189478201,95.2864541424
2966.7329629737,95.3182663137
2967.4469781272,95.1515456049
2968.1609932808,95.2951994964
2968.8750084343,95.4486217965
2969.5890235878,95.4125517238
2970.3030387414,95.5776329263
2971.0170538949,95.6561888245
2971.7310690485,95.5934889677
2972.4450842020,95.7415486934
2973.1590993556,95.8290099961
2973.8731145091,95.8531921637
2974.5871296627,96.0001119498
2975.3011448162,96.0548564413
2976.0151599697,96.0851337978
2976.7291751233,96.1289534993
2977.4431902768,96.1028593318
2978.1572054304,96.1513823441
2978.8712205839,96.1996054920
2979.5852357375,96.2552154768
2980.2992508910,96.3836212679
2981.0132660445,96.3883366719
2981.7272811981,96.3973599953
2982.4412963516,96.4150298666
2983.1553115052,96.2335791864
2983.8693266587,96.1921689656
2984.5833418123,96.3018456839
2985.2973569658,96.2412406016
2986.0113721194,96.2749210778
2986.7253872729,96.4113588158
2987.4394024264,96.3338186004
2988.1534175800,96.2306297533
2988.8674327335,96.2560355307
2989.5814478871,96.2568649727
2990.2954630406,96.2150786364
2991.0094781942,96.2273015110
2991.7234933477,96.2882244972
2992.4375085012,96.2867925085
2993.1515236548,96.2246055477
2993.8655388083,96.1942768164
2994.5795539619,96.1931393194
2995.2935691154,96.1959663232
2996.0075842690,96.1713884189
2996.7215994225,96.1136035538
2997.4356145760,96.0717108952
2998.1496297296,96.0738425976
2998.8636448831,96.1402456039
2999.5776600367,96.1641830525
3000.2916751902,96.0672705744
3001.0056903438,96.0061495126
3001.7197054973,96.0270838106
3002.4337206509,96.0923294070
3003.1477358044,96.1444855591
3003.8617509579,96.0088644676
3004.5757661115,95.8910574019
3005.2897812650,95.9932543514
3006.0037964186,96.0017769184
3006.7178115721,95.9357754310
3007.4318267257,95.9716413318
3008.1458418792,95.9524925524
3008.8598570327,95.9692179431
3009.5738721863,96.0108738612
3010.2878873398,95.8819135534
3011.0019024934,95.8344618935
3011.7159176469,95.9114149070
3012.4299328005,95.8822131858
3013.1439479540,95.8915081274
3013.8579631076,95.9408464168
3014.5719782611,95.8559829880
3015.2859934146,95.7857482889
3016.0000085682,95.8159365609
3016.7140237217,95.8260060920
3017.4280388753,95.8186769984
3018.1420540288,95.8209516464
3018.8560691824,95.7681197354
3019.5700843359,95.7174108096
3020.2840994894,95.7749443130
3020.9981146430,95.7964001483
3021.7121297965,95.7174921792
3022.4261449501,95.7360560265
3023.1401601036,95.7748356477
3023.8541752572,95.6905623754
3024.5681904107,95.6881583356
3025.2822055642,95.7536681919
3025.9962207178,95.6860656061
3026.7102358713,95.6628509732
3027.4242510249,95.7438083869
3028.1382661784,95.6653582226
3028.8522813320,95.5762261024
3029.5662964855,95.6881341428
3030.2803116391,95.6892437517
3030.9943267926,95.5910143176
3031.7083419461,95.6711497899
3032.4223570997,95.6395809652
3033.1363722532,95.5337799052
3033.8503874068,95.6902441239
3034.5644025603,95.7044551007
3035.2784177139,95.5024368613
3035.9924328674,95.5440267944
3036.7064480209,95.5747778945
3037.4204631745,95.4260345743
3038.1344783280,95.4133631051
3038.8484934816,95.4569042585
3039.5625086351,95.4139080316
3040.2765237887,95.3471373170
3040.9905389422,95.3304571097
3041.7045540958,95.4030003235
3042.4185692493,95.3705771338
3043.1325844028,95.2535530364
3043.8465995564,95.2874697830
3044.5606147099,95.3214767635
3045.2746298635,95.2855906998
3045.9886450170,95.2939194099
3046.7026601706,95.2624780271
3047.4166753241,95.2228088336
3048.1306904776,95.2009405366
3048.8447056312,95.1127806266
3049.5587207847,95.0495469020
3050.2727359383,95.0814321329
3050.9867510918,95.1671911096
3051.7007662454,95.1588512668
3052.4147813989,95.0022899110
3053.1287965524,94.9369422852
3053.8428117060,94.9550704382
3054.5568268595,94.9103297764
3055.2708420131,94.8874590493
3055.9848571666,94.8403245314
3056.6988723202,94.8410551028
3057.4128874737,94.9254908887
3058.1269026273,94.8327870264
3058.8409177808,94.7696677280
3059.5549329343,94.8312516293
3060.2689480879,94.6936412916
3060.9829632414,94.6502959726
3061.6969783950,94.7459088514
3062.4109935485,94.5906596041
3063.1250087021,94.5196372240
3063.8390238556,94.6163500151
3064.5530390091,94.5571698666
3065.2670541627,94.5467014390
3065.9810693162,94.5501189835
3066.6950844698,94.4076098987
3067.4090996233,94.3325645008
3068.1231147769,94.3089648833
3068.8371299304,94.3523632872
3069.5511450840,94.4552782233
3070.2651602375,94.3165643539
3070.9791753910,94.1153812653
3071.6931905446,94.1629815490
3072.4072056981,94.2833845458
3073.1212208517,94.3064630040
3073.8352360052,94.1692960763
3074.5492511588,94.0021749684
3075.2632663123,94.0791251619
3075.9772814658,94.2374279907
3076.6912966194,94.2262689366
3077.4053117729,94.1425551540
3078.1193269265,94.0749616437
3078.8333420800,94.0602494853
3079.5473572336,94.0765250180
3080.2613723871,94.0445027129
3080.9753875406,94.0041894106
3081.6894026942,93.9544890268
3082.4034178477,93.9041124259
3083.1174330013,93.9338900203
3083.8314481548,93.9619227433
3084.5454633084,93.9426891287
3085.2594784619,93.9292957322
3085.9734936155,93.8678983954
3086.6875087690,93.7971474199
3087.4015239225,93.7967431181
3088.1155390761,93.8290235390
3088.8295542296,93.8306741209
3089.5435693832,93.7268113103
3090.2575845367,93.6191899215
3090.9715996903,93.6161699790
3091.6856148438,93.5941006730
3092.3996299973,93.6360301992
3093.1136451509,93.7363328489
3093.8276603044,93.6175501398
3094.5416754580,93.5572823514
3095.2556906115,93.7086823135
3095.9697057651,93.6169013642
3096.6837209186,93.4670489861
3097.3977360722,93.5527529831
3098.1117512257,93.5074598923
3098.8257663792,93.3728787369
3099.5397815328,93.4057138845
3100.2537966863,93.4462145938
3100.9678118399,93.4383525731
3101.6818269934,93.4158628187
3102.3958421470,93.3624872478
3103.1098573005,93.3306356496
3103.8238724540,93.3683250094
3104.5378876076,93.4339665524
3105.2519027611,93.3084222768
3105.9659179147,93.1337211874
3106.6799330682,93.2486037238
3107.3939482218,93.2586386782
3108.1079633753,93.0775128658
3108.8219785289,93.2052861043
3109.5359936824,93.2546925130
3110.2500088359,92.9960912893
3110.9640239895,92.9706888112
3111.6780391430,93.0101249183
3112.3920542966,92.9067494577
3113.1060694501,92.9221594203
3113.8200846037,92.8806990868
3114.5340997572,92.7483631381
3115.2481149107,92.7648290586
3115.9621300643,92.8144033939
3116.6761452178,92.8138151584
3117.3901603714,92.7773966943
3118.1041755249,92.6910649884
3118.8181906785,92.6569991221
3119.5322058320,92.6481931014
3120.2462209855,92.5834086234
3120.9602361391,92.5747846581
3121.6742512926,92.6600289802
3122.3882664462,92.6467433053
3123.1022815997,92.5193037678
3123.8162967533,92.5301617135
3124.5303119068,92.5793741367
3125.2443270604,92.4859031572
3125.9583422139,92.4400522547
3126.6723573674,92.4017653989
3127.3863725210,92.3130765317
3128.1003876745,92.3461609171
3128.8144028281,92.3506809825
3129.5284179816,92.3348630708
3130.2424331352,92.3748935206
3130.9564482887,92.2497621871
3131.6704634422,92.2019650057
3132.3844785958,92.2627483268
3133.0984937493,92.1010967135
3133.8125089029,92.1089206313
3134.5265240564,92.2424694341
3135.2405392100,92.0772471507
3135.9545543635,92.0695947891
3136.6685695171,92.2082643194
3137.3825846706,92.0352377838
3138.0965998241,91.8773127564
3138.8106149777,91.8783780166
3139.5246301312,91.8401947707
3140.2386452848,91.8203136465
3140.9526604383,91.8117592669
3141.6666755919,91.8011311718
3142.3806907454,91.7913598868
3143.0947058989,91.7595424677
3143.8087210525,91.7028484457
3144.5227362060,91.6048940626
3145.2367513596,91.6272637004
3145.9507665131,91.6891117171
3146.6647816667,91.5663261446
3147.3787968202,91.5231687829
3148.0928119737,91.5614026605
3148.8068271273,91.4743762208
3149.5208422808,91.4654649362
3150.2348574344,91.4425971062
3150.9488725879,91.3028924616
3151.6628877415,91.2527374396
3152.3769028950,91.2158852404
3153.0909180486,91.1975526472
3153.8049332021,91.2325102064
3154.5189483556,91.1936951009
3155.2329635092,91.1267688190
3155.9469786627,91.0050074758
3156.6609938163,90.9761142339
3157.3750089698,91.1024359705
3158.0890241234,90.9989635793
3158.8030392769,90.9034677095
3159.5170544304,90.9844456720
3160.2310695840,90.8390864550
3160.9450847375,90.8167309742
3161.6590998911,90.9346228672
3162.3731150446,90.6957470942
3163.0871301982,90.5715525817
3163.8011453517,90.6884551179
3164.5151605053,90.6870707273
3165.2291756588,90.7141891430
3165.9431908123,90.6092446508
3166.6572059659,90.4527597001
3167.3712211194,90.5259500047
3168.0852362730,90.4185709823
3168.7992514265,90.2874583236
3169.5132665801,90.4292064678
3170.2272817336,90.3760518154
3170.9412968871,90.2423922032
3171.6553120407,90.2808145773
3172.3693271942,90.2143602559
3173.0833423478,90.1388401406
3173.7973575013,90.1351303555
3174.5113726549,90.0826958607
3175.2253878084,90.0978665449
3175.9394029619,90.1216858888
3176.6534181155,90.0092358938
3177.3674332690,89.8663945290
3178.0814484226,89.8329347779
3178.7954635761,89.8685987957
3179.5094787297,89.7964243174
3180.2234938832,89.6862497566
3180.9375090368,89.6689953959
3181.6515241903,89.6249719966
3182.3655393438,89.5692879975
3183.0795544974,89.5506911064
3183.7935696509,89.4862967439
3184.5075848045,89.4528977304
3185.2215999580,89.4395249588
3185.9356151116,89.3259754862
3186.6496302651,89.2292356213
3187.3636454186,89.2216127149
3188.0776605722,89.1640829440
3188.7916757257,89.0458877246
3189.5056908793,89.0366048260
3190.2197060328,89.0713251536
3190.9337211864,88.9314753601
3191.6477363399,88.8014202997
3192.3617514935,88.8747690080
3193.0757666470,88.9225552973
3193.7897818005,88.8858775637
3194.5037969541,88.8480551669
3195.2178121076,88.6960312967
3195.9318272612,88.5546504402
3196.6458424147,88.6221886894
3197.3598575683,88.6497501565
3198.0738727218,88.4720254526
3198.7878878753,88.3443143557
3199.5019030289,88.3163625413
3200.2159181824,88.2739032475
3200.9299333360,88.2605997030
3201.6439484895,88.1444092582
3202.3579636431,87.9582775668
3203.0719787966,88.0078943727
3203.7859939501,88.0149193827
3204.5000091037,87.7959760490
3205.2140242572,87.8196426536
3205.9280394108,87.9793780368
3206.6420545643,87.8680355240
3207.3560697179,87.6428682036
3208.0700848714,87.5461728111
3208.7841000250,87.6592336905
3209.4981151785,87.7203869081
3210.2121303320,87.5269203270
3210.9261454856,87.4914630326
3211.6401606391,87.5502370896
3212.3541757927,87.3460311521
3213.0681909462,87.2394833772
3213.7822060998,87.3146729705
3214.4962212533,87.2334805614
3215.2102364068,87.0774524477
3215.9242515604,86.9717862454
3216.6382667139,86.8939549157
3217.3522818675,86.7895720650
3218.0662970210,86.6669266537
3218.7803121746,86.6529787370
3219.4943273281,86.6307501615
3220.2083424817,86.5370111608
3220.9223576352,86.5406361820
3221.6363727887,86.5393295246
3222.3503879423,86.3722205794
3223.0644030958,86.1405844174
3223.7784182494,86.0932338523
3224.4924334029,86.1890354876
3225.2064485565,86.0982693305
3225.9204637100,86.0119401916
3226.6344788635,86.0262030986
3227.3484940171,85.8189300122
3228.0625091706,85.7419780161
3228.7765243242,85.8505817267
3229.4905394777,85.6585054386
3230.2045546313,85.4686694056
3230.9185697848,85.4430073975
3231.6325849384,85.3809885517
3232.3466000919,85.3408025647
3233.0606152454,85.1801376360
3233.7746303990,85.1139145552
3234.4886455525,85.1560348818
3235.2026607061,84.9187552560
3235.9166758596,84.9129528253
3236.6306910132,84.9971513055
3237.3447061667,84.6137037089
3238.0587213202,84.6133664469
3238.7727364738,84.8467912637
3239.4867516273,84.5447654397
3240.2007667809,84.4269289496
3240.9147819344,84.5402646204
3241.6287970880,84.3908294240
3242.3428122415,84.3013196243
3243.0568273950,84.2066629871
3243.7708425486,84.0205568547
3244.4848577021,83.9639682754
3245.1988728557,83.9389959897
3245.9128880092,83.8517696992
3246.6269031628,83.7181319011
3247.3409183163,83.7240165312
3248.0549334699,83.7581612689
3248.7689486234,83.5005876823
3249.4829637769,83.3856316205
3250.1969789305,83.4505537339
3250.9109940840,83.2903279036
3251.6250092376,83.2432335859
3252.3390243911,83.1932199771
3253.0530395447,82.9696689683
3253.7670546982,83.0043389786
3254.4810698517,82.9637103938
3255.1950850053,82.6800495152
3255.9091001588,82.6051311122
3256.6231153124,82.6199649553
3257.3371304659,82.5596961510
3258.0511456195,82.4253266274
3258.7651607730,82.3010489456
3259.4791759266,82.3010457334
3260.1931910801,82.2582088441
3260.9072062336,82.2964813882
3261.6212213872,82.2618007896
3262.3352365407,81.8723309461
3263.0492516943,81.7430778944
3263.7632668478,81.7989027151
3264.4772820014,81.6014467254
3265.1912971549,81.5845765846
3265.9053123084,81.5664299156
3266.6193274620,81.4967482039
3267.3333426155,81.6287945011
3268.0473577691,81.4255299564
3268.7613729226,81.2591692368
3269.4753880762,81.4464826808
3270.1894032297,81.3045810640
3270.9034183832,81.2234369034
3271.6174335368,81.3508047169
3272.3314486903,81.2373311695
3273.0454638439,81.2671584606
3273.7594789974,81.2441227081
3274.4734941510,81.0318019679
3275.1875093045,81.0814964913
3275.9015244581,81.0471717221
3276.6155396116,81.0005503423
3277.3295547651,81.1778254441
3278.0435699187,81.1033036234
3278.7575850722,80.9879277003
3279.4716002258,81.0723337243
3280.1856153793,81.0411232077
3280.8996305329,80.9330149121
3281.6136456864,80.9046431861
3282.3276608399,81.0098504471
3283.0416759935,81.0517089490
3283.7556911470,80.9530129856
3284.4697063006,80.9777346661
3285.1837214541,80.9535193602
3285.8977366077,80.9415331572
3286.6117517612,81.0453272477
3287.3257669148,80.8636910082
3288.0397820683,80.8624806593
3288.7537972218,81.1400162700
3289.4678123754,80.9905693615
3290.1818275289,80.9427041973
3290.8958426825,81.0983302129
3291.6098578360,80.8867172243
3292.3238729896,80.8338439756
3293.0378881431,80.9887096375
3293.7519032966,81.0115299993
3294.4659184502,81.0545242036
3295.1799336037,80.9934591011
3295.8939487573,81.0049097625
3296.6079639108,81.0752419734
3297.3219790644,80.9201241276
3298.0359942179,80.9635657182
3298.7500093714,81.0838132651
3299.4640245250,81.0110859401
3300.1780396785,81.0642980509
3300.8920548321,81.0451469771
3301.6060699856,81.0417450264
3302.3200851392,81.1965006124
3303.0341002927,81.1014377866
3303.7481154463,81.0726340472
3304.4621305998,81.2025770096
3305.1761457533,81.1623770115
3305.8901609069,81.2267285879
3306.6041760604,81.2636908343
3307.3181912140,81.2436120067
3308.0322063675,81.4150343781
3308.7462215211,81.3785761192
3309.4602366746,81.2655809354
3310.1742518281,81.3733880819
3310.8882669817,81.4178216252
3311.6022821352,81.4411904217
3312.3162972888,81.4123136913
3313.0303124423,81.3972802194
3313.7443275959,81.5302323749
3314.4583427494,81.4352157211
3315.1723579030,81.3700396882
3315.8863730565,81.5228568927
3316.6003882100,81.4522697507
3317.3144033636,81.4349116695
3318.0284185171,81.4338287555
3318.7424336707,81.2001935351
3319.4564488242,81.2402445557
3320.1704639778,81.2880850342
3320.8844791313,81.0424921261
3321.5984942848,81.0162189854
3322.3125094384,81.0975648543
3323.0265245919,81.0619179929
3323.7405397455,81.0050245480
3324.4545548990,80.9396596408
3325.1685700526,80.9453258348
3325.8825852061,80.8750411936
3326.5966003596,80.8146635728
3327.3106155132,80.8827154310
3328.0246306667,80.7330718448
3328.7386458203,80.6159508700
3329.4526609738,80.7178048410
3330.1666761274,80.6947484104
3330.8806912809,80.7158469516
3331.5947064345,80.7246773321
3332.3087215880,80.6068924299
3333.0227367415,80.6608715971
3333.7367518951,80.6583799612
3334.4507670486,80.6339295381
3335.1647822022,80.8014825961
3335.8787973557,80.7459070743
3336.5928125093,80.6195918628
3337.3068276628,80.6803455343
3338.0208428163,80.6719603216
3338.7348579699,80.7646936646
3339.4488731234,80.9080838799
3340.1628882770,80.8097690851
3340.8769034305,80.7877619107
3341.5909185841,81.0011896710
3342.3049337376,81.1034883035
3343.0189488912,81.0338118336
3343.7329640447,81.1589927875
3344.4469791982,81.4191860336
3345.1609943518,81.4468251877
3345.8750095053,81.4737778382
3346.5890246589,81.5871131511
3347.3030398124,81.6040050655
3348.0170549660,81.7528928946
3348.7310701195,81.8659071318
3349.4450852730,81.8545452999
3350.1591004266,82.0145639194
3350.8731155801,82.0346982689
3351.5871307337,82.0348897175
3352.3011458872,82.3362628696
3353.0151610408,82.4850666047
3353.7291761943,82.5388862434
3354.4431913478,82.6025587081
3355.1572065014,82.5655697562
3355.8712216549,82.8199704890
3356.5852368085,83.0133437044
3357.2992519620,82.9168528944
3358.0132671156,83.0808509791
3358.7272822691,83.1789963755
3359.4412974227,83.1327961106
3360.1553125762,83.3257590584
3360.8693277297,83.4193347993
3361.5833428833,83.5239973010
3362.2973580368,83.7033431398
3363.0113731904,83.6097391572
3363.7253883439,83.6138777997
3364.4394034975,83.7484812003
3365.1534186510,83.7580547092
3365.8674338045,83.8537882171
3366.5814489581,83.9318489303
3367.2954641116,84.0115867348
3368.0094792652,84.1769535938
3368.7234944187,84.2095365389
3369.4375095723,84.2861126931
3370.1515247258,84.4204302598
3370.8655398794,84.4511262508
3371.5795550329,84.4787115470
3372.2935701864,84.4405350156
3373.0075853400,84.5376741444
3373.7216004935,84.7901692009
3374.4356156471,84.7609019477
3375.1496308006,84.6982970674
3375.8636459542,84.8247695143
3376.5776611077,84.8882445158
3377.2916762612,84.9500248018
3378.0056914148,85.0259161846
3378.7197065683,85.1561848860
3379.4337217219,85.3249654748
3380.1477368754,85.3141329269
3380.8617520290,85.3557817982
3381.5757671825,85.4747868976
3382.2897823361,85.4830759092
3383.0037974896,85.5905559069
3383.7178126431,85.6251556138
3384.4318277967,85.5451390520
3385.1458429502,85.6691674265
3385.8598581038,85.7589312046
3386.5738732573,85.7365900627
3387.2878884109,85.7181612667
3388.0019035644,85.6900845608
3388.7159187179,85.8654372581
3389.4299338715,86.0030034071
3390.1439490250,85.9054249184
3390.8579641786,85.9411612994
3391.5719793321,86.0792273148
3392.2859944857,86.1879441873
3393.0000096392,86.2583882044
3393.7140247927,86.2697873322
3394.4280399463,86.3015898279
3395.1420550998,86.1568703400
3395.8560702534,86.1526943318
3396.5700854069,86.5005954815
3397.2841005605,86.4170773467
3397.9981157140,86.2715743152
3398.7121308676,86.5206880257
3399.4261460211,86.3560687547
3400.1401611746,86.2757869888
3400.8541763282,86.6247342702
3401.5681914817,86.5715983555
3402.2822066353,86.5595711832
3402.9962217888,86.6912145834
3403.7102369424,86.5562827525
3404.4242520959,86.7517877585
3405.1382672494,86.8949948701
3405.8522824030,86.7165239368
3406.5662975565,86.9669380375
3407.2803127101,87.1170089342
3407.9943278636,86.8746113541
3408.7083430172,86.8945637357
3409.4223581707,87.0257395754
3410.1363733243,87.2387594995
3410.8503884778,87.4826176657
3411.5644036313,87.3667718105
3412.2784187849,87.3720488365
3412.9924339384,87.6570322922
3413.7064490920,87.6640661359
3414.4204642455,87.5831906275
3415.1344793991,87.7324828875
3415.8484945526,87.9050862318
3416.5625097061,87.9392868421
3417.2765248597,87.9076680773
3417.9905400132,87.9706518627
3418.7045551668,88.1113772693
3419.4185703203,88.1638103133
3420.1325854739,88.0998063253
3420.8466006274,88.1036014437
3421.5606157809,88.2965276143
3422.2746309345,88.4480500445
3422.9886460880,88.4707964851
3423.7026612416,88.5864862600
3424.4166763951,88.7491363930
3425.1306915487,88.8200906890
3425.8447067022,88.8408500089
3426.5587218558,88.9092226192
3427.2727370093,89.1115873431
3427.9867521628,89.2310137740
3428.7007673164,89.1480041864
3429.4147824699,89.1912637730
3430.1287976235,89.3467863450
3430.8428127770,89.3705039653
3431.5568279306,89.3909759243
3432.2708430841,89.4572382243
3432.9848582376,89.4824771346
3433.6988733912,89.5650360108
3434.4128885447,89.6722252575
3435.1269036983,89.6789889043
3435.8409188518,89.6898878038
3436.5549340054,89.7159789716
3437.2689491589,89.6990968130
3437.9829643125,89.8865906021
3438.6969794660,90.1138808989
3439.4109946195,89.9942053206
3440.1250097731,90.0578311010
3440.8390249266,90.3923665180
3441.5530400802,90.2869750567
3442.2670552337,90.2069840790
3442.9810703873,90.5707812663
3443.6950855408,90.6051951463
3444.4091006943,90.3666739427
3445.1231158479,90.3515932418
3445.8371310014,90.4529848865
3446.5511461550,90.5809101210
3447.2651613085,90.7359622848
3447.9791764621,90.8541624138
3448.6931916156,90.8135388384
3449.4072067691,90.6946665146
3450.1212219227,90.8523112962
3450.8352370762,90.9469103101
3451.5492522298,90.8022889855
3452.2632673833,90.9303391681
3452.9772825369,91.0441341897
3453.6912976904,91.0318344979
3454.4053128440,91.2267092865
3455.1193279975,91.2158609021
3455.8333431510,91.1817061162
3456.5473583046,91.3824013744
3457.2613734581,91.3100425653
3457.9753886117,91.3066416896
3458.6894037652,91.4825874003
3459.4034189188,91.4771420503
3460.1174340723,91.6704446758
3460.8314492258,91.7317572240
3461.5454643794,91.5282620440
3462.2594795329,91.7575940459
3462.9734946865,91.8723362431
3463.6875098400,91.6928742925
3464.4015249936,91.8352833799
3465.1155401471,91.8798883853
3465.8295553007,91.8882177317
3466.5435704542,92.1586823221
3467.2575856077,92.1355333362
3467.9716007613,91.9902639409
3468.6856159148,92.0672374986
3469.3996310684,92.1504980455
3470.1136462219,92.2360221316
3470.8276613755,92.2877270151
3471.5416765290,92.3964915119
3472.2556916825,92.5590365213
3472.9697068361,92.5138624450
3473.6837219896,92.5437149085
3474.3977371432,92.6688574114
3475.1117522967,92.6161167765
3475.8257674503,92.7325844912
3476.5397826038,92.8887769113
3477.2537977573,92.8056599910
3477.9678129109,92.8651119416
3478.6818280644,92.9570212975
3479.3958432180,92.8273987020
3480.1098583715,92.7804299907
3480.8238735251,92.9362273084
3481.5378886786,93.1427441618
3482.2519038322,93.2229440646
3482.9659189857,93.1670625038
3483.6799341392,93.2345506203
3484.3939492928,93.3370044709
3485.1079644463,93.2777183355
3485.8219795999,93.2856748372
3486.5359947534,93.4826538079
3487.2500099070,93.5718531056
3487.9640250605,93.4905239210
3488.6780402140,93.6040244485
3489.3920553676,93.7621024319
3490.1060705211,93.6097049595
3490.8200856747,93.5812198161
3491.5341008282,93.8241595713
3492.2481159818,93.8739417195
3492.9621311353,93.9429186350
3493.6761462889,94.0478031390
3494.3901614424,93.8666564935
3495.1041765959,93.9182113831
3495.8181917495,94.1949969110
3496.5322069030,94.0736432857
3497.2462220566,93.9840743348
3497.9602372101,94.1175014113
3498.6742523637,94.0381385738
3499.3882675172,94.0541273328
3500.1022826707,94.2284177249
3500.8162978243,94.1947938358
3501.5303129778,94.2582017196
3502.2443281314,94.4407748974
3502.9583432849,94.4162209497
3503.6723584385,94.4325444214
3504.3863735920,94.5363982957
3505.1003887456,94.6193397099
3505.8144038991,94.6402831671
3506.5284190526,94.4359382052
3507.2424342062,94.5488089728
3507.9564493597,94.9883297172
3508.6704645133,94.7483435854
3509.3844796668,94.4369199809
3510.0984948204,94.8193283427
3510.8125099739,94.7408177484
3511.5265251274,94.4931175525
3512.2405402810,94.7876832958
3512.9545554345,94.8900847600
3513.6685705881,95.0046367959
3514.3825857416,95.3168188469
3515.0966008952,95.1202029325
3515.8106160487,94.9072359242
3516.5246312022,95.1142364218
3517.2386463558,95.2456194502
3517.9526615093,95.2139644933
3518.6666766629,95.0662211834
3519.3806918164,95.0567558152
3520.0947069700,95.2832742182
3520.8087221235,95.2186608301
3521.5227372771,95.1087746981
3522.2367524306,95.2826136326
3522.9507675841,95.2855106077
3523.6647827377,95.2746616093
3524.3787978912,95.5084247296
3525.0928130448,95.5720629357
3525.8068281983,95.4749789431
3526.5208433519,95.6212071814
3527.2348585054,95.8539271328
3527.9488736589,95.6548483172
3528.6628888125,95.4994112419
3529.3769039660,95.8671737941
3530.0909191196,95.8730041158
3530.8049342731,95.5794078743
3531.5189494267,95.8311679639
3532.2329645802,95.9368802998
3532.9469797338,95.6438503839
3533.6609948873,95.7887805654
3534.3750100408,96.0746712463
3535.0890251944,95.9531116981
3535.8030403479,95.7900462451
3536.5170555015,96.0040208600
3537.2310706550,96.2292466618
3537.9450858086,95.9699433710
3538.6591009621,95.8099067398
3539.3731161156,96.0688040298
3540.0871312692,96.0353766006
3540.8011464227,95.9983917850
3541.5151615763,96.1127296997
3542.2291767298,96.0329531285
3542.9431918834,96.1298427730
3543.6572070369,96.3670169532
3544.3712221904,96.2587025785
3545.0852373440,96.3242221944
3545.7992524975,96.6110256847
3546.5132676511,96.6456884721
3547.2272828046,96.6817550015
3547.9412979582,96.6662109758
3548.6553131117,96.4819731869
3549.3693282653,96.4290287380
3550.0833434188,96.5305536172
3550.7973585723,96.5991429756
3551.5113737259,96.6408566140
3552.2253888794,96.7022306822
3552.9394040330,96.7730260309
3553.6534191865,96.8555049773
3554.3674343401,96.8207781495
3555.0814494936,96.6436501379
3555.7954646471,96.7166570703
3556.5094798007,96.9051986757
3557.2234949542,96.7874570318
3557.9375101078,96.8543702242
3558.6515252613,97.0575386234
3559.3655404149,96.8393104107
3560.0795555684,96.7095810199
3560.7935707220,96.8401279868
3561.5075858755,96.8252556197
3562.2216010290,96.9122588737
3562.9356161826,96.9080896195
3563.6496313361,97.0007469617
3564.3636464897,97.3201611535
3565.0776616432,96.9671405997
3565.7916767968,96.7314591529
3566.5056919503,97.6699239331
3567.2197071038,97.4762972230
3567.9337222574,96.9793052862
3568.6477374109,97.7753970515
3569.3617525645,97.6189897086
3570.0757677180,97.1317261206
3570.7897828716,97.4303581888
3571.5037980251,97.4826510451
3572.2178131786,97.2497620164
3572.9318283322,97.4344293280
3573.6458434857,97.4348802258
3574.3598586393,97.2953830722
3575.0738737928,97.4754472009
3575.7878889464,97.4894608538
3576.5019040999,97.4474755673
3577.2159192535,97.6879844795
3577.9299344070,97.6870916482
3578.6439495605,97.5269274632
3579.3579647141,97.6992812676
3580.0719798676,97.8109050276
3580.7859950212,97.5541386491
3581.5000101747,97.4403730794
3582.2140253283,97.6532156446
3582.9280404818,97.7120874912
3583.6420556353,97.5215135896
3584.3560707889,97.7628715366
3585.0700859424,97.9199833187
3585.7841010960,97.3259034220
3586.4981162495,97.5449410524
3587.2121314031,98.5490940128
3587.9261465566,97.8441494669
3588.6401617102,97.6925946657
3589.3541768637,98.5923831321
3590.0681920172,97.9269026459
3590.7822071708,97.7913258113
3591.4962223243,98.4322521499
3592.2102374779,97.8694067563
3592.9242526314,97.7376865024
3593.6382677850,98.4662351247
3594.3522829385,98.0245182927
3595.0662980920,97.8057026903
3595.7803132456,98.1937144687
3596.4943283991,98.0629247282
3597.2083435527,98.1318161284
3597.9223587062,98.1161498586
3598.6363738598,98.1723238469
3599.3503890133,98.5749900901
3600.0644041668,98.2912244931
3600.7784193204,98.1202076278
3601.4924344739,98.5048637372
3602.2064496275,98.3241968385
3602.9204647810,98.3499847219
3603.6344799346,98.4133794640
3604.3484950881,97.9987678909
3605.0625102417,98.2548280120
3605.7765253952,98.4796531660
3606.4905405487,97.9358379813
3607.2045557023,98.2105201655
3607.9185708558,98.7136301925
3608.6325860094,98.4337453914
3609.3466011629,98.4857674669
3610.0606163165,98.9080492838
3610.7746314700,98.6904935745
3611.4886466235,98.3639693860
3612.2026617771,98.3559173750
3612.9166769306,98.9037399154
3613.6306920842,98.9445386599
3614.3447072377,98.4297770334
3615.0587223913,98.3570138669
3615.7727375448,98.7637308033
3616.4867526984,98.5383021676
3617.2007678519,98.2385220724
3617.9147830054,98.8709872122
3618.6287981590,98.9476315975
3619.3428133125,98.6808713373
3620.0568284661,99.1752682595
3620.7708436196,98.8277847864
3621.4848587732,98.5030078638
3622.1988739267,98.9877425058
3622.9128890802,98.6715524443
3623.6269042338,98.2328585702
3624.3409193873,98.7171825013
3625.0549345409,98.6782974659
3625.7689496944,98.5437086942
3626.4829648480,98.8563901184
3627.1969800015,98.6420753667
3627.9109951551,98.6771760880
3628.6250103086,99.1544860506
3629.3390254621,99.0727447985
3630.0530406157,99.6088136961
3630.7670557692,99.3203275055
3631.4810709228,98.6596621093
3632.1950860763,98.6713532158
3632.9091012299,98.6718829738
3633.6231163834,98.7248150003
3634.3371315369,99.2443334049
3635.0511466905,99.0938674522
3635.7651618440,98.8085640932
3636.4791769976,98.7568530900
3637.1931921511,98.7194412162
3637.9072073047,98.9658386348
3638.6212224582,99.0330470819
3639.3352376117,98.8946904238
3640.0492527653,99.0918441311
3640.7632679188,99.1066022267
3641.4772830724,98.8099894434
3642.1912982259,98.7877936059
3642.9053133795,99.0757638960
3643.6193285330,98.9826670276
3644.3333436866,98.5286024063
3645.0473588401,98.7541591830
3645.7613739936,99.0380948912
3646.4753891472,98.5008342037
3647.1894043007,99.2627210715
3647.9034194543,99.9392013008
3648.6174346078,98.7736075571
3649.3314497614,99.0643258875
3650.0454649149,100.0748193217
3650.7594800684,99.0884965246
3651.4734952220,99.4764989995
3652.1875103755,99.9328998599
3652.9015255291,99.2716619831
3653.6155406826,99.0667593157
3654.3295558362,99.2898284854
3655.0435709897,99.2374802901
3655.7575861433,99.1608059182
3656.4716012968,99.4716230883
3657.1856164503,99.6391145811
3657.8996316039,99.2053142332
3658.6136467574,98.9132167454
3659.3276619110,99.0912339216
3660.0416770645,99.0411653087
3660.7556922181,99.1758544368
3661.4697073716,99.4658298846
3662.1837225251,99.2835878202
3662.8977376787,99.2464234084
3663.6117528322,99.1731747157
3664.3257679858,98.9782745691
3665.0397831393,99.1593003462
3665.7537982929,99.0727978135
3666.4678134464,99.1604061815
3667.1818285999,99.4085590082
3667.8958437535,98.7678410289
3668.6098589070,98.8124239961
3669.3238740606,99.7267649747
3670.0378892141,98.8782921457
3670.7519043677,98.8757292969
3671.4659195212,100.0520229959
3672.1799346748,99.3858643608
3672.8939498283,99.2662252134
3673.6079649818,99.4620030808
3674.3219801354,99.0538730024
3675.0359952889,99.4789495869
3675.7500104425,100.2747077428
3676.4640255960,99.8002660369
3677.1780407496,99.6623935761
3677.8920559031,99.3593509075
3678.6060710566,99.2071120680
3679.3200862102,99.4145781041
3680.0341013637,99.4436762202
3680.7481165173,99.4615491345
3681.4621316708,99.4088390122
3682.1761468244,99.3185362773
3682.8901619779,99.2176390937
3683.6041771315,98.9234868252
3684.3181922850,99.0518769438
3685.0322074385,99.2100262137
3685.7462225921,98.8928966204
3686.4602377456,99.2566125644
3687.1742528992,99.6548423592
3687.8882680527,98.8961324328
3688.6022832063,99.1150689301
3689.3162983598,99.9960780921
3690.0303135133,99.4127168440
3690.7443286669,98.8169794088
3691.4583438204,99.3792209317
3692.1723589740,99.7089807055
3692.8863741275,99.5865157181
3693.6003892811,99.4019552558
3694.3144044346,99.1726920097
3695.0284195881,99.0711623950
3695.7424347417,99.1845330197
3696.4564498952,99.1762265381
3697.1704650488,99.1702662249
3697.8844802023,99.3253191422
3698.5984953559,99.0795185639
3699.3125105094,98.9372883497
3700.0265256630,99.3802204941
3700.7405408165,99.3644057029
3701.4545559700,99.0881393721
3702.1685711236,99.5636047964
3702.8825862771,99.5564282800
3703.5966014307,99.2041848968
3704.3106165842,99.0653219484
3705.0246317378,99.1121503435
3705.7386468913,99.2579209788
3706.4526620448,99.1592807537
3707.1666771984,99.0341881366
3707.8806923519,99.1973640231
3708.5947075055,99.1330359800
3709.3087226590,99.2143160869
3710.0227378126,99.7737548709
3710.7367529661,99.4833297406
3711.4507681197,98.8883401698
3712.1647832732,99.3359090567
3712.8787984267,100.0734208548
3713.5928135803,99.6198702617
3714.3068287338,99.2158727596
3715.0208438874,99.3699044923
3715.7348590409,99.3444284849
3716.4488741945,99.1109225846
3717.1628893480,99.3196968561
3717.8769045015,99.3235649481
3718.5909196551,99.0755694359
3719.3049348086,99.3413971098
3720.0189499622,99.4082110073
3720.7329651157,99.1982068876
3721.4469802693,99.0944458534
3722.1609954228,99.2682270444
3722.8750105763,99.9134682533
3723.5890257299,99.6598480855
3724.3030408834,99.1109266328
3725.0170560370,99.5383683932
3725.7310711905,99.5292050927
3726.4450863441,98.8359446185
3727.1591014976,99.1784671311
3727.8731166512,99.3995244003
3728.5871318047,99.2257010689
3729.3011469582,99.0841254975
3730.0151621118,98.9793561420
3730.7291772653,99.3292433830
3731.4431924189,99.3186846723
3732.1572075724,99.2436950829
3732.8712227260,100.2544703557
3733.5852378795,99.5719638637
3734.2992530330,98.7141419050
3735.0132681866,100.2376986069
3735.7272833401,99.9085120950
3736.4412984937,99.3816840839
3737.1553136472,100.3187515962
3737.8693288008,99.5002645798
3738.5833439543,99.0164182481
3739.2973591079,99.5813705488
3740.0113742614,99.3071501187
3740.7253894149,99.2355464687
3741.4394045685,99.3837591978
3742.1534197220,99.1565243937
3742.8674348756,99.5530146191
3743.5814500291,99.2201682987
3744.2954651827,95.9029546133
3745.0094803362,100.5825932370
3745.7234954897,100.2932377868
3746.4375106433,99.0273727015
3747.1515257968,98.9773816110
3747.8655409504,99.4590253183
3748.5795561039,99.2249267652
3749.2935712575,99.0324640893
3750.0075864110,100.5933381761
3750.7216015645,100.2072209889
3751.4356167181,98.9193709969
3752.1496318716,98.5910931836
3752.8636470252,99.8532767697
3753.5776621787,99.2254685461
3754.2916773323,99.1225285666
3755.0056924858,99.2491855681
3755.7197076394,98.9494957120
3756.4337227929,99.1532841097
3757.1477379464,99.3350562100
3757.8617531000,99.1148529293
3758.5757682535,99.1746491382
3759.2897834071,99.0290836305
3760.0037985606,98.9821003754
3760.7178137142,99.0736981930
3761.4318288677,99.0142865536
3762.1458440212,99.2364463787
3762.8598591748,99.0184143614
3763.5738743283,98.6753974059
3764.2878894819,98.9500387684
3765.0019046354,98.8338495603
3765.7159197890,98.9537905775
3766.4299349425,99.5503148669
3767.1439500961,99.0728145919
3767.8579652496,98.9244188143
3768.5719804031,99.1034150928
3769.2859955567,98.6472367219
3770.0000107102,99.2126638681
3770.7140258638,99.5773803781
3771.4280410173,98.8888608397
3772.1420561709,98.9416647644
3772.8560713244,98.9392971243
3773.5700864779,98.5524429067
3774.2841016315,98.8668154976
3774.9981167850,99.0856158737
3775.7121319386,99.0431031976
3776.4261470921,99.0982422738
3777.1401622457,98.9327408101
3777.8541773992,98.9752629752
3778.5681925528,98.9468926385
3779.2822077063,98.7707733947
3779.9962228598,99.3815400174
3780.7102380134,99.3537221107
3781.4242531669,98.9826615506
3782.1382683205,99.1537210445
3782.8522834740,99.1390599731
3783.5662986276,98.9446656364
3784.2803137811,99.0816340401
3784.9943289346,99.1469547003
3785.7083440882,99.0727434993
3786.4223592417,98.9592800237
3787.1363743953,99.0019482748
3787.8503895488,99.1993301796
3788.5644047024,99.0778497333
3789.2784198559,99.0198617749
3789.9924350094,99.1005047149
3790.7064501630,98.9099223600
3791.4204653165,99.0030574030
3792.1344804701,99.2447971675
3792.8484956236,99.0757659802
3793.5625107772,98.9634362784
3794.2765259307,99.0937184820
3794.9905410843,99.1821408674
3795.7045562378,98.9820091118
3796.4185713913,98.7962002614
3797.1325865449,99.4133927577
3797.8466016984,99.4755862713
3798.5606168520,98.9541267623
3799.2746320055,99.0018437171
3799.9886471591,99.1699065533
3800.7026623126,98.9932607298
3801.4166774661,99.5274740983
3802.1306926197,99.8504265342
3802.8447077732,99.7079816601
3803.5587229268,99.5129604118
3804.2727380803,99.0638964839
3804.9867532339,99.1444516751
3805.7007683874,99.4471301080
3806.4147835410,99.3050998155
3807.1287986945,99.8806001695
3807.8428138480,100.0080610702
3808.5568290016,99.2911523028
3809.2708441551,99.0843794136
3809.9848593087,99.0948132949
3810.6988744622,98.8287349978
3811.4128896158,98.9838743548
3812.1269047693,99.2246252773
3812.8409199228,99.0300629081
3813.5549350764,98.9474686265
3814.2689502299,99.1972451105
3814.9829653835,99.0223536963
3815.6969805370,98.4248529572
3816.4109956906,99.2217083086
3817.1250108441,99.4545962654
3817.8390259976,99.0426242386
3818.5530411512,99.0574742323
3819.2670563047,99.1550836760
3819.9810714583,99.0194577995
3820.6950866118,99.1558627571
3821.4091017654,99.3307760516
3822.1231169189,99.3524565057
3822.8371320725,99.3191284366
3823.5511472260,98.9868282891
3824.2651623795,98.8696698795
3824.9791775331,99.1142870611
3825.6931926866,99.1006728227
3826.4072078402,99.0419792146
3827.1212229937,99.1364883769
3827.8352381473,99.0947874520
3828.5492533008,98.9985229907
3829.2632684543,98.8996445325
3829.9772836079,98.9222998830
3830.6912987614,99.0268636411
3831.4053139150,99.0396719849
3832.1193290685,99.1465275783
3832.8333442221,99.0925571899
3833.5473593756,99.0515596620
3834.2613745292,99.1530902869
3834.9753896827,98.9765828368
3835.6894048362,99.0100789622
3836.4034199898,99.1580627844
3837.1174351433,98.8073858604
3837.8314502969,98.8132002157
3838.5454654504,99.6830963003
3839.2594806040,99.2686507700
3839.9734957575,99.1314750724
3840.6875109110,99.2031376959
3841.4015260646,99.1159329870
3842.1155412181,99.2659200552
3842.8295563717,99.1207033684
3843.5435715252,98.8677271503
3844.2575866788,99.3819179607
3844.9716018323,99.3223833813
3845.6856169858,98.9550178658
3846.3996321394,98.8976863972
3847.1136472929,98.8286144412
3847.8276624465,99.1196989444
3848.5416776000,99.1843284520
3849.2556927536,98.5657946513
3849.9697079071,99.2174702341
3850.6837230607,99.5595350763
3851.3977382142,98.2358386634
3852.1117533677,98.9365516533
3852.8257685213,100.4378863465
3853.5397836748,98.7554033767
3854.2537988284,98.1450440456
3854.9678139819,100.2600242101
3855.6818291355,99.4637328129
3856.3958442890,99.1640361834
3857.1098594425,99.2348706008
3857.8238745961,99.1854080517
3858.5378897496,99.2930776949
3859.2519049032,99.1958949824
3859.9659200567,99.0671131666
3860.6799352103,99.1310084377
3861.3939503638,98.9890092104
3862.1079655174,99.0187876329
3862.8219806709,99.2341761488
3863.5359958244,99.1959833820
3864.2500109780,99.0434459870
3864.9640261315,99.0291646082
3865.6780412851,99.3788660953
3866.3920564386,99.3274996014
3867.1060715922,98.9326092473
3867.8200867457,98.9019380424
3868.5341018992,99.0329789652
3869.2481170528,98.7349787845
3869.9621322063,99.3070651588
3870.6761473599,99.7172584415
3871.3901625134,99.2139697196
3872.1041776670,99.1241717733
3872.8181928205,98.9301203751
3873.5322079740,98.4051139892
3874.2462231276,98.9731814095
3874.9602382811,99.4322562733
3875.6742534347,99.0358740938
3876.3882685882,99.0715868281
3877.1022837418,98.9561203537
3877.8162988953,98.6829840183
3878.5303140489,99.1136779995
3879.2443292024,99.2924322133
3879.9583443559,98.7271237459
3880.6723595095,98.9609389323
3881.3863746630,99.4513210651
3882.1003898166,99.2532173026
3882.8144049701,98.7716899873
3883.5284201237,98.7825028041
3884.2424352772,99.2438589771
3884.9564504307,99.0148330005
3885.6704655843,98.4737220898
3886.3844807378,99.4300416076
3887.0984958914,99.3598533500
3887.8125110449,98.7428600989
3888.5265261985,98.5397997751
3889.2405413520,98.7723606436
3889.9545565056,99.0676256444
3890.6685716591,98.9406936385
3891.3825868126,98.8451087905
3892.0966019662,99.5559369064
3892.8106171197,99.2705590573
3893.5246322733,98.5883721547
3894.2386474268,98.7348645864
3894.9526625804,98.9948681335
3895.6666777339,99.0474266185
3896.3806928874,98.9060295456
3897.0947080410,98.6382159809
3897.8087231945,99.0948069300
3898.5227383481,99.0287749105
3899.2367535016,98.0125303779
3899.9507686552,99.2032644696
3900.6647838087,99.3836991620
3901.3787989623,98.1549333236
3902.0928141158,99.0899297570
3902.8068292693,99.5540776347
3903.5208444229,98.5645670299
3904.2348595764,99.1446807702
3904.9488747300,99.5065820909
3905.6628898835,98.7176865204
3906.3769050371,99.0338676795
3907.0909201906,99.1580579975
3907.8049353441,98.7562969607
3908.5189504977,98.9141502319
3909.2329656512,98.9213565758
3909.9469808048,98.7338731053
3910.6609959583,98.8281761180
3911.3750111119,98.8376947936
3912.0890262654,98.7893416866
3912.8030414189,98.8308137700
3913.5170565725,98.8325194868
3914.2310717260,98.8160192246
3914.9450868796,98.7870377087
3915.6591020331,98.8031426597
3916.3731171867,98.8264896421
3917.0871323402,98.7791043418
3917.8011474938,98.9158992605
3918.5151626473,98.9144347228
3919.2291778008,98.6022131814
3919.9431929544,98.4682233956
3920.6572081079,98.7755502754
3921.3712232615,98.8868707981
3922.0852384150,98.7829222582
3922.7992535686,98.7788554730
3923.5132687221,98.8609233231
3924.2272838756,98.7983765379
3924.9412990292,98.7047722211
3925.6553141827,98.8256667601
3926.3693293363,98.9015004323
3927.0833444898,98.7222066828
3927.7973596434,98.6163158344
3928.5113747969,98.8339190456
3929.2253899505,98.9181637505
3929.9394051040,98.7966174871
3930.6534202575,98.8803925333
3931.3674354111,98.8570044914
3932.0814505646,98.6870499513
3932.7954657182,98.9111741336
3933.5094808717,99.0050061416
3934.2234960253,98.8747293489
3934.9375111788,98.8856037818
3935.6515263323,98.7974665154
3936.3655414859,98.7095365046
3937.0795566394,98.8045479284
3937.7935717930,98.7699062660
3938.5075869465,98.8834725300
3939.2216021001,98.8997624304
3939.9356172536,98.6306629305
3940.6496324071,98.7945570014
3941.3636475607,98.9513158760
3942.0776627142,98.7012330115
3942.7916778678,98.8027576866
3943.5056930213,98.8883854489
3944.2197081749,98.6829093144
3944.9337233284,98.7484420488
3945.6477384820,98.8170555705
3946.3617536355,98.7154807451
3947.0757687890,98.6585634157
3947.7897839426,98.7488291873
3948.5037990961,98.9262515287
3949.2178142497,98.8215578947
3949.9318294032,98.6894993524
3950.6458445568,98.8621443612
3951.3598597103,98.7526580397
3952.0738748638,98.6294736488
3952.7878900174,98.8244491173
3953.5019051709,98.7590663267
3954.2159203245,98.6158342833
3954.9299354780,98.7172456095
3955.6439506316,98.7149363260
3956.3579657851,98.6967104377
3957.0719809387,98.7346426919
3957.7859960922,98.7485988306
3958.5000112457,98.6704118706
3959.2140263993,98.6140324655
3959.9280415528,98.8291517121
3960.6420567064,98.8128756297
3961.3560718599,98.5159610532
3962.0700870135,98.6197198623
3962.7841021670,98.8516719095
3963.4981173205,98.8340981248
3964.2121324741,98.7789729258
3964.9261476276,98.6875164482
3965.6401627812,98.7358125856
3966.3541779347,98.8132221377
3967.0681930883,98.6878525938
3967.7822082418,98.7060746900
3968.4962233953,98.7162034846
3969.2102385489,98.5977325960
3969.9242537024,98.7074032727
3970.6382688560,98.7202646733
3971.3522840095,98.5987891049
3972.0662991631,98.6114740817
3972.7803143166,98.5972725309
3973.4943294702,98.7656075568
3974.2083446237,98.9196303855
3974.9223597772,98.7011577229
3975.6363749308,98.6933774497
3976.3503900843,98.8244061341
3977.0644052379,98.7341805302
3977.7784203914,98.8183707742
3978.4924355450,98.8765611304
3979.2064506985,98.7274121941
3979.9204658520,98.7483518201
3980.6344810056,98.7921122133
3981.3484961591,98.7128059207
3982.0625113127,98.6939992421
3982.7765264662,98.7141113136
3983.4905416198,98.6720350320
3984.2045567733,98.6322769184
3984.9185719269,98.7493217385
3985.6325870804,98.8088174742
3986.3466022339,98.6953749348
3987.0606173875,98.7395678870
3987.7746325410,98.7555730299
3988.4886476946,98.6304501537
3989.2026628481,98.6717201861
3989.9166780017,98.6710428131
3990.6306931552,98.7120042876
3991.3447083087,98.8827173263
3992.0587234623,98.6798332693
3992.7727386158,98.5322767504
3993.4867537694,98.7607750339
3994.2007689229,98.6998167252
3994.9147840765,98.5702684899
3995.6287992300,98.7200658358
3996.3428143835,98.7103266012
3997.0568295371,98.6374426309
3997.7708446906,98.7148873538
3998.4848598442,98.7159846656
3999.1988749977,98.6186832044
3999.9128901513,98.6478417971