399.8484859844,73.2402360419
400.5625011380,82.5901474511
401.2765162915,92.7855695483
401.9905314450,94.6661422161
402.7045465986,96.1457328395
403.4185617521,86.8569572931
404.1325769057,85.9845540245
404.8465920592,91.8511167580
405.5606072128,82.8129333855
406.2746223663,82.0957176831
406.9886375199,94.8567908200
407.7026526734,96.9587700895
408.4166678269,91.0345991834
409.1306829805,90.8590244874
409.8446981340,89.4474264139
410.5587132876,88.9820810870
411.2727284411,85.1361279159
411.9867435947,77.7827653222
412.7007587482,84.8026469870
413.4147739017,96.6167142609
414.1287890553,91.7255684096
414.8428042088,89.0124602902
415.5568193624,91.2581312708
416.2708345159,86.3806075757
416.9848496695,88.6066904016
417.6988648230,102.2104517898
418.4128799766,94.6124011505
419.1268951301,82.2295833944
419.8409102836,85.9302537359
420.5549254372,82.1737587061
421.2689405907,81.0551152851
421.9829557443,86.8598869152
422.6969708978,88.5500483114
423.4109860514,82.6183289663
424.1250012049,82.9542682087
424.8390163584,83.7882008660
425.5530315120,81.8095147314
426.2670466655,80.4550850994
426.9810618191,82.2485089666
427.6950769726,83.1983834021
428.4090921262,80.4995979531
429.1231072797,82.2363630338
429.8371224332,86.2597926542
430.5511375868,84.4760664173
431.2651527403,82.0936567623
431.9791678939,83.2518486060
432.6931830474,82.3132419229
433.4071982010,78.8022939472
434.1212133545,76.3062813276
434.8352285081,78.7770264554
435.5492436616,84.7949638241
436.2632588151,86.2617772215
436.9772739687,83.4918873974
437.6912891222,82.3880589530
438.4053042758,82.4759475917
439.1193194293,84.6534753869
439.8333345829,85.6557248599
440.5473497364,83.2887673862
441.2613648899,83.5851094587
441.9753800435,87.1520379749
442.6893951970,86.6891454743
443.4034103506,85.4472077488
444.1174255041,88.4131335406
444.8314406577,88.7444456392
445.5454558112,86.9306037980
446.2594709648,87.7725722782
446.9734861183,88.1514672939
447.6875012718,87.5420065475
448.4015164254,89.4427792659
449.1155315789,89.8086842377
449.8295467325,89.2543957744
450.5435618860,90.2429659954
451.2575770396,88.0854207844
451.9715921931,86.9910127404
452.6856073466,91.4227698583
453.3996225002,91.9836107958
454.1136376537,89.0833378749
454.8276528073,89.4110201800
455.5416679608,90.1805399725
456.2556831144,89.9293784228
456.9696982679,89.0173074949
457.6837134214,87.5824351171
458.3977285750,90.6464685838
459.1117437285,90.9445458118
459.8257588821,88.6548223055
460.5397740356,88.9297477890
461.2537891892,90.0424444948
461.9678043427,89.8225336748
462.6818194963,89.9861532585
463.3958346498,89.5955682509
464.1098498033,89.4157089428
464.8238649569,89.0371509303
465.5378801104,87.2153670519
466.2518952640,88.1224644583
466.9659104175,90.1033407408
467.6799255711,90.0165225689
468.3939407246,90.2511646848
469.1079558781,88.8306770053
469.8219710317,87.1639623218
470.5359861852,89.8810817245
471.2500013388,90.5570086589
471.9640164923,87.8259031535
472.6780316459,87.2539625534
473.3920467994,86.9980446740
474.1060619530,87.3730158294
474.8200771065,89.7423085314
475.5340922600,88.7458886467
476.2481074136,87.2428459932
476.9621225671,89.0069736316
477.6761377207,88.7902554458
478.3901528742,87.5580155200
479.1041680278,87.3843857829
479.8181831813,86.5762944926
480.5321983348,87.5042655874
481.2462134884,88.8100410875
481.9602286419,87.5359834502
482.6742437955,88.0889254360
483.3882589490,89.0821478344
484.1022741026,86.6467557962
484.8162892561,86.1747960951
485.5303044097,87.5946538404
486.2443195632,87.3249623813
486.9583347167,87.0046674413
487.6723498703,87.1175825749
488.3863650238,87.1514772381
489.1003801774,87.4288589743
489.8143953309,86.3028935415
490.5284104845,85.4714683815
491.2424256380,86.4977817030
491.9564407915,86.3744218952
492.6704559451,85.9387773394
493.3844710986,86.6745733383
494.0984862522,86.5790617178
494.8125014057,86.5294135640
495.5265165593,86.0656067055
496.2405317128,83.9423983732
496.9545468663,83.9050921178
497.6685620199,85.2501636778
498.3825771734,85.0279290691
499.0965923270,85.2491323145
499.8106074805,85.0557723149
500.5246226341,83.7976341823
501.2386377876,84.4974419140
501.9526529412,84.8711579728
502.6666680947,83.0759474069
503.3806832482,83.3852875739
504.0946984018,83.8193411688
504.8087135553,83.0729354529
505.5227287089,82.9567044459
506.2367438624,83.0142218215
506.9507590160,83.9150509965
507.6647741695,85.6309196537
508.3787893230,85.9183744104
509.0928044766,85.7013845525
509.8068196301,86.3510742332
510.5208347837,87.1308368170
511.2348499372,88.2008320015
511.9488650908,89.0976889710
512.6628802443,88.9828989043
513.3768953979,89.0801444772
514.0909105514,88.7197847351
514.8049257049,87.7829141619
515.5189408585,88.7350192620
516.2329560120,89.9192882707
516.9469711656,89.2317760551
517.6609863191,88.8832340622
518.3750014727,89.1766090279
519.0890166262,89.6321572679
519.8030317797,90.3877702535
520.5170469333,89.4489862495
521.2310620868,88.4609770499
521.9450772404,88.9270707406
522.6590923939,88.8775681273
523.3731075475,88.5772211622
524.0871227010,89.3618244612
524.8011378545,89.7491808333
525.5151530081,89.7748290667
526.2291681616,89.4933349900
526.9431833152,88.7357655120
527.6571984687,88.7330283452
528.3712136223,89.0621683447
529.0852287758,88.8269513485
529.7992439294,88.8488988301
530.5132590829,89.3177362840
531.2272742364,89.6792860768
531.9412893900,89.4227939451
532.6553045435,88.6977957362
533.3693196971,89.1811591621
534.0833348506,90.0811801814
534.7973500042,88.9967624716
535.5113651577,88.0541100448
536.2253803112,89.5613444487
536.9393954648,90.5184238395
537.6534106183,89.0450302007
538.3674257719,88.4931227368
539.0814409254,89.6549521019
539.7954560790,89.5168701703
540.5094712325,88.8414570532
541.2234863861,89.4804170180
541.9375015396,89.1715424089
542.6515166931,88.2576994767
543.3655318467,88.6707941106
544.0795470002,88.5358184948
544.7935621538,88.2308577521
545.5075773073,89.4842944701
546.2215924609,89.6476359615
546.9356076144,88.6070953856
547.6496227679,88.9073895664
548.3636379215,89.2334268398
549.0776530750,88.8576044625
549.7916682286,88.9636671701
550.5056833821,89.0201004301
551.2196985357,88.9120949006
551.9337136892,89.1775117697
552.6477288427,89.0807817312
553.3617439963,88.5673262736
554.0757591498,88.6391309282
554.7897743034,89.0718719103
555.5037894569,88.8575516022
556.2178046105,88.5289954959
556.9318197640,88.7578492340
557.6458349176,88.9240920840
558.3598500711,88.8901296863
559.0738652246,88.7926539224
559.7878803782,88.3672696975
560.5018955317,88.2999209097
561.2159106853,88.6494207901
561.9299258388,88.5495406125
562.6439409924,88.6629397319
563.3579561459,89.1476669429
564.0719712994,89.0449541388
564.7859864530,88.8082836085
565.5000016065,88.7959716075
566.2140167601,88.6045668527
566.9280319136,88.6789324225
567.6420470672,89.0761275560
568.3560622207,89.0402927777
569.0700773743,88.6802610167
569.7840925278,88.4096258611
570.4981076813,88.3961372257
571.2121228349,88.7034250948
571.9261379884,88.7817390017
572.6401531420,88.1459354520
573.3541682955,87.9498094713
574.0681834491,88.7330316043
574.7821986026,88.9275181246
575.4962137561,88.3153854447
576.2102289097,88.1935824119
576.9242440632,88.4632915789
577.6382592168,88.4999602955
578.3522743703,88.4361063932
579.0662895239,88.4542167284
579.7803046774,88.6646274485
580.4943198309,88.6252468628
581.2083349845,88.3800996779
581.9223501380,88.4658213977
582.6363652916,88.2813505918
583.3503804451,87.9935392264
584.0643955987,88.1879889250
584.7784107522,88.2124490468
585.4924259058,88.2560262494
586.2064410593,88.4389065305
586.9204562128,88.1319095639
587.6344713664,88.2265023537
588.3484865199,88.7530151513
589.0625016735,88.6830493838
589.7765168270,88.6286731116
590.4905319806,88.6709475652
591.2045471341,88.5536568702
591.9185622876,88.8851510190
592.6325774412,88.8921985872
593.3465925947,88.5692477659
594.0606077483,88.9310554134
594.7746229018,89.1819076169
595.4886380554,88.8468289053
596.2026532089,88.4744573775
596.9166683625,88.0706000781
597.6306835160,88.0374933467
598.3446986695,88.2964942161
599.0587138231,88.2128830707
599.7727289766,88.1758665427
600.4867441302,88.1972692270
601.2007592837,87.9738667323
601.9147744373,87.9217285446
602.6287895908,87.8147842536
603.3428047443,87.4742315177
604.0568198979,87.4561921393
604.7708350514,87.6693756195
605.4848502050,87.7025688398
606.1988653585,87.4742532667
606.9128805121,87.0286049597
607.6268956656,86.8210399941
608.3409108192,87.0131548944
609.0549259727,87.1852189329
609.7689411262,87.2240012956
610.4829562798,87.1559805629
611.1969714333,87.1590064988
611.9109865869,87.2572254603
612.6250017404,86.8148196574
613.3390168940,86.3238577049
614.0530320475,86.7765964107
614.7670472010,86.9782071714
615.4810623546,86.4992867891
616.1950775081,86.5521364067
616.9090926617,86.4941444576
617.6231078152,86.1019072044
618.3371229688,86.4580188793
619.0511381223,86.6007871506
619.7651532758,86.3764338749
620.4791684294,86.5265527956
621.1931835829,86.1545507680
621.9071987365,85.7899381999
622.6212138900,86.2834411497
623.3352290436,86.4271884475
624.0492441971,86.1424745000
624.7632593507,85.8340464864
625.4772745042,85.3764630973
626.1912896577,85.5094690594
626.9053048113,85.8008033645
627.6193199648,85.7978040307
628.3333351184,85.9054247199
629.0473502719,85.4383569502
629.7613654255,84.8506920738
630.4753805790,84.8005088536
631.1893957325,84.3046156863
631.9034108861,84.2919232606
632.6174260396,85.2758870419
633.3314411932,85.5305769299
634.0454563467,85.4763129896
634.7594715003,85.7227923678
635.4734866538,85.4522130707
636.1875018074,85.4254406533
636.9015169609,85.7458955324
637.6155321144,85.6164557674
638.3295472680,85.4854472870
639.0435624215,85.3215664832
639.7575775751,85.0106230301
640.4715927286,85.2166869062
641.1856078822,85.5117537722
641.8996230357,85.2571390478
642.6136381892,84.9775974137
643.3276533428,85.2064394571
644.0416684963,85.3904053378
644.7556836499,85.1118374276
645.4696988034,84.9748245536
646.1837139570,84.9048928512
646.8977291105,84.5906979101
647.6117442640,84.7329790026
648.3257594176,85.0091929518
649.0397745711,84.6474166630
649.7537897247,84.3231388618
650.4678048782,84.4049769174
651.1818200318,84.5586526181
651.8958351853,84.4520912841
652.6098503389,84.0352313898
653.3238654924,84.0363620611
654.0378806459,84.3094919689
654.7518957995,84.1168890981
655.4659109530,83.9804714082
656.1799261066,84.0851025990
656.8939412601,83.9701568429
657.6079564137,83.8723265166
658.3219715672,83.9189568123
659.0359867207,83.8646325978
659.7500018743,83.5897901857
660.4640170278,83.4215739598
661.1780321814,83.5158318966
661.8920473349,83.3366150744
662.6060624885,83.0786753046
663.3200776420,83.1661704621
664.0340927956,83.0379858756
664.7481079491,82.8114055846
665.4621231026,82.7972269101
666.1761382562,82.6725529991
666.8901534097,82.6216678972
667.6041685633,83.0192955013
668.3181837168,82.5830963979
669.0321988704,82.3219221537
669.7462140239,82.0965133231
670.4602291774,81.9824584034
671.1742443310,82.0458309379
671.8882594845,81.8292818282
672.6022746381,81.7264585611
673.3162897916,81.7237206643
674.0303049452,81.4070777758
674.7443200987,81.2608789086
675.4583352522,81.0716829310
676.1723504058,80.7851701088
676.8863655593,80.8750588042
677.6003807129,80.5656115928
678.3143958664,80.0898884758
679.0284110200,80.2653493091
679.7424261735,80.2128452130
680.4564413271,79.8633664928
681.1704564806,79.8732390188
681.8844716341,79.9594963732
682.5984867877,80.0203572581
683.3125019412,79.9653254963
684.0265170948,79.6822203321
684.7405322483,79.5366413190
685.4545474019,79.4531166015
686.1685625554,79.2392370315
686.8825777089,79.0099850145
687.5965928625,78.7716447231
688.3106080160,78.5196300112
689.0246231696,78.3365102257
689.7386383231,78.3724427733
690.4526534767,78.1729694414
691.1666686302,77.4435460307
691.8806837838,77.1192018685
692.5946989373,77.2465040260
693.3087140908,76.9724055793
694.0227292444,76.4872468960
694.7367443979,76.1568503250
695.4507595515,76.1155448393
696.1647747050,76.0939206730
696.8787898586,75.5993742310
697.5928050121,75.1599997421
698.3068201656,74.8221889140
699.0208353192,74.1443373111
699.7348504727,73.7571073838
700.4488656263,73.4014895325
701.1628807798,72.6991485280
701.8768959334,72.4084901571
702.5909110869,72.1718735195
703.3049262404,71.7055118319
704.0189413940,71.5015013856
704.7329565475,71.1985190218
705.4469717011,70.7305950641
706.1609868546,70.1990044321
706.8750020082,69.4656707601
707.5890171617,69.0277493567
708.3030323153,68.7100877334
709.0170474688,68.0266109316
709.7310626223,67.3587285536
710.4450777759,66.8093722300
711.1590929294,66.1760667928
711.8731080830,65.4293426667
712.5871232365,64.7501700883
713.3011383901,64.1444681850
714.0151535436,63.1774412218
714.7291686971,62.1480381215
715.4431838507,61.1998141668
716.1571990042,59.9492068597
716.8712141578,59.0172618458
717.5852293113,58.1512107087
718.2992444649,56.7578509423
719.0132596184,55.6014864887
719.7272747720,54.4371016328
720.4412899255,53.3170313398
721.1553050790,52.8292421874
721.8693202326,52.0117369200
722.5833353861,51.3602188174
723.2973505397,51.4002822634
724.0113656932,51.4805316327
724.7253808468,52.4799733443
725.4393960003,54.1466624725
726.1534111538,55.6116513964
726.8674263074,57.4714415081
727.5814414609,59.6303771821
728.2954566145,61.8890477897
729.0094717680,64.0747854591
729.7234869216,66.0296244546
730.4375020751,68.2333860759
731.1515172287,70.3837961425
731.8655323822,72.4372223306
732.5795475357,74.8104420567
733.2935626893,77.0758280821
734.0075778428,79.1791703198
734.7215929964,81.2011006406
735.4356081499,83.2174427761
736.1496233035,85.4906911734
736.8636384570,87.2790180982
737.5776536105,88.6006049840
738.2916687641,90.3409087845
739.0056839176,91.6781317250
739.7196990712,92.2443368950
740.4337142247,93.1010256986
741.1477293783,93.9096833137
741.8617445318,94.0953764791
742.5757596853,94.2682051342
743.2897748389,94.3253137829
744.0037899924,94.1813190466
744.7178051460,94.2601158074
745.4318202995,94.1867021006
746.1458354531,93.9426195478
746.8598506066,93.8332272782
747.5738657602,93.5366102356
748.2878809137,93.2031432767
749.0018960672,93.0974808008
749.7159112208,92.9909225546
750.4299263743,92.7710281769
751.1439415279,92.4052663608
751.8579566814,92.1238622890
752.5719718350,92.0697127319
753.2859869885,92.0816410916
754.0000021420,92.1028856766
754.7140172956,91.7265715370
755.4280324491,91.1927939355
756.1420476027,91.3263225579
756.8560627562,91.3988837949
757.5700779098,90.9821180121
758.2840930633,90.8993436067
758.9981082169,90.8109830518
759.7121233704,90.4460942705
760.4261385239,90.3807983340
761.1401536775,90.3655046416
761.8541688310,90.1442102184
762.5681839846,89.9048496467
763.2821991381,89.8041920208
763.9962142917,89.9346691525
764.7102294452,89.8131781592
765.4242445987,89.3611824495
766.1382597523,89.1875190508
766.8522749058,89.2035159910
767.5662900594,89.1569273171
768.2803052129,88.9597540916
768.9943203665,88.6184564874
769.7083355200,88.5263674386
770.4223506735,88.5359608183
771.1363658271,88.4519736407
771.8503809806,88.4877766467
772.5643961342,88.2839899858
773.2784112877,87.8954321209
773.9924264413,87.8579080131
774.7064415948,87.9236849588
775.4204567484,87.9074775904
776.1344719019,87.7425410948
776.8484870554,87.3531586943
777.5625022090,87.2630182660
778.2765173625,87.4578701780
778.9905325161,87.3932455303
779.7045476696,87.0875383781
780.4185628232,86.7444234971
781.1325779767,86.5524385616
781.8465931302,86.4579442983
782.5606082838,86.3200800384
783.2746234373,86.3032823096
783.9886385909,86.1560558551
784.7026537444,85.8588588201
785.4166688980,85.8690812031
786.1306840515,85.7265413243
786.8446992051,85.2548574070
787.5587143586,85.0717909634
788.2727295121,84.9921351005
788.9867446657,84.8260863840
789.7007598192,84.6452195991
790.4147749728,84.3133998252
791.1287901263,84.1817702735
791.8428052799,84.1962046622
792.5568204334,84.0339323050
793.2708355869,84.1497703292
793.9848507405,84.4778510220
794.6988658940,84.7380035584
795.4128810476,85.2372597515
796.1268962011,85.6436219320
796.8409113547,85.8547865386
797.5549265082,86.1604077770
798.2689416617,86.1299864421
798.9829568153,86.0295020859
799.6969719688,86.1828205519
800.4109871224,86.0235363593
801.1250022759,85.8766183976
801.8390174295,85.9746749768
802.5530325830,85.7732543738
803.2670477366,85.6682253673
803.9810628901,85.8007539527
804.6950780436,85.6791783541
805.4090931972,85.6219514429
806.1231083507,85.7090591524
806.8371235043,85.6760402696
807.5511386578,85.6858766642
808.2651538114,85.6224028990
808.9791689649,85.4818090148
809.6931841184,85.4824469811
810.4071992720,85.4686729027
811.1212144255,85.4697510012
811.8352295791,85.4318071408
812.5492447326,85.1468654276
813.2632598862,85.0332133792
813.9772750397,85.2362416287
814.6912901933,85.2775634895
815.4053053468,85.1362331654
816.1193205003,85.0932808746
816.8333356539,85.1147801769
817.5473508074,85.0336670676
818.2613659610,84.9436635510
818.9753811145,84.9636016294
819.6893962681,84.8975391518
820.4034114216,84.8819142474
821.1174265751,85.0077738101
821.8314417287,84.8164297840
822.5454568822,84.5761919582
823.2594720358,84.5756767260
823.9734871893,84.3561091948
824.6875023429,84.2684903760
825.4015174964,84.4447110347
826.1155326499,84.2489262995
826.8295478035,84.0913959531
827.5435629570,84.0948892082
828.2575781106,83.8049902285
828.9715932641,83.6463174243
829.6856084177,83.5376927991
830.3996235712,83.2722733349
831.1136387248,83.2598137179
831.8276538783,83.0629656088
832.5416690318,82.6939954607
833.2556841854,82.7475983092
833.9696993389,82.6703442809
834.6837144925,82.3958399012
835.3977296460,82.3345476039
836.1117447996,82.1100554548
836.8257599531,81.8438142258
837.5397751066,81.7752259273
838.2537902602,81.6512667435
838.9678054137,81.4612133613
839.6818205673,81.1479684845
840.3958357208,80.9249861556
841.1098508744,80.9271763774
841.8238660279,80.6366472568
842.5378811815,80.2518522827
843.2518963350,80.1753616248
843.9659114885,80.0343999641
844.6799266421,79.8488864623
845.3939417956,79.8052412529
846.1079569492,79.7770905169
846.8219721027,79.7844798375
847.5359872563,79.9127676998
848.2500024098,80.2716055048
848.9640175633,80.6252344926
849.6780327169,80.7927469799
850.3920478704,81.1792331089
851.1060630240,81.4902017942
851.8200781775,81.3498818530
852.5340933311,81.4558785481
853.2481084846,81.8524154352
853.9621236381,82.0270553506
854.6761387917,82.1315263310
855.3901539452,82.1887726153
856.1041690988,82.2726921196
856.8181842523,82.5035815235
857.5321994059,82.4875319822
858.2462145594,82.3490324001
858.9602297130,82.4492786569
859.6742448665,82.5848235648
860.3882600200,82.6502442958
861.1022751736,82.5520423630
861.8162903271,82.2843392470
862.5303054807,82.1175947180
863.2443206342,81.9653612870
863.9583357878,81.7632551636
864.6723509413,81.4679840665
865.3863660948,80.8547575197
866.1003812484,80.3222604915
866.8143964019,79.9760774929
867.5284115555,79.2261538358
868.2424267090,78.2546137132
868.9564418626,77.3373545998
869.6704570161,76.1587227912
870.3844721697,74.9057862221
871.0984873232,74.0175865394
871.8125024767,73.7950463360
872.5265176303,74.6702811003
873.2405327838,76.5394081511
873.9545479374,78.5341458739
874.6685630909,80.0247535145
875.3825782445,80.9483296608
876.0965933980,81.7165428038
876.8106085515,82.5406033944
877.5246237051,83.0280967711
878.2386388586,83.2457011029
878.9526540122,83.6060039324
879.6666691657,84.0215680997
880.3806843193,84.4702369226
881.0946994728,84.9153886286
881.8087146264,85.0772850702
882.5227297799,85.1547511544
883.2367449334,85.3795859259
883.9507600870,85.5627791383
884.6647752405,85.6943304423
885.3787903941,85.7958439714
886.0928055476,85.7999233682
886.8068207012,85.7943136271
887.5208358547,85.7687144348
888.2348510082,85.8101129195
888.9488661618,86.0397683686
889.6628813153,86.0884625973
890.3768964689,85.8861522974
891.0909116224,85.8639925524
891.8049267760,85.8501617820
892.5189419295,85.6226236774
893.2329570830,85.5551348049
893.9469722366,85.5969940143
894.6609873901,85.4453186698
895.3750025437,85.2981349853
896.0890176972,85.1878940073
896.8030328508,84.9493786247
897.5170480043,84.8189118097
898.2310631579,84.8698608808
898.9450783114,84.8152727245
899.6590934649,84.6676282629
900.3731086185,84.5900540903
901.0871237720,84.5740867223
901.8011389256,84.6357062827
902.5151540791,84.7107603317
903.2291692327,84.7575301424
903.9431843862,84.8921149007
904.6571995397,84.9670145686
905.3712146933,84.9273517927
906.0852298468,85.0578755246
906.7992450004,85.1814221779
907.5132601539,85.0740761672
908.2272753075,85.1397923788
908.9412904610,85.4094507179
909.6553056146,85.4580985396
910.3693207681,85.3952212605
911.0833359216,85.4635126988
911.7973510752,85.5035706939
912.5113662287,85.4709867952
913.2253813823,85.4627346305
913.9393965358,85.4255974368
914.6534116894,85.3861924316
915.3674268429,85.4013863638
916.0814419964,85.3730550809
916.7954571500,85.3173938376
917.5094723035,85.2786800731
918.2234874571,85.1648330938
918.9375026106,85.0920978967
919.6515177642,85.1398382798
920.3655329177,85.0719358128
921.0795480712,84.9246448677
921.7935632248,84.9055662918
922.5075783783,84.9035742037
923.2215935319,84.8579170873
923.9356086854,84.7932393304
924.6496238390,84.6608408995
925.3636389925,84.5641022286
926.0776541461,84.5204974731
926.7916692996,84.4494256860
927.5056844531,84.4346709451
928.2196996067,84.3732669893
928.9337147602,84.1652740202
929.6477299138,84.1084056988
930.3617450673,84.1946781860
931.0757602209,84.0608896147
931.7897753744,83.8395857257
932.5037905279,83.7947560738
933.2178056815,83.7628774728
933.9318208350,83.7131871894
934.6458359886,83.7374189540
935.3598511421,83.6653644859
936.0738662957,83.5230585017
936.7878814492,83.4931500220
937.5018966028,83.4902484585
938.2159117563,83.4417927725
938.9299269098,83.3309368374
939.6439420634,83.2028950933
940.3579572169,83.2382565401
941.0719723705,83.2755354766
941.7859875240,83.1254212041
942.5000026776,83.0020752605
943.2140178311,82.9074147310
943.9280329846,82.7774777031
944.6420481382,82.7461473437
945.3560632917,82.7031563866
946.0700784453,82.5880200485
946.7840935988,82.5004535755
947.4981087524,82.4327082800
948.2121239059,82.3784363964
948.9261390594,82.2189774948
949.6401542130,82.0650856152
950.3541693665,82.1526249169
951.0681845201,82.1137506236
951.7821996736,81.8323583428
952.4962148272,81.6766592411
953.2102299807,81.5549166347
953.9242451343,81.4535675405
954.6382602878,81.4639119117
955.3522754413,81.3504004276
956.0662905949,81.1730698335
956.7803057484,80.9810029578
957.4943209020,80.7383502248
958.2083360555,80.6701167044
958.9223512091,80.6054431041
959.6363663626,80.4331570834
960.3503815161,80.3320009477
961.0643966697,80.0656702160
961.7784118232,79.7598022865
962.4924269768,79.6929859193
963.2064421303,79.5100036996
963.9204572839,79.2013210887
964.6344724374,78.9710188145
965.3484875910,78.7335389076
966.0625027445,78.5882461151
966.7765178980,78.4264903388
967.4905330516,78.1665402522
968.2045482051,78.0907082652
968.9185633587,78.1121998043
969.6325785122,78.1029332043
970.3465936658,78.1584015723
971.0606088193,78.2383414023
971.7746239728,78.4340069808
972.4886391264,78.7657261478
973.2026542799,79.0669189275
973.9166694335,79.3629835091
974.6306845870,79.6623841394
975.3446997406,79.8936367540
976.0587148941,80.1294311372
976.7727300476,80.4377381952
977.4867452012,80.6710870666
978.2007603547,80.7287092198
978.9147755083,80.8540772042
979.6287906618,81.0551988247
980.3428058154,81.0687202681
981.0568209689,81.0350674094
981.7708361225,81.0350440533
982.4848512760,81.0003440879
983.1988664295,81.0674356676
983.9128815831,81.0208192827
984.6268967366,80.8137079951
985.3409118902,80.7900603349
986.0549270437,80.7372979786
986.7689421973,80.5929460762
987.4829573508,80.5710120375
988.1969725043,80.4072036798
988.9109876579,80.2144071527
989.6250028114,80.2588644515
990.3390179650,80.2932459053
991.0530331185,80.2719947503
991.7670482721,80.1978580831
992.4810634256,80.0660442542
993.1950785792,80.0110952136
993.9090937327,79.8405192859
994.6231088862,79.6050499528
995.3371240398,79.4755731022
996.0511391933,79.2243189975
996.7651543469,79.0577154609
997.4791695004,79.0701239907
998.1931846540,78.8537528559
998.9071998075,78.5968921805
999.6212149610,78.4882373030
1000.3352301146,78.3049597458
1001.0492452681,78.1050741621
1001.7632604217,77.8451705293
1002.4772755752,77.4769325354
1003.1912907288,77.1857405555
1003.9053058823,76.9257230662
1004.6193210359,76.6472909312
1005.3333361894,76.3153727936
1006.0473513429,75.8231894186
1006.7613664965,75.3662788904
1007.4753816500,75.0749612866
1008.1893968036,74.7094853194
1008.9034119571,74.1218599064
1009.6174271107,73.5096609360
1010.3314422642,72.9652063965
1011.0454574177,72.2454541396
1011.7594725713,71.4040433731
1012.4734877248,70.5779331542
1013.1875028784,69.5638975495
1013.9015180319,68.5901433169
1014.6155331855,67.8755040176
1015.3295483390,67.2290914218
1016.0435634925,66.9447476212
1016.7575786461,67.1041170951
1017.4715937996,67.4785209584
1018.1856089532,68.3072059999
1018.8996241067,69.4087225057
1019.6136392603,70.4496617098
1020.3276544138,71.5388900845
1021.0416695674,72.5874801699
1021.7556847209,73.5834130298
1022.4696998744,74.7046781129
1023.1837150280,76.0086050349
1023.8977301815,77.5534504217
1024.6117453351,79.2284640995
1025.3257604886,80.8664669843
1026.0397756422,82.2434172990
1026.7537907957,83.0825494456
1027.4678059492,83.4598593656
1028.1818211028,83.5065505872
1028.8958362563,83.3176062443
1029.6098514099,83.1391186024
1030.3238665634,82.8858458628
1031.0378817170,82.4760527044
1031.7518968705,82.1620857188
1032.4659120241,81.8839115707
1033.1799271776,81.5571985816
1033.8939423311,81.2532456385
1034.6079574847,80.9646256520
1035.3219726382,80.8238893968
1036.0359877918,80.6461094674
1036.7500029453,80.2498435499
1037.4640180989,79.9474184270
1038.1780332524,79.6594109774
1038.8920484059,79.3130869130
1039.6060635595,79.1529665266
1040.3200787130,78.9790632478
1041.0340938666,78.7469699620
1041.7481090201,78.5100035206
1042.4621241737,78.1970352029
1043.1761393272,78.1595544170
1043.8901544807,78.2278079084
1044.6041696343,78.0440638133
1045.3181847878,77.9653809588
1046.0321999414,77.9021380400
1046.7462150949,77.7374433201
1047.4602302485,77.7380280623
1048.1742454020,77.6445779680
1048.8882605556,77.4887449885
1049.6022757091,77.4540988127
1050.3162908626,77.2928484057
1051.0303060162,77.1584850067
1051.7443211697,77.0156357903
1052.4583363233,76.7183850179
1053.1723514768,76.6177342167
1053.8863666304,76.5287668689
1054.6003817839,76.3383185016
1055.3143969374,76.2565195605
1056.0284120910,75.9329696859
1056.7424272445,75.6047424332
1057.4564423981,75.5796324145
1058.1704575516,75.3020893845
1058.8844727052,74.9593550186
1059.5984878587,74.7976400789
1060.3125030123,74.4064828930
1061.0265181658,74.1321769649
1061.7405333193,74.0377213804
1062.4545484729,73.6084538283
1063.1685636264,73.2060038733
1063.8825787800,72.9690617463
1064.5965939335,72.5563132305
1065.3106090871,72.2503515183
1066.0246242406,72.0305397994
1066.7386393941,71.6138577103
1067.4526545477,71.3078599264
1068.1666697012,71.0272677353
1068.8806848548,70.5345221306
1069.5947000083,70.2175654436
1070.3087151619,69.9329957923
1071.0227303154,69.3781343672
1071.7367454689,68.9969460817
1072.4507606225,68.7028890057
1073.1647757760,68.1568939007
1073.8787909296,67.6616882189
1074.5928060831,67.2313261305
1075.3068212367,66.8357452893
1076.0208363902,66.4797153418
1076.7348515438,65.8143781251
1077.4488666973,65.2352663986
1078.1628818508,65.0193068394
1078.8768970044,64.5778150539
1079.5909121579,64.0728722950
1080.3049273115,63.7480920429
1081.0189424650,63.3358726922
1081.7329576186,63.0106690598
1082.4469727721,62.7490343805
1083.1609879256,62.4855777076
1083.8750030792,62.3206820848
1084.5890182327,62.0349258712
1085.3030333863,61.8098032517
1086.0170485398,61.7115939731
1086.7310636934,61.5494425385
1087.4450788469,61.5377046358
1088.1590940005,61.3915873698
1088.8731091540,61.1228026204
1089.5871243075,61.1624736785
1090.3011394611,61.0377952199
1091.0151546146,60.8834616480
1091.7291697682,61.0196136835
1092.4431849217,60.8730326765
1093.1572000753,60.8193199501
1093.8712152288,61.0463909455
1094.5852303823,60.9849336985
1095.2992455359,61.0373079246
1096.0132606894,61.2544361900
1096.7272758430,61.3786523944
1097.4412909965,61.6823515196
1098.1553061501,61.9168462116
1098.8693213036,62.1663445471
1099.5833364571,62.6427247558
1100.2973516107,62.9262717763
1101.0113667642,63.2311649622
1101.7253819178,63.7204261861
1102.4393970713,64.1605102306
1103.1534122249,64.7115708698
1103.8674273784,65.1668907639
1104.5814425320,65.4574760562
1105.2954576855,65.9355956267
1106.0094728390,66.4899356643
1106.7234879926,67.0318493944
1107.4375031461,67.5112159043
1108.1515182997,67.9082439344
1108.8655334532,68.4035479873
1109.5795486068,68.7369892554
1110.2935637603,68.8778252514
1111.0075789138,69.1609092980
1111.7215940674,69.4164424102
1112.4356092209,69.5645607148
1113.1496243745,69.6550726721
1113.8636395280,69.6088826445
1114.5776546816,69.5455061202
1115.2916698351,69.3832865168
1116.0056849887,69.1166854892
1116.7197001422,68.9421461347
1117.4337152957,68.8395912060
1118.1477304493,68.9708553044
1118.8617456028,69.1744189524
1119.5757607564,69.1740587272
1120.2897759099,69.4242784160
1121.0037910635,69.8718961508
1121.7178062170,70.1659617381
1122.4318213705,70.5678681456
1123.1458365241,71.0011442233
1123.8598516776,71.4219152728
1124.5738668312,72.0763354075
1125.2878819847,72.7361637894
1126.0018971383,73.2851499702
1126.7159122918,73.8977483052
1127.4299274454,74.6237252621
1128.1439425989,75.4230862455
1128.8579577524,76.1948206781
1129.5719729060,76.9961554302
1130.2859880595,77.8365608552
1131.0000032131,78.6767157654
1131.7140183666,79.6033537683
1132.4280335202,80.4284284659
1133.1420486737,81.1216043124
1133.8560638272,81.9077263396
1134.5700789808,82.7006804137
1135.2840941343,83.4990878812
1135.9981092879,84.2668081270
1136.7121244414,84.8320251125
1137.4261395950,85.3407588193
1138.1401547485,85.8789400841
1138.8541699020,86.4600652119
1139.5681850556,86.9840176461
1140.2822002091,87.2741511140
1140.9962153627,87.7151767008
1141.7102305162,88.2911052549
1142.4242456698,88.5802290784
1143.1382608233,88.9579234730
1143.8522759769,89.3639547414
1144.5662911304,89.4538658653
1145.2803062839,89.7335547902
1145.9943214375,90.1149256165
1146.7083365910,90.2847855392
1147.4223517446,90.5557649001
1148.1363668981,90.7270662429
1148.8503820517,90.7762021723
1149.5643972052,91.0405581817
1150.2784123587,91.2128248018
1150.9924275123,91.2451345318
1151.7064426658,91.3198962392
1152.4204578194,91.2899292759
1153.1344729729,91.3340472022
1153.8484881265,91.5057535767
1154.5625032800,91.5682253391
1155.2765184336,91.5568309050
1155.9905335871,91.5028389291
1156.7045487406,91.5069894502
1157.4185638942,91.5954530013
1158.1325790477,91.4732636855
1158.8465942013,91.2479385972
1159.5606093548,91.2364640075
1160.2746245084,91.2884983238
1160.9886396619,91.1696809868
1161.7026548154,90.9560753193
1162.4166699690,90.8789780744
1163.1306851225,90.8937461696
1163.8447002761,90.8094518714
1164.5587154296,90.6785860117
1165.2727305832,90.4965777919
1165.9867457367,90.2733077421
1166.7007608902,90.1070398901
1167.4147760438,89.8873062519
1168.1287911973,89.6830997970
1168.8428063509,89.5149993215
1169.5568215044,89.1375490072
1170.2708366580,88.8150627487
1170.9848518115,88.7150736351
1171.6988669651,88.4843195987
1172.4128821186,88.2197141665
1173.1268972721,88.1103318399
1173.8409124257,87.9937255550
1174.5549275792,87.8514109061
1175.2689427328,87.7385599232
1175.9829578863,87.6887205048
1176.6969730399,87.6436847480
1177.4109881934,87.5413180695
1178.1250033469,87.5068833887
1178.8390185005,87.4666065084
1179.5530336540,87.3644025521
1180.2670488076,87.3274631695
1180.9810639611,87.2429225600
1181.6950791147,87.1211768033
1182.4090942682,87.0122989197
1183.1231094218,86.8213024887
1183.8371245753,86.6992795667
1184.5511397288,86.5451110044
1185.2651548824,86.2400281268
1185.9791700359,86.0658372145
1186.6931851895,85.8797404688
1187.4072003430,85.5840974494
1188.1212154966,85.3737220231
1188.8352306501,85.0445900468
1189.5492458036,84.7053138923
1190.2632609572,84.4886474327
1190.9772761107,84.1022791340
1191.6912912643,83.7819487289
1192.4053064178,83.5683072667
1193.1193215714,83.1385020917
1193.8333367249,82.7845555857
1194.5473518784,82.5313385916
1195.2613670320,82.1664398195
1195.9753821855,81.8818556416
1196.6893973391,81.5798430866
1197.4034124926,81.2190614934
1198.1174276462,80.9469540106
1198.8314427997,80.5860962001
1199.5454579533,80.1947885091
1200.2594731068,79.9174417912
1200.9734882603,79.6079619390
1201.6875034139,79.2396889109
1202.4015185674,78.8567471597
1203.1155337210,78.5093857719
1203.8295488745,78.1872161182
1204.5435640281,77.8025824318
1205.2575791816,77.4511641510
1205.9715943351,77.1074616417
1206.6856094887,76.6923433596
1207.3996246422,76.3538382310
1208.1136397958,76.0501924916
1208.8276549493,75.6753388399
1209.5416701029,75.3015350879
1210.2556852564,74.9519720460
1210.9697004100,74.6064704593
1211.6837155635,74.2127906348
1212.3977307170,73.7845417914
1213.1117458706,73.3621626999
1213.8257610241,72.9670463827
1214.5397761777,72.6895827829
1215.2537913312,72.2777097317
1215.9678064848,71.6193072227
1216.6818216383,71.1618397521
1217.3958367918,70.8160032632
1218.1098519454,70.2994881462
1218.8238670989,69.8150583213
1219.5378822525,69.3215485444
1220.2518974060,68.8341585037
1220.9659125596,68.4181799433
1221.6799277131,67.9018675542
1222.3939428666,67.4943101722
1223.1079580202,67.1733769743
1223.8219731737,66.7296599830
1224.5359883273,66.3877923599
1225.2500034808,65.9882016281
1225.9640186344,65.4683150670
1226.6780337879,65.0744890351
1227.3920489415,64.5743358385
1228.1060640950,64.0571877243
1228.8200792485,63.6267439730
1229.5340944021,63.0276723708
1230.2481095556,62.5077660846
1230.9621247092,62.0328359777
1231.6761398627,61.4280190488
1232.3901550163,60.9823890390
1233.1041701698,60.5327415596
1233.8181853233,60.0410749213
1234.5322004769,59.6949592596
1235.2462156304,59.3018984740
1235.9602307840,59.0237292083
1236.6742459375,58.8699049896
1237.3882610911,58.6438663137
1238.1022762446,58.5714010685
1238.8162913982,58.5365181735
1239.5303065517,58.4991373907
1240.2443217052,58.6254544746
1240.9583368588,58.7422099297
1241.6723520123,59.0051069698
1242.3863671659,59.3564914530
1243.1003823194,59.5475143382
1243.8143974730,59.9140861598
1244.5284126265,60.3784368842
1245.2424277800,60.7606505498
1245.9564429336,61.2529237753
1246.6704580871,61.6754725037
1247.3844732407,62.0947906669
1248.0984883942,62.6630849279
1248.8125035478,63.1485355011
1249.5265187013,63.5967402881
1250.2405338549,64.0426388459
1250.9545490084,64.4856473091
1251.6685641619,64.9675145135
1252.3825793155,65.3422217738
1253.0965944690,65.7739906856
1253.8106096226,66.1925656481
1254.5246247761,66.3677133237
1255.2386399297,66.6722767473
1255.9526550832,67.0055913169
1256.6666702367,67.1449957624
1257.3806853903,67.4373248439
1258.0947005438,67.7259654993
1258.8087156974,67.9119293696
1259.5227308509,68.2036347137
1260.2367460045,68.4594989405
1260.9507611580,68.7790416188
1261.6647763115,69.1753785334
1262.3787914651,69.5250732199
1263.0928066186,69.9857352268
1263.8068217722,70.4181761150
1264.5208369257,70.8259268841
1265.2348520793,71.3881751399
1265.9488672328,71.9307504358
1266.6628823864,72.4560646406
1267.3768975399,72.9653298011
1268.0909126934,73.4596363299
1268.8049278470,74.0793868782
1269.5189430005,74.6213405591
1270.2329581541,75.1298779109
1270.9469733076,75.7300076173
1271.6609884612,76.1793984963
1272.3750036147,76.6732768908
1273.0890187682,77.2788331229
1273.8030339218,77.7169235690
1274.5170490753,78.1392739454
1275.2310642289,78.5521544356
1275.9450793824,78.9202227565
1276.6590945360,79.4075897922
1277.3731096895,79.8016083390
1278.0871248431,80.0863833280
1278.8011399966,80.4448992652
1279.5151551501,80.7930977270
1280.2291703037,81.1903738792
1280.9431854572,81.5900050476
1281.6572006108,81.8814695321
1282.3712157643,82.1839189361
1283.0852309179,82.4714645890
1283.7992460714,82.7876226428
1284.5132612249,83.1847312812
1285.2272763785,83.5028249379
1285.9412915320,83.8085988399
1286.6553066856,84.1708436065
1287.3693218391,84.5241598646
1288.0833369927,84.8665535601
1288.7973521462,85.1605942317
1289.5113672997,85.4969016037
1290.2253824533,85.8964236951
1290.9393976068,86.2770883773
1291.6534127604,86.6848993405
1292.3674279139,87.0171004160
1293.0814430675,87.3239244206
1293.7954582210,87.7474069608
1294.5094733746,88.1399673232
1295.2234885281,88.5813407709
1295.9375036816,89.0543906214
1296.6515188352,89.3901241245
1297.3655339887,89.8199285359
1298.0795491423,90.2886025346
1298.7935642958,90.6589872793
1299.5075794494,91.0706934333
1300.2215946029,91.4269139851
1300.9356097564,91.8131825564
1301.6496249100,92.2588771233
1302.3636400635,92.5172786768
1303.0776552171,92.7219970408
1303.7916703706,92.9150142027
1304.5056855242,93.0427386213
1305.2197006777,93.2324073935
1305.9337158313,93.3589280174
1306.6477309848,93.4236055692
1307.3617461383,93.5008618647
1308.0757612919,93.5409126459
1308.7897764454,93.7119379935
1309.5037915990,93.8671660689
1310.2178067525,93.8809325641
1310.9318219061,94.0307679571
1311.6458370596,94.1694180043
1312.3598522131,94.1994965284
1313.0738673667,94.2893882539
1313.7878825202,94.3165707487
1314.5018976738,94.3589833369
1315.2159128273,94.4952695668
1315.9299279809,94.5806863465
1316.6439431344,94.6162784501
1317.3579582879,94.5298044984
1318.0719734415,94.4973828554
1318.7859885950,94.6176556275
1319.5000037486,94.6510281467
1320.2140189021,94.6601826940
1320.9280340557,94.6218878640
1321.6420492092,94.5085696631
1322.3560643628,94.5440981155
1323.0700795163,94.5261857910
1323.7840946698,94.4809013660
1324.4981098234,94.4662037867
1325.2121249769,94.2002999368
1325.9261401305,94.1069451245
1326.6401552840,94.1165607836
1327.3541704376,93.7238457463
1328.0681855911,93.4230473569
1328.7822007446,93.1475799333
1329.4962158982,92.6467984591
1330.2102310517,92.2361603573
1330.9242462053,91.5906046463
1331.6382613588,90.7881051650
1332.3522765124,90.0290615611
1333.0662916659,89.0353603873
1333.7803068195,88.0382741428
1334.4943219730,86.9750476676
1335.2083371265,85.8748638057
1335.9223522801,85.0057312846
1336.6363674336,84.1372467098
1337.3503825872,83.4102132481
1338.0643977407,82.9940421296
1338.7784128943,82.7882124934
1339.4924280478,82.8444444130
1340.2064432013,83.2590537055
1340.9204583549,83.9840418604
1341.6344735084,84.7805027341
1342.3484886620,85.8261734053
1343.0625038155,86.9698651495
1343.7765189691,88.0907880186
1344.4905341226,89.4064625967
1345.2045492761,90.3486814828
1345.9185644297,91.0936814843
1346.6325795832,91.9980776406
1347.3465947368,92.5696921452
1348.0606098903,93.1456272994
1348.7746250439,93.6990848669
1349.4886401974,93.9222072382
1350.2026553510,94.2447337609
1350.9166705045,94.4567727487
1351.6306856580,94.6074133737
1352.3447008116,94.8602267347
1353.0587159651,94.8313707671
1353.7727311187,94.8682372139
1354.4867462722,95.0003595109
1355.2007614258,94.9625950544
1355.9147765793,95.0236171610
1356.6287917328,94.9403346827
1357.3428068864,94.8558111129
1358.0568220399,94.9757138005
1358.7708371935,94.8445671786
1359.4848523470,94.7726171181
1360.1988675006,94.7505651601
1360.9128826541,94.5013431725
1361.6268978077,94.5565883782
1362.3409129612,94.4149057289
1363.0549281147,93.9973397825
1363.7689432683,94.1284382413
1364.4829584218,93.8660877268
1365.1969735754,93.5026198436
1365.9109887289,93.5746960517
1366.6250038825,93.2853696389
1367.3390190360,93.0342412337
1368.0530341895,93.1156959095
1368.7670493431,92.8929933844
1369.4810644966,92.9061719212
1370.1950796502,92.9397615774
1370.9090948037,92.7352013039
1371.6231099573,92.9495169653
1372.3371251108,93.0168773629
1373.0511402643,92.8676437017
1373.7651554179,93.0946657702
1374.4791705714,93.0913874169
1375.1931857250,93.0331848050
1375.9072008785,93.1741591603
1376.6212160321,93.0898495324
1377.3352311856,93.0434209581
1378.0492463392,93.0744692067
1378.7632614927,93.0273314185
1379.4772766462,93.0619447918
1380.1912917998,93.0245043693
1380.9053069533,92.9226049104
1381.6193221069,92.8767784432
1382.3333372604,92.8788874534
1383.0473524140,92.9328551020
1383.7613675675,92.8737119557
1384.4753827210,92.8218061899
1385.1893978746,92.9004430144
1385.9034130281,92.9444563506
1386.6174281817,93.0407892675
1387.3314433352,93.1788630480
1388.0454584888,93.2111560043
1388.7594736423,93.2049332976
1389.4734887959,93.0708899403
1390.1875039494,93.0662798708
1390.9015191029,93.1243447176
1391.6155342565,92.8979159601
1392.3295494100,92.8668896314
1393.0435645636,92.7887342338
1393.7575797171,92.3974021171
1394.4715948707,92.5166282123
1395.1856100242,92.5000793926
1395.8996251777,92.0706271179
1396.6136403313,92.0160975984
1397.3276554848,91.7203717900
1398.0416706384,91.3599082437
1398.7556857919,91.1969370648
1399.4697009455,90.6747632994
1400.1837160990,90.5167779320
1400.8977312526,90.1360229070
1401.6117464061,89.3872038803
1402.3257615596,89.1776321807
1403.0397767132,88.5408156368
1403.7537918667,87.7650788413
1404.4678070203,87.5306608850
1405.1818221738,86.4585173734
1405.8958373274,85.9222780713
1406.6098524809,85.6235014125
1407.3238676344,84.6576943013
1408.0378827880,84.8702978544
1408.7518979415,84.9722930920
1409.4659130951,84.8097885918
1410.1799282486,85.8207808457
1410.8939434022,86.3411950691
1411.6079585557,87.2392602906
1412.3219737092,88.6160481554
1413.0359888628,89.3968927880
1413.7500040163,90.6625357360
1414.4640191699,91.6490750722
1415.1780343234,92.3844730488
1415.8920494770,93.3600739287
1416.6060646305,93.7632381421
1417.3200797841,94.3926737378
1418.0340949376,94.9963701721
1418.7481100911,94.8680471267
1419.4621252447,95.3953573707
1420.1761403982,95.8215485791
1420.8901555518,95.5727519311
1421.6041707053,95.6354278217
1422.3181858589,95.8130075833
1423.0322010124,95.6721714134
1423.7462161659,95.6953005363
1424.4602313195,95.8519328761
1425.1742464730,95.7340212479
1425.8882616266,95.6513992417
1426.6022767801,95.5690136403
1427.3162919337,95.3849368651
1428.0303070872,95.3166468051
1428.7443222408,95.2660957066
1429.4583373943,95.0744599266
1430.1723525478,94.9260027142
1430.8863677014,94.8002231711
1431.6003828549,94.6106461142
1432.3143980085,94.5013093901
1433.0284131620,94.4203554583
1433.7424283156,94.2738127928
1434.4564434691,94.1988665773
1435.1704586226,94.1315148310
1435.8844737762,93.9757830706
1436.5984889297,93.9617373780
1437.3125040833,93.9494763432
1438.0265192368,93.6947762660
1438.7405343904,93.5740393905
1439.4545495439,93.6273045359
1440.1685646974,93.5480032391
1440.8825798510,93.5017520014
1441.5965950045,93.5262147248
1442.3106101581,93.3894737973
1443.0246253116,93.3378554014
1443.7386404652,93.3996389215
1444.4526556187,93.3219332276
1445.1666707723,93.2552650260
1445.8806859258,93.2649333313
1446.5947010793,93.2192959122
1447.3087162329,93.1389627456
1448.0227313864,93.1159035662
1448.7367465400,93.1302751878
1449.4507616935,93.0163968620
1450.1647768471,92.9313386828
1450.8787920006,93.0237834426
1451.5928071541,92.9293187768
1452.3068223077,92.7643631899
1453.0208374612,92.9267286471
1453.7348526148,92.9730904535
1454.4488677683,93.0390951970
1455.1628829219,93.2194147861
1455.8768980754,93.0847414944
1456.5909132290,92.9411470104
1457.3049283825,93.5829703857
1458.0189435360,93.4127213376
1458.7329586896,93.2359885107
1459.4469738431,93.3526020762
1460.1609889967,93.3746502357
1460.8750041502,93.3578812184
1461.5890193038,93.4137326249
1462.3030344573,93.3971552364
1463.0170496108,93.3322063734
1463.7310647644,93.2780284821
1464.4450799179,93.1573513126
1465.1590950715,93.2308787733
1465.8731102250,93.2153324798
1466.5871253786,92.9676206291
1467.3011405321,92.8244778479
1468.0151556856,92.7523635259
1468.7291708392,92.4184495418
1469.4431859927,92.1827109158
1470.1572011463,92.1430808853
1470.8712162998,91.8584104546
1471.5852314534,91.8409656348
1472.2992466069,92.5046503167
1473.0132617605,92.4127564811
1473.7272769140,92.7428046353
1474.4412920675,93.1901982580
1475.1553072211,93.1940771555
1475.8693223746,93.3305717557
1476.5833375282,93.6382164349
1477.2973526817,93.8151890409
1478.0113678353,93.9602086167
1478.7253829888,93.9586327367
1479.4393981423,94.1112098151
1480.1534132959,94.2250814803
1480.8674284494,94.1965240763
1481.5814436030,94.4517708680
1482.2954587565,94.6056100928
1483.0094739101,94.6176663925
1483.7234890636,94.7046664929
1484.4375042172,94.6743208510
1485.1515193707,94.8103036323
1485.8655345242,95.0088662729
1486.5795496778,94.9164853686
1487.2935648313,94.9602175093
1488.0075799849,95.0606380031
1488.7215951384,94.9866884499
1489.4356102920,95.0811478657
1490.1496254455,95.1403479329
1490.8636405990,95.0700676229
1491.5776557526,95.0762928426
1492.2916709061,94.9736980670
1493.0056860597,94.9177400757
1493.7197012132,94.8924197773
1494.4337163668,94.8507424314
1495.1477315203,94.8105368672
1495.8617466738,94.5933842983
1496.5757618274,94.5741473464
1497.2897769809,94.4899909615
1498.0037921345,94.0679342616
1498.7178072880,93.6787125447
1499.4318224416,93.5938568056
1500.1458375951,93.1599535417
1500.8598527487,92.7646487765
1501.5738679022,92.4034555070
1502.2878830557,91.7481877561
1503.0018982093,91.1492869615
1503.7159133628,90.8926030916
1504.4299285164,90.6068315154
1505.1439436699,90.5773556678
1505.8579588235,91.3656522066
1506.5719739770,91.3512836639
1507.2859891305,92.2544029819
1508.0000042841,93.3437479343
1508.7140194376,93.5652674566
1509.4280345912,93.9375561043
1510.1420497447,94.2620779553
1510.8560648983,94.4170403070
1511.5700800518,94.4810577482
1512.2840952054,94.4443434549
1512.9981103589,94.6850629182
1513.7121255124,94.6884388517
1514.4261406660,94.4975862414
1515.1401558195,94.5716610353
1515.8541709731,94.5689327647
1516.5681861266,94.3147410693
1517.2822012802,94.4794814572
1517.9962164337,94.5527202256
1518.7102315872,94.3513722968
1519.4242467408,94.2921938931
1520.1382618943,94.2945669518
1520.8522770479,94.2010941844
1521.5662922014,94.3149724165
1522.2803073550,94.2800424082
1522.9943225085,94.1790447222
1523.7083376621,94.1477959036
1524.4223528156,93.9723139052
1525.1363679691,93.7509900767
1525.8503831227,94.0726360097
1526.5643982762,94.0390336984
1527.2784134298,93.8566620931
1527.9924285833,93.8292058651
1528.7064437369,93.7848935445
1529.4204588904,93.8185656471
1530.1344740439,93.8605567372
1530.8484891975,93.7700133780
1531.5625043510,93.8546833637
1532.2765195046,93.8957653626
1532.9905346581,93.6376994228
1533.7045498117,93.6748137107
1534.4185649652,93.9432686751
1535.1325801187,93.7765896801
1535.8465952723,93.5988584352
1536.5606104258,93.5604008313
1537.2746255794,93.5796908957
1537.9886407329,93.7262892027
1538.7026558865,93.9888482703
1539.4166710400,93.8846672516
1540.1306861936,93.6866935400
1540.8447013471,93.6750044013
1541.5587165006,93.4934822943
1542.2727316542,93.3421300678
1542.9867468077,93.5847312974
1543.7007619613,93.5588309576
1544.4147771148,93.4000594387
1545.1287922684,93.3810080279
1545.8428074219,93.4821923406
1546.5568225754,93.4448778596
1547.2708377290,93.3433058972
1547.9848528825,93.2930992981
1548.6988680361,93.2973465046
1549.4128831896,93.2331426010
1550.1268983432,93.3416359997
1550.8409134967,93.3353304189
1551.5549286503,93.1317997288
1552.2689438038,93.2104760122
1552.9829589573,93.3094621870
1553.6969741109,92.9852051216
1554.4109892644,92.8799634118
1555.1250044180,93.1922750313
1555.8390195715,93.0884333200
1556.5530347251,93.1096920580
1557.2670498786,93.1121941361
1557.9810650321,92.9840781609
1558.6950801857,93.4827095697
1559.4090953392,93.2453263465
1560.1231104928,93.0165304777
1560.8371256463,93.1789135080
1561.5511407999,92.9198256756
1562.2651559534,92.8006963706
1562.9791711069,92.9627929448
1563.6931862605,92.8788861111
1564.4072014140,92.7923837542
1565.1212165676,92.8959068973
1565.8352317211,92.7998787119
1566.5492468747,92.6863060168
1567.2632620282,92.6725858162
1567.9772771818,92.7193514753
1568.6912923353,92.7000146919
1569.4053074888,92.4067826593
1570.1193226424,92.2973404138
1570.8333377959,92.4017219957
1571.5473529495,92.3746273424
1572.2613681030,92.2774160361
1572.9753832566,92.1040878349
1573.6893984101,92.0322489279
1574.4034135636,92.1376753998
1575.1174287172,92.0053815190
1575.8314438707,91.5696061230
1576.5454590243,91.7866168226
1577.2594741778,91.7879208373
1577.9734893314,91.7277521972
1578.6875044849,91.8375419036
1579.4015196385,91.8871673045
1580.1155347920,91.9843193677
1580.8295499455,92.1879416068
1581.5435650991,92.3744242247
1582.2575802526,92.5161870326
1582.9715954062,92.5727578938
1583.6856105597,92.6584925524
1584.3996257133,92.6691536148
1585.1136408668,92.6985118924
1585.8276560203,92.8461147424
1586.5416711739,92.7872478328
1587.2556863274,92.7156369405
1587.9697014810,92.7799846449
1588.6837166345,92.7315261834
1589.3977317881,92.7486539290
1590.1117469416,92.7808267619
1590.8257620951,92.6645112018
1591.5397772487,92.6244147413
1592.2537924022,92.5983835275
1592.9678075558,92.5882274474
1593.6818227093,92.6485593940
1594.3958378629,92.5456814295
1595.1098530164,92.4368139835
1595.8238681700,92.4581383367
1596.5378833235,92.4244931277
1597.2518984770,92.4262153140
1597.9659136306,92.4435510464
1598.6799287841,92.3433087049
1599.3939439377,92.2655194660
1600.1079590912,92.3132413369
1600.8219742448,92.3592634105
1601.5359893983,92.2658837169
1602.2500045518,92.1742385364
1602.9640197054,92.1530239908
1603.6780348589,92.0647075096
1604.3920500125,92.0264737515
1605.1060651660,92.0733301337
1605.8200803196,92.0406391127
1606.5340954731,92.0050973577
1607.2481106267,92.0085259519
1607.9621257802,92.0183971493
1608.6761409337,92.0149076008
1609.3901560873,91.8663308133
1610.1041712408,91.7703727620
1610.8181863944,91.7869011939
1611.5322015479,91.7371143723
1612.2462167015,91.7318245141
1612.9602318550,91.6528981243
1613.6742470085,91.5271488638
1614.3882621621,91.6860968091
1615.1022773156,91.8134109072
1615.8162924692,91.7785685561
1616.5303076227,91.7573555038
1617.2443227763,91.4274071967
1617.9583379298,91.4802079820
1618.6723530833,91.5733452731
1619.3863682369,91.4652782571
1620.1003833904,91.3495865452
1620.8143985440,91.2504928312
1621.5284136975,91.2125273378
1622.2424288511,91.2630738063
1622.9564440046,91.0929682086
1623.6704591582,90.9478452318
1624.3844743117,90.9783106946
1625.0984894652,90.7763736547
1625.8125046188,90.7901037494
1626.5265197723,90.8591852220
1627.2405349259,90.6388953350
1627.9545500794,90.6054715612
1628.6685652330,90.5828095235
1629.3825803865,90.3653129600
1630.0965955400,90.2813236099
1630.8106106936,90.2564560068
1631.5246258471,90.2422924888
1632.2386410007,90.1542540367
1632.9526561542,89.9840054149
1633.6666713078,90.1383775435
1634.3806864613,90.2558470706
1635.0947016149,89.6823242504
1635.8087167684,89.5779648868
1636.5227319219,89.8927081681
1637.2367470755,89.8086888545
1637.9507622290,89.6471555810
1638.6647773826,89.6210661235
1639.3787925361,89.5854184755
1640.0928076897,89.4302723814
1640.8068228432,89.4130836140
1641.5208379967,89.5110711087
1642.2348531503,89.3477263644
1642.9488683038,89.1897039780
1643.6628834574,89.2010362245
1644.3768986109,89.1971993401
1645.0909137645,89.2307493934
1645.8049289180,89.0816404505
1646.5189440715,88.9912699516
1647.2329592251,89.1724237878
1647.9469743786,88.8637088272
1648.6609895322,88.7567156515
1649.3750046857,88.9500393366
1650.0890198393,88.7942502209
1650.8030349928,88.8195250523
1651.5170501464,89.0488395644
1652.2310652999,88.8754008622
1652.9450804534,88.7001359112
1653.6590956070,88.7157802120
1654.3731107605,88.2474043886
1655.0871259141,88.2679731170
1655.8011410676,88.2161684733
1656.5151562212,88.0783449009
1657.2291713747,88.0676496844
1657.9431865282,88.0044126766
1658.6572016818,87.9673055665
1659.3712168353,87.8348664648
1660.0852319889,87.6541982579
1660.7992471424,87.6372740999
1661.5132622960,87.5104561195
1662.2272774495,87.3556115990
1662.9412926031,87.0874375469
1663.6553077566,86.8622555549
1664.3693229101,86.9298687874
1665.0833380637,86.7747375756
1665.7973532172,86.4474434093
1666.5113683708,86.4255903828
1667.2253835243,86.3267352562
1667.9393986779,86.3251601048
1668.6534138314,86.3265565531
1669.3674289849,85.2765771379
1670.0814441385,85.6010074527
1670.7954592920,85.7704510955
1671.5094744456,85.2636888927
1672.2234895991,85.2609542424
1672.9375047527,85.1504674918
1673.6515199062,84.9476646913
1674.3655350598,85.2259517721
1675.0795502133,84.8135870651
1675.7935653668,83.8605125566
1676.5075805204,84.2704952893
1677.2215956739,84.0684790898
1677.9356108275,83.7682594702
1678.6496259810,83.7107317786
1679.3636411346,83.5245153190
1680.0776562881,83.4185273898
1680.7916714416,82.9944861518
1681.5056865952,82.7716521420
1682.2197017487,82.8974090620
1682.9337169023,82.6687271044
1683.6477320558,82.7302169385
1684.3617472094,82.8360331462
1685.0757623629,81.2929462610
1685.7897775164,81.7133789783
1686.5037926700,81.8088188012
1687.2178078235,81.4854021832
1687.9318229771,81.4299030760
1688.6458381306,81.1203295383
1689.3598532842,80.8190578015
1690.0738684377,80.5962758235
1690.7878835913,79.9122241295
1691.5018987448,79.7382744123
1692.2159138983,79.5954763523
1692.9299290519,78.9330489507
1693.6439442054,78.6398442449
1694.3579593590,78.4080833185
1695.0719745125,78.1381864388
1695.7859896661,77.2222336598
1696.5000048196,76.0479750488
1697.2140199731,76.2455171364
1697.9280351267,75.8777127844
1698.6420502802,74.9875241306
1699.3560654338,75.2504290406
1700.0700805873,77.0735903317
1700.7840957409,70.9138790031
1701.4981108944,72.4774780762
1702.2121260480,71.7078549329
1702.9261412015,70.9061152972
1703.6401563550,70.5055868265
1704.3541715086,68.9633992674
1705.0681866621,68.5503229642
1705.7822018157,68.2058619468
1706.4962169692,66.6197543772
1707.2102321228,66.1683149804
1707.9242472763,65.4087706889
1708.6382624298,64.4656589538
1709.3522775834,64.2454682695
1710.0662927369,63.3852224517
1710.7803078905,62.8677294198
1711.4943230440,62.7893535854
1712.2083381976,62.1901027584
1712.9223533511,62.2964006196
1713.6363685046,62.4854725686
1714.3503836582,62.3592288976
1715.0643988117,63.1256693553
1715.7784139653,63.4592655539
1716.4924291188,63.9027486363
1717.2064442724,64.8608025952
1717.9204594259,65.3446354650
1718.6344745795,66.2855636454
1719.3484897330,67.1219330437
1720.0625048865,67.7630546383
1720.7765200401,68.5996923288
1721.4905351936,69.3471642967
1722.2045503472,70.2571228490
1722.9185655007,71.2031230275
1723.6325806543,71.9213370400
1724.3465958078,72.7429520486
1725.0606109613,73.4554725307
1725.7746261149,74.2460191977
1726.4886412684,75.2046750703
1727.2026564220,75.9296543493
1727.9166715755,76.8351054195
1728.6306867291,77.6857984783
1729.3447018826,78.2463197504
1730.0587170362,79.2070520869
1730.7727321897,80.2382000481
1731.4867473432,81.1120598278
1732.2007624968,82.0167467269
1732.9147776503,82.6469494054
1733.6287928039,83.4037687346
1734.3428079574,84.4179722546
1735.0568231110,85.3064471588
1735.7708382645,86.2513775600
1736.4848534180,86.8329881289
1737.1988685716,87.5042821972
1737.9128837251,88.6142765317
1738.6268988787,89.3054032112
1739.3409140322,89.9953199454
1740.0549291858,91.0768763720
1740.7689443393,91.6567173384
1741.4829594928,92.2768948404
1742.1969746464,92.8831865889
1742.9109897999,93.5105792718
1743.6250049535,94.3358816358
1744.3390201070,94.9193463546
1745.0530352606,95.4082885212
1745.7670504141,95.8154783235
1746.4810655677,96.1573835148
1747.1950807212,96.6059390460
1747.9090958747,96.8087080913
1748.6231110283,96.9855372176
1749.3371261818,97.4668809457
1750.0511413354,97.4677746967
1750.7651564889,97.1176613363
1751.4791716425,97.6771934720
1752.1931867960,98.1252617678
1752.9072019495,97.8502022402
1753.6212171031,97.7852791154
1754.3352322566,98.0513704148
1755.0492474102,97.9595270115
1755.7632625637,97.9079386161
1756.4772777173,98.0518810705
1757.1912928708,98.0944142526
1757.9053080244,98.1183698873
1758.6193231779,97.9497755205
1759.3333383314,97.9471705835
1760.0473534850,98.2142689463
1760.7613686385,97.9975842164
1761.4753837921,97.8797838177
1762.1893989456,98.2895750987
1762.9034140992,97.9656197421
1763.6174292527,97.8984454694
1764.3314444062,98.0480648876
1765.0454595598,97.8407189079
1765.7594747133,97.8975006950
1766.4734898669,97.9692994750
1767.1875050204,97.7285601479
1767.9015201740,97.7852215614
1768.6155353275,98.0371349957
1769.3295504810,97.9151275362
1770.0435656346,97.7858948186
1770.7575807881,97.7438303812
1771.4715959417,97.8680332642
1772.1856110952,97.6764643043
1772.8996262488,97.6746053923
1773.6136414023,97.9384321749
1774.3276565559,97.6717823234
1775.0416717094,97.4987289431
1775.7556868629,97.7306979886
1776.4697020165,97.6663560457
1777.1837171700,97.6160371737
1777.8977323236,97.5195540323
1778.6117474771,97.3409357365
1779.3257626307,97.4557472595
1780.0397777842,97.3709238791
1780.7537929377,97.3496173238
1781.4678080913,97.5697935944
1782.1818232448,97.3686305578
1782.8958383984,97.3512763588
1783.6098535519,97.4606506871
1784.3238687055,97.2356340041
1785.0378838590,97.3929371619
1785.7518990126,97.4385077638
1786.4659141661,97.1389385708
1787.1799293196,97.1787982272
1787.8939444732,97.1750043875
1788.6079596267,97.1382803878
1789.3219747803,97.2854839314
1790.0359899338,97.1506560510
1790.7500050874,97.1656455276
1791.4640202409,97.2805631573
1792.1780353944,96.9898316066
1792.8920505480,97.1007371165
1793.6060657015,97.1950926027
1794.3200808551,96.9702174580
1795.0340960086,96.9898946135
1795.7481111622,97.0276289938
1796.4621263157,96.9408420326
1797.1761414693,96.9764147941
1797.8901566228,96.9040944218
1798.6041717763,96.8457984963
1799.3181869299,96.9003527715
1800.0322020834,96.9250368382
1800.7462172370,96.8949169382
1801.4602323905,96.7656910797
1802.1742475441,96.8022347734
1802.8882626976,96.8816356371
1803.6022778511,96.6967952284
1804.3162930047,96.7016582566
1805.0303081582,96.8229387781
1805.7443233118,96.7260502342
1806.4583384653,96.7196837804
1807.1723536189,96.6953996701
1807.8863687724,96.5621410615
1808.6003839259,96.6257255975
1809.3143990795,96.6876948585
1810.0284142330,96.6710140148
1810.7424293866,96.6636869777
1811.4564445401,96.5984417661
1812.1704596937,96.6070318592
1812.8844748472,96.6865572167
1813.5984900008,96.6268799523
1814.3125051543,96.4590131961
1815.0265203078,96.4400696626
1815.7405354614,96.5915394856
1816.4545506149,96.5614795009
1817.1685657685,96.4693578008
1817.8825809220,96.5250089745
1818.5965960756,96.4541344310
1819.3106112291,96.3937079665
1820.0246263826,96.4229933698
1820.7386415362,96.3960639305
1821.4526566897,96.4301694609
1822.1666718433,96.3490592724
1822.8806869968,96.3034713373
1823.5947021504,96.5078180552
1824.3087173039,96.4063052017
1825.0227324575,96.1584548815
1825.7367476110,96.3285388624
1826.4507627645,96.2829775396
1827.1647779181,96.3162507810
1827.8787930716,96.5088218185
1828.5928082252,96.3823672894
1829.3068233787,96.2393607426
1830.0208385323,96.2830891820
1830.7348536858,96.4151705093
1831.4488688393,96.4987338486
1832.1628839929,96.3264313921
1832.8768991464,96.2519042753
1833.5909143000,96.3380546207
1834.3049294535,96.2710336584
1835.0189446071,96.4468742511
1835.7329597606,96.5342951723
1836.4469749141,96.2392758588
1837.1609900677,96.2729866912
1837.8750052212,96.3959654321
1838.5890203748,96.2485762907
1839.3030355283,96.2644713124
1840.0170506819,96.3438399781
1840.7310658354,96.3249915282
1841.4450809890,96.3478333654
1842.1590961425,96.4474422137
1842.8731112960,96.4731526561
1843.5871264496,96.3553979094
1844.3011416031,96.4324477818
1845.0151567567,96.4197973807
1845.7291719102,96.1783791807
1846.4431870638,96.2773412734
1847.1572022173,96.4003619187
1847.8712173708,96.2038966022
1848.5852325244,96.3830142021
1849.2992476779,96.4860489866
1850.0132628315,96.3370906212
1850.7272779850,96.3842533439
1851.4412931386,96.3083349504
1852.1553082921,96.2881542124
1852.8693234457,96.4427609267
1853.5833385992,96.3490026769
1854.2973537527,96.3362711754
1855.0113689063,96.3162228826
1855.7253840598,96.2139051140
1856.4393992134,96.4043332983
1857.1534143669,96.3788867209
1857.8674295205,96.2412917213
1858.5814446740,96.3444608703
1859.2954598275,96.2447176540
1860.0094749811,96.2849673184
1860.7234901346,96.4019757459
1861.4375052882,96.2115345214
1862.1515204417,96.3161659575
1862.8655355953,96.4080750413
1863.5795507488,96.2070714501
1864.2935659023,96.2644504176
1865.0075810559,96.3280407275
1865.7215962094,96.3471639311
1866.4356113630,96.3566411008
1867.1496265165,96.2026167036
1867.8636416701,96.3677419650
1868.5776568236,96.3540008129
1869.2916719772,95.9784084695
1870.0056871307,96.3527342778
1870.7197022842,96.4389227688
1871.4337174378,96.1186022613
1872.1477325913,96.2102558821
1872.8617477449,96.2896874036
1873.5757628984,96.2029884067
1874.2897780520,96.1998768689
1875.0037932055,96.0962226256
1875.7178083590,96.0776985481
1876.4318235126,96.0887753804
1877.1458386661,96.1003345295
1877.8598538197,96.2362483668
1878.5738689732,96.1411892746
1879.2878841268,96.0480935316
1880.0018992803,96.1110882336
1880.7159144339,96.1071913411
1881.4299295874,96.2327017312
1882.1439447409,96.1188152593
1882.8579598945,95.9638801065
1883.5719750480,96.2778107425
1884.2859902016,96.1170898928
1885.0000053551,95.7195056314
1885.7140205087,96.0295530545
1886.4280356622,96.1794995336
1887.1420508157,96.0834738060
1887.8560659693,96.1500796846
1888.5700811228,96.0428045045
1889.2840962764,96.0708506953
1889.9981114299,96.2135421977
1890.7121265835,96.0397722206
1891.4261417370,96.0143390933
1892.1401568905,96.0441337566
1892.8541720441,95.9389278055
1893.5681871976,95.9197384954
1894.2822023512,95.8786728319
1894.9962175047,95.8586570209
1895.7102326583,96.0311011548
1896.4242478118,96.1150105646
1897.1382629654,95.9931617345
1897.8522781189,95.9384363824
1898.5662932724,96.0921575546
1899.2803084260,96.0696765406
1899.9943235795,95.9120811920
1900.7083387331,95.9958600440
1901.4223538866,96.0986861513
1902.1363690402,96.1531743439
1902.8503841937,96.1423846704
1903.5643993472,95.9655247088
1904.2784145008,95.9960486146
1904.9924296543,96.0458963095
1905.7064448079,95.9273284492
1906.4204599614,95.9862484409
1907.1344751150,95.9294004179
1907.8484902685,95.9422939372
1908.5625054221,96.1508621223
1909.2765205756,95.8607130965
1909.9905357291,95.7010493082
1910.7045508827,95.9516697531
1911.4185660362,95.7972525341
1912.1325811898,95.8642539215
1912.8465963433,96.0390309537
1913.5606114969,95.7404373734
1914.2746266504,95.7229114542
1914.9886418039,95.8270731707
1915.7026569575,95.7789169472
1916.4166721110,95.9406804156
1917.1306872646,95.8569353823
1917.8447024181,95.5939065926
1918.5587175717,95.6810492748
1919.2727327252,95.7342576519
1919.9867478788,95.8238646694
1920.7007630323,95.8199917451
1921.4147781858,95.6930679986
1922.1287933394,95.7151816586
1922.8428084929,95.7701105767
1923.5568236465,95.9950185860
1924.2708388000,96.0456489649
1924.9848539536,95.7102664362
1925.6988691071,95.6294593235
1926.4128842606,95.6689373545
1927.1268994142,95.7321427270
1927.8409145677,95.8221408073
1928.5549297213,95.4856479347
1929.2689448748,95.5967553870
1929.9829600284,95.9276272075
1930.6969751819,95.4537362384
1931.4109903354,95.4829552010
1932.1250054890,95.9523002232
1932.8390206425,95.8518936274
1933.5530357961,95.8541771163
1934.2670509496,95.6459446011
1934.9810661032,95.4760749866
1935.6950812567,95.7471418373
1936.4090964103,95.4563661312
1937.1231115638,95.4259858147
1937.8371267173,95.7123505814
1938.5511418709,95.3657921255
1939.2651570244,95.5708427900
1939.9791721780,95.7027027981
1940.6931873315,95.2700072408
1941.4072024851,95.6291830724
1942.1212176386,95.5170893455
1942.8352327921,94.8676872356
1943.5492479457,95.2745049719
1944.2632630992,95.2983952467
1944.9772782528,95.4078897924
1945.6912934063,95.5580113995
1946.4053085599,95.0518227308
1947.1193237134,95.5784369242
1947.8333388670,96.0598363704
1948.5473540205,95.4871151876
1949.2613691740,95.6156423291
1949.9753843276,95.6202885342
1950.6893994811,95.3105591828
1951.4034146347,95.4785850109
1952.1174297882,95.0627059976
1952.8314449418,95.0462061449
1953.5454600953,95.4103600992
1954.2594752488,94.8443413569
1954.9734904024,95.0074813728
1955.6875055559,95.4852236309
1956.4015207095,95.1438252177
1957.1155358630,95.4564639387
1957.8295510166,95.6945390555
1958.5435661701,95.4220013380
1959.2575813236,95.6954110811
1959.9715964772,95.6988806455
1960.6856116307,95.5092035287
1961.3996267843,95.4300846448
1962.1136419378,95.1340293807
1962.8276570914,95.4389811814
1963.5416722449,95.7571820713
1964.2556873985,95.4870652564
1964.9697025520,95.6203969074
1965.6837177055,95.7369779086
1966.3977328591,95.3988282567
1967.1117480126,95.3447497823
1967.8257631662,95.6381132533
1968.5397783197,95.7956659163
1969.2537934733,95.8060208084
1969.9678086268,95.8671087308
1970.6818237803,95.6293704850
1971.3958389339,95.3486165396
1972.1098540874,95.8325004790
1972.8238692410,96.0383641405
1973.5378843945,95.5381387547
1974.2518995481,95.3460361905
1974.9659147016,95.2051438612
1975.6799298552,95.3925617607
1976.3939450087,96.0269204271
1977.1079601622,95.9597872586
1977.8219753158,95.6307774775
1978.5359904693,95.4483177924
1979.2500056229,95.3413403454
1979.9640207764,95.7353383662
1980.6780359300,95.7902719881
1981.3920510835,95.2643336510
1982.1060662370,95.1180335984
1982.8200813906,95.5179332811
1983.5340965441,95.9232169970
1984.2481116977,95.7838960546
1984.9621268512,95.7561675683
1985.6761420048,95.9428713255
1986.3901571583,95.2761341889
1987.1041723118,94.9883641646
1987.8181874654,95.4301518873
1988.5322026189,95.1818037435
1989.2462177725,95.4931109643
1989.9602329260,96.0985334597
1990.6742480796,95.4979303735
1991.3882632331,95.3289446720
1992.1022783867,95.6609908951
1992.8162935402,95.2633415069
1993.5303086937,95.1863746599
1994.2443238473,95.1131224659
1994.9583390008,95.1077893303
1995.6723541544,95.6056554089
1996.3863693079,95.7156883833
1997.1003844615,95.7490359693
1997.8143996150,95.7969526356
1998.5284147685,95.5547216005
1999.2424299221,95.9193352583
1999.9564450756,95.9899528691
2000.6704602292,95.4540305924
2001.3844753827,95.7205129044
2002.0984905363,95.7640305225
2002.8125056898,95.3628687770
2003.5265208434,95.9833892232
2004.2405359969,96.3546740696
2004.9545511504,95.5154813155
2005.6685663040,95.4779049273
2006.3825814575,96.7384833139
2007.0965966111,96.7367263434
2007.8106117646,95.4602201535
2008.5246269182,95.5649049277
2009.2386420717,96.0030008353
2009.9526572252,95.5259913428
2010.6666723788,95.8124109807
2011.3806875323,96.0000510097
2012.0947026859,95.5345595715
2012.8087178394,96.0233641242
2013.5227329930,96.2923229525
2014.2367481465,95.6854766219
2014.9507633000,95.5287123458
2015.6647784536,95.6398490320
2016.3787936071,95.8332001415
2017.0928087607,95.9172046914
2017.8068239142,96.0226553374
2018.5208390678,96.2172516356
2019.2348542213,95.5526099409
2019.9488693749,95.6831577471
2020.6628845284,96.8588016636
2021.3768996819,96.2507075058
2022.0909148355,95.6947871793
2022.8049299890,96.6716250154
2023.5189451426,96.5172115289
2024.2329602961,95.9127732099
2024.9469754497,95.8461437979
2025.6609906032,95.5860197789
2026.3750057567,96.0248821067
2027.0890209103,96.3376443015
2027.8030360638,95.8405880316
2028.5170512174,95.8115110368
2029.2310663709,95.9639717114
2029.9450815245,96.0759174590
2030.6590966780,95.9189545423
2031.3731118316,95.3294216654
2032.0871269851,95.6953609214
2032.8011421386,96.2973797637
2033.5151572922,95.5616981619
2034.2291724457,94.7170673429
2034.9431875993,94.7639178160
2035.6572027528,95.3307726482
2036.3712179064,95.5361733272
2037.0852330599,95.3743191822
2037.7992482134,95.5367523333
2038.5132633670,95.4118490295
2039.2272785205,95.0768661583
2039.9412936741,95.4915264779
2040.6553088276,95.8037763854
2041.3693239812,95.5747807937
2042.0833391347,95.1943059378
2042.7973542883,94.7090497614
2043.5113694418,95.1320132362
2044.2253845953,95.7932280736
2044.9393997489,95.1009620596
2045.6534149024,94.7359553625
2046.3674300560,95.5657324055
2047.0814452095,95.6735483884
2047.7954603631,95.0245880178
2048.5094755166,94.9859243281
2049.2234906701,95.2759966517
2049.9375058237,95.1094286835
2050.6515209772,94.6909631179
2051.3655361308,94.6328919586
2052.0795512843,95.0288329094
2052.7935664379,95.3465964518
2053.5075815914,95.1320620170
2054.2215967449,94.8729658107
2054.9356118985,94.9189472698
2055.6496270520,94.9420608798
2056.3636422056,94.9465024199
2057.0776573591,94.9218092961
2057.7916725127,94.8867284619
2058.5056876662,95.0399917763
2059.2197028198,94.9256644328
2059.9337179733,94.8174540581
2060.6477331268,95.1954131835
2061.3617482804,95.0646416818
2062.0757634339,94.7702204681
2062.7897785875,95.1833887945
2063.5037937410,95.1947614109
2064.2178088946,94.9753290975
2064.9318240481,95.2422182987
2065.6458392016,95.0812004478
2066.3598543552,94.8274208068
2067.0738695087,94.9451983035
2067.7878846623,94.8664997446
2068.5018998158,94.9455091476
2069.2159149694,95.1159315987
2069.9299301229,94.9880870960
2070.6439452765,94.9689252332
2071.3579604300,94.9127243223
2072.0719755835,94.8081816058
2072.7859907371,94.9527985257
2073.5000058906,95.0539922791
2074.2140210442,95.0526348372
2074.9280361977,94.9696163890
2075.6420513513,94.9138624014
2076.3560665048,95.0448143586
2077.0700816583,94.9259110287
2077.7840968119,94.7885308231
2078.4981119654,94.9499279654
2079.2121271190,94.8775429258
2079.9261422725,94.8690549858
2080.6401574261,95.0433078907
2081.3541725796,94.8099972872
2082.0681877331,94.6444664008
2082.7822028867,94.8095718171
2083.4962180402,94.8925697688
2084.2102331938,95.0085887182
2084.9242483473,95.0504099811
2085.6382635009,94.9161238144
2086.3522786544,94.9473634988
2087.0662938080,95.1050281915
2087.7803089615,95.2272035592
2088.4943241150,95.1903545476
2089.2083392686,94.9765371040
2089.9223544221,94.9451297865
2090.6363695757,95.0096926809
2091.3503847292,94.9116543157
2092.0643998828,95.0104056022
2092.7784150363,95.2212428516
2093.4924301898,95.0103996662
2094.2064453434,94.8330157624
2094.9204604969,95.0902485114
2095.6344756505,95.0164307730
2096.3484908040,94.7284987809
2097.0625059576,94.9510493948
2097.7765211111,95.0381577400
2098.4905362647,94.9201419837
2099.2045514182,95.0747156013
2099.9185665717,94.8220210721
2100.6325817253,94.5949450122
2101.3465968788,95.0067138395
2102.0606120324,94.9579022909
2102.7746271859,94.7256623277
2103.4886423395,94.9982397367
2104.2026574930,94.9886178543
2104.9166726465,94.8703182799
2105.6306878001,95.0060789619
2106.3447029536,95.1081227289
2107.0587181072,95.1911989061
2107.7727332607,94.9573850241
2108.4867484143,94.7890187733
2109.2007635678,95.0374533280
2109.9147787213,94.9084469745
2110.6287938749,94.8892618180
2111.3428090284,95.2866629891
2112.0568241820,95.1945346581
2112.7708393355,94.9958700889
2113.4848544891,94.8135392956
2114.1988696426,94.5828937301
2114.9128847962,95.1076608829
2115.6268999497,95.4243927697
2116.3409151032,95.0548953740
2117.0549302568,95.0883620339
2117.7689454103,94.9536036742
2118.4829605639,94.7171290653
2119.1969757174,95.1345857652
2119.9109908710,95.1169349667
2120.6250060245,94.7471038236
2121.3390211780,94.8830623301
2122.0530363316,94.9290500822
2122.7670514851,94.9747409740
2123.4810666387,95.2623110768
2124.1950817922,95.3747720007
2124.9090969458,95.3943495769
2125.6231120993,95.1478597152
2126.3371272529,94.9878439340
2127.0511424064,95.5114113857
2127.7651575599,95.5778582211
2128.4791727135,94.9010548235
2129.1931878670,94.9848921060
2129.9072030206,95.6336403290
2130.6212181741,95.7012385163
2131.3352333277,95.5613170915
2132.0492484812,95.5839286034
2132.7632636347,95.4660182067
2133.4772787883,95.4139095220
2134.1912939418,95.4565512362
2134.9053090954,95.2440178798
2135.6193242489,95.3809090010
2136.3333394025,95.8094652211
2137.0473545560,95.4704156678
2137.7613697095,95.0380767996
2138.4753848631,95.2593832841
2139.1894000166,95.5087531445
2139.9034151702,95.7595776503
2140.6174303237,95.8779052184
2141.3314454773,95.7378228111
2142.0454606308,95.7984819382
2142.7594757844,95.4316015738
2143.4734909379,95.0174284916
2144.1875060914,95.5560717111
2144.9015212450,95.7788852902
2145.6155363985,95.5545236906
2146.3295515521,95.7969517429
2147.0435667056,95.5716845914
2147.7575818592,95.4965999428
2148.4715970127,96.1540581577
2149.1856121662,95.8729104583
2149.8996273198,95.4899734042
2150.6136424733,96.2080569913
2151.3276576269,96.3067802052
2152.0416727804,95.7663126306
2152.7556879340,96.0320575591
2153.4697030875,96.3830536253
2154.1837182411,96.0166790227
2154.8977333946,95.9186571732
2155.6117485481,96.4089888538
2156.3257637017,96.4058961656
2157.0397788552,96.2658264138
2157.7537940088,96.6936547735
2158.4678091623,96.3085893442
2159.1818243159,95.6288444432
2159.8958394694,95.9339993563
2160.6098546229,95.8921285529
2161.3238697765,95.3474160809
2162.0378849300,94.9791836097
2162.7519000836,94.8805708042
2163.4659152371,95.3813756953
2164.1799303907,95.6323743319
2164.8939455442,95.2006621745
2165.6079606978,95.4331215177
2166.3219758513,95.5633690310
2167.0359910048,94.7997626272
2167.7500061584,94.8608722057
2168.4640213119,95.5198706881
2169.1780364655,95.4469270326
2169.8920516190,95.5701303618
2170.6060667726,95.9519480667
2171.3200819261,95.8800175857
2172.0340970796,95.8912303547
2172.7481122332,95.9230648759
2173.4621273867,95.4946256023
2174.1761425403,95.1465823036
2174.8901576938,95.5836763481
2175.6041728474,96.1105469917
2176.3181880009,95.4985313084
2177.0322031544,94.9546745649
2177.7462183080,95.6258349632
2178.4602334615,95.9059240515
2179.1742486151,95.5065188323
2179.8882637686,95.6765663000
2180.6022789222,95.6962072238
2181.3162940757,95.4239563436
2182.0303092293,95.4384832350
2182.7443243828,95.1290731867
2183.4583395363,95.1444991500
2184.1723546899,95.5256202180
2184.8863698434,94.9287402180
2185.6003849970,94.6816708280
2186.3144001505,95.4624008791
2187.0284153041,95.3261071173
2187.7424304576,94.5780601441
2188.4564456111,94.5779355767
2189.1704607647,94.9217856698
2189.8844759182,95.1633002375
2190.5984910718,95.1321980330
2191.3125062253,95.1688450610
2192.0265213789,95.4403079996
2192.7405365324,95.5573808720
2193.4545516860,95.4974606376
2194.1685668395,95.1057418019
2194.8825819930,94.5745664546
2195.5965971466,94.9103041718
2196.3106123001,95.3650699226
2197.0246274537,95.0100898122
2197.7386426072,94.8900774564
2198.4526577608,95.0786654814
2199.1666729143,94.7768347184
2199.8806880678,94.7698060439
2200.5947032214,95.2575468915
2201.3087183749,95.3094782363
2202.0227335285,95.3582193841
2202.7367486820,95.6254775799
2203.4507638356,95.1219773003
2204.1647789891,94.8190220962
2204.8787941426,95.3565324672
2205.5928092962,95.2088654221
2206.3068244497,94.9048293960
2207.0208396033,95.2917152860
2207.7348547568,95.0314469282
2208.4488699104,94.6898182045
2209.1628850639,95.0523222937
2209.8769002175,94.9049314585
2210.5909153710,94.7953752148
2211.3049305245,95.0976592861
2212.0189456781,94.9311282987
2212.7329608316,94.9298299582
2213.4469759852,95.0727164160
2214.1609911387,94.9655352912
2214.8750062923,95.1152276411
2215.5890214458,95.0098430038
2216.3030365993,94.9459744849
2217.0170517529,95.4029919778
2217.7310669064,95.1437183376
2218.4450820600,94.5960389377
2219.1590972135,94.8279116954
2219.8731123671,95.0724288370
2220.5871275206,95.2151639760
2221.3011426742,95.2120159237
2222.0151578277,94.9584951492
2222.7291729812,95.0431276770
2223.4431881348,95.0845088114
2224.1572032883,94.8741940465
2224.8712184419,94.9491978795
2225.5852335954,95.0732824828
2226.2992487490,95.2034401692
2227.0132639025,95.2733011688
2227.7272790560,95.0437284802
2228.4412942096,94.9222450368
2229.1553093631,94.8813900596
2229.8693245167,94.8145462633
2230.5833396702,94.9524900257
2231.2973548238,94.8929291199
2232.0113699773,94.7604021830
2232.7253851308,94.8842072879
2233.4394002844,94.8914993863
2234.1534154379,94.8782338672
2234.8674305915,94.8218553350
2235.5814457450,94.5681876386
2236.2954608986,94.5816130953
2237.0094760521,94.7045680841
2237.7234912057,94.7080328029
2238.4375063592,94.7597551941
2239.1515215127,94.7608357695
2239.8655366663,94.7776491541
2240.5795518198,94.7751972298
2241.2935669734,94.7165472350
2242.0075821269,94.9639326733
2242.7215972805,95.2028413483
2243.4356124340,95.0303071118
2244.1496275875,94.8438104179
2244.8636427411,94.8285742230
2245.5776578946,94.7905880694
2246.2916730482,94.7433841185
2247.0056882017,94.7450307362
2247.7197033553,94.8130367526
2248.4337185088,94.7646443667
2249.1477336624,94.6350488286
2249.8617488159,94.7448147642
2250.5757639694,94.9116033958
2251.2897791230,94.8026739918
2252.0037942765,94.6539443087
2252.7178094301,94.8053019514
2253.4318245836,95.0405396798
2254.1458397372,95.0604180297
2254.8598548907,94.9486086490
2255.5738700442,94.7878482460
2256.2878851978,94.6686908848
2257.0019003513,94.5296908669
2257.7159155049,94.4604567276
2258.4299306584,94.6472569435
2259.1439458120,94.6078835734
2259.8579609655,94.2660319300
2260.5719761190,94.5138072063
2261.2859912726,94.8662566289
2262.0000064261,94.6062888135
2262.7140215797,94.6376310259
2263.4280367332,94.8941674886
2264.1420518868,94.7736357835
2264.8560670403,94.6033553774
2265.5700821939,94.5061356477
2266.2840973474,94.6636461334
2266.9981125009,94.8769338300
2267.7121276545,94.6573985288
2268.4261428080,94.7110457679
2269.1401579616,94.8523085171
2269.8541731151,94.4968760837
2270.5681882687,94.4574637226
2271.2822034222,94.5478236004
2271.9962185757,94.4434371909
2272.7102337293,94.7356102493
2273.4242488828,94.7238680893
2274.1382640364,94.4651967168
2274.8522791899,94.6229276885
2275.5662943435,94.4854691408
2276.2803094970,94.3990859696
2276.9943246506,94.7883262552
2277.7083398041,94.7213771678
2278.4223549576,94.4950280788
2279.1363701112,94.6994137903
2279.8503852647,94.7621739646
2280.5644004183,94.5002556169
2281.2784155718,94.3570719374
2281.9924307254,94.4606943913
2282.7064458789,94.3984709458
2283.4204610324,94.2365705266
2284.1344761860,94.4638646884
2284.8484913395,94.4595916396
2285.5625064931,94.2313147800
2286.2765216466,94.4853772290
2286.9905368002,94.5612532774
2287.7045519537,94.4021335589
2288.4185671072,94.4895032192
2289.1325822608,94.3945320780
2289.8465974143,94.3527815531
2290.5606125679,94.4800475990
2291.2746277214,94.3836901101
2291.9886428750,94.4715692591
2292.7026580285,94.5682636101
2293.4166731821,94.4200904089
2294.1306883356,94.5405939163
2294.8447034891,94.6527290343
2295.5587186427,94.4912746789
2296.2727337962,94.4737694900
2296.9867489498,94.5955694289
2297.7007641033,94.6350691060
2298.4147792569,94.6195438273
2299.1287944104,94.6451005504
2299.8428095639,94.5309307332
2300.5568247175,94.3539247294
2301.2708398710,94.5969621764
2301.9848550246,94.7246964797
2302.6988701781,94.5465118035
2303.4128853317,94.6815075241
2304.1269004852,94.7370642971
2304.8409156388,94.6976927195
2305.5549307923,94.7991985026
2306.2689459458,94.5791455585
2306.9829610994,94.5152893532
2307.6969762529,94.7355524105
2308.4109914065,94.4357759495
2309.1250065600,94.4635415886
2309.8390217136,94.6819844073
2310.5530368671,94.3985142277
2311.2670520206,94.7141379319
2311.9810671742,94.7584988980
2312.6950823277,94.3796676606
2313.4090974813,94.7854621406
2314.1231126348,94.6880744318
2314.8371277884,94.3889910737
2315.5511429419,94.8389114072
2316.2651580955,94.5664901683
2316.9791732490,94.4055052874
2317.6931884025,94.9431558995
2318.4072035561,94.6010947850
2319.1212187096,94.4137382079
2319.8352338632,94.7196725674
2320.5492490167,94.4620810467
2321.2632641703,94.6451136809
2321.9772793238,94.7403217625
2322.6912944773,94.4644176762
2323.4053096309,94.5797016610
2324.1193247844,94.4121858431
2324.8333399380,94.4525257493
2325.5473550915,94.9021623132
2326.2613702451,94.6410337076
2326.9753853986,94.7604879930
2327.6894005521,95.0766492258
2328.4034157057,94.7199988741
2329.1174308592,94.7575708109
2329.8314460128,94.8554678909
2330.5454611663,94.6123714868
2331.2594763199,94.8363483779
2331.9734914734,94.7818159835
2332.6875066270,94.5426374836
2333.4015217805,94.7359555900
2334.1155369340,94.6830714678
2334.8295520876,94.6826668202
2335.5435672411,94.8099185311
2336.2575823947,94.7580386700
2336.9715975482,94.9060320082
2337.6856127018,94.8279473638
2338.3996278553,94.6953644095
2339.1136430088,94.8785575752
2339.8276581624,94.7704261573
2340.5416733159,94.7516280720
2341.2556884695,94.9199313055
2341.9697036230,94.7963032250
2342.6837187766,94.8972267034
2343.3977339301,94.9445505951
2344.1117490837,94.7771302689
2344.8257642372,94.9205278226
2345.5397793907,94.8883422067
2346.2537945443,94.7332362634
2346.9678096978,94.7568811342
2347.6818248514,94.6604725183
2348.3958400049,94.7570601915
2349.1098551585,94.8677931062
2349.8238703120,94.7501610489
2350.5378854655,94.7844446092
2351.2519006191,94.8558477841
2351.9659157726,94.7677119389
2352.6799309262,94.8467578421
2353.3939460797,94.8544622101
2354.1079612333,94.7713328790
2354.8219763868,94.8848370473
2355.5359915403,94.9254695631
2356.2500066939,94.9303235891
2356.9640218474,94.8820488530
2357.6780370010,94.7346520637
2358.3920521545,94.7871368190
2359.1060673081,94.8781689697
2359.8200824616,94.9212690779
2360.5340976152,94.9866591230
2361.2481127687,94.8955947399
2361.9621279222,94.8221137174
2362.6761430758,94.8784885235
2363.3901582293,94.9346007633
2364.1041733829,95.0367506392
2364.8181885364,94.9372726261
2365.5322036900,94.7596470345
2366.2462188435,94.7868335279
2366.9602339970,94.7898594294
2367.6742491506,94.7908687216
2368.3882643041,94.8521565038
2369.1022794577,94.7922648352
2369.8162946112,94.7500634854
2370.5303097648,94.7580041660
2371.2443249183,94.6800330924
2371.9583400719,94.6476339205
2372.6723552254,94.6481983005
2373.3863703789,94.6290012347
2374.1003855325,94.6140356440
2374.8144006860,94.5712149677
2375.5284158396,94.5703816685
2376.2424309931,94.6080219043
2376.9564461467,94.6231224682
2377.6704613002,94.5953132012
2378.3844764537,94.5754224497
2379.0984916073,94.6118313507
2379.8125067608,94.6080396530
2380.5265219144,94.5879384165
2381.2405370679,94.6234659582
2381.9545522215,94.5660128334
2382.6685673750,94.5406689135
2383.3825825285,94.6408773913
2384.0965976821,94.5818482899
2384.8106128356,94.5324908544
2385.5246279892,94.6069786598
2386.2386431427,94.5403145289
2386.9526582963,94.5240395281
2387.6666734498,94.6789071860
2388.3806886034,94.5929168952
2389.0947037569,94.5138316298
2389.8087189104,94.6685643016
2390.5227340640,94.7093476630
2391.2367492175,94.6462006048
2391.9507643711,94.6526540479
2392.6647795246,94.6450420039
2393.3787946782,94.6470770237
2394.0928098317,94.6344171991
2394.8068249852,94.7215132143
2395.5208401388,94.6352339378
2396.2348552923,94.5195001814
2396.9488704459,94.6604126030
2397.6628855994,94.7313371653
2398.3769007530,94.6738450687
2399.0909159065,94.6658187472
2399.8049310601,94.6530395125
2400.5189462136,94.6663166701
2401.2329613671,94.6991164144
2401.9469765207,94.7268085646
2402.6609916742,94.7600157960
2403.3750068278,94.6372553483
2404.0890219813,94.5970377537
2404.8030371349,94.7517711401
2405.5170522884,94.6978871778
2406.2310674419,94.6449229936
2406.9450825955,94.7334447989
2407.6590977490,94.6405767814
2408.3731129026,94.6330599757
2409.0871280561,94.7103686965
2409.8011432097,94.5572927385
2410.5151583632,94.5331655718
2411.2291735167,94.6794750542
2411.9431886703,94.7162067076
2412.6572038238,94.7628387379
2413.3712189774,94.7805872768
2414.0852341309,94.7496767326
2414.7992492845,94.7769874789
2415.5132644380,94.7405895839
2416.2272795916,94.7166411070
2416.9412947451,94.7803630626
2417.6553098986,94.7334246307
2418.3693250522,94.6712445389
2419.0833402057,94.7154796316
2419.7973553593,94.6848408645
2420.5113705128,94.6088012086
2421.2253856664,94.6531149113
2421.9394008199,94.7354800941
2422.6534159734,94.7327372414
2423.3674311270,94.7127236603
2424.0814462805,94.7418862630
2424.7954614341,94.7697524943
2425.5094765876,94.7329197349
2426.2234917412,94.6880849762
2426.9375068947,94.7376327692
2427.6515220483,94.7449293126
2428.3655372018,94.6169719849
2429.0795523553,94.5999586595
2429.7935675089,94.6953923466
2430.5075826624,94.7268015899
2431.2215978160,94.7905203913
2431.9356129695,94.7791739717
2432.6496281231,94.6812459559
2433.3636432766,94.7392131090
2434.0776584301,94.7011768334
2434.7916735837,94.5489783154
2435.5056887372,94.6964230995
2436.2197038908,94.8309534849
2436.9337190443,94.7552693259
2437.6477341979,94.8150447778
2438.3617493514,94.7979185383
2439.0757645050,94.6213803759
2439.7897796585,94.6886712414
2440.5037948120,94.8057149411
2441.2178099656,94.7226981804
2441.9318251191,94.6915405103
2442.6458402727,94.7494075954
2443.3598554262,94.7886309315
2444.0738705798,94.8226637655
2444.7878857333,94.7687342336
2445.5019008868,94.6771332976
2446.2159160404,94.7335883675
2446.9299311939,94.8203682665
2447.6439463475,94.7812686128
2448.3579615010,94.7353004329
2449.0719766546,94.7094324667
2449.7859918081,94.6526820500
2450.5000069616,94.6452979185
2451.2140221152,94.6794287639
2451.9280372687,94.6736399897
2452.6420524223,94.6478346160
2453.3560675758,94.6212502481
2454.0700827294,94.6316488079
2454.7840978829,94.6983230111
2455.4981130365,94.7178669613
2456.2121281900,94.6776740595
2456.9261433435,94.6935655833
2457.6401584971,94.7841421086
2458.3541736506,94.8075858455
2459.0681888042,94.7079797081
2459.7822039577,94.6736433690
2460.4962191113,94.7392782870
2461.2102342648,94.7535665623
2461.9242494183,94.7658177445
2462.6382645719,94.7705503504
2463.3522797254,94.6727308684
2464.0662948790,94.6508795136
2464.7803100325,94.7781639191
2465.4943251861,94.8192939998
2466.2083403396,94.7595033888
2466.9223554932,94.8028425952
2467.6363706467,94.9253916203
2468.3503858002,94.8912641291
2469.0644009538,94.7135461315
2469.7784161073,94.6596878028
2470.4924312609,94.7882139035
2471.2064464144,94.8956648712
2471.9204615680,94.8299601086
2472.6344767215,94.6847924526
2473.3484918750,94.6838703645
2474.0625070286,94.7395283731
2474.7765221821,94.6627857479
2475.4905373357,94.6309672041
2476.2045524892,94.7597244941
2476.9185676428,94.8743503590
2477.6325827963,94.8642771879
2478.3465979498,94.7134630804
2479.0606131034,94.5984205972
2479.7746282569,94.6879278472
2480.4886434105,94.7570349965
2481.2026585640,94.6401288470
2481.9166737176,94.5657901722
2482.6306888711,94.6381402054
2483.3447040247,94.7081875764
2484.0587191782,94.7365363193
2484.7727343317,94.7541219896
2485.4867494853,94.6973189840
2486.2007646388,94.6341210878
2486.9147797924,94.7017076889
2487.6287949459,94.7293590095
2488.3428100995,94.6188619499
2489.0568252530,94.6253760730
2489.7708404065,94.7145871457
2490.4848555601,94.6378650821
2491.1988707136,94.5549887685
2491.9128858672,94.6376478767
2492.6269010207,94.6904641979
2493.3409161743,94.6360004958
2494.0549313278,94.6470315325
2494.7689464814,94.6979308637
2495.4829616349,94.6337064309
2496.1969767884,94.6211607003
2496.9109919420,94.7705583711
2497.6250070955,94.7858614160
2498.3390222491,94.6398823557
2499.0530374026,94.6089903640
2499.7670525562,94.6614653346
2500.4810677097,94.6917436694
2501.1950828632,94.7334109928
2501.9090980168,94.7081976768
2502.6231131703,94.6168669974
2503.3371283239,94.6016119738
2504.0511434774,94.6502887417
2504.7651586310,94.6705689331
2505.4791737845,94.6683865009
2506.1931889380,94.6793220352
2506.9072040916,94.6763472206
2507.6212192451,94.6275150795
2508.3352343987,94.5978516742
2509.0492495522,94.6260550407
2509.7632647058,94.6293702124
2510.4772798593,94.6289595575
2511.1912950129,94.6635183955
2511.9053101664,94.6348867557
2512.6193253199,94.6205495338
2513.3333404735,94.6950242973
2514.0473556270,94.6820801479
2514.7613707806,94.6429292005
2515.4753859341,94.6620532131
2516.1894010877,94.5607194226
2516.9034162412,94.4979933884
2517.6174313947,94.5661005672
2518.3314465483,94.5568380475
2519.0454617018,94.6280646997
2519.7594768554,94.6966896265
2520.4734920089,94.5221187311
2521.1875071625,94.5277293163
2521.9015223160,94.6886813209
2522.6155374696,94.6103453096
2523.3295526231,94.6118958453
2524.0435677766,94.7162463434
2524.7575829302,94.6564016915
2525.4715980837,94.6516035307
2526.1856132373,94.6406026056
2526.8996283908,94.5482519529
2527.6136435444,94.6072912800
2528.3276586979,94.6419247803
2529.0416738514,94.5469740941
2529.7556890050,94.5578114851
2530.4697041585,94.6391237304
2531.1837193121,94.6691685520
2531.8977344656,94.6755414659
2532.6117496192,94.6521296997
2533.3257647727,94.5571858258
2534.0397799262,94.5036442504
2534.7537950798,94.6080299697
2535.4678102333,94.6491103867
2536.1818253869,94.6255567498
2536.8958405404,94.7308177087
2537.6098556940,94.6930301446
2538.3238708475,94.5956585058
2539.0378860011,94.7171654107
2539.7519011546,94.6964726108
2540.4659163081,94.6344018884
2541.1799314617,94.7684492335
2541.8939466152,94.7149874043
2542.6079617688,94.6796260066
2543.3219769223,94.8161654983
2544.0359920759,94.6577749614
2544.7500072294,94.4858304060
2545.4640223829,94.6363984934
2546.1780375365,94.7330411070
2546.8920526900,94.6937775024
2547.6060678436,94.7137878134
2548.3200829971,94.7537047958
2549.0340981507,94.6701716811
2549.7481133042,94.5847629146
2550.4621284578,94.6799317324
2551.1761436113,94.7067796801
2551.8901587648,94.6368769972
2552.6041739184,94.6847680409
2553.3181890719,94.6581565867
2554.0322042255,94.6183893985
2554.7462193790,94.6772060893
2555.4602345326,94.6649907939
2556.1742496861,94.7603645900
2556.8882648396,94.8143212320
2557.6022799932,94.6380181891
2558.3162951467,94.6731957516
2559.0303103003,94.7214377612
2559.7443254538,94.5742521955
2560.4583406074,94.6740192882
2561.1723557609,94.7704235432
2561.8863709144,94.6458145981
2562.6003860680,94.6258703960
2563.3144012215,94.6572447950
2564.0284163751,94.7158211201
2564.7424315286,94.7487486001
2565.4564466822,94.6297075508
2566.1704618357,94.6114200011
2566.8844769893,94.6829058542
2567.5984921428,94.7131725441
2568.3125072963,94.7414600737
2569.0265224499,94.6941853940
2569.7405376034,94.7107806142
2570.4545527570,94.6999891549
2571.1685679105,94.5912083328
2571.8825830641,94.7618918520
2572.5965982176,94.7959804018
2573.3106133711,94.4989468175
2574.0246285247,94.6363770409
2574.7386436782,94.8538502200
2575.4526588318,94.6539095057
2576.1666739853,94.6143794338
2576.8806891389,94.6940804691
2577.5947042924,94.6366760188
2578.3087194460,94.6420476122
2579.0227345995,94.6331761305
2579.7367497530,94.5948377404
2580.4507649066,94.5599310640
2581.1647800601,94.5491340432
2581.8787952137,94.6679809506
2582.5928103672,94.6436707086
2583.3068255208,94.5249825447
2584.0208406743,94.6187567381
2584.7348558278,94.6157431528
2585.4488709814,94.5429054806
2586.1628861349,94.6495241492
2586.8769012885,94.6160513809
2587.5909164420,94.5445616716
2588.3049315956,94.6863136721
2589.0189467491,94.7015596482
2589.7329619027,94.5770431881
2590.4469770562,94.5893877755
2591.1609922097,94.6540492994
2591.8750073633,94.6752535876
2592.5890225168,94.6597184289
2593.3030376704,94.5797759467
2594.0170528239,94.5467436457
2594.7310679775,94.6611289597
2595.4450831310,94.7350700088
2596.1590982845,94.6647550140
2596.8731134381,94.6551772726
2597.5871285916,94.6733839636
2598.3011437452,94.5786653433
2599.0151588987,94.5626133473
2599.7291740523,94.6483922136
2600.4431892058,94.6501170336
2601.1572043593,94.6748157981
2601.8712195129,94.7608180864
2602.5852346664,94.7037918413
2603.2992498200,94.5987870978
2604.0132649735,94.6697727497
2604.7272801271,94.6860360187
2605.4412952806,94.5211432377
2606.1553104342,94.5663508724
2606.8693255877,94.7499066757
2607.5833407412,94.6814848536
2608.2973558948,94.6177873940
2609.0113710483,94.7083458759
2609.7253862019,94.7244370274
2610.4394013554,94.7402745443
2611.1534165090,94.7125418850
2611.8674316625,94.6093363221
2612.5814468160,94.6981761050
2613.2954619696,94.8230156235
2614.0094771231,94.7391897523
2614.7234922767,94.6123146762
2615.4375074302,94.5549082263
2616.1515225838,94.6141951118
2616.8655377373,94.7222802731
2617.5795528909,94.6932745548
2618.2935680444,94.6245729739
2619.0075831979,94.6147861596
2619.7215983515,94.6333659640
2620.4356135050,94.7319213725
2621.1496286586,94.7805469369
2621.8636438121,94.6607244858
2622.5776589657,94.5592389087
2623.2916741192,94.5610408183
2624.0056892727,94.5559554446
2624.7197044263,94.5796158818
2625.4337195798,94.6698372880
2626.1477347334,94.6810757072
2626.8617498869,94.6349464831
2627.5757650405,94.6533924927
2628.2897801940,94.5943993823
2629.0037953475,94.5165587905
2629.7178105011,94.6129123603
2630.4318256546,94.6755703513
2631.1458408082,94.6622453453
2631.8598559617,94.7040239966
2632.5738711153,94.6484062732
2633.2878862688,94.5670897132
2634.0019014224,94.5782185363
2634.7159165759,94.5955891646
2635.4299317294,94.6481240592
2636.1439468830,94.5969194665
2636.8579620365,94.4917614298
2637.5719771901,94.6285619443
2638.2859923436,94.7113956828
2639.0000074972,94.6137941031
2639.7140226507,94.6442984410
2640.4280378042,94.6320159569
2641.1420529578,94.5735124390
2641.8560681113,94.6666762646
2642.5700832649,94.6751806859
2643.2840984184,94.6150358725
2643.9981135720,94.6111208800
2644.7121287255,94.5636359251
2645.4261438791,94.5998598725
2646.1401590326,94.6769357306
2646.8541741861,94.6298356724
2647.5681893397,94.6133091203
2648.2822044932,94.6508861569
2648.9962196468,94.6601687219
2649.7102348003,94.6311700134
2650.4242499539,94.5390705147
2651.1382651074,94.5468189504
2651.8522802609,94.6704720413
2652.5662954145,94.6874976951
2653.2803105680,94.6680194606
2653.9943257216,94.7117909038
2654.7083408751,94.7108412226
2655.4223560287,94.6692412582
2656.1363711822,94.6535497532
2656.8503863357,94.6593591566
2657.5644014893,94.6718663546
2658.2784166428,94.6930117860
2658.9924317964,94.7124215949
2659.7064469499,94.6997764611
2660.4204621035,94.6875443756
2661.1344772570,94.6850309699
2661.8484924106,94.6624699209
2662.5625075641,94.6908056353
2663.2765227176,94.7595168156
2663.9905378712,94.7579730556
2664.7045530247,94.7204832113
2665.4185681783,94.7114279674
2666.1325833318,94.7277359846
2666.8465984854,94.7764592383
2667.5606136389,94.8381357449
2668.2746287924,94.8367210917
2668.9886439460,94.7609840719
2669.7026590995,94.7773214045
2670.4166742531,94.8844312647
2671.1306894066,94.8411579260
2671.8447045602,94.7426280664
2672.5587197137,94.7714604787
2673.2727348673,94.7861022325
2673.9867500208,94.7859794932
2674.7007651743,94.8265795162
2675.4147803279,94.8037377200
2676.1287954814,94.7806835013
2676.8428106350,94.8107641902
2677.5568257885,94.8390544756
2678.2708409421,94.8498350101
2678.9848560956,94.7907799488
2679.6988712491,94.7632472066
2680.4128864027,94.8624690592
2681.1269015562,94.9250359432
2681.8409167098,94.9021842895
2682.5549318633,94.8480156685
2683.2689470169,94.7890463787
2683.9829621704,94.8101099197
2684.6969773239,94.8491121641
2685.4109924775,94.8418625192
2686.1250076310,94.8502924064
2686.8390227846,94.8473189490
2687.5530379381,94.8514503965
2688.2670530917,94.8558018761
2688.9810682452,94.7954105481
2689.6950833988,94.7862145720
2690.4090985523,94.8246041727
2691.1231137058,94.8100725447
2691.8371288594,94.8330863674
2692.5511440129,94.8473621256
2693.2651591665,94.7797213313
2693.9791743200,94.7676312969
2694.6931894736,94.8218699739
2695.4072046271,94.8681837326
2696.1212197806,94.9051413378
2696.8352349342,94.8951321811
2697.5492500877,94.8543350318
2698.2632652413,94.8479828657
2698.9772803948,94.8386284023
2699.6912955484,94.7822216196
2700.4053107019,94.7827382433
2701.1193258555,94.8649452824
2701.8333410090,94.8554154156
2702.5473561625,94.8034403212
2703.2613713161,94.8393578880
2703.9753864696,94.8002712158
2704.6894016232,94.7382347029
2705.4034167767,94.8234670277
2706.1174319303,94.8432463027
2706.8314470838,94.7647746042
2707.5454622373,94.7810578630
2708.2594773909,94.8091992254
2708.9734925444,94.8114441836
2709.6875076980,94.8413551893
2710.4015228515,94.8062289971
2711.1155380051,94.7341855251
2711.8295531586,94.7537107133
2712.5435683122,94.8086917542
2713.2575834657,94.7881705775
2713.9715986192,94.7571898104
2714.6856137728,94.7719422572
2715.3996289263,94.7510441460
2716.1136440799,94.7608120954
2716.8276592334,94.8411935494
2717.5416743870,94.7993401177
2718.2556895405,94.7013701644
2718.9697046940,94.7559370920
2719.6837198476,94.8470147879
2720.3977350011,94.8196420635
2721.1117501547,94.7204054144
2721.8257653082,94.6945034976
2722.5397804618,94.7471217751
2723.2537956153,94.7313506061
2723.9678107688,94.7061849337
2724.6818259224,94.7156541636
2725.3958410759,94.6608875017
2726.1098562295,94.6662579316
2726.8238713830,94.7279436712
2727.5378865366,94.6964550441
2728.2519016901,94.6718267019
2728.9659168437,94.6621897732
2729.6799319972,94.6831024620
2730.3939471507,94.7987258338
2731.1079623043,94.7778756515
2731.8219774578,94.6459709571
2732.5359926114,94.6370146872
2733.2500077649,94.6742173224
2733.9640229185,94.7183576455
2734.6780380720,94.7250113735
2735.3920532255,94.6649958004
2736.1060683791,94.6965181641
2736.8200835326,94.7162173711
2737.5340986862,94.6893599051
2738.2481138397,94.7414622795
2738.9621289933,94.6642441929
2739.6761441468,94.5689935280
2740.3901593004,94.7060238796
2741.1041744539,94.7597801264
2741.8181896074,94.6672111809
2742.5322047610,94.6431032484
2743.2462199145,94.6474343162
2743.9602350681,94.7237981921
2744.6742502216,94.7855105428
2745.3882653752,94.7076575240
2746.1022805287,94.7005119436
2746.8162956822,94.7326578790
2747.5303108358,94.6686191002
2748.2443259893,94.6826964791
2748.9583411429,94.7348496319
2749.6723562964,94.6885020427
2750.3863714500,94.6821317788
2751.1003866035,94.7340368685
2751.8144017570,94.7255384403
2752.5284169106,94.7215803229
2753.2424320641,94.7712506574
2753.9564472177,94.7629990235
2754.6704623712,94.7134102329
2755.3844775248,94.7337265173
2756.0984926783,94.7597842326
2756.8125078319,94.7359718710
2757.5265229854,94.7270747055
2758.2405381389,94.7405433841
2758.9545532925,94.7572640703
2759.6685684460,94.7697943176
2760.3825835996,94.7748037482
2761.0965987531,94.7584720904
2761.8106139067,94.6988588756
2762.5246290602,94.6871620299
2763.2386442137,94.7294943250
2763.9526593673,94.7091711919
2764.6666745208,94.7007313332
2765.3806896744,94.7096293740
2766.0947048279,94.6473857006
2766.8087199815,94.6390930313
2767.5227351350,94.6847582985
2768.2367502886,94.7107614871
2768.9507654421,94.7623741183
2769.6647805956,94.7337172844
2770.3787957492,94.6706462698
2771.0928109027,94.7087628176
2771.8068260563,94.7017662506
2772.5208412098,94.6686372061
2773.2348563634,94.7025843677
2773.9488715169,94.6991694757
2774.6628866704,94.6808522620
2775.3769018240,94.6351428640
2776.0909169775,94.5714334958
2776.8049321311,94.6346118491
2777.5189472846,94.6756851564
2778.2329624382,94.6124094193
2778.9469775917,94.6395078201
2779.6609927452,94.6895820692
2780.3750078988,94.6551612065
2781.0890230523,94.6112905431
2781.8030382059,94.5743390767
2782.5170533594,94.5628765933
2783.2310685130,94.6088152837
2783.9450836665,94.6801647356
2784.6590988201,94.6526737051
2785.3731139736,94.5177410037
2786.0871291271,94.5470268469
2786.8011442807,94.7033343566
2787.5151594342,94.6752520376
2788.2291745878,94.5935515222
2788.9431897413,94.6109032652
2789.6572048949,94.6121619779
2790.3712200484,94.6144444392
2791.0852352019,94.5998884856
2791.7992503555,94.5489409393
2792.5132655090,94.5664255417
2793.2272806626,94.6025923152
2793.9412958161,94.6167079051
2794.6553109697,94.6326196078
2795.3693261232,94.5727247515
2796.0833412768,94.5104981014
2796.7973564303,94.5631841119
2797.5113715838,94.6027135621
2798.2253867374,94.5603259735
2798.9394018909,94.5630595010
2799.6534170445,94.5965314844
2800.3674321980,94.5523006461
2801.0814473516,94.5308071002
2801.7954625051,94.5804578451
2802.5094776586,94.5678444606
2803.2234928122,94.5500785257
2803.9375079657,94.5971894305
2804.6515231193,94.6190604363
2805.3655382728,94.6275209150
2806.0795534264,94.5874275735
2806.7935685799,94.5040423764
2807.5075837334,94.5410385881
2808.2215988870,94.6106028532
2808.9356140405,94.6047113712
2809.6496291941,94.6003032099
2810.3636443476,94.5377672476
2811.0776595012,94.4861216767
2811.7916746547,94.5689053222
2812.5056898083,94.6190511604
2813.2197049618,94.5921028202
2813.9337201153,94.5845221339
2814.6477352689,94.5719182239
2815.3617504224,94.5686148417
2816.0757655760,94.5953702850
2816.7897807295,94.6321332928
2817.5037958831,94.6413662961
2818.2178110366,94.6027494908
2818.9318261901,94.5926007693
2819.6458413437,94.5829549105
2820.3598564972,94.5472985472
2821.0738716508,94.5954496040
2821.7878868043,94.6333321331
2822.5019019579,94.5880576354
2823.2159171114,94.5728439247
2823.9299322650,94.5408541658
2824.6439474185,94.5221411776
2825.3579625720,94.5976850743
2826.0719777256,94.6081920660
2826.7859928791,94.5473147610
2827.5000080327,94.5284854923
2828.2140231862,94.5160724278
2828.9280383398,94.5281272033
2829.6420534933,94.5521025628
2830.3560686468,94.5356817198
2831.0700838004,94.5480699432
2831.7840989539,94.5648869617
2832.4981141075,94.5152557617
2833.2121292610,94.4966708858
2833.9261444146,94.5417595508
2834.6401595681,94.5253896207
2835.3541747217,94.4810761671
2836.0681898752,94.5198339182
2836.7822050287,94.5002839932
2837.4962201823,94.3870706587
2838.2102353358,94.4017104760
2838.9242504894,94.4664512973
2839.6382656429,94.4121120428
2840.3522807965,94.3752821778
2841.0662959500,94.4133200472
2841.7803111035,94.4510156423
2842.4943262571,94.4542907692
2843.2083414106,94.4202539869
2843.9223565642,94.4313525092
2844.6363717177,94.4404895862
2845.3503868713,94.3640187871
2846.0644020248,94.3331449051
2846.7784171783,94.3554735847
2847.4924323319,94.3177769355
2848.2064474854,94.2609676665
2848.9204626390,94.2507439840
2849.6344777925,94.2746278606
2850.3484929461,94.2651185770
2851.0625080996,94.2648958520
2851.7765232532,94.2835071193
2852.4905384067,94.1663585028
2853.2045535602,94.1213233835
2853.9185687138,94.2639526426
2854.6325838673,94.2006052596
2855.3465990209,94.0557827739
2856.0606141744,94.0724967695
2856.7746293280,94.0055664320
2857.4886444815,94.0127978514
2858.2026596350,94.1539847860
2858.9166747886,94.1083592237
2859.6306899421,94.0593824125
2860.3447050957,94.0928719611
2861.0587202492,94.0780482268
2861.7727354028,94.1452540950
2862.4867505563,94.1537978297
2863.2007657099,94.0671897976
2863.9147808634,94.1013964453
2864.6287960169,94.1152252730
2865.3428111705,94.0974539136
2866.0568263240,94.1491788042
2866.7708414776,94.1309640890
2867.4848566311,94.1028647077
2868.1988717847,94.1114640610
2868.9128869382,94.0719931116
2869.6269020917,94.0635898543
2870.3409172453,94.0896341161
2871.0549323988,94.1163649035
2871.7689475524,94.1403288864
2872.4829627059,94.1047592487
2873.1969778595,94.0617582804
2873.9109930130,94.0335785705
2874.6250081665,94.0176590378
2875.3390233201,94.0455762741
2876.0530384736,94.0218516181
2876.7670536272,93.9850736919
2877.4810687807,94.0278310390
2878.1950839343,94.0533373461
2878.9090990878,94.0607568344
2879.6231142414,94.0906582594
2880.3371293949,94.1336759869
2881.0511445484,94.1704671526
2881.7651597020,94.1365614920
2882.4791748555,94.1129235995
2883.1931900091,94.0970245180
2883.9072051626,94.0397831019
2884.6212203162,94.1304826546
2885.3352354697,94.2236451561
2886.0492506232,94.1559045833
2886.7632657768,94.1933004939
2887.4772809303,94.1842079880
2888.1912960839,94.0331218428
2888.9053112374,94.1046016642
2889.6193263910,94.2130502960
2890.3333415445,94.1323839252
2891.0473566981,94.1030666742
2891.7613718516,94.1545338588
2892.4753870051,94.2342922539
2893.1894021587,94.2679534929
2893.9034173122,94.1717000878
2894.6174324658,94.0901069017
2895.3314476193,94.0498993503
2896.0454627729,94.0863589256
2896.7594779264,94.2251195182
2897.4734930799,94.2174670999
2898.1875082335,94.1603601074
2898.9015233870,94.1965387460
2899.6155385406,94.1169494082
2900.3295536941,94.0656437946
2901.0435688477,94.1108831979
2901.7575840012,94.0096107104
2902.4715991547,93.9346716238
2903.1856143083,94.0055346429
2903.8996294618,94.0038370550
2904.6136446154,93.8886161058
2905.3276597689,93.8087727312
2906.0416749225,93.8925997931
2906.7556900760,93.9960324967
2907.4697052296,93.9809964392
2908.1837203831,93.9829007029
2908.8977355366,93.9349661326
2909.6117506902,93.8585426972
2910.3257658437,93.9631329462
2911.0397809973,94.0462629030
2911.7537961508,94.0388166741
2912.4678113044,94.0866303537
2913.1818264579,94.0723637564
2913.8958416114,94.0837734067
2914.6098567650,94.1266465532
2915.3238719185,94.0178396913
2916.0378870721,94.0583237967
2916.7519022256,94.2542710784
2917.4659173792,94.2017739306
2918.1799325327,94.1220702209
2918.8939476863,94.2024325692
2919.6079628398,94.1915639940
2920.3219779933,94.1820293738
2921.0359931469,94.2746110296
2921.7500083004,94.2790540265
2922.4640234540,94.2601642324
2923.1780386075,94.3215199146
2923.8920537611,94.3067923363
2924.6060689146,94.2613743529
2925.3200840681,94.3208776388
2926.0340992217,94.2744877119
2926.7481143752,94.0931285853
2927.4621295288,94.1365948811
2928.1761446823,94.3526725756
2928.8901598359,94.3571059986
2929.6041749894,94.2186505187
2930.3181901429,94.2041500273
2931.0322052965,94.2185480351
2931.7462204500,94.1691056135
2932.4602356036,94.2397789356
2933.1742507571,94.3645869566
2933.8882659107,94.2787990567
2934.6022810642,94.1804250436
2935.3162962178,94.3001353630
2936.0303113713,94.3622220112
2936.7443265248,94.2248026403
2937.4583416784,94.1538343128
2938.1723568319,94.2439316923
2938.8863719855,94.2825566899
2939.6003871390,94.1995236346
2940.3144022926,94.1757330272
2941.0284174461,94.2229332956
2941.7424325996,94.2060464740
2942.4564477532,94.1366770479
2943.1704629067,94.0471027614
2943.8844780603,94.0379501545
2944.5984932138,94.1684345538
2945.3125083674,94.2052085069
2946.0265235209,94.1007672604
2946.7405386745,94.0142718262
2947.4545538280,93.9504334137
2948.1685689815,93.9640136601
2948.8825841351,93.9508797995
2949.5965992886,93.8254019794
2950.3106144422,93.9033989873
2951.0246295957,94.0283096056
2951.7386447493,93.8643237633
2952.4526599028,93.7656306929
2953.1666750563,93.7483839104
2953.8806902099,93.5946812958
2954.5947053634,93.6406399216
2955.3087205170,93.7619806955
2956.0227356705,93.6546246418
2956.7367508241,93.6667269267
2957.4507659776,93.7388537486
2958.1647811312,93.5613435730
2958.8787962847,93.5065176779
2959.5928114382,93.6623404881
2960.3068265918,93.6039291529
2961.0208417453,93.4912303393
2961.7348568989,93.5714600772
2962.4488720524,93.5405234247
2963.1628872060,93.4828556012
2963.8769023595,93.6336014307
2964.5909175130,93.5884111239
2965.3049326666,93.4004527366
2966.0189478201,93.5271051688
2966.7329629737,93.6407445375
2967.4469781272,93.5671359996
2968.1609932808,93.6198743015
2968.8750084343,93.6583664699
2969.5890235878,93.6441005701
2970.3030387414,93.7387782242
2971.0170538949,93.7746487558
2971.7310690485,93.8107632114
2972.4450842020,93.9593746056
2973.1590993556,93.9974071055
2973.8731145091,93.9564373398
2974.5871296627,94.0151107210
2975.3011448162,94.0863065445
2976.0151599697,94.1037946946
2976.7291751233,94.1261793548
2977.4431902768,94.1737959846
2978.1572054304,94.2225926055
2978.8712205839,94.2834988006
2979.5852357375,94.3801137294
2980.2992508910,94.4835716184
2981.0132660445,94.5746445118
2981.7272811981,94.6404378867
2982.4412963516,94.6406944372
2983.1553115052,94.5629371043
2983.8693266587,94.5006952561
2984.5833418123,94.5737705368
2985.2973569658,94.6559960388
2986.0113721194,94.6306757638
2986.7253872729,94.6738103341
2987.4394024264,94.7060791638
2988.1534175800,94.6113758539
2988.8674327335,94.6837406439
2989.5814478871,94.8007054109
2990.2954630406,94.7097066694
2991.0094781942,94.7690124933
2991.7234933477,94.9271278635
2992.4375085012,94.8264440315
2993.1515236548,94.7690693014
2993.8655388083,94.8547777086
2994.5795539619,94.7700400011
2995.2935691154,94.6726665845
2996.0075842690,94.7457042030
2996.7215994225,94.8020142931
2997.4356145760,94.8027206877
2998.1496297296,94.8240450364
2998.8636448831,94.8120314653
2999.5776600367,94.7873970857
3000.2916751902,94.7933970691
3001.0056903438,94.7560064541
3001.7197054973,94.7516974087
3002.4337206509,94.8457144646
3003.1477358044,94.8370530927
3003.8617509579,94.7627873789
3004.5757661115,94.7885227302
3005.2897812650,94.7812749551
3006.0037964186,94.7913564782
3006.7178115721,94.9067366107
3007.4318267257,94.9140526348
3008.1458418792,94.8726454002
3008.8598570327,94.9198867809
3009.5738721863,94.9314947798
3010.2878873398,94.9297619479
3011.0019024934,94.9338267290
3011.7159176469,94.9086687275
3012.4299328005,94.9628250770
3013.1439479540,95.0441816608
3013.8579631076,95.0685005051
3014.5719782611,95.0987836509
3015.2859934146,95.1085945197
3016.0000085682,95.0811234629
3016.7140237217,95.0504710543
3017.4280388753,95.0403895037
3018.1420540288,95.0929174486
3018.8560691824,95.1661803594
3019.5700843359,95.2220443451
3020.2840994894,95.2436070460
3020.9981146430,95.2343167366
3021.7121297965,95.2937862645
3022.4261449501,95.3327636255
3023.1401601036,95.2675575180
3023.8541752572,95.2979422419
3024.5681904107,95.3700124668
3025.2822055642,95.3022770903
3025.9962207178,95.2530910333
3026.7102358713,95.3356619768
3027.4242510249,95.4247603968
3028.1382661784,95.3870615727
3028.8522813320,95.3371680907
3029.5662964855,95.4563455331
3030.2803116391,95.5017133516
3030.9943267926,95.3954259830
3031.7083419461,95.4229852513
3032.4223570997,95.4144632342
3033.1363722532,95.3349040728
3033.8503874068,95.4564427044
3034.5644025603,95.5012198145
3035.2784177139,95.3988169772
3035.9924328674,95.4430289776
3036.7064480209,95.4249915269
3037.4204631745,95.2980175523
3038.1344783280,95.3039519212
3038.8484934816,95.3417197390
3039.5625086351,95.3265323426
3040.2765237887,95.3175221770
3040.9905389422,95.3832299209
3041.7045540958,95.4500557028
3042.4185692493,95.2953156534
3043.1325844028,95.1906276713
3043.8465995564,95.3538006567
3044.5606147099,95.3657251024
3045.2746298635,95.2795550591
3045.9886450170,95.3232667276
3046.7026601706,95.2309005714
3047.4166753241,95.1728470118
3048.1306904776,95.2690726897
3048.8447056312,95.1574617315
3049.5587207847,95.0474479095
3050.2727359383,95.1247880548
3050.9867510918,95.0766853640
3051.7007662454,95.0110925370
3052.4147813989,95.0677466082
3053.1287965524,95.0520110992
3053.8428117060,94.9989835617
3054.5568268595,94.9916466361
3055.2708420131,95.0026854815
3055.9848571666,95.0372984755
3056.6988723202,95.0241419601
3057.4128874737,94.9699179498
3058.1269026273,94.9770478767
3058.8409177808,95.0306419747
3059.5549329343,95.0404701950
3060.2689480879,94.9633358353
3060.9829632414,94.9323353522
3061.6969783950,95.0105552709
3062.4109935485,94.9922285253
3063.1250087021,94.9056493577
3063.8390238556,94.9283217019
3064.5530390091,94.9460670716
3065.2670541627,94.9568218943
3065.9810693162,95.0085664585
3066.6950844698,94.9235328740
3067.4090996233,94.8160486278
3068.1231147769,94.8665794121
3068.8371299304,94.9243283283
3069.5511450840,94.9484201311
3070.2651602375,94.8959207979
3070.9791753910,94.7360650782
3071.6931905446,94.7329687905
3072.4072056981,94.8480874721
3073.1212208517,94.8494466904
3073.8352360052,94.8694453263
3074.5492511588,94.8810321336
3075.2632663123,94.8093524460
3075.9772814658,94.8339831142
3076.6912966194,94.8472909569
3077.4053117729,94.7970910758
3078.1193269265,94.8705445196
3078.8333420800,94.9084424717
3079.5473572336,94.8702831583
3080.2613723871,94.9275385027
3080.9753875406,94.9267891657
3081.6894026942,94.8561223325
3082.4034178477,94.8585711412
3083.1174330013,94.8848227907
3083.8314481548,94.9609508185
3084.5454633084,94.9730635677
3085.2594784619,94.8587237699
3085.9734936155,94.9133847847
3086.6875087690,94.9944662233
3087.4015239225,94.8909904672
3088.1155390761,94.9571215455
3088.8295542296,95.0644510063
3089.5435693832,94.9295806459
3090.2575845367,94.9332461409
3090.9715996903,95.0346233847
3091.6856148438,94.9476954438
3092.3996299973,94.9595346598
3093.1136451509,95.0365965731
3093.8276603044,94.9823244729
3094.5416754580,95.0350086318
3095.2556906115,95.0662474013
3095.9697057651,94.9171595463
3096.6837209186,94.9773082822
3097.3977360722,95.1785178241
3098.1117512257,95.1029663070
3098.8257663792,94.9387224267
3099.5397815328,94.9868736551
3100.2537966863,95.0815390179
3100.9678118399,95.0879170811
3101.6818269934,95.0988204595
3102.3958421470,95.0504789806
3103.1098573005,94.9601685547
3103.8238724540,95.0910042303
3104.5378876076,95.2231186046
3105.2519027611,95.0332906073
3105.9659179147,94.9513693721
3106.6799330682,95.1113516729
3107.3939482218,95.0546889521
3108.1079633753,94.9666504304
3108.8219785289,95.1113153299
3109.5359936824,95.1282793896
3110.2500088359,95.0278459283
3110.9640239895,95.1010649151
3111.6780391430,95.1271323019
3112.3920542966,94.9794105984
3113.1060694501,94.9741107878
3113.8200846037,95.0812579920
3114.5340997572,95.0169301297
3115.2481149107,94.9992919810
3115.9621300643,95.1757645694
3116.6761452178,95.1759964278
3117.3901603714,95.0205853044
3118.1041755249,94.9796018335
3118.8181906785,94.9969100147
3119.5322058320,95.0593326268
3120.2462209855,95.0786176468
3120.9602361391,95.0338325816
3121.6742512926,95.1742155746
3122.3882664462,95.2060435137
3123.1022815997,94.9598141873
3123.8162967533,95.0234317815
3124.5303119068,95.2535308684
3125.2443270604,95.1855953567
3125.9583422139,95.1063270917
3126.6723573674,95.1017096597
3127.3863725210,95.0509754964
3128.1003876745,95.0602605201
3128.8144028281,95.0731161656
3129.5284179816,95.1300716979
3130.2424331352,95.2149725223
3130.9564482887,95.1656901732
3131.6704634422,95.1606258145
3132.3844785958,95.1891949032
3133.0984937493,95.1292724792
3133.8125089029,95.2287188175
3134.5265240564,95.3498466586
3135.2405392100,95.2547385063
3135.9545543635,95.1886923266
3136.6685695171,95.1765924760
3137.3825846706,95.1058210550
3138.0965998241,95.1303230511
3138.8106149777,95.2364351549
3139.5246301312,95.2375317032
3140.2386452848,95.1369849158
3140.9526604383,95.1387576623
3141.6666755919,95.2677951122
3142.3806907454,95.3255180041
3143.0947058989,95.3158537403
3143.8087210525,95.2794796463
3144.5227362060,95.2322513751
3145.2367513596,95.3058911576
3145.9507665131,95.3132099798
3146.6647816667,95.1925094164
3147.3787968202,95.2759382755
3148.0928119737,95.3599084423
3148.8068271273,95.2426598179
3149.5208422808,95.2320426894
3150.2348574344,95.2528820724
3150.9488725879,95.2358618148
3151.6628877415,95.3029103186
3152.3769028950,95.2283838562
3153.0909180486,95.1460304673
3153.8049332021,95.2529126114
3154.5189483556,95.2317872828
3155.2329635092,95.1967938599
3155.9469786627,95.3083880583
3156.6609938163,95.2707778778
3157.3750089698,95.1992403672
3158.0890241234,95.2209584366
3158.8030392769,95.1993259977
3159.5170544304,95.2353799254
3160.2310695840,95.2206701415
3160.9450847375,95.1515026153
3161.6590998911,95.2960839486
3162.3731150446,95.3231901771
3163.0871301982,95.1449836176
3163.8011453517,95.2272925162
3164.5151605053,95.3264545130
3165.2291756588,95.2102976755
3165.9431908123,95.1902107069
3166.6572059659,95.2054613432
3167.3712211194,95.2108574742
3168.0852362730,95.2437102014
3168.7992514265,95.1687205290
3169.5132665801,95.2486306595
3170.2272817336,95.4114826570
3170.9412968871,95.2419673918
3171.6553120407,95.1632399423
3172.3693271942,95.3471583176
3173.0833423478,95.3250835742
3173.7973575013,95.2402216797
3174.5113726549,95.2469343980
3175.2253878084,95.2455194511
3175.9394029619,95.3627372452
3176.6534181155,95.3689425643
3177.3674332690,95.1627354823
3178.0814484226,95.1414484464
3178.7954635761,95.2601182394
3179.5094787297,95.2759662373
3180.2234938832,95.2698839527
3180.9375090368,95.3030755054
3181.6515241903,95.3140939822
3182.3655393438,95.2121039975
3183.0795544974,95.1930013769
3183.7935696509,95.3536903486
3184.5075848045,95.3078891070
3185.2215999580,95.1836797979
3185.9356151116,95.3188087713
3186.6496302651,95.3925292748
3187.3636454186,95.3356057595
3188.0776605722,95.2593369302
3188.7916757257,95.1218145667
3189.5056908793,95.1753492173
3190.2197060328,95.2463656746
3190.9337211864,95.0966200469
3191.6477363399,95.1503953695
3192.3617514935,95.2825315198
3193.0757666470,95.2231577870
3193.7897818005,95.3021974759
3194.5037969541,95.3555785477
3195.2178121076,95.2212044569
3195.9318272612,95.2210718355
3196.6458424147,95.2828623064
3197.3598575683,95.2985512331
3198.0738727218,95.2929016956
3198.7878878753,95.2022361690
3199.5019030289,95.1886932188
3200.2159181824,95.2128948470
3200.9299333360,95.1444009691
3201.6439484895,95.1342820195
3202.3579636431,95.1016958803
3203.0719787966,95.0828625870
3203.7859939501,95.2373079265
3204.5000091037,95.2616312665
3205.2140242572,95.1903906642
3205.9280394108,95.2782777171
3206.6420545643,95.2335818859
3207.3560697179,95.0838630350
3208.0700848714,95.1525351634
3208.7841000250,95.2503250341
3209.4981151785,95.2229624918
3210.2121303320,95.1848173374
3210.9261454856,95.1926534448
3211.6401606391,95.2758307453
3212.3541757927,95.3374026922
3213.0681909462,95.3019647148
3213.7822060998,95.2637795974
3214.4962212533,95.2045623688
3215.2102364068,95.1406702620
3215.9242515604,95.1901269543
3216.6382667139,95.2239073332
3217.3522818675,95.0859814375
3218.0662970210,94.9624174877
3218.7803121746,95.0556367827
3219.4943273281,95.2094124839
3220.2083424817,95.1823283246
3220.9223576352,95.0867599450
3221.6363727887,95.0468687658
3222.3503879423,94.9365347693
3223.0644030958,94.8757329311
3223.7784182494,95.0062196318
3224.4924334029,95.0782960792
3225.2064485565,95.0621601350
3225.9204637100,95.0775069356
3226.6344788635,94.9927874764
3227.3484940171,94.9645450328
3228.0625091706,95.0408204327
3228.7765243242,94.9071211212
3229.4905394777,94.8084861997
3230.2045546313,94.9192283897
3230.9185697848,94.8756135560
3231.6325849384,94.7919869393
3232.3466000919,94.8045262274
3233.0606152454,94.8041980018
3233.7746303990,94.9404338494
3234.4886455525,94.9365227275
3235.2026607061,94.6833073238
3235.9166758596,94.7272628475
3236.6306910132,94.8234064546
3237.3447061667,94.6341332359
3238.0587213202,94.6600664571
3238.7727364738,94.8175732580
3239.4867516273,94.7295231590
3240.2007667809,94.5984411955
3240.9147819344,94.5987357367
3241.6287970880,94.7573457593
3242.3428122415,94.8304071081
3243.0568273950,94.5779507481
3243.7708425486,94.4511125586
3244.4848577021,94.6618101843
3245.1988728557,94.7597463860
3245.9128880092,94.6290381418
3246.6269031628,94.5542565970
3247.3409183163,94.6648426345
3248.0549334699,94.7425999881
3248.7689486234,94.6257148895
3249.4829637769,94.5788345390
3250.1969789305,94.6358595390
3250.9109940840,94.6173725346
3251.6250092376,94.6432137680
3252.3390243911,94.6587810350
3253.0530395447,94.6082133424
3253.7670546982,94.6245678467
3254.4810698517,94.5262569240
3255.1950850053,94.3988781122
3255.9091001588,94.5671518279
3256.6231153124,94.7017660278
3257.3371304659,94.5898365570
3258.0511456195,94.6089522902
3258.7651607730,94.6991699385
3259.4791759266,94.5702912037
3260.1931910801,94.5212599087
3260.9072062336,94.7411649658
3261.6212213872,94.8021665924
3262.3352365407,94.6173788052
3263.0492516943,94.5371622723
3263.7632668478,94.5435027527
3264.4772820014,94.5150616922
3265.1912971549,94.5328429946
3265.9053123084,94.6015440073
3266.6193274620,94.6924456243
3267.3333426155,94.6842274387
3268.0473577691,94.5848875372
3268.7613729226,94.6235913677
3269.4753880762,94.6674180525
3270.1894032297,94.6279027654
3270.9034183832,94.6984941014
3271.6174335368,94.6986437304
3272.3314486903,94.6139070512
3273.0454638439,94.6427953005
3273.7594789974,94.5759607462
3274.4734941510,94.4940850168
3275.1875093045,94.5875485669
3275.9015244581,94.6339867014
3276.6155396116,94.6540044638
3277.3295547651,94.6289381747
3278.0435699187,94.4711917834
3278.7575850722,94.5267825650
3279.4716002258,94.7078679947
3280.1856153793,94.6142897136
3280.8996305329,94.5198067787
3281.6136456864,94.6471764764
3282.3276608399,94.6938972665
3283.0416759935,94.5679430140
3283.7556911470,94.5464051100
3284.4697063006,94.6678403087
3285.1837214541,94.6781256589
3285.8977366077,94.6570048055
3286.6117517612,94.7075160954
3287.3257669148,94.6072887827
3288.0397820683,94.5398894417
3288.7537972218,94.6827755640
3289.4678123754,94.6671448069
3290.1818275289,94.5634471324
3290.8958426825,94.6391399213
3291.6098578360,94.6387348495
3292.3238729896,94.5898404562
3293.0378881431,94.7498710933
3293.7519032966,94.8355799071
3294.4659184502,94.6817520717
3295.1799336037,94.6649248588
3295.8939487573,94.7802763570
3296.6079639108,94.6964758307
3297.3219790644,94.6377715189
3298.0359942179,94.7007520700
3298.7500093714,94.5748197324
3299.4640245250,94.5635972266
3300.1780396785,94.7988857785
3300.8920548321,94.8057684783
3301.6060699856,94.7597448392
3302.3200851392,94.8145081407
3303.0341002927,94.6723505155
3303.7481154463,94.6089710280
3304.4621305998,94.7327370346
3305.1761457533,94.7573348835
3305.8901609069,94.8033720477
3306.6041760604,94.8165551370
3307.3181912140,94.7021870001
3308.0322063675,94.7229683402
3308.7462215211,94.8199337160
3309.4602366746,94.7886402433
3310.1742518281,94.7097260687
3310.8882669817,94.7347919712
3311.6022821352,94.8020838901
3312.3162972888,94.7216418974
3313.0303124423,94.7584256212
3313.7443275959,94.9368163202
3314.4583427494,94.7630095400
3315.1723579030,94.6490055248
3315.8863730565,94.8940624376
3316.6003882100,94.8548842918
3317.3144033636,94.7436625033
3318.0284185171,94.8539953314
3318.7424336707,94.7595258955
3319.4564488242,94.7338501021
3320.1704639778,94.8763102232
3320.8844791313,94.8247774851
3321.5984942848,94.8263151619
3322.3125094384,94.8147079287
3323.0265245919,94.6491714169
3323.7405397455,94.6793564226
3324.4545548990,94.7405799108
3325.1685700526,94.7640878743
3325.8825852061,94.9432591488
3326.5966003596,94.9441553498
3327.3106155132,94.7683269726
3328.0246306667,94.6947611388
3328.7386458203,94.6568955562
3329.4526609738,94.7525751286
3330.1666761274,94.9098564650
3330.8806912809,94.8862239933
3331.5947064345,94.8270112759
3332.3087215880,94.8243116650
3333.0227367415,94.8506854328
3333.7367518951,94.9012014189
3334.4507670486,94.8979943360
3335.1647822022,94.8720975838
3335.8787973557,94.7974151494
3336.5928125093,94.7435520779
3337.3068276628,94.8697360415
3338.0208428163,94.9027115858
3338.7348579699,94.8447033292
3339.4488731234,94.9382973621
3340.1628882770,94.8707064591
3340.8769034305,94.7198465837
3341.5909185841,94.8768265470
3342.3049337376,95.0060695623
3343.0189488912,94.9055731139
3343.7329640447,94.8015354534
3344.4469791982,94.7832783574
3345.1609943518,94.8924175091
3345.8750095053,94.9439029728
3346.5890246589,94.9217581119
3347.3030398124,95.0394554795
3348.0170549660,94.9964542491
3348.7310701195,94.8056487655
3349.4450852730,94.8494234897
3350.1591004266,94.8474123517
3350.8731155801,94.7815363429
3351.5871307337,94.8814662048
3352.3011458872,94.8350712483
3353.0151610408,94.8080220497
3353.7291761943,94.9637419327
3354.4431913478,94.8261662372
3355.1572065014,94.6773127774
3355.8712216549,94.8679537399
3356.5852368085,94.9238151931
3357.2992519620,94.8753913112
3358.0132671156,94.9236608649
3358.7272822691,94.8279417560
3359.4412974227,94.7583479890
3360.1553125762,94.8773559393
3360.8693277297,94.9303761354
3361.5833428833,94.9287329551
3362.2973580368,94.9651004715
3363.0113731904,94.9100475114
3363.7253883439,94.7734821359
3364.4394034975,94.7798715139
3365.1534186510,94.9371491926
3365.8674338045,94.9348666469
3366.5814489581,94.7912526665
3367.2954641116,94.8223917817
3368.0094792652,94.9783609234
3368.7234944187,95.0422035626
3369.4375095723,94.9395038919
3370.1515247258,94.8151476312
3370.8655398794,94.9253386525
3371.5795550329,95.0151988159
3372.2935701864,94.8417312481
3373.0075853400,94.7958492863
3373.7216004935,94.9088241704
3374.4356156471,94.9121765623
3375.1496308006,94.8960872865
3375.8636459542,94.8198078432
3376.5776611077,94.7228419906
3377.2916762612,94.8202752341
3378.0056914148,94.9814105044
3378.7197065683,95.0710643060
3379.4337217219,95.0002916443
3380.1477368754,94.8298513787
3380.8617520290,94.9223092124
3381.5757671825,95.0778082402
3382.2897823361,94.9795541394
3383.0037974896,94.9193608589
3383.7178126431,94.8979585483
3384.4318277967,94.8309790441
3385.1458429502,94.8872895317
3385.8598581038,94.9047531202
3386.5738732573,94.8995737673
3387.2878884109,94.9568229650
3388.0019035644,94.8911084906
3388.7159187179,94.8897402327
3389.4299338715,94.9788095475
3390.1439490250,94.9171125670
3390.8579641786,94.9198130263
3391.5719793321,94.9859284505
3392.2859944857,94.9411457722
3393.0000096392,94.9797528182
3393.7140247927,95.0610008810
3394.4280399463,95.0042766669
3395.1420550998,94.8723578356
3395.8560702534,94.8518425940
3396.5700854069,94.9781164736
3397.2841005605,94.9321965207
3397.9981157140,94.8451136160
3398.7121308676,95.0026027122
3399.4261460211,94.9375437232
3400.1401611746,94.7723822531
3400.8541763282,94.9753077941
3401.5681914817,95.0382297879
3402.2822066353,94.9027684011
3402.9962217888,94.9188959234
3403.7102369424,94.8566488337
3404.4242520959,94.8686953738
3405.1382672494,94.9491967762
3405.8522824030,94.7899069477
3406.5662975565,94.7640746689
3407.2803127101,94.8461221453
3407.9943278636,94.7225879328
3408.7083430172,94.6869708335
3409.4223581707,94.7441285328
3410.1363733243,94.8159987821
3410.8503884778,94.9214243088
3411.5644036313,94.8348542768
3412.2784187849,94.8387601391
3412.9924339384,95.0221299306
3413.7064490920,94.9262482902
3414.4204642455,94.7800611536
3415.1344793991,94.8076453476
3415.8484945526,94.7904736373
3416.5625097061,94.7673940928
3417.2765248597,94.6994999601
3417.9905400132,94.6785973395
3418.7045551668,94.8310086473
3419.4185703203,94.7777683105
3420.1325854739,94.5396560385
3420.8466006274,94.5278764819
3421.5606157809,94.6894873590
3422.2746309345,94.7886037176
3422.9886460880,94.6626545443
3423.7026612416,94.5516001529
3424.4166763951,94.6962672717
3425.1306915487,94.6956702112
3425.8447067022,94.6084905740
3426.5587218558,94.7884842157
3427.2727370093,94.8443415390
3427.9867521628,94.7339335504
3428.7007673164,94.7485937713
3429.4147824699,94.6986570817
3430.1287976235,94.7032963369
3430.8428127770,94.8647505262
3431.5568279306,94.8222655946
3432.2708430841,94.6706990495
3432.9848582376,94.7102352147
3433.6988733912,94.8667152789
3434.4128885447,94.9126306572
3435.1269036983,94.7895998733
3435.8409188518,94.7688588046
3436.5549340054,94.8510947799
3437.2689491589,94.7541081677
3437.9829643125,94.6989329340
3438.6969794660,94.8252386447
3439.4109946195,94.8504226141
3440.1250097731,94.8669422025
3440.8390249266,94.9873231771
3441.5530400802,94.9767212622
3442.2670552337,94.8802098886
3442.9810703873,94.8887096271
3443.6950855408,94.8934150273
3444.4091006943,94.8408569002
3445.1231158479,94.8820895495
3445.8371310014,94.9807994683
3446.5511461550,95.0041157649
3447.2651613085,94.9944583261
3447.9791764621,94.9786179788
3448.6931916156,95.0061036706
3449.4072067691,95.1105997734
3450.1212219227,95.0054166969
3450.8352370762,94.7484600372
3451.5492522298,94.8147833553
3452.2632673833,94.9806476974
3452.9772825369,94.8907990856
3453.6912976904,94.9129957626
3454.4053128440,95.0445885056
3455.1193279975,94.9231331912
3455.8333431510,94.8435810271
3456.5473583046,95.0284220477
3457.2613734581,95.1007487683
3457.9753886117,94.9996244420
3458.6894037652,95.0107581544
3459.4034189188,95.1121863624
3460.1174340723,95.1530035650
3460.8314492258,95.1056303844
3461.5454643794,95.0044005249
3462.2594795329,94.9975948974
3462.9734946865,95.0617565660
3463.6875098400,94.9860962819
3464.4015249936,94.8845325307
3465.1155401471,94.9290321848
3465.8295553007,95.0253889825
3466.5435704542,95.0833163589
3467.2575856077,95.0383089419
3467.9716007613,94.9916504137
3468.6856159148,95.0747556065
3469.3996310684,95.0437128921
3470.1136462219,94.9001303878
3470.8276613755,94.9917251136
3471.5416765290,95.1982166374
3472.2556916825,95.2588765719
3472.9697068361,95.1817226851
3473.6837219896,95.0952282971
3474.3977371432,95.1267127353
3475.1117522967,95.0696274849
3475.8257674503,94.9678282587
3476.5397826038,95.1717693080
3477.2537977573,95.2526322033
3477.9678129109,94.9686945186
3478.6818280644,94.9117659641
3479.3958432180,94.9925796043
3480.1098583715,94.9108828505
3480.8238735251,95.0096407003
3481.5378886786,95.1842027023
3482.2519038322,95.1059415570
3482.9659189857,94.9964494958
3483.6799341392,95.0690255722
3484.3939492928,95.1892801036
3485.1079644463,95.1831502136
3485.8219795999,95.1646347887
3486.5359947534,95.2338111298
3487.2500099070,95.1513531338
3487.9640250605,95.0219428527
3488.6780402140,95.1489915719
3489.3920553676,95.2369253323
3490.1060705211,95.0903434446
3490.8200856747,94.9990731427
3491.5341008282,95.1117333120
3492.2481159818,95.2543526802
3492.9621311353,95.2957356158
3493.6761462889,95.2321785848
3494.3901614424,95.1224441147
3495.1041765959,95.1645199061
3495.8181917495,95.2874724948
3496.5322069030,95.1107666837
3497.2462220566,94.9440499095
3497.9602372101,95.1508796382
3498.6742523637,95.2411557025
3499.3882675172,95.1243850649
3500.1022826707,95.1294794040
3500.8162978243,95.1440725331
3501.5303129778,95.1839029789
3502.2443281314,95.2282614208
3502.9583432849,95.1646077788
3503.6723584385,95.2209631927
3504.3863735920,95.3107168532
3505.1003887456,95.3320439494
3505.8144038991,95.2494713678
3506.5284190526,94.9406819623
3507.2424342062,94.9981407912
3507.9564493597,95.3388177218
3508.6704645133,95.0729470347
3509.3844796668,94.8843630729
3510.0984948204,95.1990996106
3510.8125099739,95.0468533518
3511.5265251274,94.9040078398
3512.2405402810,95.0865707502
3512.9545554345,94.9848771714
3513.6685705881,95.0367714864
3514.3825857416,95.3119516296
3515.0966008952,95.2525558748
3515.8106160487,95.1512063166
3516.5246312022,95.1477254076
3517.2386463558,95.0904638431
3517.9526615093,95.0747355825
3518.6666766629,95.0528598809
3519.3806918164,95.0437979079
3520.0947069700,95.0466280077
3520.8087221235,95.0352609919
3521.5227372771,95.0847013862
3522.2367524306,95.1384359749
3522.9507675841,95.2869132799
3523.6647827377,95.2992999001
3524.3787978912,95.0397663716
3525.0928130448,95.1379226530
3525.8068281983,95.2934557419
3526.5208433519,95.0363390001
3527.2348585054,95.1487093875
3527.9488736589,95.3398491560
3528.6628888125,95.0624396678
3529.3769039660,95.1226637744
3530.0909191196,95.2389571497
3530.8049342731,94.9804103710
3531.5189494267,95.0894354647
3532.2329645802,95.3306805546
3532.9469797338,95.1826241502
3533.6609948873,95.0887678700
3534.3750100408,95.2287431519
3535.0890251944,95.3068215373
3535.8030403479,95.1731428124
3536.5170555015,95.0759222580
3537.2310706550,95.1444999955
3537.9450858086,95.0182140651
3538.6591009621,94.9319741723
3539.3731161156,95.1311970109
3540.0871312692,95.1104810917
3540.8011464227,94.9776524262
3541.5151615763,94.9830648467
3542.2291767298,95.0875790662
3542.9431918834,95.2814147299
3543.6572070369,95.3332364876
3544.3712221904,95.2301595460
3545.0852373440,95.3182139321
3545.7992524975,95.4447249550
3546.5132676511,95.3418483463
3547.2272828046,95.1581901206
3547.9412979582,95.1283755683
3548.6553131117,95.1626713667
3549.3693282653,95.1054767964
3550.0833434188,95.1657437716
3550.7973585723,95.3188517719
3551.5113737259,95.2192284679
3552.2253888794,95.1480910010
3552.9394040330,95.2555001446
3553.6534191865,95.1886270332
3554.3674343401,95.1619813635
3555.0814494936,95.1228829743
3555.7954646471,95.0022598130
3556.5094798007,95.1706971878
3557.2234949542,95.3005745995
3557.9375101078,95.2162358296
3558.6515252613,95.2666977573
3559.3655404149,95.2068538233
3560.0795555684,95.1080922397
3560.7935707220,95.2162737062
3561.5075858755,95.1561848954
3562.2216010290,95.1654708116
3562.9356161826,95.3208651227
3563.6496313361,95.3067814403
3564.3636464897,95.4292337562
3565.0776616432,95.5088490788
3565.7916767968,95.4139251554
3566.5056919503,95.7545478693
3567.2197071038,95.7553775736
3567.9337222574,95.2306434709
3568.6477374109,95.4295548270
3569.3617525645,95.5106774820
3570.0757677180,95.1329305339
3570.7897828716,95.2125796756
3571.5037980251,95.4341595062
3572.2178131786,95.2566481588
3572.9318283322,95.2448835761
3573.6458434857,95.2444696377
3574.3598586393,95.1356685680
3575.0738737928,95.4517309719
3575.7878889464,95.5810242423
3576.5019040999,95.2241360265
3577.2159192535,95.1830679188
3577.9299344070,95.3175419026
3578.6439495605,95.2259776809
3579.3579647141,95.2273773205
3580.0719798676,95.2046979498
3580.7859950212,95.1765960877
3581.5000101747,95.3352081552
3582.2140253283,95.3323462312
3582.9280404818,95.2377170760
3583.6420556353,95.3155015209
3584.3560707889,95.4320793855
3585.0700859424,95.4894314156
3585.7841010960,95.2990429463
3586.4981162495,95.1925049009
3587.2121314031,95.7357159107
3587.9261465566,95.5482927711
3588.6401617102,95.0223147375
3589.3541768637,95.4061557485
3590.0681920172,95.3526685281
3590.7822071708,95.2317118479
3591.4962223243,95.5970068539
3592.2102374779,95.3900534844
3592.9242526314,95.1014122004
3593.6382677850,95.6084693530
3594.3522829385,95.5976626419
3595.0662980920,95.3223191216
3595.7803132456,95.4664720002
3596.4943283991,95.4131680899
3597.2083435527,95.3515633610
3597.9223587062,95.3933885510
3598.6363738598,95.3828559007
3599.3503890133,95.4898881206
3600.0644041668,95.3282173220
3600.7784193204,95.1550675104
3601.4924344739,95.4388314817
3602.2064496275,95.3626642269
3602.9204647810,95.2138285679
3603.6344799346,95.3654086234
3604.3484950881,95.2083328126
3605.0625102417,95.2749919563
3605.7765253952,95.5824172350
3606.4905405487,95.2346984068
3607.2045557023,95.1936425601
3607.9185708558,95.7529132980
3608.6325860094,95.4197450592
3609.3466011629,95.0042244942
3610.0606163165,95.7166121510
3610.7746314700,95.6913397129
3611.4886466235,95.4142132277
3612.2026617771,95.5247665140
3612.9166769306,95.5819098899
3613.6306920842,95.5612621885
3614.3447072377,95.4967524615
3615.0587223913,95.1871583694
3615.7727375448,95.3557356499
3616.4867526984,95.5134357818
3617.2007678519,95.2805771824
3617.9147830054,95.5350675010
3618.6287981590,95.7094219899
3619.3428133125,95.2068085117
3620.0568284661,95.2084874099
3620.7708436196,95.3072129069
3621.4848587732,95.1489381653
3622.1988739267,95.4220789655
3622.9128890802,95.4188237915
3623.6269042338,95.1291941759
3624.3409193873,95.2129932565
3625.0549345409,95.2475116953
3625.7689496944,95.3722107534
3626.4829648480,95.6018921980
3627.1969800015,95.5242679783
3627.9109951551,95.7157780235
3628.6250103086,95.6896882058
3629.3390254621,95.0602442083
3630.0530406157,95.6321574868
3630.7670557692,95.5440447648
3631.4810709228,95.0900177122
3632.1950860763,95.3654733510
3632.9091012299,95.4808916983
3633.6231163834,95.2251769542
3634.3371315369,95.5933703580
3635.0511466905,95.5874659286
3635.7651618440,95.1996791036
3636.4791769976,95.1591413579
3637.1931921511,95.1834902838
3637.9072073047,95.2114899871
3638.6212224582,95.3465183280
3639.3352376117,95.3112824237
3640.0492527653,95.2708631068
3640.7632679188,95.3472989072
3641.4772830724,95.3452641132
3642.1912982259,95.2678220204
3642.9053133795,95.3793565527
3643.6193285330,95.3920107558
3644.3333436866,95.0863179101
3645.0473588401,95.2882407401
3645.7613739936,95.7440063424
3646.4753891472,95.4182321691
3647.1894043007,95.4863075158
3647.9034194543,96.1022909174
3648.6174346078,95.4844037365
3649.3314497614,95.3935775209
3650.0454649149,95.9958223198
3650.7594800684,95.2618295398
3651.4734952220,95.4871989945
3652.1875103755,95.9967100145
3652.9015255291,95.4390135939
3653.6155406826,95.2422949098
3654.3295558362,95.6493774699
3655.0435709897,95.6527675592
3655.7575861433,95.3830061457
3656.4716012968,95.2760823175
3657.1856164503,95.4569853963
3657.8996316039,95.4138671140
3658.6136467574,95.3129013935
3659.3276619110,95.4152486961
3660.0416770645,95.3558036965
3660.7556922181,95.2462281538
3661.4697073716,95.3656589216
3662.1837225251,95.2406834953
3662.8977376787,95.1684102889
3663.6117528322,95.3659545972
3664.3257679858,95.3770849099
3665.0397831393,95.3771717336
3665.7537982929,95.3114399882
3666.4678134464,95.3146870858
3667.1818285999,95.6037777556
3667.8958437535,95.5906470178
3668.6098589070,95.5241455072
3669.3238740606,95.9132447631
3670.0378892141,95.6761320488
3670.7519043677,95.3666906983
3671.4659195212,95.7783491141
3672.1799346748,95.4964597468
3672.8939498283,95.5030948097
3673.6079649818,95.8447361838
3674.3219801354,95.7695707943
3675.0359952889,95.8606450100
3675.7500104425,96.1868404449
3676.4640255960,95.7184743791
3677.1780407496,95.6272414766
3677.8920559031,95.5919024347
3678.6060710566,95.4041933991
3679.3200862102,95.4323464523
3680.0341013637,95.5810215042
3680.7481165173,95.5757650744
3681.4621316708,95.4710860677
3682.1761468244,95.3961722818
3682.8901619779,95.4403901441
3683.6041771315,95.3984429615
3684.3181922850,95.4264694556
3685.0322074385,95.5069780289
3685.7462225921,95.3992253588
3686.4602377456,95.5731439819
3687.1742528992,95.8819490248
3687.8882680527,95.5826527421
3688.6022832063,95.3022734415
3689.3162983598,95.9372670376
3690.0303135133,95.8755735211
3690.7443286669,95.5308945249
3691.4583438204,95.4602214281
3692.1723589740,95.5646848414
3692.8863741275,95.5922691888
3693.6003892811,95.6268234364
3694.3144044346,95.4991970708
3695.0284195881,95.3249790664
3695.7424347417,95.4243055624
3696.4564498952,95.5566178686
3697.1704650488,95.5084300760
3697.8844802023,95.5357551257
3698.5984953559,95.4653045733
3699.3125105094,95.3814130371
3700.0265256630,95.6374502894
3700.7405408165,95.7094453500
3701.4545559700,95.4683725629
3702.1685711236,95.5541667443
3702.8825862771,95.5783015570
3703.5966014307,95.4727580168
3704.3106165842,95.4778930354
3705.0246317378,95.4305956468
3705.7386468913,95.4392575481
3706.4526620448,95.4977788782
3707.1666771984,95.5585737367
3707.8806923519,95.7550174564
3708.5947075055,95.7631463056
3709.3087226590,95.5740746353
3710.0227378126,95.8636930650
3710.7367529661,95.9666195061
3711.4507681197,95.7490188863
3712.1647832732,95.4146632865
3712.8787984267,95.5790823203
3713.5928135803,95.5746217731
3714.3068287338,95.5275156832
3715.0208438874,95.6187568858
3715.7348590409,95.6630256480
3716.4488741945,95.5244228385
3717.1628893480,95.5255241190
3717.8769045015,95.5699793804
3718.5909196551,95.4554197332
3719.3049348086,95.4925211009
3720.0189499622,95.5962547934
3720.7329651157,95.6518385078
3721.4469802693,95.6900115612
3722.1609954228,95.5010284943
3722.8750105763,95.6221810520
3723.5890257299,95.7717814257
3724.3030408834,95.6417518357
3725.0170560370,95.7484005446
3725.7310711905,95.7666638246
3726.4450863441,95.3893248555
3727.1591014976,95.5454647182
3727.8731166512,95.7775094821
3728.5871318047,95.7031757992
3729.3011469582,95.6257311993
3730.0151621118,95.5953123135
3730.7291772653,95.7536595060
3731.4431924189,95.6902784703
3732.1572075724,95.4221202480
3732.8712227260,96.2083240774
3733.5852378795,96.1374892137
3734.2992530330,95.5184068438
3735.0132681866,95.9408915584
3735.7272833401,96.1995202155
3736.4412984937,95.9736070462
3737.1553136472,96.2329637526
3737.8693288008,95.7193953719
3738.5833439543,95.3572938590
3739.2973591079,95.8004960628
3740.0113742614,95.8113478095
3740.7253894149,95.7076408142
3741.4394045685,95.6798767473
3742.1534197220,95.5832731154
3742.8674348756,96.0019870236
3743.5814500291,96.2654481840
3744.2954651827,94.7967278625
3745.0094803362,95.9178928628
3745.7234954897,95.9787602121
3746.4375106433,95.5514864941
3747.1515257968,95.6569329238
3747.8655409504,95.8839696565
3748.5795561039,95.8454294139
3749.2935712575,95.5312116723
3750.0075864110,96.0057233919
3750.7216015645,96.2142780589
3751.4356167181,95.8188050747
3752.1496318716,95.0473556589
3752.8636470252,95.7100446634
3753.5776621787,95.5551653341
3754.2916773323,95.5515947099
3755.0056924858,95.6900539293
3755.7197076394,95.4066168625
3756.4337227929,95.2858680066
3757.1477379464,95.5057647242
3757.8617531000,95.6434461124
3758.5757682535,95.7517735378
3759.2897834071,95.3429171989
3760.0037985606,95.0808426173
3760.7178137142,95.4235024750
3761.4318288677,95.4546910909
3762.1458440212,95.5741826219
3762.8598591748,95.5180391317
3763.5738743283,95.2961487793
3764.2878894819,95.6806943906
3765.0019046354,95.6755029421
3765.7159197890,95.2280586671
3766.4299349425,95.6532427033
3767.1439500961,95.5475064587
3767.8579652496,95.4013835336
3768.5719804031,95.8009117252
3769.2859955567,95.5338302298
3770.0000107102,95.2293109932
3770.7140258638,95.7336959534
3771.4280410173,95.4775696076
3772.1420561709,95.2972958463
3772.8560713244,95.4338296482
3773.5700864779,95.3535095560
3774.2841016315,95.4565043655
3774.9981167850,95.5903536861
3775.7121319386,95.5234920964
3776.4261470921,95.4968204015
3777.1401622457,95.5509298117
3777.8541773992,95.7524048782
3778.5681925528,95.7410484495
3779.2822077063,95.5422217583
3779.9962228598,95.8115291985
3780.7102380134,95.7209496724
3781.4242531669,95.3942381364
3782.1382683205,95.4313241786
3782.8522834740,95.4891606934
3783.5662986276,95.5068487927
3784.2803137811,95.6240291633
3784.9943289346,95.6149586401
3785.7083440882,95.6161091138
3786.4223592417,95.4923159038
3787.1363743953,95.3802395345
3787.8503895488,95.5277357364
3788.5644047024,95.4697828430
3789.2784198559,95.4149390032
3789.9924350094,95.6254845550
3790.7064501630,95.6324669916
3791.4204653165,95.5626606753
3792.1344804701,95.4934336370
3792.8484956236,95.3817791129
3793.5625107772,95.4976079769
3794.2765259307,95.5926810606
3794.9905410843,95.6010420570
3795.7045562378,95.6217682213
3796.4185713913,95.5527561095
3797.1325865449,95.8096274768
3797.8466016984,95.8232597516
3798.5606168520,95.5970736607
3799.2746320055,95.8826200920
3799.9886471591,96.0675535378
3800.7026623126,95.8139955672
3801.4166774661,95.9965575634
3802.1306926197,96.0092799909
3802.8447077732,95.7301700627
3803.5587229268,95.7482701834
3804.2727380803,95.5878260011
3804.9867532339,95.7255901462
3805.7007683874,96.0917926889
3806.4147835410,95.7600387799
3807.1287986945,95.4765536307
3807.8428138480,95.9162287975
3808.5568290016,95.7044420360
3809.2708441551,95.5666584609
3809.9848593087,95.5622848891
3810.6988744622,95.4123154947
3811.4128896158,95.5208637406
3812.1269047693,95.6514257289
3812.8409199228,95.4993945361
3813.5549350764,95.4568477264
3814.2689502299,95.7157900568
3814.9829653835,95.7816269621
3815.6969805370,95.5156733321
3816.4109956906,95.6143676460
3817.1250108441,95.7026038215
3817.8390259976,95.5558319634
3818.5530411512,95.6304352382
3819.2670563047,95.8061227518
3819.9810714583,95.8041689417
3820.6950866118,95.8075358014
3821.4091017654,95.8340501666
3822.1231169189,95.7056748386
3822.8371320725,95.5485310137
3823.5511472260,95.4495295273
3824.2651623795,95.5341457250
3824.9791775331,95.6216314704
3825.6931926866,95.5863079094
3826.4072078402,95.5931631035
3827.1212229937,95.5675329448
3827.8352381473,95.5021309819
3828.5492533008,95.4990562985
3829.2632684543,95.5035281570
3829.9772836079,95.6646760071
3830.6912987614,95.7784222956
3831.4053139150,95.5103772295
3832.1193290685,95.4977001981
3832.8333442221,95.6854673164
3833.5473593756,95.6615793799
3834.2613745292,95.6269681843
3834.9753896827,95.5529048262
3835.6894048362,95.7282247829
3836.4034199898,95.9130815765
3837.1174351433,95.7277579277
3837.8314502969,95.5000189154
3838.5454654504,95.9968002855
3839.2594806040,95.8224063805
3839.9734957575,95.6865150150
3840.6875109110,95.7758382776
3841.4015260646,95.6579451839
3842.1155412181,95.7229763578
3842.8295563717,95.7416589605
3843.5435715252,95.5250463344
3844.2575866788,95.6760028368
3844.9716018323,95.6880476390
3845.6856169858,95.5190347379
3846.3996321394,95.5769710269
3847.1136472929,95.5349575183
3847.8276624465,95.4815586004
3848.5416776000,95.6954371716
3849.2556927536,95.6267162788
3849.9697079071,95.9867517873
3850.6837230607,96.1718334877
3851.3977382142,95.3215241527
3852.1117533677,95.6944269061
3852.8257685213,97.0639352594
3853.5397836748,95.9758441287
3854.2537988284,94.3750367937
3854.9678139819,96.4304798149
3855.6818291355,95.8884672575
3856.3958442890,95.5606373970
3857.1098594425,95.8788410115
3857.8238745961,95.9019168382
3858.5378897496,95.7484898965
3859.2519049032,95.6172674988
3859.9659200567,95.6216946907
3860.6799352103,95.8788206307
3861.3939503638,95.7730683281
3862.1079655174,95.5044856470
3862.8219806709,95.8661167271
3863.5359958244,96.0429046448
3864.2500109780,95.7101106160
3864.9640261315,95.3144320915
3865.6780412851,95.5931040749
3866.3920564386,95.8056058148
3867.1060715922,95.6811778494
3867.8200867457,95.6816858684
3868.5341018992,96.0335801300
3869.2481170528,96.0050818646
3869.9621322063,95.6386257080
3870.6761473599,95.9198161847
3871.3901625134,95.7896140093
3872.1041776670,95.6579476035
3872.8181928205,95.6885084239
3873.5322079740,95.5337423497
3874.2462231276,95.6511213646
3874.9602382811,95.9105812664
3875.6742534347,95.6978752754
3876.3882685882,95.5735871012
3877.1022837418,95.4397513786
3877.8162988953,95.4022676925
3878.5303140489,95.8642596381
3879.2443292024,96.0842915603
3879.9583443559,95.6822089805
3880.6723595095,95.5662452232
3881.3863746630,95.7626991305
3882.1003898166,95.7405878590
3882.8144049701,95.6162959937
3883.5284201237,95.6588153592
3884.2424352772,95.9906785792
3884.9564504307,95.8544400381
3885.6704655843,95.2010812126
3886.3844807378,95.8353648869
3887.0984958914,95.9519076613
3887.8125110449,95.5705019774
3888.5265261985,95.4794463921
3889.2405413520,95.6126420205
3889.9545565056,95.7675453352
3890.6685716591,95.7947945598
3891.3825868126,95.5684098649
3892.0966019662,95.7546001958
3892.8106171197,95.7073517743
3893.5246322733,95.5318722950
3894.2386474268,95.7101324996
3894.9526625804,95.6667116192
3895.6666777339,95.5149338429
3896.3806928874,95.6150928991
3897.0947080410,95.6611806107
3897.8087231945,95.8634057081
3898.5227383481,95.6587281858
3899.2367535016,95.0061834244
3899.9507686552,96.1307432779
3900.6647838087,96.3281784630
3901.3787989623,95.2241442522
3902.0928141158,95.5603642692
3902.8068292693,96.2212635420
3903.5208444229,95.5885477527
3904.2348595764,95.7501816719
3904.9488747300,96.0757221574
3905.6628898835,95.5176828290
3906.3769050371,95.6512895041
3907.0909201906,95.7714332904
3907.8049353441,95.5069652205
3908.5189504977,95.6752647068
3909.2329656512,95.7219721199
3909.9469808048,95.5158221316
3910.6609959583,95.5084910999
3911.3750111119,95.4463175311
3912.0890262654,95.4819016737
3912.8030414189,95.6134812673
3913.5170565725,95.5033323984
3914.2310717260,95.4563552052
3914.9450868796,95.6009780103
3915.6591020331,95.7383790498
3916.3731171867,95.7328946206
3917.0871323402,95.5010722295
3917.8011474938,95.5926895521
3918.5151626473,95.8212984044
3919.2291778008,95.6519505791
3919.9431929544,95.3911855004
3920.6572081079,95.5886970940
3921.3712232615,95.6852153350
3922.0852384150,95.5916610810
3922.7992535686,95.6740938591
3923.5132687221,95.7960204704
3924.2272838756,95.6653519319
3924.9412990292,95.5804682448
3925.6553141827,95.7165622002
3926.3693293363,95.6691779633
3927.0833444898,95.5224149354
3927.7973596434,95.5722444864
3928.5113747969,95.6500816597
3929.2253899505,95.5850334640
3929.9394051040,95.5348531123
3930.6534202575,95.6484726691
3931.3674354111,95.6685764950
3932.0814505646,95.5353594423
3932.7954657182,95.6194463388
3933.5094808717,95.7477466152
3934.2234960253,95.6691764606
3934.9375111788,95.5837608351
3935.6515263323,95.5517595253
3936.3655414859,95.5401996916
3937.0795566394,95.6306749057
3937.7935717930,95.6085521646
3938.5075869465,95.6202791177
3939.2216021001,95.6566990777
3939.9356172536,95.4640999420
3940.6496324071,95.5574042683
3941.3636475607,95.8313856850
3942.0776627142,95.6322716083
3942.7916778678,95.5029272315
3943.5056930213,95.7049148552
3944.2197081749,95.5931328110
3944.9337233284,95.5552806056
3945.6477384820,95.6801403877
3946.3617536355,95.5864140055
3947.0757687890,95.4830371764
3947.7897839426,95.5646903865
3948.5037990961,95.6762868248
3949.2178142497,95.6579916048
3949.9318294032,95.5536722562
3950.6458445568,95.6382121209
3951.3598597103,95.6730660767
3952.0738748638,95.5233403163
3952.7878900174,95.5749351013
3953.5019051709,95.6866185116
3954.2159203245,95.6001745297
3954.9299354780,95.5912266519
3955.6439506316,95.5943692513
3956.3579657851,95.5815331522
3957.0719809387,95.5751761676
3957.7859960922,95.5718713009
3958.5000112457,95.5445638335
3959.2140263993,95.5507407807
3959.9280415528,95.5996518507
3960.6420567064,95.6700789409
3961.3560718599,95.5976962484
3962.0700870135,95.4443646190
3962.7841021670,95.5337767723
3963.4981173205,95.6968630883
3964.2121324741,95.7024553293
3964.9261476276,95.6277212629
3965.6401627812,95.5808191108
3966.3541779347,95.6115374738
3967.0681930883,95.6624694017
3967.7822082418,95.6475514836
3968.4962233953,95.5972737135
3969.2102385489,95.5343585536
3969.9242537024,95.5124697206
3970.6382688560,95.5686850544
3971.3522840095,95.5981958822
3972.0662991631,95.5680563909
3972.7803143166,95.5786967898
3973.4943294702,95.6732865690
3974.2083446237,95.7520619593
3974.9223597772,95.6956211881
3975.6363749308,95.6037261520
3976.3503900843,95.6111762067
3977.0644052379,95.6268210432
3977.7784203914,95.6209397784
3978.4924355450,95.6532208717
3979.2064506985,95.6151771101
3979.9204658520,95.5450690329
3980.6344810056,95.6584471206
3981.3484961591,95.7563622750
3982.0625113127,95.6099294204
3982.7765264662,95.5294888186
3983.4905416198,95.5944876320
3984.2045567733,95.5523092566
3984.9185719269,95.5518033547
3985.6325870804,95.6372921309
3986.3466022339,95.5855185547
3987.0606173875,95.5108626224
3987.7746325410,95.5191860685
3988.4886476946,95.5805560558
3989.2026628481,95.6494031454
3989.9166780017,95.5543171267
3990.6306931552,95.5193547272
3991.3447083087,95.6803745808
3992.0587234623,95.5863252589
3992.7727386158,95.4359461283
3993.4867537694,95.5838846264
3994.2007689229,95.5906657769
3994.9147840765,95.5123593876
3995.6287992300,95.6639524853
3996.3428143835,95.6612551758
3997.0568295371,95.5115334607
3997.7708446906,95.5116381199
3998.4848598442,95.5066166510
3999.1988749977,95.5063528557
3999.9128901513,95.6207198989