399.8484859844,101.5620238153
400.5625011380,86.5045685798
401.2765162915,76.3561657286
401.9905314450,77.1741181259
402.7045465986,99.4184080246
403.4185617521,125.6538225058
404.1325769057,96.6265649415
404.8465920592,83.6890071471
405.5606072128,95.8781608665
406.2746223663,91.5654621419
406.9886375199,87.1565962759
407.7026526734,88.6681759109
408.4166678269,83.6673852440
409.1306829805,83.8202635930
409.8446981340,82.1024778480
410.5587132876,80.1504891800
411.2727284411,89.8676954217
411.9867435947,95.6821288110
412.7007587482,88.9043673981
413.4147739017,84.8205348239
414.1287890553,86.6876046548
414.8428042088,87.2471659511
415.5568193624,83.3773736601
416.2708345159,84.5641391160
416.9848496695,87.6058042214
417.6988648230,79.4398666358
418.4128799766,75.1913390066
419.1268951301,86.3358313565
419.8409102836,79.8249009340
420.5549254372,78.8789286427
421.2689405907,84.4167716553
421.9829557443,79.9735221962
422.6969708978,76.5011801139
423.4109860514,86.9438465157
424.1250012049,84.0598949037
424.8390163584,80.2526181233
425.5530315120,87.9853152206
426.2670466655,84.5307423721
426.9810618191,76.0132288835
427.6950769726,80.7136891191
428.4090921262,86.9340075588
429.1231072797,83.8530276864
429.8371224332,84.2116758279
430.5511375868,85.4216155890
431.2651527403,81.9511524902
431.9791678939,81.4573236530
432.6931830474,81.9188684291
433.4071982010,80.8162050166
434.1212133545,81.2215881078
434.8352285081,80.0191108584
435.5492436616,77.8766447014
436.2632588151,78.9027787443
436.9772739687,83.0574951194
437.6912891222,86.8270477966
438.4053042758,86.8373676895
439.1193194293,83.6953004636
439.8333345829,82.6177777075
440.5473497364,82.1374409255
441.2613648899,83.2806553927
441.9753800435,86.9656015022
442.6893951970,85.6261905979
443.4034103506,84.8206831568
444.1174255041,87.7500438237
444.8314406577,86.3649637693
445.5454558112,84.6466233121
446.2594709648,84.6379964408
446.9734861183,85.4147505277
447.6875012718,88.2428675890
448.4015164254,88.8468187602
449.1155315789,87.6061893618
449.8295467325,87.9870390731
450.5435618860,85.9182155807
451.2575770396,84.7020579771
451.9715921931,86.4789347046
452.6856073466,86.3321884429
453.3996225002,86.7011697901
454.1136376537,86.6635136113
454.8276528073,85.0448756035
455.5416679608,87.1650374008
456.2556831144,87.8582149304
456.9696982679,86.4713574330
457.6837134214,90.6667611273
458.3977285750,88.6276608410
459.1117437285,85.7378096432
459.8257588821,88.0777038350
460.5397740356,87.5390858336
461.2537891892,85.0537368690
461.9678043427,86.1169895584
462.6818194963,86.1188369969
463.3958346498,86.0960456181
464.1098498033,87.0170955521
464.8238649569,86.7373338399
465.5378801104,87.1937139087
466.2518952640,86.3922549000
466.9659104175,84.7600684579
467.6799255711,85.9436162674
468.3939407246,87.3847164110
469.1079558781,87.4398074799
469.8219710317,87.4035084829
470.5359861852,86.7382597939
471.2500013388,87.0722458174
471.9640164923,86.3831316093
472.6780316459,83.0088956954
473.3920467994,84.1013942667
474.1060619530,85.9346590828
474.8200771065,85.6165704367
475.5340922600,85.9486044615
476.2481074136,86.7452242053
476.9621225671,85.5612786034
477.6761377207,85.1411527723
478.3901528742,87.2175263705
479.1041680278,87.6275860718
479.8181831813,85.9776682965
480.5321983348,86.5421829524
481.2462134884,86.0754481276
481.9602286419,83.3551036726
482.6742437955,84.7253869797
483.3882589490,87.6114940544
484.1022741026,86.3964161428
484.8162892561,85.3589557506
485.5303044097,86.3472570629
486.2443195632,87.3745041366
486.9583347167,87.1010629844
487.6723498703,84.7647804746
488.3863650238,83.2292870007
489.1003801774,84.2873469450
489.8143953309,85.7064368116
490.5284104845,86.8643034278
491.2424256380,85.9086317341
491.9564407915,83.8206696782
492.6704559451,84.3649524465
493.3844710986,84.5088942110
494.0984862522,83.8784305560
494.8125014057,84.5959674377
495.5265165593,83.6862772778
496.2405317128,82.8491792927
496.9545468663,84.1406895405
497.6685620199,83.7204036239
498.3825771734,83.3486321864
499.0965923270,84.5171888202
499.8106074805,83.9906329906
500.5246226341,83.3249992114
501.2386377876,83.3409703721
501.9526529412,82.3259758072
502.6666680947,82.1836153622
503.3806832482,82.5362689651
504.0946984018,82.5746951653
504.8087135553,82.5933723911
505.5227287089,81.6144548859
506.2367438624,82.0706586490
506.9507590160,84.2104952282
507.6647741695,83.9051158285
508.3787893230,84.0272295776
509.0928044766,85.1017644123
509.8068196301,84.1996043308
510.5208347837,84.4559519564
511.2348499372,86.2970843438
511.9488650908,86.0999654296
512.6628802443,85.7793405271
513.3768953979,86.4550672497
514.0909105514,86.4738153462
514.8049257049,86.6250948620
515.5189408585,86.5614847700
516.2329560120,85.8396239573
516.9469711656,86.1976384034
517.6609863191,86.3026346448
518.3750014727,85.0822247878
519.0890166262,85.1758765820
519.8030317797,86.5487895350
520.5170469333,86.3060158104
521.2310620868,85.7740797677
521.9450772404,86.3453499947
522.6590923939,87.0277922997
523.3731075475,87.1581938572
524.0871227010,87.0264315678
524.8011378545,87.0468268725
525.5151530081,86.5351879791
526.2291681616,85.0543361652
526.9431833152,85.5300202730
527.6571984687,87.0361395782
528.3712136223,86.8244087180
529.0852287758,85.9715815873
529.7992439294,86.4508492264
530.5132590829,86.8981179935
531.2272742364,86.7251081091
531.9412893900,86.2646250712
532.6553045435,85.8803583468
533.3693196971,86.5439912496
534.0833348506,86.9191415021
534.7973500042,86.4160297560
535.5113651577,86.8473109063
536.2253803112,86.8841510923
536.9393954648,85.7530622667
537.6534106183,85.9567616963
538.3674257719,86.5046925277
539.0814409254,86.0566769095
539.7954560790,86.1221688743
540.5094712325,86.2357490123
541.2234863861,85.9886814790
541.9375015396,86.3630274866
542.6515166931,86.3562986784
543.3655318467,85.9837110407
544.0795470002,86.3854493889
544.7935621538,86.5053887731
545.5075773073,86.0329928446
546.2215924609,85.9401592271
546.9356076144,85.9173794077
547.6496227679,85.8078660890
548.3636379215,86.1123675253
549.0776530750,86.6021976642
549.7916682286,86.5603707095
550.5056833821,85.9236680626
551.2196985357,86.0659878752
551.9337136892,86.7759930619
552.6477288427,86.6059639798
553.3617439963,86.4294859791
554.0757591498,86.8796094239
554.7897743034,86.7758520970
555.5037894569,86.5924621738
556.2178046105,86.5663171143
556.9318197640,85.9810944841
557.6458349176,86.1192739946
558.3598500711,86.9567394477
559.0738652246,86.7553690021
559.7878803782,86.3737637445
560.5018955317,86.5825884147
561.2159106853,86.6127864631
561.9299258388,86.6748762962
562.6439409924,86.6160333381
563.3579561459,86.3169929897
564.0719712994,86.5802695914
564.7859864530,86.7106148373
565.5000016065,86.2939531474
566.2140167601,86.3423363356
566.9280319136,86.3830141790
567.6420470672,86.0898132377
568.3560622207,86.1870978125
569.0700773743,86.2478587215
569.7840925278,86.1465347501
570.4981076813,86.0910642850
571.2121228349,85.7787267423
571.9261379884,85.9797657930
572.6401531420,86.5946804912
573.3541682955,86.4248599420
574.0681834491,86.1233569707
574.7821986026,86.1354228116
575.4962137561,85.9471359892
576.2102289097,86.1901612301
576.9242440632,86.3904132629
577.6382592168,85.8555063584
578.3522743703,85.8285427399
579.0662895239,86.3421013933
579.7803046774,86.2714986179
580.4943198309,86.1042273202
581.2083349845,86.0555670250
581.9223501380,85.7841463566
582.6363652916,85.7971911745
583.3503804451,86.1612217080
584.0643955987,86.3649744922
584.7784107522,86.3969347448
585.4924259058,86.2462016435
586.2064410593,85.9217634702
586.9204562128,85.8154883255
587.6344713664,86.0951284878
588.3484865199,86.2110869528
589.0625016735,86.0402278606
589.7765168270,86.0859183694
590.4905319806,86.1560315290
591.2045471341,86.1587416071
591.9185622876,86.4526359413
592.6325774412,86.3556048963
593.3465925947,85.9292380890
594.0606077483,86.1355306300
594.7746229018,86.4963081418
595.4886380554,86.4271704285
596.2026532089,86.3567371571
596.9166683625,86.2821609644
597.6306835160,86.3207151196
598.3446986695,86.2588752805
599.0587138231,85.6354438322
599.7727289766,85.3642940994
600.4867441302,85.7906578352
601.2007592837,85.7646042521
601.9147744373,85.4731582917
602.6287895908,85.3214188014
603.3428047443,85.2024712135
604.0568198979,85.3487715847
604.7708350514,85.3719612252
605.4848502050,85.2491333517
606.1988653585,85.5432143685
606.9128805121,85.4639464565
607.6268956656,84.9630482248
608.3409108192,85.2506663398
609.0549259727,85.6702331140
609.7689411262,85.2731123107
610.4829562798,84.8506872483
611.1969714333,85.0327193349
611.9109865869,85.2886631424
612.6250017404,85.0325999306
613.3390168940,84.7100875358
614.0530320475,84.9106886629
614.7670472010,84.9852737875
615.4810623546,84.7570061100
616.1950775081,84.8409053015
616.9090926617,84.8805812408
617.6231078152,84.7979189263
618.3371229688,84.9800502154
619.0511381223,84.8179037805
619.7651532758,84.4750441243
620.4791684294,84.6953811567
621.1931835829,84.7966212728
621.9071987365,84.4827863414
622.6212138900,84.6540932939
623.3352290436,84.9438445689
624.0492441971,84.5458598526
624.7632593507,84.2149785960
625.4772745042,84.4801583890
626.1912896577,84.5316064779
626.9053048113,84.2586043865
627.6193199648,84.1211655708
628.3333351184,83.9568517225
629.0473502719,83.7873001128
629.7613654255,83.7648277588
630.4753805790,83.5948787567
631.1893957325,83.4455529068
631.9034108861,83.5902802765
632.6174260396,83.7876130080
633.3314411932,84.0442789440
634.0454563467,84.2100917629
634.7594715003,84.0725674516
635.4734866538,84.0204090953
636.1875018074,84.1542835048
636.9015169609,84.1371536965
637.6155321144,84.0740574168
638.3295472680,84.1077931207
639.0435624215,84.0889424542
639.7575775751,83.9952445300
640.4715927286,84.0625354869
641.1856078822,84.1854113132
641.8996230357,83.9010865407
642.6136381892,83.5364784553
643.3276533428,83.7073733018
644.0416684963,83.9217666271
644.7556836499,83.7273892286
645.4696988034,83.5886408959
646.1837139570,83.7417373416
646.8977291105,83.7613078063
647.6117442640,83.4949666383
648.3257594176,83.4247353614
649.0397745711,83.4683697991
649.7537897247,83.1092769057
650.4678048782,82.9603742249
651.1818200318,83.2503096164
651.8958351853,83.1786025068
652.6098503389,82.9683207982
653.3238654924,83.0016123021
654.0378806459,82.9645353434
654.7518957995,83.0178159399
655.4659109530,82.9255626041
656.1799261066,82.5289405926
656.8939412601,82.5188865005
657.6079564137,82.5460959427
658.3219715672,82.3335333815
659.0359867207,82.5526194785
659.7500018743,82.7223094752
660.4640170278,82.4573045809
661.1780321814,82.5543815948
661.8920473349,82.6407200961
662.6060624885,82.2220404574
663.3200776420,82.0392836824
664.0340927956,82.1312402345
664.7481079491,81.9294844362
665.4621231026,81.7358876956
666.1761382562,81.6701722500
666.8901534097,81.3208158609
667.6041685633,80.6340125623
668.3181837168,82.0379802021
669.0321988704,81.3931818809
669.7462140239,81.2991507570
670.4602291774,81.5017595527
671.1742443310,81.0188322673
671.8882594845,80.7340369178
672.6022746381,81.1417499004
673.3162897916,81.0514164166
674.0303049452,80.6338242042
674.7443200987,80.4136529193
675.4583352522,80.1991489370
676.1723504058,80.1080794648
676.8863655593,79.8894950720
677.6003807129,79.7348994892
678.3143958664,79.8986703505
679.0284110200,79.6148723327
679.7424261735,79.4885302873
680.4564413271,79.8575530510
681.1704564806,79.5054005484
681.8844716341,79.0317358058
682.5984867877,79.0814755948
683.3125019412,79.0231379848
684.0265170948,79.0760276774
684.7405322483,78.9187026144
685.4545474019,78.5290784495
686.1685625554,78.7105724735
686.8825777089,78.6816136077
687.5965928625,78.1999283178
688.3106080160,78.0577182379
689.0246231696,77.8893954861
689.7386383231,77.6687467534
690.4526534767,77.4355612808
691.1666686302,77.0091291157
691.8806837838,77.0045678289
692.5946989373,77.0395899220
693.3087140908,76.7393476752
694.0227292444,76.5776823019
694.7367443979,76.1455318554
695.4507595515,75.6122916018
696.1647747050,75.4835787740
696.8787898586,75.2912681945
697.5928050121,75.0834522552
698.3068201656,74.6757457439
699.0208353192,74.0334517748
699.7348504727,73.9349367742
700.4488656263,73.7327139239
701.1628807798,73.0446584831
701.8768959334,72.7587180829
702.5909110869,72.5997422509
703.3049262404,72.3966607333
704.0189413940,72.2221273487
704.7329565475,71.5496276078
705.4469717011,70.9725683875
706.1609868546,70.8065958231
706.8750020082,70.4046547611
707.5890171617,70.0137327724
708.3030323153,69.5619289784
709.0170474688,68.8071594192
709.7310626223,68.2975720664
710.4450777759,67.9222056813
711.1590929294,67.3374052823
711.8731080830,66.7131945658
712.5871232365,66.1082806923
713.3011383901,65.4267407198
714.0151535436,64.6497362976
714.7291686971,64.0133512958
715.4431838507,63.3357173325
716.1571990042,62.3065880022
716.8712141578,61.3971613246
717.5852293113,60.4893919030
718.2992444649,59.4485575462
719.0132596184,58.9284861398
719.7272747720,58.4196337807
720.4412899255,57.6946913547
721.1553050790,57.4993440989
721.8693202326,57.4180413389
722.5833353861,57.3093385785
723.2973505397,57.5559137300
724.0113656932,58.2931817632
724.7253808468,59.6077275363
725.4393960003,61.0631042547
726.1534111538,62.6967212406
726.8674263074,64.4958502658
727.5814414609,66.0158276349
728.2954566145,67.7268292553
729.0094717680,69.5392000969
729.7234869216,70.9773369557
730.4375020751,72.5559251522
731.1515172287,74.4420948745
731.8655323822,76.2273886431
732.5795475357,77.7338046856
733.2935626893,79.2934967520
734.0075778428,81.1531227250
734.7215929964,82.8655276405
735.4356081499,84.4573326147
736.1496233035,86.0231086454
736.8636384570,87.2933435508
737.5776536105,88.5893825202
738.2916687641,89.8080765672
739.0056839176,90.7125692271
739.7196990712,91.4614275363
740.4337142247,91.7556996881
741.1477293783,92.0450073711
741.8617445318,92.7190533011
742.5757596853,92.9498495169
743.2897748389,92.8613417731
744.0037899924,92.9334435816
744.7178051460,92.8197773581
745.4318202995,92.6458663118
746.1458354531,92.6205774602
746.8598506066,92.5821070816
747.5738657602,92.4796386584
748.2878809137,92.2735549468
749.0018960672,92.1345480227
749.7159112208,92.0802976540
750.4299263743,91.9870833615
751.1439415279,91.9721019257
751.8579566814,91.7641889924
752.5719718350,91.4211437657
753.2859869885,91.4486196054
754.0000021420,91.4525623762
754.7140172956,91.1938809962
755.4280324491,91.0671117041
756.1420476027,90.9882365897
756.8560627562,90.9400378042
757.5700779098,90.9034353901
758.2840930633,90.6908126672
758.9981082169,90.5576747331
759.7121233704,90.4664239278
760.4261385239,90.2959625842
761.1401536775,90.2161741514
761.8541688310,90.0071130170
762.5681839846,89.8232822975
763.2821991381,89.9134068470
763.9962142917,89.8398165584
764.7102294452,89.6830016299
765.4242445987,89.5738826511
766.1382597523,89.2980048245
766.8522749058,89.2658257710
767.5662900594,89.3808032465
768.2803052129,89.1214951507
768.9943203665,88.8891848616
769.7083355200,88.9365476543
770.4223506735,88.9223121354
771.1363658271,88.7336134209
771.8503809806,88.5382501950
772.5643961342,88.4888311132
773.2784112877,88.3464082614
773.9924264413,88.1545628956
774.7064415948,88.2611629556
775.4204567484,88.2614310880
776.1344719019,87.9811603717
776.8484870554,87.8488722652
777.5625022090,87.7854316473
778.2765173625,87.6842269782
778.9905325161,87.5215619914
779.7045476696,87.3690669416
780.4185628232,87.4737276075
781.1325779767,87.3190898585
781.8465931302,86.9020198814
782.5606082838,86.9742266966
783.2746234373,86.9996111938
783.9886385909,86.6705820871
784.7026537444,86.5645306136
785.4166688980,86.3637379262
786.1306840515,86.0675590628
786.8446992051,85.9621084375
787.5587143586,85.7621713323
788.2727295121,85.7585153272
788.9867446657,85.8074839312
789.7007598192,85.4412894016
790.4147749728,85.2592176710
791.1287901263,85.2126315034
791.8428052799,84.9086346047
792.5568204334,84.8907334112
793.2708355869,85.1132146925
793.9848507405,85.2675178153
794.6988658940,85.6012048725
795.4128810476,86.0899092089
796.1268962011,86.5046063265
796.8409113547,86.6755204143
797.5549265082,86.7495850979
798.2689416617,86.9504208189
798.9829568153,87.0271533776
799.6969719688,87.0813353384
800.4109871224,87.2268356445
801.1250022759,87.0773909198
801.8390174295,86.9512286803
802.5530325830,87.0180942176
803.2670477366,86.8823178865
803.9810628901,86.9291000208
804.6950780436,87.1650068819
805.4090931972,87.1480335638
806.1231083507,87.2098912706
806.8371235043,87.1827622809
807.5511386578,86.8699245289
808.2651538114,86.8698091937
808.9791689649,86.9572110204
809.6931841184,86.8808217943
810.4071992720,87.0064966234
811.1212144255,86.9838271097
811.8352295791,86.8523888990
812.5492447326,87.0619341746
813.2632598862,87.0300619302
813.9772750397,86.8033423222
814.6912901933,87.0184331020
815.4053053468,87.1014710217
816.1193205003,86.8970048647
816.8333356539,86.9797637004
817.5473508074,86.9774200380
818.2613659610,86.7532107533
818.9753811145,86.7379764528
819.6893962681,86.7636723970
820.4034114216,86.7769089123
821.1174265751,86.7831586723
821.8314417287,86.5363559854
822.5454568822,86.3512808016
823.2594720358,86.3746852742
823.9734871893,86.3280326953
824.6875023429,86.2633233617
825.4015174964,86.0760102824
826.1155326499,85.8612764800
826.8295478035,85.8841358908
827.5435629570,85.7156477047
828.2575781106,85.5261141587
828.9715932641,85.7770098674
829.6856084177,85.6775231743
830.3996235712,85.1045484645
831.1136387248,84.9491935785
831.8276538783,85.0784260734
832.5416690318,84.9705350131
833.2556841854,84.6209431933
833.9696993389,84.3142686289
834.6837144925,84.2990296672
835.3977296460,84.2125942234
836.1117447996,83.8642451087
836.8257599531,83.6695124469
837.5397751066,83.4888203104
838.2537902602,83.1004297328
838.9678054137,82.8297622706
839.6818205673,82.6896083666
840.3958357208,82.5182752861
841.1098508744,82.4293847938
841.8238660279,82.3020193757
842.5378811815,81.8975155273
843.2518963350,81.5151792613
843.9659114885,81.4061495524
844.6799266421,81.2531959767
845.3939417956,81.1357415800
846.1079569492,81.2184069306
846.8219721027,81.1222116168
847.5359872563,81.1549759891
848.2500024098,81.5041780246
848.9640175633,81.4929824215
849.6780327169,81.4846898208
850.3920478704,81.9018681867
851.1060630240,82.1526927823
851.8200781775,82.3721348188
852.5340933311,82.6569430512
853.2481084846,82.6336991097
853.9621236381,82.6785531357
854.6761387917,82.9160517893
855.3901539452,83.1021854104
856.1041690988,83.2609753112
856.8181842523,83.2201089735
857.5321994059,83.2057984286
858.2462145594,83.4713490211
858.9602297130,83.5738421958
859.6742448665,83.4241795017
860.3882600200,83.2513622714
861.1022751736,83.1579771935
861.8162903271,83.1417006782
862.5303054807,82.9663991524
863.2443206342,82.8018580860
863.9583357878,82.7233597601
864.6723509413,82.3295526563
865.3863660948,81.8688067681
866.1003812484,81.4235193188
866.8143964019,80.7390154393
867.5284115555,80.1794267094
868.2424267090,79.4232170787
868.9564418626,78.1412940683
869.6704570161,77.1088579586
870.3844721697,76.2105315990
871.0984873232,75.2194725085
871.8125024767,75.1620140283
872.5265176303,76.3676807377
873.2405327838,78.1851425996
873.9545479374,80.0491401524
874.6685630909,81.5522391964
875.3825782445,82.5024801559
876.0965933980,83.0388777173
876.8106085515,83.4965428321
877.5246237051,84.0648465804
878.2386388586,84.6109999423
878.9526540122,85.0024310703
879.6666691657,85.2474850976
880.3806843193,85.5298332435
881.0946994728,85.9303036307
881.8087146264,86.1451869398
882.5227297799,86.2364027272
883.2367449334,86.5128000986
883.9507600870,86.7003974888
884.6647752405,86.6852526969
885.3787903941,86.7705570703
886.0928055476,86.9379029706
886.8068207012,86.9995122974
887.5208358547,86.8995612515
888.2348510082,86.7868006663
888.9488661618,86.8059062164
889.6628813153,86.8304220275
890.3768964689,86.8901639465
891.0909116224,86.9589703262
891.8049267760,86.8088867570
892.5189419295,86.6863288192
893.2329570830,86.7044364131
893.9469722366,86.5789494336
894.6609873901,86.4692034131
895.3750025437,86.4211174460
896.0890176972,86.2625017464
896.8030328508,86.2072202072
897.5170480043,86.2011946703
898.2310631579,86.0646864199
898.9450783114,86.0512958101
899.6590934649,86.1519127752
900.3731086185,86.1304348765
901.0871237720,86.1244749903
901.8011389256,86.2478683857
902.5151540791,86.3130259162
903.2291692327,86.2530858814
903.9431843862,86.2593690123
904.6571995397,86.4116920362
905.3712146933,86.5563845126
906.0852298468,86.5764491084
906.7992450004,86.5883779397
907.5132601539,86.7498871446
908.2272753075,86.9383088643
908.9412904610,87.0083927739
909.6553056146,87.0302629198
910.3693207681,87.0459319005
911.0833359216,87.0843234732
911.7973510752,87.1258514971
912.5113662287,87.1310887479
913.2253813823,87.2329736861
913.9393965358,87.2910754520
914.6534116894,87.1804495042
915.3674268429,87.2481531496
916.0814419964,87.3578998800
916.7954571500,87.2908407061
917.5094723035,87.3773902427
918.2234874571,87.4309271530
918.9375026106,87.3543322327
919.6515177642,87.4526489653
920.3655329177,87.3355499411
921.0795480712,87.1045263401
921.7935632248,87.3161090842
922.5075783783,87.4824748241
923.2215935319,87.4421208255
923.9356086854,87.5379224305
924.6496238390,87.5571456819
925.3636389925,87.6342916768
926.0776541461,87.8345124865
926.7916692996,87.7388471722
927.5056844531,87.6302007907
928.2196996067,87.8232892676
928.9337147602,88.0080125329
929.6477299138,88.1262573935
930.3617450673,88.2760808469
931.0757602209,88.3679527172
931.7897753744,88.4098581491
932.5037905279,88.5786960681
933.2178056815,88.8581024547
933.9318208350,88.9715655619
934.6458359886,89.0256275077
935.3598511421,89.2498535079
936.0738662957,89.4130475173
936.7878814492,89.5456900649
937.5018966028,89.8434112038
938.2159117563,90.0389115012
938.9299269098,90.0517614260
939.6439420634,90.1034521761
940.3579572169,90.1944622188
941.0719723705,90.2520602482
941.7859875240,90.2963952813
942.5000026776,90.3590552857
943.2140178311,90.3432747668
943.9280329846,90.2486870500
944.6420481382,90.2983316160
945.3560632917,90.3973988128
946.0700784453,90.3356191183
946.7840935988,90.2688832423
947.4981087524,90.2661835525
948.2121239059,90.2533224629
948.9261390594,90.3006430489
949.6401542130,90.4866213273
950.3541693665,90.6880679270
951.0681845201,90.6984600165
951.7821996736,90.6938032262
952.4962148272,90.7160309265
953.2102299807,90.5209445565
953.9242451343,90.5345171975
954.6382602878,90.6154721959
955.3522754413,90.0185174399
956.0662905949,89.7365701657
956.7803057484,90.2979224702
957.4943209020,90.1411981484
958.2083360555,89.2524648038
958.9223512091,88.7973084710
959.6363663626,88.5060883580
960.3503815161,88.1120773240
961.0643966697,87.7909952028
961.7784118232,87.5467562015
962.4924269768,87.4664391055
963.2064421303,87.3771407418
963.9204572839,87.1962823788
964.6344724374,87.0898554372
965.3484875910,86.8967876690
966.0625027445,86.6396373450
966.7765178980,86.4717309129
967.4905330516,86.2189043040
968.2045482051,85.8940845058
968.9185633587,85.6471359673
969.6325785122,85.4722983454
970.3465936658,85.2854614003
971.0606088193,85.0416373245
971.7746239728,84.9437385596
972.4886391264,84.9755965397
973.2026542799,84.8357047042
973.9166694335,84.6853721787
974.6306845870,84.7620812637
975.3446997406,84.8245009225
976.0587148941,84.7486539485
976.7727300476,84.7221562796
977.4867452012,84.7432427252
978.2007603547,84.6734503518
978.9147755083,84.6400447384
979.6287906618,84.6966513668
980.3428058154,84.5946524868
981.0568209689,84.3980421005
981.7708361225,84.3466481447
982.4848512760,84.3165676748
983.1988664295,84.2209240872
983.9128815831,84.1233260724
984.6268967366,84.0117049537
985.3409118902,83.8973441905
986.0549270437,83.7389079338
986.7689421973,83.5557677342
987.4829573508,83.4732650189
988.1969725043,83.4359911560
988.9109876579,83.3722788832
989.6250028114,83.2952251803
990.3390179650,83.2263586458
991.0530331185,83.2728009787
991.7670482721,83.3534584221
992.4810634256,83.2898102681
993.1950785792,83.1954535976
993.9090937327,83.1232703116
994.6231088862,82.9623694976
995.3371240398,82.8239270100
996.0511391933,82.7846484199
996.7651543469,82.6567901968
997.4791695004,82.4463151346
998.1931846540,82.3251430260
998.9071998075,82.1608007844
999.6212149610,81.9192873121
1000.3352301146,81.8345962337
1001.0492452681,81.7126463352
1001.7632604217,81.3934616437
1002.4772755752,81.2184120279
1003.1912907288,81.1183805391
1003.9053058823,80.8224911367
1004.6193210359,80.5514234053
1005.3333361894,80.3516886755
1006.0473513429,80.0000786706
1006.7613664965,79.6192911310
1007.4753816500,79.4112881984
1008.1893968036,79.1480865195
1008.9034119571,78.6012243285
1009.6174271107,78.0901974208
1010.3314422642,77.6877864732
1011.0454574177,77.0251107372
1011.7594725713,76.3076630990
1012.4734877248,75.6776265179
1013.1875028784,74.8180151114
1013.9015180319,73.9840906123
1014.6155331855,73.3790720660
1015.3295483390,72.7962108462
1016.0435634925,72.4190148666
1016.7575786461,72.3590914696
1017.4715937996,72.6030715161
1018.1856089532,73.1845242132
1018.8996241067,73.8831464322
1019.6136392603,74.6749095909
1020.3276544138,75.4989976988
1021.0416695674,76.2144972351
1021.7556847209,76.9003020771
1022.4696998744,77.4347240863
1023.1837150280,78.1300739313
1023.8977301815,79.3282887884
1024.6117453351,80.5204944529
1025.3257604886,81.7425227322
1026.0397756422,83.0346144263
1026.7537907957,83.7252538923
1027.4678059492,84.0466238682
1028.1818211028,84.3306877674
1028.8958362563,84.3255691855
1029.6098514099,84.2434422046
1030.3238665634,84.0931055262
1031.0378817170,83.8126165871
1031.7518968705,83.6730506398
1032.4659120241,83.4969938899
1033.1799271776,83.2685014820
1033.8939423311,83.0886766077
1034.6079574847,82.7866511102
1035.3219726382,82.6292746673
1036.0359877918,82.5758155076
1036.7500029453,82.3470736347
1037.4640180989,82.2109543973
1038.1780332524,82.0932613903
1038.8920484059,81.9230323258
1039.6060635595,81.8654795568
1040.3200787130,81.6800523145
1041.0340938666,81.5523890360
1041.7481090201,81.6377975908
1042.4621241737,81.5637202809
1043.1761393272,81.5058563999
1043.8901544807,81.5591465611
1044.6041696343,81.5512538348
1045.3181847878,81.6698318915
1046.0321999414,81.7688240623
1046.7462150949,81.7231944181
1047.4602302485,81.7637061997
1048.1742454020,81.8552245953
1048.8882605556,81.9197832761
1049.6022757091,81.9095558331
1050.3162908626,81.8991239137
1051.0303060162,82.0108418195
1051.7443211697,82.0265392617
1052.4583363233,82.0640862929
1053.1723514768,82.2947596221
1053.8863666304,82.3566444641
1054.6003817839,82.2411543068
1055.3143969374,82.1216645878
1056.0284120910,82.0775277236
1056.7424272445,82.2148227616
1057.4564423981,82.2005861532
1058.1704575516,82.0584552731
1058.8844727052,82.0978798443
1059.5984878587,82.0159577417
1060.3125030123,81.8503025477
1061.0265181658,81.7644934157
1061.7405333193,81.5200398738
1062.4545484729,81.2837517216
1063.1685636264,81.1497408001
1063.8825787800,81.0241708320
1064.5965939335,80.8816194150
1065.3106090871,80.5471278064
1066.0246242406,80.3309624208
1066.7386393941,80.3143714446
1067.4526545477,80.1248695730
1068.1666697012,80.0475278336
1068.8806848548,79.9027868973
1069.5947000083,79.4166215898
1070.3087151619,79.2282061369
1071.0227303154,79.0985047866
1071.7367454689,78.6588900669
1072.4507606225,78.4092565677
1073.1647757760,78.1426164943
1073.8787909296,77.5452333022
1074.5928060831,76.9059775386
1075.3068212367,76.4819427161
1076.0208363902,76.2256850892
1076.7348515438,75.5988974842
1077.4488666973,74.9199274755
1078.1628818508,74.7586919642
1078.8768970044,74.3186388282
1079.5909121579,73.6638049522
1080.3049273115,73.4887046623
1081.0189424650,73.2066493449
1081.7329576186,72.7392075497
1082.4469727721,72.4236563519
1083.1609879256,72.0729826841
1083.8750030792,71.8157173902
1084.5890182327,71.6128523257
1085.3030333863,71.4733437178
1086.0170485398,71.5113319236
1086.7310636934,71.2961753968
1087.4450788469,70.9058432359
1088.1590940005,70.7261924114
1088.8731091540,70.6869098998
1089.5871243075,70.7039047285
1090.3011394611,70.5165837749
1091.0151546146,70.2094499092
1091.7291697682,70.1080494545
1092.4431849217,70.0078414501
1093.1572000753,69.9199901625
1093.8712152288,69.8609949600
1094.5852303823,69.7173926587
1095.2992455359,69.7317441791
1096.0132606894,69.7667697331
1096.7272758430,69.7680215339
1097.4412909965,69.9704444846
1098.1553061501,70.1625565646
1098.8693213036,70.2692627493
1099.5833364571,70.2842908951
1100.2973516107,70.4041479961
1101.0113667642,70.9078874241
1101.7253819178,71.1347536642
1102.4393970713,71.1622473717
1103.1534122249,71.6532481657
1103.8674273784,71.9813112498
1104.5814425320,72.2015956893
1105.2954576855,72.7508190959
1106.0094728390,73.0726000463
1106.7234879926,73.4155784075
1107.4375031461,73.8518314155
1108.1515182997,73.9391520987
1108.8655334532,74.2361640188
1109.5795486068,74.6062803593
1110.2935637603,74.6253464009
1111.0075789138,74.8254862364
1111.7215940674,75.0724147697
1112.4356092209,75.1637190940
1113.1496243745,75.4062748282
1113.8636395280,75.6420610652
1114.5776546816,75.7483934061
1115.2916698351,75.6731144955
1116.0056849887,75.5532951523
1116.7197001422,75.6599108703
1117.4337152957,75.6368004768
1118.1477304493,75.5362539155
1118.8617456028,75.6920339616
1119.5757607564,75.8348694494
1120.2897759099,76.0503928013
1121.0037910635,76.3320817985
1121.7178062170,76.4894201723
1122.4318213705,76.8592799136
1123.1458365241,77.2938712849
1123.8598516776,77.5829381666
1124.5738668312,77.9652972088
1125.2878819847,78.3869758786
1126.0018971383,78.9745248444
1126.7159122918,79.6113922578
1127.4299274454,80.0055370910
1128.1439425989,80.6356493666
1128.8579577524,81.3937733709
1129.5719729060,81.8124335324
1130.2859880595,82.3863281599
1131.0000032131,83.1920041511
1131.7140183666,83.8780449108
1132.4280335202,84.6243574451
1133.1420486737,85.3920979303
1133.8560638272,86.0642128123
1134.5700789808,86.8709038313
1135.2840941343,87.7689473431
1135.9981092879,88.5556801529
1136.7121244414,89.3412748938
1137.4261395950,90.1052106012
1138.1401547485,90.6028135175
1138.8541699020,91.0893492666
1139.5681850556,91.8249656338
1140.2822002091,92.4492748824
1140.9962153627,92.8898858460
1141.7102305162,93.3898202181
1142.4242456698,93.8706905039
1143.1382608233,94.3598476132
1143.8522759769,94.8893881967
1144.5662911304,95.3424279402
1145.2803062839,95.7255881669
1145.9943214375,95.9824373277
1146.7083365910,96.2787819713
1147.4223517446,96.7555494117
1148.1363668981,97.0489704997
1148.8503820517,97.2281281952
1149.5643972052,97.5294125152
1150.2784123587,97.6643445424
1150.9924275123,97.7490803114
1151.7064426658,97.9835721061
1152.4204578194,98.1022184955
1153.1344729729,98.1512472391
1153.8484881265,98.2027701678
1154.5625032800,98.1697137663
1155.2765184336,98.2026785676
1155.9905335871,98.2538925079
1156.7045487406,98.1854661353
1157.4185638942,98.0619266861
1158.1325790477,97.9274541953
1158.8465942013,97.8381569642
1159.5606093548,97.7426274658
1160.2746245084,97.6235279494
1160.9886396619,97.5874724080
1161.7026548154,97.5011079284
1162.4166699690,97.3557777678
1163.1306851225,97.2486828631
1163.8447002761,97.0520725697
1164.5587154296,96.8204138459
1165.2727305832,96.5115777651
1165.9867457367,96.1006568608
1166.7007608902,95.9207524535
1167.4147760438,95.7166464923
1168.1287911973,95.2183818608
1168.8428063509,94.8147271341
1169.5568215044,94.3726214307
1170.2708366580,93.8553898439
1170.9848518115,93.6760003774
1171.6988669651,93.4508491845
1172.4128821186,92.9872410283
1173.1268972721,92.7408390363
1173.8409124257,92.5739468347
1174.5549275792,92.3069820325
1175.2689427328,92.1460303897
1175.9829578863,92.0560936881
1176.6969730399,91.9089950469
1177.4109881934,91.7179326981
1178.1250033469,91.5505144635
1178.8390185005,91.4114887844
1179.5530336540,91.2753848949
1180.2670488076,91.1579917169
1180.9810639611,90.9816060899
1181.6950791147,90.7761693627
1182.4090942682,90.6189929134
1183.1231094218,90.3949709320
1183.8371245753,90.1873077663
1184.5511397288,90.0385109815
1185.2651548824,89.7462544587
1185.9791700359,89.4250433295
1186.6931851895,89.1604086392
1187.4072003430,88.8368691216
1188.1212154966,88.5650008338
1188.8352306501,88.3299419299
1189.5492458036,88.0364960596
1190.2632609572,87.7616597224
1190.9772761107,87.4861650352
1191.6912912643,87.1822892864
1192.4053064178,86.8503089028
1193.1193215714,86.5325650519
1193.8333367249,86.3220917104
1194.5473518784,86.0823929544
1195.2613670320,85.7476781954
1195.9753821855,85.4157284849
1196.6893973391,85.0803640445
1197.4034124926,84.8225866268
1198.1174276462,84.5757013117
1198.8314427997,84.2204744466
1199.5454579533,83.9520406282
1200.2594731068,83.7100592405
1200.9734882603,83.3577314607
1201.6875034139,83.0759044955
1202.4015185674,82.8447274552
1203.1155337210,82.5951853141
1203.8295488745,82.3269635107
1204.5435640281,81.9833288152
1205.2575791816,81.7072434574
1205.9715943351,81.5000325904
1206.6856094887,81.2300516393
1207.3996246422,80.9454484096
1208.1136397958,80.6289329318
1208.8276549493,80.3629190596
1209.5416701029,80.1661818385
1210.2556852564,79.8398619753
1210.9697004100,79.5136337050
1211.6837155635,79.2827307850
1212.3977307170,79.0285531516
1213.1117458706,78.7975502675
1213.8257610241,78.4932673654
1214.5397761777,78.1274428974
1215.2537913312,77.8556357233
1215.9678064848,77.5252099352
1216.6818216383,77.1618006670
1217.3958367918,76.8443449312
1218.1098519454,76.4288975219
1218.8238670989,76.0342782494
1219.5378822525,75.7393545950
1220.2518974060,75.4589014255
1220.9659125596,75.1798151817
1221.6799277131,74.8339487714
1222.3939428666,74.5496948114
1223.1079580202,74.3842530176
1223.8219731737,74.1486902534
1224.5359883273,73.8789922293
1225.2500034808,73.5939585732
1225.9640186344,73.3226649982
1226.6780337879,73.1409309945
1227.3920489415,72.8584651599
1228.1060640950,72.5349042554
1228.8200792485,72.2385296613
1229.5340944021,71.7461624925
1230.2481095556,71.3002420928
1230.9621247092,71.0535803237
1231.6761398627,70.6790141184
1232.3901550163,70.1965334089
1233.1041701698,69.8112769606
1233.8181853233,69.5374928897
1234.5322004769,69.2759375769
1235.2462156304,68.9774535513
1235.9602307840,68.7334721077
1236.6742459375,68.5063041623
1237.3882610911,68.3553783915
1238.1022762446,68.3090179749
1238.8162913982,68.1539449232
1239.5303065517,68.1055752623
1240.2443217052,68.2223727522
1240.9583368588,68.2239930488
1241.6723520123,68.3520945289
1242.3863671659,68.5607158922
1243.1003823194,68.6386455104
1243.8143974730,68.8341350307
1244.5284126265,69.0718480541
1245.2424277800,69.3601249351
1245.9564429336,69.7427444103
1246.6704580871,69.9802157582
1247.3844732407,70.3671259329
1248.0984883942,70.8757819372
1248.8125035478,71.1728326486
1249.5265187013,71.5663859077
1250.2405338549,71.9772221584
1250.9545490084,72.3404997565
1251.6685641619,72.7765052781
1252.3825793155,72.8099200732
1253.0965944690,72.8005627924
1253.8106096226,73.1454427970
1254.5246247761,73.2538097729
1255.2386399297,73.3395279657
1255.9526550832,73.5431085616
1256.6666702367,73.4736249953
1257.3806853903,73.5579533952
1258.0947005438,73.7760883404
1258.8087156974,73.8188341812
1259.5227308509,74.0325535481
1260.2367460045,74.2972181760
1260.9507611580,74.4706054511
1261.6647763115,74.7426868524
1262.3787914651,75.0098996790
1263.0928066186,75.3469393428
1263.8068217722,75.7098207687
1264.5208369257,75.9116744220
1265.2348520793,76.1813932470
1265.9488672328,76.5580080213
1266.6628823864,76.8845806717
1267.3768975399,77.2181811549
1268.0909126934,77.5609581707
1268.8049278470,77.8720571165
1269.5189430005,78.1916443344
1270.2329581541,78.5590519017
1270.9469733076,78.8647219339
1271.6609884612,79.0596873418
1272.3750036147,79.3574628032
1273.0890187682,79.6779345007
1273.8030339218,79.8696968412
1274.5170490753,80.1663752145
1275.2310642289,80.4985745698
1275.9450793824,80.6770843572
1276.6590945360,80.8867111576
1277.3731096895,81.1619530350
1278.0871248431,81.4288447298
1278.8011399966,81.6834794156
1279.5151551501,81.8917889087
1280.2291703037,82.1154648511
1280.9431854572,82.3631667169
1281.6572006108,82.6254450141
1282.3712157643,82.9099613224
1283.0852309179,83.1536766821
1283.7992460714,83.4218062290
1284.5132612249,83.6751203799
1285.2272763785,83.8776480026
1285.9412915320,84.1837213325
1286.6553066856,84.4513071953
1287.3693218391,84.6753645238
1288.0833369927,85.0625003739
1288.7973521462,85.3694351867
1289.5113672997,85.5878025935
1290.2253824533,85.9196542952
1290.9393976068,86.2298328556
1291.6534127604,86.5432305783
1292.3674279139,86.8740373562
1293.0814430675,87.1700952885
1293.7954582210,87.5595624645
1294.5094733746,87.9398848327
1295.2234885281,88.2582495102
1295.9375036816,88.5864041374
1296.6515188352,88.8759615266
1297.3655339887,89.2573688116
1298.0795491423,89.6841992924
1298.7935642958,90.0017329705
1299.5075794494,90.3639295265
1300.2215946029,90.7448547358
1300.9356097564,91.0241475854
1301.6496249100,91.2664708300
1302.3636400635,91.4972353012
1303.0776552171,91.7086955288
1303.7916703706,91.8843635547
1304.5056855242,92.0710823682
1305.2197006777,92.2529829590
1305.9337158313,92.3495411587
1306.6477309848,92.5042263631
1307.3617461383,92.6812642786
1308.0757612919,92.7652836977
1308.7897764454,92.9189085543
1309.5037915990,93.0601658599
1310.2178067525,93.1975709036
1310.9318219061,93.4218834142
1311.6458370596,93.4166094748
1312.3598522131,93.4031728530
1313.0738673667,93.6900208608
1313.7878825202,93.8075483120
1314.5018976738,93.8456678173
1315.2159128273,94.0286490433
1315.9299279809,94.0632230144
1316.6439431344,94.0813364049
1317.3579582879,94.2202338356
1318.0719734415,94.2847669900
1318.7859885950,94.3098652749
1319.5000037486,94.3803878206
1320.2140189021,94.4988919708
1320.9280340557,94.5697872957
1321.6420492092,94.6204833183
1322.3560643628,94.7448369643
1323.0700795163,94.7323030245
1323.7840946698,94.7262408827
1324.4981098234,94.8600481231
1325.2121249769,94.7671616799
1325.9261401305,94.6642610442
1326.6401552840,94.6757239473
1327.3541704376,94.5234495503
1328.0681855911,94.4061801520
1328.7822007446,94.2028484653
1329.4962158982,93.8913265996
1330.2102310517,93.7097058451
1330.9242462053,93.2626413987
1331.6382613588,92.6818062059
1332.3522765124,92.1474918507
1333.0662916659,91.3674584536
1333.7803068195,90.6346147910
1334.4943219730,89.8707803145
1335.2083371265,88.9068188394
1335.9223522801,88.0405502218
1336.6363674336,87.2687674941
1337.3503825872,86.6588905852
1338.0643977407,86.1386075845
1338.7784128943,85.7029989264
1339.4924280478,85.5715208421
1340.2064432013,85.6645491468
1340.9204583549,86.1359521287
1341.6344735084,86.8128172314
1342.3484886620,87.5405378409
1343.0625038155,88.4092922997
1343.7765189691,89.3516484664
1344.4905341226,90.3437293444
1345.2045492761,91.1982238560
1345.9185644297,92.0290766112
1346.6325795832,92.9351166431
1347.3465947368,93.5818786482
1348.0606098903,94.1445792352
1348.7746250439,94.6597740302
1349.4886401974,94.9997656188
1350.2026553510,95.3967436085
1350.9166705045,95.7017284765
1351.6306856580,95.9407204711
1352.3447008116,96.2101172286
1353.0587159651,96.3193849646
1353.7727311187,96.4900320677
1354.4867462722,96.6955040463
1355.2007614258,96.7775764305
1355.9147765793,96.9393079011
1356.6287917328,97.0004013815
1357.3428068864,96.9581154082
1358.0568220399,97.0317050625
1358.7708371935,97.0915372492
1359.4848523470,97.1319945825
1360.1988675006,97.0325075803
1360.9128826541,96.8652436533
1361.6268978077,96.9728299473
1362.3409129612,96.7285293077
1363.0549281147,96.3308006578
1363.7689432683,96.8662219252
1364.4829584218,96.9689735249
1365.1969735754,96.7555387525
1365.9109887289,96.8558344965
1366.6250038825,96.8270662093
1367.3390190360,96.7148860217
1368.0530341895,96.7740762533
1368.7670493431,96.7962026304
1369.4810644966,97.0477524597
1370.1950796502,97.3206647366
1370.9090948037,97.4939313554
1371.6231099573,97.8988548341
1372.3371251108,98.1627549111
1373.0511402643,98.1654044372
1373.7651554179,98.1970252894
1374.4791705714,98.4738567749
1375.1931857250,98.8827100050
1375.9072008785,99.1295259063
1376.6212160321,99.3055291385
1377.3352311856,99.5891641421
1378.0492463392,99.7693180144
1378.7632614927,99.9452549664
1379.4772766462,100.1778535971
1380.1912917998,100.3482538678
1380.9053069533,100.5426212050
1381.6193221069,100.5951422571
1382.3333372604,100.5275782896
1383.0473524140,100.3602925890
1383.7613675675,99.9795759170
1384.4753827210,99.9419107729
1385.1893978746,100.1101224626
1385.9034130281,99.8850540355
1386.6174281817,99.6752731316
1387.3314433352,99.6695053877
1388.0454584888,99.8054848090
1388.7594736423,99.8569848000
1389.4734887959,99.5438067276
1390.1875039494,99.3534532807
1390.9015191029,99.6377894856
1391.6155342565,99.7310387576
1392.3295494100,99.7422249313
1393.0435645636,99.5662700738
1393.7575797171,98.9445442700
1394.4715948707,98.6039567970
1395.1856100242,98.4843320496
1395.8996251777,97.9757027566
1396.6136403313,97.7187810874
1397.3276554848,97.2598379148
1398.0416706384,96.6125248849
1398.7556857919,96.2006419117
1399.4697009455,95.5753348938
1400.1837160990,95.1270838074
1400.8977312526,94.5065629596
1401.6117464061,93.5353596549
1402.3257615596,93.0712833711
1403.0397767132,92.3043712266
1403.7537918667,91.2058411493
1404.4678070203,90.5340618091
1405.1818221738,89.4592771011
1405.8958373274,88.9009404573
1406.6098524809,88.4208107155
1407.3238676344,87.4268519445
1408.0378827880,87.3627230878
1408.7518979415,87.1456524269
1409.4659130951,86.9574297527
1410.1799282486,87.7356835410
1410.8939434022,87.7930297295
1411.6079585557,88.4457592026
1412.3219737092,89.6846474506
1413.0359888628,90.1522034130
1413.7500040163,91.2188826219
1414.4640191699,92.1153010330
1415.1780343234,92.6104827405
1415.8920494770,93.4619204655
1416.6060646305,93.8329194406
1417.3200797841,94.2141733938
1418.0340949376,94.5716979886
1418.7481100911,94.1649659676
1419.4621252447,94.8117772899
1420.1761403982,95.7318258428
1420.8901555518,95.4574181301
1421.6041707053,95.6139109614
1422.3181858589,95.7834798400
1423.0322010124,95.4487854386
1423.7462161659,95.3943031940
1424.4602313195,95.6974953572
1425.1742464730,95.5994648170
1425.8882616266,95.5042518674
1426.6022767801,95.4892223778
1427.3162919337,95.3947013354
1428.0303070872,95.2847827528
1428.7443222408,95.1633897178
1429.4583373943,95.0189370079
1430.1723525478,94.9891213240
1430.8863677014,94.9352029412
1431.6003828549,94.7568951514
1432.3143980085,94.5960091330
1433.0284131620,94.5107221739
1433.7424283156,94.4931559779
1434.4564434691,94.5485144795
1435.1704586226,94.2566490822
1435.8844737762,93.6504223609
1436.5984889297,93.6499033830
1437.3125040833,94.4673879133
1438.0265192368,94.0884439104
1438.7405343904,94.0298631188
1439.4545495439,94.1399090351
1440.1685646974,93.9833642083
1440.8825798510,94.0227646905
1441.5965950045,94.0779633544
1442.3106101581,93.8976311410
1443.0246253116,93.8522002139
1443.7386404652,93.8645164026
1444.4526556187,93.8526618805
1445.1666707723,93.8616316107
1445.8806859258,93.7966877234
1446.5947010793,93.7402636170
1447.3087162329,93.5868264919
1448.0227313864,93.5471685983
1448.7367465400,93.8292481405
1449.4507616935,93.7794783201
1450.1647768471,93.7540603806
1450.8787920006,93.8055378655
1451.5928071541,93.5149607317
1452.3068223077,93.5230114398
1453.0208374612,93.8566447285
1453.7348526148,93.6873899985
1454.4488677683,93.5971388215
1455.1628829219,93.7212970225
1455.8768980754,93.4725802324
1456.5909132290,93.6690540022
1457.3049283825,94.5657016140
1458.0189435360,94.3514788843
1458.7329586896,94.4731778896
1459.4469738431,94.6242627727
1460.1609889967,94.8286948486
1460.8750041502,95.1156612195
1461.5890193038,95.1724720436
1462.3030344573,95.3773640790
1463.0170496108,95.4890497675
1463.7310647644,95.1098198164
1464.4450799179,94.6341252739
1465.1590950715,94.2670576462
1465.8731102250,94.1074927719
1466.5871253786,93.7603687165
1467.3011405321,93.4029433341
1468.0151556856,93.3703307553
1468.7291708392,93.1435658761
1469.4431859927,92.9973886378
1470.1572011463,93.0561362996
1470.8712162998,92.6028828203
1471.5852314534,92.5067814538
1472.2992466069,94.0407260435
1473.0132617605,94.2258125999
1473.7272769140,94.6073255349
1474.4412920675,94.6391171452
1475.1553072211,94.1932343405
1475.8693223746,93.9629527737
1476.5833375282,94.4892204732
1477.2973526817,94.6442426257
1478.0113678353,94.6468322449
1478.7253829888,94.6329606569
1479.4393981423,94.7340402960
1480.1534132959,94.7684805381
1480.8674284494,94.7588330102
1481.5814436030,95.0063412934
1482.2954587565,95.0796248334
1483.0094739101,95.0857472567
1483.7234890636,95.2686323696
1484.4375042172,95.2435977509
1485.1515193707,95.1777158665
1485.8655345242,95.1744253868
1486.5795496778,95.0556433297
1487.2935648313,95.2708457203
1488.0075799849,95.3591903185
1488.7215951384,95.0527133742
1489.4356102920,94.8668540278
1490.1496254455,94.8853866377
1490.8636405990,95.1172790430
1491.5776557526,95.4776229768
1492.2916709061,95.4632266910
1493.0056860597,95.2440907046
1493.7197012132,95.1166971107
1494.4337163668,95.0002981092
1495.1477315203,94.7718557394
1495.8617466738,94.3856299158
1496.5757618274,94.5430310351
1497.2897769809,94.4066478928
1498.0037921345,93.9734175862
1498.7178072880,93.9377331522
1499.4318224416,93.9547948533
1500.1458375951,93.4704239296
1500.8598527487,93.0901114749
1501.5738679022,92.5442901195
1502.2878830557,91.9896327794
1503.0018982093,91.6810034692
1503.7159133628,91.1769844842
1504.4299285164,90.5309748117
1505.1439436699,90.1109467059
1505.8579588235,90.2282681032
1506.5719739770,90.3113360014
1507.2859891305,91.3145599784
1508.0000042841,92.3635950828
1508.7140194376,92.9226876378
1509.4280345912,93.5481569881
1510.1420497447,93.9272610887
1510.8560648983,94.2208761360
1511.5700800518,94.2054526517
1512.2840952054,93.9996623742
1512.9981103589,94.4901578623
1513.7121255124,94.4145312150
1514.4261406660,94.0768932304
1515.1401558195,94.2656468312
1515.8541709731,94.0973375277
1516.5681861266,93.4931217273
1517.2822012802,93.8446095047
1517.9962164337,94.3281732080
1518.7102315872,94.2142411540
1519.4242467408,93.9343843875
1520.1382618943,93.4902531702
1520.8522770479,93.7328538067
1521.5662922014,94.1705046765
1522.2803073550,93.8264784744
1522.9943225085,93.8433967746
1523.7083376621,93.8974704523
1524.4223528156,93.7025164032
1525.1363679691,93.8833535992
1525.8503831227,94.2604735584
1526.5643982762,93.9418437473
1527.2784134298,93.7660930095
1527.9924285833,93.8416555731
1528.7064437369,93.7362459654
1529.4204588904,93.8679553305
1530.1344740439,94.0697683413
1530.8484891975,93.9021386168
1531.5625043510,93.7896244735
1532.2765195046,93.8772516192
1532.9905346581,93.5758770474
1533.7045498117,93.4566230200
1534.4185649652,93.9246669164
1535.1325801187,93.7923502138
1535.8465952723,93.8532824029
1536.5606104258,94.0313971488
1537.2746255794,93.7618373547
1537.9886407329,93.4198918963
1538.7026558865,93.1038882424
1539.4166710400,92.7231354342
1540.1306861936,93.5652469361
1540.8447013471,93.6336886514
1541.5587165006,93.4132882013
1542.2727316542,93.8871473407
1542.9867468077,94.0015833328
1543.7007619613,93.7249078748
1544.4147771148,93.5755459198
1545.1287922684,93.4467958364
1545.8428074219,93.6851577017
1546.5568225754,93.8699221709
1547.2708377290,93.8348948913
1547.9848528825,93.7606018842
1548.6988680361,93.5516772941
1549.4128831896,93.1173300046
1550.1268983432,93.2241164013
1550.8409134967,93.6126670114
1551.5549286503,93.5636750202
1552.2689438038,93.5080013633
1552.9829589573,93.3403860062
1553.6969741109,92.9138448233
1554.4109892644,92.8304139330
1555.1250044180,93.3191302020
1555.8390195715,93.2455951870
1556.5530347251,93.0038474170
1557.2670498786,92.8247266789
1557.9810650321,93.1832546984
1558.6950801857,93.1437598492
1559.4090953392,92.7771154244
1560.1231104928,93.6168193292
1560.8371256463,93.5918382147
1561.5511407999,93.3870575450
1562.2651559534,93.5491980514
1562.9791711069,93.5329542432
1563.6931862605,93.2726163394
1564.4072014140,93.1692404986
1565.1212165676,93.2084686062
1565.8352317211,93.0780334431
1566.5492468747,92.9452424504
1567.2632620282,93.0080141882
1567.9772771818,92.9286645815
1568.6912923353,92.6290283154
1569.4053074888,92.8899214899
1570.1193226424,93.2137979701
1570.8333377959,92.7331220359
1571.5473529495,92.6253183962
1572.2613681030,92.6569205268
1572.9753832566,92.5368178431
1573.6893984101,92.5975365579
1574.4034135636,92.4259704720
1575.1174287172,92.0231350734
1575.8314438707,91.9555078472
1576.5454590243,92.4350756101
1577.2594741778,92.0889296246
1577.9734893314,92.0475269634
1578.6875044849,92.1695811290
1579.4015196385,92.2658006031
1580.1155347920,92.4323894815
1580.8295499455,92.5358731605
1581.5435650991,92.6277229465
1582.2575802526,92.7220627503
1582.9715954062,92.7673918427
1583.6856105597,92.9540346755
1584.3996257133,93.0688159309
1585.1136408668,93.0715753033
1585.8276560203,93.1515380278
1586.5416711739,93.1380355095
1587.2556863274,93.1196396578
1587.9697014810,93.1265908880
1588.6837166345,93.0993411163
1589.3977317881,93.1438594808
1590.1117469416,93.1016630970
1590.8257620951,93.0681832093
1591.5397772487,93.1155890585
1592.2537924022,93.0222743709
1592.9678075558,93.0005360981
1593.6818227093,92.9965772679
1594.3958378629,92.8894406391
1595.1098530164,92.9787492312
1595.8238681700,92.9877222538
1596.5378833235,92.8763515462
1597.2518984770,92.9236720460
1597.9659136306,92.8477916280
1598.6799287841,92.7642954741
1599.3939439377,92.8070171549
1600.1079590912,92.6836144308
1600.8219742448,92.6029210648
1601.5359893983,92.6295028550
1602.2500045518,92.5714891268
1602.9640197054,92.5605625851
1603.6780348589,92.5330487616
1604.3920500125,92.5239114823
1605.1060651660,92.5280431934
1605.8200803196,92.3439089052
1606.5340954731,92.2291517000
1607.2481106267,92.2427871725
1607.9621257802,92.1686973962
1608.6761409337,92.1271299402
1609.3901560873,92.1192147359
1610.1041712408,92.1416960158
1610.8181863944,92.1208186843
1611.5322015479,91.9363514089
1612.2462167015,91.8468340380
1612.9602318550,91.8646131866
1613.6742470085,91.8621233319
1614.3882621621,91.9175483482
1615.1022773156,91.7381866914
1615.8162924692,91.5182626239
1616.5303076227,91.9179787551
1617.2443227763,92.0972893677
1617.9583379298,91.8817116849
1618.6723530833,91.8749870683
1619.3863682369,91.7633232277
1620.1003833904,91.8123729700
1620.8143985440,91.9645325263
1621.5284136975,91.8166896121
1622.2424288511,91.5597649916
1622.9564440046,91.2606912441
1623.6704591582,91.4290067825
1624.3844743117,91.5976911021
1625.0984894652,91.4133726526
1625.8125046188,91.4538541361
1626.5265197723,91.4487950233
1627.2405349259,91.1852026606
1627.9545500794,91.4149525992
1628.6685652330,91.4665877740
1629.3825803865,91.1389602710
1630.0965955400,91.0048558890
1630.8106106936,90.8747368582
1631.5246258471,90.8136976488
1632.2386410007,90.9791864641
1632.9526561542,90.9126048996
1633.6666713078,90.7096089697
1634.3806864613,90.5353532653
1635.0947016149,90.1731536226
1635.8087167684,90.6668701033
1636.5227319219,90.5719824495
1637.2367470755,90.4131886066
1637.9507622290,90.4165302389
1638.6647773826,90.4632275718
1639.3787925361,90.5798520501
1640.0928076897,90.5049464144
1640.8068228432,90.2823753580
1641.5208379967,90.2358421841
1642.2348531503,90.0737403913
1642.9488683038,90.0786698022
1643.6628834574,90.1377643236
1644.3768986109,89.8365497578
1645.0909137645,89.8207587366
1645.8049289180,90.0825294059
1646.5189440715,89.5492448643
1647.2329592251,89.4425014146
1647.9469743786,89.3254151930
1648.6609895322,89.4602733818
1649.3750046857,89.7200122852
1650.0890198393,89.7237026838
1650.8030349928,89.6189831139
1651.5170501464,89.4572959345
1652.2310652999,88.6186068245
1652.9450804534,89.1776833643
1653.6590956070,88.9723246943
1654.3731107605,88.5806857435
1655.0871259141,89.3084903127
1655.8011410676,89.3263921746
1656.5151562212,89.1353094306
1657.2291713747,89.2366631234
1657.9431865282,89.0322517313
1658.6572016818,88.8465903364
1659.3712168353,88.7554621311
1660.0852319889,88.5276414800
1660.7992471424,88.4335931941
1661.5132622960,88.2034608571
1662.2272774495,88.0359354835
1662.9412926031,88.1809163532
1663.6553077566,87.7609699299
1664.3693229101,87.6492289797
1665.0833380637,87.6339507268
1665.7973532172,87.2857921754
1666.5113683708,87.2610134598
1667.2253835243,87.1172348164
1667.9393986779,86.6858128189
1668.6534138314,86.5616950512
1669.3674289849,86.2218290240
1670.0814441385,86.1846846797
1670.7954592920,86.2263522496
1671.5094744456,85.9545265606
1672.2234895991,85.9790996209
1672.9375047527,85.9655544883
1673.6515199062,85.6790094913
1674.3655350598,85.6369766920
1675.0795502133,85.2706690984
1675.7935653668,84.7984060817
1676.5075805204,85.0414205640
1677.2215956739,84.8228117621
1677.9356108275,84.5898162310
1678.6496259810,84.4282106662
1679.3636411346,83.8830891577
1680.0776562881,83.6081510942
1680.7916714416,83.5500485121
1681.5056865952,83.3114703382
1682.2197017487,83.2943154621
1682.9337169023,82.8476175275
1683.6477320558,82.1055724916
1684.3617472094,82.6324293288
1685.0757623629,82.7799924897
1685.7897775164,82.6303777133
1686.5037926700,82.5642504692
1687.2178078235,82.3804624452
1687.9318229771,82.2684305911
1688.6458381306,81.9667549583
1689.3598532842,81.6433444368
1690.0738684377,81.2991878229
1690.7878835913,80.7353808060
1691.5018987448,80.5421620908
1692.2159138983,80.2834433466
1692.9299290519,79.8463094943
1693.6439442054,79.6349424033
1694.3579593590,78.8867196854
1695.0719745125,77.9942234124
1695.7859896661,78.2592010197
1696.5000048196,77.2644932768
1697.2140199731,76.9816370812
1697.9280351267,76.8820294677
1698.6420502802,75.7984786151
1699.3560654338,75.1729226065
1700.0700805873,83.4964884072
1700.7840957409,74.7401498599
1701.4981108944,73.8897197975
1702.2121260480,73.1556900977
1702.9261412015,72.4783924156
1703.6401563550,72.0154801132
1704.3541715086,71.3028287504
1705.0681866621,70.8998517900
1705.7822018157,70.2509193535
1706.4962169692,69.3183014802
1707.2102321228,69.1438841652
1707.9242472763,68.5167614439
1708.6382624298,67.9798433339
1709.3522775834,67.8091556585
1710.0662927369,67.2649593815
1710.7803078905,67.2502123174
1711.4943230440,67.2313399509
1712.2083381976,66.8647803415
1712.9223533511,67.0583899136
1713.6363685046,67.0536520559
1714.3503836582,67.1287746022
1715.0643988117,68.4879511040
1715.7784139653,68.7015225691
1716.4924291188,68.7901650270
1717.2064442724,69.5141281285
1717.9204594259,70.3930315940
1718.6344745795,71.3807080528
1719.3484897330,72.1924148133
1720.0625048865,72.7113163873
1720.7765200401,73.3672401344
1721.4905351936,74.0135656770
1722.2045503472,74.5535405567
1722.9185655007,75.0958735365
1723.6325806543,75.6648751057
1724.3465958078,76.2786945867
1725.0606109613,76.8588787737
1725.7746261149,77.5563875082
1726.4886412684,78.1565235606
1727.2026564220,78.6994601528
1727.9166715755,79.4769749655
1728.6306867291,79.8825953573
1729.3447018826,80.0887879190
1730.0587170362,81.0363150970
1730.7727321897,81.9605755315
1731.4867473432,82.5221036118
1732.2007624968,83.0321082777
1732.9147776503,83.2917841968
1733.6287928039,83.9600188984
1734.3428079574,85.6486832963
1735.0568231110,86.4231326675
1735.7708382645,86.8040573220
1736.4848534180,87.2404303352
1737.1988685716,88.0237363190
1737.9128837251,88.7253154461
1738.6268988787,88.9077418555
1739.3409140322,89.4383723693
1740.0549291858,90.7611043949
1740.7689443393,91.1555670890
1741.4829594928,91.4875824454
1742.1969746464,91.9252036465
1742.9109897999,92.4217227748
1743.6250049535,93.1140694752
1744.3390201070,93.8371011228
1745.0530352606,94.3305137861
1745.7670504141,94.3410044011
1746.4810655677,94.5154531203
1747.1950807212,95.1110231597
1747.9090958747,95.2349163462
1748.6231110283,95.4856901414
1749.3371261818,96.0990638338
1750.0511413354,95.8615142613
1750.7651564889,95.4221894558
1751.4791716425,96.3216635662
1752.1931867960,96.7517875192
1752.9072019495,96.5666347977
1753.6212171031,96.6762654029
1754.3352322566,97.0113808752
1755.0492474102,96.9332073170
1755.7632625637,96.6417381173
1756.4772777173,96.5740781797
1757.1912928708,96.8177548344
1757.9053080244,96.9509744274
1758.6193231779,96.9252952116
1759.3333383314,97.0845081309
1760.0473534850,97.0693566785
1760.7613686385,96.6312027997
1761.4753837921,96.6944636515
1762.1893989456,97.4356749371
1762.9034140992,96.9975087801
1763.6174292527,96.8699203667
1764.3314444062,97.1429315589
1765.0454595598,97.0073217465
1765.7594747133,97.0799667253
1766.4734898669,97.1008947193
1767.1875050204,96.5155964764
1767.9015201740,96.3731674616
1768.6155353275,97.1788365314
1769.3295504810,96.9879385115
1770.0435656346,96.6768563424
1770.7575807881,96.6904895146
1771.4715959417,96.6300345822
1772.1856110952,96.4547795434
1772.8996262488,97.3244992066
1773.6136414023,97.3194212338
1774.3276565559,96.7598632202
1775.0416717094,96.6177530737
1775.7556868629,96.9516189834
1776.4697020165,96.9834910442
1777.1837171700,97.0027985173
1777.8977323236,96.9440563652
1778.6117474771,96.7730964315
1779.3257626307,96.6590001583
1780.0397777842,96.4827255225
1780.7537929377,96.7159826681
1781.4678080913,96.8983283908
1782.1818232448,96.6595654445
1782.8958383984,96.7712900962
1783.6098535519,96.7196153047
1784.3238687055,96.3047784602
1785.0378838590,96.6458786575
1785.7518990126,96.8648318540
1786.4659141661,96.6060548340
1787.1799293196,96.6387900682
1787.8939444732,96.6196029076
1788.6079596267,96.5307445871
1789.3219747803,96.4696949233
1790.0359899338,96.2553517223
1790.7500050874,96.3175689423
1791.4640202409,96.2191180586
1792.1780353944,95.9207539469
1792.8920505480,96.7580412212
1793.6060657015,96.7663336266
1794.3200808551,96.3387062532
1795.0340960086,96.4145084633
1795.7481111622,96.3956742309
1796.4621263157,96.3164794516
1797.1761414693,96.5511972812
1797.8901566228,96.3916884746
1798.6041717763,96.1122050260
1799.3181869299,96.1614586793
1800.0322020834,96.3952606290
1800.7462172370,96.3694260720
1801.4602323905,96.0581668032
1802.1742475441,96.0726526276
1802.8882626976,96.3823985326
1803.6022778511,96.3297483724
1804.3162930047,96.3062159170
1805.0303081582,96.2762413030
1805.7443233118,96.1755303574
1806.4583384653,96.3078542483
1807.1723536189,96.2450484446
1807.8863687724,96.1573363456
1808.6003839259,96.3035353025
1809.3143990795,96.0460867878
1810.0284142330,95.8540506339
1810.7424293866,96.1650859672
1811.4564445401,96.1264167254
1812.1704596937,96.0873059714
1812.8844748472,96.2494414918
1813.5984900008,96.1591070849
1814.3125051543,96.1357108483
1815.0265203078,96.2951512090
1815.7405354614,96.3388790615
1816.4545506149,96.2685103200
1817.1685657685,96.1520509181
1817.8825809220,96.1415085631
1818.5965960756,96.1662618128
1819.3106112291,96.1298346076
1820.0246263826,96.0679136251
1820.7386415362,95.9764280651
1821.4526566897,96.0081766089
1822.1666718433,96.0556898910
1822.8806869968,96.0455701950
1823.5947021504,96.0593884785
1824.3087173039,95.8320366429
1825.0227324575,95.6905565802
1825.7367476110,96.2105990164
1826.4507627645,96.1762962939
1827.1647779181,96.0222063311
1827.8787930716,96.0615053507
1828.5928082252,95.8004300783
1829.3068233787,95.7035479124
1830.0208385323,96.3288738775
1830.7348536858,96.3507529270
1831.4488688393,96.1339102743
1832.1628839929,96.0903891708
1832.8768991464,96.1557791219
1833.5909143000,96.2653928893
1834.3049294535,96.2318810397
1835.0189446071,96.1906786424
1835.7329597606,96.1657819976
1836.4469749141,96.0207466729
1837.1609900677,96.0750270504
1837.8750052212,96.2229908107
1838.5890203748,96.1084413390
1839.3030355283,96.0173749221
1840.0170506819,96.1025766779
1840.7310658354,96.1770349857
1841.4450809890,96.2234759585
1842.1590961425,96.2547555524
1842.8731112960,96.0152519956
1843.5871264496,95.5635434970
1844.3011416031,96.0635938906
1845.0151567567,96.5608672345
1845.7291719102,96.2052003104
1846.4431870638,96.1814733855
1847.1572022173,96.2972387128
1847.8712173708,96.1060345352
1848.5852325244,96.3127856002
1849.2992476779,96.4277501756
1850.0132628315,96.2446105277
1850.7272779850,96.2963545157
1851.4412931386,96.2080216851
1852.1553082921,96.1391013467
1852.8693234457,96.3271337607
1853.5833385992,96.2641498496
1854.2973537527,96.3221866532
1855.0113689063,96.4343432706
1855.7253840598,96.2810696533
1856.4393992134,96.3879470531
1857.1534143669,96.4093991467
1857.8674295205,96.2045387148
1858.5814446740,96.2852562024
1859.2954598275,96.2928777748
1860.0094749811,96.2660726412
1860.7234901346,96.2760222315
1861.4375052882,96.1075028257
1862.1515204417,96.3105179056
1862.8655355953,96.5022129830
1863.5795507488,96.2170126665
1864.2935659023,96.1624635242
1865.0075810559,96.2286140077
1865.7215962094,96.1169502963
1866.4356113630,96.0707558602
1867.1496265165,95.9863278527
1867.8636416701,96.0088744288
1868.5776568236,96.0492986208
1869.2916719772,96.0283579771
1870.0056871307,96.2482269673
1870.7197022842,96.1828653826
1871.4337174378,96.1445783056
1872.1477325913,96.4549008066
1872.8617477449,96.4045936277
1873.5757628984,96.2375694830
1874.2897780520,96.3282196658
1875.0037932055,96.3219433520
1875.7178083590,96.3101995144
1876.4318235126,96.1714750489
1877.1458386661,96.0129078761
1877.8598538197,96.2243333376
1878.5738689732,96.2886176882
1879.2878841268,96.1386951339
1880.0018992803,96.0689403548
1880.7159144339,95.9946412727
1881.4299295874,96.1966620629
1882.1439447409,96.3800566602
1882.8579598945,96.2024612122
1883.5719750480,96.1273888889
1884.2859902016,96.1479993538
1885.0000053551,96.2106580243
1885.7140205087,96.2578772828
1886.4280356622,96.1389635705
1887.1420508157,96.2910387961
1887.8560659693,96.3571192710
1888.5700811228,96.0518153516
1889.2840962764,95.9930891829
1889.9981114299,96.0162217601
1890.7121265835,96.0354485722
1891.4261417370,96.2655533684
1892.1401568905,96.1491084400
1892.8541720441,96.0957903773
1893.5681871976,96.2319236152
1894.2822023512,95.8788802297
1894.9962175047,95.8164125854
1895.7102326583,96.1772378186
1896.4242478118,96.0560006113
1897.1382629654,96.0277813639
1897.8522781189,96.2545132576
1898.5662932724,96.2595009461
1899.2803084260,96.1137432826
1899.9943235795,96.0571016060
1900.7083387331,96.3074489583
1901.4223538866,96.3901910438
1902.1363690402,96.1002696199
1902.8503841937,96.0791289836
1903.5643993472,96.1391075435
1904.2784145008,96.0594570427
1904.9924296543,96.0103532362
1905.7064448079,95.9429401943
1906.4204599614,96.0925559673
1907.1344751150,96.1226315432
1907.8484902685,95.8872951811
1908.5625054221,95.9684590461
1909.2765205756,95.8789267062
1909.9905357291,95.7811194775
1910.7045508827,96.1934137341
1911.4185660362,96.1120999787
1912.1325811898,95.8808569489
1912.8465963433,96.0354214428
1913.5606114969,95.9290796427
1914.2746266504,96.0218367082
1914.9886418039,96.2589428572
1915.7026569575,95.9868948790
1916.4166721110,95.8411753006
1917.1306872646,95.8197320564
1917.8447024181,95.7193226604
1918.5587175717,95.9310329607
1919.2727327252,95.8870331010
1919.9867478788,95.8437066012
1920.7007630323,95.9432145786
1921.4147781858,95.8185925641
1922.1287933394,95.7883162804
1922.8428084929,95.7540641566
1923.5568236465,95.7343202660
1924.2708388000,96.0263882935
1924.9848539536,95.9931790509
1925.6988691071,95.8369622260
1926.4128842606,95.9714404982
1927.1268994142,95.8810680660
1927.8409145677,95.8037855909
1928.5549297213,95.8441283787
1929.2689448748,95.8277456201
1929.9829600284,96.0010503292
1930.6969751819,95.8914874115
1931.4109903354,95.6879980825
1932.1250054890,95.9143982080
1932.8390206425,95.8873660320
1933.5530357961,95.6225142919
1934.2670509496,95.5003871811
1934.9810661032,95.4807390162
1935.6950812567,95.8015554317
1936.4090964103,95.9196003341
1937.1231115638,95.6536518377
1937.8371267173,95.6884305432
1938.5511418709,95.7626605529
1939.2651570244,95.8169444766
1939.9791721780,95.8720759338
1940.6931873315,95.4390316901
1941.4072024851,95.2438383812
1942.1212176386,95.6843742997
1942.8352327921,95.9249834213
1943.5492479457,95.8130925696
1944.2632630992,95.7768659881
1944.9772782528,95.5845707711
1945.6912934063,95.4378959670
1946.4053085599,95.8095720867
1947.1193237134,96.0679500290
1947.8333388670,95.5401518955
1948.5473540205,95.3171553834
1949.2613691740,95.6635054475
1949.9753843276,95.5739888253
1950.6893994811,95.5898224169
1951.4034146347,95.7514455065
1952.1174297882,95.4846726121
1952.8314449418,95.6047936316
1953.5454600953,95.7212517268
1954.2594752488,95.3223992471
1954.9734904024,95.2622032913
1955.6875055559,95.2282274530
1956.4015207095,95.1937261666
1957.1155358630,95.5671330818
1957.8295510166,95.5922044781
1958.5435661701,95.5572580145
1959.2575813236,95.6966604256
1959.9715964772,95.3890660088
1960.6856116307,95.1419998683
1961.3996267843,95.3224947207
1962.1136419378,95.6690812601
1962.8276570914,95.7459760284
1963.5416722449,95.6469738918
1964.2556873985,96.0612794316
1964.9697025520,95.9090801589
1965.6837177055,95.2811578412
1966.3977328591,95.7498395739
1967.1117480126,95.7249642918
1967.8257631662,95.1763333534
1968.5397783197,95.9605041226
1969.2537934733,96.0256361773
1969.9678086268,95.3491272459
1970.6818237803,95.7413712700
1971.3958389339,95.8033896835
1972.1098540874,95.1576769172
1972.8238692410,94.9827068771
1973.5378843945,95.5769354086
1974.2518995481,96.4316803654
1974.9659147016,96.3767542793
1975.6799298552,96.2122385915
1976.3939450087,96.4062192577
1977.1079601622,95.8139261392
1977.8219753158,95.4771064425
1978.5359904693,95.5479877978
1979.2500056229,95.2799783436
1979.9640207764,95.4890541410
1980.6780359300,95.4259178522
1981.3920510835,95.2082251695
1982.1060662370,95.7313896215
1982.8200813906,95.8481240543
1983.5340965441,95.7971775127
1984.2481116977,95.9698669251
1984.9621268512,95.6029368424
1985.6761420048,95.5608585888
1986.3901571583,95.7275423754
1987.1041723118,95.4323799613
1987.8181874654,95.4847778043
1988.5322026189,95.8298733713
1989.2462177725,96.1516113371
1989.9602329260,95.9907759170
1990.6742480796,95.3308196644
1991.3882632331,95.7355218662
1992.1022783867,96.1038584860
1992.8162935402,95.1279311910
1993.5303086937,95.3749591339
1994.2443238473,96.0894671566
1994.9583390008,95.6442523860
1995.6723541544,95.5299813939
1996.3863693079,95.6684702019
1997.1003844615,95.5632533460
1997.8143996150,95.7968775543
1998.5284147685,95.6185553684
1999.2424299221,95.1993941573
1999.9564450756,95.4850651034
2000.6704602292,95.9216538809
2001.3844753827,96.0043905622
2002.0984905363,95.9608644267
2002.8125056898,95.8948828672
2003.5265208434,95.5446073860
2004.2405359969,95.3760608699
2004.9545511504,96.2009556937
2005.6685663040,96.6127233448
2006.3825814575,95.9811300536
2007.0965966111,96.1175807635
2007.8106117646,96.2669820722
2008.5246269182,95.6170122967
2009.2386420717,95.8554646889
2009.9526572252,96.4619707062
2010.6666723788,96.1525480217
2011.3806875323,95.8675920615
2012.0947026859,95.8427718485
2012.8087178394,95.5679311350
2013.5227329930,95.6175842229
2014.2367481465,96.0129993677
2014.9507633000,95.8311325575
2015.6647784536,95.5676172856
2016.3787936071,95.8641852844
2017.0928087607,95.8054225523
2017.8068239142,95.4716063589
2018.5208390678,95.4918024440
2019.2348542213,95.6983107542
2019.9488693749,96.1295822539
2020.6628845284,96.1029207674
2021.3768996819,95.7019412518
2022.0909148355,96.0006552497
2022.8049299890,96.0783789560
2023.5189451426,95.8455648050
2024.2329602961,95.8678570735
2024.9469754497,95.5065952093
2025.6609906032,95.9600194310
2026.3750057567,96.5580876059
2027.0890209103,95.7563986590
2027.8030360638,95.8885611440
2028.5170512174,96.0730013959
2029.2310663709,94.9862697272
2029.9450815245,95.6686564314
2030.6590966780,96.5005068595
2031.3731118316,95.8365844657
2032.0871269851,96.0391327679
2032.8011421386,95.8765834581
2033.5151572922,95.4050437312
2034.2291724457,95.9937583151
2034.9431875993,95.9050248275
2035.6572027528,96.0788564623
2036.3712179064,96.3551939805
2037.0852330599,95.2486438410
2037.7992482134,95.4554824356
2038.5132633670,96.4105038849
2039.2272785205,95.9725782274
2039.9412936741,96.0203582563
2040.6553088276,96.0378230401
2041.3693239812,95.5343822194
2042.0833391347,96.1725464358
2042.7973542883,96.2032389082
2043.5113694418,95.3823768068
2044.2253845953,95.7375747878
2044.9393997489,95.9890013758
2045.6534149024,95.6352209613
2046.3674300560,95.8372942769
2047.0814452095,95.6285948201
2047.7954603631,95.4292538132
2048.5094755166,96.3396118129
2049.2234906701,96.1732690739
2049.9375058237,94.7926637831
2050.6515209772,94.9396336464
2051.3655361308,95.5495858094
2052.0795512843,95.3567505529
2052.7935664379,95.7726048677
2053.5075815914,95.9260657579
2054.2215967449,95.2917820649
2054.9356118985,95.6369696601
2055.6496270520,95.8930052660
2056.3636422056,95.4921721682
2057.0776573591,95.7265381277
2057.7916725127,95.6844265729
2058.5056876662,95.5295421066
2059.2197028198,95.9655016076
2059.9337179733,95.7013814644
2060.6477331268,95.4872819595
2061.3617482804,95.9269393052
2062.0757634339,95.6709543794
2062.7897785875,95.4816132953
2063.5037937410,95.8010975803
2064.2178088946,95.5387093722
2064.9318240481,95.1300574283
2065.6458392016,95.2223415017
2066.3598543552,95.4346912593
2067.0738695087,95.3598309752
2067.7878846623,95.3610289318
2068.5018998158,95.7650074081
2069.2159149694,95.5696880666
2069.9299301229,95.1332282587
2070.6439452765,95.6188239580
2071.3579604300,95.7585400595
2072.0719755835,95.2713849560
2072.7859907371,95.3675165337
2073.5000058906,95.5848818140
2074.2140210442,95.7173936650
2074.9280361977,95.9892785095
2075.6420513513,95.9021939130
2076.3560665048,95.4639503746
2077.0700816583,95.1729602506
2077.7840968119,95.5110716105
2078.4981119654,95.8836996095
2079.2121271190,95.5818941271
2079.9261422725,95.5306297076
2080.6401574261,95.6244009049
2081.3541725796,95.3535577899
2082.0681877331,95.5435071008
2082.7822028867,95.5378170883
2083.4962180402,95.1301141895
2084.2102331938,95.4097546792
2084.9242483473,95.5601033884
2085.6382635009,95.4291826869
2086.3522786544,95.5522927224
2087.0662938080,95.2120754394
2087.7803089615,95.0682806371
2088.4943241150,95.3854898890
2089.2083392686,95.2925561884
2089.9223544221,95.4233191638
2090.6363695757,95.7254510485
2091.3503847292,95.6408109096
2092.0643998828,95.7108908125
2092.7784150363,95.7419565615
2093.4924301898,95.6479747665
2094.2064453434,95.6006230549
2094.9204604969,95.4596838584
2095.6344756505,95.5694474699
2096.3484908040,95.4589220271
2097.0625059576,95.2251244738
2097.7765211111,95.5425856987
2098.4905362647,95.4163752582
2099.2045514182,95.2382952744
2099.9185665717,95.5986847225
2100.6325817253,95.2641897058
2101.3465968788,95.2076571819
2102.0606120324,95.7793763686
2102.7746271859,95.3884578567
2103.4886423395,95.2076712062
2104.2026574930,95.6623697473
2104.9166726465,95.5003018429
2105.6306878001,95.5075326707
2106.3447029536,95.6069992354
2107.0587181072,95.2220028585
2107.7727332607,95.2321716320
2108.4867484143,95.3470872066
2109.2007635678,95.1779531819
2109.9147787213,95.2371936885
2110.6287938749,95.3118559922
2111.3428090284,95.2147725324
2112.0568241820,95.1718948397
2112.7708393355,95.2848378593
2113.4848544891,95.3224057364
2114.1988696426,95.1870797149
2114.9128847962,95.3605702286
2115.6268999497,95.4768590803
2116.3409151032,95.2177831591
2117.0549302568,95.4009948232
2117.7689454103,95.5691351590
2118.4829605639,95.2466227907
2119.1969757174,95.2638740636
2119.9109908710,95.3216061582
2120.6250060245,95.2467069184
2121.3390211780,95.4458665741
2122.0530363316,95.3386250108
2122.7670514851,95.1739482898
2123.4810666387,95.3737313524
2124.1950817922,95.3184922114
2124.9090969458,95.2776245380
2125.6231120993,95.5129377440
2126.3371272529,95.5514019257
2127.0511424064,95.5678079246
2127.7651575599,95.6588528985
2128.4791727135,95.6620734130
2129.1931878670,95.6199967404
2129.9072030206,95.5298099825
2130.6212181741,95.6164501387
2131.3352333277,95.8678368196
2132.0492484812,95.9171554439
2132.7632636347,95.7733993577
2133.4772787883,95.7126647176
2134.1912939418,95.7478193679
2134.9053090954,95.4780430331
2135.6193242489,95.3208764665
2136.3333394025,95.7477061838
2137.0473545560,95.7441878576
2137.7613697095,95.4873598742
2138.4753848631,95.8608423311
2139.1894000166,95.9191377845
2139.9034151702,95.7517788209
2140.6174303237,95.9909055468
2141.3314454773,95.7135163972
2142.0454606308,95.3775942490
2142.7594757844,95.6362691188
2143.4734909379,95.6242582909
2144.1875060914,95.2981229640
2144.9015212450,95.2828277306
2145.6155363985,95.6308135052
2146.3295515521,95.8343989116
2147.0435667056,95.9525691667
2147.7575818592,96.1210669658
2148.4715970127,95.4949902121
2149.1856121662,95.1437320503
2149.8996273198,96.0373563569
2150.6136424733,95.6471528969
2151.3276576269,94.7382759705
2152.0416727804,95.5345319964
2152.7556879340,95.8000665443
2153.4697030875,95.4640233040
2154.1837182411,95.8937871342
2154.8977333946,95.8202505993
2155.6117485481,95.9076935217
2156.3257637017,96.1100809220
2157.0397788552,95.5624661936
2157.7537940088,96.0061133551
2158.4678091623,96.1803581498
2159.1818243159,95.0651327608
2159.8958394694,94.6244026136
2160.6098546229,94.3541784165
2161.3238697765,94.6120996113
2162.0378849300,95.0679806060
2162.7519000836,94.8154589471
2163.4659152371,94.9751789639
2164.1799303907,95.1957991125
2164.8939455442,95.3618608821
2165.6079606978,95.9677561792
2166.3219758513,95.5089493133
2167.0359910048,95.1684614835
2167.7500061584,95.6995572726
2168.4640213119,95.3348769928
2169.1780364655,95.4444054017
2169.8920516190,95.8109304291
2170.6060667726,95.0920065716
2171.3200819261,95.6842239855
2172.0340970796,96.4925221243
2172.7481122332,95.5326511913
2173.4621273867,95.3137659653
2174.1761425403,95.5826910895
2174.8901576938,95.6913434091
2175.6041728474,96.1270363289
2176.3181880009,95.3192155786
2177.0322031544,95.0197434236
2177.7462183080,96.0294258536
2178.4602334615,95.5662839407
2179.1742486151,95.2510071237
2179.8882637686,96.0878701038
2180.6022789222,95.6313282679
2181.3162940757,95.1903484198
2182.0303092293,95.3790929598
2182.7443243828,94.9957123770
2183.4583395363,95.4935540866
2184.1723546899,96.0144618189
2184.8863698434,95.0877226932
2185.6003849970,95.0282993509
2186.3144001505,95.7942639538
2187.0284153041,95.4392499769
2187.7424304576,95.2842819913
2188.4564456111,95.7707144467
2189.1704607647,95.5899425117
2189.8844759182,95.4769790460
2190.5984910718,95.7963611433
2191.3125062253,95.6302509714
2192.0265213789,95.4893011110
2192.7405365324,95.5572326438
2193.4545516860,95.4231352154
2194.1685668395,95.6105908922
2194.8825819930,95.6799856307
2195.5965971466,95.3737024781
2196.3106123001,95.5552605932
2197.0246274537,95.4909149343
2197.7386426072,95.0320426358
2198.4526577608,95.3317835586
2199.1666729143,95.6299701761
2199.8806880678,95.3374011456
2200.5947032214,95.3346003256
2201.3087183749,95.5494783937
2202.0227335285,95.6990637398
2202.7367486820,95.7981964859
2203.4507638356,95.6665986810
2204.1647789891,95.4280107930
2204.8787941426,95.1247480252
2205.5928092962,95.2163259143
2206.3068244497,95.5181432468
2207.0208396033,95.3990475097
2207.7348547568,95.5700691519
2208.4488699104,95.7875535487
2209.1628850639,95.2302081921
2209.8769002175,95.2531420605
2210.5909153710,95.5734964799
2211.3049305245,95.0537899375
2212.0189456781,94.9975285904
2212.7329608316,95.2205289594
2213.4469759852,94.8830703023
2214.1609911387,95.1839639199
2214.8750062923,95.6699415007
2215.5890214458,95.3837559909
2216.3030365993,95.1669756391
2217.0170517529,95.0535547146
2217.7310669064,95.1024980076
2218.4450820600,95.5560474702
2219.1590972135,95.4075581642
2219.8731123671,94.8690869469
2220.5871275206,94.8466712573
2221.3011426742,95.0728971123
2222.0151578277,95.2429162798
2222.7291729812,95.2168130661
2223.4431881348,95.1892297335
2224.1572032883,95.2917357962
2224.8712184419,95.0541285309
2225.5852335954,94.9902821772
2226.2992487490,95.2932176261
2227.0132639025,95.0698989262
2227.7272790560,95.0534861638
2228.4412942096,95.4444867607
2229.1553093631,95.0991089964
2229.8693245167,94.9391496912
2230.5833396702,95.3260212598
2231.2973548238,95.0260567970
2232.0113699773,94.8402469584
2232.7253851308,95.2246816829
2233.4394002844,95.2132921089
2234.1534154379,95.1635187475
2234.8674305915,95.2063694634
2235.5814457450,94.9726724397
2236.2954608986,94.9346459015
2237.0094760521,95.0562838896
2237.7234912057,95.2322273016
2238.4375063592,95.3440756539
2239.1515215127,94.9970814559
2239.8655366663,94.8445921987
2240.5795518198,95.2109194060
2241.2935669734,95.3624857898
2242.0075821269,95.3398187487
2242.7215972805,95.1815867033
2243.4356124340,94.7895548334
2244.1496275875,94.8113485886
2244.8636427411,95.0298650415
2245.5776578946,95.2283898275
2246.2916730482,95.3963755162
2247.0056882017,95.0112811517
2247.7197033553,94.7117379936
2248.4337185088,95.1502552074
2249.1477336624,95.3271512944
2249.8617488159,95.1047846199
2250.5757639694,95.1423526182
2251.2897791230,95.2413988345
2252.0037942765,95.2614367271
2252.7178094301,95.0721347223
2253.4318245836,94.8823816916
2254.1458397372,95.1099394067
2254.8598548907,95.1151955054
2255.5738700442,94.9174381117
2256.2878851978,95.0965980082
2257.0019003513,94.9955445998
2257.7159155049,94.7100539692
2258.4299306584,94.9657495541
2259.1439458120,95.2030810241
2259.8579609655,95.0795075152
2260.5719761190,95.0933979498
2261.2859912726,95.1961529847
2262.0000064261,95.2081226225
2262.7140215797,95.1673153347
2263.4280367332,95.1108768126
2264.1420518868,95.0674836615
2264.8560670403,94.9871574321
2265.5700821939,94.9632940039
2266.2840973474,94.9838253029
2266.9981125009,94.9380667300
2267.7121276545,94.8977018685
2268.4261428080,94.9037820461
2269.1401579616,95.0121952065
2269.8541731151,95.1741314514
2270.5681882687,95.0916758345
2271.2822034222,94.9342700608
2271.9962185757,95.0448364637
2272.7102337293,95.1549722998
2273.4242488828,95.1512583908
2274.1382640364,95.2290916989
2274.8522791899,95.1398576818
2275.5662943435,94.9433006854
2276.2803094970,95.0157605865
2276.9943246506,95.0639508678
2277.7083398041,94.8029472215
2278.4223549576,94.7930470004
2279.1363701112,95.0734470797
2279.8503852647,95.0798130050
2280.5644004183,94.9797103070
2281.2784155718,95.0557621514
2281.9924307254,95.1063214502
2282.7064458789,95.1354560766
2283.4204610324,95.0839610515
2284.1344761860,94.8691247922
2284.8484913395,94.8073284486
2285.5625064931,94.8631121694
2286.2765216466,94.9951112733
2286.9905368002,95.1502235919
2287.7045519537,94.9811532657
2288.4185671072,94.7417626947
2289.1325822608,94.8082114535
2289.8465974143,94.9449253390
2290.5606125679,95.0250751639
2291.2746277214,94.9950764151
2291.9886428750,94.9021963045
2292.7026580285,95.0816583652
2293.4166731821,95.1339541654
2294.1306883356,94.8571609028
2294.8447034891,94.8565716557
2295.5587186427,94.9231308872
2296.2727337962,94.9531110479
2296.9867489498,95.1436052163
2297.7007641033,95.0949446378
2298.4147792569,94.9955949160
2299.1287944104,95.0398372911
2299.8428095639,94.8700676154
2300.5568247175,94.9409209551
2301.2708398710,95.1492604324
2301.9848550246,94.9493076695
2302.6988701781,94.9743481563
2303.4128853317,95.1146356641
2304.1269004852,94.9474738193
2304.8409156388,94.9547978940
2305.5549307923,94.9233707754
2306.2689459458,94.8576040498
2306.9829610994,95.1177274347
2307.6969762529,94.9271538097
2308.4109914065,94.7183133265
2309.1250065600,95.0752017450
2309.8390217136,95.0253719935
2310.5530368671,94.8591785983
2311.2670520206,94.9342873902
2311.9810671742,94.8101724614
2312.6950823277,94.7779199089
2313.4090974813,94.9246799768
2314.1231126348,94.7986086784
2314.8371277884,94.7854533078
2315.5511429419,94.8950590664
2316.2651580955,94.9443541947
2316.9791732490,95.1119631253
2317.6931884025,94.8791185880
2318.4072035561,94.7970736807
2319.1212187096,94.9577274759
2319.8352338632,94.7788441523
2320.5492490167,94.7328116676
2321.2632641703,94.8407212413
2321.9772793238,94.7707253766
2322.6912944773,94.8311436491
2323.4053096309,94.5485119633
2324.1193247844,94.3442008366
2324.8333399380,94.8024285498
2325.5473550915,95.0269348327
2326.2613702451,94.8757101003
2326.9753853986,95.0725448680
2327.6894005521,94.9484265507
2328.4034157057,94.8929042433
2329.1174308592,95.1906455539
2329.8314460128,95.0361566871
2330.5454611663,94.9906313080
2331.2594763199,95.0689543353
2331.9734914734,94.9495003601
2332.6875066270,95.1547937608
2333.4015217805,95.1809032571
2334.1155369340,95.0025918456
2334.8295520876,95.1183664791
2335.5435672411,95.0556638931
2336.2575823947,95.0489066530
2336.9715975482,95.1492980705
2337.6856127018,94.9385581499
2338.3996278553,95.1191852924
2339.1136430088,95.3799869771
2339.8276581624,95.1328660179
2340.5416733159,95.2293217360
2341.2556884695,95.2729803859
2341.9697036230,95.0272794887
2342.6837187766,95.2105623864
2343.3977339301,95.2829779503
2344.1117490837,95.0652116722
2344.8257642372,95.1468144697
2345.5397793907,95.2301785905
2346.2537945443,95.1136542422
2346.9678096978,95.0385596152
2347.6818248514,95.0999760923
2348.3958400049,95.1439624220
2349.1098551585,94.9767127990
2349.8238703120,94.8477144582
2350.5378854655,94.9481800446
2351.2519006191,94.9091161637
2351.9659157726,94.7983071453
2352.6799309262,94.7960481865
2353.3939460797,94.6794747465
2354.1079612333,94.6827759966
2354.8219763868,94.8551007573
2355.5359915403,94.9265900005
2356.2500066939,95.0014576579
2356.9640218474,94.8342900629
2357.6780370010,94.7467990097
2358.3920521545,95.0238757301
2359.1060673081,95.0056168701
2359.8200824616,94.9577994446
2360.5340976152,95.0789066637
2361.2481127687,95.0007477000
2361.9621279222,95.0539169720
2362.6761430758,95.1268746550
2363.3901582293,95.0179409735
2364.1041733829,95.1241613521
2364.8181885364,95.1869289116
2365.5322036900,95.0950500784
2366.2462188435,95.1263001618
2366.9602339970,95.0773615707
2367.6742491506,95.0642167904
2368.3882643041,95.1937349186
2369.1022794577,95.1157639694
2369.8162946112,95.0532521093
2370.5303097648,95.1576499405
2371.2443249183,95.1285240133
2371.9583400719,95.2022382080
2372.6723552254,95.3689476611
2373.3863703789,95.2325478535
2374.1003855325,95.1339468877
2374.8144006860,95.2804916824
2375.5284158396,95.2392613051
2376.2424309931,95.1956176814
2376.9564461467,95.3344340573
2377.6704613002,95.3180526293
2378.3844764537,95.2644885756
2379.0984916073,95.2592021682
2379.8125067608,95.2087692466
2380.5265219144,95.3304296692
2381.2405370679,95.3785142295
2381.9545522215,95.2222262844
2382.6685673750,95.2881536175
2383.3825825285,95.2988530843
2384.0965976821,95.1092195141
2384.8106128356,95.1712544358
2385.5246279892,95.2549322460
2386.2386431427,95.2032441016
2386.9526582963,95.2190946501
2387.6666734498,95.2145231208
2388.3806886034,95.1159929624
2389.0947037569,95.2276699946
2389.8087189104,95.2514833465
2390.5227340640,95.1791016092
2391.2367492175,95.2302672311
2391.9507643711,95.3042360787
2392.6647795246,95.2309840082
2393.3787946782,95.1343505454
2394.0928098317,95.1238783610
2394.8068249852,95.1108021474
2395.5208401388,95.1408005279
2396.2348552923,95.1166985529
2396.9488704459,95.1069013281
2397.6628855994,95.0609186642
2398.3769007530,95.1503327552
2399.0909159065,95.2185772677
2399.8049310601,95.0385830140
2400.5189462136,95.1439456315
2401.2329613671,95.2510126752
2401.9469765207,95.1175502506
2402.6609916742,95.1738211285
2403.3750068278,95.2075814393
2404.0890219813,95.1143956455
2404.8030371349,95.2259003020
2405.5170522884,95.3023838345
2406.2310674419,95.1718938788
2406.9450825955,95.1001925467
2407.6590977490,95.2040418398
2408.3731129026,95.3125107011
2409.0871280561,95.2112274089
2409.8011432097,95.1077321897
2410.5151583632,95.1701170952
2411.2291735167,95.1241570340
2411.9431886703,95.0366434311
2412.6572038238,95.1556919086
2413.3712189774,95.2407631188
2414.0852341309,95.1367762586
2414.7992492845,95.0620556242
2415.5132644380,95.1447801461
2416.2272795916,95.2248601896
2416.9412947451,95.1781696939
2417.6553098986,95.1584648549
2418.3693250522,95.1823448893
2419.0833402057,95.1350147189
2419.7973553593,95.1250406377
2420.5113705128,95.1923832584
2421.2253856664,95.2115827697
2421.9394008199,95.2005326796
2422.6534159734,95.2107758536
2423.3674311270,95.1507219403
2424.0814462805,95.0595913797
2424.7954614341,95.1579053423
2425.5094765876,95.2436907995
2426.2234917412,95.0935087116
2426.9375068947,95.1173670350
2427.6515220483,95.2440936263
2428.3655372018,95.0992758468
2429.0795523553,95.1321195802
2429.7935675089,95.2866102540
2430.5075826624,95.0969212145
2431.2215978160,95.0499181231
2431.9356129695,95.1807548854
2432.6496281231,95.0663734594
2433.3636432766,95.1041688868
2434.0776584301,95.2431148154
2434.7916735837,95.1010474493
2435.5056887372,95.0919355916
2436.2197038908,95.2732084141
2436.9337190443,95.2264783779
2437.6477341979,95.1056440379
2438.3617493514,95.1800332280
2439.0757645050,95.2768514978
2439.7897796585,95.2249491358
2440.5037948120,95.1622188527
2441.2178099656,95.1653245153
2441.9318251191,95.1869338055
2442.6458402727,95.2410445629
2443.3598554262,95.2038702150
2444.0738705798,95.1258517958
2444.7878857333,95.2006494028
2445.5019008868,95.1761501072
2446.2159160404,95.0527658764
2446.9299311939,95.1374861302
2447.6439463475,95.2080486894
2448.3579615010,95.2169441651
2449.0719766546,95.3288563632
2449.7859918081,95.3456624652
2450.5000069616,95.3049461945
2451.2140221152,95.2163369339
2451.9280372687,95.0427738818
2452.6420524223,95.1226594038
2453.3560675758,95.3210195009
2454.0700827294,95.3178907350
2454.7840978829,95.2840235750
2455.4981130365,95.1976065408
2456.2121281900,95.1464139600
2456.9261433435,95.2622616855
2457.6401584971,95.1985867234
2458.3541736506,95.1133053143
2459.0681888042,95.2839913594
2459.7822039577,95.3365272569
2460.4962191113,95.2806710057
2461.2102342648,95.2719673646
2461.9242494183,95.1481953632
2462.6382645719,95.0793403490
2463.3522797254,95.1312006173
2464.0662948790,95.1592273463
2464.7803100325,95.2444224375
2465.4943251861,95.2654505985
2466.2083403396,95.2003174376
2466.9223554932,95.2420953662
2467.6363706467,95.2188269178
2468.3503858002,95.1030163863
2469.0644009538,95.0919273429
2469.7784161073,95.0970905399
2470.4924312609,95.1630650799
2471.2064464144,95.2641190423
2471.9204615680,95.1878091638
2472.6344767215,95.1921018183
2473.3484918750,95.3610615423
2474.0625070286,95.2938664436
2474.7765221821,95.1315697685
2475.4905373357,95.1235886284
2476.2045524892,95.1165153026
2476.9185676428,95.1942660732
2477.6325827963,95.2897993391
2478.3465979498,95.1314590897
2479.0606131034,95.0334792082
2479.7746282569,95.1682991833
2480.4886434105,95.2050684443
2481.2026585640,95.1636389330
2481.9166737176,95.1899101749
2482.6306888711,95.2031486941
2483.3447040247,95.1895268068
2484.0587191782,95.1598003882
2484.7727343317,95.1528952149
2485.4867494853,95.1757225015
2486.2007646388,95.1712365735
2486.9147797924,95.2131060778
2487.6287949459,95.2457062023
2488.3428100995,95.1729554913
2489.0568252530,95.1393781262
2489.7708404065,95.1256934485
2490.4848555601,95.1090092156
2491.1988707136,95.1875332054
2491.9128858672,95.1564918887
2492.6269010207,95.0479882490
2493.3409161743,95.1452315063
2494.0549313278,95.2326014518
2494.7689464814,95.1913972712
2495.4829616349,95.2372897188
2496.1969767884,95.2587251043
2496.9109919420,95.1639051855
2497.6250070955,95.1192476408
2498.3390222491,95.1090596549
2499.0530374026,95.0419765701
2499.7670525562,95.0219074868
2500.4810677097,95.1208449323
2501.1950828632,95.1704370540
2501.9090980168,95.1067331631
2502.6231131703,95.1063727935
2503.3371283239,95.1169631004
2504.0511434774,95.0987505120
2504.7651586310,95.2324904494
2505.4791737845,95.3149774338
2506.1931889380,95.1762504182
2506.9072040916,95.0896303718
2507.6212192451,95.0467689376
2508.3352343987,94.9823321100
2509.0492495522,95.0956255836
2509.7632647058,95.1719650133
2510.4772798593,95.0914182886
2511.1912950129,95.1706513057
2511.9053101664,95.2230946580
2512.6193253199,95.0585395419
2513.3333404735,95.0749719120
2514.0473556270,95.1539527527
2514.7613707806,95.0132960942
2515.4753859341,95.0534109362
2516.1894010877,95.2242588371
2516.9034162412,95.1331790102
2517.6174313947,95.1042918761
2518.3314465483,95.2279811550
2519.0454617018,95.1742514525
2519.7594768554,95.0965825504
2520.4734920089,95.1202228338
2521.1875071625,95.1289777582
2521.9015223160,95.0921690834
2522.6155374696,94.9969232246
2523.3295526231,95.0451795467
2524.0435677766,95.1932576188
2524.7575829302,95.1004723094
2525.4715980837,95.0450380885
2526.1856132373,95.1548802464
2526.8996283908,95.0558085189
2527.6136435444,94.9775234051
2528.3276586979,95.0819337175
2529.0416738514,95.0559920419
2529.7556890050,95.0016582809
2530.4697041585,95.0147057319
2531.1837193121,95.0209483518
2531.8977344656,95.0904601691
2532.6117496192,95.0878036075
2533.3257647727,95.0332420349
2534.0397799262,95.0586093680
2534.7537950798,95.0151461227
2535.4678102333,95.0270087169
2536.1818253869,95.1564653419
2536.8958405404,95.1093273961
2537.6098556940,95.0124441533
2538.3238708475,95.0301436470
2539.0378860011,95.0208154307
2539.7519011546,95.0673207864
2540.4659163081,95.1430809083
2541.1799314617,95.0449232189
2541.8939466152,94.8977822312
2542.6079617688,94.9222306490
2543.3219769223,95.0420741825
2544.0359920759,95.0102928208
2544.7500072294,94.9115416874
2545.4640223829,94.9891509695
2546.1780375365,94.9854348699
2546.8920526900,94.8396758027
2547.6060678436,94.9625365460
2548.3200829971,95.1422138591
2549.0340981507,95.0719113300
2549.7481133042,95.0077986893
2550.4621284578,94.9539947403
2551.1761436113,94.8929799705
2551.8901587648,94.9930298958
2552.6041739184,95.0269945883
2553.3181890719,94.9582155802
2554.0322042255,94.9723409735
2554.7462193790,94.9552004878
2555.4602345326,95.0049992349
2556.1742496861,95.1249968938
2556.8882648396,95.0583770541
2557.6022799932,95.0007903073
2558.3162951467,95.0001891708
2559.0303103003,94.9467638144
2559.7443254538,95.0815092225
2560.4583406074,95.1081238582
2561.1723557609,94.8742892890
2561.8863709144,94.9224934575
2562.6003860680,95.0187522906
2563.3144012215,94.9549641911
2564.0284163751,95.0711417024
2564.7424315286,95.0160834173
2565.4564466822,94.8926265458
2566.1704618357,95.1026178067
2566.8844769893,95.0814656658
2567.5984921428,94.9484588456
2568.3125072963,95.0372432561
2569.0265224499,94.8830852247
2569.7405376034,94.8945783764
2570.4545527570,95.1716738270
2571.1685679105,94.9860219612
2571.8825830641,94.9103625283
2572.5965982176,95.1757859817
2573.3106133711,95.0604618630
2574.0246285247,94.9411732875
2574.7386436782,95.0496130456
2575.4526588318,95.0407819075
2576.1666739853,95.0932734260
2576.8806891389,95.0551279172
2577.5947042924,94.8757352004
2578.3087194460,94.9541063387
2579.0227345995,95.0288864285
2579.7367497530,94.9447740239
2580.4507649066,94.9934475952
2581.1647800601,95.0238255834
2581.8787952137,94.9549872680
2582.5928103672,94.9879712828
2583.3068255208,95.0674320285
2584.0208406743,95.0654161326
2584.7348558278,95.0338564100
2585.4488709814,95.0172634126
2586.1628861349,94.9441899043
2586.8769012885,94.9222749964
2587.5909164420,94.9994405738
2588.3049315956,94.9233873572
2589.0189467491,94.8730370438
2589.7329619027,95.0361547819
2590.4469770562,95.0321298263
2591.1609922097,94.9357872957
2591.8750073633,94.9556130073
2592.5890225168,94.9355112858
2593.3030376704,95.0197576480
2594.0170528239,95.0714640876
2594.7310679775,94.9622062969
2595.4450831310,95.1321020924
2596.1590982845,95.2347348506
2596.8731134381,94.9579639078
2597.5871285916,94.9603806197
2598.3011437452,95.1097755255
2599.0151588987,95.0166475033
2599.7291740523,95.0440642348
2600.4431892058,95.0830537148
2601.1572043593,95.0051865101
2601.8712195129,95.0920717640
2602.5852346664,95.1173733814
2603.2992498200,94.9947524292
2604.0132649735,95.0268667361
2604.7272801271,95.1161887507
2605.4412952806,95.1479049593
2606.1553104342,95.1893760236
2606.8693255877,95.1756194255
2607.5833407412,95.1374951105
2608.2973558948,95.1644954565
2609.0113710483,95.1648441260
2609.7253862019,95.0856592604
2610.4394013554,95.0475235992
2611.1534165090,95.1084230852
2611.8674316625,95.1380381606
2612.5814468160,95.0686920770
2613.2954619696,95.0615635325
2614.0094771231,95.1757702905
2614.7234922767,95.1993708123
2615.4375074302,95.1261576949
2616.1515225838,95.1728759720
2616.8655377373,95.2101141764
2617.5795528909,95.1192628496
2618.2935680444,95.1179768177
2619.0075831979,95.1609300598
2619.7215983515,95.1354738958
2620.4356135050,95.1607314729
2621.1496286586,95.1576802495
2621.8636438121,95.1371330222
2622.5776589657,95.2225353159
2623.2916741192,95.2370079080
2624.0056892727,95.1852250972
2624.7197044263,95.2159897525
2625.4337195798,95.2597988797
2626.1477347334,95.2889499004
2626.8617498869,95.2356948089
2627.5757650405,95.1622240853
2628.2897801940,95.2419745378
2629.0037953475,95.2584796799
2629.7178105011,95.2002119198
2630.4318256546,95.2506690003
2631.1458408082,95.1750909155
2631.8598559617,95.1256364439
2632.5738711153,95.3251502964
2633.2878862688,95.3311616201
2634.0019014224,95.1914543404
2634.7159165759,95.2346599181
2635.4299317294,95.2258056587
2636.1439468830,95.2190438441
2636.8579620365,95.3607520569
2637.5719771901,95.3537626689
2638.2859923436,95.2565159158
2639.0000074972,95.3193386702
2639.7140226507,95.3499592953
2640.4280378042,95.2608503256
2641.1420529578,95.2999560603
2641.8560681113,95.4089401297
2642.5700832649,95.3318339042
2643.2840984184,95.2876997992
2643.9981135720,95.4202339813
2644.7121287255,95.3834204381
2645.4261438791,95.2642753276
2646.1401590326,95.3337253481
2646.8541741861,95.3489558309
2647.5681893397,95.3037617526
2648.2822044932,95.3608390829
2648.9962196468,95.3445779480
2649.7102348003,95.3006332094
2650.4242499539,95.3506438521
2651.1382651074,95.3528633180
2651.8522802609,95.2972853930
2652.5662954145,95.2661569803
2653.2803105680,95.2913795762
2653.9943257216,95.3322136126
2654.7083408751,95.3194097939
2655.4223560287,95.3881421000
2656.1363711822,95.4973481121
2656.8503863357,95.4272711843
2657.5644014893,95.3695947007
2658.2784166428,95.4379373993
2658.9924317964,95.4110312204
2659.7064469499,95.3431439550
2660.4204621035,95.3626077352
2661.1344772570,95.4047342335
2661.8484924106,95.4256762087
2662.5625075641,95.4132688130
2663.2765227176,95.4164085419
2663.9905378712,95.4387611404
2664.7045530247,95.4334354087
2665.4185681783,95.4667926776
2666.1325833318,95.4910835677
2666.8465984854,95.4397192223
2667.5606136389,95.4176275630
2668.2746287924,95.4106615374
2668.9886439460,95.3966177335
2669.7026590995,95.4023304282
2670.4166742531,95.3727684712
2671.1306894066,95.3919556853
2671.8447045602,95.4260571083
2672.5587197137,95.3406100314
2673.2727348673,95.3213269733
2673.9867500208,95.3664786256
2674.7007651743,95.3282847907
2675.4147803279,95.3602419957
2676.1287954814,95.3654704643
2676.8428106350,95.2456511875
2677.5568257885,95.2695568819
2678.2708409421,95.3429917293
2678.9848560956,95.2988218280
2679.6988712491,95.3103213761
2680.4128864027,95.3366893515
2681.1269015562,95.2967914194
2681.8409167098,95.2666399108
2682.5549318633,95.2497440793
2683.2689470169,95.3013943308
2683.9829621704,95.3653022280
2684.6969773239,95.3267330011
2685.4109924775,95.3042307917
2686.1250076310,95.3015231261
2686.8390227846,95.2477254791
2687.5530379381,95.2378683782
2688.2670530917,95.2547586253
2688.9810682452,95.2544280520
2689.6950833988,95.2768075142
2690.4090985523,95.2882830455
2691.1231137058,95.2646036881
2691.8371288594,95.2139862072
2692.5511440129,95.2083458110
2693.2651591665,95.2784764473
2693.9791743200,95.2724484855
2694.6931894736,95.2179943798
2695.4072046271,95.2198636105
2696.1212197806,95.1808223682
2696.8352349342,95.1862118825
2697.5492500877,95.2729507491
2698.2632652413,95.2480838744
2698.9772803948,95.2153462074
2699.6912955484,95.2535437753
2700.4053107019,95.2185379738
2701.1193258555,95.1735591318
2701.8333410090,95.1621207877
2702.5473561625,95.1736813510
2703.2613713161,95.2322697820
2703.9753864696,95.2190982178
2704.6894016232,95.2065817468
2705.4034167767,95.2683882445
2706.1174319303,95.2201838405
2706.8314470838,95.1766852782
2707.5454622373,95.2372184655
2708.2594773909,95.2308566766
2708.9734925444,95.2586716983
2709.6875076980,95.3153982754
2710.4015228515,95.2379815541
2711.1155380051,95.1915943068
2711.8295531586,95.2081432676
2712.5435683122,95.1754667529
2713.2575834657,95.1725124712
2713.9715986192,95.2019870354
2714.6856137728,95.2474531834
2715.3996289263,95.2692079542
2716.1136440799,95.2165243444
2716.8276592334,95.2295315067
2717.5416743870,95.2464944768
2718.2556895405,95.1912653292
2718.9697046940,95.2622050720
2719.6837198476,95.2861155665
2720.3977350011,95.1450184327
2721.1117501547,95.1826270452
2721.8257653082,95.2864828525
2722.5397804618,95.2166565487
2723.2537956153,95.1980136337
2723.9678107688,95.2487809606
2724.6818259224,95.2498634014
2725.3958410759,95.2509188668
2726.1098562295,95.1939743339
2726.8238713830,95.1170034540
2727.5378865366,95.1600681117
2728.2519016901,95.2287689807
2728.9659168437,95.2239646985
2729.6799319972,95.2377826139
2730.3939471507,95.2900661928
2731.1079623043,95.2525473542
2731.8219774578,95.1827767752
2732.5359926114,95.2428446608
2733.2500077649,95.2810688826
2733.9640229185,95.1978667235
2734.6780380720,95.1913270364
2735.3920532255,95.2316034788
2736.1060683791,95.1874034813
2736.8200835326,95.1565062268
2737.5340986862,95.1920286900
2738.2481138397,95.2468741953
2738.9621289933,95.2342730272
2739.6761441468,95.1536301707
2740.3901593004,95.1755031339
2741.1041744539,95.2387891111
2741.8181896074,95.1875291532
2742.5322047610,95.1627399096
2743.2462199145,95.1964091360
2743.9602350681,95.1923787943
2744.6742502216,95.2104343824
2745.3882653752,95.2240670174
2746.1022805287,95.2142756204
2746.8162956822,95.2580138190
2747.5303108358,95.2732634469
2748.2443259893,95.2282123408
2748.9583411429,95.2403500900
2749.6723562964,95.2767361268
2750.3863714500,95.2328876178
2751.1003866035,95.1830899593
2751.8144017570,95.2414853746
2752.5284169106,95.2874328329
2753.2424320641,95.2177377153
2753.9564472177,95.2191343172
2754.6704623712,95.2906800425
2755.3844775248,95.2325870395
2756.0984926783,95.1877722447
2756.8125078319,95.2612631396
2757.5265229854,95.2634650562
2758.2405381389,95.2220921756
2758.9545532925,95.2432935027
2759.6685684460,95.2500339306
2760.3825835996,95.2589458961
2761.0965987531,95.3071720874
2761.8106139067,95.3214282860
2762.5246290602,95.2975145249
2763.2386442137,95.2668752758
2763.9526593673,95.2548344080
2764.6666745208,95.2998507120
2765.3806896744,95.3165313085
2766.0947048279,95.2352419012
2766.8087199815,95.2092342306
2767.5227351350,95.3013303260
2768.2367502886,95.3317411740
2768.9507654421,95.2406530056
2769.6647805956,95.1658973982
2770.3787957492,95.2109411371
2771.0928109027,95.3043469853
2771.8068260563,95.2856562453
2772.5208412098,95.2464892578
2773.2348563634,95.3359595770
2773.9488715169,95.3510908931
2774.6628866704,95.2500408037
2775.3769018240,95.2635999717
2776.0909169775,95.2906388772
2776.8049321311,95.2356384221
2777.5189472846,95.2455977977
2778.2329624382,95.2849307337
2778.9469775917,95.3081110681
2779.6609927452,95.3077276802
2780.3750078988,95.2425786439
2781.0890230523,95.2599075223
2781.8030382059,95.3181429025
2782.5170533594,95.2531465985
2783.2310685130,95.2508781534
2783.9450836665,95.3220376155
2784.6590988201,95.2985323588
2785.3731139736,95.3004351573
2786.0871291271,95.3379283284
2786.8011442807,95.3410716633
2787.5151594342,95.3537577326
2788.2291745878,95.3128526777
2788.9431897413,95.2811990439
2789.6572048949,95.3006652930
2790.3712200484,95.2545305487
2791.0852352019,95.2866118345
2791.7992503555,95.3845937152
2792.5132655090,95.3246599009
2793.2272806626,95.2942632182
2793.9412958161,95.3686272915
2794.6553109697,95.3511666980
2795.3693261232,95.3273360850
2796.0833412768,95.3266351877
2796.7973564303,95.2792960632
2797.5113715838,95.2885857777
2798.2253867374,95.3481508069
2798.9394018909,95.3959794252
2799.6534170445,95.3911031769
2800.3674321980,95.2979700035
2801.0814473516,95.2920787832
2801.7954625051,95.3797363619
2802.5094776586,95.3376296719
2803.2234928122,95.2825048303
2803.9375079657,95.3412388249
2804.6515231193,95.3522297735
2805.3655382728,95.3371442617
2806.0795534264,95.3793604521
2806.7935685799,95.3646948978
2807.5075837334,95.3215562056
2808.2215988870,95.3621818141
2808.9356140405,95.3747640004
2809.6496291941,95.3492758179
2810.3636443476,95.4447368185
2811.0776595012,95.4840065106
2811.7916746547,95.3278553614
2812.5056898083,95.3233441712
2813.2197049618,95.4874132575
2813.9337201153,95.4656335297
2814.6477352689,95.3881609355
2815.3617504224,95.4378107430
2816.0757655760,95.4420975833
2816.7897807295,95.3949302987
2817.5037958831,95.3812634520
2818.2178110366,95.3736415754
2818.9318261901,95.4058331295
2819.6458413437,95.4761979703
2820.3598564972,95.5186842196
2821.0738716508,95.5070538735
2821.7878868043,95.4695331201
2822.5019019579,95.4792728218
2823.2159171114,95.5226620359
2823.9299322650,95.5623733149
2824.6439474185,95.5967718701
2825.3579625720,95.5417437275
2826.0719777256,95.4603384966
2826.7859928791,95.5038387786
2827.5000080327,95.5539283752
2828.2140231862,95.5344629172
2828.9280383398,95.5404235936
2829.6420534933,95.5187706260
2830.3560686468,95.4698915401
2831.0700838004,95.4996919505
2831.7840989539,95.5414397559
2832.4981141075,95.5473055110
2833.2121292610,95.5845552502
2833.9261444146,95.5975609228
2834.6401595681,95.5183603297
2835.3541747217,95.4600251612
2836.0681898752,95.5043244480
2836.7822050287,95.5590029797
2837.4962201823,95.5738465974
2838.2102353358,95.5921083443
2838.9242504894,95.5875801782
2839.6382656429,95.5380863414
2840.3522807965,95.5098279339
2841.0662959500,95.5646257160
2841.7803111035,95.6548422906
2842.4943262571,95.6210866155
2843.2083414106,95.4991348455
2843.9223565642,95.5449917806
2844.6363717177,95.6878220738
2845.3503868713,95.6751573312
2846.0644020248,95.6409894130
2846.7784171783,95.7087349195
2847.4924323319,95.7088504248
2848.2064474854,95.6759607995
2848.9204626390,95.7604499636
2849.6344777925,95.8439139928
2850.3484929461,95.8534500624
2851.0625080996,95.9205023361
2851.7765232532,96.0309730877
2852.4905384067,96.0655192507
2853.2045535602,96.0868534909
2853.9185687138,96.1757249092
2854.6325838673,96.2345906043
2855.3465990209,96.2161968416
2856.0606141744,96.2433530077
2856.7746293280,96.3288301219
2857.4886444815,96.3707871009
2858.2026596350,96.4608567762
2858.9166747886,96.6344548458
2859.6306899421,96.7075785112
2860.3447050957,96.7564174349
2861.0587202492,96.9042940910
2861.7727354028,96.9941640899
2862.4867505563,97.0942000072
2863.2007657099,97.2577631399
2863.9147808634,97.2738417207
2864.6287960169,97.2880263714
2865.3428111705,97.4142276444
2866.0568263240,97.4852625928
2866.7708414776,97.6227267152
2867.4848566311,97.7831521991
2868.1988717847,97.7867037211
2868.9128869382,97.8839675828
2869.6269020917,98.0928408692
2870.3409172453,98.1781866907
2871.0549323988,98.1804576172
2871.7689475524,98.1656733074
2872.4829627059,98.2570056542
2873.1969778595,98.4500381911
2873.9109930130,98.5050722733
2874.6250081665,98.4967445966
2875.3390233201,98.5594187912
2876.0530384736,98.6643702074
2876.7670536272,98.8436025373
2877.4810687807,98.9814580184
2878.1950839343,99.0903374508
2878.9090990878,99.3343474983
2879.6231142414,99.6185777881
2880.3371293949,99.9507225895
2881.0511445484,100.3142929968
2881.7651597020,100.5511418028
2882.4791748555,100.8416559927
2883.1931900091,101.1264616834
2883.9072051626,101.0930783455
2884.6212203162,100.8856456446
2885.3352354697,100.6938854517
2886.0492506232,100.6241156473
2886.7632657768,100.7701217403
2887.4772809303,100.9825633732
2888.1912960839,101.1420585782
2888.9053112374,101.1706493118
2889.6193263910,101.0479616449
2890.3333415445,100.9567221964
2891.0473566981,100.8766776767
2891.7613718516,100.7746161727
2892.4753870051,100.7121090015
2893.1894021587,100.4959171399
2893.9034173122,100.2625681052
2894.6174324658,100.2718660608
2895.3314476193,100.1659707490
2896.0454627729,99.9303142456
2896.7594779264,99.9352750112
2897.4734930799,99.9190876492
2898.1875082335,99.7872125141
2898.9015233870,99.8174740761
2899.6155385406,99.7874635992
2900.3295536941,99.6533409309
2901.0435688477,99.6819339001
2901.7575840012,99.6761890565
2902.4715991547,99.5637005219
2903.1856143083,99.5127443675
2903.8996294618,99.4029254120
2904.6136446154,99.2984546089
2905.3276597689,99.2768540335
2906.0416749225,99.1451166478
2906.7556900760,99.0761277657
2907.4697052296,99.1463505730
2908.1837203831,99.0735317264
2908.8977355366,99.0321770750
2909.6117506902,99.0694256008
2910.3257658437,98.8711603517
2911.0397809973,98.7335112208
2911.7537961508,98.8205779828
2912.4678113044,98.7567647186
2913.1818264579,98.6964903795
2913.8958416114,98.7757304647
2914.6098567650,98.6791043967
2915.3238719185,98.5829705709
2916.0378870721,98.6550268746
2916.7519022256,98.6263816627
2917.4659173792,98.5932457206
2918.1799325327,98.6414675373
2918.8939476863,98.5610599978
2919.6079628398,98.4725901304
2920.3219779933,98.4713679977
2921.0359931469,98.4224580146
2921.7500083004,98.3846659251
2922.4640234540,98.3597702088
2923.1780386075,98.3353364637
2923.8920537611,98.4321202455
2924.6060689146,98.5305076356
2925.3200840681,98.6087559552
2926.0340992217,98.7999945015
2926.7481143752,98.8726866451
2927.4621295288,98.7945030282
2928.1761446823,98.8752536075
2928.8901598359,99.0210445386
2929.6041749894,99.1408331725
2930.3181901429,99.3351515103
2931.0322052965,99.3832253340
2931.7462204500,99.2707053343
2932.4602356036,99.2375564444
2933.1742507571,99.1479910206
2933.8882659107,99.0429606226
2934.6022810642,99.1120230933
2935.3162962178,99.0891321388
2936.0303113713,98.9540287323
2936.7443265248,99.0325889485
2937.4583416784,99.2116523000
2938.1723568319,99.3052347826
2938.8863719855,99.3961099220
2939.6003871390,99.4182665816
2940.3144022926,99.3154248561
2941.0284174461,99.2698871759
2941.7424325996,99.3919496541
2942.4564477532,99.5225481409
2943.1704629067,99.5441922924
2943.8844780603,99.6948378712
2944.5984932138,100.0599178599
2945.3125083674,100.3072111905
2946.0265235209,100.4679346267
2946.7405386745,100.7781074383
2947.4545538280,100.9927175713
2948.1685689815,101.0279708048
2948.8825841351,101.1545365791
2949.5965992886,101.3401319273
2950.3106144422,101.4588070298
2951.0246295957,101.6374944648
2951.7386447493,102.0005878662
2952.4526599028,102.3966326904
2953.1666750563,102.5729273858
2953.8806902099,102.6777651778
2954.5947053634,102.9157157428
2955.3087205170,103.1046970506
2956.0227356705,103.2505233265
2956.7367508241,103.5058243371
2957.4507659776,103.7063246370
2958.1647811312,103.8242807732
2958.8787962847,104.0262948226
2959.5928114382,104.2914954831
2960.3068265918,104.5359268337
2961.0208417453,104.7183606670
2961.7348568989,104.9477967832
2962.4488720524,105.3101025094
2963.1628872060,105.6103228111
2963.8769023595,105.8891880668
2964.5909175130,106.4151482777
2965.3049326666,107.0437058115
2966.0189478201,107.4194379731
2966.7329629737,107.5792950831
2967.4469781272,107.9188028999
2968.1609932808,108.2474445383
2968.8750084343,108.4664733849
2969.5890235878,110.1918306624
2970.3030387414,113.5432877670
2971.0170538949,114.2676042960
2971.7310690485,111.9174968003
2972.4450842020,110.7970096987
2973.1590993556,110.8976919787
2973.8731145091,110.6436378240
2974.5871296627,110.5775048742
2975.3011448162,110.8341400782
2976.0151599697,111.2987704234
2976.7291751233,112.2348709286
2977.4431902768,113.0903208153
2978.1572054304,113.9470458418
2978.8712205839,115.6964433156
2979.5852357375,117.3979945225
2980.2992508910,117.6774673641
2981.0132660445,118.8240617147
2981.7272811981,121.7132805860
2982.4412963516,119.8571262151
2983.1553115052,113.5584737837
2983.8693266587,110.3837436271
2984.5833418123,109.8362757489
2985.2973569658,109.0307375106
2986.0113721194,108.7118294389
2986.7253872729,108.4908002077
2987.4394024264,107.5696635043
2988.1534175800,107.3062523345
2988.8674327335,107.3239469548
2989.5814478871,107.1205132457
2990.2954630406,107.2741185621
2991.0094781942,107.0401429531
2991.7234933477,106.5622076282
2992.4375085012,106.4750816887
2993.1515236548,106.1417393233
2993.8655388083,105.7830662360
2994.5795539619,105.7288333790
2995.2935691154,105.5668350595
2996.0075842690,105.2934163337
2996.7215994225,104.9288438498
2997.4356145760,104.7079519102
2998.1496297296,104.6158923792
2998.8636448831,104.1795690933
2999.5776600367,103.6848487042
3000.2916751902,103.2651524913
3001.0056903438,102.7865210814
3001.7197054973,102.4193228629
3002.4337206509,101.8647417552
3003.1477358044,101.2672053079
3003.8617509579,100.9302338474
3004.5757661115,100.4077042218
3005.2897812650,99.8766064935
3006.0037964186,99.5692296772
3006.7178115721,99.1493820634
3007.4318267257,98.6914869159
3008.1458418792,98.2004679088
3008.8598570327,97.7809882874
3009.5738721863,97.6154296946
3010.2878873398,97.2828351630
3011.0019024934,96.8851245178
3011.7159176469,96.7481766526
3012.4299328005,96.5262536185
3013.1439479540,96.2684213017
3013.8579631076,96.1062509875
3014.5719782611,95.8617113240
3015.2859934146,95.6981175487
3016.0000085682,95.6144579315
3016.7140237217,95.5153802646
3017.4280388753,95.4842307434
3018.1420540288,95.4234180697
3018.8560691824,95.3744613825
3019.5700843359,95.3168018031
3020.2840994894,95.1759452113
3020.9981146430,95.2003339909
3021.7121297965,95.2505221220
3022.4261449501,95.1583364541
3023.1401601036,95.1558309004
3023.8541752572,95.1265770705
3024.5681904107,95.0534011216
3025.2822055642,95.0431987541
3025.9962207178,94.9504393060
3026.7102358713,94.9593144742
3027.4242510249,95.0256719096
3028.1382661784,94.9421044039
3028.8522813320,94.9958793723
3029.5662964855,95.0409416935
3030.2803116391,94.9209216503
3030.9943267926,94.9532555680
3031.7083419461,94.9610207275
3032.4223570997,94.9243163669
3033.1363722532,95.0135416780
3033.8503874068,94.9610004843
3034.5644025603,94.9428661408
3035.2784177139,95.0353138177
3035.9924328674,94.9152534771
3036.7064480209,94.8455157034
3037.4204631745,94.8770723743
3038.1344783280,94.8249279313
3038.8484934816,94.9105706525
3039.5625086351,94.9764891766
3040.2765237887,94.8748357281
3040.9905389422,94.8281441261
3041.7045540958,94.8527881776
3042.4185692493,94.9915305062
3043.1325844028,95.0458030889
3043.8465995564,94.8391913395
3044.5606147099,94.8326788084
3045.2746298635,94.9668998290
3045.9886450170,94.8509932482
3046.7026601706,94.7808810092
3047.4166753241,94.8020107570
3048.1306904776,94.7375519748
3048.8447056312,94.7760593442
3049.5587207847,94.8318111559
3050.2727359383,94.7825297382
3050.9867510918,94.7635573519
3051.7007662454,94.6853222375
3052.4147813989,94.5441119900
3053.1287965524,94.6056974123
3053.8428117060,94.7969139626
3054.5568268595,94.7493983452
3055.2708420131,94.5283289802
3055.9848571666,94.4999608368
3056.6988723202,94.6060324108
3057.4128874737,94.6446654942
3058.1269026273,94.6814344039
3058.8409177808,94.6834489648
3059.5549329343,94.6212699896
3060.2689480879,94.5911417962
3060.9829632414,94.5905141956
3061.6969783950,94.6127553501
3062.4109935485,94.6263974650
3063.1250087021,94.6300086339
3063.8390238556,94.7105294944
3064.5530390091,94.7413370228
3065.2670541627,94.6366849936
3065.9810693162,94.5727948780
3066.6950844698,94.6013698598
3067.4090996233,94.6539687900
3068.1231147769,94.6601049072
3068.8371299304,94.6281859054
3069.5511450840,94.6282220396
3070.2651602375,94.6166215347
3070.9791753910,94.6534318636
3071.6931905446,94.7440345781
3072.4072056981,94.6666585787
3073.1212208517,94.5849177849
3073.8352360052,94.6754611544
3074.5492511588,94.6715524701
3075.2632663123,94.5941570441
3075.9772814658,94.5955049170
3076.6912966194,94.5926770017
3077.4053117729,94.6286942116
3078.1193269265,94.6924468143
3078.8333420800,94.7027033550
3079.5473572336,94.6590514401
3080.2613723871,94.5448730296
3080.9753875406,94.5316304321
3081.6894026942,94.6334327794
3082.4034178477,94.6231985365
3083.1174330013,94.6397647186
3083.8314481548,94.7294823824
3084.5454633084,94.6592865910
3085.2594784619,94.5800381646
3085.9734936155,94.6507716105
3086.6875087690,94.7028773724
3087.4015239225,94.6728848484
3088.1155390761,94.6764689078
3088.8295542296,94.7538377400
3089.5435693832,94.7325750083
3090.2575845367,94.6059738052
3090.9715996903,94.6234964589
3091.6856148438,94.7027249143
3092.3996299973,94.6868329884
3093.1136451509,94.6993724354
3093.8276603044,94.7157076199
3094.5416754580,94.7062694394
3095.2556906115,94.7434761352
3095.9697057651,94.7214977177
3096.6837209186,94.6238054136
3097.3977360722,94.5580690808
3098.1117512257,94.5628369511
3098.8257663792,94.6546698941
3099.5397815328,94.7324236711
3100.2537966863,94.7508135229
3100.9678118399,94.7631567368
3101.6818269934,94.6784191613
3102.3958421470,94.5896747615
3103.1098573005,94.6817626899
3103.8238724540,94.7454981847
3104.5378876076,94.6625028570
3105.2519027611,94.6528069408
3105.9659179147,94.6916251691
3106.6799330682,94.6472677167
3107.3939482218,94.6544793219
3108.1079633753,94.7165929518
3108.8219785289,94.6959651553
3109.5359936824,94.7316431927
3110.2500088359,94.8668246542
3110.9640239895,94.8709530417
3111.6780391430,94.7943640264
3112.3920542966,94.7883501372
3113.1060694501,94.7493059542
3113.8200846037,94.6799540278
3114.5340997572,94.7014803633
3115.2481149107,94.7711197807
3115.9621300643,94.7966791877
3116.6761452178,94.8008620168
3117.3901603714,94.8400159661
3118.1041755249,94.8342270103
3118.8181906785,94.7452179419
3119.5322058320,94.6994482649
3120.2462209855,94.7016674594
3120.9602361391,94.7297982672
3121.6742512926,94.7807711517
3122.3882664462,94.7726387632
3123.1022815997,94.8118014392
3123.8162967533,94.8549914706
3124.5303119068,94.7076236642
3125.2443270604,94.6711077068
3125.9583422139,94.7967848035
3126.6723573674,94.7315540198
3127.3863725210,94.7423229191
3128.1003876745,94.8791360626
3128.8144028281,94.7542717564
3129.5284179816,94.6957632953
3130.2424331352,94.8576587171
3130.9564482887,94.8244128807
3131.6704634422,94.7737766624
3132.3844785958,94.9010358690
3133.0984937493,94.9390431351
3133.8125089029,94.9266211124
3134.5265240564,94.9097332189
3135.2405392100,94.7680386343
3135.9545543635,94.7544235544
3136.6685695171,94.9253675556
3137.3825846706,94.9209694701
3138.0965998241,94.8468191379
3138.8106149777,94.9359519453
3139.5246301312,94.9438829052
3140.2386452848,94.8708175930
3140.9526604383,94.8743297397
3141.6666755919,94.7950662427
3142.3806907454,94.7616503186
3143.0947058989,94.8949517024
3143.8087210525,94.9342752303
3144.5227362060,94.9411850920
3145.2367513596,94.9516360391
3145.9507665131,94.8297644297
3146.6647816667,94.8267801132
3147.3787968202,94.8887875971
3148.0928119737,94.7919854998
3148.8068271273,94.8153006617
3149.5208422808,94.9311397061
3150.2348574344,94.9302984873
3150.9488725879,94.9636759987
3151.6628877415,94.9723160232
3152.3769028950,94.9100974129
3153.0909180486,94.9116742823
3153.8049332021,94.9118833436
3154.5189483556,94.9311818544
3155.2329635092,95.0010105004
3155.9469786627,94.9836546085
3156.6609938163,94.8681778757
3157.3750089698,94.8179665948
3158.0890241234,94.9790846478
3158.8030392769,95.0537692297
3159.5170544304,94.8230303740
3160.2310695840,94.8106694790
3160.9450847375,94.9709215749
3161.6590998911,94.8178109582
3162.3731150446,94.8152314190
3163.0871301982,95.0291855050
3163.8011453517,94.9327104066
3164.5151605053,94.8848281984
3165.2291756588,95.0036387090
3165.9431908123,94.9263747025
3166.6572059659,94.9034776434
3167.3712211194,94.9411147237
3168.0852362730,94.8951187750
3168.7992514265,94.9985597898
3169.5132665801,95.0026281480
3170.2272817336,94.8320274595
3170.9412968871,94.8913282843
3171.6553120407,94.9568474528
3172.3693271942,94.9356564418
3173.0833423478,95.0861274831
3173.7973575013,95.0474823483
3174.5113726549,94.8639247601
3175.2253878084,95.0243975083
3175.9394029619,95.1362127847
3176.6534181155,94.9700358534
3177.3674332690,94.9464851080
3178.0814484226,94.9911577990
3178.7954635761,94.9719746963
3179.5094787297,95.0007702289
3180.2234938832,95.0026062297
3180.9375090368,94.9976471024
3181.6515241903,94.9176964675
3182.3655393438,94.8162672482
3183.0795544974,94.9927995482
3183.7935696509,95.0497318340
3184.5075848045,94.8324291445
3185.2215999580,94.9488699163
3185.9356151116,95.1075340993
3186.6496302651,94.9718584364
3187.3636454186,94.9722486079
3188.0776605722,94.9825152587
3188.7916757257,94.9979839321
3189.5056908793,95.1689106068
3190.2197060328,95.0326179454
3190.9337211864,94.8732521541
3191.6477363399,95.0387167594
3192.3617514935,95.0101223360
3193.0757666470,94.9475369903
3193.7897818005,95.0283014478
3194.5037969541,94.9050813500
3195.2178121076,94.8963680165
3195.9318272612,95.0589478503
3196.6458424147,95.0456170924
3197.3598575683,95.0277915975
3198.0738727218,94.9904825840
3198.7878878753,94.9384966484
3199.5019030289,95.0171104897
3200.2159181824,94.9510628666
3200.9299333360,94.8402535757
3201.6439484895,94.9230130265
3202.3579636431,94.9657581115
3203.0719787966,94.9939355589
3203.7859939501,95.0277071544
3204.5000091037,94.9508281865
3205.2140242572,94.9768812405
3205.9280394108,95.0412515448
3206.6420545643,94.9205787516
3207.3560697179,94.8071945438
3208.0700848714,94.8391622528
3208.7841000250,94.9141977462
3209.4981151785,94.9269538984
3210.2121303320,94.8898619314
3210.9261454856,94.8829486397
3211.6401606391,94.8851991928
3212.3541757927,94.9349551180
3213.0681909462,94.9881316969
3213.7822060998,94.8850328758
3214.4962212533,94.8061613128
3215.2102364068,94.8481669949
3215.9242515604,94.8326188138
3216.6382667139,94.8813159573
3217.3522818675,94.9899398827
3218.0662970210,94.9114021279
3218.7803121746,94.7866858565
3219.4943273281,94.8219632004
3220.2083424817,94.8924329887
3220.9223576352,94.8620931876
3221.6363727887,94.8142820343
3222.3503879423,94.8269535847
3223.0644030958,94.7241043790
3223.7784182494,94.5630160876
3224.4924334029,94.7324084165
3225.2064485565,95.0219576057
3225.9204637100,94.9262575435
3226.6344788635,94.6986914120
3227.3484940171,94.7057013400
3228.0625091706,94.6936284005
3228.7765243242,94.5849960376
3229.4905394777,94.6477031157
3230.2045546313,94.7994729976
3230.9185697848,94.8884710119
3231.6325849384,94.8806626291
3232.3466000919,94.6310627815
3233.0606152454,94.5263028375
3233.7746303990,94.8233622993
3234.4886455525,94.8617836726
3235.2026607061,94.7064693991
3235.9166758596,94.8462855523
3236.6306910132,94.8036211798
3237.3447061667,94.6415184233
3238.0587213202,94.7570512521
3238.7727364738,94.7366681418
3239.4867516273,94.7184131335
3240.2007667809,94.8177872245
3240.9147819344,94.6045432009
3241.6287970880,94.5817838989
3242.3428122415,94.8591712836
3243.0568273950,94.7595034181
3243.7708425486,94.6443988383
3244.4848577021,94.7342473763
3245.1988728557,94.6570808657
3245.9128880092,94.6667423544
3246.6269031628,94.6721426231
3247.3409183163,94.4572003560
3248.0549334699,94.5207209215
3248.7689486234,94.7433181151
3249.4829637769,94.6513945481
3250.1969789305,94.5639351861
3250.9109940840,94.6386946403
3251.6250092376,94.5700244934
3252.3390243911,94.5128987314
3253.0530395447,94.6529259248
3253.7670546982,94.6641226609
3254.4810698517,94.5454165775
3255.1950850053,94.5878231416
3255.9091001588,94.5663555992
3256.6231153124,94.4810898553
3257.3371304659,94.6556241211
3258.0511456195,94.7676701759
3258.7651607730,94.6297792152
3259.4791759266,94.5860380785
3260.1931910801,94.6165576570
3260.9072062336,94.6056958444
3261.6212213872,94.5901626255
3262.3352365407,94.5392112150
3263.0492516943,94.5379584748
3263.7632668478,94.5670330776
3264.4772820014,94.5685612617
3265.1912971549,94.6097597401
3265.9053123084,94.5984953401
3266.6193274620,94.5816859392
3267.3333426155,94.6050657073
3268.0473577691,94.4941370229
3268.7613729226,94.4392858061
3269.4753880762,94.5359158411
3270.1894032297,94.5337685857
3270.9034183832,94.5281061539
3271.6174335368,94.5395894987
3272.3314486903,94.4920988244
3273.0454638439,94.5475173067
3273.7594789974,94.5557798302
3274.4734941510,94.4831797285
3275.1875093045,94.5425053005
3275.9015244581,94.5310083795
3276.6155396116,94.4747541593
3277.3295547651,94.5635013872
3278.0435699187,94.5892915277
3278.7575850722,94.5701610134
3279.4716002258,94.5293820625
3280.1856153793,94.4722256663
3280.8996305329,94.6967263243
3281.6136456864,94.7819701238
3282.3276608399,94.3923530021
3283.0416759935,94.3505993743
3283.7556911470,94.7099767273
3284.4697063006,94.7149145394
3285.1837214541,94.5506013638
3285.8977366077,94.5444866061
3286.6117517612,94.6026058793
3287.3257669148,94.6607313376
3288.0397820683,94.5763787335
3288.7537972218,94.4967188307
3289.4678123754,94.5413041872
3290.1818275289,94.5114369396
3290.8958426825,94.6506423320
3291.6098578360,94.8410011221
3292.3238729896,94.5972341040
3293.0378881431,94.4881564762
3293.7519032966,94.6534185290
3294.4659184502,94.4692542798
3295.1799336037,94.4057377745
3295.8939487573,94.6612145681
3296.6079639108,94.6608121757
3297.3219790644,94.6665179687
3298.0359942179,94.6949718391
3298.7500093714,94.5330272276
3299.4640245250,94.6574860748
3300.1780396785,94.7348686281
3300.8920548321,94.4523132885
3301.6060699856,94.5274267725
3302.3200851392,94.7272332560
3303.0341002927,94.6013713672
3303.7481154463,94.6092139144
3304.4621305998,94.5970169079
3305.1761457533,94.4248559639
3305.8901609069,94.5496919799
3306.6041760604,94.7245412153
3307.3181912140,94.6426511768
3308.0322063675,94.5340315056
3308.7462215211,94.4775684132
3309.4602366746,94.5443354924
3310.1742518281,94.6659580063
3310.8882669817,94.6278365769
3311.6022821352,94.5837040690
3312.3162972888,94.6188714236
3313.0303124423,94.6045131297
3313.7443275959,94.6676166788
3314.4583427494,94.8237040589
3315.1723579030,94.8054619206
3315.8863730565,94.6129193463
3316.6003882100,94.5615401528
3317.3144033636,94.7240508474
3318.0284185171,94.7780152521
3318.7424336707,94.5914194405
3319.4564488242,94.4549768256
3320.1704639778,94.5257589769
3320.8844791313,94.6019930382
3321.5984942848,94.5721712967
3322.3125094384,94.5981055963
3323.0265245919,94.7212797132
3323.7405397455,94.7491252122
3324.4545548990,94.6342730429
3325.1685700526,94.5735146342
3325.8825852061,94.7034672503
3326.5966003596,94.8184845461
3327.3106155132,94.7264210567
3328.0246306667,94.6929019291
3328.7386458203,94.7454915624
3329.4526609738,94.5997410771
3330.1666761274,94.5608631252
3330.8806912809,94.7750651735
3331.5947064345,94.7286816393
3332.3087215880,94.5409537461
3333.0227367415,94.6191925156
3333.7367518951,94.7053945335
3334.4507670486,94.6967372550
3335.1647822022,94.7339942545
3335.8787973557,94.6736207263
3336.5928125093,94.5894120911
3337.3068276628,94.7045669740
3338.0208428163,94.8169895570
3338.7348579699,94.7784797155
3339.4488731234,94.7571658305
3340.1628882770,94.7164433435
3340.8769034305,94.6473301354
3341.5909185841,94.7782669187
3342.3049337376,94.8908845264
3343.0189488912,94.7808196707
3343.7329640447,94.7817970751
3344.4469791982,94.7936949573
3345.1609943518,94.6906873517
3345.8750095053,94.7987677042
3346.5890246589,94.7883970575
3347.3030398124,94.5232675020
3348.0170549660,94.6393481461
3348.7310701195,94.8698509028
3349.4450852730,94.7130724674
3350.1591004266,94.5989821749
3350.8731155801,94.6946156298
3351.5871307337,94.7023584704
3352.3011458872,94.5554246127
3353.0151610408,94.4827916205
3353.7291761943,94.6760991516
3354.4431913478,94.8011990367
3355.1572065014,94.7183462273
3355.8712216549,94.7367165144
3356.5852368085,94.7279989444
3357.2992519620,94.6601402510
3358.0132671156,94.7015155121
3358.7272822691,94.6667858720
3359.4412974227,94.6981056808
3360.1553125762,94.8100892478
3360.8693277297,94.6732941659
3361.5833428833,94.6264698657
3362.2973580368,94.7352016946
3363.0113731904,94.6200099843
3363.7253883439,94.6168568137
3364.4394034975,94.7982739423
3365.1534186510,94.7592021115
3365.8674338045,94.6207661965
3366.5814489581,94.5661291459
3367.2954641116,94.6080184335
3368.0094792652,94.7161369559
3368.7234944187,94.7270513635
3369.4375095723,94.7187560217
3370.1515247258,94.7377076714
3370.8655398794,94.6552342436
3371.5795550329,94.6362408178
3372.2935701864,94.7422873961
3373.0075853400,94.7518422682
3373.7216004935,94.6791382324
3374.4356156471,94.6326818892
3375.1496308006,94.5502115971
3375.8636459542,94.5105226732
3376.5776611077,94.6748442304
3377.2916762612,94.7677385072
3378.0056914148,94.6180514138
3378.7197065683,94.6243998999
3379.4337217219,94.7127107017
3380.1477368754,94.6325553840
3380.8617520290,94.7231475743
3381.5757671825,94.7873651138
3382.2897823361,94.5571696794
3383.0037974896,94.5327961301
3383.7178126431,94.6641670425
3384.4318277967,94.6844062651
3385.1458429502,94.7459554709
3385.8598581038,94.6656591006
3386.5738732573,94.5910764086
3387.2878884109,94.7544685231
3388.0019035644,94.7462435592
3388.7159187179,94.6634802207
3389.4299338715,94.7015433226
3390.1439490250,94.6230393256
3390.8579641786,94.6894378360
3391.5719793321,94.8621859189
3392.2859944857,94.7382073922
3393.0000096392,94.6000049879
3393.7140247927,94.5990405749
3394.4280399463,94.5743642334
3395.1420550998,94.6132737935
3395.8560702534,94.6510473865
3396.5700854069,94.6839964091
3397.2841005605,94.7471949176
3397.9981157140,94.7007794424
3398.7121308676,94.6665713645
3399.4261460211,94.6925437421
3400.1401611746,94.6757604322
3400.8541763282,94.6862496874
3401.5681914817,94.6405315177
3402.2822066353,94.5276060386
3402.9962217888,94.5640491779
3403.7102369424,94.6912911598
3404.4242520959,94.7116218191
3405.1382672494,94.6330959393
3405.8522824030,94.6354428473
3406.5662975565,94.7356578755
3407.2803127101,94.6717246997
3407.9943278636,94.5286508941
3408.7083430172,94.6181851505
3409.4223581707,94.7767583653
3410.1363733243,94.7190149716
3410.8503884778,94.5361653087
3411.5644036313,94.5028839753
3412.2784187849,94.5759685170
3412.9924339384,94.4810331859
3413.7064490920,94.4781198075
3414.4204642455,94.6996163993
3415.1344793991,94.6340653187
3415.8484945526,94.4254142061
3416.5625097061,94.5190354735
3417.2765248597,94.6067875119
3417.9905400132,94.5222975903
3418.7045551668,94.4085875277
3419.4185703203,94.3065957260
3420.1325854739,94.3585688459
3420.8466006274,94.4478883366
3421.5606157809,94.4376570868
3422.2746309345,94.4971322632
3422.9886460880,94.4850410405
3423.7026612416,94.3377533290
3424.4166763951,94.3489004016
3425.1306915487,94.4597879982
3425.8447067022,94.4100101326
3426.5587218558,94.2550074818
3427.2727370093,94.3015210972
3427.9867521628,94.5510479706
3428.7007673164,94.5269208737
3429.4147824699,94.2733540020
3430.1287976235,94.2513968806
3430.8428127770,94.3172618786
3431.5568279306,94.3587815301
3432.2708430841,94.4872205749
3432.9848582376,94.4289624492
3433.6988733912,94.3240021185
3434.4128885447,94.5193343080
3435.1269036983,94.6228785661
3435.8409188518,94.4899345317
3436.5549340054,94.4531291207
3437.2689491589,94.4374082124
3437.9829643125,94.4387032985
3438.6969794660,94.5772513790
3439.4109946195,94.6212104570
3440.1250097731,94.5393799320
3440.8390249266,94.4471244050
3441.5530400802,94.3365828609
3442.2670552337,94.4064601415
3442.9810703873,94.5989544584
3443.6950855408,94.5908733912
3444.4091006943,94.5692174896
3445.1231158479,94.6022836871
3445.8371310014,94.5452573230
3446.5511461550,94.5870406269
3447.2651613085,94.6718145850
3447.9791764621,94.6510185019
3448.6931916156,94.7209165946
3449.4072067691,94.7039342324
3450.1212219227,94.5772699579
3450.8352370762,94.6892612375
3451.5492522298,94.7826630133
3452.2632673833,94.6793632599
3452.9772825369,94.6991449278
3453.6912976904,94.7403412058
3454.4053128440,94.6601517733
3455.1193279975,94.6103572715
3455.8333431510,94.6290689138
3456.5473583046,94.7335201618
3457.2613734581,94.7838456618
3457.9753886117,94.6975477531
3458.6894037652,94.7118604680
3459.4034189188,94.7321475089
3460.1174340723,94.6024616566
3460.8314492258,94.6048144963
3461.5454643794,94.7695216080
3462.2594795329,94.8553549766
3462.9734946865,94.8205810450
3463.6875098400,94.7315440666
3464.4015249936,94.6913926792
3465.1155401471,94.6557133394
3465.8295553007,94.6094733833
3466.5435704542,94.7532805504
3467.2575856077,94.9322174456
3467.9716007613,94.8739343669
3468.6856159148,94.8118047196
3469.3996310684,94.8224496939
3470.1136462219,94.7890231584
3470.8276613755,94.8311261417
3471.5416765290,94.8578843003
3472.2556916825,94.7376640645
3472.9697068361,94.6924913356
3473.6837219896,94.7227629270
3474.3977371432,94.6522643999
3475.1117522967,94.6380519913
3475.8257674503,94.7374565290
3476.5397826038,94.7728691860
3477.2537977573,94.7550113159
3477.9678129109,94.7170674896
3478.6818280644,94.6200195815
3479.3958432180,94.5451534365
3480.1098583715,94.5440753174
3480.8238735251,94.5636633769
3481.5378886786,94.6109764690
3482.2519038322,94.6937326985
3482.9659189857,94.6952291798
3483.6799341392,94.6386372848
3484.3939492928,94.6983693494
3485.1079644463,94.7794211983
3485.8219795999,94.7404145280
3486.5359947534,94.7347200360
3487.2500099070,94.7063815258
3487.9640250605,94.5876010809
3488.6780402140,94.6372029050
3489.3920553676,94.7506889924
3490.1060705211,94.7472746037
3490.8200856747,94.7352652587
3491.5341008282,94.7023615906
3492.2481159818,94.7712226672
3492.9621311353,94.8340467063
3493.6761462889,94.5936419280
3494.3901614424,94.6022312067
3495.1041765959,94.9179188988
3495.8181917495,94.7530899707
3496.5322069030,94.5398308354
3497.2462220566,94.6796344441
3497.9602372101,94.6420584433
3498.6742523637,94.6271506013
3499.3882675172,94.7060956500
3500.1022826707,94.5990704355
3500.8162978243,94.5781583171
3501.5303129778,94.5228877939
3502.2443281314,94.3660349337
3502.9583432849,94.4436289285
3503.6723584385,94.4897673977
3504.3863735920,94.5019968303
3505.1003887456,94.6547929000
3505.8144038991,94.6963814879
3506.5284190526,94.7293301266
3507.2424342062,94.6900077305
3507.9564493597,94.4564094742
3508.6704645133,94.4025794898
3509.3844796668,94.4429791043
3510.0984948204,94.4596411921
3510.8125099739,94.5660584553
3511.5265251274,94.5750426405
3512.2405402810,94.6507237833
3512.9545554345,94.7823888296
3513.6685705881,94.6731673671
3514.3825857416,94.6552587134
3515.0966008952,94.7124910447
3515.8106160487,94.6494303972
3516.5246312022,94.6798178962
3517.2386463558,94.5670394041
3517.9526615093,94.4692860265
3518.6666766629,94.6259414720
3519.3806918164,94.5251109338
3520.0947069700,94.4786105296
3520.8087221235,94.6590871828
3521.5227372771,94.4614689440
3522.2367524306,94.3431964498
3522.9507675841,94.5344852082
3523.6647827377,94.4528063579
3524.3787978912,94.3782142504
3525.0928130448,94.3896657458
3525.8068281983,94.3413849336
3526.5208433519,94.4658354319
3527.2348585054,94.5360567485
3527.9488736589,94.4536017542
3528.6628888125,94.4755822694
3529.3769039660,94.5285198997
3530.0909191196,94.5600844777
3530.8049342731,94.5894239134
3531.5189494267,94.6848429203
3532.2329645802,94.7353418678
3532.9469797338,94.5827308783
3533.6609948873,94.6035091848
3534.3750100408,94.6803314282
3535.0890251944,94.4339316048
3535.8030403479,94.3976914836
3536.5170555015,94.5181481837
3537.2310706550,94.4637816999
3537.9450858086,94.6320069060
3538.6591009621,94.6432211639
3539.3731161156,94.4237909449
3540.0871312692,94.5188828484
3540.8011464227,94.4603158287
3541.5151615763,94.3905924796
3542.2291767298,94.5191218198
3542.9431918834,94.4433007362
3543.6572070369,94.3331978917
3544.3712221904,94.3403769264
3545.0852373440,94.2449559130
3545.7992524975,94.3295953207
3546.5132676511,94.4268897500
3547.2272828046,94.3667928407
3547.9412979582,94.4722487932
3548.6553131117,94.4921802080
3549.3693282653,94.4140223280
3550.0833434188,94.4984795957
3550.7973585723,94.4597622583
3551.5113737259,94.3937967290
3552.2253888794,94.5337736235
3552.9394040330,94.5741334481
3553.6534191865,94.5870113062
3554.3674343401,94.5338045929
3555.0814494936,94.4236825077
3555.7954646471,94.5636527233
3556.5094798007,94.6129181392
3557.2234949542,94.3740190103
3557.9375101078,94.4081316865
3558.6515252613,94.5049430158
3559.3655404149,94.3085818056
3560.0795555684,94.2804752596
3560.7935707220,94.4972647390
3561.5075858755,94.5076191016
3562.2216010290,94.3874209911
3562.9356161826,94.3787339214
3563.6496313361,94.4264795167
3564.3636464897,94.3906455906
3565.0776616432,94.2832147450
3565.7916767968,94.0866567496
3566.5056919503,94.0135934354
3567.2197071038,94.1359191594
3567.9337222574,94.2536512410
3568.6477374109,94.4557342921
3569.3617525645,94.6056305939
3570.0757677180,94.5898532654
3570.7897828716,94.5405812324
3571.5037980251,94.5902269591
3572.2178131786,94.5519736313
3572.9318283322,94.4643379628
3573.6458434857,94.4767078509
3574.3598586393,94.4907528882
3575.0738737928,94.4527175575
3575.7878889464,94.4085928817
3576.5019040999,94.4036792927
3577.2159192535,94.4368970458
3577.9299344070,94.4672445071
3578.6439495605,94.5367396799
3579.3579647141,94.5728766901
3580.0719798676,94.4681638703
3580.7859950212,94.4551203267
3581.5000101747,94.5284970185
3582.2140253283,94.4526108979
3582.9280404818,94.4292019200
3583.6420556353,94.5104948622
3584.3560707889,94.3707251141
3585.0700859424,94.1945991148
3585.7841010960,94.1733342899
3586.4981162495,94.1190055986
3587.2121314031,94.1671373396
3587.9261465566,94.3235788489
3588.6401617102,94.4599143226
3589.3541768637,94.4559220286
3590.0681920172,94.4316981350
3590.7822071708,94.5590330135
3591.4962223243,94.7141448057
3592.2102374779,94.5910697765
3592.9242526314,94.4533541900
3593.6382677850,94.5285097519
3594.3522829385,94.4312601283
3595.0662980920,94.2957987787
3595.7803132456,94.4664487472
3596.4943283991,94.5291933594
3597.2083435527,94.4399490577
3597.9223587062,94.3884989334
3598.6363738598,94.3351074079
3599.3503890133,94.4431285220
3600.0644041668,94.5653475019
3600.7784193204,94.4323577877
3601.4924344739,94.3685550080
3602.2064496275,94.4308367015
3602.9204647810,94.3886526491
3603.6344799346,94.4387562067
3604.3484950881,94.5118550261
3605.0625102417,94.4659392885
3605.7765253952,94.4244584399
3606.4905405487,94.2875454135
3607.2045557023,94.1268456705
3607.9185708558,94.2254239190
3608.6325860094,94.2700968660
3609.3466011629,94.2799508710
3610.0606163165,94.4483121477
3610.7746314700,94.4431811176
3611.4886466235,94.4012550810
3612.2026617771,94.4684599673
3612.9166769306,94.4390840237
3613.6306920842,94.3899630267
3614.3447072377,94.5286863129
3615.0587223913,94.5600074688
3615.7727375448,94.4644250090
3616.4867526984,94.5492850475
3617.2007678519,94.5595253147
3617.9147830054,94.3021023787
3618.6287981590,94.3032333197
3619.3428133125,94.4521672026
3620.0568284661,94.5044601091
3620.7708436196,94.5716805481
3621.4848587732,94.6850413073
3622.1988739267,94.7614897570
3622.9128890802,94.7383697772
3623.6269042338,94.6318359243
3624.3409193873,94.5767436183
3625.0549345409,94.5814292538
3625.7689496944,94.5439253709
3626.4829648480,94.5455133656
3627.1969800015,94.5028094464
3627.9109951551,94.3213576847
3628.6250103086,94.3007047628
3629.3390254621,94.6490578094
3630.0530406157,94.8460904267
3630.7670557692,94.8556264326
3631.4810709228,94.8408952086
3632.1950860763,94.8643335653
3632.9091012299,94.9346461288
3633.6231163834,95.0884389988
3634.3371315369,95.1731069763
3635.0511466905,95.1683144874
3635.7651618440,95.5889132119
3636.4791769976,96.0283944081
3637.1931921511,95.5165314368
3637.9072073047,95.1861668948
3638.6212224582,95.3219435342
3639.3352376117,95.2351458227
3640.0492527653,95.2191118503
3640.7632679188,95.3868029607
3641.4772830724,95.2728269244
3642.1912982259,95.2537989102
3642.9053133795,95.4062838182
3643.6193285330,95.4321212985
3644.3333436866,95.4496568326
3645.0473588401,95.3219039749
3645.7613739936,95.1868701472
3646.4753891472,95.2111832576
3647.1894043007,95.3036033512
3647.9034194543,95.3192708767
3648.6174346078,95.4323245862
3649.3314497614,95.5734241615
3650.0454649149,95.6039627324
3650.7594800684,95.7688632331
3651.4734952220,96.1556068141
3652.1875103755,96.2530781239
3652.9015255291,96.2219353113
3653.6155406826,96.3316942552
3654.3295558362,96.3101090083
3655.0435709897,95.9357012828
3655.7575861433,95.9508987281
3656.4716012968,96.4521882346
3657.1856164503,96.0798257878
3657.8996316039,95.0921739602
3658.6136467574,95.2849892266
3659.3276619110,95.2077796519
3660.0416770645,95.1923376197
3660.7556922181,95.3503875625
3661.4697073716,95.3991302360
3662.1837225251,95.3099896195
3662.8977376787,95.0497761911
3663.6117528322,95.7908103859
3664.3257679858,95.7959212899
3665.0397831393,95.5282943002
3665.7537982929,95.5296648681
3666.4678134464,95.5940226122
3667.1818285999,95.4321140265
3667.8958437535,95.4368605473
3668.6098589070,95.5111583305
3669.3238740606,95.3770115750
3670.0378892141,95.2031279679
3670.7519043677,95.3053247763
3671.4659195212,95.7920960889
3672.1799346748,95.7240595769
3672.8939498283,95.5203486564
3673.6079649818,95.4749417665
3674.3219801354,95.3734131369
3675.0359952889,95.3035514222
3675.7500104425,95.8197715678
3676.4640255960,95.5616830258
3677.1780407496,95.3163369708
3677.8920559031,95.3614435837
3678.6060710566,95.4311454881
3679.3200862102,95.4456867268
3680.0341013637,95.4273096860
3680.7481165173,95.3879185019
3681.4621316708,95.3752849801
3682.1761468244,95.0636659069
3682.8901619779,94.7838428869
3683.6041771315,94.9766136344
3684.3181922850,94.8491875492
3685.0322074385,94.5911614480
3685.7462225921,94.6830711457
3686.4602377456,94.3535619112
3687.1742528992,93.9228676102
3687.8882680527,94.2944702921
3688.6022832063,95.0083770073
3689.3162983598,94.3912121547
3690.0303135133,94.1948851456
3690.7443286669,94.3941102401
3691.4583438204,94.6640740933
3692.1723589740,94.7564657731
3692.8863741275,94.8034637152
3693.6003892811,94.7235302016
3694.3144044346,94.7210963981
3695.0284195881,94.8087816737
3695.7424347417,94.7224366471
3696.4564498952,94.5259128883
3697.1704650488,94.3529301476
3697.8844802023,94.3590198665
3698.5984953559,94.4952254294
3699.3125105094,94.3680527621
3700.0265256630,94.1874515175
3700.7405408165,94.1835137857
3701.4545559700,94.1392456530
3702.1685711236,94.4039107935
3702.8825862771,94.5396190968
3703.5966014307,94.2656463727
3704.3106165842,94.2255794364
3705.0246317378,94.4361854374
3705.7386468913,94.4211481917
3706.4526620448,94.3416800796
3707.1666771984,94.1454293696
3707.8806923519,94.0064378317
3708.5947075055,94.2094777881
3709.3087226590,94.2607308387
3710.0227378126,94.0775629542
3710.7367529661,94.0990986531
3711.4507681197,94.2484166400
3712.1647832732,94.7266756790
3712.8787984267,94.5984265019
3713.5928135803,94.3141097828
3714.3068287338,94.4188372751
3715.0208438874,94.5738378108
3715.7348590409,94.5984081091
3716.4488741945,94.6921730337
3717.1628893480,94.5106785687
3717.8769045015,94.1817196495
3718.5909196551,94.2475829278
3719.3049348086,94.5268251490
3720.0189499622,94.3143910480
3720.7329651157,93.9070884688
3721.4469802693,93.9273213074
3722.1609954228,94.1905715542
3722.8750105763,94.0996437336
3723.5890257299,94.1344119966
3724.3030408834,94.1498853849
3725.0170560370,93.8866404148
3725.7310711905,93.8454235490
3726.4450863441,93.9574498766
3727.1591014976,94.2710532281
3727.8731166512,94.4516220176
3728.5871318047,94.0946948489
3729.3011469582,93.9898549917
3730.0151621118,94.3445783695
3730.7291772653,94.2623195480
3731.4431924189,94.2518315390
3732.1572075724,94.6254742225
3732.8712227260,94.0935371176
3733.5852378795,93.7302713758
3734.2992530330,93.5421159735
3735.0132681866,93.4810561962
3735.7272833401,93.7510591326
3736.4412984937,94.2587902712
3737.1553136472,94.9802463105
3737.8693288008,94.7057869394
3738.5833439543,93.9930935300
3739.2973591079,94.1550227769
3740.0113742614,94.3114545193
3740.7253894149,93.8937838893
3741.4394045685,94.1762946595
3742.1534197220,94.3304361873
3742.8674348756,93.5746543965
3743.5814500291,92.8912289906
3744.2954651827,93.1480343420
3745.0094803362,94.9943638072
3745.7234954897,94.2722684810
3746.4375106433,94.0042432651
3747.1515257968,94.0294559431
3747.8655409504,93.9584069905
3748.5795561039,94.0384292711
3749.2935712575,95.2845690065
3750.0075864110,94.4562426630
3750.7216015645,93.5265379519
3751.4356167181,93.7412747185
3752.1496318716,94.7663049724
3752.8636470252,94.7122844920
3753.5776621787,94.6749714570
3754.2916773323,94.4962341383
3755.0056924858,94.2339635974
3755.7197076394,94.3147324057
3756.4337227929,94.7215043975
3757.1477379464,94.7038147083
3757.8617531000,94.0682547419
3758.5757682535,93.7698611543
3759.2897834071,94.1493568025
3760.0037985606,94.3547069509
3760.7178137142,94.2509165078
3761.4318288677,94.2713795462
3762.1458440212,94.4579664454
3762.8598591748,94.6726649119
3763.5738743283,94.3906530712
3764.2878894819,94.1239791298
3765.0019046354,94.2809213137
3765.7159197890,94.1389340960
3766.4299349425,94.2383367765
3767.1439500961,94.5435995240
3767.8579652496,94.2358232456
3768.5719804031,94.0022761068
3769.2859955567,94.2928635330
3770.0000107102,94.5537560075
3770.7140258638,94.5526652538
3771.4280410173,94.4236822524
3772.1420561709,94.4271590013
3772.8560713244,94.6086781814
3773.5700864779,94.4026559985
3774.2841016315,94.2899254128
3774.9981167850,94.5065524929
3775.7121319386,94.4057996034
3776.4261470921,94.3775314965
3777.1401622457,94.4573971541
3777.8541773992,94.2448418057
3778.5681925528,94.2315507979
3779.2822077063,94.3443586094
3779.9962228598,94.3207758045
3780.7102380134,94.4527339012
3781.4242531669,94.4907057012
3782.1382683205,94.4484265435
3782.8522834740,94.4173024032
3783.5662986276,94.3205349372
3784.2803137811,94.4381234317
3784.9943289346,94.4727606415
3785.7083440882,94.2375780012
3786.4223592417,94.2701175971
3787.1363743953,94.3816555060
3787.8503895488,94.4252198190
3788.5644047024,94.5226213134
3789.2784198559,94.4804649609
3789.9924350094,94.4166823022
3790.7064501630,94.3389752322
3791.4204653165,94.1755925108
3792.1344804701,94.2467798371
3792.8484956236,94.4017689862
3793.5625107772,94.5015398498
3794.2765259307,94.4913822508
3794.9905410843,94.1059302406
3795.7045562378,93.8340394099
3796.4185713913,94.0735696734
3797.1325865449,94.1882784763
3797.8466016984,94.2060172223
3798.5606168520,94.2538779282
3799.2746320055,94.0852153533
3799.9886471591,93.9315523384
3800.7026623126,93.9042535473
3801.4166774661,94.3323602577
3802.1306926197,94.5452673128
3802.8447077732,94.3432293409
3803.5587229268,94.3840779247
3804.2727380803,94.4790687423
3804.9867532339,94.2586865315
3805.7007683874,94.2050492387
3806.4147835410,94.5199122738
3807.1287986945,94.6514986041
3807.8428138480,94.3979508141
3808.5568290016,94.3696027485
3809.2708441551,94.4508345969
3809.9848593087,94.3584716249
3810.6988744622,94.2993702548
3811.4128896158,94.4797735561
3812.1269047693,94.4070605401
3812.8409199228,94.2609425604
3813.5549350764,94.3543504076
3814.2689502299,94.0910939669
3814.9829653835,93.7170595931
3815.6969805370,93.8040053853
3816.4109956906,94.1499190351
3817.1250108441,94.2526917191
3817.8390259976,94.2117542691
3818.5530411512,93.9447971453
3819.2670563047,93.9497871283
3819.9810714583,94.1119461963
3820.6950866118,94.3909279634
3821.4091017654,94.8123378206
3822.1231169189,94.3269862152
3822.8371320725,94.0164870237
3823.5511472260,94.2779809461
3824.2651623795,94.4703094129
3824.9791775331,94.4896372793
3825.6931926866,94.5161394538
3826.4072078402,94.4294455508
3827.1212229937,94.4085714641
3827.8352381473,94.3940269875
3828.5492533008,94.3344600386
3829.2632684543,94.2084035049
3829.9772836079,93.9924105419
3830.6912987614,94.1506141399
3831.4053139150,94.6086171758
3832.1193290685,94.3768037257
3832.8333442221,94.0288692483
3833.5473593756,93.8320405299
3834.2613745292,93.8403322931
3834.9753896827,94.3901605775
3835.6894048362,94.3393411400
3836.4034199898,93.9779620396
3837.1174351433,94.1198961721
3837.8314502969,94.3360335810
3838.5454654504,94.1083377242
3839.2594806040,94.0649188579
3839.9734957575,94.1663124671
3840.6875109110,94.5780488713
3841.4015260646,94.6757151635
3842.1155412181,94.4178292576
3842.8295563717,94.3196981363
3843.5435715252,94.2218310487
3844.2575866788,94.4811820252
3844.9716018323,94.7547214899
3845.6856169858,94.3738197196
3846.3996321394,94.1609244470
3847.1136472929,94.5372954245
3847.8276624465,94.3609254520
3848.5416776000,93.9255968961
3849.2556927536,93.8960776152
3849.9697079071,93.8834992413
3850.6837230607,93.9131386490
3851.3977382142,93.9149695271
3852.1117533677,93.3580182218
3852.8257685213,93.1500396356
3853.5397836748,93.3525994432
3854.2537988284,94.7742912325
3854.9678139819,94.6536051470
3855.6818291355,94.2747243978
3856.3958442890,94.3906278141
3857.1098594425,94.8241236883
3857.8238745961,94.7997519824
3858.5378897496,94.5676401430
3859.2519049032,94.4081198474
3859.9659200567,94.1335565273
3860.6799352103,93.8905603032
3861.3939503638,94.0575778873
3862.1079655174,94.4782515707
3862.8219806709,94.2750390838
3863.5359958244,93.7982374889
3864.2500109780,93.6236588146
3864.9640261315,93.9472665773
3865.6780412851,94.3213478384
3866.3920564386,94.5703153329
3867.1060715922,94.5512088463
3867.8200867457,94.0775578345
3868.5341018992,93.7779698667
3869.2481170528,93.9131981704
3869.9621322063,94.0182892775
3870.6761473599,94.0804848940
3871.3901625134,94.1939449218
3872.1041776670,94.1627914177
3872.8181928205,94.2199588634
3873.5322079740,94.4491603777
3874.2462231276,94.5626209590
3874.9602382811,94.4513245841
3875.6742534347,94.3204257714
3876.3882685882,94.2652574104
3877.1022837418,94.3805188039
3877.8162988953,94.3625191732
3878.5303140489,94.2756166961
3879.2443292024,94.2644537174
3879.9583443559,93.9330573596
3880.6723595095,93.7039672048
3881.3863746630,94.0279879490
3882.1003898166,94.1355149336
3882.8144049701,94.1921769696
3883.5284201237,94.2584822541
3884.2424352772,94.2414742901
3884.9564504307,94.3202885682
3885.6704655843,94.2779852139
3886.3844807378,94.1491009584
3887.0984958914,94.2441172884
3887.8125110449,94.2388974814
3888.5265261985,94.2692829835
3889.2405413520,94.3354622295
3889.9545565056,94.1997901028
3890.6685716591,94.1825801912
3891.3825868126,94.1540667984
3892.0966019662,94.0176701734
3892.8106171197,94.1524664984
3893.5246322733,94.1180675729
3894.2386474268,94.0404521435
3894.9526625804,94.3436348097
3895.6666777339,94.4452707745
3896.3806928874,94.3649342431
3897.0947080410,94.2397163495
3897.8087231945,93.8247916503
3898.5227383481,93.8364307785
3899.2367535016,94.1651257923
3899.9507686552,93.8455858742
3900.6647838087,93.8658561252
3901.3787989623,94.1427903050
3902.0928141158,93.9874320019
3902.8068292693,94.0008119394
3903.5208444229,94.1445295909
3904.2348595764,94.2911641673
3904.9488747300,94.3850369568
3905.6628898835,94.2315013862
3906.3769050371,94.2953686104
3907.0909201906,94.5065101701
3907.8049353441,94.2770965964
3908.5189504977,94.1339572270
3909.2329656512,94.3704149163
3909.9469808048,94.4116106465
3910.6609959583,94.3172321632
3911.3750111119,94.2025230272
3912.0890262654,94.1156556017
3912.8030414189,94.3008450548
3913.5170565725,94.3353005473
3914.2310717260,94.0758566319
3914.9450868796,94.0017093138
3915.6591020331,93.9253606084
3916.3731171867,93.7674934050
3917.0871323402,94.0441845081
3917.8011474938,94.3036053251
3918.5151626473,94.1360648222
3919.2291778008,94.0992149782
3919.9431929544,94.2176343011
3920.6572081079,94.2527829113
3921.3712232615,94.3728014196
3922.0852384150,94.4369571008
3922.7992535686,94.2335264983
3923.5132687221,94.0255253715
3924.2272838756,94.0111597761
3924.9412990292,94.2024275465
3925.6553141827,94.3210633377
3926.3693293363,94.1744019507
3927.0833444898,94.1338412751
3927.7973596434,94.2195512000
3928.5113747969,94.1827283014
3929.2253899505,94.2586153858
3929.9394051040,94.2945299071
3930.6534202575,94.0225795503
3931.3674354111,93.8852889790
3932.0814505646,93.9631695232
3932.7954657182,94.1135397519
3933.5094808717,94.2139771855
3934.2234960253,94.1643155095
3934.9375111788,94.2794551247
3935.6515263323,94.4407792818
3936.3655414859,94.2252932195
3937.0795566394,94.1325227288
3937.7935717930,94.2414145555
3938.5075869465,94.1249743153
3939.2216021001,94.1852307184
3939.9356172536,94.3019337667
3940.6496324071,94.0778099256
3941.3636475607,93.9768883652
3942.0776627142,94.0558310909
3942.7916778678,94.0582591682
3943.5056930213,94.0815192145
3944.2197081749,94.1115643247
3944.9337233284,94.1772262218
3945.6477384820,94.2033905598
3946.3617536355,94.1516506971
3947.0757687890,94.2112800429
3947.7897839426,94.1976657646
3948.5037990961,94.0664450930
3949.2178142497,94.1104305398
3949.9318294032,94.2265823598
3950.6458445568,94.2619763103
3951.3598597103,94.2105034890
3952.0738748638,94.2005124363
3952.7878900174,94.3171580776
3953.5019051709,94.2293336074
3954.2159203245,94.0902126533
3954.9299354780,94.1895290384
3955.6439506316,94.1309593434
3956.3579657851,94.0624080105
3957.0719809387,94.2100483741
3957.7859960922,94.1685583495
3958.5000112457,94.1505709075
3959.2140263993,94.2293969914
3959.9280415528,94.1415908787
3960.6420567064,94.1938859480
3961.3560718599,94.2494650616
3962.0700870135,94.1402931226
3962.7841021670,94.2031397607
3963.4981173205,94.1927870080
3964.2121324741,94.1692884349
3964.9261476276,94.3377789664
3965.6401627812,94.2656592264
3966.3541779347,94.1418077389
3967.0681930883,94.1858520817
3967.7822082418,94.1034907000
3968.4962233953,94.1505151346
3969.2102385489,94.2920398294
3969.9242537024,94.2043831916
3970.6382688560,94.1828438314
3971.3522840095,94.2183092798
3972.0662991631,94.1918318844
3972.7803143166,94.2374599280
3973.4943294702,94.2114016868
3974.2083446237,94.1627729058
3974.9223597772,94.1776311491
3975.6363749308,94.1051555781
3976.3503900843,94.0468253025
3977.0644052379,94.0339204884
3977.7784203914,94.0489152880
3978.4924355450,94.1301345115
3979.2064506985,94.0987127585
3979.9204658520,94.0930989963
3980.6344810056,94.2148319043
3981.3484961591,94.1336728450
3982.0625113127,94.0213813932
3982.7765264662,94.1099668808
3983.4905416198,94.1309420612
3984.2045567733,94.1174417408
3984.9185719269,94.1616678174
3985.6325870804,94.1702506245
3986.3466022339,94.2568983327
3987.0606173875,94.3129712409
3987.7746325410,94.1841137999
3988.4886476946,94.1528746002
3989.2026628481,94.1922659501
3989.9166780017,94.0374576423
3990.6306931552,94.0142038527
3991.3447083087,94.2318457176
3992.0587234623,94.1960234598
3992.7727386158,94.0458632141
3993.4867537694,94.1747327567
3994.2007689229,94.2824855572
3994.9147840765,94.2262155012
3995.6287992300,94.2174622845
3996.3428143835,94.2163811563
3997.0568295371,94.2222991595
3997.7708446906,94.2343850610
3998.4848598442,94.1831741910
3999.1988749977,94.1481460193
3999.9128901513,94.1248145028