399.8484859844,74.2878844143
400.5625011380,93.0791112876
401.2765162915,89.3270245244
401.9905314450,83.2267567881
402.7045465986,101.1445501579
403.4185617521,91.7151647589
404.1325769057,67.0054732292
404.8465920592,78.1923121453
405.5606072128,88.8334956775
406.2746223663,86.9676694148
406.9886375199,88.0138719788
407.7026526734,86.3728656688
408.4166678269,86.1310746019
409.1306829805,79.5055401382
409.8446981340,79.4331454033
410.5587132876,91.6741034005
411.2727284411,85.5385171325
411.9867435947,83.0575471728
412.7007587482,95.8496061813
413.4147739017,89.9975401908
414.1287890553,84.9291832330
414.8428042088,90.0480527906
415.5568193624,81.5903699135
416.2708345159,82.0749466851
416.9848496695,85.7477874734
417.6988648230,78.0581765075
418.4128799766,77.8492135754
419.1268951301,79.0607127145
419.8409102836,77.0739567041
420.5549254372,81.8485362890
421.2689405907,81.5793383350
421.9829557443,79.4996173324
422.6969708978,80.2278436776
423.4109860514,80.5708124424
424.1250012049,79.4141154837
424.8390163584,79.4397245255
425.5530315120,82.1270191778
426.2670466655,78.6310238917
426.9810618191,74.6366484028
427.6950769726,80.1191983852
428.4090921262,82.6914789538
429.1231072797,78.2209663697
429.8371224332,77.0357601335
430.5511375868,75.5658535382
431.2651527403,76.7083007501
431.9791678939,78.9449609308
432.6931830474,75.0065431780
433.4071982010,76.6500238164
434.1212133545,80.8182589745
434.8352285081,76.7977901007
435.5492436616,75.6961681974
436.2632588151,78.5407916324
436.9772739687,79.3035442592
437.6912891222,81.8321904150
438.4053042758,82.3813958932
439.1193194293,79.4163241801
439.8333345829,78.4732814366
440.5473497364,79.1287082780
441.2613648899,80.4803893208
441.9753800435,81.3370502419
442.6893951970,81.5212021950
443.4034103506,82.8275715330
444.1174255041,83.8831987853
444.8314406577,84.3178975900
445.5454558112,84.2939849171
446.2594709648,83.1149465819
446.9734861183,83.1562529172
447.6875012718,82.7720424559
448.4015164254,82.3450127694
449.1155315789,84.7232579382
449.8295467325,85.6088197915
450.5435618860,84.2324745504
451.2575770396,83.1279366849
451.9715921931,81.4137569070
452.6856073466,80.8899273399
453.3996225002,82.4415618491
454.1136376537,84.1195938933
454.8276528073,84.4450525751
455.5416679608,82.4681946243
456.2556831144,82.8320451986
456.9696982679,84.3997155799
457.6837134214,81.9558909601
458.3977285750,83.1286038377
459.1117437285,84.6822168587
459.8257588821,83.9000710884
460.5397740356,84.3784388458
461.2537891892,82.6938742574
461.9678043427,80.6496507086
462.6818194963,84.0964315070
463.3958346498,85.2777501153
464.1098498033,83.1243174665
464.8238649569,82.5701305944
465.5378801104,82.8512547718
466.2518952640,84.5543102385
466.9659104175,83.7542383679
467.6799255711,79.9674325902
468.3939407246,81.0190441857
469.1079558781,83.9983689452
469.8219710317,84.7742223545
470.5359861852,83.7422936255
471.2500013388,81.3917839318
471.9640164923,81.0951585216
472.6780316459,81.9582873214
473.3920467994,81.2458825071
474.1060619530,82.6087585041
474.8200771065,83.5386517116
475.5340922600,83.1689062611
476.2481074136,83.7545661492
476.9621225671,82.3955762267
477.6761377207,82.0082228011
478.3901528742,83.5065577741
479.1041680278,82.9596268480
479.8181831813,83.2573314883
480.5321983348,83.6004264535
481.2462134884,81.6668377829
481.9602286419,81.1290156302
482.6742437955,80.4634244708
483.3882589490,80.4069235713
484.1022741026,82.9020320380
484.8162892561,82.6650858492
485.5303044097,82.4492731354
486.2443195632,83.3311109109
486.9583347167,81.4025933626
487.6723498703,80.8748889978
488.3863650238,81.5430293140
489.1003801774,80.5810204982
489.8143953309,81.5526388086
490.5284104845,82.6628455702
491.2424256380,81.1564463894
491.9564407915,80.2617541645
492.6704559451,80.0813312050
493.3844710986,79.8834001092
494.0984862522,80.1448394464
494.8125014057,79.6415249558
495.5265165593,78.9675878582
496.2405317128,79.4634748658
496.9545468663,80.0219806729
497.6685620199,79.1484774391
498.3825771734,78.1219325390
499.0965923270,78.6809020913
499.8106074805,79.1952496729
500.5246226341,79.1542585077
501.2386377876,79.1390708467
501.9526529412,77.6782277609
502.6666680947,76.9703663009
503.3806832482,78.7018029348
504.0946984018,78.8609587104
504.8087135553,77.0217704973
505.5227287089,76.6191857959
506.2367438624,77.4168057946
506.9507590160,77.8718044322
507.6647741695,78.7730550314
508.3787893230,80.8511423892
509.0928044766,81.5155478719
509.8068196301,80.7768476132
510.5208347837,81.7235109590
511.2348499372,82.6349136968
511.9488650908,82.1321447062
512.6628802443,82.4666194792
513.3768953979,83.2419572787
514.0909105514,83.3122157987
514.8049257049,83.2824657295
515.5189408585,83.4762548687
516.2329560120,83.5489464522
516.9469711656,82.9804936835
517.6609863191,83.0202067356
518.3750014727,83.4554344421
519.0890166262,82.5884950499
519.8030317797,82.6278419387
520.5170469333,83.5871843839
521.2310620868,82.8045025486
521.9450772404,82.8324202734
522.6590923939,83.6618909264
523.3731075475,82.8000524760
524.0871227010,82.5869894811
524.8011378545,82.9587787735
525.5151530081,82.4844725052
526.2291681616,82.5531381188
526.9431833152,82.9295436561
527.6571984687,83.6692997805
528.3712136223,84.0679967764
529.0852287758,83.2014283443
529.7992439294,83.9276096965
530.5132590829,84.5578415635
531.2272742364,83.1202105986
531.9412893900,83.2599519017
532.6553045435,83.7613991766
533.3693196971,83.0305719276
534.0833348506,83.6868321400
534.7973500042,84.1861850703
535.5113651577,83.8175144354
536.2253803112,83.9343040872
536.9393954648,83.4490224054
537.6534106183,83.3248658268
538.3674257719,83.8637165197
539.0814409254,83.7225126471
539.7954560790,83.7306419266
540.5094712325,83.5865925385
541.2234863861,83.2860174905
541.9375015396,83.7139227495
542.6515166931,83.6145466367
543.3655318467,83.3279289162
544.0795470002,83.6594715898
544.7935621538,83.8685447152
545.5075773073,84.1684105915
546.2215924609,83.8926636834
546.9356076144,83.2242230188
547.6496227679,83.4100340030
548.3636379215,83.4812837899
549.0776530750,83.6820109396
549.7916682286,83.9914261756
550.5056833821,83.2935998166
551.2196985357,83.7015913392
551.9337136892,84.4859387834
552.6477288427,83.4722037076
553.3617439963,83.3904465258
554.0757591498,84.2798951022
554.7897743034,83.8939034222
555.5037894569,83.8558641911
556.2178046105,84.0482853989
556.9318197640,83.3829960849
557.6458349176,83.2730550031
558.3598500711,83.7063990835
559.0738652246,83.7439533870
559.7878803782,83.4615896794
560.5018955317,83.2589465284
561.2159106853,83.7375072883
561.9299258388,84.2738985563
562.6439409924,84.1304664664
563.3579561459,83.9333895967
564.0719712994,83.7383509538
564.7859864530,83.4305948289
565.5000016065,83.5099213398
566.2140167601,83.6962513921
566.9280319136,83.5156014192
567.6420470672,83.2877125185
568.3560622207,83.2980361063
569.0700773743,83.3435963365
569.7840925278,83.3724295160
570.4981076813,83.3266535769
571.2121228349,83.1043356895
571.9261379884,83.0949464344
572.6401531420,83.4534911276
573.3541682955,83.8309545933
574.0681834491,83.8371677827
574.7821986026,83.2474829006
575.4962137561,82.9161612363
576.2102289097,83.2631567440
576.9242440632,83.2071031786
577.6382592168,83.1497941891
578.3522743703,83.4557102325
579.0662895239,83.3641468789
579.7803046774,83.4745104034
580.4943198309,83.6033322511
581.2083349845,83.0983155079
581.9223501380,83.1443442148
582.6363652916,83.3030844193
583.3503804451,83.1365559513
584.0643955987,83.5980540383
584.7784107522,83.7034520053
585.4924259058,83.1644696305
586.2064410593,83.1692043017
586.9204562128,83.2375914296
587.6344713664,83.2568455848
588.3484865199,83.2902976389
589.0625016735,83.2087890641
589.7765168270,83.5021587928
590.4905319806,83.4720283614
591.2045471341,83.3058092053
591.9185622876,83.8189756432
592.6325774412,83.6946536882
593.3465925947,83.4081427490
594.0606077483,83.6935759440
594.7746229018,83.4369124176
595.4886380554,83.4457764952
596.2026532089,83.8690867117
596.9166683625,83.5282316598
597.6306835160,83.3621831175
598.3446986695,83.1809541555
599.0587138231,82.6023650211
599.7727289766,82.7913692910
600.4867441302,82.9294757491
601.2007592837,82.5292133391
601.9147744373,82.6800597480
602.6287895908,82.7303133214
603.3428047443,82.3191663344
604.0568198979,82.1592444621
604.7708350514,82.2704963518
605.4848502050,82.4767309675
606.1988653585,82.4429735457
606.9128805121,82.1455770634
607.6268956656,82.0463340747
608.3409108192,82.1815085883
609.0549259727,82.3184044767
609.7689411262,82.0326086606
610.4829562798,81.6006826363
611.1969714333,81.7175085762
611.9109865869,81.8711645035
612.6250017404,81.8991499582
613.3390168940,82.0338098210
614.0530320475,81.8511440973
614.7670472010,81.8493165448
615.4810623546,82.0919632790
616.1950775081,81.7745378170
616.9090926617,81.5417277740
617.6231078152,81.7057335339
618.3371229688,81.7185751252
619.0511381223,81.7072783213
619.7651532758,81.5483237535
620.4791684294,81.4851742510
621.1931835829,81.7990390331
621.9071987365,81.7037215728
622.6212138900,81.4116319354
623.3352290436,81.3878053480
624.0492441971,81.1494269709
624.7632593507,80.9736665876
625.4772745042,81.0712180544
626.1912896577,80.9177656756
626.9053048113,80.6774461135
627.6193199648,80.5428150123
628.3333351184,80.4455214618
629.0473502719,80.3868806170
629.7613654255,80.0438095641
630.4753805790,79.5199989266
631.1893957325,79.4723287519
631.9034108861,79.7162941553
632.6174260396,79.7381127778
633.3314411932,80.0244437481
634.0454563467,80.5497709645
634.7594715003,80.6074348686
635.4734866538,80.5967570708
636.1875018074,80.7864721422
636.9015169609,80.6759176136
637.6155321144,80.6979450911
638.3295472680,80.8284545027
639.0435624215,80.4639953244
639.7575775751,80.2979264063
640.4715927286,80.4480614520
641.1856078822,80.3132731830
641.8996230357,80.3008832410
642.6136381892,80.3427124568
643.3276533428,80.2518938403
644.0416684963,80.3135646585
644.7556836499,80.0743594933
645.4696988034,79.7798586526
646.1837139570,80.0442224180
646.8977291105,80.1609755926
647.6117442640,79.9055401753
648.3257594176,79.7211426356
649.0397745711,79.5448806394
649.7537897247,79.4678041059
650.4678048782,79.4822376537
651.1818200318,79.3847456011
651.8958351853,79.3797416645
652.6098503389,79.4332842666
653.3238654924,79.1946538526
654.0378806459,78.9839919305
654.7518957995,79.1856701051
655.4659109530,79.1278294505
656.1799261066,78.6739576039
656.8939412601,78.6565544515
657.6079564137,78.5644674383
658.3219715672,78.1751516920
659.0359867207,78.3730654436
659.7500018743,78.4746552110
660.4640170278,78.1849912252
661.1780321814,78.3888049948
661.8920473349,78.3018176984
662.6060624885,77.8493086638
663.3200776420,77.8583100398
664.0340927956,77.6578107991
664.7481079491,77.2912227692
665.4621231026,77.1653002823
666.1761382562,77.0667488120
666.8901534097,77.2486334704
667.6041685633,78.4325056010
668.3181837168,77.1786026319
669.0321988704,76.8504321553
669.7462140239,76.8029482757
670.4602291774,76.6273109912
671.1742443310,76.5044268068
671.8882594845,76.2841587999
672.6022746381,76.3431917514
673.3162897916,76.3526525526
674.0303049452,75.7833805237
674.7443200987,75.5160335412
675.4583352522,75.4551044480
676.1723504058,75.0624052495
676.8863655593,74.8828938989
677.6003807129,74.6919952927
678.3143958664,74.3276044382
679.0284110200,74.2287490750
679.7424261735,74.3132587498
680.4564413271,74.4138637269
681.1704564806,74.1627404497
681.8844716341,73.7287682065
682.5984867877,73.6904705316
683.3125019412,73.6063769480
684.0265170948,73.3846978007
684.7405322483,73.3174429426
685.4545474019,73.1623231939
686.1685625554,73.1293335793
686.8825777089,73.0270238710
687.5965928625,72.5195246926
688.3106080160,72.2829432429
689.0246231696,72.1839351410
689.7386383231,71.7651120957
690.4526534767,71.4427007671
691.1666686302,71.1633180721
691.8806837838,70.8593624657
692.5946989373,70.7253657522
693.3087140908,70.5282231344
694.0227292444,69.9705126690
694.7367443979,69.1621990758
695.4507595515,68.8423337235
696.1647747050,68.9252637628
696.8787898586,68.4405746780
697.5928050121,67.8725998409
698.3068201656,67.5740837408
699.0208353192,66.8050833382
699.7348504727,66.0083328051
700.4488656263,65.5901041940
701.1628807798,65.1739617086
701.8768959334,64.8363755582
702.5909110869,64.4517175534
703.3049262404,63.9072890963
704.0189413940,63.3594789581
704.7329565475,62.8261165174
705.4469717011,62.4312781350
706.1609868546,61.8669287594
706.8750020082,61.1131386965
707.5890171617,60.6377256638
708.3030323153,60.0348631876
709.0170474688,59.2355662655
709.7310626223,58.6749269683
710.4450777759,57.9820506987
711.1590929294,57.1142231733
711.8731080830,56.2690536929
712.5871232365,55.3619905841
713.3011383901,54.6071763532
714.0151535436,53.9069730438
714.7291686971,53.0236236950
715.4431838507,51.9630133098
716.1571990042,50.8754796240
716.8712141578,49.9851568439
717.5852293113,48.8976831748
718.2992444649,47.7439727721
719.0132596184,47.0057009753
719.7272747720,46.1032145524
720.4412899255,45.3901933415
721.1553050790,45.2669077194
721.8693202326,44.9760552214
722.5833353861,44.9999955731
723.2973505397,45.4215504462
724.0113656932,46.0601173762
724.7253808468,47.6373262850
725.4393960003,49.5161580908
726.1534111538,51.4193411161
726.8674263074,53.6304238363
727.5814414609,55.6158874235
728.2954566145,57.6559949017
729.0094717680,59.7103796763
729.7234869216,61.5208465999
730.4375020751,63.5404330525
731.1515172287,65.6876245594
731.8655323822,67.9622135629
732.5795475357,70.1457334926
733.2935626893,72.0583952642
734.0075778428,74.3394477240
734.7215929964,76.6117579377
735.4356081499,78.5903932659
736.1496233035,80.6430195847
736.8636384570,82.4333840053
737.5776536105,84.1865990073
738.2916687641,85.8655142503
739.0056839176,87.0415843376
739.7196990712,88.1026901052
740.4337142247,88.8160239108
741.1477293783,89.3829846986
741.8617445318,90.2565819172
742.5757596853,90.4415847462
743.2897748389,90.3026847703
744.0037899924,90.7008941664
744.7178051460,90.7247726292
745.4318202995,90.5203449842
746.1458354531,90.6129357550
746.8598506066,90.4270903649
747.5738657602,90.2709924751
748.2878809137,90.2594124783
749.0018960672,89.9781329577
749.7159112208,89.9130085409
750.4299263743,89.9537643133
751.1439415279,89.6759144309
751.8579566814,89.4907988793
752.5719718350,89.4155165632
753.2859869885,89.2458342653
754.0000021420,89.1450309616
754.7140172956,89.1095835041
755.4280324491,89.0443137794
756.1420476027,88.8873758778
756.8560627562,88.6775562217
757.5700779098,88.4561150952
758.2840930633,88.2197332158
758.9981082169,88.1237650385
759.7121233704,88.0592108178
760.4261385239,87.9167002650
761.1401536775,87.8853563149
761.8541688310,87.7497416224
762.5681839846,87.4785244973
763.2821991381,87.3644792090
763.9962142917,87.2171040935
764.7102294452,87.0447614519
765.4242445987,86.9067792383
766.1382597523,86.6761923103
766.8522749058,86.7212216953
767.5662900594,86.8561221273
768.2803052129,86.5363258914
768.9943203665,86.1675268052
769.7083355200,86.0577932852
770.4223506735,85.9738571148
771.1363658271,85.8968633685
771.8503809806,85.9804575191
772.5643961342,86.1154620988
773.2784112877,85.7475582205
773.9924264413,85.2282822779
774.7064415948,85.2492285827
775.4204567484,85.0537784301
776.1344719019,84.6258920377
776.8484870554,84.8314912632
777.5625022090,84.8947975537
778.2765173625,84.5952296776
778.9905325161,84.5753043229
779.7045476696,84.3430838206
780.4185628232,83.9300017102
781.1325779767,83.7099606786
781.8465931302,83.4655424965
782.5606082838,83.5203676822
783.2746234373,83.6828496184
783.9886385909,83.4581584468
784.7026537444,83.2366976582
785.4166688980,83.0220231821
786.1306840515,82.6400909089
786.8446992051,82.2536820942
787.5587143586,81.9178780919
788.2727295121,81.8290607396
788.9867446657,81.7785349164
789.7007598192,81.5978883210
790.4147749728,81.4887633451
791.1287901263,81.0683548425
791.8428052799,80.5770567542
792.5568204334,80.6189916150
793.2708355869,80.7887830605
793.9848507405,81.1445042298
794.6988658940,81.7781724776
795.4128810476,82.2306349495
796.1268962011,82.6694655815
796.8409113547,82.9469929731
797.5549265082,82.9264356101
798.2689416617,83.0930539266
798.9829568153,83.2093502257
799.6969719688,83.2158533207
800.4109871224,83.3369404452
801.1250022759,83.2880538941
801.8390174295,83.3882256878
802.5530325830,83.4751525431
803.2670477366,83.0041236676
803.9810628901,82.7955659327
804.6950780436,82.9598335021
805.4090931972,82.9624841166
806.1231083507,83.2794903833
806.8371235043,83.4849855331
807.5511386578,83.0724394443
808.2651538114,82.8950298890
808.9791689649,82.9974989153
809.6931841184,82.8818108724
810.4071992720,82.7338823335
811.1212144255,82.6805143870
811.8352295791,82.8223977598
812.5492447326,83.1127287571
813.2632598862,83.2182837394
813.9772750397,83.1214705902
814.6912901933,82.9122465062
815.4053053468,82.6751554542
816.1193205003,82.6289336534
816.8333356539,82.7572827658
817.5473508074,82.8609316401
818.2613659610,82.7700307204
818.9753811145,82.6079608772
819.6893962681,82.7033927131
820.4034114216,82.7830247060
821.1174265751,82.4478033136
821.8314417287,82.1507440079
822.5454568822,82.1347500089
823.2594720358,82.0575927414
823.9734871893,82.0669089766
824.6875023429,82.1490130526
825.4015174964,81.9052187441
826.1155326499,81.7138699967
826.8295478035,81.6388690582
827.5435629570,81.1669722290
828.2575781106,80.8908126477
828.9715932641,81.2012436826
829.6856084177,81.2906624205
830.3996235712,80.9991180813
831.1136387248,80.6680226303
831.8276538783,80.4288074065
832.5416690318,80.2731170014
833.2556841854,79.8541981027
833.9696993389,79.4863380062
834.6837144925,79.5723971828
835.3977296460,79.4765004485
836.1117447996,79.1535279099
836.8257599531,78.9005482265
837.5397751066,78.4177337413
838.2537902602,78.0087107080
838.9678054137,77.8151323550
839.6818205673,77.5261264516
840.3958357208,77.3892994365
841.1098508744,77.2838040940
841.8238660279,76.9922025665
842.5378811815,76.6558219405
843.2518963350,76.1680941550
843.9659114885,75.7862251352
844.6799266421,75.5622230078
845.3939417956,75.2322884243
846.1079569492,75.2544004915
846.8219721027,75.4955971719
847.5359872563,75.5481934429
848.2500024098,75.7115807103
848.9640175633,75.7651162028
849.6780327169,75.8319315154
850.3920478704,76.3638434359
851.1060630240,76.8116849923
851.8200781775,77.1162297068
852.5340933311,77.5478997313
853.2481084846,77.7656436130
853.9621236381,77.8625514945
854.6761387917,77.9704832724
855.3901539452,78.0127437192
856.1041690988,78.1060113342
856.8181842523,78.2174792963
857.5321994059,78.5085077321
858.2462145594,78.8294990698
858.9602297130,78.7432356871
859.6742448665,78.6199348362
860.3882600200,78.6193514777
861.1022751736,78.4878927654
861.8162903271,78.3596265983
862.5303054807,78.1391982988
863.2443206342,77.8875553426
863.9583357878,77.7555480914
864.6723509413,77.4074473988
865.3863660948,76.8441958074
866.1003812484,76.0645463210
866.8143964019,75.0530350080
867.5284115555,74.1341773585
868.2424267090,72.9871447956
868.9564418626,71.5862999194
869.6704570161,70.2717315686
870.3844721697,68.5861779769
871.0984873232,67.1099406016
871.8125024767,66.9823213337
872.5265176303,68.1294400407
873.2405327838,70.4023201498
873.9545479374,73.0286907663
874.6685630909,74.9746314942
875.3825782445,76.3949174121
876.0965933980,77.4076283342
876.8106085515,78.0426745561
877.5246237051,78.7497080385
878.2386388586,79.3874443716
878.9526540122,79.8705778412
879.6666691657,80.4642125816
880.3806843193,81.0109130673
881.0946994728,81.4755939365
881.8087146264,81.9034656516
882.5227297799,82.1716304570
883.2367449334,82.3740467255
883.9507600870,82.5529026102
884.6647752405,82.6919430468
885.3787903941,82.9071858377
886.0928055476,83.1961785201
886.8068207012,83.3536133322
887.5208358547,83.2309390177
888.2348510082,83.0936215503
888.9488661618,83.0922072039
889.6628813153,82.9906283530
890.3768964689,82.9560470443
891.0909116224,83.0355072062
891.8049267760,82.9077152134
892.5189419295,82.8307019763
893.2329570830,82.9520645565
893.9469722366,82.9478374558
894.6609873901,82.7789405529
895.3750025437,82.4859355495
896.0890176972,82.2366971786
896.8030328508,82.2249709115
897.5170480043,82.3033371567
898.2310631579,82.4023713809
898.9450783114,82.3944396165
899.6590934649,82.2703097241
900.3731086185,82.2874133519
901.0871237720,82.2907073531
901.8011389256,82.3088723237
902.5151540791,82.4676547177
903.2291692327,82.3873237163
903.9431843862,82.4092142180
904.6571995397,82.8420443303
905.3712146933,82.9692431504
906.0852298468,82.8376589712
906.7992450004,82.9489660942
907.5132601539,83.0905651823
908.2272753075,83.1896716472
908.9412904610,83.2890462168
909.6553056146,83.3461466792
910.3693207681,83.4932566361
911.0833359216,83.6081617516
911.7973510752,83.5281075641
912.5113662287,83.4699087287
913.2253813823,83.5852721768
913.9393965358,83.6663202752
914.6534116894,83.5998252978
915.3674268429,83.6326089414
916.0814419964,83.7473674404
916.7954571500,83.7891901380
917.5094723035,83.8566909302
918.2234874571,83.7298333535
918.9375026106,83.4597052772
919.6515177642,83.4917477044
920.3655329177,83.4848601661
921.0795480712,83.3314193871
921.7935632248,83.4898202010
922.5075783783,83.5792266777
923.2215935319,83.4116844509
923.9356086854,83.3983701024
924.6496238390,83.4322656649
925.3636389925,83.4355070342
926.0776541461,83.4450493836
926.7916692996,83.3378275256
927.5056844531,83.3061543467
928.2196996067,83.4011368971
928.9337147602,83.4558150165
929.6477299138,83.4766285103
930.3617450673,83.4439430041
931.0757602209,83.4178855734
931.7897753744,83.4275062503
932.5037905279,83.4750425844
933.2178056815,83.6610988408
933.9318208350,83.7029088678
934.6458359886,83.5199485722
935.3598511421,83.5492059787
936.0738662957,83.6687680288
936.7878814492,83.6105074614
937.5018966028,83.6040581513
938.2159117563,83.6619025465
938.9299269098,83.6551716249
939.6439420634,83.6805861736
940.3579572169,83.7423417242
941.0719723705,83.7158863805
941.7859875240,83.6228700181
942.5000026776,83.5782635350
943.2140178311,83.5151024202
943.9280329846,83.3951919297
944.6420481382,83.3572331422
945.3560632917,83.4023794412
946.0700784453,83.4335056302
946.7840935988,83.3213201933
947.4981087524,83.0924358071
948.2121239059,83.0020217407
948.9261390594,82.9686598310
949.6401542130,82.9555531640
950.3541693665,83.1112816587
951.0681845201,83.0570801313
951.7821996736,82.8649353982
952.4962148272,82.8987003525
953.2102299807,82.7205520812
953.9242451343,82.4470936941
954.6382602878,82.3811371952
955.3522754413,82.1160409847
956.0662905949,82.0156771399
956.7803057484,82.1889150598
957.4943209020,81.8705118350
958.2083360555,81.3863577529
958.9223512091,81.1060482181
959.6363663626,80.7178086365
960.3503815161,80.4044216889
961.0643966697,80.1492964138
961.7784118232,79.8150983377
962.4924269768,79.6415760406
963.2064421303,79.5305992190
963.9204572839,79.3022799502
964.6344724374,78.9640179214
965.3484875910,78.5982676799
966.0625027445,78.3632780889
966.7765178980,78.1594557029
967.4905330516,77.9886989562
968.2045482051,77.8772711377
968.9185633587,77.6160972106
969.6325785122,77.3949785361
970.3465936658,77.2969539488
971.0606088193,77.1926828039
971.7746239728,77.3322674866
972.4886391264,77.5320757583
973.2026542799,77.5754031603
973.9166694335,77.8157321811
974.6306845870,78.1460260620
975.3446997406,78.3140943940
976.0587148941,78.4795731773
976.7727300476,78.6643620204
977.4867452012,78.8380239394
978.2007603547,79.0048646437
978.9147755083,79.1536587175
979.6287906618,79.2850065055
980.3428058154,79.2880238228
981.0568209689,79.2406417637
981.7708361225,79.2764081453
982.4848512760,79.2733762357
983.1988664295,79.2120183048
983.9128815831,79.1329470649
984.6268967366,79.0618570888
985.3409118902,79.0130560168
986.0549270437,78.8097358415
986.7689421973,78.5699892068
987.4829573508,78.5425004914
988.1969725043,78.5175514010
988.9109876579,78.4121896946
989.6250028114,78.3780265416
990.3390179650,78.3973179175
991.0530331185,78.4544017652
991.7670482721,78.4686267047
992.4810634256,78.3988098333
993.1950785792,78.3163267404
993.9090937327,78.1367095934
994.6231088862,77.9184042553
995.3371240398,77.8738164360
996.0511391933,77.8641025111
996.7651543469,77.6717434997
997.4791695004,77.4784240531
998.1931846540,77.4285544982
998.9071998075,77.1870690376
999.6212149610,76.7489304725
1000.3352301146,76.5543135959
1001.0492452681,76.4126217891
1001.7632604217,76.1090602030
1002.4772755752,75.9344865115
1003.1912907288,75.7383162317
1003.9053058823,75.3992072690
1004.6193210359,75.1068161948
1005.3333361894,74.7183636846
1006.0473513429,74.2538049083
1006.7613664965,73.8159685416
1007.4753816500,73.3737405917
1008.1893968036,73.0307611207
1008.9034119571,72.5161933418
1009.6174271107,71.7761838059
1010.3314422642,71.1636543913
1011.0454574177,70.3935550526
1011.7594725713,69.4106007095
1012.4734877248,68.5074519416
1013.1875028784,67.4515390322
1013.9015180319,66.3564717658
1014.6155331855,65.4106310824
1015.3295483390,64.4863127312
1016.0435634925,63.9090482741
1016.7575786461,63.7823007622
1017.4715937996,64.0117998069
1018.1856089532,64.6991253373
1018.8996241067,65.6100962023
1019.6136392603,66.6770755195
1020.3276544138,67.7844399165
1021.0416695674,68.6909466268
1021.7556847209,69.5917446572
1022.4696998744,70.4465199276
1023.1837150280,71.3848679898
1023.8977301815,72.7086054627
1024.6117453351,74.1546726719
1025.3257604886,75.8238174643
1026.0397756422,77.4966988407
1026.7537907957,78.4759990584
1027.4678059492,79.0660378058
1028.1818211028,79.3610889239
1028.8958362563,79.2519616896
1029.6098514099,79.2330485809
1030.3238665634,79.0278562307
1031.0378817170,78.5769700327
1031.7518968705,78.4403084194
1032.4659120241,78.2339722270
1033.1799271776,77.8519596488
1033.8939423311,77.5826415750
1034.6079574847,77.2235033380
1035.3219726382,76.9444206559
1036.0359877918,76.7408644152
1036.7500029453,76.4809043787
1037.4640180989,76.3969629572
1038.1780332524,76.2033737514
1038.8920484059,75.8922157005
1039.6060635595,75.7568249913
1040.3200787130,75.5604282204
1041.0340938666,75.4047974898
1041.7481090201,75.3156055536
1042.4621241737,75.1535289727
1043.1761393272,75.1529414981
1043.8901544807,75.0947066441
1044.6041696343,75.0176328632
1045.3181847878,75.1671025748
1046.0321999414,75.1353606770
1046.7462150949,75.0801042882
1047.4602302485,75.1390084428
1048.1742454020,75.0451561427
1048.8882605556,75.1015565687
1049.6022757091,75.1214216003
1050.3162908626,74.9934502504
1051.0303060162,75.0862209684
1051.7443211697,75.0049793692
1052.4583363233,74.9032350634
1053.1723514768,75.0913598847
1053.8863666304,75.0496970924
1054.6003817839,74.9833767736
1055.3143969374,74.8971879717
1056.0284120910,74.6033727747
1056.7424272445,74.6580530031
1057.4564423981,74.6037875147
1058.1704575516,74.2449364481
1058.8844727052,74.2785626332
1059.5984878587,74.1653742143
1060.3125030123,73.7397297029
1061.0265181658,73.5264278463
1061.7405333193,73.2960043965
1062.4545484729,73.0957355295
1063.1685636264,72.8535737355
1063.8825787800,72.4252600148
1064.5965939335,72.1412496372
1065.3106090871,71.7749844139
1066.0246242406,71.3778440866
1066.7386393941,71.2002845199
1067.4526545477,70.9033702272
1068.1666697012,70.6142196849
1068.8806848548,70.2290992915
1069.5947000083,69.6891235516
1070.3087151619,69.5168979777
1071.0227303154,69.1845901668
1071.7367454689,68.5457417030
1072.4507606225,68.2022115263
1073.1647757760,67.7110272931
1073.8787909296,67.0498750211
1074.5928060831,66.4860935724
1075.3068212367,65.8294895133
1076.0208363902,65.3438163862
1076.7348515438,64.7508051303
1077.4488666973,63.9682683645
1078.1628818508,63.4458526910
1078.8768970044,62.7407750997
1079.5909121579,62.1179145931
1080.3049273115,61.9323692495
1081.0189424650,61.4626774027
1081.7329576186,60.9411329440
1082.4469727721,60.5714629103
1083.1609879256,60.0903026536
1083.8750030792,59.7762989227
1084.5890182327,59.3735080137
1085.3030333863,59.0558851338
1086.0170485398,59.1431626886
1086.7310636934,58.9377024173
1087.4450788469,58.6040308444
1088.1590940005,58.3956794944
1088.8731091540,58.0330376121
1089.5871243075,57.9409531115
1090.3011394611,57.8907504234
1091.0151546146,57.6271621948
1091.7291697682,57.5902368254
1092.4431849217,57.5071972547
1093.1572000753,57.3758669643
1093.8712152288,57.3497843941
1094.5852303823,57.2438549812
1095.2992455359,57.3596168276
1096.0132606894,57.4269288520
1096.7272758430,57.3248232682
1097.4412909965,57.6140925206
1098.1553061501,57.9073918306
1098.8693213036,58.0447126974
1099.5833364571,58.3281367899
1100.2973516107,58.5767933886
1101.0113667642,59.0090327920
1101.7253819178,59.4931785990
1102.4393970713,59.7504894820
1103.1534122249,60.2273459231
1103.8674273784,60.7468633806
1104.5814425320,61.0982134636
1105.2954576855,61.6287541340
1106.0094728390,62.2249314583
1106.7234879926,62.7387962342
1107.4375031461,63.1137511711
1108.1515182997,63.4090211048
1108.8655334532,63.8541898746
1109.5795486068,64.1937943567
1110.2935637603,64.3651804492
1111.0075789138,64.5838557811
1111.7215940674,64.8140715015
1112.4356092209,65.0899822346
1113.1496243745,65.1812378869
1113.8636395280,65.2032146460
1114.5776546816,65.4878738953
1115.2916698351,65.4465146158
1116.0056849887,65.2056286717
1116.7197001422,65.3206813821
1117.4337152957,65.2444270525
1118.1477304493,65.1004500778
1118.8617456028,65.2446331935
1119.5757607564,65.3420863770
1120.2897759099,65.6100547359
1121.0037910635,65.9529501309
1121.7178062170,66.1648206594
1122.4318213705,66.5747608783
1123.1458365241,66.9414958610
1123.8598516776,67.2968181042
1124.5738668312,67.8399802071
1125.2878819847,68.2404721071
1126.0018971383,68.7888153546
1126.7159122918,69.5531108015
1127.4299274454,70.1660403501
1128.1439425989,70.8821008844
1128.8579577524,71.6587031505
1129.5719729060,72.3225739317
1130.2859880595,73.0272164585
1131.0000032131,73.7998077456
1131.7140183666,74.7632714382
1132.4280335202,75.7356620235
1133.1420486737,76.5979145688
1133.8560638272,77.6124359888
1134.5700789808,78.5334244996
1135.2840941343,79.3329514615
1135.9981092879,80.2793278396
1136.7121244414,81.1759009458
1137.4261395950,82.0186770429
1138.1401547485,82.7982183930
1138.8541699020,83.4794302609
1139.5681850556,84.2528799126
1140.2822002091,84.9362856654
1140.9962153627,85.5333243031
1141.7102305162,86.1549711390
1142.4242456698,86.6326067065
1143.1382608233,87.2077211578
1143.8522759769,87.8242748644
1144.5662911304,88.2742492843
1145.2803062839,88.8073590505
1145.9943214375,89.1594517528
1146.7083365910,89.3850944117
1147.4223517446,89.8544736329
1148.1363668981,90.1076335360
1148.8503820517,90.3006975962
1149.5643972052,90.7516350355
1150.2784123587,90.9483735674
1150.9924275123,91.0797266335
1151.7064426658,91.3607456903
1152.4204578194,91.4670395793
1153.1344729729,91.5455804220
1153.8484881265,91.6265198031
1154.5625032800,91.6975098369
1155.2765184336,91.8349771798
1155.9905335871,91.8441713712
1156.7045487406,91.8992195847
1157.4185638942,91.9785943420
1158.1325790477,91.8371966547
1158.8465942013,91.7301716566
1159.5606093548,91.6147922105
1160.2746245084,91.5309986476
1160.9886396619,91.6552969106
1161.7026548154,91.5408834089
1162.4166699690,91.3097342130
1163.1306851225,91.2660947242
1163.8447002761,91.1221840557
1164.5587154296,90.9679414579
1165.2727305832,90.7037986894
1165.9867457367,90.3023919365
1166.7007608902,90.1732615340
1167.4147760438,89.8965629747
1168.1287911973,89.4048356524
1168.8428063509,89.1313176319
1169.5568215044,88.6177369165
1170.2708366580,88.0440910570
1170.9848518115,87.8555555944
1171.6988669651,87.5529202172
1172.4128821186,87.1881558750
1173.1268972721,86.9496499336
1173.8409124257,86.6530871146
1174.5549275792,86.5245043877
1175.2689427328,86.4716578981
1175.9829578863,86.3392599489
1176.6969730399,86.2817572700
1177.4109881934,86.1767623532
1178.1250033469,86.0857148916
1178.8390185005,86.0659511408
1179.5530336540,85.9742330523
1180.2670488076,85.8749306966
1180.9810639611,85.7462332756
1181.6950791147,85.6862504294
1182.4090942682,85.6547311243
1183.1231094218,85.3841136885
1183.8371245753,85.2198783503
1184.5511397288,85.1911030347
1185.2651548824,84.9274777140
1185.9791700359,84.6867897612
1186.6931851895,84.4323086033
1187.4072003430,84.0709865968
1188.1212154966,83.8636379536
1188.8352306501,83.5504165269
1189.5492458036,83.2226004265
1190.2632609572,83.0887299242
1190.9772761107,82.7166525873
1191.6912912643,82.3104376371
1192.4053064178,82.0815399337
1193.1193215714,81.6887850981
1193.8333367249,81.3425762609
1194.5473518784,81.0694706326
1195.2613670320,80.6380185082
1195.9753821855,80.2827408004
1196.6893973391,79.9619120636
1197.4034124926,79.5452550104
1198.1174276462,79.1921174502
1198.8314427997,78.8896206827
1199.5454579533,78.5436310280
1200.2594731068,78.1300554132
1200.9734882603,77.7613254238
1201.6875034139,77.4362952141
1202.4015185674,77.0240834056
1203.1155337210,76.7174284412
1203.8295488745,76.4430417776
1204.5435640281,75.9867916304
1205.2575791816,75.6373832880
1205.9715943351,75.3454843534
1206.6856094887,74.9539597688
1207.3996246422,74.6452135420
1208.1136397958,74.2898326953
1208.8276549493,73.9391368656
1209.5416701029,73.7063741388
1210.2556852564,73.2983926377
1210.9697004100,72.8224099915
1211.6837155635,72.4661016005
1212.3977307170,72.0935722472
1213.1117458706,71.7153812258
1213.8257610241,71.3313696757
1214.5397761777,70.9574550786
1215.2537913312,70.5479655194
1215.9678064848,70.0205358020
1216.6818216383,69.5361685361
1217.3958367918,69.0356677964
1218.1098519454,68.4882215533
1218.8238670989,68.0437043043
1219.5378822525,67.5567360611
1220.2518974060,67.1119255485
1220.9659125596,66.7136653301
1221.6799277131,66.1912957960
1222.3939428666,65.8656468859
1223.1079580202,65.5865783917
1223.8219731737,65.1414709162
1224.5359883273,64.8625425204
1225.2500034808,64.4962476802
1225.9640186344,64.0637206695
1226.6780337879,63.7912229802
1227.3920489415,63.2779269245
1228.1060640950,62.8042917301
1228.8200792485,62.4187368617
1229.5340944021,61.7079654785
1230.2481095556,61.1716133803
1230.9621247092,60.6567557989
1231.6761398627,59.8762123504
1232.3901550163,59.3925036837
1233.1041701698,58.9065626865
1233.8181853233,58.2857051534
1234.5322004769,57.8212030345
1235.2462156304,57.2157520164
1235.9602307840,56.7749098436
1236.6742459375,56.5517144203
1237.3882610911,56.1750506552
1238.1022762446,55.9535825733
1238.8162913982,55.7559851412
1239.5303065517,55.5970618497
1240.2443217052,55.6843001995
1240.9583368588,55.5964469756
1241.6723520123,55.6436762279
1242.3863671659,55.9285021896
1243.1003823194,56.0289269023
1243.8143974730,56.2945091348
1244.5284126265,56.5500861929
1245.2424277800,56.7052874414
1245.9564429336,57.1776634277
1246.6704580871,57.5318083555
1247.3844732407,57.8326229509
1248.0984883942,58.3140034599
1248.8125035478,58.6061321399
1249.5265187013,59.0203452304
1250.2405338549,59.4885749395
1250.9545490084,59.8245177002
1251.6685641619,60.3368968968
1252.3825793155,60.5250261431
1253.0965944690,60.5769531048
1253.8106096226,61.0105313484
1254.5246247761,61.2659996706
1255.2386399297,61.4722637168
1255.9526550832,61.6893159595
1256.6666702367,61.6516987545
1257.3806853903,61.9519464625
1258.0947005438,62.2993740799
1258.8087156974,62.3292374426
1259.5227308509,62.5897883167
1260.2367460045,62.8834282288
1260.9507611580,63.1653524295
1261.6647763115,63.5906965282
1262.3787914651,63.8693330480
1263.0928066186,64.2707255234
1263.8068217722,64.7750508869
1264.5208369257,65.1503102585
1265.2348520793,65.6626710436
1265.9488672328,66.1761391679
1266.6628823864,66.6478894367
1267.3768975399,67.1619445269
1268.0909126934,67.5918774990
1268.8049278470,68.1716046970
1269.5189430005,68.7535873573
1270.2329581541,69.1600114641
1270.9469733076,69.7163669844
1271.6609884612,70.2155142084
1272.3750036147,70.6042067286
1273.0890187682,71.1303635540
1273.8030339218,71.5406114871
1274.5170490753,71.9242127537
1275.2310642289,72.4034885624
1275.9450793824,72.7525947941
1276.6590945360,73.1046512296
1277.3731096895,73.4988953184
1278.0871248431,73.8950897565
1278.8011399966,74.3597450219
1279.5151551501,74.7270167420
1280.2291703037,75.0668394948
1280.9431854572,75.4604479311
1281.6572006108,75.7764786384
1282.3712157643,76.1253109066
1283.0852309179,76.5253732254
1283.7992460714,76.9240120906
1284.5132612249,77.3240043654
1285.2272763785,77.6681513898
1285.9412915320,78.0858840325
1286.6553066856,78.4982308486
1287.3693218391,78.8147078250
1288.0833369927,79.2806515977
1288.7973521462,79.7371809445
1289.5113672997,80.0828336891
1290.2253824533,80.5447364703
1290.9393976068,80.9838568311
1291.6534127604,81.3781595196
1292.3674279139,81.8559256012
1293.0814430675,82.3293962503
1293.7954582210,82.7936366561
1294.5094733746,83.2232699665
1295.2234885281,83.6749078455
1295.9375036816,84.1890385452
1296.6515188352,84.6142592556
1297.3655339887,85.0876192391
1298.0795491423,85.6610692590
1298.7935642958,86.1361873975
1299.5075794494,86.5650700069
1300.2215946029,87.0034844835
1300.9356097564,87.4556043156
1301.6496249100,87.8623660393
1302.3636400635,88.1197554210
1303.0776552171,88.4139225394
1303.7916703706,88.7710920391
1304.5056855242,88.9996750097
1305.2197006777,89.1650396006
1305.9337158313,89.3187400900
1306.6477309848,89.4762350343
1307.3617461383,89.7021543974
1308.0757612919,89.9450767312
1308.7897764454,90.1529530588
1309.5037915990,90.3142712905
1310.2178067525,90.5620123666
1310.9318219061,90.8614305527
1311.6458370596,90.9224090523
1312.3598522131,90.9811826572
1313.0738673667,91.2294502807
1313.7878825202,91.3348539940
1314.5018976738,91.4198951706
1315.2159128273,91.6046302083
1315.9299279809,91.7025089763
1316.6439431344,91.8116825152
1317.3579582879,91.9242425795
1318.0719734415,91.9742899567
1318.7859885950,92.0233907118
1319.5000037486,92.0849241641
1320.2140189021,92.1985589146
1320.9280340557,92.2502313034
1321.6420492092,92.3083836985
1322.3560643628,92.4592989008
1323.0700795163,92.4109474247
1323.7840946698,92.3817925202
1324.4981098234,92.4731143076
1325.2121249769,92.3228217852
1325.9261401305,92.2618631072
1326.6401552840,92.1959027310
1327.3541704376,91.8811432589
1328.0681855911,91.7555351493
1328.7822007446,91.4485803349
1329.4962158982,90.9565855711
1330.2102310517,90.6304007268
1330.9242462053,89.8652373602
1331.6382613588,89.0309614689
1332.3522765124,88.2990594659
1333.0662916659,87.1109158939
1333.7803068195,86.0553430283
1334.4943219730,85.0389509034
1335.2083371265,83.7474512408
1335.9223522801,82.6525804689
1336.6363674336,81.6102628744
1337.3503825872,80.7161143607
1338.0643977407,80.1307629199
1338.7784128943,79.6823689594
1339.4924280478,79.5030878225
1340.2064432013,79.6725007882
1340.9204583549,80.1868522139
1341.6344735084,80.9072960733
1342.3484886620,81.8828893542
1343.0625038155,83.0480630295
1343.7765189691,84.2099397358
1344.4905341226,85.4754481172
1345.2045492761,86.6339271069
1345.9185644297,87.8000194257
1346.6325795832,88.9576848034
1347.3465947368,89.7224596365
1348.0606098903,90.5165719877
1348.7746250439,91.1886658331
1349.4886401974,91.5712188350
1350.2026553510,92.1651581403
1350.9166705045,92.5569139946
1351.6306856580,92.8099480251
1352.3447008116,93.2076185884
1353.0587159651,93.3169356456
1353.7727311187,93.4795642557
1354.4867462722,93.6812791814
1355.2007614258,93.6205582693
1355.9147765793,93.7907772722
1356.6287917328,93.9020989788
1357.3428068864,93.8584586254
1358.0568220399,93.9973833514
1358.7708371935,93.9553812547
1359.4848523470,93.8908459281
1360.1988675006,93.8489069675
1360.9128826541,93.5236765834
1361.6268978077,93.4836558674
1362.3409129612,93.3784796367
1363.0549281147,93.0453647559
1363.7689432683,93.2994251403
1364.4829584218,93.2136397085
1365.1969735754,92.9148987878
1365.9109887289,92.8721746446
1366.6250038825,92.5988165225
1367.3390190360,92.3662669859
1368.0530341895,92.3960340331
1368.7670493431,92.2915123106
1369.4810644966,92.4365559431
1370.1950796502,92.5577717645
1370.9090948037,92.5251205319
1371.6231099573,92.7896865013
1372.3371251108,92.9218428903
1373.0511402643,92.8937090068
1373.7651554179,92.9236550122
1374.4791705714,93.0092895149
1375.1931857250,93.3856008328
1375.9072008785,93.6002023133
1376.6212160321,93.6189051316
1377.3352311856,93.8105512884
1378.0492463392,93.7828852798
1378.7632614927,93.7981043632
1379.4772766462,94.0239085180
1380.1912917998,94.0576700494
1380.9053069533,94.1805061744
1381.6193221069,94.2043541836
1382.3333372604,94.0242265876
1383.0473524140,93.9852410911
1383.7613675675,93.7585048968
1384.4753827210,93.6503625800
1385.1893978746,93.7881876062
1385.9034130281,93.6762425098
1386.6174281817,93.6829547300
1387.3314433352,93.7207393863
1388.0454584888,93.6441259603
1388.7594736423,93.8108201080
1389.4734887959,93.5973072939
1390.1875039494,93.3717646612
1390.9015191029,93.6161936511
1391.6155342565,93.5222900276
1392.3295494100,93.5408953182
1393.0435645636,93.6024713892
1393.7575797171,93.1001652808
1394.4715948707,92.8699978958
1395.1856100242,92.5975891119
1395.8996251777,92.0086186107
1396.6136403313,91.9845844439
1397.3276554848,91.5451137439
1398.0416706384,90.9166435758
1398.7556857919,90.7449238911
1399.4697009455,89.9493346066
1400.1837160990,89.4815763682
1400.8977312526,88.9768861271
1401.6117464061,87.8529810535
1402.3257615596,87.3140516581
1403.0397767132,86.4897236066
1403.7537918667,85.3949313198
1404.4678070203,84.8793055500
1405.1818221738,83.4249262267
1405.8958373274,82.6151960589
1406.6098524809,82.1606355563
1407.3238676344,80.8594515572
1408.0378827880,80.8464776895
1408.7518979415,80.7977811841
1409.4659130951,80.5461454023
1410.1799282486,81.6499672137
1410.8939434022,82.0757944223
1411.6079585557,83.0458519441
1412.3219737092,84.6187938569
1413.0359888628,85.3858300044
1413.7500040163,86.9506035355
1414.4640191699,88.2646627325
1415.1780343234,89.1615204220
1415.8920494770,90.4219070289
1416.6060646305,90.9755090605
1417.3200797841,91.6372849837
1418.0340949376,92.3486627725
1418.7481100911,92.2384180850
1419.4621252447,92.8524083276
1420.1761403982,93.5668493835
1420.8901555518,93.5789212716
1421.6041707053,93.9838050377
1422.3181858589,94.0193535671
1423.0322010124,93.7432251838
1423.7462161659,93.8223145855
1424.4602313195,93.9259968674
1425.1742464730,93.9132480669
1425.8882616266,94.0253408588
1426.6022767801,93.9228298228
1427.3162919337,93.7310267591
1428.0303070872,93.7026098513
1428.7443222408,93.5885614887
1429.4583373943,93.3464641569
1430.1723525478,93.2553990420
1430.8863677014,93.1922631836
1431.6003828549,93.0161507183
1432.3143980085,92.9010985630
1433.0284131620,92.7656303451
1433.7424283156,92.5925680803
1434.4564434691,92.5569981661
1435.1704586226,92.3682324282
1435.8844737762,91.9593110111
1436.5984889297,91.7082506756
1437.3125040833,91.9713328945
1438.0265192368,91.8492824447
1438.7405343904,91.9418418885
1439.4545495439,91.9804005995
1440.1685646974,91.7747162665
1440.8825798510,91.7582266542
1441.5965950045,91.7345851518
1442.3106101581,91.6026288876
1443.0246253116,91.5554953910
1443.7386404652,91.4761459983
1444.4526556187,91.4352042172
1445.1666707723,91.4196604246
1445.8806859258,91.3664135563
1446.5947010793,91.3835099325
1447.3087162329,91.2255087456
1448.0227313864,91.0264010099
1448.7367465400,91.2400171819
1449.4507616935,91.2017964537
1450.1647768471,91.1364698432
1450.8787920006,91.1858146688
1451.5928071541,90.9166081907
1452.3068223077,90.7425579662
1453.0208374612,90.9784708577
1453.7348526148,90.9460146534
1454.4488677683,90.9205767764
1455.1628829219,90.9804293407
1455.8768980754,90.8048003407
1456.5909132290,90.9523499463
1457.3049283825,91.4015077769
1458.0189435360,91.2240065441
1458.7329586896,91.3834884455
1459.4469738431,91.5441589755
1460.1609889967,91.6792980997
1460.8750041502,91.9735321126
1461.5890193038,92.0327717664
1462.3030344573,92.0158274584
1463.0170496108,92.1481437804
1463.7310647644,92.0550262228
1464.4450799179,91.6400829022
1465.1590950715,91.2865229313
1465.8731102250,91.2737946284
1466.5871253786,91.0143771129
1467.3011405321,90.8031282195
1468.0151556856,90.6669054144
1468.7291708392,90.2147523563
1469.4431859927,89.8308044962
1470.1572011463,89.6882778157
1470.8712162998,89.2760497986
1471.5852314534,89.2106658308
1472.2992466069,90.0855379798
1473.0132617605,90.1482012433
1473.7272769140,90.9071775179
1474.4412920675,91.2458118773
1475.1553072211,91.1776847898
1475.8693223746,91.5535590979
1476.5833375282,91.7253303376
1477.2973526817,91.8351366566
1478.0113678353,92.1900109488
1478.7253829888,92.2428147336
1479.4393981423,92.3979020589
1480.1534132959,92.5948336993
1480.8674284494,92.5217980874
1481.5814436030,92.7453063943
1482.2954587565,92.9173400892
1483.0094739101,92.9802019581
1483.7234890636,93.1790581947
1484.4375042172,93.1837999803
1485.1515193707,93.3252040720
1485.8655345242,93.4513330792
1486.5795496778,93.2321318378
1487.2935648313,93.4790100778
1488.0075799849,93.7309297829
1488.7215951384,93.5078866685
1489.4356102920,93.4459697843
1490.1496254455,93.3934154378
1490.8636405990,93.5413633347
1491.5776557526,93.9015664254
1492.2916709061,93.8738834063
1493.0056860597,93.7158333785
1493.7197012132,93.5632318522
1494.4337163668,93.4194656872
1495.1477315203,93.3495250152
1495.8617466738,92.9466394307
1496.5757618274,92.6662805187
1497.2897769809,92.8003404931
1498.0037921345,92.5864194452
1498.7178072880,92.3291568439
1499.4318224416,91.9100114169
1500.1458375951,91.4900274857
1500.8598527487,91.1399659538
1501.5738679022,90.4132899428
1502.2878830557,89.6678788371
1503.0018982093,89.1054036997
1503.7159133628,88.4276134988
1504.4299285164,87.8287960378
1505.1439436699,87.4819335477
1505.8579588235,87.5096656921
1506.5719739770,87.6833886786
1507.2859891305,89.1447967985
1508.0000042841,90.4326027133
1508.7140194376,91.1112273451
1509.4280345912,91.9513533128
1510.1420497447,92.4587351418
1510.8560648983,92.8226124897
1511.5700800518,92.9777821000
1512.2840952054,92.8687151320
1512.9981103589,93.1796222553
1513.7121255124,93.1546548331
1514.4261406660,92.9746592409
1515.1401558195,93.1246505681
1515.8541709731,93.0034895990
1516.5681861266,92.7412606590
1517.2822012802,92.9476709812
1517.9962164337,93.0106876561
1518.7102315872,93.0368871552
1519.4242467408,92.9770185781
1520.1382618943,92.4912017493
1520.8522770479,92.1861061376
1521.5662922014,92.6585890352
1522.2803073550,92.5615807665
1522.9943225085,92.6832503977
1523.7083376621,92.8155339120
1524.4223528156,92.6431342865
1525.1363679691,92.5349943303
1525.8503831227,92.6946325466
1526.5643982762,92.5396908851
1527.2784134298,92.5483431252
1527.9924285833,92.7501229291
1528.7064437369,92.6534548177
1529.4204588904,92.7355347728
1530.1344740439,92.8168566248
1530.8484891975,92.6190555570
1531.5625043510,92.6162043206
1532.2765195046,92.7237124266
1532.9905346581,92.4795410245
1533.7045498117,92.4294987681
1534.4185649652,92.7299577010
1535.1325801187,92.6749479554
1535.8465952723,92.7218693655
1536.5606104258,92.7123224925
1537.2746255794,92.5611004446
1537.9886407329,92.4641884587
1538.7026558865,92.1960968106
1539.4166710400,91.7602672683
1540.1306861936,92.4258268089
1540.8447013471,92.5970668709
1541.5587165006,92.4860468705
1542.2727316542,92.3525424395
1542.9867468077,92.4497919778
1543.7007619613,92.5864107628
1544.4147771148,92.6075707589
1545.1287922684,92.2884180809
1545.8428074219,92.3486626251
1546.5568225754,92.5473379878
1547.2708377290,92.5068366261
1547.9848528825,92.3574106301
1548.6988680361,92.2525930926
1549.4128831896,92.0032546696
1550.1268983432,91.9520596672
1550.8409134967,92.2725679008
1551.5549286503,92.3053179911
1552.2689438038,92.2076307070
1552.9829589573,92.1124001880
1553.6969741109,91.9445914936
1554.4109892644,91.6175459804
1555.1250044180,91.7234687193
1555.8390195715,91.8765970266
1556.5530347251,91.9906144429
1557.2670498786,91.6601221632
1557.9810650321,90.5089946891
1558.6950801857,91.5307818301
1559.4090953392,91.6489936139
1560.1231104928,91.5567590719
1560.8371256463,91.9192282771
1561.5511407999,91.9632799461
1562.2651559534,92.1078306018
1562.9791711069,92.0102418848
1563.6931862605,91.7668289183
1564.4072014140,91.6379345854
1565.1212165676,91.6464698385
1565.8352317211,91.6398012876
1566.5492468747,91.5178302781
1567.2632620282,91.3832184604
1567.9772771818,91.3183260358
1568.6912923353,91.1817854179
1569.4053074888,91.1061835278
1570.1193226424,91.1132686834
1570.8333377959,90.9809117043
1571.5473529495,91.0778132626
1572.2613681030,91.0947354688
1572.9753832566,90.7349695206
1573.6893984101,90.5328834389
1574.4034135636,90.4512633061
1575.1174287172,90.2740675793
1575.8314438707,90.1543415867
1576.5454590243,89.9542901746
1577.2594741778,89.8860579374
1577.9734893314,90.0513020042
1578.6875044849,90.1481350900
1579.4015196385,90.0774798637
1580.1155347920,90.3019361043
1580.8295499455,90.6087531630
1581.5435650991,90.7840866993
1582.2575802526,90.9490611399
1582.9715954062,91.0868739018
1583.6856105597,91.3109319515
1584.3996257133,91.3725890496
1585.1136408668,91.3218274084
1585.8276560203,91.4232164015
1586.5416711739,91.4953268453
1587.2556863274,91.6113475289
1587.9697014810,91.6426555596
1588.6837166345,91.4862003185
1589.3977317881,91.4889709413
1590.1117469416,91.4860550931
1590.8257620951,91.4465364882
1591.5397772487,91.4619927848
1592.2537924022,91.3351250570
1592.9678075558,91.3607386683
1593.6818227093,91.4328895933
1594.3958378629,91.2851732397
1595.1098530164,91.2727107939
1595.8238681700,91.2336255954
1596.5378833235,91.1800497586
1597.2518984770,91.2914392434
1597.9659136306,91.1774850022
1598.6799287841,91.1079597028
1599.3939439377,91.1937993030
1600.1079590912,91.0594331964
1600.8219742448,91.0011317981
1601.5359893983,90.9582506414
1602.2500045518,90.8122774257
1602.9640197054,90.8131510480
1603.6780348589,90.6989384645
1604.3920500125,90.6104988439
1605.1060651660,90.6331423126
1605.8200803196,90.4362152158
1606.5340954731,90.3395722011
1607.2481106267,90.3181273251
1607.9621257802,90.1806421690
1608.6761409337,90.1980018749
1609.3901560873,90.0949384855
1610.1041712408,89.9797031113
1610.8181863944,90.0390448153
1611.5322015479,89.8597159440
1612.2462167015,89.7977810732
1612.9602318550,89.8750077682
1613.6742470085,89.6677683047
1614.3882621621,89.6209296135
1615.1022773156,89.7019091159
1615.8162924692,89.7201881081
1616.5303076227,89.9156326075
1617.2443227763,89.4484509035
1617.9583379298,89.6287796209
1618.6723530833,89.9777566749
1619.3863682369,89.7975739203
1620.1003833904,89.6884149775
1620.8143985440,89.7825840324
1621.5284136975,89.5659938570
1622.2424288511,89.5634541558
1622.9564440046,89.4469315494
1623.6704591582,88.9850138797
1624.3844743117,89.2799949449
1625.0984894652,89.2974509496
1625.8125046188,89.2231978750
1626.5265197723,89.2808998595
1627.2405349259,89.1211927332
1627.9545500794,88.9642297146
1628.6685652330,88.9325427822
1629.3825803865,88.8926327756
1630.0965955400,88.9136369269
1630.8106106936,88.6863914516
1631.5246258471,88.6023409203
1632.2386410007,88.6674144976
1632.9526561542,88.3849971539
1633.6666713078,88.3494190636
1634.3806864613,88.5189900427
1635.0947016149,88.0242008556
1635.8087167684,87.6159060953
1636.5227319219,88.0851061112
1637.2367470755,88.2673007491
1637.9507622290,88.0822873372
1638.6647773826,87.8185421419
1639.3787925361,87.9778291095
1640.0928076897,87.9368458222
1640.8068228432,87.6357121345
1641.5208379967,87.7027184140
1642.2348531503,87.5663996752
1642.9488683038,87.4156442379
1643.6628834574,87.5253785708
1644.3768986109,87.3441665488
1645.0909137645,87.2855424500
1645.8049289180,87.1899995872
1646.5189440715,86.7214363594
1647.2329592251,86.9271679814
1647.9469743786,86.7656412483
1648.6609895322,86.6634127453
1649.3750046857,87.0112498527
1650.0890198393,86.8767327844
1650.8030349928,86.6303555620
1651.5170501464,86.7724066215
1652.2310652999,86.6482304464
1652.9450804534,85.4613021964
1653.6590956070,85.5026300773
1654.3731107605,85.5726653257
1655.0871259141,86.2071335091
1655.8011410676,86.1109606902
1656.5151562212,85.9417130518
1657.2291713747,85.9302342374
1657.9431865282,85.6796923078
1658.6572016818,85.7120377874
1659.3712168353,85.5993061236
1660.0852319889,85.1822040414
1660.7992471424,85.1333262267
1661.5132622960,84.8737608315
1662.2272774495,84.4820764716
1662.9412926031,84.1100503943
1663.6553077566,83.7769602927
1664.3693229101,84.0249402916
1665.0833380637,84.1746024853
1665.7973532172,83.6089187593
1666.5113683708,83.5101620367
1667.2253835243,83.2485173209
1667.9393986779,82.8769767455
1668.6534138314,83.0162138669
1669.3674289849,81.7820626794
1670.0814441385,81.7842740572
1670.7954592920,82.1651212109
1671.5094744456,81.5665826388
1672.2234895991,81.3237874011
1672.9375047527,81.3796839393
1673.6515199062,81.1732354407
1674.3655350598,81.4485228695
1675.0795502133,81.1723222865
1675.7935653668,79.6089770387
1676.5075805204,80.0783772958
1677.2215956739,79.9646883484
1677.9356108275,79.5787949661
1678.6496259810,79.3459380451
1679.3636411346,78.8450475206
1680.0776562881,78.5680036241
1680.7916714416,78.1845973348
1681.5056865952,77.8416061744
1682.2197017487,78.0109958457
1682.9337169023,77.6741152146
1683.6477320558,77.1166684863
1684.3617472094,77.4930229966
1685.0757623629,76.3256768207
1685.7897775164,76.5752226790
1686.5037926700,76.7901509225
1687.2178078235,76.4871548290
1687.9318229771,76.2009212576
1688.6458381306,75.7519045855
1689.3598532842,75.3903869509
1690.0738684377,75.1083252180
1690.7878835913,74.3028898759
1691.5018987448,73.9907905187
1692.2159138983,73.7184805468
1692.9299290519,72.8954213183
1693.6439442054,72.3498071947
1694.3579593590,71.7354446849
1695.0719745125,71.2942852589
1695.7859896661,71.3172286525
1696.5000048196,68.9843947935
1697.2140199731,68.9061905644
1697.9280351267,68.6573770183
1698.6420502802,67.3657094078
1699.3560654338,67.3034725357
1700.0700805873,80.3477233282
1700.7840957409,63.2166441166
1701.4981108944,64.2690683259
1702.2121260480,63.5291121249
1702.9261412015,62.4850541658
1703.6401563550,61.9369465553
1704.3541715086,60.5510259536
1705.0681866621,59.8363526835
1705.7822018157,59.3055096425
1706.4962169692,58.1441198577
1707.2102321228,57.8261059742
1707.9242472763,57.0837438732
1708.6382624298,56.4185773374
1709.3522775834,56.1787346995
1710.0662927369,55.3785501970
1710.7803078905,55.3193059726
1711.4943230440,55.3209473422
1712.2083381976,54.8044673263
1712.9223533511,55.2347176104
1713.6363685046,55.4944784210
1714.3503836582,55.4828742786
1715.0643988117,56.7107095059
1715.7784139653,57.1303128462
1716.4924291188,57.7082548043
1717.2064442724,58.9947874991
1717.9204594259,59.3594564655
1718.6344745795,60.4145835355
1719.3484897330,61.6362876985
1720.0625048865,62.4039751476
1720.7765200401,63.3490765250
1721.4905351936,64.1907226545
1722.2045503472,64.9195503834
1722.9185655007,65.7657134053
1723.6325806543,66.5764881408
1724.3465958078,67.4162438078
1725.0606109613,68.2020109540
1725.7746261149,69.1251020324
1726.4886412684,70.0286867484
1727.2026564220,70.6801950991
1727.9166715755,71.6251946330
1728.6306867291,72.5333065622
1729.3447018826,73.1424569408
1730.0587170362,74.1696298646
1730.7727321897,75.2229441287
1731.4867473432,76.0465807782
1732.2007624968,76.9039166044
1732.9147776503,77.5599904114
1733.6287928039,78.4056935211
1734.3428079574,79.7849738741
1735.0568231110,80.7676152454
1735.7708382645,81.6611437539
1736.4848534180,82.4604497238
1737.1988685716,83.4102833853
1737.9128837251,84.3775530848
1738.6268988787,85.0369550359
1739.3409140322,85.8666292166
1740.0549291858,86.9699069294
1740.7689443393,87.7771076861
1741.4829594928,88.5739372400
1742.1969746464,89.1934339046
1742.9109897999,89.8716664171
1743.6250049535,90.6627248678
1744.3390201070,91.3813819474
1745.0530352606,92.2728493173
1745.7670504141,92.7618774707
1746.4810655677,93.0472547200
1747.1950807212,93.6235654905
1747.9090958747,93.7847893527
1748.6231110283,94.0189532147
1749.3371261818,94.7210454706
1750.0511413354,94.7439251536
1750.7651564889,94.6940119253
1751.4791716425,95.5239853993
1752.1931867960,95.6593068233
1752.9072019495,95.6154912515
1753.6212171031,95.8389870116
1754.3352322566,96.0423008801
1755.0492474102,96.0133262851
1755.7632625637,95.9851567576
1756.4772777173,95.9654252757
1757.1912928708,96.0602333718
1757.9053080244,96.2352866374
1758.6193231779,96.1328475232
1759.3333383314,96.1726538573
1760.0473534850,96.3878809536
1760.7613686385,96.1131387172
1761.4753837921,95.9724861640
1762.1893989456,96.5465327677
1762.9034140992,96.3251696959
1763.6174292527,96.2963583696
1764.3314444062,96.4447225436
1765.0454595598,96.2170443159
1765.7594747133,96.2762631750
1766.4734898669,96.3466338544
1767.1875050204,96.0479436514
1767.9015201740,96.0219969312
1768.6155353275,96.2811592582
1769.3295504810,96.2613370592
1770.0435656346,96.2314675137
1770.7575807881,96.0639931405
1771.4715959417,95.9384638512
1772.1856110952,95.9564694562
1772.8996262488,96.3582351491
1773.6136414023,96.3999518270
1774.3276565559,96.1680632106
1775.0416717094,96.1452823429
1775.7556868629,96.2214920327
1776.4697020165,96.1668746915
1777.1837171700,96.3217354080
1777.8977323236,96.2478608637
1778.6117474771,96.0183455053
1779.3257626307,96.0700146600
1780.0397777842,95.9280211174
1780.7537929377,95.9267050184
1781.4678080913,96.1203597559
1782.1818232448,95.9998902916
1782.8958383984,96.1039262378
1783.6098535519,96.0468147783
1784.3238687055,95.7714713489
1785.0378838590,96.0689502175
1785.7518990126,96.0046787513
1786.4659141661,95.7790507883
1787.1799293196,95.9540247738
1787.8939444732,95.8194628151
1788.6079596267,95.7788617347
1789.3219747803,95.9027535232
1790.0359899338,95.5851339355
1790.7500050874,95.5914116563
1791.4640202409,95.7313736482
1792.1780353944,95.5197405218
1792.8920505480,96.0660490265
1793.6060657015,95.9944211493
1794.3200808551,95.7112998229
1795.0340960086,95.8336368158
1795.7481111622,95.7155042648
1796.4621263157,95.6475320437
1797.1761414693,95.8104663687
1797.8901566228,95.6131014384
1798.6041717763,95.4969509893
1799.3181869299,95.5103732604
1800.0322020834,95.5124284187
1800.7462172370,95.6167713341
1801.4602323905,95.4962778835
1802.1742475441,95.4560641256
1802.8882626976,95.6139346001
1803.6022778511,95.5641302437
1804.3162930047,95.6019658393
1805.0303081582,95.5175205595
1805.7443233118,95.3817981922
1806.4583384653,95.5566873938
1807.1723536189,95.4664470241
1807.8863687724,95.3343708151
1808.6003839259,95.4686568444
1809.3143990795,95.2754683133
1810.0284142330,95.1982203066
1810.7424293866,95.4438632800
1811.4564445401,95.3628330051
1812.1704596937,95.3431364847
1812.8844748472,95.4000546351
1813.5984900008,95.4154759328
1814.3125051543,95.4998947227
1815.0265203078,95.4390776358
1815.7405354614,95.4620085267
1816.4545506149,95.5338135446
1817.1685657685,95.3638161953
1817.8825809220,95.3190784849
1818.5965960756,95.2878643798
1819.3106112291,95.2151397269
1820.0246263826,95.2710375312
1820.7386415362,95.1912483936
1821.4526566897,95.2116612218
1822.1666718433,95.2745620010
1822.8806869968,95.1823170548
1823.5947021504,95.3155463984
1824.3087173039,95.2381126716
1825.0227324575,94.8844791167
1825.7367476110,95.1726225948
1826.4507627645,95.2386040426
1827.1647779181,95.2383617290
1827.8787930716,95.4061862468
1828.5928082252,95.1152500160
1829.3068233787,94.8866299007
1830.0208385323,95.2105338038
1830.7348536858,95.2143578167
1831.4488688393,95.2759880998
1832.1628839929,95.4173704600
1832.8768991464,95.3942023210
1833.5909143000,95.4095682175
1834.3049294535,95.3661745409
1835.0189446071,95.3496425834
1835.7329597606,95.4228708604
1836.4469749141,95.3970058173
1837.1609900677,95.4049054156
1837.8750052212,95.3774269448
1838.5890203748,95.2876278516
1839.3030355283,95.2964155892
1840.0170506819,95.3457092334
1840.7310658354,95.4205062621
1841.4450809890,95.4344965973
1842.1590961425,95.3631352284
1842.8731112960,95.2776119862
1843.5871264496,95.0361868094
1844.3011416031,95.2308575019
1845.0151567567,95.5533699088
1845.7291719102,95.4107561690
1846.4431870638,95.5274245067
1847.1572022173,95.5063273964
1847.8712173708,95.2488799378
1848.5852325244,95.5714639866
1849.2992476779,95.6650136990
1850.0132628315,95.5059244513
1850.7272779850,95.6155065156
1851.4412931386,95.3820336806
1852.1553082921,95.3192319222
1852.8693234457,95.6316751198
1853.5833385992,95.4828647933
1854.2973537527,95.5745963780
1855.0113689063,95.7817427855
1855.7253840598,95.4933420497
1856.4393992134,95.5505640764
1857.1534143669,95.6859358792
1857.8674295205,95.4923230859
1858.5814446740,95.4559324569
1859.2954598275,95.3904267794
1860.0094749811,95.4643801146
1860.7234901346,95.6270771806
1861.4375052882,95.4991808394
1862.1515204417,95.5807850450
1862.8655355953,95.6425618934
1863.5795507488,95.4755929371
1864.2935659023,95.5637495190
1865.0075810559,95.5434602708
1865.7215962094,95.3822325737
1866.4356113630,95.4100622782
1867.1496265165,95.4603216648
1867.8636416701,95.5033831591
1868.5776568236,95.2765457997
1869.2916719772,95.1561767262
1870.0056871307,95.5264851408
1870.7197022842,95.4531688572
1871.4337174378,95.4730516223
1872.1477325913,95.6903099384
1872.8617477449,95.5447501817
1873.5757628984,95.6301152388
1874.2897780520,95.5825741651
1875.0037932055,95.2676277797
1875.7178083590,95.5393659919
1876.4318235126,95.5310841439
1877.1458386661,95.2312052348
1877.8598538197,95.4852838656
1878.5738689732,95.4267289453
1879.2878841268,95.2673312872
1880.0018992803,95.4712298830
1880.7159144339,95.4569075066
1881.4299295874,95.5681495791
1882.1439447409,95.5566083695
1882.8579598945,95.3508048933
1883.5719750480,95.5685820716
1884.2859902016,95.4993480126
1885.0000053551,95.2702477981
1885.7140205087,95.4344057203
1886.4280356622,95.4062132686
1887.1420508157,95.5142038606
1887.8560659693,95.6325679547
1888.5700811228,95.4424341888
1889.2840962764,95.5415775859
1889.9981114299,95.3735855001
1890.7121265835,95.1349879510
1891.4261417370,95.3913589621
1892.1401568905,95.4122612663
1892.8541720441,95.4100916790
1893.5681871976,95.4770509806
1894.2822023512,95.0808183977
1894.9962175047,95.1231560176
1895.7102326583,95.4611327518
1896.4242478118,95.2664655021
1897.1382629654,95.2711401546
1897.8522781189,95.4577635189
1898.5662932724,95.4699278021
1899.2803084260,95.3613343394
1899.9943235795,95.2265658861
1900.7083387331,95.4533842576
1901.4223538866,95.5279198338
1902.1363690402,95.2839922144
1902.8503841937,95.3568200913
1903.5643993472,95.3105956479
1904.2784145008,95.2024763455
1904.9924296543,95.2828057288
1905.7064448079,95.1510125901
1906.4204599614,95.2757904263
1907.1344751150,95.4425382889
1907.8484902685,95.2193945267
1908.5625054221,95.1861866077
1909.2765205756,95.1010198964
1909.9905357291,95.1443764404
1910.7045508827,95.4687886864
1911.4185660362,95.2547000705
1912.1325811898,95.1605113501
1912.8465963433,95.2594979076
1913.5606114969,94.9508139259
1914.2746266504,95.0726758731
1914.9886418039,95.2686884297
1915.7026569575,95.1010267865
1916.4166721110,95.1664185702
1917.1306872646,94.9232214756
1917.8447024181,94.6855821171
1918.5587175717,95.1934446747
1919.2727327252,95.1449293756
1919.9867478788,95.1069065804
1920.7007630323,95.2248561395
1921.4147781858,95.0501816754
1922.1287933394,95.1118798585
1922.8428084929,95.1501996845
1923.5568236465,95.1725207688
1924.2708388000,95.4119904489
1924.9848539536,95.2039879094
1925.6988691071,95.0789159584
1926.4128842606,95.1872093883
1927.1268994142,94.9892982595
1927.8409145677,95.0701078128
1928.5549297213,95.1287150814
1929.2689448748,94.9565338333
1929.9829600284,95.0828441772
1930.6969751819,95.0506014954
1931.4109903354,95.0710661583
1932.1250054890,95.1929798827
1932.8390206425,94.9746899743
1933.5530357961,95.0674906925
1934.2670509496,95.0618372046
1934.9810661032,94.7913955652
1935.6950812567,95.0434158892
1936.4090964103,94.9904293638
1937.1231115638,94.7436041464
1937.8371267173,95.0992587662
1938.5511418709,95.2463161345
1939.2651570244,95.0844960417
1939.9791721780,94.8303126438
1940.6931873315,94.6126819396
1941.4072024851,94.8308798414
1942.1212176386,94.9448219776
1942.8352327921,95.0006814644
1943.5492479457,95.1167943722
1944.2632630992,94.9277552918
1944.9772782528,94.9557968872
1945.6912934063,94.8986018872
1946.4053085599,94.8800525567
1947.1193237134,95.3447505107
1947.8333388670,94.9160643918
1948.5473540205,94.5995219547
1949.2613691740,95.1951106293
1949.9753843276,94.8051108249
1950.6893994811,94.6446225941
1951.4034146347,95.1554817558
1952.1174297882,94.6593949655
1952.8314449418,94.5193218991
1953.5454600953,94.6736576517
1954.2594752488,94.4024534727
1954.9734904024,94.7065633062
1955.6875055559,94.5470406652
1956.4015207095,94.4422610358
1957.1155358630,95.0792377552
1957.8295510166,94.7079190291
1958.5435661701,94.5662886662
1959.2575813236,94.8349510454
1959.9715964772,94.1437782525
1960.6856116307,94.2888069794
1961.3996267843,94.6252463602
1962.1136419378,94.3365438352
1962.8276570914,94.8721961254
1963.5416722449,94.8959182819
1964.2556873985,94.5223194390
1964.9697025520,94.8833959633
1965.6837177055,94.7964523873
1966.3977328591,94.7049297279
1967.1117480126,94.7407001427
1967.8257631662,94.6993730012
1968.5397783197,95.3870320379
1969.2537934733,95.1670995567
1969.9678086268,94.2162448247
1970.6818237803,94.4399998258
1971.3958389339,94.6522991965
1972.1098540874,94.2968165076
1972.8238692410,94.3989216580
1973.5378843945,95.2020543183
1974.2518995481,95.8253472077
1974.9659147016,95.3621057529
1975.6799298552,95.3792032607
1976.3939450087,95.8684903605
1977.1079601622,95.2603554434
1977.8219753158,94.9536226474
1978.5359904693,94.9891646530
1979.2500056229,94.7724024959
1979.9640207764,94.9199687311
1980.6780359300,94.4431745549
1981.3920510835,94.1066835636
1982.1060662370,94.6629256247
1982.8200813906,94.7409953101
1983.5340965441,94.9302104824
1984.2481116977,95.1047903362
1984.9621268512,94.8896935833
1985.6761420048,95.4060307150
1986.3901571583,95.4168508343
1987.1041723118,94.9590294484
1987.8181874654,95.2679459836
1988.5322026189,95.0156189292
1989.2462177725,94.7621803243
1989.9602329260,95.0434458811
1990.6742480796,94.9745331483
1991.3882632331,95.3549942544
1992.1022783867,95.3127339935
1992.8162935402,94.8052934214
1993.5303086937,95.3820340105
1994.2443238473,95.4100623638
1994.9583390008,95.2517332618
1995.6723541544,95.8753237646
1996.3863693079,95.4827421644
1997.1003844615,95.1357223763
1997.8143996150,95.3458140852
1998.5284147685,94.7351549277
1999.2424299221,94.7669690028
1999.9564450756,95.3446334167
2000.6704602292,95.3400047155
2001.3844753827,95.1909158827
2002.0984905363,94.8475619602
2002.8125056898,95.2124267907
2003.5265208434,95.7459610197
2004.2405359969,95.3501426760
2004.9545511504,95.7820841567
2005.6685663040,96.0246641556
2006.3825814575,95.3087839685
2007.0965966111,96.0144430828
2007.8106117646,96.2898855393
2008.5246269182,95.4866681925
2009.2386420717,95.7931446548
2009.9526572252,95.6852478542
2010.6666723788,95.1960785647
2011.3806875323,95.5385027385
2012.0947026859,95.4172489300
2012.8087178394,95.1749955957
2013.5227329930,95.5743268710
2014.2367481465,95.8006765831
2014.9507633000,95.3962504867
2015.6647784536,95.0349628916
2016.3787936071,95.5587072075
2017.0928087607,95.7217813412
2017.8068239142,95.1015021757
2018.5208390678,95.2229133502
2019.2348542213,95.4365416793
2019.9488693749,95.4904974988
2020.6628845284,95.7381545575
2021.3768996819,95.3976218112
2022.0909148355,95.5121379897
2022.8049299890,96.1191974849
2023.5189451426,96.1063990363
2024.2329602961,96.0510048528
2024.9469754497,95.6023604611
2025.6609906032,95.3154276217
2026.3750057567,95.8103359532
2027.0890209103,95.4058136919
2027.8030360638,95.3330491915
2028.5170512174,96.0118650900
2029.2310663709,95.5810128161
2029.9450815245,95.6670886689
2030.6590966780,96.1923106289
2031.3731118316,95.7211262225
2032.0871269851,95.7370531619
2032.8011421386,95.7718924863
2033.5151572922,95.3540381688
2034.2291724457,95.2893522534
2034.9431875993,95.0112393347
2035.6572027528,95.3498080147
2036.3712179064,95.8750963003
2037.0852330599,95.4044812650
2037.7992482134,95.4197556216
2038.5132633670,95.8622261044
2039.2272785205,95.7862943438
2039.9412936741,95.6401943757
2040.6553088276,95.2586558149
2041.3693239812,95.1349881728
2042.0833391347,95.3686933090
2042.7973542883,95.2875698215
2043.5113694418,95.3834284681
2044.2253845953,95.4910385492
2044.9393997489,95.3656939673
2045.6534149024,95.2109466983
2046.3674300560,94.8990615210
2047.0814452095,95.1306321776
2047.7954603631,95.3591108856
2048.5094755166,94.8995510923
2049.2234906701,94.7302252973
2049.9375058237,94.4417263194
2050.6515209772,94.2453727916
2051.3655361308,94.7426308123
2052.0795512843,94.8677835520
2052.7935664379,94.9755516778
2053.5075815914,95.0392943415
2054.2215967449,94.4429784287
2054.9356118985,94.7782399131
2055.6496270520,95.3433730643
2056.3636422056,94.9046035695
2057.0776573591,94.9467706411
2057.7916725127,95.1238025378
2058.5056876662,95.0782309406
2059.2197028198,95.4188947827
2059.9337179733,95.1190842773
2060.6477331268,94.8090827634
2061.3617482804,95.0099616599
2062.0757634339,94.6384369603
2062.7897785875,94.6648361245
2063.5037937410,95.0464362210
2064.2178088946,94.7993599515
2064.9318240481,94.8416044784
2065.6458392016,94.9252211561
2066.3598543552,94.5545088860
2067.0738695087,94.3935830411
2067.7878846623,94.5315972346
2068.5018998158,94.8890647563
2069.2159149694,94.8194131912
2069.9299301229,94.5396316313
2070.6439452765,94.9342693698
2071.3579604300,94.8592320298
2072.0719755835,94.4505568023
2072.7859907371,94.7674273276
2073.5000058906,94.6022452743
2074.2140210442,94.3772365898
2074.9280361977,94.9885296805
2075.6420513513,95.0508639102
2076.3560665048,94.6405023169
2077.0700816583,94.6105708557
2077.7840968119,94.6313265089
2078.4981119654,94.6247617290
2079.2121271190,94.5985357604
2079.9261422725,94.6060627047
2080.6401574261,94.5285382304
2081.3541725796,94.3704495698
2082.0681877331,94.5610132478
2082.7822028867,94.4776421177
2083.4962180402,94.1313856776
2084.2102331938,94.4418626436
2084.9242483473,94.6253618057
2085.6382635009,94.4303649044
2086.3522786544,94.5862656092
2087.0662938080,94.6052911401
2087.7803089615,94.4523073162
2088.4943241150,94.4524146955
2089.2083392686,94.5070159830
2089.9223544221,94.7985617562
2090.6363695757,94.8709213539
2091.3503847292,94.6305443709
2092.0643998828,94.7327096914
2092.7784150363,94.8909769968
2093.4924301898,94.8071597356
2094.2064453434,94.6314398862
2094.9204604969,94.5773950346
2095.6344756505,94.6895585563
2096.3484908040,94.4495284524
2097.0625059576,94.5122262847
2097.7765211111,95.0404907379
2098.4905362647,94.6008293194
2099.2045514182,94.1601962920
2099.9185665717,94.6590125061
2100.6325817253,94.6983944388
2101.3465968788,94.6188684763
2102.0606120324,94.8118922168
2102.7746271859,94.4698220420
2103.4886423395,94.3417715017
2104.2026574930,94.5217979960
2104.9166726465,94.4541279145
2105.6306878001,94.6377436702
2106.3447029536,94.7565000951
2107.0587181072,94.5037163390
2107.7727332607,94.4627724164
2108.4867484143,94.5709154559
2109.2007635678,94.5146918686
2109.9147787213,94.3560058648
2110.6287938749,94.4415050430
2111.3428090284,94.7122708401
2112.0568241820,94.6160492624
2112.7708393355,94.3432735932
2113.4848544891,94.2126299177
2114.1988696426,94.2467464454
2114.9128847962,94.5328220834
2115.6268999497,94.5653906841
2116.3409151032,94.3752572779
2117.0549302568,94.4209956190
2117.7689454103,94.3871549873
2118.4829605639,94.4137491016
2119.1969757174,94.5147113366
2119.9109908710,94.4832001004
2120.6250060245,94.7877936898
2121.3390211780,94.8808364794
2122.0530363316,94.5705156963
2122.7670514851,94.7366032020
2123.4810666387,94.7586541892
2124.1950817922,94.5889581037
2124.9090969458,94.7403535449
2125.6231120993,94.4644393715
2126.3371272529,94.4562655873
2127.0511424064,94.8953581298
2127.7651575599,94.5753647732
2128.4791727135,94.5705664268
2129.1931878670,95.0997816141
2129.9072030206,94.9175433034
2130.6212181741,94.9004584816
2131.3352333277,95.2779160095
2132.0492484812,95.1700437567
2132.7632636347,94.8310917776
2133.4772787883,94.7153236238
2134.1912939418,95.1585160318
2134.9053090954,95.2214117841
2135.6193242489,94.6455781028
2136.3333394025,95.1076002507
2137.0473545560,95.4135856205
2137.7613697095,94.5288038967
2138.4753848631,94.6340675261
2139.1894000166,95.1043902584
2139.9034151702,94.6774343392
2140.6174303237,94.6272258586
2141.3314454773,94.7851939503
2142.0454606308,94.7911298172
2142.7594757844,94.9819005353
2143.4734909379,94.8550663264
2144.1875060914,94.7588913193
2144.9015212450,94.8400970372
2145.6155363985,94.7011474922
2146.3295515521,95.1088316805
2147.0435667056,95.7590241069
2147.7575818592,95.2757535010
2148.4715970127,94.5185744855
2149.1856121662,94.7573209801
2149.8996273198,95.1707323113
2150.6136424733,94.7987298053
2151.3276576269,94.3820895982
2152.0416727804,94.5985618862
2152.7556879340,95.2190824989
2153.4697030875,95.4431135265
2154.1837182411,94.9056065139
2154.8977333946,94.9797248583
2155.6117485481,95.8553910096
2156.3257637017,95.8243670168
2157.0397788552,95.8186752475
2157.7537940088,96.3967585845
2158.4678091623,95.3223706200
2159.1818243159,94.1163511663
2159.8958394694,94.2438285324
2160.6098546229,94.2067158925
2161.3238697765,94.4066092682
2162.0378849300,94.7498799932
2162.7519000836,94.4990265717
2163.4659152371,94.1100411765
2164.1799303907,94.0882724275
2164.8939455442,94.7569564953
2165.6079606978,95.0684424519
2166.3219758513,94.5601976051
2167.0359910048,94.6423134093
2167.7500061584,94.8642457614
2168.4640213119,94.5731854976
2169.1780364655,94.9278176552
2169.8920516190,95.3907287254
2170.6060667726,95.0104434459
2171.3200819261,94.9645350504
2172.0340970796,95.4900963706
2172.7481122332,95.3893162674
2173.4621273867,94.8598561383
2174.1761425403,94.9900230074
2174.8901576938,95.3716451610
2175.6041728474,94.9718047357
2176.3181880009,94.5631228335
2177.0322031544,94.6829010220
2177.7462183080,94.8394878459
2178.4602334615,95.0197455002
2179.1742486151,94.8713548166
2179.8882637686,94.6459416038
2180.6022789222,94.8777811220
2181.3162940757,94.8294291503
2182.0303092293,94.5505768122
2182.7443243828,94.4565307966
2183.4583395363,94.5520382711
2184.1723546899,95.0983340422
2184.8863698434,95.0732123531
2185.6003849970,94.5882819319
2186.3144001505,94.8122801938
2187.0284153041,94.7237522153
2187.7424304576,94.5524287772
2188.4564456111,95.1070490652
2189.1704607647,95.1411075243
2189.8844759182,94.9510242352
2190.5984910718,95.0844444319
2191.3125062253,94.7236921599
2192.0265213789,94.6029645532
2192.7405365324,94.9445948187
2193.4545516860,95.1777687733
2194.1685668395,95.2239168631
2194.8825819930,94.7750403437
2195.5965971466,94.6334512037
2196.3106123001,95.0947184790
2197.0246274537,94.9409168194
2197.7386426072,94.6105776687
2198.4526577608,94.7550279388
2199.1666729143,94.9615861551
2199.8806880678,94.8692807256
2200.5947032214,94.4236459582
2201.3087183749,94.7232994061
2202.0227335285,95.2286316692
2202.7367486820,94.6288674560
2203.4507638356,94.6888618143
2204.1647789891,95.2899908857
2204.8787941426,94.8166911436
2205.5928092962,94.7608623071
2206.3068244497,94.9980089822
2207.0208396033,94.8661296908
2207.7348547568,95.4541765437
2208.4488699104,95.2896704166
2209.1628850639,94.0856713263
2209.8769002175,94.0598588339
2210.5909153710,94.5823009454
2211.3049305245,94.8177291049
2212.0189456781,94.8464626668
2212.7329608316,94.5093111460
2213.4469759852,94.4606737290
2214.1609911387,94.4922183897
2214.8750062923,94.5744113425
2215.5890214458,94.9032712777
2216.3030365993,94.4498437715
2217.0170517529,94.0672589171
2217.7310669064,94.5081711745
2218.4450820600,94.4169009834
2219.1590972135,94.3154494081
2219.8731123671,94.6501775814
2220.5871275206,94.4923520729
2221.3011426742,94.4985472467
2222.0151578277,94.7054702899
2222.7291729812,94.5301123568
2223.4431881348,94.6398255940
2224.1572032883,94.8053191368
2224.8712184419,94.6896173582
2225.5852335954,94.6844752956
2226.2992487490,94.4139009095
2227.0132639025,94.1517590848
2227.7272790560,94.4317290139
2228.4412942096,94.6349518410
2229.1553093631,94.4213976766
2229.8693245167,94.4289103298
2230.5833396702,94.6274354532
2231.2973548238,94.4697054616
2232.0113699773,94.4041690104
2232.7253851308,94.6157747385
2233.4394002844,94.4658909215
2234.1534154379,94.3363262635
2234.8674305915,94.4439946956
2235.5814457450,94.3713899854
2236.2954608986,94.5228249060
2237.0094760521,94.6675600883
2237.7234912057,94.6222235590
2238.4375063592,94.7847976787
2239.1515215127,94.4532697810
2239.8655366663,94.1609742527
2240.5795518198,94.7766040529
2241.2935669734,94.7959666614
2242.0075821269,94.4138392015
2242.7215972805,94.6802853012
2243.4356124340,94.4440349613
2244.1496275875,94.2041861170
2244.8636427411,94.6073822215
2245.5776578946,94.4892014747
2246.2916730482,94.2121379351
2247.0056882017,94.2398872001
2247.7197033553,94.1694684353
2248.4337185088,94.3734075376
2249.1477336624,94.6953079091
2249.8617488159,94.6299573034
2250.5757639694,94.5190859669
2251.2897791230,94.4865522698
2252.0037942765,94.5029119191
2252.7178094301,94.4528432565
2253.4318245836,94.4225916085
2254.1458397372,94.5199792089
2254.8598548907,94.3337579556
2255.5738700442,94.1641828939
2256.2878851978,94.2540942868
2257.0019003513,94.1188726831
2257.7159155049,94.1246711200
2258.4299306584,94.3496719148
2259.1439458120,94.3701303893
2259.8579609655,94.4301681357
2260.5719761190,94.3822629877
2261.2859912726,94.1564230806
2262.0000064261,94.2240689580
2262.7140215797,94.3037674921
2263.4280367332,94.2629420996
2264.1420518868,94.2598139913
2264.8560670403,94.2079402136
2265.5700821939,94.3365776041
2266.2840973474,94.3826996027
2266.9981125009,94.1045079065
2267.7121276545,94.0242244760
2268.4261428080,94.0346413852
2269.1401579616,94.0919945806
2269.8541731151,94.3132633941
2270.5681882687,94.2432825064
2271.2822034222,94.0716694053
2271.9962185757,94.1736976936
2272.7102337293,94.2177930606
2273.4242488828,94.2449701735
2274.1382640364,94.3175910835
2274.8522791899,94.1601100840
2275.5662943435,93.9895027212
2276.2803094970,94.0076748949
2276.9943246506,94.0576040697
2277.7083398041,93.9457518133
2278.4223549576,93.8745969653
2279.1363701112,94.0818925982
2279.8503852647,94.2483186826
2280.5644004183,94.1617397825
2281.2784155718,94.1457186136
2281.9924307254,94.1924652724
2282.7064458789,94.1445164455
2283.4204610324,94.0852904769
2284.1344761860,94.0388994923
2284.8484913395,93.9598623197
2285.5625064931,93.8763678724
2286.2765216466,93.9796391687
2286.9905368002,94.0667593655
2287.7045519537,93.9157134592
2288.4185671072,93.8683318011
2289.1325822608,93.9289230964
2289.8465974143,93.9626718496
2290.5606125679,94.0982021446
2291.2746277214,94.0936344201
2291.9886428750,94.0062606781
2292.7026580285,94.1508749077
2293.4166731821,94.0631118598
2294.1306883356,93.8599478928
2294.8447034891,94.0241472579
2295.5587186427,94.1101988296
2296.2727337962,94.1162939440
2296.9867489498,94.1781183636
2297.7007641033,93.9624157833
2298.4147792569,93.9189537477
2299.1287944104,94.0714859664
2299.8428095639,93.9536443867
2300.5568247175,94.0110588241
2301.2708398710,94.2100708139
2301.9848550246,94.1770587410
2302.6988701781,94.2052716187
2303.4128853317,94.0744674889
2304.1269004852,93.9940359742
2304.8409156388,94.2351854594
2305.5549307923,94.1228075664
2306.2689459458,93.9859654204
2306.9829610994,94.1582857031
2307.6969762529,94.0182129241
2308.4109914065,93.9220711671
2309.1250065600,94.0707050656
2309.8390217136,93.9571437242
2310.5530368671,93.9349977905
2311.2670520206,94.0071680371
2311.9810671742,93.8501106960
2312.6950823277,93.9371869083
2313.4090974813,94.1157960704
2314.1231126348,93.9234393269
2314.8371277884,93.9169426909
2315.5511429419,94.0046211395
2316.2651580955,93.9482690728
2316.9791732490,94.0521845055
2317.6931884025,93.9979360229
2318.4072035561,93.9047946487
2319.1212187096,93.9791610508
2319.8352338632,93.9214802818
2320.5492490167,93.8744758902
2321.2632641703,93.9275901425
2321.9772793238,93.8928873832
2322.6912944773,93.8435707868
2323.4053096309,93.5601088275
2324.1193247844,93.4444447448
2324.8333399380,93.8762301060
2325.5473550915,94.1750381113
2326.2613702451,94.0155013211
2326.9753853986,94.1783123802
2327.6894005521,94.2527081035
2328.4034157057,94.1761025315
2329.1174308592,94.2699153210
2329.8314460128,94.2338675424
2330.5454611663,94.2483232899
2331.2594763199,94.2468703648
2331.9734914734,94.0531138133
2332.6875066270,94.0138930049
2333.4015217805,94.1411668968
2334.1155369340,94.2343497676
2334.8295520876,94.3678880048
2335.5435672411,94.2974729965
2336.2575823947,94.1719824956
2336.9715975482,94.0397050286
2337.6856127018,93.9543234498
2338.3996278553,94.1076158928
2339.1136430088,94.2516491007
2339.8276581624,94.1883363850
2340.5416733159,94.2573013244
2341.2556884695,94.2498487458
2341.9697036230,94.2173158876
2342.6837187766,94.3508766531
2343.3977339301,94.2791707307
2344.1117490837,94.1356402817
2344.8257642372,94.2027871614
2345.5397793907,94.2488014761
2346.2537945443,94.1802461141
2346.9678096978,94.1463585098
2347.6818248514,94.2273702880
2348.3958400049,94.2189277911
2349.1098551585,94.0930709153
2349.8238703120,94.1285043394
2350.5378854655,94.1409183590
2351.2519006191,93.8830741861
2351.9659157726,93.8794832968
2352.6799309262,94.0681237703
2353.3939460797,93.9345588945
2354.1079612333,93.8714722616
2354.8219763868,93.8844668819
2355.5359915403,93.7759408092
2356.2500066939,93.9163351804
2356.9640218474,93.9339923716
2357.6780370010,93.8536196287
2358.3920521545,94.1694266200
2359.1060673081,94.2093181754
2359.8200824616,93.9193139740
2360.5340976152,93.8818000375
2361.2481127687,93.9666384907
2361.9621279222,94.0472723102
2362.6761430758,94.0722170212
2363.3901582293,94.0994754864
2364.1041733829,94.2431047498
2364.8181885364,94.1823058129
2365.5322036900,94.1132129855
2366.2462188435,94.2795767779
2366.9602339970,94.1790215593
2367.6742491506,94.0098169922
2368.3882643041,94.1921734765
2369.1022794577,94.1697243835
2369.8162946112,94.0652803864
2370.5303097648,94.2818293828
2371.2443249183,94.2206011567
2371.9583400719,94.0383502668
2372.6723552254,94.2721269163
2373.3863703789,94.2626754513
2374.1003855325,94.0767684531
2374.8144006860,94.3120814352
2375.5284158396,94.2905530950
2376.2424309931,93.9874074578
2376.9564461467,94.1600571769
2377.6704613002,94.3908097401
2378.3844764537,94.2785581611
2379.0984916073,94.1625134717
2379.8125067608,94.1422451497
2380.5265219144,94.2546279304
2381.2405370679,94.3265622455
2381.9545522215,94.2125513922
2382.6685673750,94.2161541960
2383.3825825285,94.2147001745
2384.0965976821,94.0777074925
2384.8106128356,94.1206677390
2385.5246279892,94.1949791306
2386.2386431427,94.1391921730
2386.9526582963,94.1718757367
2387.6666734498,94.2042128739
2388.3806886034,94.1298101751
2389.0947037569,94.1340009091
2389.8087189104,94.1437529949
2390.5227340640,94.1068090170
2391.2367492175,94.1344365076
2391.9507643711,94.2328295759
2392.6647795246,94.1520717958
2393.3787946782,94.1103003197
2394.0928098317,94.0960988877
2394.8068249852,94.1705424948
2395.5208401388,94.1550211241
2396.2348552923,94.1413783230
2396.9488704459,94.1156478764
2397.6628855994,94.1062918769
2398.3769007530,94.0869364213
2399.0909159065,94.1150281299
2399.8049310601,94.0575725370
2400.5189462136,94.2170958235
2401.2329613671,94.2763689317
2401.9469765207,94.2511398587
2402.6609916742,94.2400337581
2403.3750068278,94.1875758520
2404.0890219813,94.2319489302
2404.8030371349,94.2498546217
2405.5170522884,94.1874892763
2406.2310674419,94.2249429584
2406.9450825955,94.2616660780
2407.6590977490,94.2949696491
2408.3731129026,94.2799235491
2409.0871280561,94.1600229817
2409.8011432097,94.2376809931
2410.5151583632,94.3416008560
2411.2291735167,94.2141314603
2411.9431886703,94.1630400133
2412.6572038238,94.1807574678
2413.3712189774,94.1635282722
2414.0852341309,94.1706739503
2414.7992492845,94.1419643087
2415.5132644380,94.2268016184
2416.2272795916,94.2734442634
2416.9412947451,94.1081175615
2417.6553098986,94.1783729387
2418.3693250522,94.3397693968
2419.0833402057,94.2385305078
2419.7973553593,94.2310700265
2420.5113705128,94.2672410206
2421.2253856664,94.1800498204
2421.9394008199,94.2295039044
2422.6534159734,94.2761920618
2423.3674311270,94.1546006113
2424.0814462805,94.1462301784
2424.7954614341,94.3176388597
2425.5094765876,94.3099110951
2426.2234917412,94.0996737754
2426.9375068947,94.1609100234
2427.6515220483,94.3212600691
2428.3655372018,94.2065010155
2429.0795523553,94.1854254488
2429.7935675089,94.2041552639
2430.5075826624,94.1069677812
2431.2215978160,94.2279196453
2431.9356129695,94.2181801398
2432.6496281231,94.0499122194
2433.3636432766,94.2500796197
2434.0776584301,94.3142592847
2434.7916735837,94.1436579298
2435.5056887372,94.2808975821
2436.2197038908,94.3071229388
2436.9337190443,94.1498975068
2437.6477341979,94.2468160480
2438.3617493514,94.3217540041
2439.0757645050,94.2657501620
2439.7897796585,94.2566856913
2440.5037948120,94.2170502866
2441.2178099656,94.2223564540
2441.9318251191,94.3547778907
2442.6458402727,94.4150817605
2443.3598554262,94.2429304771
2444.0738705798,94.1037353049
2444.7878857333,94.2065521919
2445.5019008868,94.2254638839
2446.2159160404,94.1572194841
2446.9299311939,94.2802214796
2447.6439463475,94.2778540783
2448.3579615010,94.1223817295
2449.0719766546,94.1808021655
2449.7859918081,94.2889453338
2450.5000069616,94.2816330693
2451.2140221152,94.2301623324
2451.9280372687,94.1666386178
2452.6420524223,94.2003040765
2453.3560675758,94.2883531893
2454.0700827294,94.3180743251
2454.7840978829,94.2987638948
2455.4981130365,94.2536379175
2456.2121281900,94.2642762159
2456.9261433435,94.2605952804
2457.6401584971,94.2211978132
2458.3541736506,94.2888653084
2459.0681888042,94.2993399475
2459.7822039577,94.2829648060
2460.4962191113,94.4197274267
2461.2102342648,94.3784016082
2461.9242494183,94.2120178180
2462.6382645719,94.2410069925
2463.3522797254,94.2237528803
2464.0662948790,94.1781078690
2464.7803100325,94.2791404454
2465.4943251861,94.2871412234
2466.2083403396,94.2197873302
2466.9223554932,94.1826101940
2467.6363706467,94.1698920943
2468.3503858002,94.3023199400
2469.0644009538,94.3325938686
2469.7784161073,94.1317470240
2470.4924312609,94.1338444329
2471.2064464144,94.3138873760
2471.9204615680,94.3151039151
2472.6344767215,94.2795328970
2473.3484918750,94.3514225978
2474.0625070286,94.3296839742
2474.7765221821,94.1639565646
2475.4905373357,94.0308613102
2476.2045524892,94.0615668730
2476.9185676428,94.1882301315
2477.6325827963,94.2282199900
2478.3465979498,94.1777274880
2479.0606131034,94.1887937392
2479.7746282569,94.1574946646
2480.4886434105,93.9978697428
2481.2026585640,94.0135101872
2481.9166737176,94.2292743710
2482.6306888711,94.2504271933
2483.3447040247,94.1638113373
2484.0587191782,94.2494432203
2484.7727343317,94.2813212200
2485.4867494853,94.1479838438
2486.2007646388,94.1469333035
2486.9147797924,94.1986403045
2487.6287949459,94.0686423993
2488.3428100995,94.0712789055
2489.0568252530,94.2502806279
2489.7708404065,94.1292117626
2490.4848555601,93.9344913434
2491.1988707136,94.0836520370
2491.9128858672,94.1928705934
2492.6269010207,94.1254279058
2493.3409161743,94.1844137379
2494.0549313278,94.2006922208
2494.7689464814,94.1119932461
2495.4829616349,94.1536005802
2496.1969767884,94.1813004597
2496.9109919420,94.1173665477
2497.6250070955,94.1619069544
2498.3390222491,94.1675407183
2499.0530374026,94.0041653515
2499.7670525562,94.0006420684
2500.4810677097,94.1646232128
2501.1950828632,94.1339604698
2501.9090980168,94.0253597815
2502.6231131703,94.0399961791
2503.3371283239,94.0242897348
2504.0511434774,94.0698275572
2504.7651586310,94.2343273116
2505.4791737845,94.2262411781
2506.1931889380,94.1197152412
2506.9072040916,94.0940241706
2507.6212192451,94.0551955727
2508.3352343987,94.0690738861
2509.0492495522,94.1395254447
2509.7632647058,94.1050121990
2510.4772798593,94.0411531566
2511.1912950129,94.0394114109
2511.9053101664,94.0696454564
2512.6193253199,94.0971850853
2513.3333404735,94.0771520224
2514.0473556270,94.0802715489
2514.7613707806,94.1078475316
2515.4753859341,94.0864853841
2516.1894010877,94.1436205804
2516.9034162412,94.2450205100
2517.6174313947,94.2054134787
2518.3314465483,94.1439129027
2519.0454617018,94.1694971369
2519.7594768554,94.1516661492
2520.4734920089,94.0690431628
2521.1875071625,94.0616888735
2521.9015223160,94.1274575952
2522.6155374696,94.0733334254
2523.3295526231,93.9741342126
2524.0435677766,94.0721232922
2524.7575829302,94.1315555936
2525.4715980837,94.0250863302
2526.1856132373,94.0714000092
2526.8996283908,94.1097955880
2527.6136435444,93.9884979905
2528.3276586979,94.0630264220
2529.0416738514,94.1329250337
2529.7556890050,93.9660070765
2530.4697041585,93.9634060210
2531.1837193121,94.0625879787
2531.8977344656,94.0503261990
2532.6117496192,94.0660164069
2533.3257647727,93.9862356078
2534.0397799262,93.9687974678
2534.7537950798,94.1969873950
2535.4678102333,94.1845292097
2536.1818253869,94.0422464842
2536.8958405404,94.1864807656
2537.6098556940,94.2096220751
2538.3238708475,94.0447820469
2539.0378860011,94.0062578146
2539.7519011546,93.9876735555
2540.4659163081,93.9976303687
2541.1799314617,94.0094379089
2541.8939466152,93.9495382168
2542.6079617688,93.9950122487
2543.3219769223,94.0315566197
2544.0359920759,93.9584618033
2544.7500072294,93.9713352735
2545.4640223829,94.0262055138
2546.1780375365,94.0023261425
2546.8920526900,93.9239395360
2547.6060678436,93.9903920225
2548.3200829971,94.2266296150
2549.0340981507,94.1739159448
2549.7481133042,93.9508762948
2550.4621284578,94.0297325167
2551.1761436113,94.1020161368
2551.8901587648,94.0823947227
2552.6041739184,94.1609259028
2553.3181890719,94.1324390799
2554.0322042255,94.1080615643
2554.7462193790,94.0842427799
2555.4602345326,93.9359528568
2556.1742496861,93.9790701453
2556.8882648396,94.0508605685
2557.6022799932,93.9753119123
2558.3162951467,94.0172078482
2559.0303103003,94.0295869544
2559.7443254538,94.0393879499
2560.4583406074,94.0821919759
2561.1723557609,93.9189924901
2561.8863709144,93.9090435328
2562.6003860680,94.0366842545
2563.3144012215,94.0084701057
2564.0284163751,94.1341632693
2564.7424315286,94.1289343334
2565.4564466822,93.9311062615
2566.1704618357,94.0944200178
2566.8844769893,94.1628090565
2567.5984921428,94.0227440838
2568.3125072963,94.0961588667
2569.0265224499,93.9904466432
2569.7405376034,93.9198033270
2570.4545527570,94.1354602512
2571.1685679105,94.0219791703
2571.8825830641,93.8937253500
2572.5965982176,94.1090760590
2573.3106133711,94.1328280642
2574.0246285247,94.0304545377
2574.7386436782,94.0664597353
2575.4526588318,94.0831927900
2576.1666739853,94.0351213915
2576.8806891389,94.0070358780
2577.5947042924,94.1014283514
2578.3087194460,94.1489705090
2579.0227345995,94.0354389018
2579.7367497530,94.0513418685
2580.4507649066,94.1235180892
2581.1647800601,94.0845736504
2581.8787952137,94.0953030095
2582.5928103672,94.0764329950
2583.3068255208,94.0417103476
2584.0208406743,94.1245546135
2584.7348558278,94.1282996725
2585.4488709814,94.0080251065
2586.1628861349,93.9385806373
2586.8769012885,93.9977051789
2587.5909164420,94.0746558755
2588.3049315956,94.0029261175
2589.0189467491,93.9928706509
2589.7329619027,94.1115599326
2590.4469770562,94.0364149995
2591.1609922097,93.9428261554
2591.8750073633,94.0292168754
2592.5890225168,94.0356146504
2593.3030376704,94.0226554591
2594.0170528239,94.0896975021
2594.7310679775,94.0641849168
2595.4450831310,94.0484122975
2596.1590982845,94.1171502332
2596.8731134381,94.0839813486
2597.5871285916,94.0270456083
2598.3011437452,94.1189472763
2599.0151588987,94.1748426980
2599.7291740523,94.0978006450
2600.4431892058,94.0858533934
2601.1572043593,94.0924057198
2601.8712195129,94.0394741669
2602.5852346664,94.0602828650
2603.2992498200,94.0721813436
2604.0132649735,94.0622568740
2604.7272801271,94.1500528619
2605.4412952806,94.1999060539
2606.1553104342,94.2265556602
2606.8693255877,94.2621595438
2607.5833407412,94.1736729619
2608.2973558948,94.1407461516
2609.0113710483,94.1612423344
2609.7253862019,94.0712660247
2610.4394013554,94.0944859673
2611.1534165090,94.1878641894
2611.8674316625,94.1387640126
2612.5814468160,94.0739217171
2613.2954619696,94.0495210105
2614.0094771231,94.1058022626
2614.7234922767,94.1888528929
2615.4375074302,94.1154200627
2616.1515225838,94.0736224711
2616.8655377373,94.1486510059
2617.5795528909,94.1461397630
2618.2935680444,94.1065680216
2619.0075831979,94.0836193446
2619.7215983515,94.0903113100
2620.4356135050,94.0902170071
2621.1496286586,94.0255921731
2621.8636438121,94.1066969949
2622.5776589657,94.2346602503
2623.2916741192,94.1533143583
2624.0056892727,94.1400465839
2624.7197044263,94.2047488625
2625.4337195798,94.1586584198
2626.1477347334,94.1813348628
2626.8617498869,94.1786985351
2627.5757650405,94.1068196298
2628.2897801940,94.1721454354
2629.0037953475,94.2092195567
2629.7178105011,94.1798717309
2630.4318256546,94.1677641727
2631.1458408082,94.0493820534
2631.8598559617,94.0457821562
2632.5738711153,94.2205488236
2633.2878862688,94.2137113951
2634.0019014224,94.1563790409
2634.7159165759,94.2401040461
2635.4299317294,94.2080465684
2636.1439468830,94.0980945303
2636.8579620365,94.1392135595
2637.5719771901,94.1970424242
2638.2859923436,94.1996825334
2639.0000074972,94.2716770459
2639.7140226507,94.2948193107
2640.4280378042,94.1954013927
2641.1420529578,94.1799582494
2641.8560681113,94.2345391365
2642.5700832649,94.2379583415
2643.2840984184,94.2577940576
2643.9981135720,94.2709101203
2644.7121287255,94.2570597986
2645.4261438791,94.2559353516
2646.1401590326,94.2141067933
2646.8541741861,94.1976576013
2647.5681893397,94.2366141104
2648.2822044932,94.2266159628
2648.9962196468,94.2259477287
2649.7102348003,94.2571738194
2650.4242499539,94.2538057041
2651.1382651074,94.2301057174
2651.8522802609,94.1673763779
2652.5662954145,94.1467578057
2653.2803105680,94.2288252267
2653.9943257216,94.2555364200
2654.7083408751,94.2269651085
2655.4223560287,94.2536626289
2656.1363711822,94.2830025974
2656.8503863357,94.2705204297
2657.5644014893,94.2566466739
2658.2784166428,94.3031974988
2658.9924317964,94.3320702219
2659.7064469499,94.2329565075
2660.4204621035,94.1789507402
2661.1344772570,94.2514041582
2661.8484924106,94.2824685347
2662.5625075641,94.2729517562
2663.2765227176,94.2701983980
2663.9905378712,94.2659098712
2664.7045530247,94.2995665007
2665.4185681783,94.3320213293
2666.1325833318,94.3341573224
2666.8465984854,94.3171986028
2667.5606136389,94.3032133106
2668.2746287924,94.3384797877
2668.9886439460,94.3280414994
2669.7026590995,94.2657001140
2670.4166742531,94.2720850239
2671.1306894066,94.2667452119
2671.8447045602,94.2606745640
2672.5587197137,94.3254884830
2673.2727348673,94.3190504535
2673.9867500208,94.2546873390
2674.7007651743,94.2246482524
2675.4147803279,94.2173455276
2676.1287954814,94.2476551373
2676.8428106350,94.2317434676
2677.5568257885,94.2039672868
2678.2708409421,94.2645833184
2678.9848560956,94.2626193823
2679.6988712491,94.2220323411
2680.4128864027,94.2504017694
2681.1269015562,94.2598620407
2681.8409167098,94.2896788190
2682.5549318633,94.2811198008
2683.2689470169,94.1849342397
2683.9829621704,94.2136109247
2684.6969773239,94.2685595190
2685.4109924775,94.2139935355
2686.1250076310,94.2250554758
2686.8390227846,94.2447164089
2687.5530379381,94.1844049594
2688.2670530917,94.1474588095
2688.9810682452,94.1689051905
2689.6950833988,94.2328541727
2690.4090985523,94.2110816714
2691.1231137058,94.1210892349
2691.8371288594,94.1584794349
2692.5511440129,94.1895997748
2693.2651591665,94.1241768823
2693.9791743200,94.1278517758
2694.6931894736,94.1557005274
2695.4072046271,94.1546398975
2696.1212197806,94.1547909864
2696.8352349342,94.1437059002
2697.5492500877,94.1717177833
2698.2632652413,94.1726026635
2698.9772803948,94.1372582688
2699.6912955484,94.1933952843
2700.4053107019,94.2042468387
2701.1193258555,94.1057986688
2701.8333410090,94.0966917365
2702.5473561625,94.1507158112
2703.2613713161,94.1353545893
2703.9753864696,94.1189354483
2704.6894016232,94.1711589352
2705.4034167767,94.1742658001
2706.1174319303,94.0886572302
2706.8314470838,94.0979818308
2707.5454622373,94.1533046964
2708.2594773909,94.1081407165
2708.9734925444,94.1148959266
2709.6875076980,94.1620450862
2710.4015228515,94.1374430336
2711.1155380051,94.1348844043
2711.8295531586,94.1159679765
2712.5435683122,94.1003073088
2713.2575834657,94.1529395660
2713.9715986192,94.1315391483
2714.6856137728,94.1192453502
2715.3996289263,94.1696590080
2716.1136440799,94.1160127698
2716.8276592334,94.0846385570
2717.5416743870,94.1157552389
2718.2556895405,94.0981391651
2718.9697046940,94.1314420557
2719.6837198476,94.1294730695
2720.3977350011,94.0721918651
2721.1117501547,94.1249839165
2721.8257653082,94.1224437884
2722.5397804618,94.0636271043
2723.2537956153,94.1427625816
2723.9678107688,94.1813289326
2724.6818259224,94.1117359329
2725.3958410759,94.0719502435
2726.1098562295,94.0449782488
2726.8238713830,94.0559180743
2727.5378865366,94.0987018414
2728.2519016901,94.0913661689
2728.9659168437,94.0621894201
2729.6799319972,94.0565244378
2730.3939471507,94.0904785621
2731.1079623043,94.1069495054
2731.8219774578,94.0597020018
2732.5359926114,94.0481028470
2733.2500077649,94.0534243350
2733.9640229185,94.0091887654
2734.6780380720,94.0209762761
2735.3920532255,94.0740825871
2736.1060683791,94.0644478397
2736.8200835326,94.0236677106
2737.5340986862,94.0080934216
2738.2481138397,94.0412844724
2738.9621289933,94.0496437522
2739.6761441468,93.9822583280
2740.3901593004,93.9832175144
2741.1041744539,94.0591022669
2741.8181896074,94.0636336819
2742.5322047610,94.0401329390
2743.2462199145,94.0305589200
2743.9602350681,94.0174529671
2744.6742502216,94.0864744745
2745.3882653752,94.1567528931
2746.1022805287,94.0848027428
2746.8162956822,94.0310949734
2747.5303108358,94.0853422144
2748.2443259893,94.0919189684
2748.9583411429,94.0753589300
2749.6723562964,94.1043218379
2750.3863714500,94.0807773579
2751.1003866035,94.0576148675
2751.8144017570,94.1110299203
2752.5284169106,94.1094491086
2753.2424320641,94.0469842012
2753.9564472177,94.0402543041
2754.6704623712,94.0509339229
2755.3844775248,94.0585979981
2756.0984926783,94.1122561575
2756.8125078319,94.1155233350
2757.5265229854,94.0193373769
2758.2405381389,94.0033500481
2758.9545532925,94.0872087783
2759.6685684460,94.0878187017
2760.3825835996,94.0658439627
2761.0965987531,94.1184905218
2761.8106139067,94.1301135665
2762.5246290602,94.1105311482
2763.2386442137,94.0839559604
2763.9526593673,94.0191215422
2764.6666745208,94.0547313706
2765.3806896744,94.1259785771
2766.0947048279,94.0674763415
2766.8087199815,94.0297438885
2767.5227351350,94.0314731298
2768.2367502886,94.0145015567
2768.9507654421,94.0779766919
2769.6647805956,94.0807898849
2770.3787957492,93.9980841474
2771.0928109027,94.0292126579
2771.8068260563,94.0659230180
2772.5208412098,94.0745172257
2773.2348563634,94.1030811693
2773.9488715169,94.0028650923
2774.6628866704,93.9526041975
2775.3769018240,94.0711663851
2776.0909169775,94.0742449216
2776.8049321311,94.0321841541
2777.5189472846,94.0760382579
2778.2329624382,94.0593617815
2778.9469775917,94.0679867643
2779.6609927452,94.1052360870
2780.3750078988,94.0460546884
2781.0890230523,94.0406042024
2781.8030382059,94.0652992092
2782.5170533594,93.9987242517
2783.2310685130,93.9931019112
2783.9450836665,94.0369428530
2784.6590988201,94.0313776430
2785.3731139736,94.0503353796
2786.0871291271,94.0722821992
2786.8011442807,94.0961713088
2787.5151594342,94.1521757254
2788.2291745878,94.1277766628
2788.9431897413,94.0616245603
2789.6572048949,94.0436647411
2790.3712200484,93.9918085880
2791.0852352019,93.9596944717
2791.7992503555,94.0056959616
2792.5132655090,94.0021412828
2793.2272806626,93.9645690256
2793.9412958161,93.9825973006
2794.6553109697,94.0048563290
2795.3693261232,94.0073007848
2796.0833412768,93.9952895941
2796.7973564303,93.9516070119
2797.5113715838,93.9500018771
2798.2253867374,94.0371826237
2798.9394018909,94.0583740379
2799.6534170445,93.9333649324
2800.3674321980,93.8813785502
2801.0814473516,93.9710247444
2801.7954625051,93.9866780543
2802.5094776586,93.9656351080
2803.2234928122,94.0281105650
2803.9375079657,94.0278327281
2804.6515231193,93.9593615875
2805.3655382728,93.9414217983
2806.0795534264,93.9452058650
2806.7935685799,93.9709748918
2807.5075837334,94.0035428890
2808.2215988870,94.0050295422
2808.9356140405,94.0059709089
2809.6496291941,93.9846254703
2810.3636443476,93.9813255840
2811.0776595012,94.0056692002
2811.7916746547,93.9573255470
2812.5056898083,93.9486470010
2813.2197049618,93.9915876824
2813.9337201153,93.9201119546
2814.6477352689,93.9182377688
2815.3617504224,94.0470691062
2816.0757655760,94.0307869476
2816.7897807295,93.9313145165
2817.5037958831,93.9352233276
2818.2178110366,94.0021678642
2818.9318261901,94.0679691723
2819.6458413437,94.0629088278
2820.3598564972,94.0065289691
2821.0738716508,93.9964889616
2821.7878868043,94.0276707768
2822.5019019579,94.0423247777
2823.2159171114,94.0135616290
2823.9299322650,94.0370240707
2824.6439474185,94.1163579058
2825.3579625720,94.0331194116
2826.0719777256,93.8828034630
2826.7859928791,93.9299814745
2827.5000080327,94.0615104478
2828.2140231862,94.1234138534
2828.9280383398,94.1041031794
2829.6420534933,94.0198580355
2830.3560686468,93.9937275355
2831.0700838004,94.0237082078
2831.7840989539,94.0044923779
2832.4981141075,93.9843338900
2833.2121292610,94.0347706013
2833.9261444146,94.0935198434
2834.6401595681,94.0093991636
2835.3541747217,93.8694859330
2836.0681898752,93.9111946831
2836.7822050287,93.9932412227
2837.4962201823,93.9715172859
2838.2102353358,93.9735121755
2838.9242504894,93.9615510052
2839.6382656429,93.9326153112
2840.3522807965,93.9355661985
2841.0662959500,93.9153828690
2841.7803111035,93.9652762502
2842.4943262571,93.9654556480
2843.2083414106,93.7952981072
2843.9223565642,93.7975198882
2844.6363717177,93.9072621590
2845.3503868713,93.8159298135
2846.0644020248,93.7755308425
2846.7784171783,93.8766299944
2847.4924323319,93.8939649385
2848.2064474854,93.8138136131
2848.9204626390,93.7454069894
2849.6344777925,93.8044388066
2850.3484929461,93.8441924540
2851.0625080996,93.7620081418
2851.7765232532,93.8407416588
2852.4905384067,93.9607388480
2853.2045535602,93.9118211129
2853.9185687138,93.9763679891
2854.6325838673,94.0614746273
2855.3465990209,93.9992207766
2856.0606141744,94.0526570960
2856.7746293280,94.1235720493
2857.4886444815,94.0689909040
2858.2026596350,94.1140537521
2858.9166747886,94.2213431845
2859.6306899421,94.2564725843
2860.3447050957,94.2897236956
2861.0587202492,94.3347568207
2861.7727354028,94.4021946750
2862.4867505563,94.4864762922
2863.2007657099,94.4736557006
2863.9147808634,94.4203781844
2864.6287960169,94.5095017853
2865.3428111705,94.6216180249
2866.0568263240,94.6005997502
2866.7708414776,94.6379493994
2867.4848566311,94.7594755858
2868.1988717847,94.7557579177
2868.9128869382,94.7176094894
2869.6269020917,94.7736402027
2870.3409172453,94.8555957416
2871.0549323988,94.9058437961
2871.7689475524,94.8932543910
2872.4829627059,94.9251820541
2873.1969778595,95.0417860509
2873.9109930130,95.0577802477
2874.6250081665,95.0018684772
2875.3390233201,95.0208818290
2876.0530384736,95.1368509252
2876.7670536272,95.2876849487
2877.4810687807,95.2895320429
2878.1950839343,95.2831186664
2878.9090990878,95.4981712517
2879.6231142414,95.6276209590
2880.3371293949,95.6584684684
2881.0511445484,95.8821625156
2881.7651597020,96.0372925031
2882.4791748555,96.0865154202
2883.1931900091,96.2711268487
2883.9072051626,96.2959637233
2884.6212203162,96.0978590023
2885.3352354697,96.0501097173
2886.0492506232,96.1057488187
2886.7632657768,96.1019021738
2887.4772809303,96.1771684211
2888.1912960839,96.3031662606
2888.9053112374,96.2975365177
2889.6193263910,96.2296909228
2890.3333415445,96.1693304356
2891.0473566981,96.0799696350
2891.7613718516,96.0594664113
2892.4753870051,96.0535982661
2893.1894021587,95.9221651947
2893.9034173122,95.8226816442
2894.6174324658,95.8191647811
2895.3314476193,95.7646099933
2896.0454627729,95.6656667946
2896.7594779264,95.6031849637
2897.4734930799,95.6107880246
2898.1875082335,95.6148079844
2898.9015233870,95.5311980074
2899.6155385406,95.4606093937
2900.3295536941,95.4191771618
2901.0435688477,95.3661573734
2901.7575840012,95.3593240476
2902.4715991547,95.2893165435
2903.1856143083,95.1674571620
2903.8996294618,95.1620832226
2904.6136446154,95.1262126700
2905.3276597689,94.9931397201
2906.0416749225,94.9333290843
2906.7556900760,94.9456064322
2907.4697052296,94.9633409479
2908.1837203831,94.9418829754
2908.8977355366,94.9291705747
2909.6117506902,94.9621563470
2910.3257658437,94.8785622885
2911.0397809973,94.8111947428
2911.7537961508,94.9110302785
2912.4678113044,94.8922771454
2913.1818264579,94.8315330411
2913.8958416114,94.9154079285
2914.6098567650,94.8817534946
2915.3238719185,94.7760547454
2916.0378870721,94.7930547484
2916.7519022256,94.8550787161
2917.4659173792,94.9341403926
2918.1799325327,94.9539252850
2918.8939476863,94.9358259609
2919.6079628398,94.9433937009
2920.3219779933,94.8470130601
2921.0359931469,94.7968800863
2921.7500083004,94.8719084865
2922.4640234540,94.8503425736
2923.1780386075,94.8686088756
2923.8920537611,94.9739770968
2924.6060689146,95.0191673549
2925.3200840681,95.1221740835
2926.0340992217,95.1826780651
2926.7481143752,95.1495045731
2927.4621295288,95.2026464464
2928.1761446823,95.2152901154
2928.8901598359,95.2305552778
2929.6041749894,95.3683724567
2930.3181901429,95.4132335848
2931.0322052965,95.4468088057
2931.7462204500,95.5411882909
2932.4602356036,95.4709557771
2933.1742507571,95.3325250952
2933.8882659107,95.2797698952
2934.6022810642,95.2734610821
2935.3162962178,95.2781219902
2936.0303113713,95.2578992758
2936.7443265248,95.3239212568
2937.4583416784,95.4177803337
2938.1723568319,95.3537463045
2938.8863719855,95.3701388370
2939.6003871390,95.4636061962
2940.3144022926,95.3178538622
2941.0284174461,95.1920325025
2941.7424325996,95.2983270908
2942.4564477532,95.4069308329
2943.1704629067,95.4985820150
2943.8844780603,95.5879499112
2944.5984932138,95.6276908778
2945.3125083674,95.7075778719
2946.0265235209,95.7888727428
2946.7405386745,95.8662829609
2947.4545538280,95.9940765508
2948.1685689815,95.9707501526
2948.8825841351,95.8535361905
2949.5965992886,95.9567401060
2950.3106144422,96.0759678975
2951.0246295957,96.0433763139
2951.7386447493,96.1933654868
2952.4526599028,96.4182173899
2953.1666750563,96.3805998204
2953.8806902099,96.3776936016
2954.5947053634,96.5633269338
2955.3087205170,96.6306803880
2956.0227356705,96.6164314248
2956.7367508241,96.7103802625
2957.4507659776,96.8400492964
2958.1647811312,96.8930156534
2958.8787962847,96.8921680234
2959.5928114382,97.0007081402
2960.3068265918,97.1704835748
2961.0208417453,97.1766953800
2961.7348568989,97.1681031176
2962.4488720524,97.3247241405
2963.1628872060,97.5177260991
2963.8769023595,97.6908617127
2964.5909175130,97.8591430278
2965.3049326666,98.0844060575
2966.0189478201,98.3280187285
2966.7329629737,98.3741380916
2967.4469781272,98.4055425360
2968.1609932808,98.5052265790
2968.8750084343,98.5835129263
2969.5890235878,99.4278282123
2970.3030387414,101.0427118126
2971.0170538949,101.3660767281
2971.7310690485,100.3932571430
2972.4450842020,99.9656022228
2973.1590993556,99.9216037017
2973.8731145091,99.8616961389
2974.5871296627,100.0070164690
2975.3011448162,100.1783878976
2976.0151599697,100.4430129963
2976.7291751233,100.8891631885
2977.4431902768,101.2523904992
2978.1572054304,101.7230580504
2978.8712205839,102.5214830299
2979.5852357375,103.2571369145
2980.2992508910,103.5002890579
2981.0132660445,103.9468525150
2981.7272811981,105.0889414411
2982.4412963516,104.4295136583
2983.1553115052,101.7538641431
2983.8693266587,100.4175608536
2984.5833418123,100.2915077098
2985.2973569658,99.8636254889
2986.0113721194,99.7576017668
2986.7253872729,99.8550587741
2987.4394024264,99.3470741030
2988.1534175800,99.1562439386
2988.8674327335,99.3103054283
2989.5814478871,99.1655530488
2990.2954630406,99.1621013141
2991.0094781942,99.1221938762
2991.7234933477,98.8688812465
2992.4375085012,98.8715027754
2993.1515236548,98.8564599687
2993.8655388083,98.6662380207
2994.5795539619,98.5561347548
2995.2935691154,98.4461776948
2996.0075842690,98.3480680300
2996.7215994225,98.2147856170
2997.4356145760,98.0422527882
2998.1496297296,98.0251836736
2998.8636448831,97.9497843316
2999.5776600367,97.6802700764
3000.2916751902,97.4573827513
3001.0056903438,97.3106688795
3001.7197054973,97.1175169980
3002.4337206509,96.8482538309
3003.1477358044,96.6200719785
3003.8617509579,96.4319033497
3004.5757661115,96.1504556853
3005.2897812650,95.9322084135
3006.0037964186,95.8113665883
3006.7178115721,95.6236984100
3007.4318267257,95.4489943846
3008.1458418792,95.2105010573
3008.8598570327,94.9060260548
3009.5738721863,94.8090833092
3010.2878873398,94.7435422659
3011.0019024934,94.5523521766
3011.7159176469,94.4558452784
3012.4299328005,94.3774939842
3013.1439479540,94.2900957972
3013.8579631076,94.2831024173
3014.5719782611,94.1478278455
3015.2859934146,93.9586623497
3016.0000085682,93.9520575568
3016.7140237217,93.9726643927
3017.4280388753,93.9347358308
3018.1420540288,93.9206730363
3018.8560691824,93.9239263135
3019.5700843359,93.9373634655
3020.2840994894,93.9119226764
3020.9981146430,93.8807103215
3021.7121297965,93.9401881076
3022.4261449501,93.9513161855
3023.1401601036,93.8451812481
3023.8541752572,93.8540939682
3024.5681904107,93.9725200812
3025.2822055642,93.9332742972
3025.9962207178,93.8485742198
3026.7102358713,93.9324134213
3027.4242510249,93.9599116861
3028.1382661784,93.8829687915
3028.8522813320,93.9057198888
3029.5662964855,93.8999912647
3030.2803116391,93.8680522241
3030.9943267926,93.9307688465
3031.7083419461,93.9081631824
3032.4223570997,93.9076174343
3033.1363722532,94.0150551557
3033.8503874068,93.9712979216
3034.5644025603,93.9559687246
3035.2784177139,94.0357145781
3035.9924328674,93.8936768081
3036.7064480209,93.7881019256
3037.4204631745,93.8890836284
3038.1344783280,93.8966378322
3038.8484934816,93.8833675537
3039.5625086351,93.9218095712
3040.2765237887,93.8912770446
3040.9905389422,93.8679769714
3041.7045540958,93.8442423246
3042.4185692493,93.8606047765
3043.1325844028,93.9773285833
3043.8465995564,93.9600614600
3044.5606147099,93.8562192757
3045.2746298635,93.8557705835
3045.9886450170,93.7546542275
3046.7026601706,93.6181953284
3047.4166753241,93.7134138422
3048.1306904776,93.8032066955
3048.8447056312,93.7421674406
3049.5587207847,93.7199422283
3050.2727359383,93.6715398646
3050.9867510918,93.5646854726
3051.7007662454,93.5553618503
3052.4147813989,93.5429713760
3053.1287965524,93.4892589086
3053.8428117060,93.5557233299
3054.5568268595,93.5999058773
3055.2708420131,93.4921598662
3055.9848571666,93.4568105121
3056.6988723202,93.5486206471
3057.4128874737,93.5869821928
3058.1269026273,93.5528154433
3058.8409177808,93.5066172830
3059.5549329343,93.4661604182
3060.2689480879,93.4706476722
3060.9829632414,93.5328782877
3061.6969783950,93.5728956278
3062.4109935485,93.5425885950
3063.1250087021,93.4947949480
3063.8390238556,93.4801632682
3064.5530390091,93.5166346736
3065.2670541627,93.5263138991
3065.9810693162,93.4752201895
3066.6950844698,93.5299932014
3067.4090996233,93.5942425828
3068.1231147769,93.4806257473
3068.8371299304,93.4691446301
3069.5511450840,93.5389968444
3070.2651602375,93.4460526809
3070.9791753910,93.4903169494
3071.6931905446,93.6000612129
3072.4072056981,93.4941283787
3073.1212208517,93.5481115544
3073.8352360052,93.6774443311
3074.5492511588,93.5223155832
3075.2632663123,93.4332335070
3075.9772814658,93.4917148329
3076.6912966194,93.4846017043
3077.4053117729,93.5357308820
3078.1193269265,93.6152880947
3078.8333420800,93.6108254889
3079.5473572336,93.5323473566
3080.2613723871,93.4629682564
3080.9753875406,93.5309605239
3081.6894026942,93.5352491194
3082.4034178477,93.4408024397
3083.1174330013,93.5408914983
3083.8314481548,93.6206251104
3084.5454633084,93.5291569322
3085.2594784619,93.5540572888
3085.9734936155,93.6562847849
3086.6875087690,93.7038328156
3087.4015239225,93.6882453059
3088.1155390761,93.6135958017
3088.8295542296,93.6433402089
3089.5435693832,93.7372843769
3090.2575845367,93.7348401322
3090.9715996903,93.6714543530
3091.6856148438,93.6156707127
3092.3996299973,93.6828456607
3093.1136451509,93.7512473602
3093.8276603044,93.6928068295
3094.5416754580,93.7659789129
3095.2556906115,93.8160583587
3095.9697057651,93.6539581257
3096.6837209186,93.6442609026
3097.3977360722,93.6542122457
3098.1117512257,93.5289019200
3098.8257663792,93.5734031442
3099.5397815328,93.6265338406
3100.2537966863,93.6280603389
3100.9678118399,93.7187202953
3101.6818269934,93.6144742324
3102.3958421470,93.5029443118
3103.1098573005,93.6266198881
3103.8238724540,93.6311786332
3104.5378876076,93.6090249134
3105.2519027611,93.7127766118
3105.9659179147,93.6714103954
3106.6799330682,93.6091896470
3107.3939482218,93.6583242031
3108.1079633753,93.6679036263
3108.8219785289,93.7030852808
3109.5359936824,93.7565067842
3110.2500088359,93.7514869815
3110.9640239895,93.7706485426
3111.6780391430,93.7650924142
3112.3920542966,93.7107857989
3113.1060694501,93.7189981114
3113.8200846037,93.7198322480
3114.5340997572,93.6573627571
3115.2481149107,93.6719547658
3115.9621300643,93.7581106913
3116.6761452178,93.7693469143
3117.3901603714,93.7499885473
3118.1041755249,93.7837247898
3118.8181906785,93.8052228315
3119.5322058320,93.7958337234
3120.2462209855,93.7999698019
3120.9602361391,93.7910564215
3121.6742512926,93.7509612080
3122.3882664462,93.7196190625
3123.1022815997,93.7201452973
3123.8162967533,93.7024922805
3124.5303119068,93.6801083580
3125.2443270604,93.7304500478
3125.9583422139,93.7643691704
3126.6723573674,93.7352690132
3127.3863725210,93.7899746023
3128.1003876745,93.8570664371
3128.8144028281,93.7866692535
3129.5284179816,93.7094639401
3130.2424331352,93.7301623904
3130.9564482887,93.7583721100
3131.6704634422,93.7236245323
3132.3844785958,93.7007577534
3133.0984937493,93.7995222797
3133.8125089029,93.8992138490
3134.5265240564,93.8249552893
3135.2405392100,93.7110532797
3135.9545543635,93.8005021550
3136.6685695171,94.0115287865
3137.3825846706,94.0181989523
3138.0965998241,93.8510061094
3138.8106149777,93.8174898203
3139.5246301312,93.8672035527
3140.2386452848,93.8898897638
3140.9526604383,93.9221967266
3141.6666755919,93.8712933210
3142.3806907454,93.8259100193
3143.0947058989,93.8854316955
3143.8087210525,93.9100993268
3144.5227362060,93.9499737620
3145.2367513596,93.9484096715
3145.9507665131,93.7959927954
3146.6647816667,93.7629858457
3147.3787968202,93.8107737125
3148.0928119737,93.7851293104
3148.8068271273,93.8920539957
3149.5208422808,93.9611864146
3150.2348574344,93.8587638533
3150.9488725879,93.8870873467
3151.6628877415,93.9620908782
3152.3769028950,93.9435065680
3153.0909180486,93.9639364624
3153.8049332021,93.9752034825
3154.5189483556,93.9506370059
3155.2329635092,93.9015612333
3155.9469786627,93.8259296524
3156.6609938163,93.8276119391
3157.3750089698,93.8622040726
3158.0890241234,93.9175531573
3158.8030392769,93.9922892079
3159.5170544304,93.8932326007
3160.2310695840,93.7872870757
3160.9450847375,93.8472244630
3161.6590998911,93.8339441676
3162.3731150446,93.8260614049
3163.0871301982,93.9131004710
3163.8011453517,93.9010365310
3164.5151605053,93.9370845935
3165.2291756588,94.0352582664
3165.9431908123,93.9875814626
3166.6572059659,93.9640467552
3167.3712211194,93.9949806852
3168.0852362730,93.9740015733
3168.7992514265,94.0023073814
3169.5132665801,93.9557227312
3170.2272817336,93.8683438920
3170.9412968871,93.9587216756
3171.6553120407,93.9620715649
3172.3693271942,93.8865228785
3173.0833423478,94.0159059934
3173.7973575013,94.0040220188
3174.5113726549,93.8424493150
3175.2253878084,93.9738633512
3175.9394029619,94.0670147353
3176.6534181155,93.8783994214
3177.3674332690,93.8346639296
3178.0814484226,93.9522600704
3178.7954635761,93.9825917109
3179.5094787297,93.9770461044
3180.2234938832,93.9920641898
3180.9375090368,93.9510216442
3181.6515241903,93.8226919538
3182.3655393438,93.8636275286
3183.0795544974,94.0881966983
3183.7935696509,93.9956009005
3184.5075848045,93.7521398353
3185.2215999580,93.8492234726
3185.9356151116,93.9453798157
3186.6496302651,93.8927224933
3187.3636454186,93.9092398582
3188.0776605722,93.8501979367
3188.7916757257,93.8945728107
3189.5056908793,94.1050779209
3190.2197060328,94.0402985335
3190.9337211864,93.9199600573
3191.6477363399,94.0247954633
3192.3617514935,94.0418177479
3193.0757666470,94.0115196530
3193.7897818005,94.0212555619
3194.5037969541,93.9325391823
3195.2178121076,93.9432533289
3195.9318272612,94.0330963571
3196.6458424147,93.9466996349
3197.3598575683,93.8712320123
3198.0738727218,93.9081267485
3198.7878878753,93.8958216306
3199.5019030289,93.9098879793
3200.2159181824,93.9435452536
3200.9299333360,93.9059284670
3201.6439484895,93.9448833734
3202.3579636431,94.0046244315
3203.0719787966,93.9672583137
3203.7859939501,93.9927195815
3204.5000091037,93.9719556150
3205.2140242572,93.8568722259
3205.9280394108,93.9192540923
3206.6420545643,93.9210472575
3207.3560697179,93.7704240891
3208.0700848714,93.8711745948
3208.7841000250,93.9763924169
3209.4981151785,93.8903788633
3210.2121303320,93.9074506779
3210.9261454856,93.8657613373
3211.6401606391,93.8341878586
3212.3541757927,94.0237035525
3213.0681909462,94.0218039821
3213.7822060998,93.8542579176
3214.4962212533,93.8301270490
3215.2102364068,93.8258376620
3215.9242515604,93.8862635434
3216.6382667139,93.9330681639
3217.3522818675,93.8281920973
3218.0662970210,93.8265439731
3218.7803121746,93.8533296803
3219.4943273281,93.7728710115
3220.2083424817,93.7964731933
3220.9223576352,93.8943331978
3221.6363727887,93.9477959132
3222.3503879423,93.8864867098
3223.0644030958,93.7252258931
3223.7784182494,93.6854624504
3224.4924334029,93.7818529565
3225.2064485565,93.9276442004
3225.9204637100,93.9881653653
3226.6344788635,93.8245576570
3227.3484940171,93.7505704659
3228.0625091706,93.7725825050
3228.7765243242,93.6516356834
3229.4905394777,93.7279577448
3230.2045546313,93.8798952190
3230.9185697848,93.7839861190
3231.6325849384,93.7826261329
3232.3466000919,93.7859266403
3233.0606152454,93.7022432373
3233.7746303990,93.7658873155
3234.4886455525,93.6960490583
3235.2026607061,93.6490528956
3235.9166758596,93.8755204931
3236.6306910132,93.8681446196
3237.3447061667,93.7196241165
3238.0587213202,93.7232961610
3238.7727364738,93.7069531180
3239.4867516273,93.8283234493
3240.2007667809,93.8894051549
3240.9147819344,93.6472529995
3241.6287970880,93.6331522901
3242.3428122415,93.8181840830
3243.0568273950,93.7731761496
3243.7708425486,93.6709650505
3244.4848577021,93.6405248222
3245.1988728557,93.6977127038
3245.9128880092,93.8349972931
3246.6269031628,93.8046573617
3247.3409183163,93.6725625010
3248.0549334699,93.6989451182
3248.7689486234,93.7522675525
3249.4829637769,93.6748316158
3250.1969789305,93.6347974151
3250.9109940840,93.7212821980
3251.6250092376,93.7361855824
3252.3390243911,93.6784938654
3253.0530395447,93.7424212278
3253.7670546982,93.7842056968
3254.4810698517,93.6741412320
3255.1950850053,93.6521957986
3255.9091001588,93.7436448319
3256.6231153124,93.7234474696
3257.3371304659,93.6882074565
3258.0511456195,93.7980567526
3258.7651607730,93.7748886707
3259.4791759266,93.5841773375
3260.1931910801,93.6271403603
3260.9072062336,93.7124983442
3261.6212213872,93.5559379704
3262.3352365407,93.5240016777
3263.0492516943,93.6398239299
3263.7632668478,93.6936335008
3264.4772820014,93.7378149194
3265.1912971549,93.6090116419
3265.9053123084,93.4917318637
3266.6193274620,93.6617586441
3267.3333426155,93.6911882987
3268.0473577691,93.5763327174
3268.7613729226,93.6725443216
3269.4753880762,93.7837973980
3270.1894032297,93.8338372019
3270.9034183832,93.7707223139
3271.6174335368,93.5351511783
3272.3314486903,93.5549708608
3273.0454638439,93.7509333601
3273.7594789974,93.6836899185
3274.4734941510,93.6173100252
3275.1875093045,93.6855150601
3275.9015244581,93.6468615777
3276.6155396116,93.5960346577
3277.3295547651,93.6213406526
3278.0435699187,93.6527833903
3278.7575850722,93.6818705377
3279.4716002258,93.6619993528
3280.1856153793,93.6623673401
3280.8996305329,93.7523728571
3281.6136456864,93.7402843041
3282.3276608399,93.6188336224
3283.0416759935,93.6268649145
3283.7556911470,93.6875475433
3284.4697063006,93.7097959461
3285.1837214541,93.8100136294
3285.8977366077,93.8132355098
3286.6117517612,93.7190821271
3287.3257669148,93.7861701471
3288.0397820683,93.7306985399
3288.7537972218,93.5205342405
3289.4678123754,93.5949749555
3290.1818275289,93.7529522716
3290.8958426825,93.7909858205
3291.6098578360,93.7975645132
3292.3238729896,93.6722387294
3293.0378881431,93.6913625982
3293.7519032966,93.8345286540
3294.4659184502,93.6630230459
3295.1799336037,93.5785193204
3295.8939487573,93.7760257198
3296.6079639108,93.8164932020
3297.3219790644,93.7853327536
3298.0359942179,93.6821020092
3298.7500093714,93.5533212752
3299.4640245250,93.7502228358
3300.1780396785,93.8132642853
3300.8920548321,93.5457612517
3301.6060699856,93.5818100636
3302.3200851392,93.7608172188
3303.0341002927,93.7870521966
3303.7481154463,93.9024305167
3304.4621305998,93.8638099593
3305.1761457533,93.6332645877
3305.8901609069,93.7234192656
3306.6041760604,93.9319770796
3307.3181912140,93.7874459318
3308.0322063675,93.5945637182
3308.7462215211,93.6837668797
3309.4602366746,93.8489445194
3310.1742518281,93.9136945381
3310.8882669817,93.8493892590
3311.6022821352,93.7187865108
3312.3162972888,93.7435892782
3313.0303124423,93.7810087649
3313.7443275959,93.6573115330
3314.4583427494,93.7237736962
3315.1723579030,93.9064395200
3315.8863730565,93.8035279856
3316.6003882100,93.6894662651
3317.3144033636,93.7839563790
3318.0284185171,93.8245882481
3318.7424336707,93.7313822049
3319.4564488242,93.6306721923
3320.1704639778,93.6537872770
3320.8844791313,93.7310492447
3321.5984942848,93.7006880814
3322.3125094384,93.7180418401
3323.0265245919,93.8326741930
3323.7405397455,93.8307268389
3324.4545548990,93.7490044461
3325.1685700526,93.7270030821
3325.8825852061,93.7905140583
3326.5966003596,93.8711524989
3327.3106155132,93.8854222338
3328.0246306667,93.8984237488
3328.7386458203,93.8180176307
3329.4526609738,93.6168719147
3330.1666761274,93.7036828854
3330.8806912809,93.9996151931
3331.5947064345,93.9231716603
3332.3087215880,93.6578515654
3333.0227367415,93.6716661477
3333.7367518951,93.7388225472
3334.4507670486,93.7036269194
3335.1647822022,93.8029652943
3335.8787973557,93.8577876705
3336.5928125093,93.7111783777
3337.3068276628,93.7233537249
3338.0208428163,93.8080310205
3338.7348579699,93.7418588322
3339.4488731234,93.8332608015
3340.1628882770,93.9063341604
3340.8769034305,93.7251538989
3341.5909185841,93.7341631398
3342.3049337376,93.8506036797
3343.0189488912,93.8223074999
3343.7329640447,93.8887825719
3344.4469791982,93.8799269284
3345.1609943518,93.7741066042
3345.8750095053,93.8271921029
3346.5890246589,93.8005269913
3347.3030398124,93.7750277702
3348.0170549660,93.8630206321
3348.7310701195,93.7201014158
3349.4450852730,93.6574705022
3350.1591004266,93.8456011545
3350.8731155801,93.7755704808
3351.5871307337,93.6748370749
3352.3011458872,93.7972446385
3353.0151610408,93.7406651933
3353.7291761943,93.6529661531
3354.4431913478,93.7935946665
3355.1572065014,93.8256702724
3355.8712216549,93.7195531055
3356.5852368085,93.7813631680
3357.2992519620,93.8767143667
3358.0132671156,93.7608999122
3358.7272822691,93.6850500490
3359.4412974227,93.8605094677
3360.1553125762,93.9073746323
3360.8693277297,93.6836453175
3361.5833428833,93.6651226241
3362.2973580368,93.8562336745
3363.0113731904,93.7832015788
3363.7253883439,93.6313056505
3364.4394034975,93.7479799852
3365.1534186510,93.7959062984
3365.8674338045,93.6552617862
3366.5814489581,93.7053159168
3367.2954641116,93.8315742222
3368.0094792652,93.7980021836
3368.7234944187,93.8100735312
3369.4375095723,93.8483326039
3370.1515247258,93.7570906607
3370.8655398794,93.7160582165
3371.5795550329,93.7838577885
3372.2935701864,93.7868439711
3373.0075853400,93.7601775366
3373.7216004935,93.8285374380
3374.4356156471,93.8420007572
3375.1496308006,93.7140246005
3375.8636459542,93.7409227612
3376.5776611077,93.9119836552
3377.2916762612,93.8563244304
3378.0056914148,93.7198333992
3378.7197065683,93.7785326476
3379.4337217219,93.8442481344
3380.1477368754,93.8028236976
3380.8617520290,93.7482093322
3381.5757671825,93.7177517637
3382.2897823361,93.6923369327
3383.0037974896,93.6570439681
3383.7178126431,93.7320899936
3384.4318277967,93.9281634824
3385.1458429502,93.9745672681
3385.8598581038,93.8125570125
3386.5738732573,93.6917678849
3387.2878884109,93.7849486881
3388.0019035644,93.9463109399
3388.7159187179,93.8859915299
3389.4299338715,93.7063606480
3390.1439490250,93.7393651447
3390.8579641786,93.9414986155
3391.5719793321,93.9833277583
3392.2859944857,93.7484374781
3393.0000096392,93.5641292368
3393.7140247927,93.6305200724
3394.4280399463,93.6583924267
3395.1420550998,93.6712459644
3395.8560702534,93.8076843611
3396.5700854069,93.8178252569
3397.2841005605,93.7665025036
3397.9981157140,93.8401260507
3398.7121308676,93.8512254336
3399.4261460211,93.7912655828
3400.1401611746,93.7346396686
3400.8541763282,93.6953084787
3401.5681914817,93.7144311899
3402.2822066353,93.6413821029
3402.9962217888,93.5852903188
3403.7102369424,93.7303286593
3404.4242520959,93.7448161154
3405.1382672494,93.6115380430
3405.8522824030,93.6315594232
3406.5662975565,93.6790833306
3407.2803127101,93.6629641695
3407.9943278636,93.6687183346
3408.7083430172,93.7013185431
3409.4223581707,93.7247377487
3410.1363733243,93.6238851554
3410.8503884778,93.5390744482
3411.5644036313,93.5944223611
3412.2784187849,93.5469326164
3412.9924339384,93.5027524855
3413.7064490920,93.6238326393
3414.4204642455,93.6018700653
3415.1344793991,93.4758476396
3415.8484945526,93.4489300930
3416.5625097061,93.4090717490
3417.2765248597,93.4137573992
3417.9905400132,93.4825393922
3418.7045551668,93.4750060652
3419.4185703203,93.4368858784
3420.1325854739,93.3855392476
3420.8466006274,93.3887385627
3421.5606157809,93.4965662398
3422.2746309345,93.4526272755
3422.9886460880,93.2912070842
3423.7026612416,93.2682685478
3424.4166763951,93.2663696413
3425.1306915487,93.2622440175
3425.8447067022,93.2757160668
3426.5587218558,93.1597639096
3427.2727370093,93.1967711681
3427.9867521628,93.4436147323
3428.7007673164,93.3718328689
3429.4147824699,93.1941800099
3430.1287976235,93.3104747128
3430.8428127770,93.3265878966
3431.5568279306,93.2394423761
3432.2708430841,93.2939210020
3432.9848582376,93.2285340690
3433.6988733912,93.2463358603
3434.4128885447,93.5064269934
3435.1269036983,93.5107144279
3435.8409188518,93.3802952358
3436.5549340054,93.3986454840
3437.2689491589,93.3163926054
3437.9829643125,93.3110686415
3438.6969794660,93.4496938462
3439.4109946195,93.4102603556
3440.1250097731,93.4355153620
3440.8390249266,93.5380340127
3441.5530400802,93.3628709574
3442.2670552337,93.2706319929
3442.9810703873,93.4792167322
3443.6950855408,93.5496562488
3444.4091006943,93.4902176638
3445.1231158479,93.5154326588
3445.8371310014,93.6043461170
3446.5511461550,93.6897872412
3447.2651613085,93.6349214225
3447.9791764621,93.6013879883
3448.6931916156,93.7749529834
3449.4072067691,93.7982359124
3450.1212219227,93.6142926884
3450.8352370762,93.6549838429
3451.5492522298,93.7446192039
3452.2632673833,93.6367176932
3452.9772825369,93.6792046144
3453.6912976904,93.8439430140
3454.4053128440,93.7620648793
3455.1193279975,93.6052011325
3455.8333431510,93.6852979553
3456.5473583046,93.8669305462
3457.2613734581,93.8579608693
3457.9753886117,93.7392418818
3458.6894037652,93.7606533103
3459.4034189188,93.7962566728
3460.1174340723,93.7326966064
3460.8314492258,93.7477877800
3461.5454643794,93.8347313239
3462.2594795329,93.8979380707
3462.9734946865,93.8853893114
3463.6875098400,93.7858760925
3464.4015249936,93.8048290869
3465.1155401471,93.8680967958
3465.8295553007,93.7757578019
3466.5435704542,93.7442760871
3467.2575856077,93.7457876655
3467.9716007613,93.7023839331
3468.6856159148,93.8716383491
3469.3996310684,93.9711468827
3470.1136462219,93.7966989502
3470.8276613755,93.8309907956
3471.5416765290,93.9715134764
3472.2556916825,93.8172206886
3472.9697068361,93.6690399134
3473.6837219896,93.8007261982
3474.3977371432,93.8945784281
3475.1117522967,93.7181284715
3475.8257674503,93.6372130284
3476.5397826038,93.8136474550
3477.2537977573,93.8830072589
3477.9678129109,93.8645358728
3478.6818280644,93.8725252310
3479.3958432180,93.7261213896
3480.1098583715,93.6375662890
3480.8238735251,93.7304179038
3481.5378886786,93.8107875642
3482.2519038322,93.9239510675
3482.9659189857,93.9192455771
3483.6799341392,93.8479934760
3484.3939492928,93.9113444517
3485.1079644463,93.8084657026
3485.8219795999,93.7437732682
3486.5359947534,93.9486402345
3487.2500099070,93.8343531662
3487.9640250605,93.6081019670
3488.6780402140,93.7567927420
3489.3920553676,93.8522051597
3490.1060705211,93.8827943354
3490.8200856747,93.9112772526
3491.5341008282,93.7802414583
3492.2481159818,93.8112565393
3492.9621311353,93.8548738101
3493.6761462889,93.7278554009
3494.3901614424,93.8616987194
3495.1041765959,93.9714547725
3495.8181917495,93.7800483492
3496.5322069030,93.7469293359
3497.2462220566,93.7403892218
3497.9602372101,93.6375416212
3498.6742523637,93.7504532417
3499.3882675172,93.8311323303
3500.1022826707,93.7289782377
3500.8162978243,93.7220478331
3501.5303129778,93.7479736001
3502.2443281314,93.7364375592
3502.9583432849,93.7604179256
3503.6723584385,93.7508528871
3504.3863735920,93.7845593736
3505.1003887456,93.9064672016
3505.8144038991,93.9419410860
3506.5284190526,93.8755815450
3507.2424342062,93.8197984926
3507.9564493597,93.7249880395
3508.6704645133,93.5857877226
3509.3844796668,93.5991145391
3510.0984948204,93.7166980599
3510.8125099739,93.6395170947
3511.5265251274,93.5831823599
3512.2405402810,93.7458159383
3512.9545554345,93.7678659633
3513.6685705881,93.6833668747
3514.3825857416,93.7853993058
3515.0966008952,93.8461085722
3515.8106160487,93.8361908276
3516.5246312022,93.8812631107
3517.2386463558,93.7341731626
3517.9526615093,93.5405876830
3518.6666766629,93.5787629366
3519.3806918164,93.6749979455
3520.0947069700,93.8235940679
3520.8087221235,93.9103621831
3521.5227372771,93.7132723853
3522.2367524306,93.6048180988
3522.9507675841,93.7101443376
3523.6647827377,93.6712321851
3524.3787978912,93.6005405857
3525.0928130448,93.6625806885
3525.8068281983,93.7306318391
3526.5208433519,93.6855562706
3527.2348585054,93.5612026985
3527.9488736589,93.5807663238
3528.6628888125,93.6300405454
3529.3769039660,93.5437451693
3530.0909191196,93.6040599977
3530.8049342731,93.8259981198
3531.5189494267,93.8889923386
3532.2329645802,93.6833889814
3532.9469797338,93.5326395130
3533.6609948873,93.7466234429
3534.3750100408,93.8443499264
3535.0890251944,93.5986073962
3535.8030403479,93.6072930304
3536.5170555015,93.6042832176
3537.2310706550,93.4135427520
3537.9450858086,93.6964999633
3538.6591009621,93.8862839265
3539.3731161156,93.5631249890
3540.0871312692,93.4990454185
3540.8011464227,93.5764851946
3541.5151615763,93.6256095046
3542.2291767298,93.7870772273
3542.9431918834,93.6624785954
3543.6572070369,93.5702632339
3544.3712221904,93.7720125350
3545.0852373440,93.6686029921
3545.7992524975,93.6160198059
3546.5132676511,93.7789307766
3547.2272828046,93.6360190638
3547.9412979582,93.5765020386
3548.6553131117,93.7141418597
3549.3693282653,93.7709936893
3550.0833434188,93.7951203450
3550.7973585723,93.7368371109
3551.5113737259,93.6877958143
3552.2253888794,93.6573704964
3552.9394040330,93.5894219404
3553.6534191865,93.6652143549
3554.3674343401,93.5852033124
3555.0814494936,93.4679153445
3555.7954646471,93.7981845609
3556.5094798007,93.9338675976
3557.2234949542,93.6830345447
3557.9375101078,93.7730369403
3558.6515252613,93.8375493368
3559.3655404149,93.6163080517
3560.0795555684,93.5285247752
3560.7935707220,93.4991213704
3561.5075858755,93.4593604216
3562.2216010290,93.5558668276
3562.9356161826,93.6188439958
3563.6496313361,93.6078667730
3564.3636464897,93.6264263976
3565.0776616432,93.6890190957
3565.7916767968,93.6872271053
3566.5056919503,93.4718196563
3567.2197071038,93.4574430399
3567.9337222574,93.7488914160
3568.6477374109,93.8600028470
3569.3617525645,93.7901551611
3570.0757677180,93.9789279766
3570.7897828716,94.0441232580
3571.5037980251,93.7647365054
3572.2178131786,93.7332892427
3572.9318283322,93.8299015968
3573.6458434857,93.6191841613
3574.3598586393,93.5771386238
3575.0738737928,93.7743019618
3575.7878889464,93.6731107391
3576.5019040999,93.5837084448
3577.2159192535,93.7311090341
3577.9299344070,93.8631826992
3578.6439495605,93.9804617702
3579.3579647141,93.9222794137
3580.0719798676,93.7525364596
3580.7859950212,93.7483109077
3581.5000101747,93.7084137937
3582.2140253283,93.7219816567
3582.9280404818,93.7855815133
3583.6420556353,93.7026996041
3584.3560707889,93.8105286476
3585.0700859424,93.9155427176
3585.7841010960,93.6996302152
3586.4981162495,93.4404750604
3587.2121314031,93.4953862465
3587.9261465566,93.7635141810
3588.6401617102,94.0920765874
3589.3541768637,93.8090292132
3590.0681920172,93.7587480296
3590.7822071708,94.0674216481
3591.4962223243,93.9899980729
3592.2102374779,93.8446435160
3592.9242526314,93.7552932861
3593.6382677850,93.6095581551
3594.3522829385,93.7741299393
3595.0662980920,93.7253484970
3595.7803132456,93.4275602477
3596.4943283991,93.7011719955
3597.2083435527,93.8871982897
3597.9223587062,93.7073082258
3598.6363738598,93.6564839309
3599.3503890133,93.8022556470
3600.0644041668,93.9397635686
3600.7784193204,93.7918887819
3601.4924344739,93.5904186537
3602.2064496275,93.6698230258
3602.9204647810,93.6158521217
3603.6344799346,93.6684852907
3604.3484950881,93.9450583053
3605.0625102417,93.7930390835
3605.7765253952,93.6498123913
3606.4905405487,93.7915610014
3607.2045557023,93.4993210828
3607.9185708558,93.4424675134
3608.6325860094,93.8302124063
3609.3466011629,93.7595818511
3610.0606163165,93.5004525897
3610.7746314700,93.7119528948
3611.4886466235,93.9385711936
3612.2026617771,93.9530715066
3612.9166769306,93.7554943589
3613.6306920842,93.7692863164
3614.3447072377,93.8607288851
3615.0587223913,93.8482074767
3615.7727375448,93.7877604888
3616.4867526984,93.7834119868
3617.2007678519,93.8188054221
3617.9147830054,93.7600905375
3618.6287981590,93.7442124679
3619.3428133125,93.8891576240
3620.0568284661,93.7951971378
3620.7708436196,93.7486715426
3621.4848587732,93.9793137157
3622.1988739267,93.9425605907
3622.9128890802,93.8104674662
3623.6269042338,93.9384136875
3624.3409193873,93.8786348561
3625.0549345409,93.7815608926
3625.7689496944,93.9249897417
3626.4829648480,93.8602862838
3627.1969800015,93.7188740463
3627.9109951551,93.7477803114
3628.6250103086,93.5801583164
3629.3390254621,93.4432476476
3630.0530406157,93.7669472318
3630.7670557692,93.9943241138
3631.4810709228,94.0827047260
3632.1950860763,94.0184392806
3632.9091012299,94.0559764446
3633.6231163834,94.1885430114
3634.3371315369,94.0698874847
3635.0511466905,94.0260454866
3635.7651618440,94.2829239570
3636.4791769976,94.4154973181
3637.1931921511,94.1549147332
3637.9072073047,93.9998194252
3638.6212224582,94.2408949337
3639.3352376117,94.3082913159
3640.0492527653,94.2025862909
3640.7632679188,94.3430060550
3641.4772830724,94.3166406108
3642.1912982259,94.0914094455
3642.9053133795,94.1697648201
3643.6193285330,94.2015274089
3644.3333436866,94.1423659652
3645.0473588401,94.3207005869
3645.7613739936,94.3729143767
3646.4753891472,94.2355283346
3647.1894043007,94.0488340517
3647.9034194543,94.1417575666
3648.6174346078,94.4809382812
3649.3314497614,94.7538702790
3650.0454649149,94.4773260650
3650.7594800684,94.5865545631
3651.4734952220,94.6858599628
3652.1875103755,94.5223475043
3652.9015255291,94.6506717279
3653.6155406826,94.8550272404
3654.3295558362,94.6010781203
3655.0435709897,94.5264338758
3655.7575861433,94.6722404216
3656.4716012968,94.4675022534
3657.1856164503,94.2617693472
3657.8996316039,94.4933600385
3658.6136467574,94.6952342089
3659.3276619110,94.5850647567
3660.0416770645,94.6234273458
3660.7556922181,94.7176683431
3661.4697073716,94.5774883064
3662.1837225251,94.5315832385
3662.8977376787,94.4865475777
3663.6117528322,94.4177072746
3664.3257679858,94.4984644179
3665.0397831393,94.4975961897
3665.7537982929,94.3713529717
3666.4678134464,94.2989329575
3667.1818285999,94.3409207300
3667.8958437535,94.4850472891
3668.6098589070,94.4558324612
3669.3238740606,94.3651137334
3670.0378892141,94.4650120617
3670.7519043677,94.4084415931
3671.4659195212,94.4710048966
3672.1799346748,94.5839847702
3672.8939498283,94.5999805026
3673.6079649818,94.5734775347
3674.3219801354,94.5617368011
3675.0359952889,94.3557022308
3675.7500104425,94.3711843029
3676.4640255960,94.3467459347
3677.1780407496,94.3396200603
3677.8920559031,94.4261961293
3678.6060710566,94.3447366930
3679.3200862102,94.2908076807
3680.0341013637,94.3705080287
3680.7481165173,94.3155253105
3681.4621316708,94.3255874757
3682.1761468244,94.2361867444
3682.8901619779,94.1168452947
3683.6041771315,93.9642196700
3684.3181922850,93.8949601450
3685.0322074385,93.7229434542
3685.7462225921,93.7077068210
3686.4602377456,93.7980876128
3687.1742528992,93.9663078917
3687.8882680527,94.0547218585
3688.6022832063,93.4463701345
3689.3162983598,93.5488169952
3690.0303135133,93.9432958632
3690.7443286669,94.3364828165
3691.4583438204,94.0550210664
3692.1723589740,93.8632140385
3692.8863741275,94.1523044570
3693.6003892811,94.3009048128
3694.3144044346,94.0680083463
3695.0284195881,93.9460377882
3695.7424347417,93.9493608747
3696.4564498952,94.0379472879
3697.1704650488,93.9653993154
3697.8844802023,93.6127108597
3698.5984953559,93.6295829529
3699.3125105094,93.8038669858
3700.0265256630,93.6898798560
3700.7405408165,93.8398703605
3701.4545559700,93.9589301685
3702.1685711236,93.6542763340
3702.8825862771,93.8354214441
3703.5966014307,93.9491315337
3704.3106165842,93.7279993908
3705.0246317378,93.6920527619
3705.7386468913,93.7723000696
3706.4526620448,93.8627525082
3707.1666771984,93.8915093155
3707.8806923519,93.7716023445
3708.5947075055,93.8416143787
3709.3087226590,93.6500710496
3710.0227378126,93.2530581438
3710.7367529661,93.7531042755
3711.4507681197,94.5902804506
3712.1647832732,94.0883852006
3712.8787984267,93.4142538678
3713.5928135803,93.8056925471
3714.3068287338,94.2693607704
3715.0208438874,94.1804796574
3715.7348590409,93.9743347303
3716.4488741945,93.9951293349
3717.1628893480,93.8988287354
3717.8769045015,93.8621269807
3718.5909196551,94.0409704604
3719.3049348086,93.9393359446
3720.0189499622,93.6899623546
3720.7329651157,93.7336617483
3721.4469802693,93.9172811284
3722.1609954228,93.7135479301
3722.8750105763,93.4177687743
3723.5890257299,93.7600170614
3724.3030408834,94.0238885073
3725.0170560370,93.5896636830
3725.7310711905,93.4174743657
3726.4450863441,93.6411669431
3727.1591014976,93.6666107796
3727.8731166512,93.7366547380
3728.5871318047,93.7503523047
3729.3011469582,93.7406323005
3730.0151621118,93.9451828918
3730.7291772653,93.9036382505
3731.4431924189,93.6914718265
3732.1572075724,93.5087231706
3732.8712227260,93.5050557537
3733.5852378795,93.7963683335
3734.2992530330,94.1267523654
3735.0132681866,93.2947553147
3735.7272833401,93.2606940710
3736.4412984937,94.1064986233
3737.1553136472,94.3435794037
3737.8693288008,93.9222983817
3738.5833439543,93.6928286550
3739.2973591079,93.7332400649
3740.0113742614,93.7542005387
3740.7253894149,93.7138208902
3741.4394045685,93.7077466413
3742.1534197220,93.6257517148
3742.8674348756,93.7241281380
3743.5814500291,94.0447451450
3744.2954651827,92.4058478325
3745.0094803362,92.3610776061
3745.7234954897,93.5785299915
3746.4375106433,93.8425518103
3747.1515257968,93.9204884291
3747.8655409504,93.8524619501
3748.5795561039,93.8928740714
3749.2935712575,94.3647189359
3750.0075864110,93.7350680066
3750.7216015645,93.4701083280
3751.4356167181,94.2330778915
3752.1496318716,94.3417060897
3752.8636470252,93.4282873216
3753.5776621787,93.7754688343
3754.2916773323,94.0432326816
3755.0056924858,94.0208012180
3755.7197076394,94.2406858156
3756.4337227929,94.1834066623
3757.1477379464,93.8277068356
3757.8617531000,93.7181434186
3758.5757682535,93.6344647539
3759.2897834071,93.5428406196
3760.0037985606,93.4133427478
3760.7178137142,93.4232305379
3761.4318288677,93.7689933436
3762.1458440212,94.0538589225
3762.8598591748,93.8897343729
3763.5738743283,93.7222954272
3764.2878894819,93.7937113664
3765.0019046354,93.8824762417
3765.7159197890,93.6686161685
3766.4299349425,93.5078097422
3767.1439500961,93.7478772501
3767.8579652496,93.9938010243
3768.5719804031,93.8618780734
3769.2859955567,93.6910668643
3770.0000107102,93.7164989639
3770.7140258638,93.7357501050
3771.4280410173,93.8126167428
3772.1420561709,94.0663373206
3772.8560713244,93.9873208614
3773.5700864779,93.7395313221
3774.2841016315,93.8005940463
3774.9981167850,93.8798941686
3775.7121319386,93.8546636119
3776.4261470921,93.8776032719
3777.1401622457,93.8356628650
3777.8541773992,93.7672318005
3778.5681925528,93.7720033320
3779.2822077063,93.6299621203
3779.9962228598,93.6183876832
3780.7102380134,93.8014144470
3781.4242531669,93.8486150540
3782.1382683205,93.7507411095
3782.8522834740,93.6871808536
3783.5662986276,93.7870946908
3784.2803137811,93.8553168301
3784.9943289346,93.6239882826
3785.7083440882,93.6152214741
3786.4223592417,93.8593255525
3787.1363743953,93.7785379003
3787.8503895488,93.6229473719
3788.5644047024,93.7114281351
3789.2784198559,93.7663993974
3789.9924350094,93.8478259793
3790.7064501630,93.8905937666
3791.4204653165,93.7845282926
3792.1344804701,93.7189282099
3792.8484956236,93.7663969931
3793.5625107772,93.8035966635
3794.2765259307,93.7198823657
3794.9905410843,93.5643358518
3795.7045562378,93.5980638650
3796.4185713913,93.7135087369
3797.1325865449,93.5993280948
3797.8466016984,93.6265221406
3798.5606168520,93.7246753164
3799.2746320055,93.6444868680
3799.9886471591,93.6851658563
3800.7026623126,93.8939367053
3801.4166774661,93.5862534984
3802.1306926197,93.4567363033
3802.8447077732,93.7305442481
3803.5587229268,93.8046988957
3804.2727380803,93.6719600157
3804.9867532339,93.8212613608
3805.7007683874,94.0611890461
3806.4147835410,93.9419208041
3807.1287986945,93.5657263534
3807.8428138480,93.6424563938
3808.5568290016,93.7779861313
3809.2708441551,93.9420128454
3809.9848593087,93.8072522815
3810.6988744622,93.6233876683
3811.4128896158,93.8066297651
3812.1269047693,93.9000525173
3812.8409199228,93.7424921509
3813.5549350764,93.6798036202
3814.2689502299,93.6477587470
3814.9829653835,93.6932199684
3815.6969805370,93.6112329720
3816.4109956906,93.0983028415
3817.1250108441,93.4277216247
3817.8390259976,93.8089789979
3818.5530411512,93.7075924386
3819.2670563047,93.5326533360
3819.9810714583,93.7867538207
3820.6950866118,93.9684879300
3821.4091017654,93.7307405458
3822.1231169189,93.6590867383
3822.8371320725,93.6677774515
3823.5511472260,93.7422805742
3824.2651623795,93.8644802354
3824.9791775331,93.8112427188
3825.6931926866,93.6566265934
3826.4072078402,93.7852491261
3827.1212229937,94.0013511658
3827.8352381473,93.8482696829
3828.5492533008,93.7640777444
3829.2632684543,93.7696962919
3829.9772836079,93.6268210705
3830.6912987614,93.5870437659
3831.4053139150,93.6034798340
3832.1193290685,93.5580460399
3832.8333442221,93.7230453564
3833.5473593756,93.8043313612
3834.2613745292,93.6668584595
3834.9753896827,93.5458620800
3835.6894048362,93.5271951566
3836.4034199898,93.6575202169
3837.1174351433,93.9833323337
3837.8314502969,93.5333068313
3838.5454654504,93.3446954536
3839.2594806040,93.7600590633
3839.9734957575,93.9477580552
3840.6875109110,93.7089256641
3841.4015260646,93.6900614136
3842.1155412181,93.7791606696
3842.8295563717,93.8828374606
3843.5435715252,93.9422741345
3844.2575866788,93.7809504696
3844.9716018323,93.7238767668
3845.6856169858,93.7994041949
3846.3996321394,93.8427906018
3847.1136472929,93.7967681946
3847.8276624465,93.6403411058
3848.5416776000,93.5421642650
3849.2556927536,93.5440932221
3849.9697079071,93.5363549922
3850.6837230607,93.6440894543
3851.3977382142,93.8039628016
3852.1117533677,93.3699707098
3852.8257685213,93.1170329904
3853.5397836748,93.4358197343
3854.2537988284,93.8031271085
3854.9678139819,93.6367943163
3855.6818291355,93.6718254692
3856.3958442890,93.9785570174
3857.1098594425,93.9505597236
3857.8238745961,93.7810740715
3858.5378897496,93.8894808437
3859.2519049032,93.8453101042
3859.9659200567,93.6940481028
3860.6799352103,93.7481339121
3861.3939503638,93.7146677489
3862.1079655174,93.5199791048
3862.8219806709,93.6089157606
3863.5359958244,93.6890045690
3864.2500109780,93.6273420877
3864.9640261315,93.5603031004
3865.6780412851,93.6495432603
3866.3920564386,93.7989173217
3867.1060715922,93.8245080136
3867.8200867457,93.6227273036
3868.5341018992,93.6189751778
3869.2481170528,93.8573871052
3869.9621322063,93.5834459261
3870.6761473599,93.4402489752
3871.3901625134,93.6112591624
3872.1041776670,93.7120053077
3872.8181928205,93.7917386472
3873.5322079740,93.8578323502
3874.2462231276,93.7054740462
3874.9602382811,93.7427132267
3875.6742534347,93.9019245632
3876.3882685882,93.9173994082
3877.1022837418,93.7744998232
3877.8162988953,93.6282167694
3878.5303140489,93.5926413757
3879.2443292024,93.6047929256
3879.9583443559,93.4867858247
3880.6723595095,93.4368439800
3881.3863746630,93.5510262660
3882.1003898166,93.7314513663
3882.8144049701,93.9465127125
3883.5284201237,93.7359685793
3884.2424352772,93.6084824204
3884.9564504307,94.0018842948
3885.6704655843,93.9335603272
3886.3844807378,93.4449317007
3887.0984958914,93.7007535542
3887.8125110449,93.8617938573
3888.5265261985,93.6833010127
3889.2405413520,93.5678638301
3889.9545565056,93.5757774009
3890.6685716591,93.7301215792
3891.3825868126,93.6720624275
3892.0966019662,93.4273474288
3892.8106171197,93.6829786228
3893.5246322733,93.9128320063
3894.2386474268,93.6885749512
3894.9526625804,93.6428591540
3895.6666777339,93.7343193307
3896.3806928874,93.7006989203
3897.0947080410,93.7622140435
3897.8087231945,93.7198117124
3898.5227383481,93.5456681067
3899.2367535016,93.4717631376
3899.9507686552,93.5579456042
3900.6647838087,93.6946395556
3901.3787989623,93.8399733112
3902.0928141158,93.5102660617
3902.8068292693,93.5408361834
3903.5208444229,93.8831417201
3904.2348595764,93.8823421307
3904.9488747300,93.5504990906
3905.6628898835,93.6508538276
3906.3769050371,93.9044235972
3907.0909201906,93.7569417159
3907.8049353441,93.5585256288
3908.5189504977,93.6569332522
3909.2329656512,93.7468205485
3909.9469808048,93.7430159728
3910.6609959583,93.7121536557
3911.3750111119,93.5914321328
3912.0890262654,93.6073603291
3912.8030414189,93.7469623021
3913.5170565725,93.6488419082
3914.2310717260,93.5669743488
3914.9450868796,93.6507049061
3915.6591020331,93.6099894078
3916.3731171867,93.5762993716
3917.0871323402,93.5771082578
3917.8011474938,93.4952393840
3918.5151626473,93.5881461357
3919.2291778008,93.7265071680
3919.9431929544,93.6185139674
3920.6572081079,93.5195302105
3921.3712232615,93.6222038972
3922.0852384150,93.7536837122
3922.7992535686,93.7513517743
3923.5132687221,93.6017790409
3924.2272838756,93.5554386088
3924.9412990292,93.6734484220
3925.6553141827,93.6775441218
3926.3693293363,93.5900124075
3927.0833444898,93.6386205236
3927.7973596434,93.7154817197
3928.5113747969,93.6414358323
3929.2253899505,93.5940950644
3929.9394051040,93.6520207050
3930.6534202575,93.6462720563
3931.3674354111,93.6188187487
3932.0814505646,93.5953996134
3932.7954657182,93.5617901179
3933.5094808717,93.6159985030
3934.2234960253,93.6829837593
3934.9375111788,93.7227554512
3935.6515263323,93.7754406596
3936.3655414859,93.7514259453
3937.0795566394,93.6653487069
3937.7935717930,93.6419723322
3938.5075869465,93.5609778936
3939.2216021001,93.5229972642
3939.9356172536,93.5891749523
3940.6496324071,93.6150574811
3941.3636475607,93.6704426042
3942.0776627142,93.6534260956
3942.7916778678,93.4657808300
3943.5056930213,93.5403588882
3944.2197081749,93.7257519664
3944.9337233284,93.7369649968
3945.6477384820,93.7030594065
3946.3617536355,93.7128352143
3947.0757687890,93.7079817584
3947.7897839426,93.6965776439
3948.5037990961,93.6941235464
3949.2178142497,93.6952247169
3949.9318294032,93.6456186307
3950.6458445568,93.5787265409
3951.3598597103,93.6039602776
3952.0738748638,93.6960967831
3952.7878900174,93.7238255410
3953.5019051709,93.6002246783
3954.2159203245,93.5308442067
3954.9299354780,93.6389309213
3955.6439506316,93.6568009583
3956.3579657851,93.5414874800
3957.0719809387,93.5010642234
3957.7859960922,93.5507726020
3958.5000112457,93.6597521603
3959.2140263993,93.6638052357
3959.9280415528,93.5461911219
3960.6420567064,93.5693246587
3961.3560718599,93.5572848496
3962.0700870135,93.4429752510
3962.7841021670,93.5307347657
3963.4981173205,93.6050099676
3964.2121324741,93.6228161220
3964.9261476276,93.7423998969
3965.6401627812,93.6819490130
3966.3541779347,93.5267511600
3967.0681930883,93.5581255916
3967.7822082418,93.6166016461
3968.4962233953,93.6374809603
3969.2102385489,93.5769343270
3969.9242537024,93.4860441609
3970.6382688560,93.5780605880
3971.3522840095,93.6189387186
3972.0662991631,93.5150234125
3972.7803143166,93.5539347216
3973.4943294702,93.6102643048
3974.2083446237,93.5753871822
3974.9223597772,93.5644554474
3975.6363749308,93.5361896030
3976.3503900843,93.5186864336
3977.0644052379,93.5252906704
3977.7784203914,93.5323812741
3978.4924355450,93.5627390414
3979.2064506985,93.5310134800
3979.9204658520,93.5221205131
3980.6344810056,93.5853208940
3981.3484961591,93.5405541472
3982.0625113127,93.5034455610
3982.7765264662,93.5390545351
3983.4905416198,93.5199122120
3984.2045567733,93.5777226708
3984.9185719269,93.6096817982
3985.6325870804,93.5117289819
3986.3466022339,93.5981474969
3987.0606173875,93.7008857253
3987.7746325410,93.5703994429
3988.4886476946,93.5537434150
3989.2026628481,93.5723672203
3989.9166780017,93.4076951669
3990.6306931552,93.4444868345
3991.3447083087,93.6110390432
3992.0587234623,93.5540210978
3992.7727386158,93.5302952471
3993.4867537694,93.5796292254
3994.2007689229,93.5347291829
3994.9147840765,93.5645483674
3995.6287992300,93.5775739830
3996.3428143835,93.5334931216
3997.0568295371,93.6148167151
3997.7708446906,93.5975911740
3998.4848598442,93.5652533529
3999.1988749977,93.7139478185
3999.9128901513,93.6191113177