399.8484859844,57.9063997923
400.5625011380,73.3392410941
401.2765162915,93.6300229601
401.9905314450,89.9824164836
402.7045465986,79.7511379682
403.4185617521,87.4909920009
404.1325769057,96.7280888834
404.8465920592,79.5549920343
405.5606072128,76.2302253736
406.2746223663,94.6333183178
406.9886375199,101.3766153781
407.7026526734,96.5876203442
408.4166678269,90.4190858226
409.1306829805,83.9174063670
409.8446981340,87.3033498229
410.5587132876,91.1764781725
411.2727284411,87.6952070348
411.9867435947,89.5293901407
412.7007587482,92.1259931735
413.4147739017,88.2005047049
414.1287890553,86.8520895395
414.8428042088,87.7834711063
415.5568193624,90.7764452251
416.2708345159,89.4541932713
416.9848496695,84.3783725483
417.6988648230,82.7400030690
418.4128799766,73.4541758085
419.1268951301,67.3147268160
419.8409102836,86.6670670436
420.5549254372,84.7874644422
421.2689405907,78.5014121247
421.9829557443,86.5314155860
422.6969708978,94.5586833693
423.4109860514,85.0786844620
424.1250012049,83.2894441899
424.8390163584,85.3480138075
425.5530315120,87.3050260167
426.2670466655,87.2389920615
426.9810618191,83.9835781701
427.6950769726,84.4520872145
428.4090921262,84.7982858160
429.1231072797,81.6054045038
429.8371224332,85.0046723803
430.5511375868,88.8026474679
431.2651527403,83.3884162256
431.9791678939,80.3145651803
432.6931830474,83.9567146924
433.4071982010,84.4104662716
434.1212133545,81.5525944448
434.8352285081,82.6685478113
435.5492436616,84.3815133868
436.2632588151,81.1200127798
436.9772739687,81.0476259439
437.6912891222,85.9071240420
438.4053042758,86.9032454143
439.1193194293,84.9435521666
439.8333345829,84.7386197972
440.5473497364,83.8755051074
441.2613648899,83.7846572047
441.9753800435,87.0577561820
442.6893951970,86.9515350768
443.4034103506,84.1658779967
444.1174255041,85.0520709316
444.8314406577,87.2347382656
445.5454558112,87.4820226467
446.2594709648,87.4675747342
446.9734861183,88.1047638436
447.6875012718,89.0612435329
448.4015164254,89.9911449680
449.1155315789,89.8181692142
449.8295467325,88.4962899865
450.5435618860,88.2470022632
451.2575770396,89.5834329305
451.9715921931,89.5156902826
452.6856073466,89.9206362612
453.3996225002,91.0446972104
454.1136376537,87.5099679418
454.8276528073,85.1722331111
455.5416679608,88.7510763114
456.2556831144,89.6094005602
456.9696982679,87.9082074521
457.6837134214,91.2932854037
458.3977285750,90.4319736020
459.1117437285,87.9957838465
459.8257588821,88.6092608602
460.5397740356,88.4167201200
461.2537891892,88.9742018832
461.9678043427,89.9982101577
462.6818194963,87.7284604726
463.3958346498,88.2021685093
464.1098498033,90.1392198580
464.8238649569,87.7782421745
465.5378801104,87.1434954613
466.2518952640,88.3693861175
466.9659104175,87.8707816979
467.6799255711,87.4243644946
468.3939407246,85.6026957413
469.1079558781,86.0342207517
469.8219710317,90.0881349425
470.5359861852,89.6361325974
471.2500013388,87.3196643401
471.9640164923,88.3690202857
472.6780316459,86.3089831762
473.3920467994,85.0967954310
474.1060619530,87.5905570092
474.8200771065,87.7710253502
475.5340922600,87.2551423003
476.2481074136,88.6758945089
476.9621225671,88.2661499607
477.6761377207,86.5772650702
478.3901528742,86.9961745802
479.1041680278,89.4841825762
479.8181831813,89.6782967599
480.5321983348,86.8408772073
481.2462134884,87.0564926467
481.9602286419,89.1251978019
482.6742437955,88.2628194100
483.3882589490,87.9920189666
484.1022741026,88.1590935885
484.8162892561,86.8724460067
485.5303044097,87.2763637648
486.2443195632,87.5341249872
486.9583347167,86.9180132054
487.6723498703,87.3130214317
488.3863650238,86.6530615902
489.1003801774,86.3520846770
489.8143953309,87.0658338020
490.5284104845,85.9221962144
491.2424256380,85.8686877391
491.9564407915,86.9887567947
492.6704559451,85.2687349078
493.3844710986,84.8436541833
494.0984862522,86.5989938245
494.8125014057,86.4710800232
495.5265165593,85.2676787416
496.2405317128,84.8209106783
496.9545468663,84.8077880237
497.6685620199,84.5462097606
498.3825771734,83.7671814782
499.0965923270,83.8962031355
499.8106074805,84.5412000219
500.5246226341,84.4413275059
501.2386377876,84.4473566481
501.9526529412,84.5169307228
502.6666680947,84.0697577287
503.3806832482,84.1418426228
504.0946984018,84.1076013678
504.8087135553,83.9396529430
505.5227287089,84.4057111374
506.2367438624,84.8317594422
506.9507590160,84.7561120734
507.6647741695,84.7366614578
508.3787893230,85.2385631007
509.0928044766,86.0055127559
509.8068196301,86.5466080372
510.5208347837,86.7996887595
511.2348499372,86.6186084621
511.9488650908,86.6113509781
512.6628802443,87.7399262060
513.3768953979,88.6011018622
514.0909105514,88.0149998690
514.8049257049,87.2504707774
515.5189408585,87.1216444207
516.2329560120,87.2747578526
516.9469711656,87.4258407786
517.6609863191,87.5812326918
518.3750014727,88.0033447093
519.0890166262,87.9906242095
519.8030317797,87.5883727793
520.5170469333,88.0529529431
521.2310620868,87.7323312109
521.9450772404,86.6781876505
522.6590923939,87.5862376856
523.3731075475,88.6812117144
524.0871227010,88.2698126289
524.8011378545,88.3335643866
525.5151530081,88.2546759922
526.2291681616,87.3075146260
526.9431833152,87.3942457621
527.6571984687,87.4920410821
528.3712136223,87.6905159858
529.0852287758,88.4987731441
529.7992439294,88.5650591366
530.5132590829,88.3660422725
531.2272742364,88.3291518350
531.9412893900,87.7418019629
532.6553045435,88.0192891830
533.3693196971,88.9937475908
534.0833348506,88.7120474322
534.7973500042,88.1962206212
535.5113651577,88.3171054661
536.2253803112,88.4314060598
536.9393954648,88.5662385066
537.6534106183,88.2905058268
538.3674257719,87.8652840694
539.0814409254,88.0718682648
539.7954560790,87.9092881415
540.5094712325,87.2970076251
541.2234863861,87.5826184472
541.9375015396,88.3356162757
542.6515166931,88.5349652272
543.3655318467,88.0126555210
544.0795470002,87.3878615008
544.7935621538,87.6463673201
545.5075773073,88.1967296466
546.2215924609,88.0040433349
546.9356076144,87.7874513059
547.6496227679,88.0406997010
548.3636379215,88.2732108783
549.0776530750,88.3719429111
549.7916682286,88.2791630088
550.5056833821,88.0145797301
551.2196985357,88.0661491205
551.9337136892,88.3097349851
552.6477288427,88.2245454432
553.3617439963,87.8020376317
554.0757591498,87.5909661295
554.7897743034,88.1033044760
555.5037894569,88.6324307274
556.2178046105,88.1177883818
556.9318197640,87.4919673758
557.6458349176,88.1466242904
558.3598500711,88.7625816706
559.0738652246,88.1141745782
559.7878803782,87.8084058566
560.5018955317,88.2284763106
561.2159106853,88.0484823224
561.9299258388,87.8068932514
562.6439409924,87.9865359538
563.3579561459,87.8359013189
564.0719712994,87.7466810695
564.7859864530,87.8561381939
565.5000016065,87.6472176254
566.2140167601,87.6543143814
566.9280319136,87.7784727036
567.6420470672,87.5993843906
568.3560622207,87.7012045515
569.0700773743,87.7363709204
569.7840925278,87.5115107065
570.4981076813,87.8348540696
571.2121228349,87.9298707629
571.9261379884,87.4794893284
572.6401531420,87.8217973926
573.3541682955,88.1390397763
574.0681834491,87.5723900955
574.7821986026,87.5464410399
575.4962137561,87.7924227438
576.2102289097,87.3139284900
576.9242440632,87.4228138221
577.6382592168,87.9384857009
578.3522743703,87.6873929306
579.0662895239,87.5559735116
579.7803046774,88.0204815038
580.4943198309,87.9915182936
581.2083349845,87.5947424342
581.9223501380,87.6093592128
582.6363652916,87.7458533899
583.3503804451,87.7711027713
584.0643955987,87.8140117341
584.7784107522,87.8127707891
585.4924259058,87.6838904180
586.2064410593,87.7049612483
586.9204562128,87.9337032438
587.6344713664,87.8529199717
588.3484865199,87.6315620098
589.0625016735,87.8065338064
589.7765168270,87.8052679898
590.4905319806,87.5061761471
591.2045471341,87.7749512758
591.9185622876,88.2377396004
592.6325774412,87.9850906664
593.3465925947,87.7146272194
594.0606077483,87.8490783615
594.7746229018,87.7687992924
595.4886380554,87.4099424459
596.2026532089,87.4455373900
596.9166683625,87.5945442701
597.6306835160,87.2402311780
598.3446986695,87.1833736786
599.0587138231,87.5681199941
599.7727289766,87.3499626780
600.4867441302,87.0408993350
601.2007592837,87.2917551830
601.9147744373,87.3511701044
602.6287895908,87.4018521250
603.3428047443,87.5109666557
604.0568198979,87.0925284077
604.7708350514,86.8187889367
605.4848502050,87.0095295414
606.1988653585,86.9695680328
606.9128805121,86.7603604755
607.6268956656,86.7071883137
608.3409108192,86.9111641197
609.0549259727,87.0443465492
609.7689411262,86.5230545241
610.4829562798,86.1693610350
611.1969714333,86.6925615967
611.9109865869,87.0073229487
612.6250017404,86.8030699463
613.3390168940,86.7012190627
614.0530320475,86.5105936366
614.7670472010,86.3339467372
615.4810623546,86.4774280653
616.1950775081,86.5093771290
616.9090926617,86.3439245343
617.6231078152,86.3951895774
618.3371229688,86.6523888454
619.0511381223,86.7533016148
619.7651532758,86.5204554941
620.4791684294,86.3512803674
621.1931835829,86.6120943787
621.9071987365,86.6644181238
622.6212138900,86.4031753743
623.3352290436,86.4752832308
624.0492441971,86.4035317055
624.7632593507,85.8802418707
625.4772745042,85.7881190481
626.1912896577,85.9534424757
626.9053048113,85.8442175660
627.6193199648,85.9471596111
628.3333351184,86.0760796554
629.0473502719,85.8932007105
629.7613654255,85.8020329889
630.4753805790,85.5572980087
631.1893957325,85.0194384486
631.9034108861,84.9925691390
632.6174260396,85.4942076222
633.3314411932,85.6665030189
634.0454563467,85.3865519397
634.7594715003,85.5109431109
635.4734866538,86.1188821856
636.1875018074,86.1911041437
636.9015169609,85.9659977167
637.6155321144,85.9798984821
638.3295472680,85.8487570651
639.0435624215,85.7880123847
639.7575775751,85.8994453544
640.4715927286,85.7043641008
641.1856078822,85.6219286242
641.8996230357,85.7156848012
642.6136381892,85.5790891699
643.3276533428,85.6242880581
644.0416684963,85.7798587926
644.7556836499,85.6668085384
645.4696988034,85.5524566336
646.1837139570,85.4995597209
646.8977291105,85.4383838411
647.6117442640,85.2186759415
648.3257594176,84.9194464044
649.0397745711,85.0235545474
649.7537897247,85.0790468034
650.4678048782,84.9159685325
651.1818200318,85.1065126438
651.8958351853,85.0664821124
652.6098503389,84.7997763785
653.3238654924,85.0791241497
654.0378806459,85.2234579185
654.7518957995,85.0514423515
655.4659109530,84.9420729647
656.1799261066,84.5460992033
656.8939412601,84.4522439893
657.6079564137,84.7092098098
658.3219715672,84.4349199784
659.0359867207,84.2440147441
659.7500018743,84.4232979058
660.4640170278,84.2662018687
661.1780321814,84.1334227168
661.8920473349,84.1831380409
662.6060624885,84.0590487964
663.3200776420,83.8883078393
664.0340927956,83.6696245481
664.7481079491,83.4751656787
665.4621231026,83.5264878136
666.1761382562,83.5799482745
666.8901534097,83.3881266950
667.6041685633,82.5883141813
668.3181837168,82.5485254995
669.0321988704,82.9243417960
669.7462140239,82.9553237421
670.4602291774,83.0677644440
671.1742443310,82.9368679697
671.8882594845,82.8295792130
672.6022746381,82.9503673614
673.3162897916,82.7283578571
674.0303049452,82.4275473404
674.7443200987,82.4369482223
675.4583352522,82.1318423430
676.1723504058,81.7722357145
676.8863655593,81.8746440662
677.6003807129,81.8083194768
678.3143958664,81.5367938430
679.0284110200,81.4800038285
679.7424261735,81.4226754891
680.4564413271,81.2481475332
681.1704564806,81.2046893677
681.8844716341,81.3634889066
682.5984867877,81.2721575936
683.3125019412,80.8985679242
684.0265170948,80.8055168094
684.7405322483,80.7782239232
685.4545474019,80.5588086909
686.1685625554,80.5284629891
686.8825777089,80.4152573849
687.5965928625,80.1196599062
688.3106080160,80.0472096352
689.0246231696,79.8751331481
689.7386383231,79.5334065649
690.4526534767,79.3835457570
691.1666686302,79.1835482295
691.8806837838,78.9151072850
692.5946989373,78.8202395875
693.3087140908,78.7073702812
694.0227292444,78.4460017884
694.7367443979,78.1427660352
695.4507595515,77.8514110095
696.1647747050,77.5979100140
696.8787898586,77.3443923890
697.5928050121,76.9599767420
698.3068201656,76.5755193134
699.0208353192,76.3341218493
699.7348504727,75.8327119206
700.4488656263,75.1898104973
701.1628807798,75.0026966373
701.8768959334,74.7981640206
702.5909110869,74.3572201420
703.3049262404,74.1910809299
704.0189413940,73.8621583490
704.7329565475,73.4498039135
705.4469717011,73.3301354600
706.1609868546,72.8259107776
706.8750020082,72.2716730047
707.5890171617,71.9489023763
708.3030323153,71.2839356673
709.0170474688,70.8966704271
709.7310626223,70.5937304803
710.4450777759,69.6986898355
711.1590929294,69.2484420260
711.8731080830,69.0071909879
712.5871232365,68.1418099522
713.3011383901,67.4637116762
714.0151535436,66.8691541958
714.7291686971,65.8456651343
715.4431838507,64.8726495101
716.1571990042,64.2011127008
716.8712141578,63.6946746051
717.5852293113,62.7516089583
718.2992444649,61.5602663297
719.0132596184,60.9524848485
719.7272747720,60.3800511233
720.4412899255,59.7229161721
721.1553050790,59.3593924650
721.8693202326,58.9378536136
722.5833353861,59.0686146840
723.2973505397,59.6505704078
724.0113656932,60.0896415776
724.7253808468,61.2060871401
725.4393960003,62.7044662977
726.1534111538,64.1643698846
726.8674263074,66.0009165782
727.5814414609,67.6518903867
728.2954566145,69.0839850640
729.0094717680,70.6926212596
729.7234869216,72.2720212719
730.4375020751,73.9506286732
731.1515172287,75.7142365501
731.8655323822,77.3653522108
732.5795475357,78.9869216467
733.2935626893,80.4940033633
734.0075778428,81.9224460925
734.7215929964,83.6348461628
735.4356081499,85.4828238112
736.1496233035,86.8034094260
736.8636384570,87.9230815716
737.5776536105,89.4442250521
738.2916687641,90.5894458590
739.0056839176,91.2438693039
739.7196990712,92.1035139959
740.4337142247,92.7702756881
741.1477293783,93.1127303853
741.8617445318,93.4214239149
742.5757596853,93.5411473879
743.2897748389,93.6466460074
744.0037899924,93.6853891103
744.7178051460,93.4837521834
745.4318202995,93.3524424914
746.1458354531,93.2939199042
746.8598506066,93.3128611032
747.5738657602,93.3810229311
748.2878809137,93.1719912334
749.0018960672,92.9851701346
749.7159112208,92.9688392045
750.4299263743,92.8256884333
751.1439415279,92.7332519183
751.8579566814,92.6007386037
752.5719718350,92.3306911048
753.2859869885,92.2543591819
754.0000021420,92.1428551666
754.7140172956,91.9702330922
755.4280324491,92.0296577271
756.1420476027,91.9284372262
756.8560627562,91.7075064336
757.5700779098,91.7396038207
758.2840930633,91.7202782627
758.9981082169,91.5909206679
759.7121233704,91.5755994186
760.4261385239,91.4946083297
761.1401536775,91.1986128026
761.8541688310,90.9080926603
762.5681839846,90.9065828034
763.2821991381,90.9642246011
763.9962142917,90.8457685425
764.7102294452,90.8052415336
765.4242445987,90.7140533831
766.1382597523,90.5085608590
766.8522749058,90.5119000375
767.5662900594,90.3882575425
768.2803052129,90.1475058847
768.9943203665,90.1766158280
769.7083355200,89.9737341756
770.4223506735,89.7044267710
771.1363658271,89.8970353617
771.8503809806,89.8244423277
772.5643961342,89.4699602881
773.2784112877,89.5157723553
773.9924264413,89.5116360028
774.7064415948,89.3313190359
775.4204567484,89.3288549805
776.1344719019,89.1624725603
776.8484870554,88.9000146298
777.5625022090,88.9082748836
778.2765173625,88.8756008618
778.9905325161,88.7099718114
779.7045476696,88.6206532137
780.4185628232,88.4869137511
781.1325779767,88.3874849920
781.8465931302,88.3831476274
782.5606082838,88.1720080255
783.2746234373,87.9598198001
783.9886385909,87.9706968945
784.7026537444,87.7616569046
785.4166688980,87.4742907188
786.1306840515,87.4530208115
786.8446992051,87.2674134688
787.5587143586,86.9785011388
788.2727295121,86.8803697789
788.9867446657,86.6647900524
789.7007598192,86.5091595967
790.4147749728,86.5308333834
791.1287901263,86.3962363278
791.8428052799,86.3894730401
792.5568204334,86.4491781165
793.2708355869,86.3132398125
793.9848507405,86.5240285384
794.6988658940,86.9353957442
795.4128810476,87.0604313124
796.1268962011,87.2995435757
796.8409113547,87.6586060535
797.5549265082,87.7936996918
798.2689416617,87.8626873120
798.9829568153,87.9208785019
799.6969719688,87.8556463149
800.4109871224,87.7549987238
801.1250022759,87.7578935662
801.8390174295,87.7838568342
802.5530325830,87.7012354872
803.2670477366,87.6884803044
803.9810628901,87.7687755932
804.6950780436,87.7429655754
805.4090931972,87.7085276781
806.1231083507,87.7155582190
806.8371235043,87.7167564969
807.5511386578,87.7000427341
808.2651538114,87.6318447657
808.9791689649,87.6673118789
809.6931841184,87.6403915002
810.4071992720,87.4483831182
811.1212144255,87.5505412592
811.8352295791,87.6558847523
812.5492447326,87.4571246310
813.2632598862,87.4667234254
813.9772750397,87.4740542082
814.6912901933,87.4800323255
815.4053053468,87.8380738043
816.1193205003,87.7086497422
816.8333356539,87.2645452955
817.5473508074,87.4335695267
818.2613659610,87.4891642545
818.9753811145,87.2299441882
819.6893962681,87.3020342618
820.4034114216,87.3356428712
821.1174265751,87.2119881080
821.8314417287,87.1068196478
822.5454568822,87.0171871014
823.2594720358,87.2138262879
823.9734871893,87.2444955379
824.6875023429,86.8333097158
825.4015174964,86.7132127894
826.1155326499,86.7423655313
826.8295478035,86.4652551591
827.5435629570,86.2833259566
828.2575781106,86.3115856199
828.9715932641,86.3361583962
829.6856084177,86.2132856670
830.3996235712,85.9486955707
831.1136387248,85.8525858531
831.8276538783,85.8060726489
832.5416690318,85.5323114023
833.2556841854,85.3586907778
833.9696993389,85.3450746934
834.6837144925,85.1530013580
835.3977296460,84.8621766941
836.1117447996,84.7313104406
836.8257599531,84.6899133163
837.5397751066,84.5165362877
838.2537902602,84.2970138489
838.9678054137,84.1891842564
839.6818205673,84.0757996835
840.3958357208,83.9406596311
841.1098508744,83.7088913134
841.8238660279,83.2645941370
842.5378811815,83.0088916731
843.2518963350,82.9642437286
843.9659114885,82.6627816888
844.6799266421,82.4936646453
845.3939417956,82.6636533678
846.1079569492,82.5124447938
846.8219721027,82.2735027922
847.5359872563,82.5175243097
848.2500024098,82.7306476953
848.9640175633,82.7786925963
849.6780327169,83.1435225042
850.3920478704,83.5525074155
851.1060630240,83.7075170466
851.8200781775,83.8464553755
852.5340933311,83.9918046791
853.2481084846,84.1217712537
853.9621236381,84.2828979830
854.6761387917,84.4192357268
855.3901539452,84.5572970919
856.1041690988,84.6390954894
856.8181842523,84.6182328934
857.5321994059,84.6503869955
858.2462145594,84.7376435695
858.9602297130,84.7584442252
859.6742448665,84.7302435375
860.3882600200,84.7828367202
861.1022751736,84.8732365928
861.8162903271,84.6827645847
862.5303054807,84.3506073785
863.2443206342,84.2996003352
863.9583357878,84.2421547385
864.6723509413,83.8519383198
865.3863660948,83.3920385979
866.1003812484,82.9497303074
866.8143964019,82.4165094527
867.5284115555,81.7545211586
868.2424267090,80.9007968924
868.9564418626,79.9621213007
869.6704570161,79.0048110011
870.3844721697,77.9022443500
871.0984873232,76.9225978758
871.8125024767,76.8139720014
872.5265176303,77.9199034389
873.2405327838,79.6442574989
873.9545479374,81.2879939199
874.6685630909,82.7309940644
875.3825782445,83.7400625013
876.0965933980,84.3365883945
876.8106085515,84.9037985336
877.5246237051,85.3542197750
878.2386388586,85.7287745150
878.9526540122,86.1429509644
879.6666691657,86.4038230732
880.3806843193,86.7101299339
881.0946994728,87.0383693907
881.8087146264,87.1250973556
882.5227297799,87.2573195431
883.2367449334,87.4790202079
883.9507600870,87.6702441520
884.6647752405,87.8305527526
885.3787903941,87.7592726456
886.0928055476,87.7911202820
886.8068207012,88.0420091867
887.5208358547,87.9804447686
888.2348510082,87.8652885653
888.9488661618,87.9002893340
889.6628813153,87.7836836881
890.3768964689,87.7610871665
891.0909116224,87.7914462650
891.8049267760,87.7120862450
892.5189419295,87.7651782025
893.2329570830,87.7219120379
893.9469722366,87.5491330245
894.6609873901,87.4708275557
895.3750025437,87.3302634986
896.0890176972,87.3031793421
896.8030328508,87.3266517432
897.5170480043,87.1290015683
898.2310631579,87.1705190661
898.9450783114,87.3838741930
899.6590934649,87.3265365985
900.3731086185,87.3316093802
901.0871237720,87.4193822956
901.8011389256,87.3091071411
902.5151540791,87.2194401203
903.2291692327,87.3516421712
903.9431843862,87.5581461410
904.6571995397,87.5113015104
905.3712146933,87.3860539685
906.0852298468,87.6092713646
906.7992450004,87.8199321879
907.5132601539,87.7838897188
908.2272753075,87.8464236909
908.9412904610,87.9118678285
909.6553056146,87.8900040809
910.3693207681,87.9521147103
911.0833359216,88.0533270104
911.7973510752,88.1354184929
912.5113662287,88.1029018799
913.2253813823,88.0156208031
913.9393965358,88.0995765004
914.6534116894,88.1591797319
915.3674268429,88.0743562239
916.0814419964,88.0554358360
916.7954571500,88.0576935246
917.5094723035,88.0159828730
918.2234874571,87.9613967174
918.9375026106,87.9236038119
919.6515177642,88.0171965062
920.3655329177,88.0426219315
921.0795480712,87.8525927014
921.7935632248,87.8410106429
922.5075783783,87.9900948460
923.2215935319,87.8847686493
923.9356086854,87.7543504096
924.6496238390,87.8406266116
925.3636389925,87.8124196119
926.0776541461,87.7236353311
926.7916692996,87.8134346505
927.5056844531,87.7750184853
928.2196996067,87.6110923262
928.9337147602,87.6498778867
929.6477299138,87.7078975038
930.3617450673,87.7232079901
931.0757602209,87.8111733548
931.7897753744,87.7666825022
932.5037905279,87.6836478306
933.2178056815,87.7512119251
933.9318208350,87.8057412244
934.6458359886,87.8139571210
935.3598511421,87.7879821056
936.0738662957,87.7271180846
936.7878814492,87.7267634422
937.5018966028,87.7626933530
938.2159117563,87.8018186408
938.9299269098,87.7362812488
939.6439420634,87.5990165517
940.3579572169,87.6483149669
941.0719723705,87.6800009171
941.7859875240,87.6112935270
942.5000026776,87.6625312235
943.2140178311,87.5177018577
943.9280329846,87.3020653380
944.6420481382,87.3967684267
945.3560632917,87.3824255077
946.0700784453,87.3000693899
946.7840935988,87.4000522318
947.4981087524,87.3179436781
948.2121239059,87.2058883896
948.9261390594,87.2298181755
949.6401542130,87.1552480990
950.3541693665,87.0673936459
951.0681845201,86.9278713768
951.7821996736,86.8784533476
952.4962148272,87.0582219838
953.2102299807,86.9470917112
953.9242451343,86.7136982006
954.6382602878,86.6953296865
955.3522754413,86.4334308119
956.0662905949,86.2228617620
956.7803057484,86.3966390130
957.4943209020,86.2935833462
958.2083360555,85.9039748693
958.9223512091,85.7176083886
959.6363663626,85.6499982470
960.3503815161,85.5006008248
961.0643966697,85.2333033311
961.7784118232,84.9477812959
962.4924269768,84.7407271904
963.2064421303,84.6276901833
963.9204572839,84.5906681286
964.6344724374,84.4634399796
965.3484875910,84.2562412706
966.0625027445,84.0708855081
966.7765178980,83.8369323543
967.4905330516,83.6834330280
968.2045482051,83.5960334042
968.9185633587,83.4140290311
969.6325785122,83.3474402676
970.3465936658,83.3557551592
971.0606088193,83.2870341846
971.7746239728,83.3654486879
972.4886391264,83.5530788221
973.2026542799,83.7091358471
973.9166694335,83.8863799524
974.6306845870,84.0680568977
975.3446997406,84.2680404114
976.0587148941,84.4841864826
976.7727300476,84.7104032766
977.4867452012,84.8731630311
978.2007603547,84.8748865986
978.9147755083,84.9588836926
979.6287906618,85.0943391602
980.3428058154,85.0458277740
981.0568209689,85.1054112439
981.7708361225,85.1946681432
982.4848512760,85.0641848008
983.1988664295,85.0608069707
983.9128815831,85.0613377094
984.6268967366,84.8734209268
985.3409118902,84.8224501002
986.0549270437,84.7539040265
986.7689421973,84.6231642021
987.4829573508,84.6489498969
988.1969725043,84.5460830225
988.9109876579,84.4076058107
989.6250028114,84.4809609155
990.3390179650,84.4594329380
991.0530331185,84.4046210009
991.7670482721,84.4565464736
992.4810634256,84.3523154822
993.1950785792,84.2629980758
993.9090937327,84.3665229735
994.6231088862,84.2842279266
995.3371240398,84.0158363797
996.0511391933,83.9405447446
996.7651543469,83.8833599129
997.4791695004,83.6535550579
998.1931846540,83.5332928896
998.9071998075,83.4752576316
999.6212149610,83.3261972549
1000.3352301146,83.2216640407
1001.0492452681,82.9819118121
1001.7632604217,82.6565257558
1002.4772755752,82.5700406480
1003.1912907288,82.4199649371
1003.9053058823,82.1438467829
1004.6193210359,82.0131818427
1005.3333361894,81.7633378345
1006.0473513429,81.4041817623
1006.7613664965,81.1746275992
1007.4753816500,80.8931446050
1008.1893968036,80.4867022801
1008.9034119571,79.9670701462
1009.6174271107,79.4400848084
1010.3314422642,79.0452793553
1011.0454574177,78.5158964470
1011.7594725713,77.8550159064
1012.4734877248,77.2741007365
1013.1875028784,76.5735205102
1013.9015180319,75.7421387639
1014.6155331855,74.9624319226
1015.3295483390,74.4046872726
1016.0435634925,74.2208418922
1016.7575786461,74.2079955509
1017.4715937996,74.4473682789
1018.1856089532,75.0529718578
1018.8996241067,75.6526428398
1019.6136392603,76.3579026131
1020.3276544138,77.1862662752
1021.0416695674,77.8212866613
1021.7556847209,78.5200860935
1022.4696998744,79.2638001185
1023.1837150280,79.9525407354
1023.8977301815,80.9502752783
1024.6117453351,82.1621810125
1025.3257604886,83.3802630088
1026.0397756422,84.4115762041
1026.7537907957,84.9942979409
1027.4678059492,85.3772068605
1028.1818211028,85.5655495508
1028.8958362563,85.4580354207
1029.6098514099,85.3716670586
1030.3238665634,85.1607939908
1031.0378817170,84.8394312054
1031.7518968705,84.7449795077
1032.4659120241,84.5192103475
1033.1799271776,84.1594078988
1033.8939423311,84.0456638700
1034.6079574847,83.8972684580
1035.3219726382,83.6080458304
1036.0359877918,83.4226389578
1036.7500029453,83.3762380769
1037.4640180989,83.2915843716
1038.1780332524,82.9759335965
1038.8920484059,82.7465381090
1039.6060635595,82.7526830266
1040.3200787130,82.6320348205
1041.0340938666,82.5077239014
1041.7481090201,82.4644802891
1042.4621241737,82.3138292783
1043.1761393272,82.2586828656
1043.8901544807,82.2716236791
1044.6041696343,82.2390270318
1045.3181847878,82.2979712738
1046.0321999414,82.3254495123
1046.7462150949,82.3062964035
1047.4602302485,82.3058480435
1048.1742454020,82.2644673412
1048.8882605556,82.2977643375
1049.6022757091,82.3179015529
1050.3162908626,82.2351030593
1051.0303060162,82.2314730595
1051.7443211697,82.2574157222
1052.4583363233,82.1982104894
1053.1723514768,82.0708927455
1053.8863666304,82.0348297222
1054.6003817839,82.1671666600
1055.3143969374,82.0798182732
1056.0284120910,81.8028720173
1056.7424272445,81.7362831523
1057.4564423981,81.6671924420
1058.1704575516,81.5097227467
1058.8844727052,81.3998427796
1059.5984878587,81.2525156037
1060.3125030123,81.1608820112
1061.0265181658,81.0231802189
1061.7405333193,80.7462869597
1062.4545484729,80.5046299271
1063.1685636264,80.2310239298
1063.8825787800,80.0808715346
1064.5965939335,80.0072394894
1065.3106090871,79.6150365399
1066.0246242406,79.3078619821
1066.7386393941,79.2257858628
1067.4526545477,78.9595130204
1068.1666697012,78.7443665924
1068.8806848548,78.5524335891
1069.5947000083,78.1766689826
1070.3087151619,77.8469111479
1071.0227303154,77.5338055877
1071.7367454689,77.2424612842
1072.4507606225,76.9013402636
1073.1647757760,76.4337377074
1073.8787909296,76.1503751038
1074.5928060831,75.7573902209
1075.3068212367,75.1525342923
1076.0208363902,74.8111256746
1076.7348515438,74.4347827170
1077.4488666973,74.0366264544
1078.1628818508,73.8185618160
1078.8768970044,73.2830979809
1079.5909121579,72.7925691835
1080.3049273115,72.6108415829
1081.0189424650,72.1871901404
1081.7329576186,71.7881137195
1082.4469727721,71.5900471139
1083.1609879256,71.3424897853
1083.8750030792,71.1390692414
1084.5890182327,70.9619083167
1085.3030333863,70.8686121932
1086.0170485398,70.6966702700
1086.7310636934,70.3786418107
1087.4450788469,70.3929592268
1088.1590940005,70.3881316668
1088.8731091540,70.1180052439
1089.5871243075,70.0573524354
1090.3011394611,69.8906595531
1091.0151546146,69.6661259602
1091.7291697682,69.7410319162
1092.4431849217,69.6845496325
1093.1572000753,69.6489676227
1093.8712152288,69.7814809043
1094.5852303823,69.7088705608
1095.2992455359,69.6162860895
1096.0132606894,69.6448521037
1096.7272758430,69.8310854446
1097.4412909965,70.0957716568
1098.1553061501,70.1524643159
1098.8693213036,70.3157377055
1099.5833364571,70.5875097787
1100.2973516107,70.7741419089
1101.0113667642,71.1571456816
1101.7253819178,71.4020372266
1102.4393970713,71.5690130936
1103.1534122249,72.0655016112
1103.8674273784,72.3430296417
1104.5814425320,72.5548410599
1105.2954576855,73.0699419244
1106.0094728390,73.4149197772
1106.7234879926,73.7077893171
1107.4375031461,74.0180741114
1108.1515182997,74.2687220331
1108.8655334532,74.6890966373
1109.5795486068,74.8995425088
1110.2935637603,75.0067489928
1111.0075789138,75.2874705025
1111.7215940674,75.2542635805
1112.4356092209,75.3235998296
1113.1496243745,75.7321571580
1113.8636395280,75.7520474903
1114.5776546816,75.6771761978
1115.2916698351,75.7918976038
1116.0056849887,75.6924595822
1116.7197001422,75.5508171392
1117.4337152957,75.5464095470
1118.1477304493,75.5924023429
1118.8617456028,75.6457003746
1119.5757607564,75.7133960194
1120.2897759099,75.8861769087
1121.0037910635,75.9922531253
1121.7178062170,76.1276790158
1122.4318213705,76.4933055105
1123.1458365241,76.7736211653
1123.8598516776,77.0978845670
1124.5738668312,77.5411309196
1125.2878819847,77.7247552365
1126.0018971383,77.9991295708
1126.7159122918,78.5812062301
1127.4299274454,79.1475356769
1128.1439425989,79.6860064483
1128.8579577524,80.1229255744
1129.5719729060,80.5607036629
1130.2859880595,81.1896002852
1131.0000032131,81.7963761392
1131.7140183666,82.4145096784
1132.4280335202,83.1108693283
1133.1420486737,83.7650081572
1133.8560638272,84.4132066884
1134.5700789808,85.0244459885
1135.2840941343,85.6315728310
1135.9981092879,86.2106836026
1136.7121244414,86.7179030123
1137.4261395950,87.3659376223
1138.1401547485,88.0151740023
1138.8541699020,88.5299449191
1139.5681850556,89.0478665233
1140.2822002091,89.4329919885
1140.9962153627,89.8333756759
1141.7102305162,90.3212090971
1142.4242456698,90.6543224886
1143.1382608233,91.0780440976
1143.8522759769,91.4751524931
1144.5662911304,91.6305034819
1145.2803062839,91.9420712488
1145.9943214375,92.2085711524
1146.7083365910,92.3275959759
1147.4223517446,92.6519046194
1148.1363668981,92.8760136576
1148.8503820517,93.0115629774
1149.5643972052,93.2351074022
1150.2784123587,93.2897457008
1150.9924275123,93.4193352099
1151.7064426658,93.5930575959
1152.4204578194,93.5997179414
1153.1344729729,93.7671440771
1153.8484881265,93.8337847545
1154.5625032800,93.7084165319
1155.2765184336,93.8017025582
1155.9905335871,93.7986826862
1156.7045487406,93.6964103535
1157.4185638942,93.7432022957
1158.1325790477,93.6567031560
1158.8465942013,93.6033517235
1159.5606093548,93.6526596745
1160.2746245084,93.5682040806
1160.9886396619,93.5559274475
1161.7026548154,93.4976246578
1162.4166699690,93.2979838095
1163.1306851225,93.2604280322
1163.8447002761,93.2248714801
1164.5587154296,93.0865812053
1165.2727305832,92.9321545128
1165.9867457367,92.6444818690
1166.7007608902,92.4044677221
1167.4147760438,92.3148453444
1168.1287911973,92.1279409582
1168.8428063509,91.8019392965
1169.5568215044,91.4995638832
1170.2708366580,91.3001312185
1170.9848518115,91.0492819021
1171.6988669651,90.7636737693
1172.4128821186,90.6485610431
1173.1268972721,90.4949330702
1173.8409124257,90.3067354033
1174.5549275792,90.2868869325
1175.2689427328,90.1510287600
1175.9829578863,89.9853907402
1176.6969730399,89.9927485015
1177.4109881934,89.9117848231
1178.1250033469,89.8619446028
1178.8390185005,89.8812584953
1179.5530336540,89.7704572126
1180.2670488076,89.7508735999
1180.9810639611,89.7469167989
1181.6950791147,89.5805109079
1182.4090942682,89.4662648699
1183.1231094218,89.3874578075
1183.8371245753,89.2920680064
1184.5511397288,89.1860410849
1185.2651548824,89.0163599966
1185.9791700359,88.9263390956
1186.6931851895,88.8236193157
1187.4072003430,88.5651844234
1188.1212154966,88.3483840061
1188.8352306501,88.1712616341
1189.5492458036,87.9693281067
1190.2632609572,87.7826871680
1190.9772761107,87.5605081060
1191.6912912643,87.3272601111
1192.4053064178,87.0691283695
1193.1193215714,86.8318731464
1193.8333367249,86.6778669686
1194.5473518784,86.4101917767
1195.2613670320,86.0989212175
1195.9753821855,85.9027380671
1196.6893973391,85.6583068732
1197.4034124926,85.3808891559
1198.1174276462,85.0926535727
1198.8314427997,84.7802848754
1199.5454579533,84.5905388933
1200.2594731068,84.3833369416
1200.9734882603,84.0814390908
1201.6875034139,83.8216506586
1202.4015185674,83.5601222708
1203.1155337210,83.3306894780
1203.8295488745,83.0801788299
1204.5435640281,82.7836180955
1205.2575791816,82.6139652729
1205.9715943351,82.3538984604
1206.6856094887,82.0000546596
1207.3996246422,81.8440296387
1208.1136397958,81.6329996842
1208.8276549493,81.3470660713
1209.5416701029,81.1676990955
1210.2556852564,80.8653441128
1210.9697004100,80.5549146726
1211.6837155635,80.3694753277
1212.3977307170,80.0840594436
1213.1117458706,79.7602133467
1213.8257610241,79.4814736669
1214.5397761777,79.1719476783
1215.2537913312,78.8231608517
1215.9678064848,78.4996512098
1216.6818216383,78.2509632587
1217.3958367918,77.8980023403
1218.1098519454,77.4838639696
1218.8238670989,77.1855961616
1219.5378822525,76.7969255001
1220.2518974060,76.4267819909
1220.9659125596,76.1749323165
1221.6799277131,75.7816534071
1222.3939428666,75.5209630798
1223.1079580202,75.3967430495
1223.8219731737,75.0407832282
1224.5359883273,74.7450880362
1225.2500034808,74.5507675800
1225.9640186344,74.2550718303
1226.6780337879,73.9707052356
1227.3920489415,73.5729795985
1228.1060640950,73.1607629129
1228.8200792485,72.8645017667
1229.5340944021,72.4530611474
1230.2481095556,72.0341081486
1230.9621247092,71.6294039695
1231.6761398627,71.1555152874
1232.3901550163,70.7493192260
1233.1041701698,70.2976393217
1233.8181853233,69.8972505742
1234.5322004769,69.6038454993
1235.2462156304,69.1967773229
1235.9602307840,68.9408878837
1236.6742459375,68.7854101904
1237.3882610911,68.4972883563
1238.1022762446,68.3733501658
1238.8162913982,68.3026055277
1239.5303065517,68.2595312860
1240.2443217052,68.4179346728
1240.9583368588,68.4342472868
1241.6723520123,68.4210375377
1242.3863671659,68.5905081026
1243.1003823194,68.7399800093
1243.8143974730,68.9560216174
1244.5284126265,69.1622957159
1245.2424277800,69.3500479421
1245.9564429336,69.7116497096
1246.6704580871,70.0117913865
1247.3844732407,70.2709031645
1248.0984883942,70.5635153626
1248.8125035478,70.7358216286
1249.5265187013,71.0482285648
1250.2405338549,71.4684012033
1250.9545490084,71.7694782590
1251.6685641619,72.0514504933
1252.3825793155,72.2298929917
1253.0965944690,72.4272995823
1253.8106096226,72.7159020658
1254.5246247761,72.8613598406
1255.2386399297,73.0301892971
1255.9526550832,73.1842220104
1256.6666702367,73.2299609560
1257.3806853903,73.4420925262
1258.0947005438,73.6443408405
1258.8087156974,73.7799590477
1259.5227308509,73.9979364403
1260.2367460045,74.1260508294
1260.9507611580,74.3455427206
1261.6647763115,74.6640468943
1262.3787914651,74.8900928613
1263.0928066186,75.2294992326
1263.8068217722,75.5424528381
1264.5208369257,75.7972741060
1265.2348520793,76.2109651867
1265.9488672328,76.5299425395
1266.6628823864,76.8208296862
1267.3768975399,77.2606051978
1268.0909126934,77.6585846341
1268.8049278470,78.0668705987
1269.5189430005,78.4181106089
1270.2329581541,78.6879682003
1270.9469733076,79.1276895994
1271.6609884612,79.5375879553
1272.3750036147,79.7884402379
1273.0890187682,80.0996263501
1273.8030339218,80.4370114964
1274.5170490753,80.7865724194
1275.2310642289,81.1522839669
1275.9450793824,81.4259691031
1276.6590945360,81.6297858280
1277.3731096895,81.8846216874
1278.0871248431,82.2395545223
1278.8011399966,82.5245386917
1279.5151551501,82.7222582369
1280.2291703037,83.0394261595
1280.9431854572,83.3492716464
1281.6572006108,83.6145442799
1282.3712157643,83.9457860582
1283.0852309179,84.1752259692
1283.7992460714,84.4153429319
1284.5132612249,84.7583521036
1285.2272763785,85.0007818325
1285.9412915320,85.2736673720
1286.6553066856,85.5959891773
1287.3693218391,85.8412239647
1288.0833369927,86.1423357227
1288.7973521462,86.4448899997
1289.5113672997,86.7122734278
1290.2253824533,87.0163531609
1290.9393976068,87.3115932003
1291.6534127604,87.6467979493
1292.3674279139,87.9483751553
1293.0814430675,88.2202242917
1293.7954582210,88.6067612736
1294.5094733746,88.9415406771
1295.2234885281,89.2412588957
1295.9375036816,89.6071051618
1296.6515188352,89.9149321544
1297.3655339887,90.2743852887
1298.0795491423,90.6326622115
1298.7935642958,90.8821356289
1299.5075794494,91.2085766859
1300.2215946029,91.5202304083
1300.9356097564,91.7764484804
1301.6496249100,92.0869442562
1302.3636400635,92.3098965074
1303.0776552171,92.4971309703
1303.7916703706,92.7228511637
1304.5056855242,92.8738395427
1305.2197006777,92.9861241946
1305.9337158313,93.1119565524
1306.6477309848,93.2760652052
1307.3617461383,93.4295596461
1308.0757612919,93.5630042753
1308.7897764454,93.7892922661
1309.5037915990,93.9095469692
1310.2178067525,93.9405222024
1310.9318219061,94.1328861051
1311.6458370596,94.2343214481
1312.3598522131,94.2842649948
1313.0738673667,94.5108569203
1313.7878825202,94.5973254470
1314.5018976738,94.6287716090
1315.2159128273,94.7543641266
1315.9299279809,94.7822344768
1316.6439431344,94.8272904037
1317.3579582879,94.8862757699
1318.0719734415,94.8848229831
1318.7859885950,94.9534936573
1319.5000037486,95.0103551160
1320.2140189021,95.0581503978
1320.9280340557,95.1263103351
1321.6420492092,95.1357162856
1322.3560643628,95.1798915565
1323.0700795163,95.1866064226
1323.7840946698,95.1663216390
1324.4981098234,95.1881954209
1325.2121249769,95.1050458164
1325.9261401305,95.0691757075
1326.6401552840,95.0114332622
1327.3541704376,94.7822884481
1328.0681855911,94.6596642253
1328.7822007446,94.4520247784
1329.4962158982,94.1361140434
1330.2102310517,93.8766993836
1330.9242462053,93.3453046177
1331.6382613588,92.8507125888
1332.3522765124,92.3875355680
1333.0662916659,91.5490461696
1333.7803068195,90.8292531108
1334.4943219730,90.0753163499
1335.2083371265,89.1144404040
1335.9223522801,88.4184548899
1336.6363674336,87.7147393308
1337.3503825872,87.0025950436
1338.0643977407,86.5992278566
1338.7784128943,86.2880124554
1339.4924280478,86.1395788091
1340.2064432013,86.3306295025
1340.9204583549,86.6276658566
1341.6344735084,87.0124716353
1342.3484886620,87.7207727239
1343.0625038155,88.5073147641
1343.7765189691,89.2759839960
1344.4905341226,90.2797846821
1345.2045492761,91.0859933786
1345.9185644297,91.8101687421
1346.6325795832,92.7422144278
1347.3465947368,93.3064512486
1348.0606098903,93.7265229435
1348.7746250439,94.2536681754
1349.4886401974,94.6092033077
1350.2026553510,94.9769600626
1350.9166705045,95.2252230863
1351.6306856580,95.3155954779
1352.3447008116,95.5102079781
1353.0587159651,95.6317066791
1353.7727311187,95.7236993269
1354.4867462722,95.8380118282
1355.2007614258,95.8547401895
1355.9147765793,95.9282747375
1356.6287917328,95.9773977584
1357.3428068864,95.9468264352
1358.0568220399,95.9535369945
1358.7708371935,95.9552133409
1359.4848523470,95.9518219648
1360.1988675006,95.8683850223
1360.9128826541,95.7746928164
1361.6268978077,95.7594238477
1362.3409129612,95.5385645660
1363.0549281147,95.3948627502
1363.7689432683,95.5126615863
1364.4829584218,95.2613291184
1365.1969735754,95.0794008996
1365.9109887289,95.0850835130
1366.6250038825,94.8702551611
1367.3390190360,94.7366128945
1368.0530341895,94.6713378849
1368.7670493431,94.5879145534
1369.4810644966,94.7577735274
1370.1950796502,94.7558245446
1370.9090948037,94.7602563742
1371.6231099573,94.9614620878
1372.3371251108,94.8677229447
1373.0511402643,94.9129459299
1373.7651554179,95.2017862875
1374.4791705714,95.1256509546
1375.1931857250,95.2130133061
1375.9072008785,95.3387085228
1376.6212160321,95.3344647018
1377.3352311856,95.4554656277
1378.0492463392,95.3935294389
1378.7632614927,95.3829635570
1379.4772766462,95.5505871764
1380.1912917998,95.5000985861
1380.9053069533,95.5233888197
1381.6193221069,95.5414972750
1382.3333372604,95.4074232616
1383.0473524140,95.4113524786
1383.7613675675,95.2591056416
1384.4753827210,95.1381261533
1385.1893978746,95.2784378448
1385.9034130281,95.2003763496
1386.6174281817,95.1516216785
1387.3314433352,95.3481833377
1388.0454584888,95.3036220297
1388.7594736423,95.2728428591
1389.4734887959,95.2565898408
1390.1875039494,95.2017514212
1390.9015191029,95.2150671683
1391.6155342565,95.1650599675
1392.3295494100,95.1697410785
1393.0435645636,95.0399368664
1393.7575797171,94.7529191190
1394.4715948707,94.9003467329
1395.1856100242,94.7835761951
1395.8996251777,94.3662848494
1396.6136403313,94.2934058069
1397.3276554848,93.9293374228
1398.0416706384,93.5211945874
1398.7556857919,93.4244221505
1399.4697009455,92.9530541595
1400.1837160990,92.6742980034
1400.8977312526,92.3155349612
1401.6117464061,91.5910333279
1402.3257615596,91.2738491920
1403.0397767132,90.7344975440
1403.7537918667,89.9963659074
1404.4678070203,89.6479678139
1405.1818221738,88.7793938318
1405.8958373274,88.2466637625
1406.6098524809,87.8581640670
1407.3238676344,87.0519229024
1408.0378827880,87.1100876587
1408.7518979415,87.0213631654
1409.4659130951,86.8958770725
1410.1799282486,87.6670637721
1410.8939434022,87.9442043545
1411.6079585557,88.6905433463
1412.3219737092,89.7723575170
1413.0359888628,90.3505340503
1413.7500040163,91.5166075070
1414.4640191699,92.3553732828
1415.1780343234,92.9413517028
1415.8920494770,93.8185992401
1416.6060646305,94.2314840795
1417.3200797841,94.7626777071
1418.0340949376,95.0455679890
1418.7481100911,94.8465919546
1419.4621252447,95.9783023954
1420.1761403982,96.1052209735
1420.8901555518,95.7945479805
1421.6041707053,95.9796435232
1422.3181858589,96.0006974910
1423.0322010124,95.8254309318
1423.7462161659,96.0445656404
1424.4602313195,96.1064611197
1425.1742464730,95.9632120025
1425.8882616266,95.9867571395
1426.6022767801,95.9521254866
1427.3162919337,95.8834422106
1428.0303070872,95.8653093895
1428.7443222408,95.7272748754
1429.4583373943,95.6080470130
1430.1723525478,95.7178767624
1430.8863677014,95.6155552578
1431.6003828549,95.3813772339
1432.3143980085,95.3142051800
1433.0284131620,95.2248547856
1433.7424283156,95.0603289708
1434.4564434691,95.0716846608
1435.1704586226,94.8650501775
1435.8844737762,94.4460316385
1436.5984889297,94.7702630423
1437.3125040833,95.0406043871
1438.0265192368,94.5863297273
1438.7405343904,94.4978956036
1439.4545495439,94.5019714571
1440.1685646974,94.3748793152
1440.8825798510,94.4090420885
1441.5965950045,94.4041878910
1442.3106101581,94.3264436685
1443.0246253116,94.3597399734
1443.7386404652,94.3223788489
1444.4526556187,94.2686271997
1445.1666707723,94.2400702348
1445.8806859258,94.1793944981
1446.5947010793,94.1426315292
1447.3087162329,94.0438994812
1448.0227313864,94.1045821144
1448.7367465400,94.2199443855
1449.4507616935,94.0490639104
1450.1647768471,94.0009207088
1450.8787920006,94.0398604335
1451.5928071541,93.8765157438
1452.3068223077,93.9375799336
1453.0208374612,94.0087606953
1453.7348526148,93.8494759622
1454.4488677683,93.9679219890
1455.1628829219,94.0085153100
1455.8768980754,93.6885004589
1456.5909132290,94.0079210136
1457.3049283825,94.5457851841
1458.0189435360,94.1326676143
1458.7329586896,94.1635182090
1459.4469738431,94.4140967688
1460.1609889967,94.4172673372
1460.8750041502,94.3575992493
1461.5890193038,94.3894635772
1462.3030344573,94.5603814059
1463.0170496108,94.5998906844
1463.7310647644,94.4520858237
1464.4450799179,94.3706193598
1465.1590950715,94.4032787636
1465.8731102250,94.1798514175
1466.5871253786,93.9206767004
1467.3011405321,93.8272132224
1468.0151556856,93.7131395134
1468.7291708392,93.3469911022
1469.4431859927,93.1164225490
1470.1572011463,92.9872305721
1470.8712162998,92.6556451920
1471.5852314534,92.8114009202
1472.2992466069,93.4728908458
1473.0132617605,93.4043193048
1473.7272769140,94.1969835011
1474.4412920675,94.3296126744
1475.1553072211,94.0426478729
1475.8693223746,94.3478542138
1476.5833375282,94.8100196744
1477.2973526817,94.6946306871
1478.0113678353,94.7609111760
1478.7253829888,94.8342076506
1479.4393981423,95.0197399936
1480.1534132959,95.0954734724
1480.8674284494,95.0300383640
1481.5814436030,95.2563164028
1482.2954587565,95.3586180481
1483.0094739101,95.3717408056
1483.7234890636,95.4948678096
1484.4375042172,95.4983648798
1485.1515193707,95.5995121399
1485.8655345242,95.5897566175
1486.5795496778,95.4304974955
1487.2935648313,95.8049977157
1488.0075799849,95.8316592889
1488.7215951384,95.5177049657
1489.4356102920,95.6507316481
1490.1496254455,95.8511845353
1490.8636405990,95.8241833546
1491.5776557526,95.8968199583
1492.2916709061,95.6926998183
1493.0056860597,95.5845312947
1493.7197012132,95.6250796326
1494.4337163668,95.4750620033
1495.1477315203,95.2930259409
1495.8617466738,95.1603005110
1496.5757618274,95.4496947005
1497.2897769809,95.2058925894
1498.0037921345,94.7689941898
1498.7178072880,94.7509416457
1499.4318224416,94.6885042625
1500.1458375951,94.1323050602
1500.8598527487,93.8140280179
1501.5738679022,93.5088145410
1502.2878830557,92.9750645358
1503.0018982093,92.5357413703
1503.7159133628,92.0843659932
1504.4299285164,91.6637780733
1505.1439436699,91.6518573556
1505.8579588235,92.0905975958
1506.5719739770,92.1653137789
1507.2859891305,93.3350233689
1508.0000042841,93.9529793780
1508.7140194376,94.2384220136
1509.4280345912,94.8910803058
1510.1420497447,95.0437727146
1510.8560648983,95.0333187040
1511.5700800518,95.2378323314
1512.2840952054,95.4737083115
1512.9981103589,95.4842338427
1513.7121255124,95.3400749973
1514.4261406660,95.3267618327
1515.1401558195,95.4797982365
1515.8541709731,95.3157673652
1516.5681861266,95.2612136211
1517.2822012802,95.6269718533
1517.9962164337,95.4442866521
1518.7102315872,95.3391503467
1519.4242467408,95.2011831289
1520.1382618943,94.9510056106
1520.8522770479,95.1403548385
1521.5662922014,95.1939522805
1522.2803073550,95.0347035411
1522.9943225085,95.3046112929
1523.7083376621,95.1999138988
1524.4223528156,94.9142410409
1525.1363679691,95.0271298601
1525.8503831227,95.2814694909
1526.5643982762,95.0045471470
1527.2784134298,94.9473802273
1527.9924285833,95.1706458794
1528.7064437369,95.1531677667
1529.4204588904,95.1579184853
1530.1344740439,95.1723408724
1530.8484891975,95.1122384051
1531.5625043510,95.1226812953
1532.2765195046,95.0173117436
1532.9905346581,94.8018060465
1533.7045498117,95.2454052222
1534.4185649652,95.3679101937
1535.1325801187,95.0523611873
1535.8465952723,95.0308829875
1536.5606104258,95.1725741355
1537.2746255794,95.0118599345
1537.9886407329,94.8218655424
1538.7026558865,94.8634729584
1539.4166710400,95.1002118161
1540.1306861936,95.1826797075
1540.8447013471,94.9925793962
1541.5587165006,94.8448099216
1542.2727316542,95.0985540381
1542.9867468077,95.0604694117
1543.7007619613,94.7980122675
1544.4147771148,94.7153063312
1545.1287922684,94.9787247641
1545.8428074219,95.0571565247
1546.5568225754,94.8674202775
1547.2708377290,94.7304076417
1547.9848528825,94.7776736386
1548.6988680361,94.7129304197
1549.4128831896,94.5481211322
1550.1268983432,94.7503571194
1550.8409134967,94.7186658762
1551.5549286503,94.5601666629
1552.2689438038,94.6603804848
1552.9829589573,94.5955181005
1553.6969741109,94.4065537968
1554.4109892644,94.7533678518
1555.1250044180,94.6316500710
1555.8390195715,94.4301878142
1556.5530347251,94.4500977912
1557.2670498786,94.4161312253
1557.9810650321,94.5641773633
1558.6950801857,94.5178428556
1559.4090953392,94.1449228667
1560.1231104928,94.7764561957
1560.8371256463,94.6186310737
1561.5511407999,94.3172699567
1562.2651559534,94.3221431767
1562.9791711069,94.3157214656
1563.6931862605,94.1909302759
1564.4072014140,94.1983376412
1565.1212165676,94.2307241411
1565.8352317211,94.2374880827
1566.5492468747,94.1990567384
1567.2632620282,94.0654062552
1567.9772771818,94.0101504708
1568.6912923353,93.9431742230
1569.4053074888,93.9941169717
1570.1193226424,94.1471801277
1570.8333377959,93.8905213282
1571.5473529495,93.7679611190
1572.2613681030,93.7092950178
1572.9753832566,93.5600404925
1573.6893984101,93.5321915831
1574.4034135636,93.4004613900
1575.1174287172,93.1916566434
1575.8314438707,93.5512065082
1576.5454590243,93.7098236704
1577.2594741778,93.2043064669
1577.9734893314,93.2075134443
1578.6875044849,93.2584201484
1579.4015196385,93.2937671807
1580.1155347920,93.4699277522
1580.8295499455,93.4915838854
1581.5435650991,93.6124190774
1582.2575802526,93.8705173587
1582.9715954062,93.8904089459
1583.6856105597,93.9880925779
1584.3996257133,94.0890345951
1585.1136408668,94.0434005482
1585.8276560203,94.1194249085
1586.5416711739,94.1888500423
1587.2556863274,94.2281985793
1587.9697014810,94.2208591342
1588.6837166345,94.1352250274
1589.3977317881,94.1878128100
1590.1117469416,94.1851086480
1590.8257620951,94.1384599243
1591.5397772487,94.2279822341
1592.2537924022,94.1793098731
1592.9678075558,94.1133136176
1593.6818227093,94.1196975911
1594.3958378629,94.0589018248
1595.1098530164,94.0783789576
1595.8238681700,94.0165960412
1596.5378833235,93.9525239222
1597.2518984770,94.0667890517
1597.9659136306,93.9892868340
1598.6799287841,93.8861285090
1599.3939439377,93.9101614215
1600.1079590912,93.8101905774
1600.8219742448,93.8098480500
1601.5359893983,93.8266268539
1602.2500045518,93.7101396524
1602.9640197054,93.7161179183
1603.6780348589,93.6666048680
1604.3920500125,93.6182901407
1605.1060651660,93.6624908897
1605.8200803196,93.5154721353
1606.5340954731,93.4357019270
1607.2481106267,93.4677250560
1607.9621257802,93.3596965259
1608.6761409337,93.3253577550
1609.3901560873,93.2525629570
1610.1041712408,93.1507823414
1610.8181863944,93.1655594782
1611.5322015479,93.0621623026
1612.2462167015,93.0101538107
1612.9602318550,93.0204854080
1613.6742470085,92.9281203533
1614.3882621621,92.9778636144
1615.1022773156,92.9122010125
1615.8162924692,92.7430410531
1616.5303076227,93.1781775285
1617.2443227763,93.1712860316
1617.9583379298,92.9557066824
1618.6723530833,93.1076726314
1619.3863682369,93.0568534339
1620.1003833904,92.9272908588
1620.8143985440,92.9639779048
1621.5284136975,92.8422668231
1622.2424288511,92.8091669926
1622.9564440046,92.9207059397
1623.6704591582,92.7725074100
1624.3844743117,92.6219989361
1625.0984894652,92.6164238983
1625.8125046188,92.6594852934
1626.5265197723,92.5644141989
1627.2405349259,92.4707738793
1627.9545500794,92.5606763029
1628.6685652330,92.3986979205
1629.3825803865,92.2973024874
1630.0965955400,92.3323203227
1630.8106106936,92.2068691609
1631.5246258471,92.2040925919
1632.2386410007,92.2200465237
1632.9526561542,92.0733313061
1633.6666713078,92.0755846445
1634.3806864613,92.0058013209
1635.0947016149,92.0873496916
1635.8087167684,92.2992103158
1636.5227319219,91.7136379203
1637.2367470755,91.7167737316
1637.9507622290,91.9038265691
1638.6647773826,91.5646375153
1639.3787925361,91.6439421114
1640.0928076897,91.7194359698
1640.8068228432,91.3815100750
1641.5208379967,91.4817403879
1642.2348531503,91.5512720387
1642.9488683038,91.4085744629
1643.6628834574,91.4524902174
1644.3768986109,91.2553017000
1645.0909137645,91.2620313781
1645.8049289180,91.6142282500
1646.5189440715,90.9787165651
1647.2329592251,91.0563133723
1647.9469743786,91.2609101210
1648.6609895322,90.9343178299
1649.3750046857,91.0162100952
1650.0890198393,91.0156611751
1650.8030349928,90.8565877000
1651.5170501464,90.8591045700
1652.2310652999,90.8168213453
1652.9450804534,91.6155211341
1653.6590956070,90.9087645378
1654.3731107605,90.5890634963
1655.0871259141,90.7050047403
1655.8011410676,90.4829213232
1656.5151562212,90.3655798711
1657.2291713747,90.4210691145
1657.9431865282,90.1712009750
1658.6572016818,90.1490081233
1659.3712168353,90.1101958502
1660.0852319889,89.8117955395
1660.7992471424,89.8823498039
1661.5132622960,89.7823840179
1662.2272774495,89.5057339258
1662.9412926031,89.5454330618
1663.6553077566,89.1573464299
1664.3693229101,89.0553021787
1665.0833380637,89.0822316345
1665.7973532172,88.7468808691
1666.5113683708,88.7300366797
1667.2253835243,88.5848980646
1667.9393986779,88.1443054063
1668.6534138314,88.2289547520
1669.3674289849,88.1402018042
1670.0814441385,87.7946681918
1670.7954592920,87.8786450174
1671.5094744456,87.6720471990
1672.2234895991,87.5255264417
1672.9375047527,87.4537513176
1673.6515199062,87.1274098470
1674.3655350598,87.1641286203
1675.0795502133,87.2917379227
1675.7935653668,86.4603444431
1676.5075805204,86.4686677726
1677.2215956739,86.3420254534
1677.9356108275,86.1441168520
1678.6496259810,86.0230985972
1679.3636411346,85.7414200682
1680.0776562881,85.5766416951
1680.7916714416,85.2855348398
1681.5056865952,85.0019462703
1682.2197017487,85.0507869632
1682.9337169023,84.8775812850
1683.6477320558,84.6761910587
1684.3617472094,85.1042802984
1685.0757623629,84.3640021654
1685.7897775164,84.2920969523
1686.5037926700,84.2945748192
1687.2178078235,84.0650555721
1687.9318229771,83.8874395249
1688.6458381306,83.5153008822
1689.3598532842,83.2297566528
1690.0738684377,83.1532130784
1690.7878835913,82.7271477053
1691.5018987448,82.4297458029
1692.2159138983,82.1241531902
1692.9299290519,81.6110404807
1693.6439442054,81.3064952878
1694.3579593590,80.8192622447
1695.0719745125,80.5362580481
1695.7859896661,81.4759165060
1696.5000048196,79.3450855642
1697.2140199731,78.9801088676
1697.9280351267,78.7099306880
1698.6420502802,77.7807285257
1699.3560654338,77.6509027238
1700.0700805873,91.0564163045
1700.7840957409,75.9512189246
1701.4981108944,75.8373762067
1702.2121260480,75.0988520082
1702.9261412015,74.4025436908
1703.6401563550,74.1422059663
1704.3541715086,73.3175817767
1705.0681866621,72.7358783991
1705.7822018157,72.2643639854
1706.4962169692,71.4942193078
1707.2102321228,71.3061756664
1707.9242472763,70.7196173614
1708.6382624298,70.2347455969
1709.3522775834,70.1398644560
1710.0662927369,69.5895550080
1710.7803078905,69.4539284752
1711.4943230440,69.4813925756
1712.2083381976,69.2033014014
1712.9223533511,69.4698675056
1713.6363685046,69.6255744983
1714.3503836582,69.7230654793
1715.0643988117,70.6737193810
1715.7784139653,70.8720046487
1716.4924291188,71.1416836745
1717.2064442724,71.9767457078
1717.9204594259,72.6975214648
1718.6344745795,73.4505885137
1719.3484897330,74.0620009594
1720.0625048865,74.5519519656
1720.7765200401,75.2594881076
1721.4905351936,75.8749296529
1722.2045503472,76.3646102981
1722.9185655007,76.9852877586
1723.6325806543,77.6772871298
1724.3465958078,78.2456009967
1725.0606109613,78.7238527139
1725.7746261149,79.3413690716
1726.4886412684,79.9690602178
1727.2026564220,80.5525370545
1727.9166715755,81.3014934809
1728.6306867291,81.8439642305
1729.3447018826,82.3413276722
1730.0587170362,83.1725694708
1730.7727321897,83.7743082995
1731.4867473432,84.3353775190
1732.2007624968,84.9105556093
1732.9147776503,85.3586386134
1733.6287928039,86.2413047670
1734.3428079574,87.5379919236
1735.0568231110,88.2428995994
1735.7708382645,88.6027626885
1736.4848534180,88.8445488077
1737.1988685716,89.4946324765
1737.9128837251,90.2443842679
1738.6268988787,90.5112672172
1739.3409140322,91.1553903693
1740.0549291858,92.3145564561
1740.7689443393,92.6440194892
1741.4829594928,93.0154617287
1742.1969746464,93.4441507924
1742.9109897999,94.1318256431
1743.6250049535,94.7668594388
1744.3390201070,95.0182524354
1745.0530352606,95.4920592335
1745.7670504141,95.8488994151
1746.4810655677,96.1469608168
1747.1950807212,96.6092970169
1747.9090958747,96.5759338933
1748.6231110283,96.8332272468
1749.3371261818,97.4107087283
1750.0511413354,97.0588570391
1750.7651564889,96.9632935298
1751.4791716425,98.2817859211
1752.1931867960,97.9772122546
1752.9072019495,97.6752348124
1753.6212171031,97.8579948838
1754.3352322566,98.0011031326
1755.0492474102,97.8895225160
1755.7632625637,97.7595500574
1756.4772777173,97.8833179114
1757.1912928708,98.2823782395
1757.9053080244,98.1665116781
1758.6193231779,97.9688660094
1759.3333383314,98.1406631475
1760.0473534850,98.1291885725
1760.7613686385,97.7646563326
1761.4753837921,97.8452607024
1762.1893989456,98.3796912540
1762.9034140992,98.0945439254
1763.6174292527,98.0124900699
1764.3314444062,98.1499740474
1765.0454595598,98.0129354813
1765.7594747133,97.9669559806
1766.4734898669,97.9766237505
1767.1875050204,97.7791403720
1767.9015201740,97.9221775763
1768.6155353275,98.3846748135
1769.3295504810,98.0242669034
1770.0435656346,97.7566441011
1770.7575807881,97.9577415576
1771.4715959417,97.9268084151
1772.1856110952,97.6192939136
1772.8996262488,98.2980229753
1773.6136414023,98.2386944509
1774.3276565559,97.7939838720
1775.0416717094,97.8625025886
1775.7556868629,98.0974093566
1776.4697020165,97.8938743729
1777.1837171700,97.8588387476
1777.8977323236,97.8765470244
1778.6117474771,97.8439597217
1779.3257626307,97.8150034163
1780.0397777842,97.6694825990
1780.7537929377,97.7524465076
1781.4678080913,97.8580921866
1782.1818232448,97.7964332470
1782.8958383984,97.8321344329
1783.6098535519,97.6396091302
1784.3238687055,97.5806650797
1785.0378838590,98.0072055861
1785.7518990126,97.8286471830
1786.4659141661,97.6805077748
1787.1799293196,97.7482555689
1787.8939444732,97.5341621452
1788.6079596267,97.6497465903
1789.3219747803,97.7204121766
1790.0359899338,97.3768035917
1790.7500050874,97.5937139402
1791.4640202409,97.6485930977
1792.1780353944,97.2269493791
1792.8920505480,97.8269264818
1793.6060657015,97.8460419368
1794.3200808551,97.4316321191
1795.0340960086,97.4524078432
1795.7481111622,97.5306328721
1796.4621263157,97.5077402101
1797.1761414693,97.5319870346
1797.8901566228,97.3993145665
1798.6041717763,97.4052112679
1799.3181869299,97.5141295097
1800.0322020834,97.5102475134
1800.7462172370,97.4411679200
1801.4602323905,97.2530371251
1802.1742475441,97.3692212407
1802.8882626976,97.5166413206
1803.6022778511,97.3036355301
1804.3162930047,97.3144153707
1805.0303081582,97.3549942393
1805.7443233118,97.2572170291
1806.4583384653,97.3733304340
1807.1723536189,97.3134053061
1807.8863687724,97.2433974612
1808.6003839259,97.3624061448
1809.3143990795,97.1403639779
1810.0284142330,97.0844592340
1810.7424293866,97.4254630075
1811.4564445401,97.3028184508
1812.1704596937,97.1934286054
1812.8844748472,97.3210024581
1813.5984900008,97.3592354997
1814.3125051543,97.3528512064
1815.0265203078,97.2657388283
1815.7405354614,97.2778789565
1816.4545506149,97.3637115766
1817.1685657685,97.2649902958
1817.8825809220,97.2563680534
1818.5965960756,97.2259895062
1819.3106112291,97.0962900581
1820.0246263826,97.2430318840
1820.7386415362,97.3271784219
1821.4526566897,97.1680511797
1822.1666718433,97.1556313299
1822.8806869968,97.2198769398
1823.5947021504,97.1856359797
1824.3087173039,97.0821086104
1825.0227324575,97.1341445960
1825.7367476110,97.3894869807
1826.4507627645,97.2761495933
1827.1647779181,97.1853821825
1827.8787930716,97.1946459466
1828.5928082252,97.0464932686
1829.3068233787,97.1502348093
1830.0208385323,97.4830318344
1830.7348536858,97.2740618269
1831.4488688393,97.2221107575
1832.1628839929,97.1856689936
1832.8768991464,97.1052636788
1833.5909143000,97.3081945844
1834.3049294535,97.3060887526
1835.0189446071,97.1304276451
1835.7329597606,97.2504608454
1836.4469749141,97.3067998853
1837.1609900677,97.3073861799
1837.8750052212,97.4147607154
1838.5890203748,97.2843189616
1839.3030355283,97.2021912606
1840.0170506819,97.3346716885
1840.7310658354,97.3105784630
1841.4450809890,97.3012728288
1842.1590961425,97.3338249751
1842.8731112960,97.0948465349
1843.5871264496,96.9334824280
1844.3011416031,97.5070937860
1845.0151567567,97.4952816095
1845.7291719102,97.2195094757
1846.4431870638,97.2288685172
1847.1572022173,97.3258737893
1847.8712173708,97.3590006500
1848.5852325244,97.3157693660
1849.2992476779,97.2354397741
1850.0132628315,97.4357498959
1850.7272779850,97.5210814019
1851.4412931386,97.2348380911
1852.1553082921,97.2850006354
1852.8693234457,97.3969414983
1853.5833385992,97.2596156470
1854.2973537527,97.4428727482
1855.0113689063,97.4712074705
1855.7253840598,97.2122282815
1856.4393992134,97.3490805518
1857.1534143669,97.4134245727
1857.8674295205,97.2287716733
1858.5814446740,97.3387170164
1859.2954598275,97.4885688907
1860.0094749811,97.3666848713
1860.7234901346,97.1335750478
1861.4375052882,97.1700759045
1862.1515204417,97.4035069388
1862.8655355953,97.2560560347
1863.5795507488,97.1835600355
1864.2935659023,97.4544864546
1865.0075810559,97.3260473737
1865.7215962094,97.1181851734
1866.4356113630,97.2701192139
1867.1496265165,97.3244093954
1867.8636416701,97.2893124187
1868.5776568236,97.2419581958
1869.2916719772,97.2940250626
1870.0056871307,97.4530032013
1870.7197022842,97.2997134525
1871.4337174378,97.2788466183
1872.1477325913,97.4670206333
1872.8617477449,97.3213430314
1873.5757628984,97.2475230987
1874.2897780520,97.4182384567
1875.0037932055,97.4471618082
1875.7178083590,97.3911395609
1876.4318235126,97.1884869023
1877.1458386661,97.1023790181
1877.8598538197,97.3451249483
1878.5738689732,97.4019568043
1879.2878841268,97.3261665348
1880.0018992803,97.3219746324
1880.7159144339,97.2721787496
1881.4299295874,97.3146485193
1882.1439447409,97.2953430477
1882.8579598945,97.1897970310
1883.5719750480,97.2574078386
1884.2859902016,97.3182484608
1885.0000053551,97.2697062882
1885.7140205087,97.1822566054
1886.4280356622,97.2327870022
1887.1420508157,97.4316264478
1887.8560659693,97.2956817354
1888.5700811228,97.1563030266
1889.2840962764,97.3685296255
1889.9981114299,97.3080470739
1890.7121265835,97.1758758710
1891.4261417370,97.1166888993
1892.1401568905,97.0444056123
1892.8541720441,97.3336421187
1893.5681871976,97.2844668621
1894.2822023512,96.9125563332
1894.9962175047,97.2362704458
1895.7102326583,97.3366647988
1896.4242478118,97.0377228407
1897.1382629654,97.3302067982
1897.8522781189,97.3607064176
1898.5662932724,97.0358191997
1899.2803084260,97.2456611294
1899.9943235795,97.3707344798
1900.7083387331,97.1671682771
1901.4223538866,97.0722727374
1902.1363690402,97.0060460884
1902.8503841937,97.0340669243
1903.5643993472,97.1416694016
1904.2784145008,97.1356270211
1904.9924296543,97.0119141995
1905.7064448079,96.9679747094
1906.4204599614,97.1213281115
1907.1344751150,97.1188398358
1907.8484902685,97.0187863612
1908.5625054221,97.1477581000
1909.2765205756,97.1605401603
1909.9905357291,97.1805662696
1910.7045508827,97.3815496948
1911.4185660362,97.2917498343
1912.1325811898,97.0927724653
1912.8465963433,97.1121150659
1913.5606114969,97.1309892769
1914.2746266504,97.0341965409
1914.9886418039,96.9976331004
1915.7026569575,97.1558530407
1916.4166721110,97.0928539997
1917.1306872646,96.8176616333
1917.8447024181,97.0824521155
1918.5587175717,97.3827319144
1919.2727327252,97.0553713109
1919.9867478788,96.9123712775
1920.7007630323,96.9852583006
1921.4147781858,97.0307343805
1922.1287933394,97.0004409879
1922.8428084929,96.8936029930
1923.5568236465,97.0394304018
1924.2708388000,97.0880552140
1924.9848539536,97.0042302832
1925.6988691071,97.1261291633
1926.4128842606,97.0646753233
1927.1268994142,97.1524931808
1927.8409145677,97.4208023144
1928.5549297213,97.0555442856
1929.2689448748,96.9037093010
1929.9829600284,97.1129572940
1930.6969751819,96.8677775662
1931.4109903354,96.8536578495
1932.1250054890,96.8353645618
1932.8390206425,96.6312232402
1933.5530357961,96.9840780608
1934.2670509496,96.8706811111
1934.9810661032,96.4227587864
1935.6950812567,96.8571793768
1936.4090964103,97.2121540687
1937.1231115638,97.0452436135
1937.8371267173,96.9055256958
1938.5511418709,96.7974850111
1939.2651570244,96.8232796113
1939.9791721780,96.7192595946
1940.6931873315,96.7146801058
1941.4072024851,97.0038580635
1942.1212176386,97.1384064882
1942.8352327921,97.3487746209
1943.5492479457,97.1612781553
1944.2632630992,96.7083911654
1944.9772782528,96.8342145573
1945.6912934063,96.7517664304
1946.4053085599,96.5774440080
1947.1193237134,97.0170268168
1947.8333388670,96.9173138053
1948.5473540205,96.9133079121
1949.2613691740,97.2119066696
1949.9753843276,96.8367428336
1950.6893994811,96.8949422484
1951.4034146347,96.8399063863
1952.1174297882,96.4999213649
1952.8314449418,97.2254469910
1953.5454600953,97.1747903435
1954.2594752488,96.7148160634
1954.9734904024,97.2929919257
1955.6875055559,96.8857461436
1956.4015207095,96.7369071301
1957.1155358630,97.4969133521
1957.8295510166,97.0448386170
1958.5435661701,96.9364072390
1959.2575813236,96.9645001489
1959.9715964772,96.3696308103
1960.6856116307,97.0085624958
1961.3996267843,96.9226679548
1962.1136419378,96.4361872619
1962.8276570914,97.4107331850
1963.5416722449,96.9884936637
1964.2556873985,96.5310554472
1964.9697025520,97.7341091105
1965.6837177055,97.5945155870
1966.3977328591,97.0590265996
1967.1117480126,97.1310635703
1967.8257631662,96.8308489006
1968.5397783197,97.0381225287
1969.2537934733,96.7124781827
1969.9678086268,96.5024566088
1970.6818237803,97.4309153814
1971.3958389339,97.1522088009
1972.1098540874,96.6817892690
1972.8238692410,97.2823556690
1973.5378843945,97.3602763987
1974.2518995481,97.3410418570
1974.9659147016,97.0656553218
1975.6799298552,96.8203316510
1976.3939450087,97.5642016712
1977.1079601622,97.3918000743
1977.8219753158,96.6564118456
1978.5359904693,96.6949289787
1979.2500056229,96.3789378424
1979.9640207764,96.2420599287
1980.6780359300,96.5782741264
1981.3920510835,96.8826971310
1982.1060662370,97.2535787046
1982.8200813906,97.0971914587
1983.5340965441,96.8131108018
1984.2481116977,96.8020244255
1984.9621268512,96.6816555144
1985.6761420048,96.9080745305
1986.3901571583,97.0180599740
1987.1041723118,97.0686446428
1987.8181874654,97.5895176252
1988.5322026189,97.1265686722
1989.2462177725,96.5351360701
1989.9602329260,97.1459183000
1990.6742480796,97.3674014786
1991.3882632331,97.3822958417
1992.1022783867,97.7285204393
1992.8162935402,97.5854348583
1993.5303086937,97.6769465650
1994.2443238473,97.5450345742
1994.9583390008,97.0064525763
1995.6723541544,97.0116227460
1996.3863693079,96.7414261370
1997.1003844615,96.7690097510
1997.8143996150,97.6166745024
1998.5284147685,97.3462486892
1999.2424299221,96.6161967458
1999.9564450756,96.9301619371
2000.6704602292,97.2915572671
2001.3844753827,97.3940750635
2002.0984905363,97.3316782348
2002.8125056898,97.1718216757
2003.5265208434,97.6055811817
2004.2405359969,97.8839453849
2004.9545511504,97.3660043449
2005.6685663040,97.1754229530
2006.3825814575,97.4338319231
2007.0965966111,97.3054675953
2007.8106117646,97.0372235685
2008.5246269182,97.1683965904
2009.2386420717,97.3170671252
2009.9526572252,97.2762035883
2010.6666723788,97.3926587877
2011.3806875323,97.8781971693
2012.0947026859,98.2893302456
2012.8087178394,97.6190010961
2013.5227329930,96.8163910797
2014.2367481465,97.2513031973
2014.9507633000,97.0078642760
2015.6647784536,96.2408736682
2016.3787936071,97.1730588715
2017.0928087607,97.5185932391
2017.8068239142,96.9423304631
2018.5208390678,97.5867613793
2019.2348542213,97.3128925322
2019.9488693749,97.0570352017
2020.6628845284,98.2592636519
2021.3768996819,97.5058672148
2022.0909148355,96.7143873070
2022.8049299890,98.2520727482
2023.5189451426,98.0925065247
2024.2329602961,96.9966788285
2024.9469754497,97.5198575997
2025.6609906032,97.2074538197
2026.3750057567,96.6651548211
2027.0890209103,97.9402104526
2027.8030360638,98.8467132920
2028.5170512174,98.1963558611
2029.2310663709,97.9794383586
2029.9450815245,98.3815915582
2030.6590966780,97.7718672763
2031.3731118316,97.1055256699
2032.0871269851,97.5993825691
2032.8011421386,97.7887278498
2033.5151572922,97.8281251084
2034.2291724457,98.0758638735
2034.9431875993,97.3432006860
2035.6572027528,96.8494626209
2036.3712179064,97.1556963092
2037.0852330599,97.2224921729
2037.7992482134,97.6462740820
2038.5132633670,97.8656190481
2039.2272785205,97.1781643175
2039.9412936741,96.9791362571
2040.6553088276,97.1225486784
2041.3693239812,97.0037420079
2042.0833391347,96.8859386639
2042.7973542883,96.5963762174
2043.5113694418,96.8398278251
2044.2253845953,97.5659178061
2044.9393997489,97.1615318418
2045.6534149024,96.4700438166
2046.3674300560,97.1124527902
2047.0814452095,97.7249201692
2047.7954603631,97.2911536178
2048.5094755166,97.2686651101
2049.2234906701,97.5388233060
2049.9375058237,96.9519609946
2050.6515209772,96.6789697786
2051.3655361308,97.0442084166
2052.0795512843,97.0504822593
2052.7935664379,97.0904313983
2053.5075815914,97.0390353446
2054.2215967449,96.6176376355
2054.9356118985,96.9462252727
2055.6496270520,97.4510321463
2056.3636422056,97.1622003694
2057.0776573591,96.8254534203
2057.7916725127,96.7091415984
2058.5056876662,96.8400860646
2059.2197028198,97.0269167308
2059.9337179733,96.7827955963
2060.6477331268,96.7660375491
2061.3617482804,96.9602621851
2062.0757634339,96.7049662775
2062.7897785875,96.5075514017
2063.5037937410,96.5900070050
2064.2178088946,96.9034207075
2064.9318240481,97.1056499776
2065.6458392016,96.7372852745
2066.3598543552,96.8155979755
2067.0738695087,97.0562659619
2067.7878846623,96.5681172090
2068.5018998158,96.7104517639
2069.2159149694,97.2239004443
2069.9299301229,96.9958527767
2070.6439452765,97.0531887578
2071.3579604300,97.1056745716
2072.0719755835,96.6542997100
2072.7859907371,96.6099947104
2073.5000058906,96.5939957526
2074.2140210442,96.5486715296
2074.9280361977,96.8513719580
2075.6420513513,96.8098737437
2076.3560665048,96.6083797071
2077.0700816583,96.5466337478
2077.7840968119,96.3781673152
2078.4981119654,96.5322029170
2079.2121271190,96.8348610703
2079.9261422725,96.8244874754
2080.6401574261,96.7129934799
2081.3541725796,96.6078285865
2082.0681877331,96.6965746337
2082.7822028867,96.7880050625
2083.4962180402,96.5388436988
2084.2102331938,96.5232934475
2084.9242483473,96.8156178257
2085.6382635009,96.8240761503
2086.3522786544,96.6241804260
2087.0662938080,96.4625288930
2087.7803089615,96.4744430587
2088.4943241150,96.7115435949
2089.2083392686,96.8630356816
2089.9223544221,96.7151427556
2090.6363695757,96.6379421449
2091.3503847292,96.8382026044
2092.0643998828,96.7771831971
2092.7784150363,96.6401466257
2093.4924301898,97.0739060474
2094.2064453434,97.0913588202
2094.9204604969,96.5007911504
2095.6344756505,96.6788007805
2096.3484908040,96.8866818317
2097.0625059576,96.5759024824
2097.7765211111,96.7725464324
2098.4905362647,96.8473091314
2099.2045514182,96.6022151326
2099.9185665717,96.8885769397
2100.6325817253,96.9841739378
2101.3465968788,96.7229102364
2102.0606120324,96.7038710767
2102.7746271859,96.6037757947
2103.4886423395,96.5095763067
2104.2026574930,96.4487937808
2104.9166726465,96.2424632765
2105.6306878001,96.2908667343
2106.3447029536,96.4393375707
2107.0587181072,96.5636277613
2107.7727332607,96.8239446598
2108.4867484143,96.6874906767
2109.2007635678,96.3918021005
2109.9147787213,96.6471407498
2110.6287938749,96.8817389909
2111.3428090284,96.6698060471
2112.0568241820,96.6026558749
2112.7708393355,96.7970951825
2113.4848544891,96.7199846425
2114.1988696426,96.4695634684
2114.9128847962,96.5354733599
2115.6268999497,96.5060822925
2116.3409151032,96.2781300975
2117.0549302568,96.6182573188
2117.7689454103,97.0133206901
2118.4829605639,96.6794070768
2119.1969757174,96.5363227563
2119.9109908710,96.9289411011
2120.6250060245,97.0407321911
2121.3390211780,96.8747715440
2122.0530363316,96.7456526205
2122.7670514851,96.6615295359
2123.4810666387,96.7932142754
2124.1950817922,97.0216166359
2124.9090969458,96.9815242139
2125.6231120993,96.8526042162
2126.3371272529,96.8925243557
2127.0511424064,96.9565155917
2127.7651575599,96.9617521351
2128.4791727135,96.9371801968
2129.1931878670,96.8948290096
2129.9072030206,96.8851845994
2130.6212181741,96.8205853043
2131.3352333277,96.7986293978
2132.0492484812,97.0077657088
2132.7632636347,97.1694731668
2133.4772787883,97.2362809205
2134.1912939418,97.1424159909
2134.9053090954,96.6594370636
2135.6193242489,96.5558105123
2136.3333394025,97.0462059430
2137.0473545560,97.1734492688
2137.7613697095,97.0866830997
2138.4753848631,97.0400130346
2139.1894000166,97.0286000604
2139.9034151702,97.4408335756
2140.6174303237,97.3627317206
2141.3314454773,96.8321408411
2142.0454606308,97.2781005443
2142.7594757844,97.4451812359
2143.4734909379,96.7548888208
2144.1875060914,96.8995925580
2144.9015212450,97.3008916753
2145.6155363985,97.3217285153
2146.3295515521,97.5906992517
2147.0435667056,97.4006238980
2147.7575818592,97.0103211217
2148.4715970127,97.2906684806
2149.1856121662,97.5077322197
2149.8996273198,97.4733609965
2150.6136424733,97.3444404321
2151.3276576269,97.0344175037
2152.0416727804,97.3377032990
2152.7556879340,98.0018225202
2153.4697030875,97.6605714659
2154.1837182411,97.1299040631
2154.8977333946,97.7432489751
2155.6117485481,98.2247725710
2156.3257637017,97.6294889778
2157.0397788552,97.6300890481
2157.7537940088,98.4280618812
2158.4678091623,97.8723599727
2159.1818243159,96.6638243766
2159.8958394694,96.9133244714
2160.6098546229,97.6770225641
2161.3238697765,97.0286132430
2162.0378849300,96.0380992094
2162.7519000836,96.7328823889
2163.4659152371,97.4356025582
2164.1799303907,97.0445512157
2164.8939455442,97.1566107293
2165.6079606978,97.0858180300
2166.3219758513,96.4481302691
2167.0359910048,96.8359951333
2167.7500061584,97.1307589559
2168.4640213119,96.9162294940
2169.1780364655,97.2390831624
2169.8920516190,97.2313282945
2170.6060667726,97.2024484241
2171.3200819261,97.6449705643
2172.0340970796,97.3760873270
2172.7481122332,97.0089819769
2173.4621273867,97.0212259657
2174.1761425403,96.9075780107
2174.8901576938,97.2280986170
2175.6041728474,97.2959118609
2176.3181880009,96.8750097706
2177.0322031544,96.9598759519
2177.7462183080,96.8230988700
2178.4602334615,96.7810407053
2179.1742486151,97.2774942205
2179.8882637686,97.1123352621
2180.6022789222,96.7706161929
2181.3162940757,96.8192659083
2182.0303092293,96.9213365390
2182.7443243828,97.3122205259
2183.4583395363,97.0930121623
2184.1723546899,96.5543059038
2184.8863698434,96.8748685026
2185.6003849970,96.6997954748
2186.3144001505,96.3421348369
2187.0284153041,96.8919838430
2187.7424304576,96.8062151254
2188.4564456111,96.4679903133
2189.1704607647,96.9293729707
2189.8844759182,96.9363264282
2190.5984910718,96.8721456279
2191.3125062253,97.0891282280
2192.0265213789,96.7212680011
2192.7405365324,96.8553040233
2193.4545516860,97.2704735679
2194.1685668395,96.7672089505
2194.8825819930,96.8632578787
2195.5965971466,97.3220548513
2196.3106123001,96.7035226077
2197.0246274537,96.6412822631
2197.7386426072,97.2492053656
2198.4526577608,96.9142422439
2199.1666729143,96.6226937744
2199.8806880678,96.7850558351
2200.5947032214,96.7686653589
2201.3087183749,96.9366216493
2202.0227335285,96.7241558458
2202.7367486820,96.6147681069
2203.4507638356,97.3061067251
2204.1647789891,96.9484719439
2204.8787941426,96.3223263002
2205.5928092962,97.0124299976
2206.3068244497,96.8276099209
2207.0208396033,96.4638970403
2207.7348547568,97.4553878606
2208.4488699104,97.3605600472
2209.1628850639,96.6163803983
2209.8769002175,96.9600475026
2210.5909153710,96.7646098371
2211.3049305245,96.4190184245
2212.0189456781,96.6578002365
2212.7329608316,96.6398585422
2213.4469759852,96.9672890153
2214.1609911387,97.2953381784
2214.8750062923,96.8949403467
2215.5890214458,96.8522118076
2216.3030365993,96.7820632873
2217.0170517529,96.4479220725
2217.7310669064,96.5992466687
2218.4450820600,96.7253459877
2219.1590972135,96.7516074044
2219.8731123671,96.8551201082
2220.5871275206,96.6520018881
2221.3011426742,96.6527040187
2222.0151578277,96.8452065317
2222.7291729812,96.8296523081
2223.4431881348,96.8766610469
2224.1572032883,96.8211036226
2224.8712184419,96.7185158722
2225.5852335954,96.6043532193
2226.2992487490,96.2889975563
2227.0132639025,96.4303846581
2227.7272790560,96.7880152282
2228.4412942096,96.6126805532
2229.1553093631,96.4716015894
2229.8693245167,96.6647572923
2230.5833396702,96.8501274805
2231.2973548238,96.8877691412
2232.0113699773,96.7972819803
2232.7253851308,96.7858159140
2233.4394002844,96.5548873242
2234.1534154379,96.3412942871
2234.8674305915,96.7185542245
2235.5814457450,96.7990473054
2236.2954608986,96.4685452281
2237.0094760521,96.5483689889
2237.7234912057,96.6006238918
2238.4375063592,96.7176306361
2239.1515215127,96.9198244688
2239.8655366663,96.4812651236
2240.5795518198,96.2593991168
2241.2935669734,96.5702944448
2242.0075821269,96.6637814985
2242.7215972805,96.6856637452
2243.4356124340,96.5963531827
2244.1496275875,96.4377755700
2244.8636427411,96.4419556571
2245.5776578946,96.3945794684
2246.2916730482,96.6930213490
2247.0056882017,96.9021673988
2247.7197033553,96.3709028847
2248.4337185088,96.3530250319
2249.1477336624,96.6090446644
2249.8617488159,96.4525446907
2250.5757639694,96.8216642598
2251.2897791230,96.9073895921
2252.0037942765,96.4257968248
2252.7178094301,96.7827655909
2253.4318245836,96.8594736959
2254.1458397372,96.2978500657
2254.8598548907,96.6143590550
2255.5738700442,96.7868880411
2256.2878851978,96.2981687374
2257.0019003513,96.5278197186
2257.7159155049,96.8396478119
2258.4299306584,96.4451679451
2259.1439458120,96.2556112189
2259.8579609655,96.5029370196
2260.5719761190,96.6828736146
2261.2859912726,96.7372330302
2262.0000064261,96.6241569300
2262.7140215797,96.3919531514
2263.4280367332,96.4365619955
2264.1420518868,96.5167569602
2264.8560670403,96.3466663896
2265.5700821939,96.4294194703
2266.2840973474,96.5458780747
2266.9981125009,96.2638999103
2267.7121276545,96.2651776887
2268.4261428080,96.4407146858
2269.1401579616,96.2865442208
2269.8541731151,96.2989768476
2270.5681882687,96.3451134832
2271.2822034222,96.1933221436
2271.9962185757,96.2955071626
2272.7102337293,96.4288309909
2273.4242488828,96.4791217875
2274.1382640364,96.5861556026
2274.8522791899,96.3661180730
2275.5662943435,96.2353945726
2276.2803094970,96.3818854744
2276.9943246506,96.2768927514
2277.7083398041,96.2578388989
2278.4223549576,96.4343760001
2279.1363701112,96.3103169728
2279.8503852647,96.1680540716
2280.5644004183,96.2410066078
2281.2784155718,96.3156101828
2281.9924307254,96.3451859166
2282.7064458789,96.2649422179
2283.4204610324,96.1640850040
2284.1344761860,96.1316626396
2284.8484913395,96.1713564205
2285.5625064931,96.2711376875
2286.2765216466,96.2484608823
2286.9905368002,96.1832084527
2287.7045519537,96.2544355415
2288.4185671072,96.2999774426
2289.1325822608,96.3247261030
2289.8465974143,96.3046083662
2290.5606125679,96.1975637050
2291.2746277214,96.2283993578
2291.9886428750,96.3134511782
2292.7026580285,96.2644556394
2293.4166731821,96.1875136524
2294.1306883356,96.1791018420
2294.8447034891,96.3126493854
2295.5587186427,96.3853313399
2296.2727337962,96.2854593744
2296.9867489498,96.3406083233
2297.7007641033,96.3573760541
2298.4147792569,96.3105670241
2299.1287944104,96.4559009963
2299.8428095639,96.4421314519
2300.5568247175,96.3695979727
2301.2708398710,96.3926245748
2301.9848550246,96.3094979643
2302.6988701781,96.3532675725
2303.4128853317,96.2742277092
2304.1269004852,96.1210883005
2304.8409156388,96.4082687518
2305.5549307923,96.3748063380
2306.2689459458,96.1985111394
2306.9829610994,96.5497246052
2307.6969762529,96.3423422479
2308.4109914065,96.1402367627
2309.1250065600,96.5175995549
2309.8390217136,96.2965327237
2310.5530368671,96.2927089846
2311.2670520206,96.6399004244
2311.9810671742,96.2034031556
2312.6950823277,96.1798745919
2313.4090974813,96.3946540186
2314.1231126348,96.0971520064
2314.8371277884,96.4207485121
2315.5511429419,96.5387720026
2316.2651580955,96.2194022785
2316.9791732490,96.6055390745
2317.6931884025,96.3924403402
2318.4072035561,96.0383471507
2319.1212187096,96.3419755006
2319.8352338632,96.1415676041
2320.5492490167,96.0917360433
2321.2632641703,96.5198520873
2321.9772793238,96.1454871125
2322.6912944773,96.1038301567
2323.4053096309,96.2744703111
2324.1193247844,95.8866264000
2324.8333399380,96.0625240255
2325.5473550915,96.4123822394
2326.2613702451,96.2630640846
2326.9753853986,96.4986068615
2327.6894005521,96.4258243996
2328.4034157057,96.1562726290
2329.1174308592,96.3734842310
2329.8314460128,96.4516562014
2330.5454611663,96.4784783199
2331.2594763199,96.4865223364
2331.9734914734,96.3604601277
2332.6875066270,96.5278844224
2333.4015217805,96.4699204808
2334.1155369340,96.2245314117
2334.8295520876,96.3077765743
2335.5435672411,96.3572380425
2336.2575823947,96.3778572754
2336.9715975482,96.4013158109
2337.6856127018,96.2779086533
2338.3996278553,96.4588181943
2339.1136430088,96.5798622584
2339.8276581624,96.3388670982
2340.5416733159,96.2802295635
2341.2556884695,96.2933846555
2341.9697036230,96.3428132115
2342.6837187766,96.4878753299
2343.3977339301,96.4148951240
2344.1117490837,96.3581943703
2344.8257642372,96.3306400200
2345.5397793907,96.3801046402
2346.2537945443,96.6331546945
2346.9678096978,96.5660879730
2347.6818248514,96.3991808447
2348.3958400049,96.4341332433
2349.1098551585,96.3705615206
2349.8238703120,96.3530755973
2350.5378854655,96.3769133685
2351.2519006191,96.3185367672
2351.9659157726,96.3602538490
2352.6799309262,96.4333194910
2353.3939460797,96.3754172034
2354.1079612333,96.3667317880
2354.8219763868,96.3601485267
2355.5359915403,96.3628764666
2356.2500066939,96.4179212904
2356.9640218474,96.3897408708
2357.6780370010,96.4019248977
2358.3920521545,96.3642561960
2359.1060673081,96.3059661485
2359.8200824616,96.3355208899
2360.5340976152,96.2532224106
2361.2481127687,96.2425670452
2361.9621279222,96.3544120142
2362.6761430758,96.2749339294
2363.3901582293,96.2589327540
2364.1041733829,96.3844100417
2364.8181885364,96.3110211965
2365.5322036900,96.3242715027
2366.2462188435,96.4795859876
2366.9602339970,96.4990256303
2367.6742491506,96.3859661774
2368.3882643041,96.2958477696
2369.1022794577,96.3773383633
2369.8162946112,96.3919399908
2370.5303097648,96.2815976514
2371.2443249183,96.3298024668
2371.9583400719,96.3943490949
2372.6723552254,96.3728294125
2373.3863703789,96.4524122266
2374.1003855325,96.4384152293
2374.8144006860,96.4096837956
2375.5284158396,96.4684631240
2376.2424309931,96.4124105761
2376.9564461467,96.3803215710
2377.6704613002,96.4655403258
2378.3844764537,96.4680462761
2379.0984916073,96.4359012603
2379.8125067608,96.4346493059
2380.5265219144,96.4224900502
2381.2405370679,96.4149259854
2381.9545522215,96.3974489168
2382.6685673750,96.4458272207
2383.3825825285,96.4908431132
2384.0965976821,96.4621748442
2384.8106128356,96.4268083942
2385.5246279892,96.3972149249
2386.2386431427,96.4017724530
2386.9526582963,96.3703733405
2387.6666734498,96.3404838398
2388.3806886034,96.3119447985
2389.0947037569,96.2588506705
2389.8087189104,96.4596970396
2390.5227340640,96.4177689138
2391.2367492175,96.5077149782
2391.9507643711,96.4989038437
2392.6647795246,96.4557812918
2393.3787946782,96.4124463792
2394.0928098317,96.4336160827
2394.8068249852,96.4284517858
2395.5208401388,96.4576551906
2396.2348552923,96.4366703850
2396.9488704459,96.4316465911
2397.6628855994,96.4029021739
2398.3769007530,96.4957337896
2399.0909159065,96.5760954652
2399.8049310601,96.3998142136
2400.5189462136,96.3380041812
2401.2329613671,96.4460735376
2401.9469765207,96.5921640553
2402.6609916742,96.5483541396
2403.3750068278,96.3941840071
2404.0890219813,96.4245823792
2404.8030371349,96.4366427174
2405.5170522884,96.4475388308
2406.2310674419,96.5159387078
2406.9450825955,96.3129674139
2407.6590977490,96.2147437907
2408.3731129026,96.4431233343
2409.0871280561,96.5020344863
2409.8011432097,96.4568485852
2410.5151583632,96.4632967479
2411.2291735167,96.4806094375
2411.9431886703,96.5353775581
2412.6572038238,96.4216708759
2413.3712189774,96.3759303551
2414.0852341309,96.5432181745
2414.7992492845,96.5026466487
2415.5132644380,96.4488200268
2416.2272795916,96.5002657277
2416.9412947451,96.4053230353
2417.6553098986,96.4264061287
2418.3693250522,96.5071897882
2419.0833402057,96.4377994177
2419.7973553593,96.4321303397
2420.5113705128,96.4626486995
2421.2253856664,96.5329021674
2421.9394008199,96.5916858132
2422.6534159734,96.4775673964
2423.3674311270,96.4732690948
2424.0814462805,96.5410763293
2424.7954614341,96.5296116720
2425.5094765876,96.6251328931
2426.2234917412,96.5670323381
2426.9375068947,96.3877973875
2427.6515220483,96.4246290245
2428.3655372018,96.4600360840
2429.0795523553,96.4924971377
2429.7935675089,96.5361961742
2430.5075826624,96.4033259314
2431.2215978160,96.4545567430
2431.9356129695,96.6075046079
2432.6496281231,96.4175814005
2433.3636432766,96.3222909738
2434.0776584301,96.5539039733
2434.7916735837,96.6122275851
2435.5056887372,96.4912083627
2436.2197038908,96.5377083800
2436.9337190443,96.5706807789
2437.6477341979,96.4135098066
2438.3617493514,96.4413112717
2439.0757645050,96.6053184539
2439.7897796585,96.5074929851
2440.5037948120,96.3895222606
2441.2178099656,96.4179091140
2441.9318251191,96.4935422947
2442.6458402727,96.6051421902
2443.3598554262,96.4948041646
2444.0738705798,96.4221317059
2444.7878857333,96.6863118782
2445.5019008868,96.6768685343
2446.2159160404,96.4889606770
2446.9299311939,96.5671338628
2447.6439463475,96.5166489066
2448.3579615010,96.4193125214
2449.0719766546,96.4718649500
2449.7859918081,96.4165545835
2450.5000069616,96.4443942529
2451.2140221152,96.5042167604
2451.9280372687,96.3880927007
2452.6420524223,96.3884573742
2453.3560675758,96.4430809244
2454.0700827294,96.4096611828
2454.7840978829,96.4151048284
2455.4981130365,96.4327678070
2456.2121281900,96.5512864507
2456.9261433435,96.6358023667
2457.6401584971,96.5127676632
2458.3541736506,96.5205804983
2459.0681888042,96.5876626387
2459.7822039577,96.4429589151
2460.4962191113,96.3978968245
2461.2102342648,96.5398872671
2461.9242494183,96.5881490504
2462.6382645719,96.5038668789
2463.3522797254,96.3924876033
2464.0662948790,96.3491129244
2464.7803100325,96.4545470330
2465.4943251861,96.5766395686
2466.2083403396,96.4991375442
2466.9223554932,96.4519064342
2467.6363706467,96.6395963163
2468.3503858002,96.5999212002
2469.0644009538,96.4292081630
2469.7784161073,96.6161794337
2470.4924312609,96.6472325568
2471.2064464144,96.4092220627
2471.9204615680,96.4910717595
2472.6344767215,96.6203529797
2473.3484918750,96.5601995268
2474.0625070286,96.5412482625
2474.7765221821,96.4961643399
2475.4905373357,96.4960376423
2476.2045524892,96.5311915357
2476.9185676428,96.4470336781
2477.6325827963,96.4070718057
2478.3465979498,96.4033663179
2479.0606131034,96.4579989528
2479.7746282569,96.6364475651
2480.4886434105,96.5790720573
2481.2026585640,96.3953347655
2481.9166737176,96.4437591326
2482.6306888711,96.5115550554
2483.3447040247,96.4903013116
2484.0587191782,96.4347200245
2484.7727343317,96.3546449645
2485.4867494853,96.3983392456
2486.2007646388,96.4592375019
2486.9147797924,96.4156865164
2487.6287949459,96.4200439067
2488.3428100995,96.4397887371
2489.0568252530,96.4489867998
2489.7708404065,96.5620250754
2490.4848555601,96.6515460752
2491.1988707136,96.5400207331
2491.9128858672,96.3894918257
2492.6269010207,96.4316438391
2493.3409161743,96.4738856470
2494.0549313278,96.3576511840
2494.7689464814,96.3437352132
2495.4829616349,96.4265920480
2496.1969767884,96.4219262927
2496.9109919420,96.4581846143
2497.6250070955,96.5027688307
2498.3390222491,96.4607227850
2499.0530374026,96.4963319370
2499.7670525562,96.5733874238
2500.4810677097,96.5044871136
2501.1950828632,96.4006807445
2501.9090980168,96.4287887223
2502.6231131703,96.4316019873
2503.3371283239,96.3760828370
2504.0511434774,96.4821429930
2504.7651586310,96.5890804626
2505.4791737845,96.5329722720
2506.1931889380,96.5000481306
2506.9072040916,96.4559386323
2507.6212192451,96.5036626814
2508.3352343987,96.6427456209
2509.0492495522,96.4436735746
2509.7632647058,96.2673899085
2510.4772798593,96.4368799542
2511.1912950129,96.4375137682
2511.9053101664,96.4549180104
2512.6193253199,96.6274756250
2513.3333404735,96.4739603167
2514.0473556270,96.3569506992
2514.7613707806,96.4226381670
2515.4753859341,96.3007246728
2516.1894010877,96.3585165822
2516.9034162412,96.5680010210
2517.6174313947,96.4887305250
2518.3314465483,96.4077174550
2519.0454617018,96.4615734449
2519.7594768554,96.4459000084
2520.4734920089,96.4058978517
2521.1875071625,96.4199857957
2521.9015223160,96.4479379099
2522.6155374696,96.3846724070
2523.3295526231,96.3534343347
2524.0435677766,96.4727839357
2524.7575829302,96.4981378237
2525.4715980837,96.4625052725
2526.1856132373,96.5142938895
2526.8996283908,96.4772256775
2527.6136435444,96.3836319015
2528.3276586979,96.3521433489
2529.0416738514,96.3813794967
2529.7556890050,96.4713166024
2530.4697041585,96.4626166219
2531.1837193121,96.3555765408
2531.8977344656,96.2917629921
2532.6117496192,96.3013503667
2533.3257647727,96.4135361125
2534.0397799262,96.4628549778
2534.7537950798,96.4157469203
2535.4678102333,96.4738408342
2536.1818253869,96.5006789774
2536.8958405404,96.4997448146
2537.6098556940,96.5413492267
2538.3238708475,96.4371822209
2539.0378860011,96.4121119922
2539.7519011546,96.5072724528
2540.4659163081,96.4286893850
2541.1799314617,96.3853139908
2541.8939466152,96.4080597011
2542.6079617688,96.3528886673
2543.3219769223,96.3413493864
2544.0359920759,96.2962185516
2544.7500072294,96.3299627067
2545.4640223829,96.4716534625
2546.1780375365,96.4238501674
2546.8920526900,96.3981873579
2547.6060678436,96.4111183525
2548.3200829971,96.3327832883
2549.0340981507,96.4296634150
2549.7481133042,96.3803549528
2550.4621284578,96.2144926778
2551.1761436113,96.4247189416
2551.8901587648,96.4426313060
2552.6041739184,96.3106153612
2553.3181890719,96.5876941676
2554.0322042255,96.5526064382
2554.7462193790,96.2538832667
2555.4602345326,96.4188544082
2556.1742496861,96.5143169238
2556.8882648396,96.3815928388
2557.6022799932,96.4376927329
2558.3162951467,96.4207219638
2559.0303103003,96.3219447073
2559.7443254538,96.4039557872
2560.4583406074,96.4645610338
2561.1723557609,96.3795444266
2561.8863709144,96.3716473208
2562.6003860680,96.4754732877
2563.3144012215,96.4477114853
2564.0284163751,96.4013417626
2564.7424315286,96.4854464859
2565.4564466822,96.3807906978
2566.1704618357,96.2339938947
2566.8844769893,96.3659735410
2567.5984921428,96.4136480513
2568.3125072963,96.3556593532
2569.0265224499,96.4370351310
2569.7405376034,96.4537980135
2570.4545527570,96.4148711469
2571.1685679105,96.4136779830
2571.8825830641,96.4098643827
2572.5965982176,96.4694916464
2573.3106133711,96.4205177562
2574.0246285247,96.2660164308
2574.7386436782,96.2461992476
2575.4526588318,96.2367764866
2576.1666739853,96.3002811369
2576.8806891389,96.4756055569
2577.5947042924,96.3830827636
2578.3087194460,96.2194445270
2579.0227345995,96.3141247361
2579.7367497530,96.3476099058
2580.4507649066,96.3052816427
2581.1647800601,96.4016504610
2581.8787952137,96.4254941380
2582.5928103672,96.3438864695
2583.3068255208,96.4011389728
2584.0208406743,96.5281995176
2584.7348558278,96.5160580930
2585.4488709814,96.4210981227
2586.1628861349,96.3847372571
2586.8769012885,96.3850319929
2587.5909164420,96.3596437734
2588.3049315956,96.3461586606
2589.0189467491,96.3672428429
2589.7329619027,96.3388872225
2590.4469770562,96.2638838368
2591.1609922097,96.3271721628
2591.8750073633,96.4662843132
2592.5890225168,96.3999000212
2593.3030376704,96.2675119644
2594.0170528239,96.2985802927
2594.7310679775,96.3584406767
2595.4450831310,96.3882060656
2596.1590982845,96.3993795594
2596.8731134381,96.3526328506
2597.5871285916,96.3351842487
2598.3011437452,96.3354945271
2599.0151588987,96.3558183996
2599.7291740523,96.4813764372
2600.4431892058,96.5184540486
2601.1572043593,96.4101383105
2601.8712195129,96.3534610568
2602.5852346664,96.3358899412
2603.2992498200,96.3872815018
2604.0132649735,96.4675388038
2604.7272801271,96.3752155647
2605.4412952806,96.3162043879
2606.1553104342,96.4010173582
2606.8693255877,96.4006446591
2607.5833407412,96.4313298982
2608.2973558948,96.4875311919
2609.0113710483,96.3743311932
2609.7253862019,96.3454610891
2610.4394013554,96.4592819065
2611.1534165090,96.4779489175
2611.8674316625,96.4348014971
2612.5814468160,96.3444352447
2613.2954619696,96.3159769649
2614.0094771231,96.4630109926
2614.7234922767,96.4764600127
2615.4375074302,96.3755669006
2616.1515225838,96.4621845608
2616.8655377373,96.5081061957
2617.5795528909,96.4177147024
2618.2935680444,96.4050784228
2619.0075831979,96.3762019496
2619.7215983515,96.3214163401
2620.4356135050,96.3696605060
2621.1496286586,96.4087066493
2621.8636438121,96.3810639130
2622.5776589657,96.3637708379
2623.2916741192,96.3769940711
2624.0056892727,96.4006903609
2624.7197044263,96.4045335116
2625.4337195798,96.4252216738
2626.1477347334,96.4629172003
2626.8617498869,96.4205921023
2627.5757650405,96.3567470972
2628.2897801940,96.3837168315
2629.0037953475,96.4252781324
2629.7178105011,96.4161401806
2630.4318256546,96.4309503375
2631.1458408082,96.4557003885
2631.8598559617,96.3965682347
2632.5738711153,96.3531057711
2633.2878862688,96.4085484739
2634.0019014224,96.4113196633
2634.7159165759,96.3780054561
2635.4299317294,96.4212122787
2636.1439468830,96.4250200421
2636.8579620365,96.3906951815
2637.5719771901,96.4095883507
2638.2859923436,96.4313232142
2639.0000074972,96.4682642447
2639.7140226507,96.4664661765
2640.4280378042,96.3892556527
2641.1420529578,96.4114295636
2641.8560681113,96.4655168425
2642.5700832649,96.4086543221
2643.2840984184,96.3797515537
2643.9981135720,96.3961574411
2644.7121287255,96.4211186328
2645.4261438791,96.4816822892
2646.1401590326,96.4612719485
2646.8541741861,96.4260237163
2647.5681893397,96.5020477447
2648.2822044932,96.5166282927
2648.9962196468,96.4511724743
2649.7102348003,96.4649218609
2650.4242499539,96.4946699343
2651.1382651074,96.4658705662
2651.8522802609,96.4487863366
2652.5662954145,96.4771248686
2653.2803105680,96.5147348575
2653.9943257216,96.5350681415
2654.7083408751,96.5331339168
2655.4223560287,96.5057004885
2656.1363711822,96.4903763734
2656.8503863357,96.5016407036
2657.5644014893,96.4935053000
2658.2784166428,96.4737856382
2658.9924317964,96.4559333823
2659.7064469499,96.4553660005
2660.4204621035,96.4920649524
2661.1344772570,96.4757812860
2661.8484924106,96.4480915354
2662.5625075641,96.5152867344
2663.2765227176,96.5146548468
2663.9905378712,96.4776545768
2664.7045530247,96.5800253487
2665.4185681783,96.5887926316
2666.1325833318,96.4724552568
2666.8465984854,96.5124601997
2667.5606136389,96.5865765366
2668.2746287924,96.5556979752
2668.9886439460,96.5425014615
2669.7026590995,96.5324020280
2670.4166742531,96.5175389341
2671.1306894066,96.5320170245
2671.8447045602,96.5238761059
2672.5587197137,96.5255363255
2673.2727348673,96.5391686160
2673.9867500208,96.5202306749
2674.7007651743,96.5320881535
2675.4147803279,96.5462843630
2676.1287954814,96.5028968362
2676.8428106350,96.4953881196
2677.5568257885,96.5167113205
2678.2708409421,96.4885620477
2678.9848560956,96.5024279614
2679.6988712491,96.5605198254
2680.4128864027,96.5216151180
2681.1269015562,96.4626116022
2681.8409167098,96.4949533223
2682.5549318633,96.4981803187
2683.2689470169,96.4578269311
2683.9829621704,96.4898483623
2684.6969773239,96.5424711193
2685.4109924775,96.5464736856
2686.1250076310,96.5257651113
2686.8390227846,96.5116673663
2687.5530379381,96.5302074907
2688.2670530917,96.5095505407
2688.9810682452,96.4425880786
2689.6950833988,96.4851245342
2690.4090985523,96.5788772405
2691.1231137058,96.5618271323
2691.8371288594,96.5189191931
2692.5511440129,96.5149635359
2693.2651591665,96.5250449998
2693.9791743200,96.5624919380
2694.6931894736,96.5245114603
2695.4072046271,96.4212319883
2696.1212197806,96.4598850834
2696.8352349342,96.5384980286
2697.5492500877,96.4608716666
2698.2632652413,96.4173760078
2698.9772803948,96.4995753030
2699.6912955484,96.5138092340
2700.4053107019,96.4694369654
2701.1193258555,96.4567799353
2701.8333410090,96.4448470545
2702.5473561625,96.4672475828
2703.2613713161,96.4889851895
2703.9753864696,96.4342640891
2704.6894016232,96.4053880290
2705.4034167767,96.4395063927
2706.1174319303,96.4785070404
2706.8314470838,96.5445480848
2707.5454622373,96.5759414172
2708.2594773909,96.5147205432
2708.9734925444,96.4595926938
2709.6875076980,96.4463319283
2710.4015228515,96.4401745991
2711.1155380051,96.4353146183
2711.8295531586,96.4078526131
2712.5435683122,96.4039417238
2713.2575834657,96.4859165288
2713.9715986192,96.5142532906
2714.6856137728,96.3908724870
2715.3996289263,96.3364928973
2716.1136440799,96.4386940626
2716.8276592334,96.4627689107
2717.5416743870,96.4165218665
2718.2556895405,96.4297596747
2718.9697046940,96.3998999558
2719.6837198476,96.4049432715
2720.3977350011,96.5042657984
2721.1117501547,96.4743357191
2721.8257653082,96.4130081997
2722.5397804618,96.4629994856
2723.2537956153,96.4342600563
2723.9678107688,96.3999641424
2724.6818259224,96.4725828599
2725.3958410759,96.4904192242
2726.1098562295,96.4812159956
2726.8238713830,96.5048494781
2727.5378865366,96.4965787580
2728.2519016901,96.4762053992
2728.9659168437,96.4357030769
2729.6799319972,96.4071618957
2730.3939471507,96.4439518340
2731.1079623043,96.4906870605
2731.8219774578,96.5099774109
2732.5359926114,96.4425126129
2733.2500077649,96.3771595473
2733.9640229185,96.4745446226
2734.6780380720,96.5120268968
2735.3920532255,96.4212753014
2736.1060683791,96.4423262335
2736.8200835326,96.4484486387
2737.5340986862,96.4053260498
2738.2481138397,96.4805277079
2738.9621289933,96.4767110060
2739.6761441468,96.3743455442
2740.3901593004,96.3784842332
2741.1041744539,96.4027355966
2741.8181896074,96.4150451249
2742.5322047610,96.4428925575
2743.2462199145,96.4339654036
2743.9602350681,96.4518280684
2744.6742502216,96.4453581335
2745.3882653752,96.3708048991
2746.1022805287,96.3772452546
2746.8162956822,96.4219046588
2747.5303108358,96.4063207172
2748.2443259893,96.3988201630
2748.9583411429,96.3996347512
2749.6723562964,96.3910170377
2750.3863714500,96.3981380096
2751.1003866035,96.4130132690
2751.8144017570,96.4108359271
2752.5284169106,96.3636999824
2753.2424320641,96.3511041760
2753.9564472177,96.4181301486
2754.6704623712,96.4355666576
2755.3844775248,96.4160840771
2756.0984926783,96.4432241731
2756.8125078319,96.4499659909
2757.5265229854,96.4416029475
2758.2405381389,96.4431629107
2758.9545532925,96.4161279869
2759.6685684460,96.4037057633
2760.3825835996,96.4086834673
2761.0965987531,96.4211570380
2761.8106139067,96.4656823589
2762.5246290602,96.4484482871
2763.2386442137,96.3882049333
2763.9526593673,96.4131889657
2764.6666745208,96.4360588660
2765.3806896744,96.4065986140
2766.0947048279,96.4121770501
2766.8087199815,96.4169723885
2767.5227351350,96.4115414824
2768.2367502886,96.4409326532
2768.9507654421,96.4645660743
2769.6647805956,96.4712228440
2770.3787957492,96.4425303119
2771.0928109027,96.3689001278
2771.8068260563,96.3617667857
2772.5208412098,96.4275281108
2773.2348563634,96.4478958234
2773.9488715169,96.4131777152
2774.6628866704,96.3879563187
2775.3769018240,96.3998907441
2776.0909169775,96.3817567346
2776.8049321311,96.2939243042
2777.5189472846,96.2696323034
2778.2329624382,96.3484985469
2778.9469775917,96.4261241795
2779.6609927452,96.4829760243
2780.3750078988,96.4714447714
2781.0890230523,96.3862927305
2781.8030382059,96.3604920189
2782.5170533594,96.3505788741
2783.2310685130,96.2918289333
2783.9450836665,96.3082727296
2784.6590988201,96.3906601534
2785.3731139736,96.4385651539
2786.0871291271,96.4401020981
2786.8011442807,96.3636462671
2787.5151594342,96.2763936088
2788.2291745878,96.3057545013
2788.9431897413,96.3860449012
2789.6572048949,96.3781862660
2790.3712200484,96.3108159831
2791.0852352019,96.3218875813
2791.7992503555,96.3864466766
2792.5132655090,96.3581647847
2793.2272806626,96.3207398099
2793.9412958161,96.3854181660
2794.6553109697,96.4013221173
2795.3693261232,96.3382311104
2796.0833412768,96.3392825937
2796.7973564303,96.3597263624
2797.5113715838,96.3268150777
2798.2253867374,96.3195205832
2798.9394018909,96.3678942942
2799.6534170445,96.4023333042
2800.3674321980,96.3729360769
2801.0814473516,96.3279672977
2801.7954625051,96.3529359920
2802.5094776586,96.3943536824
2803.2234928122,96.3447555772
2803.9375079657,96.2845861192
2804.6515231193,96.3238823356
2805.3655382728,96.3761249355
2806.0795534264,96.3489624633
2806.7935685799,96.2939320286
2807.5075837334,96.2801620205
2808.2215988870,96.2968645323
2808.9356140405,96.2916388425
2809.6496291941,96.2936836271
2810.3636443476,96.3439049906
2811.0776595012,96.3621471568
2811.7916746547,96.3282901921
2812.5056898083,96.3156252818
2813.2197049618,96.3345333277
2813.9337201153,96.3862406012
2814.6477352689,96.4014425289
2815.3617504224,96.3255224303
2816.0757655760,96.3113426412
2816.7897807295,96.3790715099
2817.5037958831,96.3912689744
2818.2178110366,96.3838166277
2818.9318261901,96.3684347509
2819.6458413437,96.3418194317
2820.3598564972,96.3864350783
2821.0738716508,96.4072736986
2821.7878868043,96.3576485767
2822.5019019579,96.3778294376
2823.2159171114,96.4312702807
2823.9299322650,96.3938024177
2824.6439474185,96.3150736826
2825.3579625720,96.3318225836
2826.0719777256,96.4075038462
2826.7859928791,96.3753885605
2827.5000080327,96.3277007560
2828.2140231862,96.3569880790
2828.9280383398,96.3125717508
2829.6420534933,96.2750848407
2830.3560686468,96.3318363968
2831.0700838004,96.3368163326
2831.7840989539,96.3343728130
2832.4981141075,96.3438331537
2833.2121292610,96.3087228961
2833.9261444146,96.3371373597
2834.6401595681,96.3593784147
2835.3541747217,96.3088841595
2836.0681898752,96.3141975814
2836.7822050287,96.3324890645
2837.4962201823,96.3330477262
2838.2102353358,96.3662574775
2838.9242504894,96.3691401553
2839.6382656429,96.3003259775
2840.3522807965,96.1829899655
2841.0662959500,96.1924611076
2841.7803111035,96.3416150768
2842.4943262571,96.3124635974
2843.2083414106,96.2204157176
2843.9223565642,96.2945589160
2844.6363717177,96.2794581457
2845.3503868713,96.2263347188
2846.0644020248,96.3025595279
2846.7784171783,96.2885328705
2847.4924323319,96.2339575181
2848.2064474854,96.2649542985
2848.9204626390,96.2597764938
2849.6344777925,96.2409912681
2850.3484929461,96.2524947221
2851.0625080996,96.2897945070
2851.7765232532,96.3208694277
2852.4905384067,96.2543457992
2853.2045535602,96.2131206257
2853.9185687138,96.2605208506
2854.6325838673,96.2525535400
2855.3465990209,96.2392095075
2856.0606141744,96.2903738027
2856.7746293280,96.3214686832
2857.4886444815,96.2829388989
2858.2026596350,96.2346649282
2858.9166747886,96.2943434293
2859.6306899421,96.3680791500
2860.3447050957,96.3290296520
2861.0587202492,96.3419206264
2861.7727354028,96.4748599033
2862.4867505563,96.5665622967
2863.2007657099,96.5361135091
2863.9147808634,96.5113216402
2864.6287960169,96.6252311209
2865.3428111705,96.6700827617
2866.0568263240,96.5701880053
2866.7708414776,96.5853586740
2867.4848566311,96.6182734360
2868.1988717847,96.5739345225
2868.9128869382,96.6259984750
2869.6269020917,96.6876304010
2870.3409172453,96.7072892417
2871.0549323988,96.6954078266
2871.7689475524,96.6429282966
2872.4829627059,96.7517122362
2873.1969778595,96.8478002335
2873.9109930130,96.7476890519
2874.6250081665,96.7421808259
2875.3390233201,96.7402423599
2876.0530384736,96.6901475524
2876.7670536272,96.8159195449
2877.4810687807,96.8864867355
2878.1950839343,96.8893271732
2878.9090990878,96.9812390693
2879.6231142414,96.9768596472
2880.3371293949,97.0241519206
2881.0511445484,97.1741268340
2881.7651597020,97.2131638769
2882.4791748555,97.3040816653
2883.1931900091,97.3830330517
2883.9072051626,97.2969940057
2884.6212203162,97.2725778461
2885.3352354697,97.3204398233
2886.0492506232,97.3321343848
2886.7632657768,97.2845988046
2887.4772809303,97.2326149404
2888.1912960839,97.3227652817
2888.9053112374,97.3632668183
2889.6193263910,97.2569200418
2890.3333415445,97.2367194964
2891.0473566981,97.2250242727
2891.7613718516,97.2001997418
2892.4753870051,97.2415856494
2893.1894021587,97.1761219344
2893.9034173122,97.0906586167
2894.6174324658,97.1238683390
2895.3314476193,97.1192728960
2896.0454627729,96.9981071130
2896.7594779264,96.8807342903
2897.4734930799,96.9669227903
2898.1875082335,97.0893338552
2898.9015233870,96.9832380334
2899.6155385406,96.9108363117
2900.3295536941,96.9086253864
2901.0435688477,96.8104778284
2901.7575840012,96.8106659286
2902.4715991547,96.8390828678
2903.1856143083,96.8012970767
2903.8996294618,96.7745248548
2904.6136446154,96.6451827958
2905.3276597689,96.6136467160
2906.0416749225,96.6971259097
2906.7556900760,96.6034306420
2907.4697052296,96.6181045216
2908.1837203831,96.7269150117
2908.8977355366,96.6062396897
2909.6117506902,96.5362540845
2910.3257658437,96.5941521664
2911.0397809973,96.6680286653
2911.7537961508,96.7573711360
2912.4678113044,96.6755869157
2913.1818264579,96.6106718737
2913.8958416114,96.6857909008
2914.6098567650,96.7036625269
2915.3238719185,96.7794497076
2916.0378870721,96.8131952643
2916.7519022256,96.7985945877
2917.4659173792,96.9110885533
2918.1799325327,96.7569522128
2918.8939476863,96.5489297681
2919.6079628398,96.7140682211
2920.3219779933,96.7726689580
2921.0359931469,96.7831558198
2921.7500083004,96.8843319633
2922.4640234540,96.7024907829
2923.1780386075,96.6376647496
2923.8920537611,96.7741193069
2924.6060689146,96.7619955307
2925.3200840681,96.9521293741
2926.0340992217,97.0904503235
2926.7481143752,96.8356657171
2927.4621295288,96.7725088471
2928.1761446823,96.8671540965
2928.8901598359,96.7964448978
2929.6041749894,96.8294448855
2930.3181901429,96.9267328553
2931.0322052965,96.9134359269
2931.7462204500,96.9043812938
2932.4602356036,96.8898748254
2933.1742507571,96.7904415492
2933.8882659107,96.7192540594
2934.6022810642,96.7895586800
2935.3162962178,96.8703449094
2936.0303113713,96.9081699168
2936.7443265248,96.9693544165
2937.4583416784,96.9101948671
2938.1723568319,96.8472656705
2938.8863719855,96.9693059964
2939.6003871390,97.0243049742
2940.3144022926,97.0162360498
2941.0284174461,97.0452036311
2941.7424325996,96.9545958087
2942.4564477532,96.9161638330
2943.1704629067,96.9607310515
2943.8844780603,96.9125485764
2944.5984932138,96.9777963794
2945.3125083674,97.1000864560
2946.0265235209,97.0950307343
2946.7405386745,97.1326483761
2947.4545538280,97.1112074710
2948.1685689815,96.9646403263
2948.8825841351,97.0002971360
2949.5965992886,97.1811055142
2950.3106144422,97.2400157674
2951.0246295957,97.2097754319
2951.7386447493,97.2102145012
2952.4526599028,97.1848670415
2953.1666750563,97.1983131587
2953.8806902099,97.3972726860
2954.5947053634,97.5152102754
2955.3087205170,97.4363480839
2956.0227356705,97.4451613953
2956.7367508241,97.4271883046
2957.4507659776,97.4331801857
2958.1647811312,97.6778130209
2958.8787962847,97.6726970363
2959.5928114382,97.4707148362
2960.3068265918,97.6484717578
2961.0208417453,97.8249238465
2961.7348568989,97.7286283994
2962.4488720524,97.7333464676
2963.1628872060,97.8166796594
2963.8769023595,97.8432698723
2964.5909175130,97.8975942087
2965.3049326666,98.0912203606
2966.0189478201,98.3286350440
2966.7329629737,98.3029633360
2967.4469781272,98.2399160619
2968.1609932808,98.3873840150
2968.8750084343,98.4871113352
2969.5890235878,98.8333543736
2970.3030387414,99.5398293837
2971.0170538949,99.6568418582
2971.7310690485,99.2118118593
2972.4450842020,99.1183348944
2973.1590993556,99.2164923676
2973.8731145091,99.1244937421
2974.5871296627,99.1113885605
2975.3011448162,99.2637372986
2976.0151599697,99.3547784073
2976.7291751233,99.4663736158
2977.4431902768,99.7397333486
2978.1572054304,100.0218435488
2978.8712205839,100.3560330147
2979.5852357375,100.7658201277
2980.2992508910,100.9222711047
2981.0132660445,101.0989621405
2981.7272811981,101.5156946580
2982.4412963516,101.2185011514
2983.1553115052,100.1532816222
2983.8693266587,99.4214930916
2984.5833418123,99.1841222191
2985.2973569658,99.1570372518
2986.0113721194,99.1558515833
2986.7253872729,99.0302562409
2987.4394024264,98.9591486817
2988.1534175800,98.9512698203
2988.8674327335,98.8340356341
2989.5814478871,98.8429472910
2990.2954630406,98.9049530361
2991.0094781942,98.7889856681
2991.7234933477,98.7691266896
2992.4375085012,98.8071262879
2993.1515236548,98.7201939702
2993.8655388083,98.6663633221
2994.5795539619,98.5810310757
2995.2935691154,98.4971226668
2996.0075842690,98.4773489619
2996.7215994225,98.3315084650
2997.4356145760,98.2937692429
2998.1496297296,98.3675473764
2998.8636448831,98.1894672431
2999.5776600367,98.0926016085
3000.2916751902,98.1151946789
3001.0056903438,97.8754938284
3001.7197054973,97.7680295395
3002.4337206509,97.8750605685
3003.1477358044,97.7268150611
3003.8617509579,97.4881929195
3004.5757661115,97.3792980695
3005.2897812650,97.3072503293
3006.0037964186,97.2758797168
3006.7178115721,97.2422080813
3007.4318267257,97.1871963314
3008.1458418792,97.0738578440
3008.8598570327,96.8705212824
3009.5738721863,96.7972115086
3010.2878873398,96.8325020852
3011.0019024934,96.7162096790
3011.7159176469,96.5802395295
3012.4299328005,96.5719287030
3013.1439479540,96.5071799665
3013.8579631076,96.3566299802
3014.5719782611,96.3512663804
3015.2859934146,96.4718085874
3016.0000085682,96.4391822680
3016.7140237217,96.3240647840
3017.4280388753,96.3428766322
3018.1420540288,96.3789944203
3018.8560691824,96.3924440035
3019.5700843359,96.4316629464
3020.2840994894,96.4464772120
3020.9981146430,96.5046421298
3021.7121297965,96.4824470553
3022.4261449501,96.3151551043
3023.1401601036,96.3308537754
3023.8541752572,96.4448730259
3024.5681904107,96.4555616394
3025.2822055642,96.5114353720
3025.9962207178,96.4591773018
3026.7102358713,96.3314968036
3027.4242510249,96.4098769884
3028.1382661784,96.4674287591
3028.8522813320,96.4567824946
3029.5662964855,96.4989205492
3030.2803116391,96.4232505896
3030.9943267926,96.4262014082
3031.7083419461,96.5257289210
3032.4223570997,96.3926918356
3033.1363722532,96.3203581173
3033.8503874068,96.4001787992
3034.5644025603,96.3565243132
3035.2784177139,96.4232841267
3035.9924328674,96.5321226974
3036.7064480209,96.3913424203
3037.4204631745,96.3264271554
3038.1344783280,96.3931431180
3038.8484934816,96.3570693816
3039.5625086351,96.3865019715
3040.2765237887,96.4116460484
3040.9905389422,96.2908150154
3041.7045540958,96.3320834045
3042.4185692493,96.4697985436
3043.1325844028,96.4093748859
3043.8465995564,96.3906698739
3044.5606147099,96.4577352196
3045.2746298635,96.3461782815
3045.9886450170,96.2727822054
3046.7026601706,96.3599795424
3047.4166753241,96.3397136638
3048.1306904776,96.2782890204
3048.8447056312,96.2886311400
3049.5587207847,96.2440702413
3050.2727359383,96.1995280260
3050.9867510918,96.1828743307
3051.7007662454,96.1407948637
3052.4147813989,96.1554201620
3053.1287965524,96.1605636394
3053.8428117060,96.1051285506
3054.5568268595,96.1427718432
3055.2708420131,96.1817169750
3055.9848571666,96.0800909107
3056.6988723202,96.0567167694
3057.4128874737,96.2085233564
3058.1269026273,96.2999170416
3058.8409177808,96.2764334487
3059.5549329343,96.2621331118
3060.2689480879,96.2054883852
3060.9829632414,96.1223760964
3061.6969783950,96.1814395474
3062.4109935485,96.2812270886
3063.1250087021,96.2186568457
3063.8390238556,96.1162923451
3064.5530390091,96.1709118659
3065.2670541627,96.2603566628
3065.9810693162,96.1791241054
3066.6950844698,96.1079052228
3067.4090996233,96.2236596791
3068.1231147769,96.2567733271
3068.8371299304,96.1953136398
3069.5511450840,96.2489057304
3070.2651602375,96.2332812586
3070.9791753910,96.1372232569
3071.6931905446,96.1649178081
3072.4072056981,96.1954512766
3073.1212208517,96.1520323114
3073.8352360052,96.1076742492
3074.5492511588,96.1368778096
3075.2632663123,96.2567454971
3075.9772814658,96.2583483769
3076.6912966194,96.1855793409
3077.4053117729,96.2249629347
3078.1193269265,96.2147252068
3078.8333420800,96.2271697931
3079.5473572336,96.3213234408
3080.2613723871,96.2588970058
3080.9753875406,96.2489620967
3081.6894026942,96.3334723412
3082.4034178477,96.2309366955
3083.1174330013,96.2020639951
3083.8314481548,96.3120043575
3084.5454633084,96.3081039272
3085.2594784619,96.3317060568
3085.9734936155,96.3663912212
3086.6875087690,96.2627705964
3087.4015239225,96.1705543955
3088.1155390761,96.2026038828
3088.8295542296,96.2899767012
3089.5435693832,96.2799375695
3090.2575845367,96.2402977682
3090.9715996903,96.3077472948
3091.6856148438,96.2796069224
3092.3996299973,96.2343136560
3093.1136451509,96.3705254849
3093.8276603044,96.4151380924
3094.5416754580,96.3494124930
3095.2556906115,96.3299914420
3095.9697057651,96.3151847757
3096.6837209186,96.3726646705
3097.3977360722,96.3608107751
3098.1117512257,96.3036663321
3098.8257663792,96.4145263147
3099.5397815328,96.3155799969
3100.2537966863,96.0867382839
3100.9678118399,96.2224931743
3101.6818269934,96.3282427079
3102.3958421470,96.2705184787
3103.1098573005,96.3639879234
3103.8238724540,96.3637491380
3104.5378876076,96.2993037077
3105.2519027611,96.3355214890
3105.9659179147,96.3186410557
3106.6799330682,96.3775391554
3107.3939482218,96.3989897174
3108.1079633753,96.2394021667
3108.8219785289,96.3217270294
3109.5359936824,96.5013412067
3110.2500088359,96.3606466180
3110.9640239895,96.2513650376
3111.6780391430,96.3479847068
3112.3920542966,96.3870265204
3113.1060694501,96.4061041199
3113.8200846037,96.4738359458
3114.5340997572,96.4632596628
3115.2481149107,96.4206086576
3115.9621300643,96.4932379432
3116.6761452178,96.5595667402
3117.3901603714,96.4747770536
3118.1041755249,96.3805556171
3118.8181906785,96.3432158588
3119.5322058320,96.3302198332
3120.2462209855,96.4119945660
3120.9602361391,96.4334679088
3121.6742512926,96.3080838762
3122.3882664462,96.3376191605
3123.1022815997,96.4711624887
3123.8162967533,96.4170493287
3124.5303119068,96.3625638473
3125.2443270604,96.4142824740
3125.9583422139,96.3997724162
3126.6723573674,96.4142111581
3127.3863725210,96.4815687953
3128.1003876745,96.4475845046
3128.8144028281,96.4421700158
3129.5284179816,96.4617526233
3130.2424331352,96.3401198341
3130.9564482887,96.3135789764
3131.6704634422,96.4413096145
3132.3844785958,96.4373549799
3133.0984937493,96.4315191747
3133.8125089029,96.5047714837
3134.5265240564,96.4199859752
3135.2405392100,96.3429815045
3135.9545543635,96.4183962839
3136.6685695171,96.4149585791
3137.3825846706,96.3850256876
3138.0965998241,96.4681889135
3138.8106149777,96.5028968184
3139.5246301312,96.4632433058
3140.2386452848,96.5003980192
3140.9526604383,96.5763747867
3141.6666755919,96.5483045183
3142.3806907454,96.4750658415
3143.0947058989,96.4993972757
3143.8087210525,96.5243539225
3144.5227362060,96.4624667919
3145.2367513596,96.4536799601
3145.9507665131,96.4848711629
3146.6647816667,96.4494493103
3147.3787968202,96.4678675468
3148.0928119737,96.5410573055
3148.8068271273,96.5135572732
3149.5208422808,96.4740010904
3150.2348574344,96.4850534144
3150.9488725879,96.4745193012
3151.6628877415,96.5458921180
3152.3769028950,96.6270670699
3153.0909180486,96.5420281276
3153.8049332021,96.5036424749
3154.5189483556,96.5547202667
3155.2329635092,96.5292617264
3155.9469786627,96.5545556959
3156.6609938163,96.5536079736
3157.3750089698,96.4710699380
3158.0890241234,96.5483217758
3158.8030392769,96.5466691125
3159.5170544304,96.3751056098
3160.2310695840,96.4000914522
3160.9450847375,96.4245427040
3161.6590998911,96.3734326474
3162.3731150446,96.4965987088
3163.0871301982,96.5034215024
3163.8011453517,96.4213511392
3164.5151605053,96.5104020323
3165.2291756588,96.4881877045
3165.9431908123,96.4214679913
3166.6572059659,96.4747910844
3167.3712211194,96.4347167945
3168.0852362730,96.4301632309
3168.7992514265,96.4709723880
3169.5132665801,96.4306228255
3170.2272817336,96.5224571282
3170.9412968871,96.5293132009
3171.6553120407,96.3372450159
3172.3693271942,96.4312129701
3173.0833423478,96.6265456499
3173.7973575013,96.5226243485
3174.5113726549,96.4332771677
3175.2253878084,96.4791324960
3175.9394029619,96.4999143184
3176.6534181155,96.5280357085
3177.3674332690,96.4990308727
3178.0814484226,96.4620536441
3178.7954635761,96.5641462272
3179.5094787297,96.5711918797
3180.2234938832,96.4359443836
3180.9375090368,96.4639096904
3181.6515241903,96.5249187784
3182.3655393438,96.4663927254
3183.0795544974,96.5562794469
3183.7935696509,96.6435313138
3184.5075848045,96.4835100147
3185.2215999580,96.4217126110
3185.9356151116,96.4966753577
3186.6496302651,96.4773395452
3187.3636454186,96.5483879650
3188.0776605722,96.6286582240
3188.7916757257,96.4969259906
3189.5056908793,96.4605123912
3190.2197060328,96.6142524633
3190.9337211864,96.6271179049
3191.6477363399,96.4724945167
3192.3617514935,96.3940948048
3193.0757666470,96.5109173922
3193.7897818005,96.6624134294
3194.5037969541,96.5717815587
3195.2178121076,96.3628539141
3195.9318272612,96.4078320061
3196.6458424147,96.5977531454
3197.3598575683,96.5943935621
3198.0738727218,96.5109676266
3198.7878878753,96.5129499853
3199.5019030289,96.5116363743
3200.2159181824,96.5659443235
3200.9299333360,96.6092668107
3201.6439484895,96.4762860790
3202.3579636431,96.4382762778
3203.0719787966,96.5813354932
3203.7859939501,96.5922215777
3204.5000091037,96.4843939250
3205.2140242572,96.3882849535
3205.9280394108,96.3739422433
3206.6420545643,96.5324868762
3207.3560697179,96.6131944018
3208.0700848714,96.4577492071
3208.7841000250,96.3580358714
3209.4981151785,96.4087964483
3210.2121303320,96.4363514744
3210.9261454856,96.3983090331
3211.6401606391,96.3916016607
3212.3541757927,96.4461144705
3213.0681909462,96.4314278691
3213.7822060998,96.3451369525
3214.4962212533,96.3490670743
3215.2102364068,96.4372794220
3215.9242515604,96.5193547122
3216.6382667139,96.5479165640
3217.3522818675,96.4898741010
3218.0662970210,96.4048323482
3218.7803121746,96.4180934027
3219.4943273281,96.5497671008
3220.2083424817,96.5547936306
3220.9223576352,96.3927626662
3221.6363727887,96.4059721045
3222.3503879423,96.5054031253
3223.0644030958,96.4360679679
3223.7784182494,96.4379360717
3224.4924334029,96.5176520272
3225.2064485565,96.4679678775
3225.9204637100,96.4367044822
3226.6344788635,96.4728540210
3227.3484940171,96.4611208872
3228.0625091706,96.4292797052
3228.7765243242,96.4530926318
3229.4905394777,96.4507265492
3230.2045546313,96.2854787921
3230.9185697848,96.2581231745
3231.6325849384,96.4877211354
3232.3466000919,96.4821905067
3233.0606152454,96.3445693387
3233.7746303990,96.4220486112
3234.4886455525,96.4245570915
3235.2026607061,96.3825356876
3235.9166758596,96.4136895417
3236.6306910132,96.3391541113
3237.3447061667,96.3403217822
3238.0587213202,96.4336091602
3238.7727364738,96.4616114455
3239.4867516273,96.4741213282
3240.2007667809,96.4070050259
3240.9147819344,96.4486238343
3241.6287970880,96.5877394957
3242.3428122415,96.4734876061
3243.0568273950,96.4412953201
3243.7708425486,96.5628195582
3244.4848577021,96.4417984513
3245.1988728557,96.3851968505
3245.9128880092,96.4958139337
3246.6269031628,96.4922340892
3247.3409183163,96.4220384260
3248.0549334699,96.3337727773
3248.7689486234,96.4412808937
3249.4829637769,96.5433867247
3250.1969789305,96.2445971664
3250.9109940840,96.1997594854
3251.6250092376,96.4929755112
3252.3390243911,96.4184605222
3253.0530395447,96.3638450225
3253.7670546982,96.5567356237
3254.4810698517,96.5695423254
3255.1950850053,96.4950662264
3255.9091001588,96.3979952803
3256.6231153124,96.3396938391
3257.3371304659,96.4185571943
3258.0511456195,96.4427672278
3258.7651607730,96.5180939680
3259.4791759266,96.5456098792
3260.1931910801,96.3242779978
3260.9072062336,96.2682778530
3261.6212213872,96.3777777498
3262.3352365407,96.4030986064
3263.0492516943,96.4676171370
3263.7632668478,96.4513678735
3264.4772820014,96.4251204406
3265.1912971549,96.4895886377
3265.9053123084,96.4096170931
3266.6193274620,96.3787707802
3267.3333426155,96.4422561647
3268.0473577691,96.4148228461
3268.7613729226,96.4812393926
3269.4753880762,96.4548566356
3270.1894032297,96.3135314958
3270.9034183832,96.4217431072
3271.6174335368,96.4708083598
3272.3314486903,96.3792663110
3273.0454638439,96.4084497864
3273.7594789974,96.3736190768
3274.4734941510,96.4234775034
3275.1875093045,96.5336914223
3275.9015244581,96.4194467840
3276.6155396116,96.5474973132
3277.3295547651,96.7686530443
3278.0435699187,96.5040163550
3278.7575850722,96.4005313454
3279.4716002258,96.6628828795
3280.1856153793,96.6301543717
3280.8996305329,96.5337620404
3281.6136456864,96.6009261445
3282.3276608399,96.5609767446
3283.0416759935,96.5918960983
3283.7556911470,96.6446021726
3284.4697063006,96.5403504165
3285.1837214541,96.6052299572
3285.8977366077,96.6899002428
3286.6117517612,96.5361379732
3287.3257669148,96.5277853255
3288.0397820683,96.5667160886
3288.7537972218,96.3889146420
3289.4678123754,96.3767491575
3290.1818275289,96.5244088147
3290.8958426825,96.5712984379
3291.6098578360,96.6320918290
3292.3238729896,96.6346934636
3293.0378881431,96.5595864862
3293.7519032966,96.5328014274
3294.4659184502,96.4973989873
3295.1799336037,96.5258785767
3295.8939487573,96.5496427080
3296.6079639108,96.5274508286
3297.3219790644,96.7091737910
3298.0359942179,96.7496016650
3298.7500093714,96.4940884275
3299.4640245250,96.5027054940
3300.1780396785,96.5959733819
3300.8920548321,96.5348406367
3301.6060699856,96.6250481290
3302.3200851392,96.6288322605
3303.0341002927,96.5240292442
3303.7481154463,96.5639395099
3304.4621305998,96.4867948863
3305.1761457533,96.4590597771
3305.8901609069,96.6057539050
3306.6041760604,96.5261733604
3307.3181912140,96.4816505548
3308.0322063675,96.6472360057
3308.7462215211,96.6341380530
3309.4602366746,96.5381692252
3310.1742518281,96.5243220253
3310.8882669817,96.5689665092
3311.6022821352,96.6646300898
3312.3162972888,96.6065328383
3313.0303124423,96.5667420472
3313.7443275959,96.6880311334
3314.4583427494,96.6095400522
3315.1723579030,96.5254948540
3315.8863730565,96.6490706424
3316.6003882100,96.6090091467
3317.3144033636,96.5611878158
3318.0284185171,96.6557790298
3318.7424336707,96.5730060603
3319.4564488242,96.5548015031
3320.1704639778,96.7137905938
3320.8844791313,96.6447628057
3321.5984942848,96.5276440155
3322.3125094384,96.5511481618
3323.0265245919,96.4543442304
3323.7405397455,96.4350378963
3324.4545548990,96.6355662238
3325.1685700526,96.6537974761
3325.8825852061,96.5109490951
3326.5966003596,96.5680412729
3327.3106155132,96.7256729582
3328.0246306667,96.7088204639
3328.7386458203,96.5889303117
3329.4526609738,96.6128517742
3330.1666761274,96.6783825171
3330.8806912809,96.5264405223
3331.5947064345,96.3674624163
3332.3087215880,96.4316045469
3333.0227367415,96.5635250663
3333.7367518951,96.6576594190
3334.4507670486,96.6152339221
3335.1647822022,96.4333639095
3335.8787973557,96.4343800515
3336.5928125093,96.5616582756
3337.3068276628,96.5243862672
3338.0208428163,96.5365911510
3338.7348579699,96.7112641182
3339.4488731234,96.7670454811
3340.1628882770,96.6368073075
3340.8769034305,96.5244760599
3341.5909185841,96.5505420674
3342.3049337376,96.5924949714
3343.0189488912,96.5866995468
3343.7329640447,96.6201512233
3344.4469791982,96.5964400439
3345.1609943518,96.5582666082
3345.8750095053,96.6213173624
3346.5890246589,96.5965549561
3347.3030398124,96.6194485807
3348.0170549660,96.7805121264
3348.7310701195,96.6732179808
3349.4450852730,96.5121333533
3350.1591004266,96.5967097187
3350.8731155801,96.5795027451
3351.5871307337,96.5668299242
3352.3011458872,96.6160304641
3353.0151610408,96.4479967575
3353.7291761943,96.4437522414
3354.4431913478,96.6401891290
3355.1572065014,96.6631607364
3355.8712216549,96.7716630874
3356.5852368085,96.7761542570
3357.2992519620,96.4685013710
3358.0132671156,96.5214745883
3358.7272822691,96.7770137888
3359.4412974227,96.6635673817
3360.1553125762,96.6305334314
3360.8693277297,96.8015604357
3361.5833428833,96.7728391544
3362.2973580368,96.6750272774
3363.0113731904,96.6477167748
3363.7253883439,96.6015720460
3364.4394034975,96.5861329634
3365.1534186510,96.6298960326
3365.8674338045,96.6946841836
3366.5814489581,96.7035652446
3367.2954641116,96.6283340033
3368.0094792652,96.5860357448
3368.7234944187,96.6456228969
3369.4375095723,96.7009360967
3370.1515247258,96.6225399326
3370.8655398794,96.5265166189
3371.5795550329,96.5646901281
3372.2935701864,96.5782700156
3373.0075853400,96.5264969974
3373.7216004935,96.5222077803
3374.4356156471,96.5388860230
3375.1496308006,96.6744217383
3375.8636459542,96.7917157950
3376.5776611077,96.6143150923
3377.2916762612,96.4994168954
3378.0056914148,96.6258909568
3378.7197065683,96.6897395662
3379.4337217219,96.7406145487
3380.1477368754,96.7659799653
3380.8617520290,96.6823322893
3381.5757671825,96.6607224362
3382.2897823361,96.5805938455
3383.0037974896,96.4584111154
3383.7178126431,96.5143193087
3384.4318277967,96.5688559570
3385.1458429502,96.5695650111
3385.8598581038,96.5732449598
3386.5738732573,96.5937802188
3387.2878884109,96.7671938241
3388.0019035644,96.7681256974
3388.7159187179,96.5633874530
3389.4299338715,96.6779513996
3390.1439490250,96.7476718914
3390.8579641786,96.5368715999
3391.5719793321,96.6079537560
3392.2859944857,96.7355794565
3393.0000096392,96.6129740760
3393.7140247927,96.5904340521
3394.4280399463,96.6709831986
3395.1420550998,96.7424603030
3395.8560702534,96.7049089716
3396.5700854069,96.5335758865
3397.2841005605,96.5569957049
3397.9981157140,96.6329860758
3398.7121308676,96.5105511942
3399.4261460211,96.5488007240
3400.1401611746,96.7156798448
3400.8541763282,96.6684328227
3401.5681914817,96.5755312284
3402.2822066353,96.6132252045
3402.9962217888,96.5957909414
3403.7102369424,96.4678114140
3404.4242520959,96.5215868673
3405.1382672494,96.6805843696
3405.8522824030,96.5681356192
3406.5662975565,96.4823723819
3407.2803127101,96.6120834401
3407.9943278636,96.5553456191
3408.7083430172,96.4621176834
3409.4223581707,96.5270189317
3410.1363733243,96.5192566664
3410.8503884778,96.5316322499
3411.5644036313,96.5553089192
3412.2784187849,96.4542230045
3412.9924339384,96.4176054075
3413.7064490920,96.4724281338
3414.4204642455,96.5072986539
3415.1344793991,96.4385532024
3415.8484945526,96.3326846072
3416.5625097061,96.4852427247
3417.2765248597,96.6419822381
3417.9905400132,96.4749346026
3418.7045551668,96.4133178124
3419.4185703203,96.5676771491
3420.1325854739,96.6121191998
3420.8466006274,96.5711668159
3421.5606157809,96.4888667801
3422.2746309345,96.3955907434
3422.9886460880,96.4286385224
3423.7026612416,96.5225063588
3424.4166763951,96.5042785136
3425.1306915487,96.3902072814
3425.8447067022,96.3900824394
3426.5587218558,96.4348989718
3427.2727370093,96.3497361676
3427.9867521628,96.3620730351
3428.7007673164,96.3937631586
3429.4147824699,96.2442562533
3430.1287976235,96.2450511370
3430.8428127770,96.2572678513
3431.5568279306,96.0549193654
3432.2708430841,96.1234544195
3432.9848582376,96.3945397896
3433.6988733912,96.4486743093
3434.4128885447,96.4246454415
3435.1269036983,96.4047108185
3435.8409188518,96.4429455114
3436.5549340054,96.5143075504
3437.2689491589,96.3895527046
3437.9829643125,96.3272648816
3438.6969794660,96.4666576399
3439.4109946195,96.4789673178
3440.1250097731,96.4465565114
3440.8390249266,96.4308456157
3441.5530400802,96.3260928549
3442.2670552337,96.4081109671
3442.9810703873,96.5713199454
3443.6950855408,96.4636692413
3444.4091006943,96.4409818330
3445.1231158479,96.5956200431
3445.8371310014,96.5532827019
3446.5511461550,96.5542141003
3447.2651613085,96.6883579559
3447.9791764621,96.5452999198
3448.6931916156,96.4651285762
3449.4072067691,96.6025067389
3450.1212219227,96.5550727030
3450.8352370762,96.5496230621
3451.5492522298,96.6729998569
3452.2632673833,96.5630476946
3452.9772825369,96.5216204383
3453.6912976904,96.6566336365
3454.4053128440,96.6517037664
3455.1193279975,96.6214409604
3455.8333431510,96.5850251848
3456.5473583046,96.5933138278
3457.2613734581,96.7488747441
3457.9753886117,96.7185190583
3458.6894037652,96.5815617604
3459.4034189188,96.6225662283
3460.1174340723,96.6923062974
3460.8314492258,96.7733582543
3461.5454643794,96.7669510234
3462.2594795329,96.6613018732
3462.9734946865,96.6764795855
3463.6875098400,96.6260775955
3464.4015249936,96.5878857414
3465.1155401471,96.7125485619
3465.8295553007,96.6892009393
3466.5435704542,96.6944907071
3467.2575856077,96.7796680582
3467.9716007613,96.6757741501
3468.6856159148,96.6952825008
3469.3996310684,96.7327483656
3470.1136462219,96.6020700638
3470.8276613755,96.6101144102
3471.5416765290,96.5444638935
3472.2556916825,96.5048057592
3472.9697068361,96.7927306397
3473.6837219896,96.8938740820
3474.3977371432,96.7694162872
3475.1117522967,96.6965638244
3475.8257674503,96.6349553145
3476.5397826038,96.7592063714
3477.2537977573,96.8337438520
3477.9678129109,96.7249330594
3478.6818280644,96.7980485231
3479.3958432180,96.8052644094
3480.1098583715,96.6521591883
3480.8238735251,96.6753428086
3481.5378886786,96.7296159007
3482.2519038322,96.7041516203
3482.9659189857,96.6284978840
3483.6799341392,96.6433034259
3484.3939492928,96.8458401806
3485.1079644463,96.8573089253
3485.8219795999,96.7480419643
3486.5359947534,96.8032760245
3487.2500099070,96.7885380920
3487.9640250605,96.8349543723
3488.6780402140,96.9378182477
3489.3920553676,96.8160269474
3490.1060705211,96.6775030230
3490.8200856747,96.5635889334
3491.5341008282,96.6082763171
3492.2481159818,96.7887247635
3492.9621311353,96.6627910085
3493.6761462889,96.5984910714
3494.3901614424,96.6745944083
3495.1041765959,96.5236621983
3495.8181917495,96.7378384981
3496.5322069030,96.9595434861
3497.2462220566,96.5795159062
3497.9602372101,96.5886362658
3498.6742523637,96.8306634045
3499.3882675172,96.6672667126
3500.1022826707,96.6755506284
3500.8162978243,96.7500280745
3501.5303129778,96.7178071979
3502.2443281314,96.8647513944
3502.9583432849,96.7966119875
3503.6723584385,96.6565514425
3504.3863735920,96.7751853958
3505.1003887456,96.7443121170
3505.8144038991,96.6470060317
3506.5284190526,96.7030453990
3507.2424342062,96.7549836203
3507.9564493597,96.7141267493
3508.6704645133,96.6435155902
3509.3844796668,96.7270970592
3510.0984948204,96.7720158970
3510.8125099739,96.6762445322
3511.5265251274,96.7473141941
3512.2405402810,96.7242325086
3512.9545554345,96.5783596278
3513.6685705881,96.7421257467
3514.3825857416,96.8029361704
3515.0966008952,96.6019457801
3515.8106160487,96.6687635317
3516.5246312022,96.8023609151
3517.2386463558,96.6861775328
3517.9526615093,96.6714695252
3518.6666766629,96.8522214129
3519.3806918164,96.7950699161
3520.0947069700,96.5935881780
3520.8087221235,96.7410269120
3521.5227372771,96.8629411591
3522.2367524306,96.6858917137
3522.9507675841,96.8136512285
3523.6647827377,96.9862330799
3524.3787978912,96.7224780369
3525.0928130448,96.6083073283
3525.8068281983,96.7804569279
3526.5208433519,96.8692416388
3527.2348585054,96.7625319070
3527.9488736589,96.5873437243
3528.6628888125,96.6535427548
3529.3769039660,96.7539430259
3530.0909191196,96.6357138386
3530.8049342731,96.6425452500
3531.5189494267,96.7389570571
3532.2329645802,96.6924901299
3532.9469797338,96.6351290793
3533.6609948873,96.6889001672
3534.3750100408,96.8447273789
3535.0890251944,96.8720028350
3535.8030403479,96.8221509370
3536.5170555015,96.8746293841
3537.2310706550,96.7391542356
3537.9450858086,96.6683219758
3538.6591009621,96.7267274033
3539.3731161156,96.5287016201
3540.0871312692,96.6147326479
3540.8011464227,96.4709056142
3541.5151615763,96.6059328862
3542.2291767298,96.5984277908
3542.9431918834,96.7459852725
3543.6572070369,96.6006869442
3544.3712221904,96.5948298044
3545.0852373440,96.7405366894
3545.7992524975,96.6344645855
3546.5132676511,96.5675125857
3547.2272828046,96.6076624664
3547.9412979582,96.6553272843
3548.6553131117,96.6987185663
3549.3693282653,96.6721488836
3550.0833434188,96.6907033495
3550.7973585723,96.6687868541
3551.5113737259,96.5398530275
3552.2253888794,96.6100847928
3552.9394040330,96.7048979511
3553.6534191865,96.6675774495
3554.3674343401,96.6683797292
3555.0814494936,96.6420691544
3555.7954646471,96.6519114864
3556.5094798007,96.7164744079
3557.2234949542,96.7368710329
3557.9375101078,96.7465990568
3558.6515252613,96.6805984864
3559.3655404149,96.6360323721
3560.0795555684,96.6973799455
3560.7935707220,96.6521995929
3561.5075858755,96.6262398766
3562.2216010290,96.6550680582
3562.9356161826,96.5939152347
3563.6496313361,96.6628684909
3564.3636464897,96.7127923493
3565.0776616432,96.6212615928
3565.7916767968,96.5978604693
3566.5056919503,96.5073201834
3567.2197071038,96.5389182347
3567.9337222574,96.7974222664
3568.6477374109,96.7531260413
3569.3617525645,96.7230252449
3570.0757677180,96.8364821163
3570.7897828716,96.7939998304
3571.5037980251,96.8428979381
3572.2178131786,96.8689609892
3572.9318283322,96.6863643560
3573.6458434857,96.7400185473
3574.3598586393,96.8390384033
3575.0738737928,96.6899730409
3575.7878889464,96.6226920985
3576.5019040999,96.6831489606
3577.2159192535,96.7432551898
3577.9299344070,96.7577935923
3578.6439495605,96.6694897334
3579.3579647141,96.6228671943
3580.0719798676,96.6285961988
3580.7859950212,96.6239587654
3581.5000101747,96.6501177773
3582.2140253283,96.6785683131
3582.9280404818,96.7048034759
3583.6420556353,96.7045214381
3584.3560707889,96.6232669734
3585.0700859424,96.5913147181
3585.7841010960,96.6415459585
3586.4981162495,96.7037117439
3587.2121314031,96.6036273936
3587.9261465566,96.5633143372
3588.6401617102,96.8016026737
3589.3541768637,96.8912787220
3590.0681920172,96.7814520198
3590.7822071708,96.7929034897
3591.4962223243,96.7546035199
3592.2102374779,96.6965588109
3592.9242526314,96.7823387501
3593.6382677850,96.7738111409
3594.3522829385,96.7361743441
3595.0662980920,96.7863141752
3595.7803132456,96.7891388470
3596.4943283991,96.7909409118
3597.2083435527,96.6950929574
3597.9223587062,96.6145776513
3598.6363738598,96.7780698896
3599.3503890133,96.7264967558
3600.0644041668,96.5781309443
3600.7784193204,96.7943494838
3601.4924344739,96.8246506223
3602.2064496275,96.6745498544
3602.9204647810,96.7761875332
3603.6344799346,96.8539285505
3604.3484950881,96.8309264627
3605.0625102417,96.7714479650
3605.7765253952,96.6632114186
3606.4905405487,96.6909578207
3607.2045557023,96.7330600644
3607.9185708558,96.6009294263
3608.6325860094,96.6445188091
3609.3466011629,96.8592578065
3610.0606163165,96.7906291734
3610.7746314700,96.6884945593
3611.4886466235,96.6336055845
3612.2026617771,96.7615655491
3612.9166769306,96.7287560199
3613.6306920842,96.5193267480
3614.3447072377,96.6117541097
3615.0587223913,96.8525584989
3615.7727375448,96.7541380391
3616.4867526984,96.6482254402
3617.2007678519,96.7769577429
3617.9147830054,96.8324450215
3618.6287981590,96.7088295125
3619.3428133125,96.8626151339
3620.0568284661,96.9085158060
3620.7708436196,96.6572943729
3621.4848587732,96.7299472416
3622.1988739267,96.8544716575
3622.9128890802,96.8026075294
3623.6269042338,96.9229031259
3624.3409193873,96.9157879067
3625.0549345409,96.7999296311
3625.7689496944,96.9590184334
3626.4829648480,96.8635667449
3627.1969800015,96.5755677941
3627.9109951551,96.5676872848
3628.6250103086,96.5769834117
3629.3390254621,96.7483355640
3630.0530406157,97.0553458405
3630.7670557692,96.9925276901
3631.4810709228,96.9530106027
3632.1950860763,96.9121321555
3632.9091012299,96.7790521175
3633.6231163834,96.7899176607
3634.3371315369,96.8902068997
3635.0511466905,97.0563440912
3635.7651618440,97.2930617128
3636.4791769976,97.2450753372
3637.1931921511,97.1714468003
3637.9072073047,97.2158721877
3638.6212224582,97.0493792389
3639.3352376117,97.0167406737
3640.0492527653,97.1448681298
3640.7632679188,97.0520891412
3641.4772830724,97.0468311430
3642.1912982259,97.2458062865
3642.9053133795,97.1707096092
3643.6193285330,97.0476250225
3644.3333436866,97.2306877986
3645.0473588401,97.2449729323
3645.7613739936,96.9691627048
3646.4753891472,96.9936901997
3647.1894043007,97.1347139341
3647.9034194543,96.8680368297
3648.6174346078,97.0216282605
3649.3314497614,97.0833402215
3650.0454649149,96.6970596035
3650.7594800684,96.9997354752
3651.4734952220,97.2924395319
3652.1875103755,97.1234070827
3652.9015255291,97.3240395032
3653.6155406826,97.5210240345
3654.3295558362,97.3139426855
3655.0435709897,97.1302444471
3655.7575861433,97.1323805268
3656.4716012968,97.2520418791
3657.1856164503,97.2830850493
3657.8996316039,97.4278172231
3658.6136467574,97.6042739507
3659.3276619110,97.4723341887
3660.0416770645,97.3591009429
3660.7556922181,97.4332988743
3661.4697073716,97.3652249392
3662.1837225251,97.4090191488
3662.8977376787,97.5619816498
3663.6117528322,97.4485905254
3664.3257679858,97.2604756018
3665.0397831393,97.2104603975
3665.7537982929,97.3869457922
3666.4678134464,97.5256447418
3667.1818285999,97.2383762839
3667.8958437535,97.0310863693
3668.6098589070,97.0698302603
3669.3238740606,96.8605114973
3670.0378892141,96.8508275279
3670.7519043677,97.3899612907
3671.4659195212,97.4628128603
3672.1799346748,97.3318339911
3672.8939498283,97.1437356544
3673.6079649818,96.9492204010
3674.3219801354,96.7365069153
3675.0359952889,96.3582873213
3675.7500104425,96.8956100417
3676.4640255960,97.2268917000
3677.1780407496,97.0448183978
3677.8920559031,97.0234394952
3678.6060710566,97.0319736616
3679.3200862102,97.0891410501
3680.0341013637,97.2509383612
3680.7481165173,97.0812165739
3681.4621316708,96.9524505219
3682.1761468244,97.0335871966
3682.8901619779,96.9801522069
3683.6041771315,97.0064162473
3684.3181922850,97.0088102241
3685.0322074385,96.8642686756
3685.7462225921,97.0133259208
3686.4602377456,97.0330772177
3687.1742528992,96.7661429401
3687.8882680527,96.9605174457
3688.6022832063,97.2975661693
3689.3162983598,96.7436436176
3690.0303135133,96.5918373534
3690.7443286669,96.7033963193
3691.4583438204,97.1178907882
3692.1723589740,97.1161554834
3692.8863741275,96.9157415541
3693.6003892811,96.9420747441
3694.3144044346,97.0176340629
3695.0284195881,96.9221219327
3695.7424347417,96.9168841335
3696.4564498952,96.9012009361
3697.1704650488,96.8035054137
3697.8844802023,96.8502076943
3698.5984953559,96.9733256587
3699.3125105094,96.9857966115
3700.0265256630,96.8569515410
3700.7405408165,96.7564684519
3701.4545559700,96.7839053999
3702.1685711236,96.8511131714
3702.8825862771,96.9451511686
3703.5966014307,97.0071708904
3704.3106165842,96.8640372030
3705.0246317378,96.7373539135
3705.7386468913,96.8216924911
3706.4526620448,96.9618745195
3707.1666771984,96.9184072290
3707.8806923519,96.6921983700
3708.5947075055,96.6262375825
3709.3087226590,96.9035027509
3710.0227378126,96.8981076605
3710.7367529661,96.6203729423
3711.4507681197,96.5433787653
3712.1647832732,97.0462301666
3712.8787984267,97.0060916029
3713.5928135803,96.7953178228
3714.3068287338,96.8789806742
3715.0208438874,97.0139554226
3715.7348590409,96.9635809108
3716.4488741945,97.0339483363
3717.1628893480,96.9452872088
3717.8769045015,96.7705010299
3718.5909196551,97.0802542596
3719.3049348086,97.2743694327
3720.0189499622,96.9109706056
3720.7329651157,96.7901260899
3721.4469802693,96.8822962491
3722.1609954228,96.8651126558
3722.8750105763,96.7898808990
3723.5890257299,96.7620963114
3724.3030408834,96.7243366198
3725.0170560370,96.7066570149
3725.7310711905,96.8428088272
3726.4450863441,97.0938024453
3727.1591014976,97.0317485053
3727.8731166512,96.8315563690
3728.5871318047,96.8334434656
3729.3011469582,96.9432336876
3730.0151621118,96.9376420269
3730.7291772653,96.6442243408
3731.4431924189,96.4236712065
3732.1572075724,96.7778124123
3732.8712227260,96.8486774435
3733.5852378795,96.7188079947
3734.2992530330,96.7279213912
3735.0132681866,96.5512914228
3735.7272833401,96.6122614361
3736.4412984937,96.9072063871
3737.1553136472,96.7942458073
3737.8693288008,96.8427761436
3738.5833439543,96.9992253549
3739.2973591079,96.8737421456
3740.0113742614,96.8822403122
3740.7253894149,96.9685306902
3741.4394045685,96.9405580157
3742.1534197220,96.9302667044
3742.8674348756,96.7273116096
3743.5814500291,96.6239272392
3744.2954651827,98.1794423023
3745.0094803362,97.4732941285
3745.7234954897,96.7992224341
3746.4375106433,96.9621402884
3747.1515257968,96.9550662676
3747.8655409504,96.6897999252
3748.5795561039,96.5462138734
3749.2935712575,96.9196767634
3750.0075864110,97.0010501290
3750.7216015645,96.6274754309
3751.4356167181,96.5450395931
3752.1496318716,97.2606608361
3752.8636470252,97.0673797993
3753.5776621787,96.8932304688
3754.2916773323,96.9029226129
3755.0056924858,96.7949045076
3755.7197076394,96.8621250277
3756.4337227929,97.1398895190
3757.1477379464,96.9769156302
3757.8617531000,96.7067429131
3758.5757682535,96.6810330368
3759.2897834071,96.8722368127
3760.0037985606,97.0961982671
3760.7178137142,97.0571833442
3761.4318288677,97.0086764785
3762.1458440212,97.0007712709
3762.8598591748,96.9237124663
3763.5738743283,96.8098655791
3764.2878894819,96.7657377617
3765.0019046354,96.7629677696
3765.7159197890,96.8144359491
3766.4299349425,96.9138647816
3767.1439500961,96.9100356475
3767.8579652496,96.7866920752
3768.5719804031,96.7252977625
3769.2859955567,96.8203904483
3770.0000107102,96.8991052897
3770.7140258638,96.8747682139
3771.4280410173,96.9526534143
3772.1420561709,96.9753902106
3772.8560713244,96.9321663007
3773.5700864779,96.9945565497
3774.2841016315,97.0593763700
3774.9981167850,96.9676855420
3775.7121319386,96.8704426597
3776.4261470921,96.9742702832
3777.1401622457,97.0474187986
3777.8541773992,96.7676236905
3778.5681925528,96.5715507114
3779.2822077063,96.8620230385
3779.9962228598,96.9743393975
3780.7102380134,96.8023910385
3781.4242531669,96.9450922957
3782.1382683205,97.1415257789
3782.8522834740,97.0037814949
3783.5662986276,96.7694473597
3784.2803137811,96.6797464386
3784.9943289346,96.8956501239
3785.7083440882,97.1170917226
3786.4223592417,97.0085593778
3787.1363743953,96.8740629404
3787.8503895488,96.9155327928
3788.5644047024,96.9049609088
3789.2784198559,96.8924094671
3789.9924350094,96.9776937261
3790.7064501630,97.0133768671
3791.4204653165,96.9876814329
3792.1344804701,96.9028467053
3792.8484956236,96.8072456459
3793.5625107772,96.8819030497
3794.2765259307,96.9963702390
3794.9905410843,96.9172558741
3795.7045562378,96.8132291736
3796.4185713913,96.8829089767
3797.1325865449,96.9289780849
3797.8466016984,96.9323670590
3798.5606168520,96.9460100487
3799.2746320055,96.7212807176
3799.9886471591,96.4194070916
3800.7026623126,96.4707281746
3801.4166774661,96.9995029518
3802.1306926197,96.8148259783
3802.8447077732,96.7446843685
3803.5587229268,96.9090916865
3804.2727380803,96.9748584723
3804.9867532339,96.8792546889
3805.7007683874,96.6798130162
3806.4147835410,96.6156394758
3807.1287986945,97.0217252100
3807.8428138480,96.9921493440
3808.5568290016,96.8515140245
3809.2708441551,96.9792373159
3809.9848593087,97.0826283345
3810.6988744622,96.9975056158
3811.4128896158,97.0314709392
3812.1269047693,97.1001866455
3812.8409199228,97.0970927134
3813.5549350764,97.0522827549
3814.2689502299,96.8110278174
3814.9829653835,96.5609044445
3815.6969805370,96.6696877676
3816.4109956906,96.9943831142
3817.1250108441,96.9272650056
3817.8390259976,96.9465599982
3818.5530411512,96.9743699552
3819.2670563047,96.8716598155
3819.9810714583,96.5819593352
3820.6950866118,96.3131317185
3821.4091017654,96.7993918543
3822.1231169189,97.1284113830
3822.8371320725,96.9605979834
3823.5511472260,96.9235835754
3824.2651623795,97.0227373569
3824.9791775331,96.8885587869
3825.6931926866,96.7539146265
3826.4072078402,96.9187362137
3827.1212229937,97.0068156485
3827.8352381473,96.8596678756
3828.5492533008,96.9112468503
3829.2632684543,97.0496175968
3829.9772836079,96.8323490474
3830.6912987614,96.5261537783
3831.4053139150,96.7748299532
3832.1193290685,97.2038366601
3832.8333442221,96.9748869399
3833.5473593756,96.7213003780
3834.2613745292,96.7276982264
3834.9753896827,97.0193174421
3835.6894048362,97.0663272744
3836.4034199898,96.7894018893
3837.1174351433,96.6411287679
3837.8314502969,97.1661511024
3838.5454654504,97.0304064520
3839.2594806040,96.7441334413
3839.9734957575,96.9007198358
3840.6875109110,97.3333483910
3841.4015260646,97.1379532246
3842.1155412181,96.6972101345
3842.8295563717,96.6801027303
3843.5435715252,97.0596621918
3844.2575866788,97.0714103532
3844.9716018323,96.9776921373
3845.6856169858,97.1379029043
3846.3996321394,97.1200372539
3847.1136472929,96.9649434174
3847.8276624465,96.8897377702
3848.5416776000,96.8693333986
3849.2556927536,96.9822611414
3849.9697079071,96.9146238692
3850.6837230607,96.6443123352
3851.3977382142,96.7147408331
3852.1117533677,96.8682217815
3852.8257685213,96.3499114222
3853.5397836748,96.2106027796
3854.2537988284,97.1084696147
3854.9678139819,96.9363459366
3855.6818291355,96.8923490046
3856.3958442890,96.9155050648
3857.1098594425,96.9612737820
3857.8238745961,97.0149183127
3858.5378897496,97.0490879208
3859.2519049032,97.0473138055
3859.9659200567,96.9255864917
3860.6799352103,96.8800379011
3861.3939503638,97.0350544347
3862.1079655174,97.0336306537
3862.8219806709,96.9240568042
3863.5359958244,96.8451393009
3864.2500109780,96.6681916617
3864.9640261315,96.9240273773
3865.6780412851,97.2305729284
3866.3920564386,97.0417299002
3867.1060715922,96.9465731231
3867.8200867457,96.8485616069
3868.5341018992,96.6157296882
3869.2481170528,96.6718308418
3869.9621322063,96.9571004396
3870.6761473599,96.9420137542
3871.3901625134,97.1042172943
3872.1041776670,96.9972743253
3872.8181928205,96.7538613638
3873.5322079740,96.8415808211
3874.2462231276,97.0095109235
3874.9602382811,97.0083710192
3875.6742534347,97.0616999738
3876.3882685882,96.9895732091
3877.1022837418,97.0287266698
3877.8162988953,97.1638928776
3878.5303140489,96.9314097235
3879.2443292024,96.6240210761
3879.9583443559,96.7405863176
3880.6723595095,97.1047696517
3881.3863746630,97.0736932490
3882.1003898166,96.9956032812
3882.8144049701,97.0529354077
3883.5284201237,96.9567335964
3884.2424352772,96.5789369932
3884.9564504307,96.4355432889
3885.6704655843,96.8807080589
3886.3844807378,97.0866220461
3887.0984958914,97.0321233560
3887.8125110449,97.0377584034
3888.5265261985,97.0200206813
3889.2405413520,97.0328628959
3889.9545565056,96.9159503700
3890.6685716591,96.7399778842
3891.3825868126,96.8794341984
3892.0966019662,96.8982223738
3892.8106171197,96.8393806525
3893.5246322733,97.0052871361
3894.2386474268,97.0936962322
3894.9526625804,97.0334859834
3895.6666777339,96.9952759071
3896.3806928874,96.9176858599
3897.0947080410,96.9383433467
3897.8087231945,96.8807383942
3898.5227383481,96.6846793118
3899.2367535016,96.8379283457
3899.9507686552,96.8363671861
3900.6647838087,96.6235253805
3901.3787989623,96.9135247101
3902.0928141158,97.1111469675
3902.8068292693,96.6654084846
3903.5208444229,96.7536615037
3904.2348595764,96.9827686343
3904.9488747300,96.7061422765
3905.6628898835,96.8329840522
3906.3769050371,97.0385832417
3907.0909201906,96.8846276139
3907.8049353441,96.8800445231
3908.5189504977,97.0576783706
3909.2329656512,97.0711555420
3909.9469808048,96.9635117492
3910.6609959583,96.9534197273
3911.3750111119,97.0174320569
3912.0890262654,96.9530754094
3912.8030414189,96.8918917161
3913.5170565725,97.0070687997
3914.2310717260,97.0286049609
3914.9450868796,96.8653100797
3915.6591020331,96.7612601206
3916.3731171867,96.8191142612
3917.0871323402,96.9370387054
3917.8011474938,96.8848951755
3918.5151626473,96.8315743107
3919.2291778008,96.8945871013
3919.9431929544,96.9069856433
3920.6572081079,96.9003009997
3921.3712232615,96.9382779923
3922.0852384150,96.9033687142
3922.7992535686,96.9381448445
3923.5132687221,96.9897933788
3924.2272838756,96.8606858211
3924.9412990292,96.8906499261
3925.6553141827,97.0277863745
3926.3693293363,96.9218765641
3927.0833444898,96.9032845189
3927.7973596434,96.9970651743
3928.5113747969,96.9130528251
3929.2253899505,96.9041474501
3929.9394051040,97.0024948247
3930.6534202575,96.8506988407
3931.3674354111,96.7316497678
3932.0814505646,96.8757954676
3932.7954657182,96.9353371322
3933.5094808717,96.9192154004
3934.2234960253,97.0271881541
3934.9375111788,97.0316445023
3935.6515263323,96.9907920446
3936.3655414859,97.0436046541
3937.0795566394,96.9744323150
3937.7935717930,96.8997347854
3938.5075869465,96.9829505125
3939.2216021001,96.9673422077
3939.9356172536,96.8989768594
3940.6496324071,96.9271082659
3941.3636475607,96.9136122139
3942.0776627142,96.8955384769
3942.7916778678,96.9037452601
3943.5056930213,96.8625310183
3944.2197081749,96.8935944000
3944.9337233284,96.9393909722
3945.6477384820,96.9157947816
3946.3617536355,96.9217978227
3947.0757687890,96.9545818152
3947.7897839426,96.9478041113
3948.5037990961,96.8779521939
3949.2178142497,96.8325127298
3949.9318294032,96.9359956756
3950.6458445568,97.0157316884
3951.3598597103,96.9753663245
3952.0738748638,96.9392046874
3952.7878900174,96.8557737902
3953.5019051709,96.8610997530
3954.2159203245,96.9827228790
3954.9299354780,96.9132787365
3955.6439506316,96.8416703435
3956.3579657851,97.0084788775
3957.0719809387,97.0473116875
3957.7859960922,96.8853715179
3958.5000112457,96.8426763750
3959.2140263993,96.9627132531
3959.9280415528,97.0409995108
3960.6420567064,96.9270190292
3961.3560718599,96.8646226591
3962.0700870135,96.9974721795
3962.7841021670,96.9688731761
3963.4981173205,96.8594319971
3964.2121324741,96.9987856672
3964.9261476276,97.1537191526
3965.6401627812,97.0883172221
3966.3541779347,97.0181317237
3967.0681930883,97.0603581131
3967.7822082418,97.0323813878
3968.4962233953,96.8790528832
3969.2102385489,96.8432914004
3969.9242537024,96.9718716775
3970.6382688560,97.0530055048
3971.3522840095,97.0510825183
3972.0662991631,97.0136432212
3972.7803143166,96.9972629304
3973.4943294702,97.0045980251
3974.2083446237,96.9550537468
3974.9223597772,96.9422914436
3975.6363749308,96.9629478731
3976.3503900843,96.9184594094
3977.0644052379,96.9932384792
3977.7784203914,97.0745648392
3978.4924355450,96.9623248822
3979.2064506985,96.9717133027
3979.9204658520,97.0259828303
3980.6344810056,96.8544532943
3981.3484961591,96.8486492642
3982.0625113127,97.0165425869
3982.7765264662,96.9838244262
3983.4905416198,96.9611668124
3984.2045567733,97.0141943407
3984.9185719269,96.9558480264
3985.6325870804,96.9510229158
3986.3466022339,96.9958278420
3987.0606173875,96.9774914147
3987.7746325410,97.0248159226
3988.4886476946,97.0255402502
3989.2026628481,96.9093654406
3989.9166780017,96.9483048610
3990.6306931552,97.0375822469
3991.3447083087,96.9371461808
3992.0587234623,96.9045610714
3992.7727386158,97.0036677309
3993.4867537694,96.9683299739
3994.2007689229,96.8868066643
3994.9147840765,96.9356837735
3995.6287992300,96.9827106073
3996.3428143835,96.9152839142
3997.0568295371,96.8489687029
3997.7708446906,96.9219379121
3998.4848598442,97.0063200925
3999.1988749977,96.9596277195
3999.9128901513,96.9480865848