399.8484859844,88.3227989545
400.5625011380,90.5864314796
401.2765162915,100.2020406171
401.9905314450,76.8953975408
402.7045465986,75.8378413820
403.4185617521,88.8641087765
404.1325769057,80.5499004349
404.8465920592,83.6871490526
405.5606072128,95.8619112184
406.2746223663,90.9773685395
406.9886375199,87.0650064676
407.7026526734,75.1951681280
408.4166678269,73.3530118535
409.1306829805,87.6785655362
409.8446981340,91.6124384048
410.5587132876,80.6378013630
411.2727284411,84.1605348844
411.9867435947,92.6238890611
412.7007587482,81.8013992586
413.4147739017,76.4875890556
414.1287890553,92.5829020343
414.8428042088,89.4861360002
415.5568193624,79.1406082776
416.2708345159,97.9266011118
416.9848496695,106.8949491028
417.6988648230,86.4646315012
418.4128799766,84.6319459194
419.1268951301,91.9895282216
419.8409102836,83.9945526815
420.5549254372,88.6574357094
421.2689405907,88.3918256054
421.9829557443,83.0683032370
422.6969708978,77.3993463290
423.4109860514,81.0894704195
424.1250012049,85.8327424402
424.8390163584,82.2951867146
425.5530315120,82.1386215295
426.2670466655,85.0702634688
426.9810618191,84.1225033639
427.6950769726,87.1599170059
428.4090921262,85.2081188066
429.1231072797,81.0237864332
429.8371224332,86.8786234693
430.5511375868,85.0590929190
431.2651527403,79.3592508807
431.9791678939,85.7400643374
432.6931830474,86.7486458043
433.4071982010,83.1339285002
434.1212133545,85.6391999164
434.8352285081,86.2962455879
435.5492436616,85.6006199551
436.2632588151,84.6139211764
436.9772739687,85.4887527289
437.6912891222,88.3757279354
438.4053042758,85.2739886120
439.1193194293,84.8674395088
439.8333345829,89.1647636823
440.5473497364,85.9714812904
441.2613648899,86.5334705915
441.9753800435,92.2130440272
442.6893951970,89.5175989525
443.4034103506,90.5147414675
444.1174255041,92.3379433355
444.8314406577,87.9197726035
445.5454558112,88.8902151475
446.2594709648,91.0673128060
446.9734861183,89.1216245721
447.6875012718,88.7203257555
448.4015164254,88.3776838647
449.1155315789,90.7827055541
449.8295467325,93.7153340324
450.5435618860,92.8303244662
451.2575770396,93.5711611861
451.9715921931,91.8604457150
452.6856073466,88.5455015831
453.3996225002,92.0603480160
454.1136376537,92.7838518274
454.8276528073,89.4345562477
455.5416679608,90.1485739908
456.2556831144,92.4336094961
456.9696982679,93.0856617252
457.6837134214,90.4200656371
458.3977285750,88.3882684298
459.1117437285,91.1142060313
459.8257588821,92.4605207212
460.5397740356,91.1807853140
461.2537891892,90.9910057868
461.9678043427,90.4581798845
462.6818194963,89.3931830189
463.3958346498,88.6091713127
464.1098498033,89.2526399000
464.8238649569,91.2256086453
465.5378801104,90.7643290517
466.2518952640,89.5013549692
466.9659104175,90.4134170072
467.6799255711,90.5142181982
468.3939407246,89.0898341582
469.1079558781,89.3010779838
469.8219710317,91.1521728533
470.5359861852,90.3106588625
471.2500013388,87.8653931564
471.9640164923,90.8760548297
472.6780316459,93.7973824424
473.3920467994,88.6854829018
474.1060619530,88.8222718517
474.8200771065,90.1893970564
475.5340922600,88.3616939376
476.2481074136,89.0545002758
476.9621225671,89.0662743900
477.6761377207,88.2615791601
478.3901528742,89.2509244664
479.1041680278,87.7297733453
479.8181831813,88.9015202921
480.5321983348,91.5415988633
481.2462134884,87.9548914613
481.9602286419,87.9895836551
482.6742437955,90.8024040393
483.3882589490,87.6669213993
484.1022741026,87.1131782770
484.8162892561,89.2693614935
485.5303044097,86.9222744130
486.2443195632,86.0471320910
486.9583347167,87.2042211914
487.6723498703,87.5327881642
488.3863650238,88.5630469345
489.1003801774,88.0386017794
489.8143953309,87.1213197760
490.5284104845,87.8601209387
491.2424256380,88.1413067705
491.9564407915,88.2312056727
492.6704559451,88.2056988479
493.3844710986,87.6918971433
494.0984862522,87.4031344748
494.8125014057,87.0758777433
495.5265165593,87.4289998555
496.2405317128,87.1886562777
496.9545468663,85.5231581147
497.6685620199,86.3707557225
498.3825771734,88.2086825595
499.0965923270,86.1954478182
499.8106074805,84.6892758737
500.5246226341,86.4333498394
501.2386377876,87.3134950719
501.9526529412,86.9056129960
502.6666680947,87.1235802139
503.3806832482,87.0274793028
504.0946984018,86.5364344275
504.8087135553,86.3804353102
505.5227287089,86.5870103237
506.2367438624,87.0304916147
506.9507590160,87.1571766086
507.6647741695,86.6052368695
508.3787893230,86.9902288401
509.0928044766,88.4504703246
509.8068196301,89.2568034660
510.5208347837,89.0776093920
511.2348499372,88.6980209607
511.9488650908,89.0382766415
512.6628802443,89.5494618761
513.3768953979,89.1757569994
514.0909105514,89.8510107855
514.8049257049,91.2818281177
515.5189408585,90.3199002233
516.2329560120,89.1702902446
516.9469711656,89.6123429768
517.6609863191,89.4699273488
518.3750014727,89.7978688578
519.0890166262,90.6655973221
519.8030317797,90.5676136422
520.5170469333,90.8361778114
521.2310620868,90.9188846305
521.9450772404,90.1588764693
522.6590923939,90.1100814050
523.3731075475,89.6158788021
524.0871227010,88.9042671602
524.8011378545,89.5934689625
525.5151530081,90.3986851322
526.2291681616,90.7083178455
526.9431833152,90.3676885414
527.6571984687,89.8398839374
528.3712136223,90.3354867710
529.0852287758,90.7839464001
529.7992439294,90.3948840193
530.5132590829,90.5101817328
531.2272742364,90.4830984614
531.9412893900,89.8819604603
532.6553045435,89.6023482673
533.3693196971,89.8503900515
534.0833348506,90.4954700017
534.7973500042,90.4861466425
535.5113651577,90.0561080943
536.2253803112,90.4359070621
536.9393954648,90.4461235302
537.6534106183,89.8383236155
538.3674257719,89.7597088268
539.0814409254,89.6443962113
539.7954560790,89.5952706854
540.5094712325,89.8792468659
541.2234863861,89.9787200892
541.9375015396,90.0093582646
542.6515166931,89.3741430825
543.3655318467,88.7763208534
544.0795470002,89.7543428936
544.7935621538,90.2930215882
545.5075773073,89.5855722978
546.2215924609,89.7080536779
546.9356076144,89.9767387375
547.6496227679,89.4536545299
548.3636379215,89.3322698166
549.0776530750,89.6112127478
549.7916682286,89.6999317415
550.5056833821,89.7124771694
551.2196985357,89.6778652105
551.9337136892,89.7005521553
552.6477288427,89.8535061322
553.3617439963,89.7554223641
554.0757591498,89.2969922476
554.7897743034,89.4757740943
555.5037894569,90.3261906398
556.2178046105,90.0493377257
556.9318197640,89.0320479677
557.6458349176,89.2829169940
558.3598500711,89.9520847843
559.0738652246,89.7073814055
559.7878803782,89.6812719660
560.5018955317,90.0800384497
561.2159106853,89.7942462846
561.9299258388,89.3410004926
562.6439409924,89.6414108534
563.3579561459,89.9795924052
564.0719712994,89.7784353497
564.7859864530,89.6886513977
565.5000016065,89.7794266228
566.2140167601,89.5790531210
566.9280319136,89.2436395375
567.6420470672,89.1643467940
568.3560622207,89.4689008375
569.0700773743,89.8077092974
569.7840925278,89.5873055835
570.4981076813,89.2964006332
571.2121228349,89.6951389836
571.9261379884,90.1421815564
572.6401531420,89.7751938516
573.3541682955,89.4856258400
574.0681834491,89.6832390909
574.7821986026,89.3094751027
575.4962137561,88.8707697280
576.2102289097,89.5692040110
576.9242440632,89.7983563747
577.6382592168,89.2120667652
578.3522743703,89.4131796767
579.0662895239,89.6124206920
579.7803046774,89.0304718372
580.4943198309,89.0284281921
581.2083349845,89.5604111803
581.9223501380,89.7764223302
582.6363652916,89.7200082007
583.3503804451,89.1775044202
584.0643955987,89.0758568711
584.7784107522,89.8483395843
585.4924259058,89.8233992711
586.2064410593,89.3899778928
586.9204562128,89.8732821241
587.6344713664,89.9119428373
588.3484865199,89.3431582565
589.0625016735,89.6891902646
589.7765168270,90.0148200799
590.4905319806,89.4898719758
591.2045471341,89.4650817871
591.9185622876,89.9676692395
592.6325774412,89.9309402708
593.3465925947,89.6463117796
594.0606077483,89.6015221207
594.7746229018,89.7558875952
595.4886380554,89.5317422555
596.2026532089,89.0428860491
596.9166683625,89.2737412220
597.6306835160,89.5759023045
598.3446986695,89.3069009399
599.0587138231,89.4830273765
599.7727289766,89.8419573181
600.4867441302,89.7012658939
601.2007592837,89.4944255680
601.9147744373,89.1003593745
602.6287895908,89.1021896034
603.3428047443,89.6491719898
604.0568198979,89.1830966211
604.7708350514,88.4401187565
605.4848502050,88.7518220810
606.1988653585,88.9946797697
606.9128805121,88.7225082232
607.6268956656,88.5316996440
608.3409108192,88.4751298903
609.0549259727,88.4201822174
609.7689411262,88.3718268171
610.4829562798,88.6457898604
611.1969714333,88.6212983035
611.9109865869,88.0687861422
612.6250017404,88.4104786881
613.3390168940,88.8450883775
614.0530320475,88.1415288650
614.7670472010,87.9830701647
615.4810623546,88.3304643663
616.1950775081,88.2382134357
616.9090926617,88.3861050975
617.6231078152,88.2966547077
618.3371229688,88.1595856541
619.0511381223,88.5482849680
619.7651532758,88.1256053420
620.4791684294,87.6477616265
621.1931835829,88.2351424822
621.9071987365,88.0878585196
622.6212138900,87.4208422715
623.3352290436,87.6302902882
624.0492441971,87.9559806226
624.7632593507,87.9284308381
625.4772745042,87.8333972194
626.1912896577,87.8315496001
626.9053048113,87.9626151673
627.6193199648,87.7756014862
628.3333351184,87.4163242681
629.0473502719,87.3353727126
629.7613654255,87.1850437399
630.4753805790,86.8738891490
631.1893957325,86.8232456480
631.9034108861,87.2602212216
632.6174260396,87.5569364502
633.3314411932,87.1488383510
634.0454563467,87.1386680857
634.7594715003,87.8590609505
635.4734866538,87.8933070790
636.1875018074,87.5216569114
636.9015169609,87.7190883914
637.6155321144,87.6561126456
638.3295472680,87.3737579030
639.0435624215,87.7004525685
639.7575775751,87.8837237192
640.4715927286,87.3399517916
641.1856078822,86.9183858417
641.8996230357,87.0220646302
642.6136381892,87.2711942983
643.3276533428,87.3727204156
644.0416684963,87.3087657515
644.7556836499,87.2712590030
645.4696988034,87.3456339682
646.1837139570,87.2471521140
646.8977291105,87.0964798647
647.6117442640,87.1061224828
648.3257594176,86.9436617974
649.0397745711,86.8573079277
649.7537897247,87.1824100956
650.4678048782,87.2504607248
651.1818200318,86.8609999070
651.8958351853,86.5469273155
652.6098503389,86.6953440011
653.3238654924,87.0654656140
654.0378806459,86.8207610657
654.7518957995,86.3149388795
655.4659109530,86.5078450410
656.1799261066,86.6747373426
656.8939412601,86.3416349241
657.6079564137,86.3087123521
658.3219715672,86.4234356869
659.0359867207,86.3074085272
659.7500018743,86.2479336663
660.4640170278,86.2795011573
661.1780321814,86.2972297379
661.8920473349,86.1585857414
662.6060624885,85.8536813425
663.3200776420,85.6635256437
664.0340927956,85.6281195482
664.7481079491,85.4884394499
665.4621231026,85.3287891819
666.1761382562,85.4475230038
666.8901534097,85.4587568414
667.6041685633,84.4203298908
668.3181837168,85.1834397640
669.0321988704,85.6336208279
669.7462140239,85.1278405423
670.4602291774,84.9779929511
671.1742443310,85.2098367216
671.8882594845,84.8001663336
672.6022746381,84.5234572640
673.3162897916,84.7592224328
674.0303049452,84.6945892621
674.7443200987,84.6665940440
675.4583352522,84.7100279408
676.1723504058,84.3360160944
676.8863655593,83.9424815553
677.6003807129,83.6399528125
678.3143958664,83.5067897666
679.0284110200,83.7863680502
679.7424261735,83.8580873693
680.4564413271,83.4194746765
681.1704564806,83.2254718154
681.8844716341,83.4888228237
682.5984867877,83.4661483248
683.3125019412,83.0849049779
684.0265170948,83.0021905555
684.7405322483,83.0008064936
685.4545474019,82.8126320409
686.1685625554,82.8709957603
686.8825777089,82.8346799611
687.5965928625,82.4732462402
688.3106080160,82.3093549298
689.0246231696,82.2320640335
689.7386383231,82.0670270057
690.4526534767,81.8344233363
691.1666686302,81.4701250385
691.8806837838,81.4273371644
692.5946989373,81.4866744811
693.3087140908,81.0158590602
694.0227292444,80.5748307003
694.7367443979,80.6165416380
695.4507595515,80.5905786191
696.1647747050,80.1343838928
696.8787898586,79.7409085093
697.5928050121,79.8219075716
698.3068201656,79.6537701526
699.0208353192,78.9232649956
699.7348504727,78.4671347595
700.4488656263,78.3140162257
701.1628807798,78.0321551633
701.8768959334,77.6417315764
702.5909110869,77.2748039568
703.3049262404,77.1606054347
704.0189413940,76.9445993971
704.7329565475,76.4257256934
705.4469717011,76.1430027173
706.1609868546,75.8515120233
706.8750020082,75.4239400705
707.5890171617,75.2136276505
708.3030323153,74.7276663977
709.0170474688,74.0711464842
709.7310626223,73.6926896091
710.4450777759,73.2196142439
711.1590929294,72.7278684648
711.8731080830,72.1894459374
712.5871232365,71.5395693660
713.3011383901,71.1839416130
714.0151535436,70.5189153259
714.7291686971,69.4888904153
715.4431838507,69.0108140267
716.1571990042,68.5436207415
716.8712141578,67.5677800854
717.5852293113,66.6887086895
718.2992444649,65.9647933859
719.0132596184,65.1624486054
719.7272747720,64.4294173750
720.4412899255,64.1020652460
721.1553050790,63.8111219270
721.8693202326,63.2467968750
722.5833353861,63.1853278361
723.2973505397,63.6431537637
724.0113656932,64.2183941148
724.7253808468,65.2161979608
725.4393960003,66.3915414802
726.1534111538,67.8396645571
726.8674263074,69.5492676383
727.5814414609,71.0429942973
728.2954566145,72.7003813558
729.0094717680,74.1863234781
729.7234869216,75.4341900225
730.4375020751,77.2809545041
731.1515172287,78.9685030111
731.8655323822,80.2551043581
732.5795475357,81.9509720956
733.2935626893,83.6271878245
734.0075778428,85.2294291530
734.7215929964,86.9392751186
735.4356081499,88.2675070863
736.1496233035,89.5645726275
736.8636384570,91.0331998005
737.5776536105,92.1152166595
738.2916687641,92.9249796669
739.0056839176,93.7847283748
739.7196990712,94.5664199146
740.4337142247,95.1221010624
741.1477293783,95.3656358206
741.8617445318,95.4731208291
742.5757596853,95.6870539207
743.2897748389,95.7518961917
744.0037899924,95.5902574038
744.7178051460,95.5701487811
745.4318202995,95.4905683783
746.1458354531,95.1224031242
746.8598506066,94.9897026591
747.5738657602,95.0882175627
748.2878809137,94.8478592020
749.0018960672,94.5648492044
749.7159112208,94.5217261408
750.4299263743,94.3175836679
751.1439415279,94.0897639794
751.8579566814,94.0804293710
752.5719718350,93.9529499578
753.2859869885,93.6808730021
754.0000021420,93.4520219993
754.7140172956,93.4155972412
755.4280324491,93.6040548811
756.1420476027,93.4790894333
756.8560627562,93.0926380739
757.5700779098,93.1201792261
758.2840930633,93.1777276935
758.9981082169,92.8305690567
759.7121233704,92.6422235771
760.4261385239,92.7246031963
761.1401536775,92.6306293577
761.8541688310,92.3576724062
762.5681839846,92.3111268170
763.2821991381,92.4285219619
763.9962142917,92.2189898914
764.7102294452,92.0070215730
765.4242445987,92.1140396641
766.1382597523,91.9376958583
766.8522749058,91.6726008837
767.5662900594,91.7813874159
768.2803052129,91.7399573285
768.9943203665,91.4734087263
769.7083355200,91.3070485424
770.4223506735,91.2295718820
771.1363658271,91.2391261720
771.8503809806,91.0616689845
772.5643961342,90.8639520105
773.2784112877,91.0196720450
773.9924264413,90.9292704170
774.7064415948,90.5684741743
775.4204567484,90.4894858176
776.1344719019,90.4726489628
776.8484870554,90.5663197281
777.5625022090,90.6453157363
778.2765173625,90.2599899997
778.9905325161,90.0765239740
779.7045476696,90.2987403536
780.4185628232,90.2335837688
781.1325779767,90.0125817925
781.8465931302,89.7288162409
782.5606082838,89.4983294295
783.2746234373,89.7363616407
783.9886385909,89.7032967294
784.7026537444,89.1159563434
785.4166688980,88.9942405105
786.1306840515,89.1466120352
786.8446992051,88.8566496926
787.5587143586,88.6131234488
788.2727295121,88.6602979511
788.9867446657,88.5063751572
789.7007598192,88.1655494324
790.4147749728,88.1406403264
791.1287901263,88.3061077624
791.8428052799,88.0246366299
792.5568204334,87.6402556583
793.2708355869,87.9136775683
793.9848507405,88.3717037657
794.6988658940,88.4901834423
795.4128810476,88.7142048665
796.1268962011,89.0560255719
796.8409113547,89.2513017183
797.5549265082,89.3408345666
798.2689416617,89.3063563958
798.9829568153,89.4250415410
799.6969719688,89.6041930479
800.4109871224,89.3891971814
801.1250022759,89.3709186147
801.8390174295,89.6225632424
802.5530325830,89.3194126092
803.2670477366,89.1045703436
803.9810628901,89.4607535914
804.6950780436,89.4479872498
805.4090931972,89.0842194244
806.1231083507,89.0049262285
806.8371235043,89.1631803668
807.5511386578,89.2440378835
808.2651538114,88.9370030249
808.9791689649,88.8231815291
809.6931841184,89.2625579652
810.4071992720,89.2052727528
811.1212144255,88.8422574515
811.8352295791,89.2652089711
812.5492447326,89.5884127002
813.2632598862,89.0222440267
813.9772750397,88.6421681560
814.6912901933,88.9888112139
815.4053053468,89.2008905201
816.1193205003,88.8302074427
816.8333356539,88.7817703816
817.5473508074,89.2667760026
818.2613659610,89.1150900078
818.9753811145,88.4444036216
819.6893962681,88.5296301713
820.4034114216,89.0295606467
821.1174265751,88.7836570749
821.8314417287,88.1912007070
822.5454568822,88.4012227312
823.2594720358,88.8332912359
823.9734871893,88.2709147496
824.6875023429,87.7465174214
825.4015174964,88.2415587252
826.1155326499,88.4489309512
826.8295478035,87.8345375375
827.5435629570,87.6333538918
828.2575781106,88.0745332250
828.9715932641,88.0851134908
829.6856084177,87.3816141843
830.3996235712,87.2613345274
831.1136387248,87.8423871598
831.8276538783,87.4461000835
832.5416690318,86.6154637910
833.2556841854,87.0193368095
833.9696993389,87.3632612342
834.6837144925,86.5009442824
835.3977296460,86.0167567378
836.1117447996,86.4837919791
836.8257599531,86.6165410941
837.5397751066,85.9971850145
838.2537902602,85.5913059506
838.9678054137,85.8974585740
839.6818205673,86.0345278821
840.3958357208,85.3769001330
841.1098508744,84.9950319957
841.8238660279,85.4168702407
842.5378811815,85.3343495902
843.2518963350,84.4686650440
843.9659114885,84.3759667388
844.6799266421,84.8942991236
845.3939417956,84.4786229584
846.1079569492,83.8519660678
846.8219721027,84.3219497859
847.5359872563,84.9161986548
848.2500024098,84.6621982698
848.9640175633,84.4977375615
849.6780327169,85.0634507333
850.3920478704,85.5408747697
851.1060630240,85.4242626316
851.8200781775,85.4878528162
852.5340933311,86.0285936354
853.2481084846,86.1686817982
853.9621236381,85.7951250385
854.6761387917,85.9888995333
855.3901539452,86.5990616139
856.1041690988,86.4827595224
856.8181842523,86.1758508104
857.5321994059,86.5555366142
858.2462145594,86.7707409385
858.9602297130,86.4758939134
859.6742448665,86.4315855485
860.3882600200,86.5164175808
861.1022751736,86.3826907053
861.8162903271,86.2488647062
862.5303054807,86.2049808806
863.2443206342,86.1560659544
863.9583357878,85.8860829138
864.6723509413,85.4984364293
865.3863660948,85.3206184944
866.1003812484,84.9748729324
866.8143964019,84.2290841674
867.5284115555,83.5368307677
868.2424267090,82.9552376641
868.9564418626,82.1744034252
869.6704570161,81.0317207096
870.3844721697,79.8886996973
871.0984873232,79.4414200194
871.8125024767,79.4996836725
872.5265176303,79.9876161349
873.2405327838,81.6265715806
873.9545479374,83.6430023652
874.6685630909,84.7229680845
875.3825782445,85.3288377897
876.0965933980,86.1619719549
876.8106085515,86.7808193361
877.5246237051,86.9231050647
878.2386388586,87.2978053793
878.9526540122,88.0431560172
879.6666691657,88.2667080724
880.3806843193,88.1682810972
881.0946994728,88.5488720614
881.8087146264,88.9573921502
882.5227297799,89.0128382967
883.2367449334,89.1162392668
883.9507600870,89.3466970220
884.6647752405,89.5136204580
885.3787903941,89.4834692903
886.0928055476,89.4160937546
886.8068207012,89.5572672526
887.5208358547,89.6823246113
888.2348510082,89.6404051706
888.9488661618,89.5904010005
889.6628813153,89.6851752986
890.3768964689,89.8839987947
891.0909116224,89.7755816248
891.8049267760,89.5671867868
892.5189419295,89.7435963833
893.2329570830,89.6844206474
893.9469722366,89.3022090535
894.6609873901,89.3102207701
895.3750025437,89.3484466498
896.0890176972,89.1583765824
896.8030328508,89.0851012772
897.5170480043,88.9653866100
898.2310631579,88.8143889406
898.9450783114,88.8039681469
899.6590934649,88.9039712355
900.3731086185,89.0864088094
901.0871237720,89.0028681240
901.8011389256,88.7806680645
902.5151540791,88.9173718296
903.2291692327,89.0973740505
903.9431843862,89.0888070637
904.6571995397,89.0553052818
905.3712146933,89.0088126668
906.0852298468,89.1767417403
906.7992450004,89.4061414439
907.5132601539,89.3402763300
908.2272753075,89.2867797541
908.9412904610,89.3924219025
909.6553056146,89.4927399498
910.3693207681,89.5675489719
911.0833359216,89.5578493682
911.7973510752,89.5308761181
912.5113662287,89.5510017165
913.2253813823,89.5861595781
913.9393965358,89.6337816632
914.6534116894,89.5577375670
915.3674268429,89.4693489359
916.0814419964,89.5061650177
916.7954571500,89.4547947709
917.5094723035,89.4432748017
918.2234874571,89.5407814546
918.9375026106,89.4800058868
919.6515177642,89.4676157797
920.3655329177,89.5630388671
921.0795480712,89.5057414954
921.7935632248,89.4542295225
922.5075783783,89.4243744247
923.2215935319,89.2833070972
923.9356086854,89.2152025618
924.6496238390,89.2341677754
925.3636389925,89.1991880840
926.0776541461,89.1328320436
926.7916692996,89.1060800816
927.5056844531,89.1222272330
928.2196996067,89.1633043395
928.9337147602,89.2719582584
929.6477299138,89.2841105437
930.3617450673,89.1324914731
931.0757602209,89.1553353552
931.7897753744,89.2120450397
932.5037905279,89.0489749219
933.2178056815,89.0660107233
933.9318208350,89.2060480639
934.6458359886,89.1352124767
935.3598511421,89.0935933535
936.0738662957,89.1239319471
936.7878814492,89.1272691496
937.5018966028,89.1645569505
938.2159117563,89.1056409418
938.9299269098,89.0397687019
939.6439420634,89.0917978567
940.3579572169,89.0725897978
941.0719723705,88.9831041849
941.7859875240,88.9012874884
942.5000026776,88.8918731895
943.2140178311,88.9904392974
943.9280329846,88.9259690779
944.6420481382,88.7626227257
945.3560632917,88.7948069000
946.0700784453,88.7611501004
946.7840935988,88.6161739323
947.4981087524,88.6711131316
948.2121239059,88.7027992101
948.9261390594,88.5568484837
949.6401542130,88.5267280686
950.3541693665,88.5708012046
951.0681845201,88.5197588235
951.7821996736,88.4702682374
952.4962148272,88.3788523056
953.2102299807,88.2459791675
953.9242451343,88.2799548602
954.6382602878,88.3273380386
955.3522754413,88.1472630918
956.0662905949,87.9593727901
956.7803057484,87.9472601414
957.4943209020,87.9423972921
958.2083360555,87.7547762002
958.9223512091,87.4739185293
959.6363663626,87.3487627629
960.3503815161,87.2682517070
961.0643966697,87.0789907213
961.7784118232,86.9879632121
962.4924269768,86.8487816478
963.2064421303,86.4893790769
963.9204572839,86.2743849514
964.6344724374,86.1767981347
965.3484875910,85.9327057708
966.0625027445,85.7169316089
966.7765178980,85.5853994150
967.4905330516,85.4308498923
968.2045482051,85.2466647193
968.9185633587,85.0885697509
969.6325785122,85.0667582107
970.3465936658,85.0759318927
971.0606088193,85.0871363793
971.7746239728,85.2251126026
972.4886391264,85.3086423650
973.2026542799,85.3603675303
973.9166694335,85.5608241788
974.6306845870,85.7734572145
975.3446997406,86.0208785482
976.0587148941,86.2356554759
976.7727300476,86.2419184566
977.4867452012,86.3323705113
978.2007603547,86.5629564635
978.9147755083,86.6671627495
979.6287906618,86.7057137719
980.3428058154,86.7025377237
981.0568209689,86.6613607346
981.7708361225,86.6928300701
982.4848512760,86.7318007160
983.1988664295,86.7254343565
983.9128815831,86.6123186875
984.6268967366,86.4449288164
985.3409118902,86.4627631001
986.0549270437,86.4775144868
986.7689421973,86.3087359646
987.4829573508,86.2673799264
988.1969725043,86.3378519240
988.9109876579,86.2481301601
989.6250028114,86.1096829272
990.3390179650,86.1182417116
991.0530331185,86.2352053554
991.7670482721,86.2487794829
992.4810634256,86.0842561719
993.1950785792,85.9468742653
993.9090937327,85.9165358081
994.6231088862,85.8410350796
995.3371240398,85.6983510972
996.0511391933,85.6083763793
996.7651543469,85.5103780038
997.4791695004,85.3316342435
998.1931846540,85.2583423847
998.9071998075,85.2470846075
999.6212149610,85.0487090003
1000.3352301146,84.8036000235
1001.0492452681,84.6544017168
1001.7632604217,84.5498006563
1002.4772755752,84.4584586669
1003.1912907288,84.2230526758
1003.9053058823,83.9452539617
1004.6193210359,83.7819817710
1005.3333361894,83.5026035756
1006.0473513429,83.2272972287
1006.7613664965,83.0786906915
1007.4753816500,82.7055251580
1008.1893968036,82.2615819841
1008.9034119571,81.9807685687
1009.6174271107,81.6158941159
1010.3314422642,81.1655567945
1011.0454574177,80.6443736449
1011.7594725713,79.9772519497
1012.4734877248,79.3061667626
1013.1875028784,78.6526589666
1013.9015180319,78.0597449558
1014.6155331855,77.5146556470
1015.3295483390,76.9166245166
1016.0435634925,76.6264985511
1016.7575786461,76.8068397614
1017.4715937996,77.1344323947
1018.1856089532,77.5886988534
1018.8996241067,78.2371744117
1019.6136392603,78.9850805276
1020.3276544138,79.7910153111
1021.0416695674,80.5610721913
1021.7556847209,81.1283124474
1022.4696998744,81.6471111166
1023.1837150280,82.5367657987
1023.8977301815,83.6949925353
1024.6117453351,84.8273061868
1025.3257604886,85.9890976935
1026.0397756422,86.8914007718
1026.7537907957,87.4850043577
1027.4678059492,88.0575421466
1028.1818211028,88.1977308949
1028.8958362563,87.9856141323
1029.6098514099,87.9812082680
1030.3238665634,87.8484404371
1031.0378817170,87.5644523982
1031.7518968705,87.4458265905
1032.4659120241,87.2070027174
1033.1799271776,86.9936639710
1033.8939423311,86.8774985430
1034.6079574847,86.5668938959
1035.3219726382,86.4076745822
1036.0359877918,86.3023247563
1036.7500029453,85.9408207965
1037.4640180989,85.8070483151
1038.1780332524,85.8209881613
1038.8920484059,85.5968748750
1039.6060635595,85.3402682939
1040.3200787130,85.1488314535
1041.0340938666,85.0745653146
1041.7481090201,84.9909172554
1042.4621241737,84.7366716685
1043.1761393272,84.6705638642
1043.8901544807,84.7498820577
1044.6041696343,84.7039650980
1045.3181847878,84.7010852974
1046.0321999414,84.6628443013
1046.7462150949,84.5669584214
1047.4602302485,84.5462974810
1048.1742454020,84.4700673472
1048.8882605556,84.4345612742
1049.6022757091,84.4363118494
1050.3162908626,84.3318709057
1051.0303060162,84.2932976214
1051.7443211697,84.2011309032
1052.4583363233,84.0318459270
1053.1723514768,84.1014697986
1053.8863666304,84.0843659370
1054.6003817839,83.7380399389
1055.3143969374,83.5753390127
1056.0284120910,83.6974621413
1056.7424272445,83.6247705623
1057.4564423981,83.3741100796
1058.1704575516,83.3441996278
1058.8844727052,83.3269872244
1059.5984878587,83.0357826008
1060.3125030123,82.8399159573
1061.0265181658,82.7798668983
1061.7405333193,82.5371306357
1062.4545484729,82.2152637834
1063.1685636264,81.9772584705
1063.8825787800,81.8502518888
1064.5965939335,81.6607031896
1065.3106090871,81.3457114946
1066.0246242406,81.2406442492
1066.7386393941,81.0803908477
1067.4526545477,80.6435271736
1068.1666697012,80.4636273403
1068.8806848548,80.3395465930
1069.5947000083,80.0028811436
1070.3087151619,79.7380002831
1071.0227303154,79.3210679136
1071.7367454689,78.9576863757
1072.4507606225,78.8495658803
1073.1647757760,78.4610701225
1073.8787909296,78.1182161751
1074.5928060831,77.9405106517
1075.3068212367,77.3713580440
1076.0208363902,76.8751422880
1076.7348515438,76.6241091602
1077.4488666973,76.2354285912
1078.1628818508,75.9111883088
1078.8768970044,75.5680869691
1079.5909121579,75.2026823873
1080.3049273115,74.9818962546
1081.0189424650,74.6561900140
1081.7329576186,74.4300102200
1082.4469727721,74.3442829866
1083.1609879256,74.0403472559
1083.8750030792,73.7901050851
1084.5890182327,73.7070452768
1085.3030333863,73.5694978518
1086.0170485398,73.3817055866
1086.7310636934,73.2199622920
1087.4450788469,73.2893621375
1088.1590940005,73.3084885965
1088.8731091540,72.9764005533
1089.5871243075,72.8469058003
1090.3011394611,72.9533502281
1091.0151546146,72.8524549120
1091.7291697682,72.7546164152
1092.4431849217,72.7262690006
1093.1572000753,72.5865069164
1093.8712152288,72.4982138598
1094.5852303823,72.6544636333
1095.2992455359,72.8851268381
1096.0132606894,72.8698284134
1096.7272758430,72.8588348042
1097.4412909965,73.1501949906
1098.1553061501,73.3859861459
1098.8693213036,73.4689725635
1099.5833364571,73.6341833588
1100.2973516107,73.8810840244
1101.0113667642,74.1628823784
1101.7253819178,74.4036525973
1102.4393970713,74.7207731085
1103.1534122249,75.1220583716
1103.8674273784,75.2941940960
1104.5814425320,75.4519339990
1105.2954576855,75.8764112781
1106.0094728390,76.3278203390
1106.7234879926,76.6676798640
1107.4375031461,76.8747367076
1108.1515182997,77.1446089465
1108.8655334532,77.5689727017
1109.5795486068,77.7545040794
1110.2935637603,77.8469742486
1111.0075789138,78.0867707751
1111.7215940674,78.1197796715
1112.4356092209,78.1436485056
1113.1496243745,78.4047052911
1113.8636395280,78.5035991431
1114.5776546816,78.3827024094
1115.2916698351,78.2306732006
1116.0056849887,78.1780655342
1116.7197001422,78.2781505545
1117.4337152957,78.2400456840
1118.1477304493,78.1313942792
1118.8617456028,78.2632030797
1119.5757607564,78.3958779319
1120.2897759099,78.4199310849
1121.0037910635,78.5789572095
1121.7178062170,78.8260506334
1122.4318213705,79.0411738123
1123.1458365241,79.3197967444
1123.8598516776,79.6526187173
1124.5738668312,79.9399431600
1125.2878819847,80.3053347129
1126.0018971383,80.7704471459
1126.7159122918,81.1984816090
1127.4299274454,81.6629376958
1128.1439425989,82.1234678221
1128.8579577524,82.6232943767
1129.5719729060,83.3281928965
1130.2859880595,83.9084971130
1131.0000032131,84.3856332162
1131.7140183666,85.0662652562
1132.4280335202,85.6256893649
1133.1420486737,86.1303163878
1133.8560638272,86.8468058391
1134.5700789808,87.4773678750
1135.2840941343,87.9954125347
1135.9981092879,88.4778674050
1136.7121244414,89.0767763439
1137.4261395950,89.8843090509
1138.1401547485,90.3183374585
1138.8541699020,90.5753441027
1139.5681850556,91.2085196599
1140.2822002091,91.6436519190
1140.9962153627,91.8512428039
1141.7102305162,92.2655070702
1142.4242456698,92.6409367068
1143.1382608233,93.0011368132
1143.8522759769,93.2839490528
1144.5662911304,93.4493141752
1145.2803062839,93.8569129011
1145.9943214375,94.1331483900
1146.7083365910,94.2048530132
1147.4223517446,94.5806365440
1148.1363668981,94.8522698065
1148.8503820517,94.8914013712
1149.5643972052,95.0614160659
1150.2784123587,95.1122419773
1150.9924275123,95.1460121062
1151.7064426658,95.3799437510
1152.4204578194,95.5128831714
1153.1344729729,95.5390101869
1153.8484881265,95.5812276161
1154.5625032800,95.6703512977
1155.2765184336,95.7764190474
1155.9905335871,95.6756574220
1156.7045487406,95.5095561934
1157.4185638942,95.5241083807
1158.1325790477,95.5690952808
1158.8465942013,95.5517298203
1159.5606093548,95.5066805674
1160.2746245084,95.4800499650
1160.9886396619,95.4150813551
1161.7026548154,95.2661836558
1162.4166699690,95.2863779024
1163.1306851225,95.3250774872
1163.8447002761,95.0770079867
1164.5587154296,94.8930347487
1165.2727305832,94.8268826430
1165.9867457367,94.6383119932
1166.7007608902,94.4527263312
1167.4147760438,94.2169640394
1168.1287911973,94.0237672394
1168.8428063509,93.9573715223
1169.5568215044,93.6412541521
1170.2708366580,93.3022922031
1170.9848518115,93.1901158045
1171.6988669651,92.9046850327
1172.4128821186,92.6407713049
1173.1268972721,92.6193394156
1173.8409124257,92.4807786628
1174.5549275792,92.2804833534
1175.2689427328,92.1929797484
1175.9829578863,92.1809930863
1176.6969730399,92.2038687642
1177.4109881934,92.0887615359
1178.1250033469,91.9568958646
1178.8390185005,91.9715996557
1179.5530336540,91.9172213063
1180.2670488076,91.8442510859
1180.9810639611,91.8516950968
1181.6950791147,91.7313676199
1182.4090942682,91.5821358012
1183.1231094218,91.5603261271
1183.8371245753,91.4533101620
1184.5511397288,91.2436038583
1185.2651548824,91.1418335432
1185.9791700359,91.0453804837
1186.6931851895,90.8080172757
1187.4072003430,90.5776403340
1188.1212154966,90.4006104617
1188.8352306501,90.2143527759
1189.5492458036,90.0405770462
1190.2632609572,89.8030704336
1190.9772761107,89.5398425162
1191.6912912643,89.3579546323
1192.4053064178,89.1514789533
1193.1193215714,88.9056319694
1193.8333367249,88.6466212663
1194.5473518784,88.3870502741
1195.2613670320,88.1949022620
1195.9753821855,87.8871965581
1196.6893973391,87.5427152613
1197.4034124926,87.4108380878
1198.1174276462,87.1611457746
1198.8314427997,86.8198190054
1199.5454579533,86.6755889647
1200.2594731068,86.3948143731
1200.9734882603,86.0382850384
1201.6875034139,85.8577271510
1202.4015185674,85.6022228851
1203.1155337210,85.3261515316
1203.8295488745,85.0918243176
1204.5435640281,84.8214450006
1205.2575791816,84.6303670425
1205.9715943351,84.3533891158
1206.6856094887,84.0241617426
1207.3996246422,83.8523963066
1208.1136397958,83.6403234484
1208.8276549493,83.3828271624
1209.5416701029,83.1184512809
1210.2556852564,82.8460265000
1210.9697004100,82.6862008070
1211.6837155635,82.3621611333
1212.3977307170,81.9892216557
1213.1117458706,81.8352661673
1213.8257610241,81.4576256038
1214.5397761777,81.0827447589
1215.2537913312,80.9893506655
1215.9678064848,80.6164281368
1216.6818216383,80.1558014988
1217.3958367918,79.8540306005
1218.1098519454,79.4645584839
1218.8238670989,79.2063708076
1219.5378822525,78.8882074547
1220.2518974060,78.3887257507
1220.9659125596,78.1756932450
1221.6799277131,77.9728114574
1222.3939428666,77.5848035216
1223.1079580202,77.3671369159
1223.8219731737,77.1727347546
1224.5359883273,76.8744115844
1225.2500034808,76.5804478043
1225.9640186344,76.3149075374
1226.6780337879,76.0677019454
1227.3920489415,75.7269354750
1228.1060640950,75.3871072250
1228.8200792485,75.0805467472
1229.5340944021,74.6834864803
1230.2481095556,74.3282179314
1230.9621247092,73.9301665879
1231.6761398627,73.4906104962
1232.3901550163,73.1893740185
1233.1041701698,72.7781336022
1233.8181853233,72.3863263909
1234.5322004769,72.1808811761
1235.2462156304,71.8516725476
1235.9602307840,71.6172879507
1236.6742459375,71.5117848064
1237.3882610911,71.2581967584
1238.1022762446,71.1245311436
1238.8162913982,71.0959314371
1239.5303065517,71.0932123128
1240.2443217052,71.1684779162
1240.9583368588,71.0985711302
1241.6723520123,71.1778674152
1242.3863671659,71.4779025579
1243.1003823194,71.5839469734
1243.8143974730,71.7797635237
1244.5284126265,72.1066043658
1245.2424277800,72.2659683501
1245.9564429336,72.4967263347
1246.6704580871,72.8442936143
1247.3844732407,73.1972655758
1248.0984883942,73.4741160901
1248.8125035478,73.6338802164
1249.5265187013,74.0081785025
1250.2405338549,74.4706362901
1250.9545490084,74.6963068060
1251.6685641619,74.9164027403
1252.3825793155,75.0988361613
1253.0965944690,75.2180047206
1253.8106096226,75.4747994970
1254.5246247761,75.7053581344
1255.2386399297,75.8740698495
1255.9526550832,75.9863282856
1256.6666702367,76.0027219712
1257.3806853903,76.1868897104
1258.0947005438,76.4473883736
1258.8087156974,76.5541344216
1259.5227308509,76.6507203464
1260.2367460045,76.8407363516
1260.9507611580,77.1219222287
1261.6647763115,77.3141585653
1262.3787914651,77.4600896624
1263.0928066186,77.8262480096
1263.8068217722,78.1401431853
1264.5208369257,78.3374175000
1265.2348520793,78.7357359668
1265.9488672328,79.1171865150
1266.6628823864,79.3991059038
1267.3768975399,79.7893181558
1268.0909126934,80.2075472165
1268.8049278470,80.5930720700
1269.5189430005,80.8917416293
1270.2329581541,81.1573373693
1270.9469733076,81.5677874095
1271.6609884612,81.9717280024
1272.3750036147,82.2822468796
1273.0890187682,82.5831630978
1273.8030339218,82.8079901490
1274.5170490753,83.0551934480
1275.2310642289,83.4111396440
1275.9450793824,83.7380384742
1276.6590945360,83.9891549304
1277.3731096895,84.1770548717
1278.0871248431,84.4120870344
1278.8011399966,84.7883903757
1279.5151551501,85.0966111692
1280.2291703037,85.2363010460
1280.9431854572,85.4389327005
1281.6572006108,85.7741314345
1282.3712157643,86.0338295105
1283.0852309179,86.2221670399
1283.7992460714,86.5094389343
1284.5132612249,86.7692307864
1285.2272763785,86.9749092672
1285.9412915320,87.3023029759
1286.6553066856,87.6009942437
1287.3693218391,87.8027040767
1288.0833369927,88.0423674747
1288.7973521462,88.2939130503
1289.5113672997,88.5919171474
1290.2253824533,88.8691489899
1290.9393976068,89.0695750722
1291.6534127604,89.3839729794
1292.3674279139,89.7031625984
1293.0814430675,89.9762364716
1293.7954582210,90.3782467650
1294.5094733746,90.7004125260
1295.2234885281,90.9146835363
1295.9375036816,91.2509850494
1296.6515188352,91.6376070884
1297.3655339887,92.0090807470
1298.0795491423,92.3363683186
1298.7935642958,92.6174924568
1299.5075794494,92.9505496821
1300.2215946029,93.2894881072
1300.9356097564,93.5779408258
1301.6496249100,93.8086576106
1302.3636400635,94.0474439484
1303.0776552171,94.3394460058
1303.7916703706,94.4829699615
1304.5056855242,94.5343853775
1305.2197006777,94.6921224308
1305.9337158313,94.8079168989
1306.6477309848,94.8657358714
1307.3617461383,94.9875224875
1308.0757612919,95.1380090644
1308.7897764454,95.2438613982
1309.5037915990,95.2647817543
1310.2178067525,95.3661615569
1310.9318219061,95.5030009582
1311.6458370596,95.4787188108
1312.3598522131,95.5869038586
1313.0738673667,95.7761882153
1313.7878825202,95.7497446585
1314.5018976738,95.8553422989
1315.2159128273,95.9757981113
1315.9299279809,95.9028832378
1316.6439431344,95.9932462248
1317.3579582879,96.0856699835
1318.0719734415,96.0602215296
1318.7859885950,96.1906233811
1319.5000037486,96.2650964424
1320.2140189021,96.2197666559
1320.9280340557,96.2012255802
1321.6420492092,96.2124525113
1322.3560643628,96.2847798962
1323.0700795163,96.2498543293
1323.7840946698,96.2000267071
1324.4981098234,96.2667417217
1325.2121249769,96.2182285515
1325.9261401305,96.1796611326
1326.6401552840,96.0973547345
1327.3541704376,95.8485657547
1328.0681855911,95.7336653646
1328.7822007446,95.4980669263
1329.4962158982,95.1430162701
1330.2102310517,94.9379418575
1330.9242462053,94.4904124438
1331.6382613588,93.9865149981
1332.3522765124,93.4755925127
1333.0662916659,92.6575149391
1333.7803068195,91.9941288257
1334.4943219730,91.2736230449
1335.2083371265,90.3349239044
1335.9223522801,89.6770677233
1336.6363674336,89.0320077468
1337.3503825872,88.3406528966
1338.0643977407,87.9203710563
1338.7784128943,87.7161229188
1339.4924280478,87.7682165445
1340.2064432013,87.9786598854
1340.9204583549,88.2098248304
1341.6344735084,88.6819302523
1342.3484886620,89.4739155574
1343.0625038155,90.2578855587
1343.7765189691,91.0198561454
1344.4905341226,91.9549423923
1345.2045492761,92.6713775412
1345.9185644297,93.3681483202
1346.6325795832,94.1721528673
1347.3465947368,94.6276011408
1348.0606098903,95.0927162143
1348.7746250439,95.5451954801
1349.4886401974,95.7522593776
1350.2026553510,96.0925134230
1350.9166705045,96.2805178521
1351.6306856580,96.3659436230
1352.3447008116,96.6356904398
1353.0587159651,96.6806156864
1353.7727311187,96.7300952900
1354.4867462722,96.8746089456
1355.2007614258,96.7739061386
1355.9147765793,96.8582254765
1356.6287917328,96.9930823823
1357.3428068864,96.8776337170
1358.0568220399,96.9291961689
1358.7708371935,96.9594504119
1359.4848523470,96.8002698559
1360.1988675006,96.8588278988
1360.9128826541,96.9450311974
1361.6268978077,96.6695737547
1362.3409129612,96.5035451713
1363.0549281147,96.7182162645
1363.7689432683,96.6787944082
1364.4829584218,96.2591354733
1365.1969735754,96.0327159804
1365.9109887289,95.9718336106
1366.6250038825,95.7755516999
1367.3390190360,95.7584694206
1368.0530341895,95.8535778631
1368.7670493431,95.7666583245
1369.4810644966,95.7528514991
1370.1950796502,95.7712502183
1370.9090948037,95.8961855744
1371.6231099573,96.0545392473
1372.3371251108,95.9067324594
1373.0511402643,95.9569808364
1373.7651554179,96.2749396531
1374.4791705714,96.2536395855
1375.1931857250,96.3192169113
1375.9072008785,96.3394904349
1376.6212160321,96.2251218097
1377.3352311856,96.3056882016
1378.0492463392,96.3329994479
1378.7632614927,96.3562402134
1379.4772766462,96.4840714928
1380.1912917998,96.4338114621
1380.9053069533,96.4498599917
1381.6193221069,96.4717035629
1382.3333372604,96.3681697228
1383.0473524140,96.4000095247
1383.7613675675,96.2947155992
1384.4753827210,96.1983628536
1385.1893978746,96.3452861056
1385.9034130281,96.2527753311
1386.6174281817,96.2411406466
1387.3314433352,96.7062733926
1388.0454584888,96.6773428892
1388.7594736423,96.4326262492
1389.4734887959,96.3806594535
1390.1875039494,96.3160755349
1390.9015191029,96.2782059538
1391.6155342565,96.2643269729
1392.3295494100,96.2464631391
1393.0435645636,96.0556338440
1393.7575797171,95.8075278847
1394.4715948707,96.1236147438
1395.1856100242,96.0881241910
1395.8996251777,95.5215828671
1396.6136403313,95.3349314839
1397.3276554848,95.0254671273
1398.0416706384,94.6699052102
1398.7556857919,94.7892038299
1399.4697009455,94.4618342963
1400.1837160990,93.8648382474
1400.8977312526,93.4388866406
1401.6117464061,92.9075948735
1402.3257615596,92.6745835020
1403.0397767132,92.1472238982
1403.7537918667,91.3657367740
1404.4678070203,91.1428508146
1405.1818221738,90.6251002173
1405.8958373274,89.8806125330
1406.6098524809,89.3675670352
1407.3238676344,88.7468396879
1408.0378827880,88.7633044308
1408.7518979415,88.6848104344
1409.4659130951,88.6547267093
1410.1799282486,89.2836650415
1410.8939434022,89.6004123286
1411.6079585557,90.3674646737
1412.3219737092,91.3296878451
1413.0359888628,91.9856162114
1413.7500040163,93.0229464144
1414.4640191699,93.7214449770
1415.1780343234,94.4187608053
1415.8920494770,95.1555091490
1416.6060646305,95.4882694443
1417.3200797841,96.2152571322
1418.0340949376,96.4514625837
1418.7481100911,96.5467113234
1419.4621252447,98.4019980775
1420.1761403982,97.3965258250
1420.8901555518,96.9913757643
1421.6041707053,97.3303920916
1422.3181858589,97.2619453303
1423.0322010124,97.1893779308
1423.7462161659,97.6604566685
1424.4602313195,97.5229436869
1425.1742464730,97.3408831455
1425.8882616266,97.3903160755
1426.6022767801,97.2446242765
1427.3162919337,97.1793490584
1428.0303070872,97.1199200721
1428.7443222408,96.8952910285
1429.4583373943,96.9674813606
1430.1723525478,97.2019954444
1430.8863677014,96.8470106796
1431.6003828549,96.5713756122
1432.3143980085,96.5569453996
1433.0284131620,96.4416824377
1433.7424283156,96.3549295048
1434.4564434691,96.3607765939
1435.1704586226,96.0484057759
1435.8844737762,95.8048698685
1436.5984889297,96.8276352691
1437.3125040833,96.5878194998
1438.0265192368,95.8967218510
1438.7405343904,95.7399166908
1439.4545495439,95.7713603989
1440.1685646974,95.6671751386
1440.8825798510,95.6110087754
1441.5965950045,95.6324518915
1442.3106101581,95.6269282529
1443.0246253116,95.5999934262
1443.7386404652,95.5541023260
1444.4526556187,95.5451322375
1445.1666707723,95.5717940028
1445.8806859258,95.5249640481
1446.5947010793,95.4203649807
1447.3087162329,95.5325609761
1448.0227313864,95.8902612926
1448.7367465400,95.6136560176
1449.4507616935,95.3692015341
1450.1647768471,95.4406316733
1450.8787920006,95.3095105573
1451.5928071541,95.2462330217
1452.3068223077,95.6036830240
1453.0208374612,95.4363707577
1453.7348526148,95.2367082957
1454.4488677683,95.6056051491
1455.1628829219,95.5982641918
1455.8768980754,95.3892019378
1456.5909132290,96.6662620624
1457.3049283825,96.6154633566
1458.0189435360,96.0327063131
1458.7329586896,96.1329230800
1459.4469738431,96.0182904533
1460.1609889967,95.9019145485
1460.8750041502,95.8894748848
1461.5890193038,95.8438989748
1462.3030344573,95.9266774445
1463.0170496108,95.9265010937
1463.7310647644,95.7326634173
1464.4450799179,95.8448682926
1465.1590950715,96.3047041532
1465.8731102250,95.7671306862
1466.5871253786,95.3129595111
1467.3011405321,95.2159234728
1468.0151556856,95.0969715505
1468.7291708392,94.7676149182
1469.4431859927,94.5644146832
1470.1572011463,94.3357103335
1470.8712162998,94.0978999246
1471.5852314534,94.6609505250
1472.2992466069,95.2846380114
1473.0132617605,95.1646221120
1473.7272769140,95.9324367610
1474.4412920675,95.6721057847
1475.1553072211,95.3158948803
1475.8693223746,95.9111449054
1476.5833375282,96.3720162619
1477.2973526817,95.8812616186
1478.0113678353,95.9588113858
1478.7253829888,96.2173963044
1479.4393981423,96.2252886065
1480.1534132959,96.2231158666
1480.8674284494,96.4766244187
1481.5814436030,96.7129570600
1482.2954587565,96.6064515364
1483.0094739101,96.6693673865
1483.7234890636,96.8626139598
1484.4375042172,96.8563516572
1485.1515193707,96.9624881499
1485.8655345242,97.0037319932
1486.5795496778,97.0548441814
1487.2935648313,97.5558948754
1488.0075799849,97.3227055854
1488.7215951384,96.9804456519
1489.4356102920,97.4033762274
1490.1496254455,97.7878209482
1490.8636405990,97.4732689051
1491.5776557526,97.3854945370
1492.2916709061,97.1612201643
1493.0056860597,97.0298215597
1493.7197012132,97.1322371917
1494.4337163668,97.0557959880
1495.1477315203,96.8684219662
1495.8617466738,97.1501788332
1496.5757618274,97.6320296626
1497.2897769809,96.7816101917
1498.0037921345,96.3772094786
1498.7178072880,97.0018509044
1499.4318224416,96.5678209577
1500.1458375951,95.7458997814
1500.8598527487,95.5043440944
1501.5738679022,95.2443001451
1502.2878830557,94.8273380935
1503.0018982093,94.4979121564
1503.7159133628,93.8929516814
1504.4299285164,93.4778228605
1505.1439436699,93.8889518972
1505.8579588235,94.7963954923
1506.5719739770,94.8041662642
1507.2859891305,95.8430512662
1508.0000042841,96.0666941903
1508.7140194376,96.0578519806
1509.4280345912,96.5430826232
1510.1420497447,96.7413226648
1510.8560648983,96.6071405091
1511.5700800518,96.6860771056
1512.2840952054,97.1702389295
1512.9981103589,97.1313006074
1513.7121255124,96.7971398555
1514.4261406660,96.8856006515
1515.1401558195,97.1133578549
1515.8541709731,96.9207593106
1516.5681861266,97.3000281049
1517.2822012802,97.9624902810
1517.9962164337,97.0885946133
1518.7102315872,96.7895367396
1519.4242467408,96.6159099370
1520.1382618943,96.6937252721
1520.8522770479,97.6104749635
1521.5662922014,97.0585801512
1522.2803073550,96.7849870961
1522.9943225085,97.1245324122
1523.7083376621,96.5594313670
1524.4223528156,96.1902123715
1525.1363679691,96.7075094711
1525.8503831227,96.7911666778
1526.5643982762,96.4052189018
1527.2784134298,96.4781349966
1527.9924285833,96.5811967316
1528.7064437369,96.5903218981
1529.4204588904,96.5424983963
1530.1344740439,96.2423776372
1530.8484891975,96.2864602322
1531.5625043510,96.5940063104
1532.2765195046,96.2971876113
1532.9905346581,96.3608286945
1533.7045498117,97.5620550939
1534.4185649652,96.7734713175
1535.1325801187,96.3402876871
1535.8465952723,96.4573721758
1536.5606104258,96.4160081771
1537.2746255794,96.3059340167
1537.9886407329,96.3305537629
1538.7026558865,96.5956745659
1539.4166710400,98.0197925374
1540.1306861936,97.4773773847
1540.8447013471,96.4487079625
1541.5587165006,96.3710577673
1542.2727316542,96.9643068715
1542.9867468077,96.5731818008
1543.7007619613,96.0839500348
1544.4147771148,95.9284860713
1545.1287922684,96.4443933914
1545.8428074219,96.3582903453
1546.5568225754,95.9309215354
1547.2708377290,95.9350159475
1547.9848528825,96.0182365155
1548.6988680361,95.7981199709
1549.4128831896,95.9452293185
1550.1268983432,96.4385931694
1550.8409134967,95.9586898906
1551.5549286503,95.7729488281
1552.2689438038,95.9386774672
1552.9829589573,95.8502707906
1553.6969741109,95.9888368599
1554.4109892644,96.7933667923
1555.1250044180,96.1082847027
1555.8390195715,95.8089693217
1556.5530347251,95.8217073046
1557.2670498786,95.9040386025
1557.9810650321,97.7159094549
1558.6950801857,96.9468270296
1559.4090953392,96.0690581855
1560.1231104928,98.0323237891
1560.8371256463,96.3856769090
1561.5511407999,95.6134500135
1562.2651559534,95.6478116677
1562.9791711069,95.6832975337
1563.6931862605,95.4495000093
1564.4072014140,95.7476258237
1565.1212165676,95.9750006616
1565.8352317211,95.6304219601
1566.5492468747,95.5302872393
1567.2632620282,95.4764390550
1567.9772771818,95.3863310183
1568.6912923353,95.5285358939
1569.4053074888,96.1648447139
1570.1193226424,96.0429142412
1570.8333377959,95.4396105191
1571.5473529495,95.2669283353
1572.2613681030,95.2509709346
1572.9753832566,95.1358419547
1573.6893984101,95.1791290263
1574.4034135636,95.0482076024
1575.1174287172,94.7817704010
1575.8314438707,95.6838776161
1576.5454590243,96.1915339331
1577.2594741778,94.9409816577
1577.9734893314,94.7183918514
1578.6875044849,94.8142694808
1579.4015196385,94.8100609623
1580.1155347920,94.8995435112
1580.8295499455,94.9056996039
1581.5435650991,95.0267074764
1582.2575802526,95.3307742929
1582.9715954062,95.3728956534
1583.6856105597,95.4815671254
1584.3996257133,95.6126690656
1585.1136408668,95.5343547349
1585.8276560203,95.6114700311
1586.5416711739,95.6667366754
1587.2556863274,95.6244834943
1587.9697014810,95.6269333731
1588.6837166345,95.5303822842
1589.3977317881,95.5885068335
1590.1117469416,95.7123533075
1590.8257620951,95.5667298770
1591.5397772487,95.5143289761
1592.2537924022,95.5646603219
1592.9678075558,95.5055506044
1593.6818227093,95.5523038603
1594.3958378629,95.6398739415
1595.1098530164,95.5254522230
1595.8238681700,95.3673613607
1596.5378833235,95.3941037479
1597.2518984770,95.4712937281
1597.9659136306,95.3811656293
1598.6799287841,95.3428458942
1599.3939439377,95.3764737190
1600.1079590912,95.3358390844
1600.8219742448,95.3665884541
1601.5359893983,95.3073708158
1602.2500045518,95.2110388912
1602.9640197054,95.3478567782
1603.6780348589,95.3196792796
1604.3920500125,95.1442058390
1605.1060651660,95.1521707681
1605.8200803196,95.1277337649
1606.5340954731,95.1173677315
1607.2481106267,95.1737517146
1607.9621257802,95.1220084861
1608.6761409337,95.1544771452
1609.3901560873,95.1517320923
1610.1041712408,94.9865083483
1610.8181863944,94.9124377046
1611.5322015479,94.8471815695
1612.2462167015,94.8279163741
1612.9602318550,94.8472541153
1613.6742470085,94.8068774058
1614.3882621621,94.8015362502
1615.1022773156,94.6888339229
1615.8162924692,94.7176945192
1616.5303076227,95.8834233778
1617.2443227763,95.4101579281
1617.9583379298,94.7788959485
1618.6723530833,94.7516807965
1619.3863682369,94.5408012813
1620.1003833904,94.3843383025
1620.8143985440,94.5241104645
1621.5284136975,94.3825011160
1622.2424288511,94.2166882764
1622.9564440046,94.6087596666
1623.6704591582,94.9392326004
1624.3844743117,94.3007691198
1625.0984894652,94.0223100130
1625.8125046188,94.0177964790
1626.5265197723,93.9638707123
1627.2405349259,94.0143572517
1627.9545500794,94.2187783834
1628.6685652330,93.8969957257
1629.3825803865,93.7008131346
1630.0965955400,93.7746880682
1630.8106106936,93.7213285196
1631.5246258471,93.6640909009
1632.2386410007,93.6320819969
1632.9526561542,93.4860776670
1633.6666713078,93.4045641160
1634.3806864613,93.4796086211
1635.0947016149,94.7540145887
1635.8087167684,94.5952560797
1636.5227319219,93.3353631151
1637.2367470755,93.3861272327
1637.9507622290,93.5026992898
1638.6647773826,93.0431707048
1639.3787925361,93.0683549675
1640.0928076897,93.0798110309
1640.8068228432,92.8920807927
1641.5208379967,93.0744729113
1642.2348531503,92.9660807622
1642.9488683038,92.8263754525
1643.6628834574,92.9863641361
1644.3768986109,92.7402381980
1645.0909137645,92.8386078711
1645.8049289180,93.7632313274
1646.5189440715,92.9298476152
1647.2329592251,92.9906698005
1647.9469743786,93.5598126076
1648.6609895322,92.7578820690
1649.3750046857,92.5073208446
1650.0890198393,92.4800910650
1650.8030349928,92.3154862571
1651.5170501464,92.3684572971
1652.2310652999,93.2423856049
1652.9450804534,95.5285317281
1653.6590956070,92.9292210176
1654.3731107605,92.6370982169
1655.0871259141,92.4334924790
1655.8011410676,91.9024370861
1656.5151562212,91.7885049105
1657.2291713747,91.9260760268
1657.9431865282,91.6368410025
1658.6572016818,91.5621455501
1659.3712168353,91.5235489461
1660.0852319889,91.3367268473
1660.7992471424,91.4831326368
1661.5132622960,91.3206804649
1662.2272774495,91.2624135996
1662.9412926031,91.7374359089
1663.6553077566,90.8542316192
1664.3693229101,90.6377083949
1665.0833380637,90.8421315464
1665.7973532172,90.3477339275
1666.5113683708,90.2070011755
1667.2253835243,90.1931817792
1667.9393986779,89.8191374342
1668.6534138314,90.3577796420
1669.3674289849,90.8050590494
1670.0814441385,89.5349131646
1670.7954592920,89.6086566405
1671.5094744456,89.8154409831
1672.2234895991,89.3692039915
1672.9375047527,89.1209733644
1673.6515199062,88.7821256107
1674.3655350598,88.8019738121
1675.0795502133,89.6499511545
1675.7935653668,88.8881620672
1676.5075805204,88.3197696142
1677.2215956739,88.1918066199
1677.9356108275,88.0536088483
1678.6496259810,87.7672777725
1679.3636411346,87.5164033458
1680.0776562881,87.6364993693
1680.7916714416,87.3632980010
1681.5056865952,86.8421879584
1682.2197017487,86.8390361837
1682.9337169023,87.1172872430
1683.6477320558,87.4257206634
1684.3617472094,87.9679163893
1685.0757623629,87.1100661383
1685.7897775164,86.4310845496
1686.5037926700,86.1101351952
1687.2178078235,85.8971335593
1687.9318229771,85.8981635248
1688.6458381306,85.5596173145
1689.3598532842,85.3223137758
1690.0738684377,85.2967636863
1690.7878835913,84.8532365864
1691.5018987448,84.5587543182
1692.2159138983,84.2267998200
1692.9299290519,83.7167617397
1693.6439442054,83.5951753424
1694.3579593590,83.1892349949
1695.0719745125,82.8909077526
1695.7859896661,84.8477133320
1696.5000048196,82.2973566609
1697.2140199731,81.5663487016
1697.9280351267,81.3249249604
1698.6420502802,80.3756743688
1699.3560654338,80.1635185956
1700.0700805873,101.4081918541
1700.7840957409,79.8409049834
1701.4981108944,78.7144871875
1702.2121260480,77.9224827595
1702.9261412015,77.0832155902
1703.6401563550,76.8897637117
1704.3541715086,76.4882352155
1705.0681866621,75.6960414317
1705.7822018157,75.1616670526
1706.4962169692,74.7345191500
1707.2102321228,74.3817771245
1707.9242472763,73.6718697818
1708.6382624298,73.1415106464
1709.3522775834,72.9435410966
1710.0662927369,72.5439895409
1710.7803078905,72.5323575792
1711.4943230440,72.3717487495
1712.2083381976,72.0555999472
1712.9223533511,72.3932205003
1713.6363685046,72.4187869748
1714.3503836582,72.4699772295
1715.0643988117,73.7090941827
1715.7784139653,73.6584419379
1716.4924291188,73.5835460166
1717.2064442724,74.6255029888
1717.9204594259,75.8171807272
1718.6344745795,76.1213194576
1719.3484897330,76.4842695885
1720.0625048865,76.7138975510
1720.7765200401,77.2439980005
1721.4905351936,77.9834871887
1722.2045503472,78.4780708631
1722.9185655007,79.0395179503
1723.6325806543,79.7981124718
1724.3465958078,80.2433679004
1725.0606109613,80.6800540779
1725.7746261149,81.3087096302
1726.4886412684,81.7867192611
1727.2026564220,82.3645306759
1727.9166715755,83.0628843777
1728.6306867291,83.4448132592
1729.3447018826,84.1016587235
1730.0587170362,85.1895353676
1730.7727321897,85.5344948955
1731.4867473432,85.8668740799
1732.2007624968,86.4030948319
1732.9147776503,87.0228539701
1733.6287928039,88.0981872434
1734.3428079574,89.4342133342
1735.0568231110,89.8698747592
1735.7708382645,89.7942510730
1736.4848534180,89.9392788568
1737.1988685716,90.8401475575
1737.9128837251,91.4539971434
1738.6268988787,91.5418475694
1739.3409140322,92.5220595391
1740.0549291858,93.8392765676
1740.7689443393,93.7551086551
1741.4829594928,93.9578275338
1742.1969746464,94.3649613137
1742.9109897999,95.1508993391
1743.6250049535,95.8440909968
1744.3390201070,96.0671650743
1745.0530352606,96.4524178150
1745.7670504141,96.7150256492
1746.4810655677,97.0582465261
1747.1950807212,97.4625680094
1747.9090958747,97.4601165587
1748.6231110283,98.1624627645
1749.3371261818,98.5284890077
1750.0511413354,97.8381014773
1750.7651564889,98.0471525789
1751.4791716425,99.3979638886
1752.1931867960,98.6273697352
1752.9072019495,98.3436645379
1753.6212171031,98.4610109110
1754.3352322566,98.5748159953
1755.0492474102,98.5745120447
1755.7632625637,98.4233422690
1756.4772777173,98.6910643519
1757.1912928708,99.2276332239
1757.9053080244,98.8036924164
1758.6193231779,98.5823645320
1759.3333383314,98.9086324787
1760.0473534850,98.7760578811
1760.7613686385,98.4349385104
1761.4753837921,98.9178868840
1762.1893989456,99.3381580176
1762.9034140992,98.7583822108
1763.6174292527,98.6815767476
1764.3314444062,98.8723044290
1765.0454595598,98.7332732390
1765.7594747133,98.7559965216
1766.4734898669,98.7038806110
1767.1875050204,98.4253683004
1767.9015201740,98.8682434239
1768.6155353275,99.3642677041
1769.3295504810,98.6890390121
1770.0435656346,98.5179676227
1770.7575807881,98.9373685465
1771.4715959417,98.9019121323
1772.1856110952,98.9423878413
1772.8996262488,99.6112961612
1773.6136414023,98.9565174772
1774.3276565559,98.4310720364
1775.0416717094,98.5128132259
1775.7556868629,98.8227283802
1776.4697020165,98.6570324326
1777.1837171700,98.4947490515
1777.8977323236,98.4952134672
1778.6117474771,98.5268857766
1779.3257626307,98.4663590728
1780.0397777842,98.4465584845
1780.7537929377,98.7601896788
1781.4678080913,98.7285697180
1782.1818232448,98.5015832989
1782.8958383984,98.5161680158
1783.6098535519,98.3821693896
1784.3238687055,98.3072991521
1785.0378838590,98.7073632637
1785.7518990126,98.5900517779
1786.4659141661,98.3774985356
1787.1799293196,98.4152878056
1787.8939444732,98.3758003025
1788.6079596267,98.4268550063
1789.3219747803,98.2982804482
1790.0359899338,98.1646570960
1790.7500050874,98.5378162199
1791.4640202409,98.2359858282
1792.1780353944,98.0289790826
1792.8920505480,99.3303022845
1793.6060657015,98.6853484091
1794.3200808551,98.0050341004
1795.0340960086,98.2769950367
1795.7481111622,98.2613244409
1796.4621263157,98.0434737800
1797.1761414693,98.2232653989
1797.8901566228,97.9714938987
1798.6041717763,97.8967294639
1799.3181869299,98.3854078341
1800.0322020834,98.3518828274
1800.7462172370,98.1040456920
1801.4602323905,98.0946679686
1802.1742475441,98.2283475034
1802.8882626976,98.2661049218
1803.6022778511,98.0505204912
1804.3162930047,97.9459643317
1805.0303081582,98.0058639148
1805.7443233118,98.0221583969
1806.4583384653,98.0124832297
1807.1723536189,97.9229132003
1807.8863687724,97.9793378687
1808.6003839259,97.9932212057
1809.3143990795,97.7544255643
1810.0284142330,97.9933302283
1810.7424293866,98.4152857709
1811.4564445401,98.0324857013
1812.1704596937,97.9235287894
1812.8844748472,98.1131210283
1813.5984900008,97.9724025635
1814.3125051543,97.8978609376
1815.0265203078,97.9554250573
1815.7405354614,97.9733780199
1816.4545506149,97.9968456871
1817.1685657685,97.9956173875
1817.8825809220,98.0168981333
1818.5965960756,97.8628853395
1819.3106112291,97.7452702493
1820.0246263826,97.9641050358
1820.7386415362,97.8995827636
1821.4526566897,97.6550550001
1822.1666718433,97.8280221842
1822.8806869968,97.9218981100
1823.5947021504,97.6978500715
1824.3087173039,97.6912197718
1825.0227324575,98.1635413352
1825.7367476110,98.2882408181
1826.4507627645,97.8374675759
1827.1647779181,97.7501553217
1827.8787930716,97.9439546847
1828.5928082252,97.8353125281
1829.3068233787,97.9914740182
1830.0208385323,98.3630553337
1830.7348536858,97.9909167170
1831.4488688393,97.9109457430
1832.1628839929,97.9278530478
1832.8768991464,97.7455095986
1833.5909143000,97.7836381525
1834.3049294535,97.8288685956
1835.0189446071,97.8114193095
1835.7329597606,97.8765572219
1836.4469749141,97.8376118358
1837.1609900677,97.9346576775
1837.8750052212,97.9938143062
1838.5890203748,97.8019415662
1839.3030355283,97.8780564370
1840.0170506819,97.9254578520
1840.7310658354,97.7285047616
1841.4450809890,97.9192147815
1842.1590961425,98.0752332843
1842.8731112960,97.7154004112
1843.5871264496,97.7397756365
1844.3011416031,98.7482359284
1845.0151567567,98.3907026034
1845.7291719102,97.9404227492
1846.4431870638,97.9302229324
1847.1572022173,97.9299218927
1847.8712173708,97.9415221690
1848.5852325244,98.1611608341
1849.2992476779,98.0363042616
1850.0132628315,97.8802442146
1850.7272779850,98.0461831989
1851.4412931386,98.0543119926
1852.1553082921,98.0853901350
1852.8693234457,98.1214574722
1853.5833385992,97.9117084461
1854.2973537527,98.0474576411
1855.0113689063,98.1713043736
1855.7253840598,97.8553672331
1856.4393992134,97.8680014651
1857.1534143669,97.9814582636
1857.8674295205,97.9090919701
1858.5814446740,98.0984903618
1859.2954598275,98.0568650689
1860.0094749811,97.7582529234
1860.7234901346,97.7620029947
1861.4375052882,97.8391018424
1862.1515204417,97.9184018394
1862.8655355953,98.0623393938
1863.5795507488,98.1220951919
1864.2935659023,98.0299856999
1865.0075810559,97.8127750149
1865.7215962094,97.7599928366
1866.4356113630,97.8794361981
1867.1496265165,97.9474381325
1867.8636416701,98.0697790650
1868.5776568236,98.0790686043
1869.2916719772,98.1766185583
1870.0056871307,98.2567934030
1870.7197022842,97.8810663240
1871.4337174378,97.8289963053
1872.1477325913,98.0894679381
1872.8617477449,97.7900444435
1873.5757628984,97.7195022031
1874.2897780520,97.9957944702
1875.0037932055,97.8811300460
1875.7178083590,97.9206861503
1876.4318235126,97.9732806247
1877.1458386661,97.8719390041
1877.8598538197,97.9997522962
1878.5738689732,97.8701458139
1879.2878841268,97.8071498521
1880.0018992803,98.0276726871
1880.7159144339,97.8900523992
1881.4299295874,97.9978372067
1882.1439447409,98.2173697040
1882.8579598945,97.9205688753
1883.5719750480,97.8691217409
1884.2859902016,97.9941123066
1885.0000053551,97.9320410620
1885.7140205087,97.9524956999
1886.4280356622,97.8786625963
1887.1420508157,97.8631010865
1887.8560659693,97.6863309972
1888.5700811228,97.3870745051
1889.2840962764,97.9382519207
1889.9981114299,98.3045058324
1890.7121265835,97.8303667831
1891.4261417370,97.8801451964
1892.1401568905,97.8520422524
1892.8541720441,97.7132134035
1893.5681871976,97.9849595178
1894.2822023512,97.7316064557
1894.9962175047,97.5088941700
1895.7102326583,97.8797439973
1896.4242478118,97.7601272442
1897.1382629654,97.7215325821
1897.8522781189,97.9542490971
1898.5662932724,97.8505693782
1899.2803084260,97.8823467391
1899.9943235795,97.8582646416
1900.7083387331,97.6617381012
1901.4223538866,97.7528979476
1902.1363690402,97.8198537476
1902.8503841937,97.8966683341
1903.5643993472,97.9495637929
1904.2784145008,97.7449927172
1904.9924296543,97.9040164423
1905.7064448079,98.0703415295
1906.4204599614,97.7175124294
1907.1344751150,97.6752826817
1907.8484902685,97.8446540460
1908.5625054221,97.5924740409
1909.2765205756,97.5068701921
1909.9905357291,97.8661098058
1910.7045508827,97.9246747946
1911.4185660362,97.5925229646
1912.1325811898,97.6744357999
1912.8465963433,98.0924499921
1913.5606114969,97.9074260077
1914.2746266504,97.5503882934
1914.9886418039,97.8457902208
1915.7026569575,98.0661305287
1916.4166721110,97.6644289663
1917.1306872646,97.5110044483
1917.8447024181,97.9324900958
1918.5587175717,97.7964016800
1919.2727327252,97.4712080335
1919.9867478788,97.6460919274
1920.7007630323,97.5923703370
1921.4147781858,97.4449571864
1922.1287933394,97.8663497035
1922.8428084929,97.8152206292
1923.5568236465,97.4902808222
1924.2708388000,97.8576770204
1924.9848539536,97.7977145644
1925.6988691071,97.4965974004
1926.4128842606,97.7242903954
1927.1268994142,97.6645060181
1927.8409145677,97.5163952479
1928.5549297213,97.6906506020
1929.2689448748,97.6049318405
1929.9829600284,97.3924198462
1930.6969751819,97.3074459373
1931.4109903354,97.3870094678
1932.1250054890,97.4975045534
1932.8390206425,97.3668350665
1933.5530357961,97.5226677277
1934.2670509496,97.7350183776
1934.9810661032,97.4320309044
1935.6950812567,97.4178992007
1936.4090964103,97.5628723323
1937.1231115638,97.4286090880
1937.8371267173,97.6467568071
1938.5511418709,97.5915627794
1939.2651570244,97.0947342439
1939.9791721780,97.2828479283
1940.6931873315,97.5824276439
1941.4072024851,97.4080695695
1942.1212176386,97.7037416157
1942.8352327921,98.0847843011
1943.5492479457,97.4859652438
1944.2632630992,97.1557835869
1944.9772782528,97.6005947238
1945.6912934063,97.7653470273
1946.4053085599,97.2768715761
1947.1193237134,96.7604278938
1947.8333388670,96.5363819770
1948.5473540205,96.9963174284
1949.2613691740,97.4610057445
1949.9753843276,96.9158936361
1950.6893994811,96.9164032399
1951.4034146347,97.6784063563
1952.1174297882,97.3459561219
1952.8314449418,96.9536745054
1953.5454600953,97.3937395632
1954.2594752488,97.3917925142
1954.9734904024,97.2195168566
1955.6875055559,97.3189444303
1956.4015207095,97.2190711935
1957.1155358630,97.0755423765
1957.8295510166,97.0457918033
1958.5435661701,97.3944051348
1959.2575813236,97.7854401501
1959.9715964772,97.4661132053
1960.6856116307,97.3804691329
1961.3996267843,97.6481475359
1962.1136419378,97.4263061538
1962.8276570914,97.5568659157
1963.5416722449,97.6440007953
1964.2556873985,96.9831752292
1964.9697025520,97.4228199997
1965.6837177055,98.1102796107
1966.3977328591,96.8118837352
1967.1117480126,96.4029464130
1967.8257631662,97.9441565076
1968.5397783197,97.6552419122
1969.2537934733,97.0085127288
1969.9678086268,97.6854507985
1970.6818237803,97.4142866815
1971.3958389339,97.3234369710
1972.1098540874,98.0802085923
1972.8238692410,97.6824815227
1973.5378843945,97.8497444298
1974.2518995481,97.9629893685
1974.9659147016,96.5959276003
1975.6799298552,97.3211603678
1976.3939450087,98.4533962278
1977.1079601622,97.2776264527
1977.8219753158,97.4479788140
1978.5359904693,98.1253392639
1979.2500056229,97.7524175391
1979.9640207764,97.8364895019
1980.6780359300,96.8642669661
1981.3920510835,96.1827446080
1982.1060662370,97.1553714699
1982.8200813906,96.8379071587
1983.5340965441,96.3486055763
1984.2481116977,97.3413145063
1984.9621268512,97.6916017681
1985.6761420048,97.4067569292
1986.3901571583,97.2052837716
1987.1041723118,97.1178652978
1987.8181874654,97.3965266093
1988.5322026189,97.3157043760
1989.2462177725,97.1919242435
1989.9602329260,97.2965849218
1990.6742480796,97.3524775046
1991.3882632331,97.7731406584
1992.1022783867,97.3170715229
1992.8162935402,96.7609668860
1993.5303086937,97.7515783704
1994.2443238473,97.8231802674
1994.9583390008,97.1929817387
1995.6723541544,97.9157286536
1996.3863693079,97.9706962466
1997.1003844615,97.3449422875
1997.8143996150,97.4576639206
1998.5284147685,97.4469366487
1999.2424299221,97.6834428947
1999.9564450756,98.0122992283
2000.6704602292,97.8872865986
2001.3844753827,97.9629955971
2002.0984905363,97.7176314260
2002.8125056898,97.7049006863
2003.5265208434,98.1313039131
2004.2405359969,97.5552981757
2004.9545511504,97.5012947481
2005.6685663040,98.1259637771
2006.3825814575,97.4749335573
2007.0965966111,97.1927853216
2007.8106117646,97.4528401635
2008.5246269182,97.0552234663
2009.2386420717,97.2697452453
2009.9526572252,97.7718181553
2010.6666723788,97.6820755124
2011.3806875323,97.3813414818
2012.0947026859,97.1586079402
2012.8087178394,97.5034360630
2013.5227329930,97.6519098052
2014.2367481465,97.2950354154
2014.9507633000,97.2870764602
2015.6647784536,97.0082494050
2016.3787936071,97.0942430253
2017.0928087607,97.9692307960
2017.8068239142,97.8032306267
2018.5208390678,97.7649110393
2019.2348542213,98.3320245485
2019.9488693749,97.7363422641
2020.6628845284,97.4330906822
2021.3768996819,98.0316831762
2022.0909148355,97.9343094511
2022.8049299890,97.9177445911
2023.5189451426,98.2959032832
2024.2329602961,97.9478818156
2024.9469754497,97.4638993572
2025.6609906032,97.7053085010
2026.3750057567,98.1630313866
2027.0890209103,98.2793917745
2027.8030360638,98.2594211810
2028.5170512174,97.8872326416
2029.2310663709,97.0988910978
2029.9450815245,97.2716847454
2030.6590966780,97.9301927947
2031.3731118316,97.5720996883
2032.0871269851,97.3077084539
2032.8011421386,97.6784607733
2033.5151572922,97.5142472170
2034.2291724457,97.1139326896
2034.9431875993,97.1802766734
2035.6572027528,97.3758306500
2036.3712179064,97.5175907400
2037.0852330599,97.8962065669
2037.7992482134,98.0234795606
2038.5132633670,97.7090007895
2039.2272785205,97.9229033128
2039.9412936741,98.0164323559
2040.6553088276,97.0141956814
2041.3693239812,96.8094180438
2042.0833391347,97.8988544272
2042.7973542883,98.2985505316
2043.5113694418,97.8866632838
2044.2253845953,97.4754581764
2044.9393997489,97.4747542043
2045.6534149024,97.6998882444
2046.3674300560,97.5578310283
2047.0814452095,97.4459992862
2047.7954603631,97.2582770308
2048.5094755166,96.9538158622
2049.2234906701,97.5578573986
2049.9375058237,97.7812661285
2050.6515209772,97.0275821323
2051.3655361308,97.0538655917
2052.0795512843,97.1590486470
2052.7935664379,96.9396821662
2053.5075815914,97.3712788465
2054.2215967449,97.3093682838
2054.9356118985,96.7461413018
2055.6496270520,97.0344204902
2056.3636422056,97.3292549274
2057.0776573591,97.2077634922
2057.7916725127,97.2566237806
2058.5056876662,97.3973901212
2059.2197028198,97.6395897296
2059.9337179733,97.6613803201
2060.6477331268,97.2222070121
2061.3617482804,96.8248063982
2062.0757634339,96.7858230888
2062.7897785875,97.1656467961
2063.5037937410,97.2587307464
2064.2178088946,96.9955640643
2064.9318240481,97.3594997943
2065.6458392016,97.5787909064
2066.3598543552,97.1165223243
2067.0738695087,97.1806152764
2067.7878846623,97.4335148299
2068.5018998158,97.3354508290
2069.2159149694,97.3650865859
2069.9299301229,97.2102749853
2070.6439452765,97.2079431193
2071.3579604300,97.5673829197
2072.0719755835,97.3227946033
2072.7859907371,97.0495266366
2073.5000058906,97.3063409951
2074.2140210442,97.2257196952
2074.9280361977,97.2225429354
2075.6420513513,97.5531106987
2076.3560665048,97.2535539260
2077.0700816583,96.9083145136
2077.7840968119,97.2246453134
2078.4981119654,97.3737038847
2079.2121271190,97.2652886726
2079.9261422725,97.3295227247
2080.6401574261,97.3537504682
2081.3541725796,97.3308517866
2082.0681877331,97.2886038982
2082.7822028867,97.2074170836
2083.4962180402,97.2645924619
2084.2102331938,97.2656284531
2084.9242483473,97.2628106016
2085.6382635009,97.4226454647
2086.3522786544,97.3229880675
2087.0662938080,97.1846380655
2087.7803089615,97.2385384941
2088.4943241150,97.0670889609
2089.2083392686,97.1894435964
2089.9223544221,97.5069529446
2090.6363695757,97.1521578266
2091.3503847292,97.0855202213
2092.0643998828,97.5156140447
2092.7784150363,97.3245753850
2093.4924301898,97.1696151025
2094.2064453434,97.4201369767
2094.9204604969,97.2839393274
2095.6344756505,97.2461854836
2096.3484908040,97.4950973766
2097.0625059576,97.2947557045
2097.7765211111,96.9550321760
2098.4905362647,97.1116552018
2099.2045514182,97.3626561909
2099.9185665717,97.1088754693
2100.6325817253,96.8952702978
2101.3465968788,97.0852459937
2102.0606120324,97.1121444859
2102.7746271859,97.2286561751
2103.4886423395,97.4644444140
2104.2026574930,97.2859642323
2104.9166726465,97.2371226622
2105.6306878001,97.2625514137
2106.3447029536,97.0765360005
2107.0587181072,97.3428528256
2107.7727332607,97.4519638372
2108.4867484143,97.1875498969
2109.2007635678,97.3210463454
2109.9147787213,97.1769410472
2110.6287938749,96.9779403753
2111.3428090284,97.2478152778
2112.0568241820,97.0325492744
2112.7708393355,96.9868555342
2113.4848544891,97.3998919491
2114.1988696426,97.0742421714
2114.9128847962,96.9035425992
2115.6268999497,97.3011778344
2116.3409151032,97.2704243724
2117.0549302568,97.2671405511
2117.7689454103,97.2910509550
2118.4829605639,96.9994513014
2119.1969757174,97.0894435082
2119.9109908710,97.3401545243
2120.6250060245,97.3776707305
2121.3390211780,97.5350596124
2122.0530363316,97.5187841655
2122.7670514851,97.1663918402
2123.4810666387,97.0191939704
2124.1950817922,97.3833228135
2124.9090969458,97.6456987772
2125.6231120993,97.3606482372
2126.3371272529,97.2812664214
2127.0511424064,97.5488998597
2127.7651575599,97.5602995320
2128.4791727135,97.5102099000
2129.1931878670,97.4210573508
2129.9072030206,97.3480350446
2130.6212181741,97.5729715429
2131.3352333277,97.6340023046
2132.0492484812,97.6663137423
2132.7632636347,97.8414375013
2133.4772787883,97.6504587682
2134.1912939418,97.5074202076
2134.9053090954,97.4225911448
2135.6193242489,97.2683726658
2136.3333394025,97.5765427584
2137.0473545560,97.6458949873
2137.7613697095,97.5889429462
2138.4753848631,97.9636992667
2139.1894000166,97.6730025362
2139.9034151702,97.3509146998
2140.6174303237,97.6340768559
2141.3314454773,97.3554282505
2142.0454606308,97.2484433008
2142.7594757844,97.5456303888
2143.4734909379,97.4929153281
2144.1875060914,97.8774731472
2144.9015212450,97.9221436403
2145.6155363985,97.1562052114
2146.3295515521,97.4331204641
2147.0435667056,98.0814522823
2147.7575818592,97.6779742504
2148.4715970127,97.3987163622
2149.1856121662,97.7740978823
2149.8996273198,98.0235083466
2150.6136424733,97.9777867336
2151.3276576269,97.9680425090
2152.0416727804,97.8128515767
2152.7556879340,97.3950422618
2153.4697030875,97.3783686788
2154.1837182411,97.6079591603
2154.8977333946,98.1273887904
2155.6117485481,98.6541179598
2156.3257637017,97.9722929162
2157.0397788552,97.5323605762
2157.7537940088,98.5095671833
2158.4678091623,98.4073768632
2159.1818243159,97.6393594076
2159.8958394694,97.4375524507
2160.6098546229,97.0149514563
2161.3238697765,96.9706679694
2162.0378849300,96.7278245078
2162.7519000836,96.8113486615
2163.4659152371,97.7599317184
2164.1799303907,97.6337638893
2164.8939455442,97.3442254524
2165.6079606978,97.8487646797
2166.3219758513,97.3315791540
2167.0359910048,97.0636361126
2167.7500061584,97.2349135092
2168.4640213119,96.7882304028
2169.1780364655,97.2793296707
2169.8920516190,97.7341628862
2170.6060667726,97.2003427677
2171.3200819261,97.4343323561
2172.0340970796,97.5033326200
2172.7481122332,97.0971361992
2173.4621273867,97.2948411610
2174.1761425403,97.2259229575
2174.8901576938,97.3596016319
2175.6041728474,97.6827762008
2176.3181880009,97.0155575023
2177.0322031544,96.6301236151
2177.7462183080,96.8185814343
2178.4602334615,97.2958202058
2179.1742486151,98.1199181496
2179.8882637686,98.0699483001
2180.6022789222,97.7216515609
2181.3162940757,98.0967828024
2182.0303092293,97.9430483814
2182.7443243828,97.6288234802
2183.4583395363,97.5153638422
2184.1723546899,97.3984060924
2184.8863698434,97.7307895673
2185.6003849970,97.6384417055
2186.3144001505,97.3746593795
2187.0284153041,97.7497688259
2187.7424304576,97.5065547359
2188.4564456111,97.1879869498
2189.1704607647,97.5653452269
2189.8844759182,97.4698948080
2190.5984910718,97.2299016989
2191.3125062253,97.4354267536
2192.0265213789,97.4641327028
2192.7405365324,97.1605185964
2193.4545516860,96.9948196963
2194.1685668395,97.5258747968
2194.8825819930,97.8523160515
2195.5965971466,97.3617475400
2196.3106123001,97.2525914416
2197.0246274537,97.2089811178
2197.7386426072,97.3271559527
2198.4526577608,98.1382078886
2199.1666729143,97.6906832385
2199.8806880678,96.8328510153
2200.5947032214,97.4725117351
2201.3087183749,97.3677716681
2202.0227335285,96.7455783559
2202.7367486820,97.4318299810
2203.4507638356,97.5893397449
2204.1647789891,97.2658997962
2204.8787941426,97.5694834632
2205.5928092962,97.3338787784
2206.3068244497,97.2988264582
2207.0208396033,97.7255368568
2207.7348547568,97.0834721082
2208.4488699104,96.6977098959
2209.1628850639,97.4885459355
2209.8769002175,97.5264775405
2210.5909153710,97.1547111838
2211.3049305245,97.6220884690
2212.0189456781,97.7324893729
2212.7329608316,97.1022266064
2213.4469759852,97.0446545664
2214.1609911387,97.2917057483
2214.8750062923,97.2957475605
2215.5890214458,97.4262996706
2216.3030365993,97.4663313904
2217.0170517529,97.3445066136
2217.7310669064,97.4341779210
2218.4450820600,97.3426889601
2219.1590972135,97.1988734792
2219.8731123671,97.3130415831
2220.5871275206,97.1804421883
2221.3011426742,96.9373891350
2222.0151578277,96.9448589183
2222.7291729812,96.9526134250
2223.4431881348,96.9956590737
2224.1572032883,97.2656945602
2224.8712184419,97.2506997561
2225.5852335954,96.9078634779
2226.2992487490,97.2425906359
2227.0132639025,97.9604556565
2227.7272790560,97.6594166502
2228.4412942096,97.2285525019
2229.1553093631,97.6976179813
2229.8693245167,97.4057695992
2230.5833396702,96.8352368774
2231.2973548238,97.3369996233
2232.0113699773,97.3796941657
2232.7253851308,97.0527816652
2233.4394002844,97.4516088310
2234.1534154379,97.3989209978
2234.8674305915,97.1886711155
2235.5814457450,97.4677817860
2236.2954608986,97.2336741963
2237.0094760521,97.1183241704
2237.7234912057,97.5470371335
2238.4375063592,97.4076008570
2239.1515215127,97.1258254859
2239.8655366663,97.2449085118
2240.5795518198,97.3061531792
2241.2935669734,97.3135412607
2242.0075821269,97.2934588442
2242.7215972805,97.3079895551
2243.4356124340,97.4112042151
2244.1496275875,97.2200617273
2244.8636427411,97.0759109701
2245.5776578946,97.3894757836
2246.2916730482,97.4057900758
2247.0056882017,97.1098107273
2247.7197033553,97.2275316081
2248.4337185088,97.2396287101
2249.1477336624,96.9543674699
2249.8617488159,97.2450018336
2250.5757639694,97.4664647102
2251.2897791230,97.0972391825
2252.0037942765,97.1745480890
2252.7178094301,97.3907261621
2253.4318245836,97.2159457418
2254.1458397372,97.0492049537
2254.8598548907,96.8606086269
2255.5738700442,97.0059034744
2256.2878851978,97.4298196362
2257.0019003513,97.2580421406
2257.7159155049,96.8652003247
2258.4299306584,97.0032338029
2259.1439458120,97.2627635987
2259.8579609655,97.0879968994
2260.5719761190,96.7025428293
2261.2859912726,96.9648399578
2262.0000064261,97.4987737493
2262.7140215797,97.1109780592
2263.4280367332,96.6219210031
2264.1420518868,96.9051536347
2264.8560670403,97.0237754171
2265.5700821939,96.8796850247
2266.2840973474,96.9108528696
2266.9981125009,96.8076350568
2267.7121276545,96.7811081666
2268.4261428080,96.9467541548
2269.1401579616,96.9813198424
2269.8541731151,96.9625179612
2270.5681882687,96.9303166040
2271.2822034222,96.9284058280
2271.9962185757,96.8830969994
2272.7102337293,96.6690018259
2273.4242488828,96.7058899545
2274.1382640364,96.9067916744
2274.8522791899,96.8163713146
2275.5662943435,96.7965919458
2276.2803094970,96.9552577248
2276.9943246506,96.9108319506
2277.7083398041,96.8326748403
2278.4223549576,96.9112967217
2279.1363701112,96.9517738646
2279.8503852647,96.7998439510
2280.5644004183,96.7420394853
2281.2784155718,96.9495906653
2281.9924307254,96.9399080117
2282.7064458789,96.7352228073
2283.4204610324,96.7795132388
2284.1344761860,96.7675507282
2284.8484913395,96.7202939014
2285.5625064931,96.9243318307
2286.2765216466,96.9321104956
2286.9905368002,96.7401708691
2287.7045519537,96.7731007768
2288.4185671072,96.9233000500
2289.1325822608,97.0158352941
2289.8465974143,96.9198834613
2290.5606125679,96.7793165887
2291.2746277214,96.9541338539
2291.9886428750,97.1087030687
2292.7026580285,96.9303990050
2293.4166731821,96.8552015626
2294.1306883356,96.9529126574
2294.8447034891,96.9334567875
2295.5587186427,96.9499628419
2296.2727337962,97.0784923441
2296.9867489498,97.0601659667
2297.7007641033,97.0137189693
2298.4147792569,97.1323499839
2299.1287944104,97.0261022164
2299.8428095639,96.9523585051
2300.5568247175,97.2754006042
2301.2708398710,97.0809485483
2301.9848550246,96.8321714722
2302.6988701781,97.3288976659
2303.4128853317,97.1884098784
2304.1269004852,96.8553274879
2304.8409156388,97.3348611886
2305.5549307923,97.1074857332
2306.2689459458,96.7733689246
2306.9829610994,97.2244709533
2307.6969762529,97.0897782636
2308.4109914065,97.0564749883
2309.1250065600,97.2659619525
2309.8390217136,96.7899747664
2310.5530368671,97.0036705829
2311.2670520206,97.2889654722
2311.9810671742,96.6850442162
2312.6950823277,97.0357946781
2313.4090974813,97.3182242921
2314.1231126348,96.7729474869
2314.8371277884,97.1684329518
2315.5511429419,97.1635521593
2316.2651580955,96.7689809153
2316.9791732490,97.1302143002
2317.6931884025,96.9306793840
2318.4072035561,96.9244276464
2319.1212187096,97.5020366072
2319.8352338632,96.8888748588
2320.5492490167,96.8191811753
2321.2632641703,97.0908577974
2321.9772793238,96.5785305327
2322.6912944773,96.7980587777
2323.4053096309,96.9480544662
2324.1193247844,96.4633037196
2324.8333399380,96.9174105565
2325.5473550915,97.2585388991
2326.2613702451,97.0420977671
2326.9753853986,97.3550207451
2327.6894005521,97.1665958740
2328.4034157057,97.0078522446
2329.1174308592,97.3079593467
2329.8314460128,97.0442106851
2330.5454611663,97.0194521801
2331.2594763199,97.1842408993
2331.9734914734,96.9223818736
2332.6875066270,97.0365629244
2333.4015217805,97.2321497117
2334.1155369340,97.1391693925
2334.8295520876,97.0465119989
2335.5435672411,96.8816783736
2336.2575823947,97.0033643305
2336.9715975482,97.1706504250
2337.6856127018,97.0495136047
2338.3996278553,97.1162603614
2339.1136430088,96.9181980669
2339.8276581624,96.7507737029
2340.5416733159,97.0333055697
2341.2556884695,97.0140249858
2341.9697036230,97.0307832834
2342.6837187766,97.1812085086
2343.3977339301,96.9578694684
2344.1117490837,97.0059719024
2344.8257642372,97.0880884931
2345.5397793907,96.9683281361
2346.2537945443,97.1756410762
2346.9678096978,97.2351369244
2347.6818248514,97.1997058220
2348.3958400049,97.2328188295
2349.1098551585,97.0335792359
2349.8238703120,97.0015839772
2350.5378854655,97.0913916471
2351.2519006191,96.9616815698
2351.9659157726,96.9807030111
2352.6799309262,97.0876080407
2353.3939460797,96.9802628167
2354.1079612333,96.9668553938
2354.8219763868,97.0193490840
2355.5359915403,97.0163270768
2356.2500066939,96.9620719123
2356.9640218474,96.8667969653
2357.6780370010,96.9543606285
2358.3920521545,96.9385193040
2359.1060673081,96.8775916097
2359.8200824616,97.0509998002
2360.5340976152,96.9996128940
2361.2481127687,97.0173093750
2361.9621279222,97.1097227787
2362.6761430758,96.8536061396
2363.3901582293,96.8657494939
2364.1041733829,96.9949270683
2364.8181885364,96.8983454593
2365.5322036900,97.0391309224
2366.2462188435,96.9878409578
2366.9602339970,96.8779660206
2367.6742491506,97.1097771329
2368.3882643041,97.0035922849
2369.1022794577,96.8441047899
2369.8162946112,96.9457674086
2370.5303097648,96.8988316683
2371.2443249183,96.9514162584
2371.9583400719,97.0210089885
2372.6723552254,96.9025871626
2373.3863703789,96.9923848844
2374.1003855325,96.9643328997
2374.8144006860,96.8621646520
2375.5284158396,97.0658404309
2376.2424309931,97.0796440193
2376.9564461467,96.9231391449
2377.6704613002,96.9857922999
2378.3844764537,97.0241769422
2379.0984916073,97.0359813757
2379.8125067608,97.0683345648
2380.5265219144,97.0591571057
2381.2405370679,97.1210321159
2381.9545522215,97.1645197113
2382.6685673750,97.1730890571
2383.3825825285,97.1919650793
2384.0965976821,97.1262923707
2384.8106128356,97.0893310268
2385.5246279892,97.1266222474
2386.2386431427,97.1256920745
2386.9526582963,97.1440180447
2387.6666734498,97.1575071188
2388.3806886034,97.1407732191
2389.0947037569,97.2144879540
2389.8087189104,97.1733733232
2390.5227340640,97.0768099861
2391.2367492175,97.1581796195
2391.9507643711,97.1587851652
2392.6647795246,97.1685205421
2393.3787946782,97.2588545468
2394.0928098317,97.2475291189
2394.8068249852,97.2005513136
2395.5208401388,97.1952720494
2396.2348552923,97.1882795599
2396.9488704459,97.1896487760
2397.6628855994,97.1943020455
2398.3769007530,97.2326259742
2399.0909159065,97.2720321746
2399.8049310601,97.1441954225
2400.5189462136,97.1520641373
2401.2329613671,97.2520684124
2401.9469765207,97.3039218916
2402.6609916742,97.2317389768
2403.3750068278,97.1262076917
2404.0890219813,97.1688193245
2404.8030371349,97.2135196135
2405.5170522884,97.2088881251
2406.2310674419,97.1962022052
2406.9450825955,97.1472564258
2407.6590977490,97.2330537559
2408.3731129026,97.2001418602
2409.0871280561,96.9948465602
2409.8011432097,97.1616148592
2410.5151583632,97.2899710895
2411.2291735167,97.0455132330
2411.9431886703,97.1212576012
2412.6572038238,97.3389441774
2413.3712189774,97.2213826367
2414.0852341309,97.1054189787
2414.7992492845,97.1505434948
2415.5132644380,97.2816602701
2416.2272795916,97.2985247644
2416.9412947451,97.0997832995
2417.6553098986,97.1036407394
2418.3693250522,97.3018835977
2419.0833402057,97.3174831943
2419.7973553593,97.2760854389
2420.5113705128,97.2745960879
2421.2253856664,97.2239047472
2421.9394008199,97.1481942303
2422.6534159734,97.1461916828
2423.3674311270,97.2531062256
2424.0814462805,97.3253350396
2424.7954614341,97.2967662182
2425.5094765876,97.2614115105
2426.2234917412,97.2855534770
2426.9375068947,97.3659906318
2427.6515220483,97.3318715983
2428.3655372018,97.2635855476
2429.0795523553,97.3411784384
2429.7935675089,97.3350628084
2430.5075826624,97.2968588421
2431.2215978160,97.3504018901
2431.9356129695,97.2919312534
2432.6496281231,97.2761398591
2433.3636432766,97.3203915973
2434.0776584301,97.2894154266
2434.7916735837,97.3305014444
2435.5056887372,97.2442723070
2436.2197038908,97.1282612382
2436.9337190443,97.2730664589
2437.6477341979,97.2972144649
2438.3617493514,97.2303852408
2439.0757645050,97.2783235501
2439.7897796585,97.2439685454
2440.5037948120,97.2951081159
2441.2178099656,97.2810828986
2441.9318251191,97.1169183168
2442.6458402727,97.2323319277
2443.3598554262,97.2943743165
2444.0738705798,97.1806618841
2444.7878857333,97.2316899493
2445.5019008868,97.1701898722
2446.2159160404,97.1802040075
2446.9299311939,97.3238975591
2447.6439463475,97.1382040978
2448.3579615010,97.0711788966
2449.0719766546,97.2027374913
2449.7859918081,97.1209589089
2450.5000069616,97.1883336886
2451.2140221152,97.2857799378
2451.9280372687,97.1713569616
2452.6420524223,97.2129217241
2453.3560675758,97.2652648085
2454.0700827294,97.1718165366
2454.7840978829,97.1446963322
2455.4981130365,97.2119173548
2456.2121281900,97.2549530683
2456.9261433435,97.1232800273
2457.6401584971,97.1177156248
2458.3541736506,97.3507117024
2459.0681888042,97.3100437822
2459.7822039577,97.2037551471
2460.4962191113,97.2916638443
2461.2102342648,97.2401527510
2461.9242494183,97.2164134956
2462.6382645719,97.2772151365
2463.3522797254,97.2614804076
2464.0662948790,97.2955321391
2464.7803100325,97.2269971403
2465.4943251861,97.1860961776
2466.2083403396,97.3336026775
2466.9223554932,97.3243899384
2467.6363706467,97.2914068014
2468.3503858002,97.3131467010
2469.0644009538,97.2360219106
2469.7784161073,97.2607302577
2470.4924312609,97.2230594904
2471.2064464144,97.1517326406
2471.9204615680,97.2886744699
2472.6344767215,97.2858031911
2473.3484918750,97.2888238413
2474.0625070286,97.4133305166
2474.7765221821,97.2635911755
2475.4905373357,97.2038210261
2476.2045524892,97.3168675261
2476.9185676428,97.2566356880
2477.6325827963,97.3052802478
2478.3465979498,97.3453683568
2479.0606131034,97.2393607699
2479.7746282569,97.2672308092
2480.4886434105,97.2884935276
2481.2026585640,97.3592327293
2481.9166737176,97.4392326566
2482.6306888711,97.2391191976
2483.3447040247,97.1958807182
2484.0587191782,97.3491207927
2484.7727343317,97.2666968870
2485.4867494853,97.2300031841
2486.2007646388,97.2650390650
2486.9147797924,97.1512763090
2487.6287949459,97.1618789258
2488.3428100995,97.2670894535
2489.0568252530,97.2078893078
2489.7708404065,97.1270842925
2490.4848555601,97.1474490040
2491.1988707136,97.0976443758
2491.9128858672,97.0563044640
2492.6269010207,97.2093403363
2493.3409161743,97.1808941533
2494.0549313278,96.9906313097
2494.7689464814,97.1660079723
2495.4829616349,97.2723096571
2496.1969767884,97.0756342230
2496.9109919420,97.1396143729
2497.6250070955,97.2083505588
2498.3390222491,97.1164885273
2499.0530374026,97.1997467540
2499.7670525562,97.2337583371
2500.4810677097,97.2420127553
2501.1950828632,97.3109819372
2501.9090980168,97.1936652446
2502.6231131703,97.1101840684
2503.3371283239,97.1705559043
2504.0511434774,97.2626217247
2504.7651586310,97.3458051380
2505.4791737845,97.2176819538
2506.1931889380,97.1792790620
2506.9072040916,97.3093442742
2507.6212192451,97.1732119964
2508.3352343987,97.1442468722
2509.0492495522,97.3005078366
2509.7632647058,97.1607605480
2510.4772798593,97.1049873414
2511.1912950129,97.2659987090
2511.9053101664,97.2691884953
2512.6193253199,97.2221642564
2513.3333404735,97.1754407645
2514.0473556270,97.1448386854
2514.7613707806,97.1979264564
2515.4753859341,97.1857741695
2516.1894010877,97.1249889956
2516.9034162412,97.0755004032
2517.6174313947,97.1033196220
2518.3314465483,97.2144902394
2519.0454617018,97.1999573062
2519.7594768554,97.1658985862
2520.4734920089,97.1533990090
2521.1875071625,97.1012084264
2521.9015223160,97.2206013800
2522.6155374696,97.1990154088
2523.3295526231,96.9992959156
2524.0435677766,97.1191156252
2524.7575829302,97.1397252687
2525.4715980837,97.0264114843
2526.1856132373,97.2631020081
2526.8996283908,97.2869244220
2527.6136435444,97.1281030859
2528.3276586979,97.2635787612
2529.0416738514,97.2650153822
2529.7556890050,97.2049006856
2530.4697041585,97.2226411521
2531.1837193121,97.0844578867
2531.8977344656,97.1847127697
2532.6117496192,97.3110528953
2533.3257647727,97.0838669772
2534.0397799262,97.1613592730
2534.7537950798,97.4388371290
2535.4678102333,97.3298199023
2536.1818253869,97.1906470293
2536.8958405404,97.1954719696
2537.6098556940,97.1267453522
2538.3238708475,97.1054312894
2539.0378860011,97.2026476528
2539.7519011546,97.2526112259
2540.4659163081,97.1744613686
2541.1799314617,97.1611311810
2541.8939466152,97.2393431697
2542.6079617688,97.1937769334
2543.3219769223,97.1816673619
2544.0359920759,97.2827285662
2544.7500072294,97.2383752697
2545.4640223829,97.1769779428
2546.1780375365,97.2454300039
2546.8920526900,97.2360618511
2547.6060678436,97.1543048904
2548.3200829971,97.1664626342
2549.0340981507,97.2577112995
2549.7481133042,97.2553083157
2550.4621284578,97.1223472074
2551.1761436113,97.0831278074
2551.8901587648,97.1437527866
2552.6041739184,97.1483396036
2553.3181890719,97.2168769567
2554.0322042255,97.3417180149
2554.7462193790,97.3489775626
2555.4602345326,97.2814810066
2556.1742496861,97.2113693638
2556.8882648396,97.1704269389
2557.6022799932,97.2231533737
2558.3162951467,97.2830968525
2559.0303103003,97.2669159554
2559.7443254538,97.2581904617
2560.4583406074,97.2994612391
2561.1723557609,97.3189829713
2561.8863709144,97.2822064122
2562.6003860680,97.2406051647
2563.3144012215,97.2419551109
2564.0284163751,97.2477844581
2564.7424315286,97.2222092914
2565.4564466822,97.2483132870
2566.1704618357,97.3346993555
2566.8844769893,97.3183994185
2567.5984921428,97.2595164745
2568.3125072963,97.3176161332
2569.0265224499,97.3014679854
2569.7405376034,97.1694542309
2570.4545527570,97.1832859445
2571.1685679105,97.2351215374
2571.8825830641,97.2023463273
2572.5965982176,97.3006425368
2573.3106133711,97.3915548987
2574.0246285247,97.2567164876
2574.7386436782,97.1761214022
2575.4526588318,97.2562305661
2576.1666739853,97.2583399260
2576.8806891389,97.2154937637
2577.5947042924,97.2442219875
2578.3087194460,97.2211218038
2579.0227345995,97.1291934826
2579.7367497530,97.1246452366
2580.4507649066,97.2089593237
2581.1647800601,97.2741480712
2581.8787952137,97.3221195222
2582.5928103672,97.3341434008
2583.3068255208,97.2701282131
2584.0208406743,97.2081715420
2584.7348558278,97.2173332435
2585.4488709814,97.2694337297
2586.1628861349,97.2928273756
2586.8769012885,97.2411255567
2587.5909164420,97.2402852912
2588.3049315956,97.3106671203
2589.0189467491,97.2740147974
2589.7329619027,97.2670082406
2590.4469770562,97.3682826987
2591.1609922097,97.3049810463
2591.8750073633,97.2554412641
2592.5890225168,97.4118100804
2593.3030376704,97.4044661502
2594.0170528239,97.2346418621
2594.7310679775,97.1503555931
2595.4450831310,97.1293157458
2596.1590982845,97.2449358751
2596.8731134381,97.3084116370
2597.5871285916,97.1719426137
2598.3011437452,97.2157189830
2599.0151588987,97.3642113467
2599.7291740523,97.3210137645
2600.4431892058,97.2828384607
2601.1572043593,97.3098834498
2601.8712195129,97.3790335373
2602.5852346664,97.4380510083
2603.2992498200,97.3217998335
2604.0132649735,97.2919159073
2604.7272801271,97.3860685178
2605.4412952806,97.3252301499
2606.1553104342,97.3426403793
2606.8693255877,97.4203445209
2607.5833407412,97.3339737454
2608.2973558948,97.3614272989
2609.0113710483,97.4742724127
2609.7253862019,97.4246301389
2610.4394013554,97.2933365554
2611.1534165090,97.2409938724
2611.8674316625,97.3995044626
2612.5814468160,97.4752051480
2613.2954619696,97.3152079033
2614.0094771231,97.3565310245
2614.7234922767,97.4051590249
2615.4375074302,97.2423992510
2616.1515225838,97.3037518106
2616.8655377373,97.3818402285
2617.5795528909,97.2601530383
2618.2935680444,97.2511572174
2619.0075831979,97.2509262664
2619.7215983515,97.2981163149
2620.4356135050,97.4469394232
2621.1496286586,97.3665369576
2621.8636438121,97.2954499723
2622.5776589657,97.4048171587
2623.2916741192,97.3804773663
2624.0056892727,97.3491532796
2624.7197044263,97.3910536038
2625.4337195798,97.3386846628
2626.1477347334,97.2971364643
2626.8617498869,97.3210572459
2627.5757650405,97.3638545268
2628.2897801940,97.3843201267
2629.0037953475,97.3471354129
2629.7178105011,97.3299065634
2630.4318256546,97.3261424308
2631.1458408082,97.3604167806
2631.8598559617,97.4256680100
2632.5738711153,97.3560035985
2633.2878862688,97.3053201316
2634.0019014224,97.3515174950
2634.7159165759,97.2819043941
2635.4299317294,97.2739730829
2636.1439468830,97.3881727023
2636.8579620365,97.3708880841
2637.5719771901,97.3503324471
2638.2859923436,97.4006127458
2639.0000074972,97.3659777824
2639.7140226507,97.3120519949
2640.4280378042,97.3165832670
2641.1420529578,97.3490306432
2641.8560681113,97.3635370636
2642.5700832649,97.3559428817
2643.2840984184,97.3591028912
2643.9981135720,97.3200225638
2644.7121287255,97.3028361319
2645.4261438791,97.3653504003
2646.1401590326,97.3559380393
2646.8541741861,97.3360457476
2647.5681893397,97.3845014727
2648.2822044932,97.3562945434
2648.9962196468,97.3107619473
2649.7102348003,97.3247744444
2650.4242499539,97.3553368104
2651.1382651074,97.4261820119
2651.8522802609,97.4370107927
2652.5662954145,97.3702659082
2653.2803105680,97.3713522775
2653.9943257216,97.4051355967
2654.7083408751,97.4108863727
2655.4223560287,97.3944677598
2656.1363711822,97.3605714219
2656.8503863357,97.3760417533
2657.5644014893,97.4246641059
2658.2784166428,97.4482976932
2658.9924317964,97.4377202625
2659.7064469499,97.3959000907
2660.4204621035,97.4067321464
2661.1344772570,97.4589994051
2661.8484924106,97.4676303112
2662.5625075641,97.4742147081
2663.2765227176,97.4581967593
2663.9905378712,97.4123559756
2664.7045530247,97.4380821225
2665.4185681783,97.5042574972
2666.1325833318,97.5167038604
2666.8465984854,97.4751884587
2667.5606136389,97.4766968594
2668.2746287924,97.5256558649
2668.9886439460,97.4753907226
2669.7026590995,97.4464791890
2670.4166742531,97.5410346522
2671.1306894066,97.5286611550
2671.8447045602,97.4871417690
2672.5587197137,97.5435493825
2673.2727348673,97.5294469816
2673.9867500208,97.5357910800
2674.7007651743,97.5590952849
2675.4147803279,97.4354090281
2676.1287954814,97.3903506682
2676.8428106350,97.4836601005
2677.5568257885,97.4956863846
2678.2708409421,97.4609454475
2678.9848560956,97.4852010371
2679.6988712491,97.5459827049
2680.4128864027,97.5195010478
2681.1269015562,97.4533085060
2681.8409167098,97.5265684035
2682.5549318633,97.5556007025
2683.2689470169,97.4799034203
2683.9829621704,97.5201706737
2684.6969773239,97.5553876982
2685.4109924775,97.5558317739
2686.1250076310,97.5993014285
2686.8390227846,97.5448402213
2687.5530379381,97.5208940254
2688.2670530917,97.5498643789
2688.9810682452,97.4716355807
2689.6950833988,97.4616615143
2690.4090985523,97.4687177877
2691.1231137058,97.4120137302
2691.8371288594,97.5050289455
2692.5511440129,97.5705759721
2693.2651591665,97.5007496674
2693.9791743200,97.4751820528
2694.6931894736,97.4331899226
2695.4072046271,97.4560336001
2696.1212197806,97.5408780762
2696.8352349342,97.4781902540
2697.5492500877,97.4733598524
2698.2632652413,97.5673408922
2698.9772803948,97.5249693101
2699.6912955484,97.4894047522
2700.4053107019,97.5214249481
2701.1193258555,97.5047273562
2701.8333410090,97.5097462817
2702.5473561625,97.5324428569
2703.2613713161,97.4949291410
2703.9753864696,97.4293666708
2704.6894016232,97.4307033578
2705.4034167767,97.4911013419
2706.1174319303,97.4884006985
2706.8314470838,97.4703699123
2707.5454622373,97.4859376172
2708.2594773909,97.4765657321
2708.9734925444,97.5149526708
2709.6875076980,97.5169045890
2710.4015228515,97.4384189194
2711.1155380051,97.5193767295
2711.8295531586,97.6126585054
2712.5435683122,97.5135738246
2713.2575834657,97.4564978931
2713.9715986192,97.4729224046
2714.6856137728,97.4726241673
2715.3996289263,97.4944164478
2716.1136440799,97.4701731664
2716.8276592334,97.4623482827
2717.5416743870,97.5008595070
2718.2556895405,97.4588715982
2718.9697046940,97.4638102573
2719.6837198476,97.5343186927
2720.3977350011,97.4706566586
2721.1117501547,97.3989563884
2721.8257653082,97.4485955274
2722.5397804618,97.4741074282
2723.2537956153,97.4583582198
2723.9678107688,97.4692671117
2724.6818259224,97.4591167493
2725.3958410759,97.4200169667
2726.1098562295,97.4162581976
2726.8238713830,97.4525504437
2727.5378865366,97.4622794508
2728.2519016901,97.4201912027
2728.9659168437,97.4202717528
2729.6799319972,97.4885988149
2730.3939471507,97.4604697822
2731.1079623043,97.3714434796
2731.8219774578,97.4166114171
2732.5359926114,97.4319033625
2733.2500077649,97.3447509747
2733.9640229185,97.4153906989
2734.6780380720,97.5042141342
2735.3920532255,97.4264652397
2736.1060683791,97.4153695025
2736.8200835326,97.4405958822
2737.5340986862,97.3731907002
2738.2481138397,97.3840940861
2738.9621289933,97.4594216012
2739.6761441468,97.4559102527
2740.3901593004,97.4091871982
2741.1041744539,97.4100553459
2741.8181896074,97.4781439070
2742.5322047610,97.4892546991
2743.2462199145,97.4169510314
2743.9602350681,97.4101687135
2744.6742502216,97.4561975430
2745.3882653752,97.4678865748
2746.1022805287,97.4514918751
2746.8162956822,97.4512086686
2747.5303108358,97.4966576134
2748.2443259893,97.4809536148
2748.9583411429,97.4034442109
2749.6723562964,97.4092259768
2750.3863714500,97.4418887910
2751.1003866035,97.4780383610
2751.8144017570,97.5215920138
2752.5284169106,97.4435734250
2753.2424320641,97.4042291295
2753.9564472177,97.4945256678
2754.6704623712,97.4733575075
2755.3844775248,97.4341307451
2756.0984926783,97.5031391655
2756.8125078319,97.5052726757
2757.5265229854,97.4822657294
2758.2405381389,97.5029539045
2758.9545532925,97.4949126695
2759.6685684460,97.5283083273
2760.3825835996,97.5931363705
2761.0965987531,97.5600897589
2761.8106139067,97.4502352979
2762.5246290602,97.3979645485
2763.2386442137,97.4766939771
2763.9526593673,97.5658003680
2764.6666745208,97.5345689599
2765.3806896744,97.4599845033
2766.0947048279,97.4213090847
2766.8087199815,97.4246785846
2767.5227351350,97.4824183089
2768.2367502886,97.5304235260
2768.9507654421,97.5314801752
2769.6647805956,97.5404725730
2770.3787957492,97.5232093422
2771.0928109027,97.4366966395
2771.8068260563,97.4093952105
2772.5208412098,97.4840105175
2773.2348563634,97.4991029458
2773.9488715169,97.4298481116
2774.6628866704,97.4001886185
2775.3769018240,97.4444268994
2776.0909169775,97.5048044397
2776.8049321311,97.4725809097
2777.5189472846,97.3950989093
2778.2329624382,97.4091586233
2778.9469775917,97.3786003463
2779.6609927452,97.3084043961
2780.3750078988,97.3957635662
2781.0890230523,97.4259478991
2781.8030382059,97.3452487403
2782.5170533594,97.4333065992
2783.2310685130,97.4937810813
2783.9450836665,97.4144017681
2784.6590988201,97.4527654881
2785.3731139736,97.4637237999
2786.0871291271,97.3644415687
2786.8011442807,97.3894008309
2787.5151594342,97.4307986141
2788.2291745878,97.4077674864
2788.9431897413,97.4670391344
2789.6572048949,97.4647156535
2790.3712200484,97.3309758889
2791.0852352019,97.3209891937
2791.7992503555,97.4223822968
2792.5132655090,97.4382974679
2793.2272806626,97.4332418758
2793.9412958161,97.4684895999
2794.6553109697,97.4823908323
2795.3693261232,97.4978100101
2796.0833412768,97.4886688078
2796.7973564303,97.4493044695
2797.5113715838,97.4538899678
2798.2253867374,97.4281339613
2798.9394018909,97.4234800892
2799.6534170445,97.5299355017
2800.3674321980,97.5019031734
2801.0814473516,97.3739804405
2801.7954625051,97.4048374642
2802.5094776586,97.4165557069
2803.2234928122,97.3641436414
2803.9375079657,97.4278378465
2804.6515231193,97.4762776775
2805.3655382728,97.4495511674
2806.0795534264,97.4195265960
2806.7935685799,97.3771159826
2807.5075837334,97.4038056553
2808.2215988870,97.4734309279
2808.9356140405,97.4799461475
2809.6496291941,97.4539908710
2810.3636443476,97.4125492867
2811.0776595012,97.4149128663
2811.7916746547,97.4740948861
2812.5056898083,97.4714634068
2813.2197049618,97.4395373825
2813.9337201153,97.4355132473
2814.6477352689,97.4350398043
2815.3617504224,97.4543887252
2816.0757655760,97.4605755681
2816.7897807295,97.4937508469
2817.5037958831,97.5776617832
2818.2178110366,97.5626464221
2818.9318261901,97.4963650072
2819.6458413437,97.5094039378
2820.3598564972,97.5401999313
2821.0738716508,97.5734849173
2821.7878868043,97.5811710887
2822.5019019579,97.5236625542
2823.2159171114,97.5073058986
2823.9299322650,97.5330543069
2824.6439474185,97.5158968746
2825.3579625720,97.4923258655
2826.0719777256,97.4854890776
2826.7859928791,97.4878732945
2827.5000080327,97.5382565924
2828.2140231862,97.6061296174
2828.9280383398,97.5806857106
2829.6420534933,97.5041413502
2830.3560686468,97.5052216882
2831.0700838004,97.5119419771
2831.7840989539,97.5231527468
2832.4981141075,97.6218797616
2833.2121292610,97.6005588732
2833.9261444146,97.4681413640
2834.6401595681,97.5009977843
2835.3541747217,97.5601838738
2836.0681898752,97.5151065432
2836.7822050287,97.5020464677
2837.4962201823,97.5008381436
2838.2102353358,97.5170733437
2838.9242504894,97.5299154954
2839.6382656429,97.4649884520
2840.3522807965,97.4568552672
2841.0662959500,97.4731004157
2841.7803111035,97.4351867193
2842.4943262571,97.4875056157
2843.2083414106,97.5345136255
2843.9223565642,97.5109372802
2844.6363717177,97.5445160197
2845.3503868713,97.5404930031
2846.0644020248,97.5145825196
2846.7784171783,97.5325343374
2847.4924323319,97.4854528116
2848.2064474854,97.4953039770
2848.9204626390,97.5759560094
2849.6344777925,97.5339125914
2850.3484929461,97.4807958362
2851.0625080996,97.5081401447
2851.7765232532,97.5617175671
2852.4905384067,97.5996049671
2853.2045535602,97.5326182143
2853.9185687138,97.5223581841
2854.6325838673,97.6223220501
2855.3465990209,97.5817119487
2856.0606141744,97.5557811649
2856.7746293280,97.6416626180
2857.4886444815,97.5722439202
2858.2026596350,97.5084520314
2858.9166747886,97.6009930904
2859.6306899421,97.6252943177
2860.3447050957,97.5909547206
2861.0587202492,97.5747972784
2861.7727354028,97.5827695180
2862.4867505563,97.6411490055
2863.2007657099,97.6323252606
2863.9147808634,97.6210013722
2864.6287960169,97.7183768608
2865.3428111705,97.7454333758
2866.0568263240,97.7364805891
2866.7708414776,97.8171995258
2867.4848566311,97.8645701612
2868.1988717847,97.8716401275
2868.9128869382,97.8558912706
2869.6269020917,97.8222778071
2870.3409172453,97.8764422558
2871.0549323988,97.9114628676
2871.7689475524,97.8884605687
2872.4829627059,97.8997959468
2873.1969778595,97.8437038952
2873.9109930130,97.8443193686
2874.6250081665,97.9548659847
2875.3390233201,97.9026276061
2876.0530384736,97.8737409412
2876.7670536272,97.9979156314
2877.4810687807,97.9839906612
2878.1950839343,97.9893196272
2878.9090990878,98.1104708622
2879.6231142414,98.1070857097
2880.3371293949,98.1487076508
2881.0511445484,98.2971249804
2881.7651597020,98.3243786046
2882.4791748555,98.3120131358
2883.1931900091,98.3611184123
2883.9072051626,98.4072575585
2884.6212203162,98.3823326943
2885.3352354697,98.3267830584
2886.0492506232,98.3960865501
2886.7632657768,98.4971299049
2887.4772809303,98.4969916514
2888.1912960839,98.4606248581
2888.9053112374,98.3769552513
2889.6193263910,98.3857869439
2890.3333415445,98.4893633386
2891.0473566981,98.4111028428
2891.7613718516,98.3601789506
2892.4753870051,98.4353872518
2893.1894021587,98.3369211795
2893.9034173122,98.2692058287
2894.6174324658,98.3275449641
2895.3314476193,98.3101418285
2896.0454627729,98.3430714934
2896.7594779264,98.2993704011
2897.4734930799,98.1465577589
2898.1875082335,98.2340982514
2898.9015233870,98.3019830992
2899.6155385406,98.1437333649
2900.3295536941,98.1293768774
2901.0435688477,98.1761580861
2901.7575840012,98.0605023885
2902.4715991547,97.9837864189
2903.1856143083,98.0203557809
2903.8996294618,98.0170615878
2904.6136446154,97.9320873776
2905.3276597689,97.8975652793
2906.0416749225,97.9189546552
2906.7556900760,97.8599535827
2907.4697052296,97.8366449701
2908.1837203831,97.9361051519
2908.8977355366,97.9762775280
2909.6117506902,97.9218894314
2910.3257658437,97.8836000135
2911.0397809973,97.9433862376
2911.7537961508,98.0404174480
2912.4678113044,98.0116530691
2913.1818264579,97.9663507470
2913.8958416114,98.0203291810
2914.6098567650,98.0647449064
2915.3238719185,98.1017102345
2916.0378870721,98.1158393788
2916.7519022256,98.1146951503
2917.4659173792,98.1518958370
2918.1799325327,98.0861886039
2918.8939476863,98.0502192019
2919.6079628398,98.1708513250
2920.3219779933,98.1143552459
2921.0359931469,97.9951729091
2921.7500083004,98.0791315986
2922.4640234540,98.1016214822
2923.1780386075,98.1039120128
2923.8920537611,98.1992741235
2924.6060689146,98.1402541788
2925.3200840681,98.0933430848
2926.0340992217,98.2516167075
2926.7481143752,98.3545253495
2927.4621295288,98.3308562484
2928.1761446823,98.2661045609
2928.8901598359,98.1999188444
2929.6041749894,98.2390365854
2930.3181901429,98.2883907420
2931.0322052965,98.2453923860
2931.7462204500,98.2837056014
2932.4602356036,98.3580091270
2933.1742507571,98.2892714467
2933.8882659107,98.2525319216
2934.6022810642,98.2828152929
2935.3162962178,98.2110142968
2936.0303113713,98.2104384137
2936.7443265248,98.2990018341
2937.4583416784,98.2577448852
2938.1723568319,98.2556743628
2938.8863719855,98.3462980366
2939.6003871390,98.3051358117
2940.3144022926,98.2000505678
2941.0284174461,98.1485733056
2941.7424325996,98.2002461733
2942.4564477532,98.3337569269
2943.1704629067,98.3485687393
2943.8844780603,98.3268051593
2944.5984932138,98.3740183881
2945.3125083674,98.3319143418
2946.0265235209,98.3577569688
2946.7405386745,98.5090154582
2947.4545538280,98.5058325432
2948.1685689815,98.4429460237
2948.8825841351,98.4880005146
2949.5965992886,98.5517350673
2950.3106144422,98.5239017827
2951.0246295957,98.4028196059
2951.7386447493,98.4296714110
2952.4526599028,98.5541469591
2953.1666750563,98.5213500201
2953.8806902099,98.5567825579
2954.5947053634,98.6529145433
2955.3087205170,98.6440220374
2956.0227356705,98.7623233419
2956.7367508241,98.7861492298
2957.4507659776,98.6391659568
2958.1647811312,98.7779229456
2958.8787962847,98.9075425481
2959.5928114382,98.8104479704
2960.3068265918,98.8829406344
2961.0208417453,98.9406904266
2961.7348568989,98.8391560484
2962.4488720524,98.8675052253
2963.1628872060,98.9945905216
2963.8769023595,99.1113967756
2964.5909175130,99.1782356880
2965.3049326666,99.2525503095
2966.0189478201,99.3861462161
2966.7329629737,99.3649471531
2967.4469781272,99.3368696678
2968.1609932808,99.4651519754
2968.8750084343,99.5149212796
2969.5890235878,99.8497728315
2970.3030387414,100.5341855297
2971.0170538949,100.6430840372
2971.7310690485,100.2503344040
2972.4450842020,100.1033634012
2973.1590993556,100.0725249658
2973.8731145091,100.0241752765
2974.5871296627,100.0867278564
2975.3011448162,100.1585655453
2976.0151599697,100.2660068307
2976.7291751233,100.4831383912
2977.4431902768,100.6999468126
2978.1572054304,100.8808766754
2978.8712205839,101.1778161139
2979.5852357375,101.4932679133
2980.2992508910,101.5178779278
2981.0132660445,101.6854340231
2981.7272811981,102.2373955593
2982.4412963516,101.9974722458
2983.1553115052,100.8929558908
2983.8693266587,100.3635566059
2984.5833418123,100.2909256272
2985.2973569658,100.0421887217
2986.0113721194,100.0193431753
2986.7253872729,100.0918188879
2987.4394024264,99.9440168325
2988.1534175800,99.8458306301
2988.8674327335,99.8147946754
2989.5814478871,99.8683255891
2990.2954630406,99.9281681949
2991.0094781942,99.7939663918
2991.7234933477,99.7849533629
2992.4375085012,99.8310079241
2993.1515236548,99.6497014625
2993.8655388083,99.6035671051
2994.5795539619,99.6007134750
2995.2935691154,99.4556762107
2996.0075842690,99.4747967516
2996.7215994225,99.4436302955
2997.4356145760,99.3294519955
2998.1496297296,99.4025222220
2998.8636448831,99.3331410783
2999.5776600367,99.1985563603
3000.2916751902,99.2372161684
3001.0056903438,99.1064174087
3001.7197054973,98.9635466841
3002.4337206509,98.9771067598
3003.1477358044,98.8105478844
3003.8617509579,98.6482367669
3004.5757661115,98.6833040010
3005.2897812650,98.6407606408
3006.0037964186,98.4924556134
3006.7178115721,98.3609020134
3007.4318267257,98.2984571190
3008.1458418792,98.2998471154
3008.8598570327,98.2692001938
3009.5738721863,98.2043572660
3010.2878873398,98.1161066453
3011.0019024934,98.0525352654
3011.7159176469,98.0994008565
3012.4299328005,98.1109930565
3013.1439479540,98.0079531885
3013.8579631076,97.9165334021
3014.5719782611,97.8581347291
3015.2859934146,97.8429063198
3016.0000085682,97.8399479786
3016.7140237217,97.8364630759
3017.4280388753,97.9207357795
3018.1420540288,97.9514639016
3018.8560691824,97.8560642538
3019.5700843359,97.8187094338
3020.2840994894,97.8280959336
3020.9981146430,97.8836985867
3021.7121297965,97.9759063602
3022.4261449501,97.9327181753
3023.1401601036,97.9276201271
3023.8541752572,98.0544002558
3024.5681904107,98.0407945082
3025.2822055642,97.9961687453
3025.9962207178,98.0356904131
3026.7102358713,97.9682415164
3027.4242510249,97.9431634490
3028.1382661784,98.0394713492
3028.8522813320,97.9981587051
3029.5662964855,97.9191082002
3030.2803116391,97.9926497036
3030.9943267926,98.0199388205
3031.7083419461,97.9187140947
3032.4223570997,97.9203225416
3033.1363722532,98.0636173994
3033.8503874068,98.1086544513
3034.5644025603,97.9833829182
3035.2784177139,97.9187914470
3035.9924328674,97.9712475535
3036.7064480209,97.9540351842
3037.4204631745,97.9225145371
3038.1344783280,97.9873236600
3038.8484934816,97.9861748888
3039.5625086351,97.9166055938
3040.2765237887,97.8964407615
3040.9905389422,97.8690629641
3041.7045540958,97.8893232053
3042.4185692493,97.9115469534
3043.1325844028,97.8334250928
3043.8465995564,97.8978686804
3044.5606147099,97.9722457604
3045.2746298635,97.8067684176
3045.9886450170,97.8272245953
3046.7026601706,97.9779011322
3047.4166753241,97.8612867241
3048.1306904776,97.8260725288
3048.8447056312,97.9048198351
3049.5587207847,97.8438136146
3050.2727359383,97.8538710199
3050.9867510918,97.7972751789
3051.7007662454,97.6513057169
3052.4147813989,97.7592822246
3053.1287965524,97.8229224418
3053.8428117060,97.6706630845
3054.5568268595,97.6090581866
3055.2708420131,97.6015824451
3055.9848571666,97.6753739389
3056.6988723202,97.8356828490
3057.4128874737,97.8010118843
3058.1269026273,97.7018255318
3058.8409177808,97.7167621678
3059.5549329343,97.7348981773
3060.2689480879,97.7676206145
3060.9829632414,97.7927091670
3061.6969783950,97.7499490653
3062.4109935485,97.6596520534
3063.1250087021,97.5542989064
3063.8390238556,97.5894230445
3064.5530390091,97.7351682591
3065.2670541627,97.7431559292
3065.9810693162,97.7112948200
3066.6950844698,97.7854939834
3067.4090996233,97.7952240984
3068.1231147769,97.6380521995
3068.8371299304,97.5263074100
3069.5511450840,97.6611770063
3070.2651602375,97.7882570709
3070.9791753910,97.6426699552
3071.6931905446,97.5641552621
3072.4072056981,97.7445653860
3073.1212208517,97.8254704776
3073.8352360052,97.7334929006
3074.5492511588,97.6962231340
3075.2632663123,97.6977130349
3075.9772814658,97.6859157276
3076.6912966194,97.7076642914
3077.4053117729,97.7088942956
3078.1193269265,97.6712068916
3078.8333420800,97.7090962704
3079.5473572336,97.8191079636
3080.2613723871,97.8257032530
3080.9753875406,97.6912650078
3081.6894026942,97.6287731766
3082.4034178477,97.7279571572
3083.1174330013,97.7861700793
3083.8314481548,97.7638586420
3084.5454633084,97.7792110435
3085.2594784619,97.7817686911
3085.9734936155,97.8072864969
3086.6875087690,97.8525222903
3087.4015239225,97.7543711385
3088.1155390761,97.7206010867
3088.8295542296,97.8785543632
3089.5435693832,97.8876782105
3090.2575845367,97.7621973828
3090.9715996903,97.7597032821
3091.6856148438,97.8060559341
3092.3996299973,97.7786088155
3093.1136451509,97.7334056699
3093.8276603044,97.8280999948
3094.5416754580,97.9136356745
3095.2556906115,97.7863753010
3095.9697057651,97.7731995842
3096.6837209186,97.8645249205
3097.3977360722,97.7744586851
3098.1117512257,97.7938399247
3098.8257663792,97.8274056858
3099.5397815328,97.6854461820
3100.2537966863,97.7701439141
3100.9678118399,97.8655173312
3101.6818269934,97.7426931303
3102.3958421470,97.7674987164
3103.1098573005,97.7906110948
3103.8238724540,97.7518471059
3104.5378876076,97.8028797801
3105.2519027611,97.7609430621
3105.9659179147,97.7597983387
3106.6799330682,97.7828820412
3107.3939482218,97.7136848691
3108.1079633753,97.8223872361
3108.8219785289,97.8699720533
3109.5359936824,97.7888738752
3110.2500088359,97.8442974943
3110.9640239895,97.7471482184
3111.6780391430,97.7683318647
3112.3920542966,98.0153808819
3113.1060694501,97.8273589065
3113.8200846037,97.7067297924
3114.5340997572,97.9312597425
3115.2481149107,97.8346380187
3115.9621300643,97.8045871257
3116.6761452178,97.9668269216
3117.3901603714,97.8795259417
3118.1041755249,97.9306576235
3118.8181906785,98.0269353783
3119.5322058320,97.8962305698
3120.2462209855,97.8715186849
3120.9602361391,97.8244158168
3121.6742512926,97.7458291157
3122.3882664462,97.8059205191
3123.1022815997,97.7911759414
3123.8162967533,97.8169400228
3124.5303119068,97.9043551381
3125.2443270604,97.9117682782
3125.9583422139,97.9791012683
3126.6723573674,97.9343173151
3127.3863725210,97.8070545643
3128.1003876745,97.8593346039
3128.8144028281,97.8871524891
3129.5284179816,97.9034859746
3130.2424331352,97.9215425980
3130.9564482887,97.8383240821
3131.6704634422,97.9419118768
3132.3844785958,98.0062320691
3133.0984937493,97.8407001640
3133.8125089029,97.9283050580
3134.5265240564,97.9849020303
3135.2405392100,97.7723255447
3135.9545543635,97.8207804808
3136.6685695171,97.9612932829
3137.3825846706,97.9324473421
3138.0965998241,97.9720741081
3138.8106149777,97.9365761820
3139.5246301312,97.8676261150
3140.2386452848,97.9947311387
3140.9526604383,98.0274970255
3141.6666755919,97.9348647571
3142.3806907454,97.9838618908
3143.0947058989,98.0229637714
3143.8087210525,97.9823077603
3144.5227362060,98.0100882688
3145.2367513596,97.9933150161
3145.9507665131,97.9609956416
3146.6647816667,98.0657430941
3147.3787968202,98.0323794811
3148.0928119737,97.8720449644
3148.8068271273,97.9862751339
3149.5208422808,98.0738194707
3150.2348574344,97.8765308632
3150.9488725879,97.8647264213
3151.6628877415,97.9960576438
3152.3769028950,97.9513178996
3153.0909180486,97.9455338583
3153.8049332021,97.9979291118
3154.5189483556,98.0158049237
3155.2329635092,98.0877208812
3155.9469786627,98.0374839556
3156.6609938163,97.9268244126
3157.3750089698,98.0500081791
3158.0890241234,98.1374079031
3158.8030392769,98.0097965232
3159.5170544304,97.9887060079
3160.2310695840,98.0255660774
3160.9450847375,97.9368880878
3161.6590998911,97.9450536060
3162.3731150446,98.0156649244
3163.0871301982,97.9322126109
3163.8011453517,97.9150177758
3164.5151605053,98.0353363068
3165.2291756588,98.0281784063
3165.9431908123,97.9254339330
3166.6572059659,97.8779285235
3167.3712211194,97.9059695347
3168.0852362730,97.9860044610
3168.7992514265,98.0349832753
3169.5132665801,98.0715040330
3170.2272817336,98.0778172722
3170.9412968871,97.9970231393
3171.6553120407,97.9968967786
3172.3693271942,98.0405378857
3173.0833423478,98.0096031725
3173.7973575013,98.0640158099
3174.5113726549,98.1125634903
3175.2253878084,98.1117168226
3175.9394029619,98.1912993730
3176.6534181155,98.0776263341
3177.3674332690,97.9043712389
3178.0814484226,98.0784566721
3178.7954635761,98.1860157998
3179.5094787297,98.0264456801
3180.2234938832,98.0022242407
3180.9375090368,98.0857694418
3181.6515241903,98.0958865686
3182.3655393438,98.0612304758
3183.0795544974,98.0575720228
3183.7935696509,98.1277950472
3184.5075848045,98.0987091666
3185.2215999580,97.9706020177
3185.9356151116,97.9875533796
3186.6496302651,98.0568171212
3187.3636454186,97.9972681123
3188.0776605722,97.8974779490
3188.7916757257,97.9189327075
3189.5056908793,98.0359558862
3190.2197060328,98.0343266458
3190.9337211864,97.9665534465
3191.6477363399,98.0246190709
3192.3617514935,98.0943126074
3193.0757666470,98.0594719055
3193.7897818005,97.9281790305
3194.5037969541,97.8840994223
3195.2178121076,98.0953469037
3195.9318272612,98.1750583782
3196.6458424147,98.0315875232
3197.3598575683,98.1156293106
3198.0738727218,98.1809074343
3198.7878878753,98.0321244223
3199.5019030289,98.0180936248
3200.2159181824,97.9484995863
3200.9299333360,97.8281487479
3201.6439484895,97.9688892422
3202.3579636431,97.9853654261
3203.0719787966,97.8625124851
3203.7859939501,98.0089545032
3204.5000091037,98.1005366763
3205.2140242572,98.0106065490
3205.9280394108,98.0141366775
3206.6420545643,97.9638457420
3207.3560697179,97.9049271235
3208.0700848714,98.0115609092
3208.7841000250,98.0566180154
3209.4981151785,98.0535101665
3210.2121303320,98.1261669652
3210.9261454856,98.0752731120
3211.6401606391,97.9312291142
3212.3541757927,97.9045807724
3213.0681909462,97.9934711907
3213.7822060998,98.0591736091
3214.4962212533,97.9541907173
3215.2102364068,97.8854620894
3215.9242515604,98.0640597372
3216.6382667139,98.1013464466
3217.3522818675,97.9296833586
3218.0662970210,97.9951256027
3218.7803121746,98.0692426821
3219.4943273281,97.9083151174
3220.2083424817,97.9043240541
3220.9223576352,97.9974192155
3221.6363727887,97.9401370429
3222.3503879423,97.9156876906
3223.0644030958,97.8948302396
3223.7784182494,97.8172692409
3224.4924334029,97.8561545604
3225.2064485565,97.9099429830
3225.9204637100,97.8841012340
3226.6344788635,97.8763609322
3227.3484940171,97.8082359724
3228.0625091706,97.7030127115
3228.7765243242,97.7310792108
3229.4905394777,97.8481310834
3230.2045546313,97.9370770564
3230.9185697848,97.8554854288
3231.6325849384,97.6619538806
3232.3466000919,97.7446886485
3233.0606152454,97.9259333425
3233.7746303990,97.7225259769
3234.4886455525,97.6109874960
3235.2026607061,97.8635425613
3235.9166758596,97.8494537555
3236.6306910132,97.6798853253
3237.3447061667,97.7714969355
3238.0587213202,97.7809717978
3238.7727364738,97.7116966152
3239.4867516273,97.7533586766
3240.2007667809,97.6851882704
3240.9147819344,97.5956344113
3241.6287970880,97.6140491390
3242.3428122415,97.6716589599
3243.0568273950,97.7687135668
3243.7708425486,97.7492643369
3244.4848577021,97.6908249126
3245.1988728557,97.6984697020
3245.9128880092,97.5365505953
3246.6269031628,97.4488483823
3247.3409183163,97.5881992648
3248.0549334699,97.6208220625
3248.7689486234,97.6773807913
3249.4829637769,97.7529465053
3250.1969789305,97.6204772154
3250.9109940840,97.5672233950
3251.6250092376,97.5729073164
3252.3390243911,97.5353218878
3253.0530395447,97.6250915304
3253.7670546982,97.6149535161
3254.4810698517,97.5613060898
3255.1950850053,97.6248546479
3255.9091001588,97.5154164764
3256.6231153124,97.4788433355
3257.3371304659,97.6311763861
3258.0511456195,97.5604409210
3258.7651607730,97.5146949284
3259.4791759266,97.6214959142
3260.1931910801,97.5583574975
3260.9072062336,97.4629466313
3261.6212213872,97.4706172311
3262.3352365407,97.5297907106
3263.0492516943,97.5541903622
3263.7632668478,97.4658891101
3264.4772820014,97.5530400087
3265.1912971549,97.7214910621
3265.9053123084,97.6134173200
3266.6193274620,97.5528778895
3267.3333426155,97.5730653866
3268.0473577691,97.4594193645
3268.7613729226,97.5481721642
3269.4753880762,97.6580522724
3270.1894032297,97.4338194324
3270.9034183832,97.3679041865
3271.6174335368,97.5865493393
3272.3314486903,97.5849781493
3273.0454638439,97.4433527767
3273.7594789974,97.5308260278
3274.4734941510,97.6460309176
3275.1875093045,97.5480716806
3275.9015244581,97.5095208584
3276.6155396116,97.6076310151
3277.3295547651,97.6401820969
3278.0435699187,97.6952312477
3278.7575850722,97.6653383917
3279.4716002258,97.4489189262
3280.1856153793,97.4673154444
3280.8996305329,97.6625853686
3281.6136456864,97.6042207075
3282.3276608399,97.5017251635
3283.0416759935,97.5594120456
3283.7556911470,97.6196910630
3284.4697063006,97.6228427233
3285.1837214541,97.5439328001
3285.8977366077,97.5100105469
3286.6117517612,97.6391257519
3287.3257669148,97.6630391005
3288.0397820683,97.4893143550
3288.7537972218,97.4150969033
3289.4678123754,97.5132723549
3290.1818275289,97.6154433816
3290.8958426825,97.6697501186
3291.6098578360,97.6858024907
3292.3238729896,97.6327986078
3293.0378881431,97.5627977060
3293.7519032966,97.5714653178
3294.4659184502,97.6221930277
3295.1799336037,97.6343405904
3295.8939487573,97.5929515397
3296.6079639108,97.5312647716
3297.3219790644,97.5680769432
3298.0359942179,97.6823222173
3298.7500093714,97.6622395632
3299.4640245250,97.5877292473
3300.1780396785,97.5958743464
3300.8920548321,97.5234914122
3301.6060699856,97.4831247033
3302.3200851392,97.6059804298
3303.0341002927,97.5860000194
3303.7481154463,97.5627219220
3304.4621305998,97.7289586193
3305.1761457533,97.6385358885
3305.8901609069,97.4804614189
3306.6041760604,97.6123927330
3307.3181912140,97.5856483215
3308.0322063675,97.5931859294
3308.7462215211,97.8692232001
3309.4602366746,97.7611643908
3310.1742518281,97.5732604384
3310.8882669817,97.7239731710
3311.6022821352,97.6723709136
3312.3162972888,97.6200481928
3313.0303124423,97.7498579859
3313.7443275959,97.6261275380
3314.4583427494,97.6098727395
3315.1723579030,97.7556898622
3315.8863730565,97.6353465504
3316.6003882100,97.6065855596
3317.3144033636,97.7015528177
3318.0284185171,97.6171554144
3318.7424336707,97.6045142639
3319.4564488242,97.6545521046
3320.1704639778,97.6427485028
3320.8844791313,97.6707054169
3321.5984942848,97.6273692502
3322.3125094384,97.5369772277
3323.0265245919,97.5390388604
3323.7405397455,97.5750461620
3324.4545548990,97.6166940270
3325.1685700526,97.7069029599
3325.8825852061,97.8174912819
3326.5966003596,97.7522673164
3327.3106155132,97.5682163721
3328.0246306667,97.5645624285
3328.7386458203,97.5598357219
3329.4526609738,97.5432866846
3330.1666761274,97.7448743103
3330.8806912809,97.7309996985
3331.5947064345,97.5500388279
3332.3087215880,97.6952843037
3333.0227367415,97.7630933784
3333.7367518951,97.6425034418
3334.4507670486,97.7138877689
3335.1647822022,97.7825226542
3335.8787973557,97.7678030351
3336.5928125093,97.7007905749
3337.3068276628,97.5706078295
3338.0208428163,97.6778026908
3338.7348579699,97.8167743985
3339.4488731234,97.6699546782
3340.1628882770,97.5820211948
3340.8769034305,97.6648201283
3341.5909185841,97.7041458216
3342.3049337376,97.6423265842
3343.0189488912,97.5350835792
3343.7329640447,97.5531459517
3344.4469791982,97.6304282507
3345.1609943518,97.6060917284
3345.8750095053,97.5795074498
3346.5890246589,97.6024947165
3347.3030398124,97.6859944427
3348.0170549660,97.7149989705
3348.7310701195,97.5912293217
3349.4450852730,97.6494889984
3350.1591004266,97.8368991882
3350.8731155801,97.7749938889
3351.5871307337,97.7290106489
3352.3011458872,97.7995001448
3353.0151610408,97.7370335962
3353.7291761943,97.7144446698
3354.4431913478,97.7608992483
3355.1572065014,97.6950195256
3355.8712216549,97.6267990063
3356.5852368085,97.6346348499
3357.2992519620,97.6812901500
3358.0132671156,97.7058347165
3358.7272822691,97.6594965290
3359.4412974227,97.6676915907
3360.1553125762,97.7186995978
3360.8693277297,97.6869323807
3361.5833428833,97.7187135600
3362.2973580368,97.8210841630
3363.0113731904,97.7261968986
3363.7253883439,97.5697077581
3364.4394034975,97.6833512766
3365.1534186510,97.8523042740
3365.8674338045,97.8106395828
3366.5814489581,97.7610653106
3367.2954641116,97.7223174603
3368.0094792652,97.6076136801
3368.7234944187,97.6439645673
3369.4375095723,97.7894805849
3370.1515247258,97.8167848803
3370.8655398794,97.7694710724
3371.5795550329,97.6581663144
3372.2935701864,97.5549681580
3373.0075853400,97.6199751793
3373.7216004935,97.7466667228
3374.4356156471,97.7781796507
3375.1496308006,97.7043431334
3375.8636459542,97.6369794848
3376.5776611077,97.6589974339
3377.2916762612,97.6361949031
3378.0056914148,97.6304166408
3378.7197065683,97.7514131584
3379.4337217219,97.6917191934
3380.1477368754,97.5263807476
3380.8617520290,97.6558496659
3381.5757671825,97.8102092112
3382.2897823361,97.7423736546
3383.0037974896,97.7390799023
3383.7178126431,97.7922994111
3384.4318277967,97.7156372978
3385.1458429502,97.6789258600
3385.8598581038,97.7529705065
3386.5738732573,97.7304697863
3387.2878884109,97.6373171257
3388.0019035644,97.6736706821
3388.7159187179,97.7627495177
3389.4299338715,97.7189016045
3390.1439490250,97.6278816061
3390.8579641786,97.6993620124
3391.5719793321,97.8872898799
3392.2859944857,97.9333050939
3393.0000096392,97.8091637682
3393.7140247927,97.7338481501
3394.4280399463,97.7244604084
3395.1420550998,97.7022111173
3395.8560702534,97.6538763162
3396.5700854069,97.6350612204
3397.2841005605,97.6850055342
3397.9981157140,97.6430332058
3398.7121308676,97.6250678374
3399.4261460211,97.8603562127
3400.1401611746,97.8729873480
3400.8541763282,97.5393497630
3401.5681914817,97.5523579535
3402.2822066353,97.8052590339
3402.9962217888,97.7897767693
3403.7102369424,97.7409808214
3404.4242520959,97.7837359988
3405.1382672494,97.7647125899
3405.8522824030,97.7066974166
3406.5662975565,97.5861071661
3407.2803127101,97.5216855421
3407.9943278636,97.6899895495
3408.7083430172,97.8582453257
3409.4223581707,97.8013213270
3410.1363733243,97.7149656472
3410.8503884778,97.7305610777
3411.5644036313,97.6362170138
3412.2784187849,97.4628028095
3412.9924339384,97.4971168894
3413.7064490920,97.6024052923
3414.4204642455,97.5548439655
3415.1344793991,97.4643609149
3415.8484945526,97.4022308644
3416.5625097061,97.4652895823
3417.2765248597,97.6035845800
3417.9905400132,97.4930673204
3418.7045551668,97.3355316588
3419.4185703203,97.4727014692
3420.1325854739,97.5667142111
3420.8466006274,97.4891338896
3421.5606157809,97.5494560673
3422.2746309345,97.5771029203
3422.9886460880,97.4312327761
3423.7026612416,97.4208482736
3424.4166763951,97.4575921245
3425.1306915487,97.3057480417
3425.8447067022,97.2690213423
3426.5587218558,97.3821861864
3427.2727370093,97.3452149909
3427.9867521628,97.3510881764
3428.7007673164,97.4349041686
3429.4147824699,97.3581885994
3430.1287976235,97.3703090236
3430.8428127770,97.4670619220
3431.5568279306,97.3782606624
3432.2708430841,97.3464504141
3432.9848582376,97.4205971980
3433.6988733912,97.4453194150
3434.4128885447,97.4705378127
3435.1269036983,97.4104052626
3435.8409188518,97.4196360686
3436.5549340054,97.5918371768
3437.2689491589,97.5299598463
3437.9829643125,97.3977463786
3438.6969794660,97.5451373018
3439.4109946195,97.6614810093
3440.1250097731,97.5901046523
3440.8390249266,97.4866522582
3441.5530400802,97.4930618719
3442.2670552337,97.6374092033
3442.9810703873,97.6793913300
3443.6950855408,97.6373010177
3444.4091006943,97.6242817008
3445.1231158479,97.5041846930
3445.8371310014,97.5192360747
3446.5511461550,97.7074927758
3447.2651613085,97.6529890174
3447.9791764621,97.5706339674
3448.6931916156,97.6342073546
3449.4072067691,97.5522195828
3450.1212219227,97.4988349907
3450.8352370762,97.6471573487
3451.5492522298,97.7553309627
3452.2632673833,97.7529458129
3452.9772825369,97.7416421641
3453.6912976904,97.7679333078
3454.4053128440,97.7680022151
3455.1193279975,97.7055332708
3455.8333431510,97.7003029101
3456.5473583046,97.7112525044
3457.2613734581,97.6726404209
3457.9753886117,97.7047841362
3458.6894037652,97.7687372493
3459.4034189188,97.8173850589
3460.1174340723,97.7931586405
3460.8314492258,97.5769189857
3461.5454643794,97.5740569791
3462.2594795329,97.8914566206
3462.9734946865,97.8490717306
3463.6875098400,97.6595095158
3464.4015249936,97.8419202157
3465.1155401471,97.8445496127
3465.8295553007,97.6393964510
3466.5435704542,97.7417353764
3467.2575856077,97.8213659340
3467.9716007613,97.7583058034
3468.6856159148,97.7538474821
3469.3996310684,97.6694520875
3470.1136462219,97.7512490482
3470.8276613755,97.8911845733
3471.5416765290,97.6611873591
3472.2556916825,97.5834899226
3472.9697068361,97.7471082839
3473.6837219896,97.6840566856
3474.3977371432,97.7605066477
3475.1117522967,97.9121859411
3475.8257674503,97.7651418940
3476.5397826038,97.7879582243
3477.2537977573,97.9035365818
3477.9678129109,97.8048803761
3478.6818280644,97.8276054462
3479.3958432180,97.8495824125
3480.1098583715,97.7102425404
3480.8238735251,97.7323222153
3481.5378886786,97.8326821896
3482.2519038322,97.8405625898
3482.9659189857,97.8556529374
3483.6799341392,97.8820042511
3484.3939492928,97.8537165509
3485.1079644463,97.7552542610
3485.8219795999,97.7273230342
3486.5359947534,97.7705141241
3487.2500099070,97.7609486772
3487.9640250605,97.8251474706
3488.6780402140,97.8598695253
3489.3920553676,97.7314980065
3490.1060705211,97.7519278039
3490.8200856747,97.8652429046
3491.5341008282,97.8347193422
3492.2481159818,97.7994254425
3492.9621311353,97.7323961358
3493.6761462889,97.7172561161
3494.3901614424,97.8724989677
3495.1041765959,97.8608467764
3495.8181917495,97.7744530971
3496.5322069030,97.9160446344
3497.2462220566,97.8780177463
3497.9602372101,97.6381960112
3498.6742523637,97.6753452231
3499.3882675172,97.7944674595
3500.1022826707,97.7932388579
3500.8162978243,97.9083333416
3501.5303129778,97.8765408497
3502.2443281314,97.6329595036
3502.9583432849,97.6934171517
3503.6723584385,97.7716314521
3504.3863735920,97.6886441054
3505.1003887456,97.8352949352
3505.8144038991,97.7563852159
3506.5284190526,97.5348091061
3507.2424342062,97.7737010251
3507.9564493597,97.7723016657
3508.6704645133,97.5372647729
3509.3844796668,97.8589596939
3510.0984948204,97.9457685312
3510.8125099739,97.7384928404
3511.5265251274,97.9306457100
3512.2405402810,97.9042098666
3512.9545554345,97.7027039867
3513.6685705881,97.8057243189
3514.3825857416,97.7799090935
3515.0966008952,97.7222817956
3515.8106160487,97.7998196936
3516.5246312022,97.7764104774
3517.2386463558,97.8879455265
3517.9526615093,98.0234506507
3518.6666766629,97.8915259966
3519.3806918164,97.7722762835
3520.0947069700,97.7943881893
3520.8087221235,97.7922268674
3521.5227372771,97.7114851397
3522.2367524306,97.7940002228
3522.9507675841,98.0121201928
3523.6647827377,97.8035095865
3524.3787978912,97.6167561949
3525.0928130448,97.8621037104
3525.8068281983,97.8377160552
3526.5208433519,97.6557916374
3527.2348585054,97.8171646225
3527.9488736589,97.8685986821
3528.6628888125,97.7091372062
3529.3769039660,97.6038532811
3530.0909191196,97.6490882279
3530.8049342731,97.8095892579
3531.5189494267,97.7658368140
3532.2329645802,97.6465484633
3532.9469797338,97.7615600703
3533.6609948873,97.8296252439
3534.3750100408,97.7079238586
3535.0890251944,97.5622822072
3535.8030403479,97.6421304787
3536.5170555015,97.9220600152
3537.2310706550,97.8662072690
3537.9450858086,97.7447789130
3538.6591009621,97.8319972797
3539.3731161156,97.7683735713
3540.0871312692,97.8262818730
3540.8011464227,97.7393584551
3541.5151615763,97.6548333562
3542.2291767298,97.5138866780
3542.9431918834,97.5855100985
3543.6572070369,97.5156962016
3544.3712221904,97.4680480434
3545.0852373440,97.5483668741
3545.7992524975,97.5910826172
3546.5132676511,97.6751582378
3547.2272828046,97.7118480007
3547.9412979582,97.6366679434
3548.6553131117,97.6424031729
3549.3693282653,97.7794632809
3550.0833434188,97.8068103794
3550.7973585723,97.5478698179
3551.5113737259,97.4590385571
3552.2253888794,97.7096496846
3552.9394040330,97.7579178270
3553.6534191865,97.7316049627
3554.3674343401,97.6391070845
3555.0814494936,97.4465217219
3555.7954646471,97.5986448392
3556.5094798007,97.8324423669
3557.2234949542,97.7822577788
3557.9375101078,97.7566991408
3558.6515252613,97.6515342534
3559.3655404149,97.5330689100
3560.0795555684,97.6162406434
3560.7935707220,97.6358060398
3561.5075858755,97.7090009253
3562.2216010290,97.7082802236
3562.9356161826,97.5562372680
3563.6496313361,97.7421822876
3564.3636464897,97.6983153350
3565.0776616432,97.2967932703
3565.7916767968,97.4250335333
3566.5056919503,97.4929264706
3567.2197071038,97.1998688440
3567.9337222574,97.4449580877
3568.6477374109,97.4686982447
3569.3617525645,97.4309334449
3570.0757677180,97.5950111365
3570.7897828716,97.5296482113
3571.5037980251,97.6412079927
3572.2178131786,97.8771129970
3572.9318283322,97.7174668734
3573.6458434857,97.6982413843
3574.3598586393,97.7872671993
3575.0738737928,97.6191811094
3575.7878889464,97.7416025355
3576.5019040999,97.8789112152
3577.2159192535,97.6704839393
3577.9299344070,97.7124423817
3578.6439495605,97.8144953455
3579.3579647141,97.6482493764
3580.0719798676,97.7079094710
3580.7859950212,97.8862149044
3581.5000101747,97.7667744697
3582.2140253283,97.6688893309
3582.9280404818,97.7968043732
3583.6420556353,97.9004211197
3584.3560707889,97.7895566883
3585.0700859424,97.5269943559
3585.7841010960,97.4764662473
3586.4981162495,97.7666480793
3587.2121314031,97.4327560949
3587.9261465566,97.2137037614
3588.6401617102,97.5515890730
3589.3541768637,97.5190085875
3590.0681920172,97.5936835150
3590.7822071708,97.8099136948
3591.4962223243,97.5402624643
3592.2102374779,97.4488715410
3592.9242526314,97.7939728068
3593.6382677850,97.5148010917
3594.3522829385,97.3824186064
3595.0662980920,97.8600392249
3595.7803132456,97.8827853238
3596.4943283991,97.6854493645
3597.2083435527,97.6953881130
3597.9223587062,97.5858791131
3598.6363738598,97.5344214757
3599.3503890133,97.5298901472
3600.0644041668,97.5630607443
3600.7784193204,97.6517408335
3601.4924344739,97.5680282110
3602.2064496275,97.7013024992
3602.9204647810,97.9037372694
3603.6344799346,97.8337519723
3604.3484950881,97.9068887591
3605.0625102417,97.8210846284
3605.7765253952,97.5652746023
3606.4905405487,97.7897241251
3607.2045557023,97.8379576727
3607.9185708558,97.3735340973
3608.6325860094,97.3123724176
3609.3466011629,97.5731398029
3610.0606163165,97.6817128083
3610.7746314700,97.6547507123
3611.4886466235,97.3903231266
3612.2026617771,97.5345772957
3612.9166769306,97.7593238421
3613.6306920842,97.4334090737
3614.3447072377,97.4620737722
3615.0587223913,97.8208844602
3615.7727375448,97.7407845858
3616.4867526984,97.6037067070
3617.2007678519,97.6769224796
3617.9147830054,97.7388690594
3618.6287981590,97.5306800538
3619.3428133125,97.4402416853
3620.0568284661,97.7248753071
3620.7708436196,97.7592236447
3621.4848587732,97.6740990694
3622.1988739267,97.8301901851
3622.9128890802,97.9179877934
3623.6269042338,97.8547698345
3624.3409193873,97.8812833283
3625.0549345409,97.8307358310
3625.7689496944,97.8137067582
3626.4829648480,97.8379322744
3627.1969800015,97.5533334811
3627.9109951551,97.2150355218
3628.6250103086,97.4597048182
3629.3390254621,97.8235767557
3630.0530406157,97.6576165166
3630.7670557692,97.6019406939
3631.4810709228,97.6728452916
3632.1950860763,97.7516801310
3632.9091012299,97.6505662151
3633.6231163834,97.6579034536
3634.3371315369,97.8621397837
3635.0511466905,97.8893621684
3635.7651618440,97.9865409373
3636.4791769976,98.1737416702
3637.1931921511,98.1007405173
3637.9072073047,97.9926811626
3638.6212224582,98.0032971170
3639.3352376117,97.9879427115
3640.0492527653,98.0491476533
3640.7632679188,98.0963809687
3641.4772830724,98.0758483961
3642.1912982259,98.1989294655
3642.9053133795,98.1863404812
3643.6193285330,98.0921984748
3644.3333436866,98.2461527935
3645.0473588401,98.1660289847
3645.7613739936,97.8821244900
3646.4753891472,98.0659723520
3647.1894043007,98.2128302414
3647.9034194543,97.6129852581
3648.6174346078,97.6617781263
3649.3314497614,97.8116420829
3650.0454649149,97.5864404745
3650.7594800684,98.0540436232
3651.4734952220,98.3960761719
3652.1875103755,98.0558011051
3652.9015255291,97.9646092481
3653.6155406826,97.9844765992
3654.3295558362,97.9761673698
3655.0435709897,97.8686252325
3655.7575861433,97.9119224849
3656.4716012968,98.2126338416
3657.1856164503,98.1035869591
3657.8996316039,98.0659710996
3658.6136467574,98.1050616836
3659.3276619110,98.1369301688
3660.0416770645,98.1708842590
3660.7556922181,98.1391847870
3661.4697073716,98.1373156687
3662.1837225251,98.1863418291
3662.8977376787,98.1623912043
3663.6117528322,98.1597707318
3664.3257679858,98.3389370478
3665.0397831393,98.2995703479
3665.7537982929,98.3190978286
3666.4678134464,98.3711910753
3667.1818285999,98.0360493624
3667.8958437535,97.9672751885
3668.6098589070,98.3125564577
3669.3238740606,97.9267146486
3670.0378892141,97.8367192468
3670.7519043677,98.4000018350
3671.4659195212,98.1169128874
3672.1799346748,98.2186647690
3672.8939498283,98.1096543511
3673.6079649818,97.7272256383
3674.3219801354,97.5699098146
3675.0359952889,97.5870575900
3675.7500104425,97.6665782688
3676.4640255960,98.0884789518
3677.1780407496,98.0974663790
3677.8920559031,98.0013066397
3678.6060710566,97.9691579085
3679.3200862102,97.9790913228
3680.0341013637,98.0562628567
3680.7481165173,97.9634309595
3681.4621316708,97.9048041719
3682.1761468244,98.0779984220
3682.8901619779,98.0623484701
3683.6041771315,98.0261383426
3684.3181922850,98.1355402094
3685.0322074385,97.9678936063
3685.7462225921,97.9003097784
3686.4602377456,97.9719762032
3687.1742528992,97.6458201209
3687.8882680527,97.5376323565
3688.6022832063,98.2423301918
3689.3162983598,97.6565855251
3690.0303135133,97.5375389676
3690.7443286669,97.8419547428
3691.4583438204,97.9165563126
3692.1723589740,97.7939066017
3692.8863741275,97.8873414058
3693.6003892811,97.8716072999
3694.3144044346,97.8811963354
3695.0284195881,97.9792222329
3695.7424347417,97.9434634953
3696.4564498952,97.9115744049
3697.1704650488,98.0066163595
3697.8844802023,98.0259139117
3698.5984953559,97.9633267253
3699.3125105094,97.9403287668
3700.0265256630,97.8674953714
3700.7405408165,97.7363345133
3701.4545559700,97.7829602551
3702.1685711236,97.8983987709
3702.8825862771,97.8898625385
3703.5966014307,97.9809265716
3704.3106165842,98.0457945403
3705.0246317378,97.9072916651
3705.7386468913,97.8997636140
3706.4526620448,98.0963465251
3707.1666771984,98.0038593156
3707.8806923519,97.7764382469
3708.5947075055,97.8226660468
3709.3087226590,98.0668624497
3710.0227378126,97.8584768905
3710.7367529661,97.5570852154
3711.4507681197,97.4283177907
3712.1647832732,97.9882609055
3712.8787984267,97.8887901498
3713.5928135803,97.8725333512
3714.3068287338,97.8608866299
3715.0208438874,97.7222144617
3715.7348590409,97.7718107959
3716.4488741945,97.9472260341
3717.1628893480,97.9329551510
3717.8769045015,97.9326063965
3718.5909196551,97.9156430387
3719.3049348086,97.7534367786
3720.0189499622,97.8340905494
3720.7329651157,97.8857965386
3721.4469802693,97.7875996973
3722.1609954228,97.9177542902
3722.8750105763,97.8323062161
3723.5890257299,97.7110443958
3724.3030408834,97.7273833045
3725.0170560370,97.6847674606
3725.7310711905,97.7220715071
3726.4450863441,97.8111821718
3727.1591014976,97.8098657803
3727.8731166512,97.9505904916
3728.5871318047,97.9113455582
3729.3011469582,97.8805342990
3730.0151621118,98.0221633242
3730.7291772653,97.6652302556
3731.4431924189,97.4176439063
3732.1572075724,98.1270275539
3732.8712227260,97.6252788050
3733.5852378795,97.3362747718
3734.2992530330,97.5217428819
3735.0132681866,97.3403220925
3735.7272833401,97.2460869302
3736.4412984937,97.7039723052
3737.1553136472,97.5146756906
3737.8693288008,97.6938238756
3738.5833439543,98.0515437622
3739.2973591079,97.8613652626
3740.0113742614,97.8656657842
3740.7253894149,98.0696669783
3741.4394045685,97.9857009298
3742.1534197220,97.8886988024
3742.8674348756,97.6204847219
3743.5814500291,96.9357130828
3744.2954651827,98.1207137627
3745.0094803362,98.2281505136
3745.7234954897,97.7449082237
3746.4375106433,97.8800771724
3747.1515257968,97.9323433736
3747.8655409504,97.5621053783
3748.5795561039,97.1007637567
3749.2935712575,97.7371199239
3750.0075864110,97.6137242257
3750.7216015645,97.2561927936
3751.4356167181,97.3287269081
3752.1496318716,98.2382692204
3752.8636470252,97.7623687312
3753.5776621787,97.8147363179
3754.2916773323,97.8573859454
3755.0056924858,97.8037420673
3755.7197076394,97.7475310325
3756.4337227929,97.7778669223
3757.1477379464,97.9677505752
3757.8617531000,97.9502924726
3758.5757682535,97.7615690822
3759.2897834071,97.9562096398
3760.0037985606,98.2078508569
3760.7178137142,98.0526604859
3761.4318288677,97.9793091393
3762.1458440212,97.8917546721
3762.8598591748,98.0040269268
3763.5738743283,98.0813471886
3764.2878894819,97.8803053010
3765.0019046354,97.9639423874
3765.7159197890,98.2705615024
3766.4299349425,98.0397777965
3767.1439500961,98.0674303546
3767.8579652496,98.0438420909
3768.5719804031,97.7656241831
3769.2859955567,97.8055810480
3770.0000107102,98.0710903982
3770.7140258638,97.8522063458
3771.4280410173,97.9204546244
3772.1420561709,98.0343569164
3772.8560713244,98.1161428319
3773.5700864779,98.1846386062
3774.2841016315,98.2314040440
3774.9981167850,98.2740334083
3775.7121319386,98.1262930258
3776.4261470921,97.9961802719
3777.1401622457,98.1606429687
3777.8541773992,98.0883800892
3778.5681925528,97.7723357040
3779.2822077063,97.9563436610
3779.9962228598,98.1913742293
3780.7102380134,98.0082714261
3781.4242531669,97.9498039418
3782.1382683205,98.0348985844
3782.8522834740,98.0313920164
3783.5662986276,97.9498173650
3784.2803137811,97.8898340494
3784.9943289346,97.9148298277
3785.7083440882,97.9953731683
3786.4223592417,98.0197079247
3787.1363743953,98.0187252477
3787.8503895488,98.1187686517
3788.5644047024,98.1320919283
3789.2784198559,97.9975232891
3789.9924350094,98.0466172489
3790.7064501630,98.1488193523
3791.4204653165,98.0782020756
3792.1344804701,98.1426713798
3792.8484956236,98.3008048370
3793.5625107772,98.2888310784
3794.2765259307,98.2186770328
3794.9905410843,98.0208810146
3795.7045562378,97.8593851292
3796.4185713913,98.1778164050
3797.1325865449,98.2679794774
3797.8466016984,98.1470430395
3798.5606168520,98.2432158071
3799.2746320055,98.0915785207
3799.9886471591,97.6889327570
3800.7026623126,97.6140639929
3801.4166774661,98.0183189517
3802.1306926197,97.9209339105
3802.8447077732,98.0502084705
3803.5587229268,98.0383747973
3804.2727380803,98.0301847414
3804.9867532339,97.9406381991
3805.7007683874,97.5947160737
3806.4147835410,97.6172478850
3807.1287986945,98.3401727627
3807.8428138480,98.1094355732
3808.5568290016,98.0700054802
3809.2708441551,98.2023470052
3809.9848593087,98.1797695982
3810.6988744622,98.1504481729
3811.4128896158,98.1591060860
3812.1269047693,98.0356842193
3812.8409199228,98.0723512091
3813.5549350764,98.1772578991
3814.2689502299,97.9429129785
3814.9829653835,97.6881876627
3815.6969805370,98.1770042826
3816.4109956906,98.4779499360
3817.1250108441,98.1059548219
3817.8390259976,98.0749764637
3818.5530411512,97.8762077973
3819.2670563047,97.6262847819
3819.9810714583,97.4374528539
3820.6950866118,97.5384569281
3821.4091017654,97.9934503802
3822.1231169189,97.9879302326
3822.8371320725,97.8187697846
3823.5511472260,97.8896926523
3824.2651623795,98.1593563598
3824.9791775331,98.0280607289
3825.6931926866,97.6578910806
3826.4072078402,97.8220694254
3827.1212229937,98.2458683496
3827.8352381473,98.1235350024
3828.5492533008,98.0562471153
3829.2632684543,98.2984666654
3829.9772836079,98.2212321807
3830.6912987614,97.8636816137
3831.4053139150,97.9500645409
3832.1193290685,98.2038929263
3832.8333442221,98.0830870666
3833.5473593756,97.9099582907
3834.2613745292,97.9113682479
3834.9753896827,98.3116354501
3835.6894048362,98.0479005212
3836.4034199898,97.4616776685
3837.1174351433,97.2999839576
3837.8314502969,98.3774609387
3838.5454654504,97.8548305004
3839.2594806040,97.6248682109
3839.9734957575,97.6523013969
3840.6875109110,97.8597547436
3841.4015260646,98.0128315725
3842.1155412181,97.8392600533
3842.8295563717,97.6468898562
3843.5435715252,97.9329342556
3844.2575866788,98.0803450412
3844.9716018323,98.0079727568
3845.6856169858,98.1296454457
3846.3996321394,98.2265269578
3847.1136472929,98.2945076465
3847.8276624465,98.2963859419
3848.5416776000,98.1065285073
3849.2556927536,98.1171295569
3849.9697079071,98.1126528728
3850.6837230607,97.7862383661
3851.3977382142,97.7516810563
3852.1117533677,97.9412237663
3852.8257685213,97.0789035185
3853.5397836748,97.1085752597
3854.2537988284,99.5929281250
3854.9678139819,97.7952987236
3855.6818291355,97.8323303812
3856.3958442890,97.8929954589
3857.1098594425,97.8581241292
3857.8238745961,97.9288566343
3858.5378897496,98.0667371981
3859.2519049032,98.1225976600
3859.9659200567,98.0667868123
3860.6799352103,97.9581770984
3861.3939503638,98.0474489256
3862.1079655174,98.2786515333
3862.8219806709,98.1398524810
3863.5359958244,97.8168669325
3864.2500109780,97.7222326131
3864.9640261315,98.2944731842
3865.6780412851,98.2211124549
3866.3920564386,97.9296370364
3867.1060715922,98.0152228951
3867.8200867457,98.0332065456
3868.5341018992,97.6919065788
3869.2481170528,97.6225052663
3869.9621322063,98.0122721909
3870.6761473599,97.9555228295
3871.3901625134,98.2191705568
3872.1041776670,98.1383197009
3872.8181928205,97.7748962917
3873.5322079740,97.8051708149
3874.2462231276,98.2171292177
3874.9602382811,98.0960070145
3875.6742534347,98.1034866119
3876.3882685882,98.2277520133
3877.1022837418,98.2762357929
3877.8162988953,98.1758606898
3878.5303140489,97.9692204654
3879.2443292024,97.8120633505
3879.9583443559,98.0182184799
3880.6723595095,98.2813311644
3881.3863746630,98.0447247233
3882.1003898166,98.0620124250
3882.8144049701,98.3252787943
3883.5284201237,98.1923231032
3884.2424352772,97.7035661253
3884.9564504307,97.6631363477
3885.6704655843,98.2100031389
3886.3844807378,98.0381691072
3887.0984958914,98.0555120153
3887.8125110449,98.0713965115
3888.5265261985,98.0938144226
3889.2405413520,98.1318527440
3889.9545565056,97.7496452251
3890.6685716591,97.6309844888
3891.3825868126,98.3772358668
3892.0966019662,98.1748488206
3892.8106171197,98.0815088433
3893.5246322733,98.3574064619
3894.2386474268,98.2239027884
3894.9526625804,98.1615435755
3895.6666777339,98.2807235131
3896.3806928874,98.0860053951
3897.0947080410,98.0680632215
3897.8087231945,97.9896151205
3898.5227383481,97.7151199053
3899.2367535016,98.2950976844
3899.9507686552,98.2268057010
3900.6647838087,97.6983530650
3901.3787989623,97.9438852264
3902.0928141158,98.1548125030
3902.8068292693,97.5522270994
3903.5208444229,97.5589791686
3904.2348595764,97.6648106350
3904.9488747300,97.6500879608
3905.6628898835,98.0345848312
3906.3769050371,98.0295121578
3907.0909201906,97.9447466323
3907.8049353441,98.2021509365
3908.5189504977,98.2612360167
3909.2329656512,98.1830338931
3909.9469808048,98.2416147210
3910.6609959583,98.2333487363
3911.3750111119,98.1819498670
3912.0890262654,98.2418292087
3912.8030414189,98.3608493416
3913.5170565725,98.2987472056
3914.2310717260,98.1308389084
3914.9450868796,98.1192478640
3915.6591020331,97.9906857052
3916.3731171867,97.8574284128
3917.0871323402,98.2350765520
3917.8011474938,98.3071722363
3918.5151626473,98.0734218245
3919.2291778008,98.1500621749
3919.9431929544,98.2846711691
3920.6572081079,98.1700893195
3921.3712232615,98.2062149421
3922.0852384150,98.2156312536
3922.7992535686,98.1064046684
3923.5132687221,98.1045666535
3924.2272838756,98.2403563471
3924.9412990292,98.3341117725
3925.6553141827,98.2751683860
3926.3693293363,98.2348065104
3927.0833444898,98.1651814242
3927.7973596434,98.0869341330
3928.5113747969,98.1602189362
3929.2253899505,98.1842985186
3929.9394051040,98.1333073151
3930.6534202575,98.1395269593
3931.3674354111,98.0657793955
3932.0814505646,98.1747456100
3932.7954657182,98.3691082345
3933.5094808717,98.2059536230
3934.2234960253,98.2350828373
3934.9375111788,98.4688362642
3935.6515263323,98.3403710133
3936.3655414859,98.2399671936
3937.0795566394,98.3516215129
3937.7935717930,98.2903257817
3938.5075869465,98.2182922100
3939.2216021001,98.2816944433
3939.9356172536,98.3549416401
3940.6496324071,98.2918780716
3941.3636475607,98.0522787597
3942.0776627142,98.0260591009
3942.7916778678,98.2281140378
3943.5056930213,98.1911090049
3944.2197081749,98.2645812357
3944.9337233284,98.3122008843
3945.6477384820,98.1323666706
3946.3617536355,98.1643612567
3947.0757687890,98.2980004572
3947.7897839426,98.1900075785
3948.5037990961,98.0720329596
3949.2178142497,98.0471508749
3949.9318294032,98.1414355136
3950.6458445568,98.2007880059
3951.3598597103,98.1106108011
3952.0738748638,98.2119252584
3952.7878900174,98.2996378964
3953.5019051709,98.1273995019
3954.2159203245,98.2457196420
3954.9299354780,98.4607667561
3955.6439506316,98.3134640658
3956.3579657851,98.2530018840
3957.0719809387,98.3449254096
3957.7859960922,98.3060172706
3958.5000112457,98.3042720611
3959.2140263993,98.2974862494
3959.9280415528,98.2145167457
3960.6420567064,98.2222057673
3961.3560718599,98.3187141622
3962.0700870135,98.3704534659
3962.7841021670,98.3381138535
3963.4981173205,98.3099517700
3964.2121324741,98.3219255947
3964.9261476276,98.2721983105
3965.6401627812,98.2142044376
3966.3541779347,98.2731033746
3967.0681930883,98.3043943245
3967.7822082418,98.2510085204
3968.4962233953,98.3047610423
3969.2102385489,98.4153213471
3969.9242537024,98.3798265188
3970.6382688560,98.2783901826
3971.3522840095,98.2608445966
3972.0662991631,98.3146294023
3972.7803143166,98.3150111841
3973.4943294702,98.2437199245
3974.2083446237,98.2591840419
3974.9223597772,98.3046545731
3975.6363749308,98.2411682765
3976.3503900843,98.2896538994
3977.0644052379,98.4425774014
3977.7784203914,98.4079751579
3978.4924355450,98.3040509441
3979.2064506985,98.2717072814
3979.9204658520,98.2700042642
3980.6344810056,98.3538057865
3981.3484961591,98.3892938962
3982.0625113127,98.3340226763
3982.7765264662,98.3519248352
3983.4905416198,98.3266168855
3984.2045567733,98.2796501311
3984.9185719269,98.3392230012
3985.6325870804,98.3370833952
3986.3466022339,98.3261098913
3987.0606173875,98.3735298180
3987.7746325410,98.3070639991
3988.4886476946,98.2621216040
3989.2026628481,98.3427015701
3989.9166780017,98.4117184702
3990.6306931552,98.4175380289
3991.3447083087,98.3038972509
3992.0587234623,98.2469845311
3992.7727386158,98.3685674346
3993.4867537694,98.3508606541
3994.2007689229,98.2433522340
3994.9147840765,98.3007201719
3995.6287992300,98.3256875201
3996.3428143835,98.3055770179
3997.0568295371,98.3664466042
3997.7708446906,98.3753320218
3998.4848598442,98.3505282362
3999.1988749977,98.3383459563
3999.9128901513,98.3152591709