399.8484859844,65.2404050198
400.5625011380,88.4677928747
401.2765162915,87.0995442164
401.9905314450,84.1953098835
402.7045465986,94.4314986466
403.4185617521,88.6378467267
404.1325769057,88.1701568046
404.8465920592,91.4265966802
405.5606072128,88.0474925664
406.2746223663,95.1631380144
406.9886375199,86.5126926347
407.7026526734,71.3742653273
408.4166678269,85.6379968393
409.1306829805,94.5717201298
409.8446981340,89.2160184735
410.5587132876,86.2919893027
411.2727284411,84.2608252608
411.9867435947,85.0811083862
412.7007587482,89.1553803590
413.4147739017,94.1400454214
414.1287890553,93.2578805801
414.8428042088,91.3546524233
415.5568193624,89.0142347760
416.2708345159,81.1393228308
416.9848496695,85.1371531737
417.6988648230,106.0639325000
418.4128799766,90.9356869177
419.1268951301,78.7059440492
419.8409102836,101.5480735563
420.5549254372,91.5042838160
421.2689405907,85.9862615078
421.9829557443,89.2348885119
422.6969708978,81.7278943842
423.4109860514,83.5522570543
424.1250012049,89.1730587653
424.8390163584,86.1686840563
425.5530315120,84.1216159948
426.2670466655,80.0841637832
426.9810618191,80.3566247355
427.6950769726,87.6579280635
428.4090921262,81.1320350943
429.1231072797,76.5335710442
429.8371224332,84.0722945606
430.5511375868,82.2492826367
431.2651527403,78.3376849515
431.9791678939,81.2371676676
432.6931830474,80.3367178805
433.4071982010,78.8819927615
434.1212133545,79.8701321773
434.8352285081,81.2982190130
435.5492436616,84.1949566704
436.2632588151,84.1897080379
436.9772739687,82.4490434064
437.6912891222,82.9889119376
438.4053042758,83.5576225248
439.1193194293,84.7947784975
439.8333345829,85.1376054729
440.5473497364,83.8106834981
441.2613648899,83.7501964464
441.9753800435,85.5935450460
442.6893951970,86.4299493003
443.4034103506,85.2074196447
444.1174255041,85.9940648370
444.8314406577,88.0311179459
445.5454558112,86.9678419679
446.2594709648,87.2406038166
446.9734861183,89.6710598092
447.6875012718,88.9742773632
448.4015164254,89.1757864752
449.1155315789,90.4398779708
449.8295467325,90.2041843870
450.5435618860,90.1839371648
451.2575770396,90.2217552943
451.9715921931,91.8926158798
452.6856073466,93.2345057994
453.3996225002,88.9191687545
454.1136376537,87.5362822663
454.8276528073,90.5664111982
455.5416679608,91.0237158376
456.2556831144,89.3187693031
456.9696982679,88.3365666796
457.6837134214,88.2847650513
458.3977285750,91.6643430237
459.1117437285,92.7930595303
459.8257588821,90.8166585699
460.5397740356,87.8017821597
461.2537891892,88.2402591152
461.9678043427,90.8942534856
462.6818194963,90.8142425769
463.3958346498,89.4011301926
464.1098498033,88.2266455852
464.8238649569,88.0970714864
465.5378801104,89.1416903042
466.2518952640,89.0271286831
466.9659104175,89.3486739571
467.6799255711,92.0601804216
468.3939407246,91.0765558682
469.1079558781,89.0831150208
469.8219710317,89.9179631104
470.5359861852,89.6324448590
471.2500013388,90.0770512059
471.9640164923,90.8423833242
472.6780316459,88.2272808089
473.3920467994,88.3899526120
474.1060619530,89.2737497486
474.8200771065,89.4803105249
475.5340922600,90.5042763008
476.2481074136,88.3966628698
476.9621225671,86.9934070062
477.6761377207,89.2826397276
478.3901528742,88.9287377242
479.1041680278,88.0752706866
479.8181831813,88.5766492109
480.5321983348,88.5931531936
481.2462134884,89.6802942736
481.9602286419,88.4206689911
482.6742437955,87.0390073934
483.3882589490,88.7657002382
484.1022741026,87.5884168406
484.8162892561,86.4840550994
485.5303044097,87.7804322790
486.2443195632,86.7647827668
486.9583347167,88.2523124710
487.6723498703,90.1684034014
488.3863650238,86.9217191612
489.1003801774,86.0362398242
489.8143953309,87.3815996940
490.5284104845,86.3767072734
491.2424256380,86.3247970843
491.9564407915,86.1734957154
492.6704559451,85.9211826353
493.3844710986,86.9203520566
494.0984862522,86.4019354803
494.8125014057,86.5302321541
495.5265165593,86.9023700198
496.2405317128,84.8210914325
496.9545468663,84.6412187553
497.6685620199,85.5310621431
498.3825771734,84.7302443980
499.0965923270,85.0511870997
499.8106074805,85.0488762847
500.5246226341,83.9780500494
501.2386377876,84.1446345121
501.9526529412,83.8597574422
502.6666680947,83.6210900710
503.3806832482,84.4259571050
504.0946984018,84.1987639140
504.8087135553,83.7099961609
505.5227287089,83.8713580375
506.2367438624,83.7188077827
506.9507590160,84.3534885458
507.6647741695,85.8288072440
508.3787893230,86.0974564610
509.0928044766,85.9534902805
509.8068196301,87.4558785297
510.5208347837,88.8786601550
511.2348499372,88.5539465355
511.9488650908,88.5266993129
512.6628802443,88.9453519439
513.3768953979,89.2159253805
514.0909105514,89.2487197066
514.8049257049,88.4937932737
515.5189408585,88.7418855855
516.2329560120,89.3216356503
516.9469711656,88.1853497453
517.6609863191,88.8350285307
518.3750014727,90.5277833490
519.0890166262,90.1392691961
519.8030317797,89.7457666183
520.5170469333,90.0948719231
521.2310620868,89.9191579156
521.9450772404,89.3941927869
522.6590923939,88.4857364139
523.3731075475,88.7178729618
524.0871227010,89.7121298762
524.8011378545,89.6550218432
525.5151530081,90.2979265100
526.2291681616,90.3501200410
526.9431833152,88.8511199145
527.6571984687,88.9890197704
528.3712136223,89.4400457617
529.0852287758,89.1949361533
529.7992439294,89.3707533166
530.5132590829,89.1077812926
531.2272742364,89.7217194473
531.9412893900,90.9168606199
532.6553045435,89.8457843824
533.3693196971,88.9681659624
534.0833348506,89.5513685600
534.7973500042,89.2795734896
535.5113651577,89.1646368743
536.2253803112,89.8671956973
536.9393954648,89.5959789210
537.6534106183,88.3869379375
538.3674257719,88.3469646389
539.0814409254,89.6390145385
539.7954560790,89.5845792309
540.5094712325,89.0008109046
541.2234863861,89.6871614760
541.9375015396,89.1552555657
542.6515166931,88.4015126482
543.3655318467,89.0244175286
544.0795470002,88.3341216846
544.7935621538,87.9452051273
545.5075773073,89.4480353177
546.2215924609,89.7433342755
546.9356076144,89.2527196594
547.6496227679,88.9378281975
548.3636379215,88.2433306277
549.0776530750,88.6675178562
549.7916682286,89.3516480356
550.5056833821,88.9878687520
551.2196985357,88.8182523000
551.9337136892,88.7529050792
552.6477288427,88.6922056204
553.3617439963,88.8067264128
554.0757591498,88.6518647383
554.7897743034,88.7434294935
555.5037894569,88.8913187287
556.2178046105,88.7546895400
556.9318197640,88.7637321576
557.6458349176,88.6955890636
558.3598500711,88.7829636229
559.0738652246,88.8379517862
559.7878803782,88.3927323220
560.5018955317,88.3165796611
561.2159106853,88.3467937266
561.9299258388,88.2560471177
562.6439409924,88.8756530077
563.3579561459,89.1093745165
564.0719712994,88.7019037543
564.7859864530,88.6788945934
565.5000016065,88.2768008354
566.2140167601,87.8637666755
566.9280319136,88.4151982766
567.6420470672,88.8266627757
568.3560622207,88.6760265222
569.0700773743,88.6958971332
569.7840925278,88.7040741992
570.4981076813,88.5623099262
571.2121228349,88.5241289886
571.9261379884,88.4131094236
572.6401531420,88.2447643211
573.3541682955,88.5654513245
574.0681834491,88.8132895186
574.7821986026,88.3279251568
575.4962137561,88.2916644291
576.2102289097,88.7101265104
576.9242440632,88.5084739498
577.6382592168,88.4893845643
578.3522743703,88.4439177634
579.0662895239,88.1703399871
579.7803046774,88.4848673512
580.4943198309,88.4995125367
581.2083349845,88.2396049874
581.9223501380,88.5827455573
582.6363652916,88.4009761672
583.3503804451,87.9755305835
584.0643955987,88.1854254393
584.7784107522,88.2950167532
585.4924259058,88.2550193194
586.2064410593,88.2450066719
586.9204562128,88.5359934679
587.6344713664,88.9685127651
588.3484865199,88.3623566401
589.0625016735,87.8897469398
589.7765168270,88.5436925111
590.4905319806,88.6396959922
591.2045471341,88.5193787011
591.9185622876,88.7106148945
592.6325774412,88.4217356329
593.3465925947,88.5212625033
594.0606077483,88.8454425937
594.7746229018,88.7662021117
595.4886380554,88.7498421327
596.2026532089,88.3278117812
596.9166683625,88.0588029120
597.6306835160,88.3682511414
598.3446986695,87.9953388759
599.0587138231,87.7861393848
599.7727289766,88.3015185107
600.4867441302,88.1000779563
601.2007592837,87.7457094370
601.9147744373,87.9102689508
602.6287895908,87.8714487396
603.3428047443,87.6260000153
604.0568198979,87.5480629030
604.7708350514,87.6754502287
605.4848502050,87.5085598010
606.1988653585,87.0621286468
606.9128805121,87.0158181004
607.6268956656,86.8778246843
608.3409108192,86.7056436550
609.0549259727,87.1863196636
609.7689411262,87.3429270890
610.4829562798,86.9637832495
611.1969714333,87.0292376985
611.9109865869,87.1866837815
612.6250017404,86.9771438396
613.3390168940,86.6485619745
614.0530320475,86.6024799671
614.7670472010,86.7460855050
615.4810623546,86.5737062926
616.1950775081,86.5063276649
616.9090926617,86.6001423838
617.6231078152,86.3699231656
618.3371229688,86.4042687630
619.0511381223,86.4922388088
619.7651532758,86.3300729453
620.4791684294,86.4647816181
621.1931835829,86.3429139379
621.9071987365,86.1075938288
622.6212138900,86.3243085639
623.3352290436,86.0675003895
624.0492441971,85.6379998631
624.7632593507,85.6769342100
625.4772745042,85.7103091624
626.1912896577,85.8923367480
626.9053048113,85.8903170075
627.6193199648,85.7025581107
628.3333351184,85.8663582357
629.0473502719,85.4171411888
629.7613654255,84.8473795515
630.4753805790,85.0119720298
631.1893957325,84.7178755769
631.9034108861,84.7109230639
632.6174260396,85.5557664719
633.3314411932,85.5888980908
634.0454563467,85.4921839785
634.7594715003,85.8797637028
635.4734866538,85.6203271175
636.1875018074,85.4772366292
636.9015169609,85.7866322999
637.6155321144,85.6906248721
638.3295472680,85.4774203484
639.0435624215,85.3044192871
639.7575775751,85.2462411157
640.4715927286,85.5600148995
641.1856078822,85.5904130280
641.8996230357,85.2551943494
642.6136381892,85.2351958453
643.3276533428,85.4127393887
644.0416684963,85.2656820656
644.7556836499,84.9436016324
645.4696988034,84.8777869776
646.1837139570,84.7997661484
646.8977291105,84.6524659045
647.6117442640,84.8564254582
648.3257594176,84.9859600909
649.0397745711,84.7395895398
649.7537897247,84.5529910243
650.4678048782,84.4503368199
651.1818200318,84.4608954751
651.8958351853,84.4212973103
652.6098503389,84.1172076364
653.3238654924,84.0920081621
654.0378806459,84.2329737752
654.7518957995,84.1126126877
655.4659109530,84.0745305910
656.1799261066,83.9707974096
656.8939412601,83.7364099876
657.6079564137,83.8056262414
658.3219715672,83.9063609331
659.0359867207,83.7588666591
659.7500018743,83.5350464500
660.4640170278,83.4469288737
661.1780321814,83.5915604802
661.8920473349,83.6820066353
662.6060624885,83.5474337758
663.3200776420,83.3642193504
664.0340927956,83.1599445158
664.7481079491,83.0070372777
665.4621231026,82.9014137081
666.1761382562,82.9087958235
666.8901534097,82.9870012759
667.6041685633,83.3434014629
668.3181837168,83.7372858438
669.0321988704,83.0368105568
669.7462140239,82.6558601956
670.4602291774,82.6051145210
671.1742443310,82.3836532749
671.8882594845,81.9542762456
672.6022746381,82.1176970663
673.3162897916,82.0695450893
674.0303049452,81.6728793829
674.7443200987,81.6540851076
675.4583352522,81.2024108895
676.1723504058,80.9255816243
676.8863655593,81.3559586700
677.6003807129,80.9334163441
678.3143958664,80.5425379842
679.0284110200,80.9615065315
679.7424261735,80.6852441562
680.4564413271,80.2135292146
681.1704564806,80.1708535113
681.8844716341,80.1340624127
682.5984867877,80.5118377341
683.3125019412,80.6680578632
684.0265170948,80.2714170408
684.7405322483,80.1833977843
685.4545474019,79.9763711608
686.1685625554,79.5720173469
686.8825777089,79.5158191711
687.5965928625,79.5014583720
688.3106080160,79.4062008053
689.0246231696,79.0426859061
689.7386383231,78.6749180770
690.4526534767,78.8227993333
691.1666686302,78.5035286640
691.8806837838,77.6814765023
692.5946989373,77.4750434662
693.3087140908,77.4871188673
694.0227292444,77.4085817164
694.7367443979,77.2695753047
695.4507595515,76.8226606793
696.1647747050,76.5384196762
696.8787898586,76.4234605370
697.5928050121,75.9942477672
698.3068201656,75.4319944310
699.0208353192,74.9578047348
699.7348504727,74.6618973444
700.4488656263,74.3185906808
701.1628807798,73.7588848094
701.8768959334,73.4239278531
702.5909110869,73.1689434112
703.3049262404,72.7633016265
704.0189413940,72.5583529633
704.7329565475,72.2651342611
705.4469717011,71.6518620990
706.1609868546,71.1299624361
706.8750020082,70.7447030187
707.5890171617,70.3960905485
708.3030323153,69.9555816877
709.0170474688,69.3075105092
709.7310626223,68.6269821019
710.4450777759,67.9419255182
711.1590929294,67.3098644858
711.8731080830,66.8008643346
712.5871232365,66.1525770454
713.3011383901,65.3237484866
714.0151535436,64.6202029148
714.7291686971,63.9884027562
715.4431838507,62.8921513622
716.1571990042,61.4949424570
716.8712141578,60.5344940744
717.5852293113,59.4964254853
718.2992444649,58.1724148048
719.0132596184,57.3448991322
719.7272747720,56.2571967947
720.4412899255,54.6858592082
721.1553050790,53.9598957885
721.8693202326,53.6251480643
722.5833353861,53.1444430508
723.2973505397,52.7811385215
724.0113656932,52.7761388886
724.7253808468,53.6683119393
725.4393960003,55.1847818608
726.1534111538,56.9064780833
726.8674263074,58.8147567737
727.5814414609,60.7746935455
728.2954566145,62.9721675709
729.0094717680,65.0656716489
729.7234869216,66.9828725631
730.4375020751,69.1199301679
731.1515172287,71.1908093744
731.8655323822,73.3755404762
732.5795475357,75.7318942203
733.2935626893,77.8302024682
734.0075778428,79.9292103942
734.7215929964,82.0748838810
735.4356081499,84.1756685636
736.1496233035,86.1416637151
736.8636384570,87.6846823926
737.5776536105,89.2340770840
738.2916687641,90.8702840708
739.0056839176,92.0069879386
739.7196990712,92.6745841178
740.4337142247,93.2403872304
741.1477293783,93.7894261544
741.8617445318,94.0411043666
742.5757596853,94.1276085162
743.2897748389,94.3334092386
744.0037899924,94.3133992681
744.7178051460,94.0955072645
745.4318202995,93.9149910554
746.1458354531,93.7075163911
746.8598506066,93.6607844433
747.5738657602,93.4715949902
748.2878809137,92.9332107590
749.0018960672,92.6471854163
749.7159112208,92.6729793357
750.4299263743,92.7217023191
751.1439415279,92.4805097626
751.8579566814,91.9272544997
752.5719718350,91.8399893625
753.2859869885,91.9240574716
754.0000021420,91.5573727951
754.7140172956,91.3302665005
755.4280324491,91.1461423191
756.1420476027,91.0214984195
756.8560627562,91.2737499871
757.5700779098,90.8987843449
758.2840930633,90.3666686975
758.9981082169,90.6804556166
759.7121233704,90.5927579030
760.4261385239,90.1581478735
761.1401536775,90.1808481418
761.8541688310,89.8905393035
762.5681839846,89.5313418243
763.2821991381,89.5413891687
763.9962142917,89.5283111744
764.7102294452,89.6503063157
765.4242445987,89.4503242355
766.1382597523,88.9366494949
766.8522749058,89.0557874334
767.5662900594,89.2064779244
768.2803052129,88.8648394668
768.9943203665,88.6004227423
769.7083355200,88.3945629514
770.4223506735,88.3015387033
771.1363658271,88.3504847467
771.8503809806,88.2274057938
772.5643961342,88.0988614086
773.2784112877,87.8969837161
773.9924264413,87.5897746637
774.7064415948,87.6359243691
775.4204567484,87.7896557314
776.1344719019,87.5383561323
776.8484870554,87.1533242938
777.5625022090,87.1783749527
778.2765173625,87.3754089009
778.9905325161,87.0148547859
779.7045476696,86.5606236265
780.4185628232,86.7153132641
781.1325779767,86.8012096637
781.8465931302,86.5314223123
782.5606082838,86.3048589016
783.2746234373,86.0856792744
783.9886385909,85.9828182330
784.7026537444,85.9889943957
785.4166688980,85.8212544200
786.1306840515,85.5511318171
786.8446992051,85.3077589845
787.5587143586,85.1949856845
788.2727295121,85.0640585970
788.9867446657,84.7198381123
789.7007598192,84.5706511308
790.4147749728,84.5801849511
791.1287901263,84.3141264363
791.8428052799,84.0803514173
792.5568204334,84.1192694855
793.2708355869,84.3327368018
793.9848507405,84.6548217875
794.6988658940,84.9849422012
795.4128810476,85.3820414155
796.1268962011,85.6238270926
796.8409113547,85.7328749349
797.5549265082,86.0001355497
798.2689416617,85.9711665938
798.9829568153,85.8691102664
799.6969719688,86.0978453644
800.4109871224,85.9768795018
801.1250022759,85.8403178360
801.8390174295,86.0041329052
802.5530325830,85.7366617854
803.2670477366,85.5792024639
803.9810628901,85.6826823143
804.6950780436,85.3771814270
805.4090931972,85.4016267653
806.1231083507,85.7459620152
806.8371235043,85.6249157406
807.5511386578,85.5209664542
808.2651538114,85.5713134715
808.9791689649,85.4863191787
809.6931841184,85.4041597128
810.4071992720,85.2831160541
811.1212144255,85.2592876752
811.8352295791,85.3097696374
812.5492447326,85.2305164027
813.2632598862,85.2675117283
813.9772750397,85.3217132763
814.6912901933,85.1779554710
815.4053053468,85.0508345163
816.1193205003,84.9821626785
816.8333356539,84.9068368145
817.5473508074,84.8091156409
818.2613659610,84.8151772762
818.9753811145,84.8965518633
819.6893962681,84.7124626975
820.4034114216,84.6358916384
821.1174265751,84.8507838224
821.8314417287,84.7108972469
822.5454568822,84.4198831185
823.2594720358,84.2641043782
823.9734871893,84.1044796857
824.6875023429,84.2319488659
825.4015174964,84.1986645642
826.1155326499,83.8042699664
826.8295478035,83.8544135380
827.5435629570,83.9725746572
828.2575781106,83.6761866708
828.9715932641,83.3867600363
829.6856084177,83.1491016370
830.3996235712,83.1495897359
831.1136387248,83.2844552187
831.8276538783,83.0482416572
832.5416690318,82.8280567839
833.2556841854,82.7535071286
833.9696993389,82.5641365486
834.6837144925,82.4580154175
835.3977296460,82.2842779335
836.1117447996,82.0707400732
836.8257599531,81.9135754563
837.5397751066,81.5706643878
838.2537902602,81.4874706911
838.9678054137,81.5699919891
839.6818205673,81.1968579922
840.3958357208,80.9621586439
841.1098508744,80.9990111040
841.8238660279,80.7540361893
842.5378811815,80.5143682850
843.2518963350,80.3603294087
843.9659114885,80.1397331970
844.6799266421,80.0549942001
845.3939417956,80.0680253995
846.1079569492,80.1089248985
846.8219721027,80.1115646535
847.5359872563,80.1533784447
848.2500024098,80.4931908775
848.9640175633,80.8723584013
849.6780327169,81.1022612075
850.3920478704,81.3362734980
851.1060630240,81.5129125954
851.8200781775,81.6895386731
852.5340933311,81.8573743354
853.2481084846,81.9191189022
853.9621236381,82.0657852797
854.6761387917,82.2093431356
855.3901539452,82.2524430351
856.1041690988,82.4338267819
856.8181842523,82.6206957098
857.5321994059,82.5622588427
858.2462145594,82.4514616043
858.9602297130,82.5841779404
859.6742448665,82.8503160601
860.3882600200,82.8147867436
861.1022751736,82.5510272359
861.8162903271,82.4410017766
862.5303054807,82.3387369228
863.2443206342,82.0930616677
863.9583357878,81.8735168861
864.6723509413,81.6195010204
865.3863660948,81.1216021724
866.1003812484,80.5267193416
866.8143964019,80.0812738866
867.5284115555,79.4915221570
868.2424267090,78.5563601362
868.9564418626,77.6656819479
869.6704570161,76.7400109719
870.3844721697,75.6082587976
871.0984873232,74.7782204652
871.8125024767,74.5956991205
872.5265176303,75.4363605107
873.2405327838,77.3281773180
873.9545479374,79.1049066495
874.6685630909,80.3499048303
875.3825782445,81.3792380586
876.0965933980,82.0448564139
876.8106085515,82.6572699736
877.5246237051,83.2582467593
878.2386388586,83.5146309555
878.9526540122,83.8534750605
879.6666691657,84.3142182820
880.3806843193,84.5999588704
881.0946994728,84.8867685162
881.8087146264,85.0822133777
882.5227297799,85.2292406481
883.2367449334,85.4981218456
883.9507600870,85.6407477026
884.6647752405,85.7128688719
885.3787903941,85.7747718968
886.0928055476,85.6959891268
886.8068207012,85.7215912984
887.5208358547,85.8636067911
888.2348510082,85.9345315372
888.9488661618,85.9584940742
889.6628813153,85.8579747469
890.3768964689,85.7222644374
891.0909116224,85.6782458014
891.8049267760,85.5950030038
892.5189419295,85.5151575914
893.2329570830,85.4861521520
893.9469722366,85.4465814780
894.6609873901,85.4077231221
895.3750025437,85.2497052727
896.0890176972,84.9691029010
896.8030328508,84.7938425161
897.5170480043,84.7796847462
898.2310631579,84.8009671544
898.9450783114,84.7625956112
899.6590934649,84.7053283661
900.3731086185,84.6307304132
901.0871237720,84.5385793443
901.8011389256,84.5933201223
902.5151540791,84.6864211962
903.2291692327,84.6553886254
903.9431843862,84.7033084079
904.6571995397,84.8039211297
905.3712146933,84.8653596048
906.0852298468,84.9886412710
906.7992450004,85.0364442206
907.5132601539,85.0164690774
908.2272753075,85.1384480853
908.9412904610,85.3236541424
909.6553056146,85.3617816366
910.3693207681,85.2228931186
911.0833359216,85.2001404011
911.7973510752,85.3582809030
912.5113662287,85.3762398288
913.2253813823,85.3255164935
913.9393965358,85.2925591883
914.6534116894,85.1852063455
915.3674268429,85.2232884994
916.0814419964,85.2690892392
916.7954571500,85.1375660831
917.5094723035,85.1061383058
918.2234874571,85.0597905616
918.9375026106,84.9675538665
919.6515177642,85.0032974745
920.3655329177,84.8887075940
921.0795480712,84.7426254523
921.7935632248,84.7319302912
922.5075783783,84.6077713604
923.2215935319,84.6192838071
923.9356086854,84.6811535265
924.6496238390,84.3882709428
925.3636389925,84.2030962523
926.0776541461,84.2964519792
926.7916692996,84.3239100553
927.5056844531,84.3378352081
928.2196996067,84.2194726747
928.9337147602,83.9271725738
929.6477299138,83.8768426345
930.3617450673,84.0370572418
931.0757602209,83.9492198379
931.7897753744,83.6387771582
932.5037905279,83.5695437810
933.2178056815,83.6779692352
933.9318208350,83.5991458364
934.6458359886,83.5192822234
935.3598511421,83.4964240619
936.0738662957,83.3548181534
936.7878814492,83.2897438223
937.5018966028,83.2516212610
938.2159117563,83.1770124899
938.9299269098,83.2503031238
939.6439420634,83.2206070803
940.3579572169,83.0777590031
941.0719723705,83.0779032314
941.7859875240,82.9971877003
942.5000026776,82.8401894411
943.2140178311,82.7816419981
943.9280329846,82.7252968007
944.6420481382,82.7205758366
945.3560632917,82.6961038012
946.0700784453,82.5270491336
946.7840935988,82.3672696541
947.4981087524,82.2933961708
948.2121239059,82.2812907954
948.9261390594,82.2055667274
949.6401542130,82.0416148540
950.3541693665,81.9887015768
951.0681845201,81.9444835975
951.7821996736,81.8365568774
952.4962148272,81.7506298859
953.2102299807,81.5303983361
953.9242451343,81.3346239909
954.6382602878,81.3321875379
955.3522754413,81.2592439114
956.0662905949,81.0994289463
956.7803057484,80.9016917403
957.4943209020,80.7259673315
958.2083360555,80.7079889004
958.9223512091,80.5664120105
959.6363663626,80.3052039357
960.3503815161,80.1964283329
961.0643966697,80.0372741725
961.7784118232,79.8732811697
962.4924269768,79.8131990619
963.2064421303,79.6193882917
963.9204572839,79.3475550686
964.6344724374,79.0867903449
965.3484875910,78.8775069393
966.0625027445,78.7686809233
966.7765178980,78.5607266336
967.4905330516,78.3852094489
968.2045482051,78.3802405733
968.9185633587,78.3588601313
969.6325785122,78.4002464354
970.3465936658,78.4082216316
971.0606088193,78.3746263393
971.7746239728,78.6649039953
972.4886391264,79.0664941233
973.2026542799,79.3367413359
973.9166694335,79.5781744064
974.6306845870,79.7767898810
975.3446997406,80.1025525934
976.0587148941,80.4600076105
976.7727300476,80.6044760598
977.4867452012,80.7338296310
978.2007603547,80.8699905564
978.9147755083,81.0270260500
979.6287906618,81.2095265662
980.3428058154,81.1674402032
981.0568209689,81.1450136214
981.7708361225,81.1993650797
982.4848512760,81.1036736758
983.1988664295,81.1683700908
983.9128815831,81.1719986856
984.6268967366,80.8856459814
985.3409118902,80.7999760988
986.0549270437,80.7232744920
986.7689421973,80.5735606323
987.4829573508,80.6496234640
988.1969725043,80.5097551264
988.9109876579,80.2446232682
989.6250028114,80.2767699203
990.3390179650,80.2871400614
991.0530331185,80.2156246675
991.7670482721,80.1237349320
992.4810634256,80.0270368332
993.1950785792,80.0785056561
993.9090937327,79.9671601539
994.6231088862,79.6856196286
995.3371240398,79.5179579579
996.0511391933,79.2801045051
996.7651543469,79.0970273857
997.4791695004,79.0344189437
998.1931846540,78.8404403065
998.9071998075,78.6472175300
999.6212149610,78.4429551971
1000.3352301146,78.2679570904
1001.0492452681,78.1977502476
1001.7632604217,77.8208066769
1002.4772755752,77.3656971022
1003.1912907288,77.1962532945
1003.9053058823,76.9352720413
1004.6193210359,76.6579319233
1005.3333361894,76.3993202953
1006.0473513429,75.8730708328
1006.7613664965,75.4072895268
1007.4753816500,75.0802682987
1008.1893968036,74.6531888513
1008.9034119571,74.1675165274
1009.6174271107,73.5191700675
1010.3314422642,72.7986178953
1011.0454574177,72.2030774342
1011.7594725713,71.5762466472
1012.4734877248,70.7958931504
1013.1875028784,69.8331377233
1013.9015180319,68.9183273628
1014.6155331855,68.2871746106
1015.3295483390,67.7875350476
1016.0435634925,67.5275862418
1016.7575786461,67.6443600656
1017.4715937996,68.0861703960
1018.1856089532,68.9447804121
1018.8996241067,70.0014150805
1019.6136392603,71.0988143317
1020.3276544138,72.2170743680
1021.0416695674,73.1396497318
1021.7556847209,74.1100852953
1022.4696998744,75.3019192198
1023.1837150280,76.5395780424
1023.8977301815,78.0442350926
1024.6117453351,79.7728200116
1025.3257604886,81.4068431267
1026.0397756422,82.8099845174
1026.7537907957,83.6078305457
1027.4678059492,83.8395731685
1028.1818211028,83.9621401287
1028.8958362563,83.8681965665
1029.6098514099,83.5507501471
1030.3238665634,83.2652453645
1031.0378817170,82.9057792797
1031.7518968705,82.5195754902
1032.4659120241,82.2326300744
1033.1799271776,81.9568001107
1033.8939423311,81.6620632003
1034.6079574847,81.3198267442
1035.3219726382,81.0512822475
1036.0359877918,80.8949808942
1036.7500029453,80.6237121979
1037.4640180989,80.2839243115
1038.1780332524,79.9388061155
1038.8920484059,79.6131213950
1039.6060635595,79.5170960861
1040.3200787130,79.4362086548
1041.0340938666,79.1553990317
1041.7481090201,78.9063081332
1042.4621241737,78.6943372465
1043.1761393272,78.5065637244
1043.8901544807,78.4668563358
1044.6041696343,78.4357392572
1045.3181847878,78.3151492444
1046.0321999414,78.2330343997
1046.7462150949,78.2293005599
1047.4602302485,78.1321229694
1048.1742454020,77.9486897298
1048.8882605556,77.9012881154
1049.6022757091,77.8012167569
1050.3162908626,77.5506648032
1051.0303060162,77.4388197976
1051.7443211697,77.2877339800
1052.4583363233,77.0294539385
1053.1723514768,76.9291296985
1053.8863666304,76.7789524657
1054.6003817839,76.5984257443
1055.3143969374,76.4653927097
1056.0284120910,76.1144111193
1056.7424272445,75.9130617375
1057.4564423981,75.9283853465
1058.1704575516,75.6195548657
1058.8844727052,75.2669609560
1059.5984878587,75.0140725035
1060.3125030123,74.6160927245
1061.0265181658,74.4344636996
1061.7405333193,74.2951362130
1062.4545484729,73.8193371506
1063.1685636264,73.4811397341
1063.8825787800,73.2858621908
1064.5965939335,72.9308230198
1065.3106090871,72.6503626534
1066.0246242406,72.3203740403
1066.7386393941,71.8221351034
1067.4526545477,71.5655013096
1068.1666697012,71.4174232086
1068.8806848548,70.9984283975
1069.5947000083,70.5472663114
1070.3087151619,70.2203846253
1071.0227303154,69.8786617128
1071.7367454689,69.5431461227
1072.4507606225,69.1683767400
1073.1647757760,68.6992037059
1073.8787909296,68.2130871855
1074.5928060831,67.7448652082
1075.3068212367,67.3794278161
1076.0208363902,67.0103559536
1076.7348515438,66.4513410444
1077.4488666973,65.9308633375
1078.1628818508,65.5389565790
1078.8768970044,65.1796177761
1079.5909121579,64.8825441760
1080.3049273115,64.4519386656
1081.0189424650,64.0179073732
1081.7329576186,63.8133441902
1082.4469727721,63.5409574514
1083.1609879256,63.3170365574
1083.8750030792,63.2189978331
1084.5890182327,62.9576814678
1085.3030333863,62.8188465980
1086.0170485398,62.7170713688
1086.7310636934,62.4592068941
1087.4450788469,62.4313681492
1088.1590940005,62.3605830960
1088.8731091540,62.2161897789
1089.5871243075,62.3025979808
1090.3011394611,62.1231321784
1091.0151546146,61.9071419927
1091.7291697682,61.9948689532
1092.4431849217,61.8996953638
1093.1572000753,61.8982959695
1093.8712152288,62.0507352777
1094.5852303823,62.0231866600
1095.2992455359,62.1882677960
1096.0132606894,62.3964203733
1096.7272758430,62.5416534688
1097.4412909965,62.8759955525
1098.1553061501,63.0476267000
1098.8693213036,63.2742532538
1099.5833364571,63.7689689930
1100.2973516107,64.0858824502
1101.0113667642,64.4346832780
1101.7253819178,64.8657723829
1102.4393970713,65.2118673150
1103.1534122249,65.7517290067
1103.8674273784,66.2543207865
1104.5814425320,66.6122604144
1105.2954576855,67.0603564812
1106.0094728390,67.4664797916
1106.7234879926,67.9744907656
1107.4375031461,68.5856702182
1108.1515182997,69.0184211868
1108.8655334532,69.3735260884
1109.5795486068,69.6112248523
1110.2935637603,69.7873428019
1111.0075789138,70.1044067678
1111.7215940674,70.3254507977
1112.4356092209,70.4057302751
1113.1496243745,70.4490458336
1113.8636395280,70.4544288769
1114.5776546816,70.5461966218
1115.2916698351,70.4510686416
1116.0056849887,70.0757556446
1116.7197001422,69.8831959325
1117.4337152957,69.8709090826
1118.1477304493,69.9128680178
1118.8617456028,70.0476712335
1119.5757607564,70.1639958538
1120.2897759099,70.3960627349
1121.0037910635,70.7832282583
1121.7178062170,71.1565606390
1122.4318213705,71.5491369308
1123.1458365241,71.9404123612
1123.8598516776,72.3766833786
1124.5738668312,72.9751009202
1125.2878819847,73.6192392061
1126.0018971383,74.2409956689
1126.7159122918,74.9017353246
1127.4299274454,75.6040431996
1128.1439425989,76.3055582441
1128.8579577524,77.0819730487
1129.5719729060,77.9642890566
1130.2859880595,78.7491634387
1131.0000032131,79.5247520484
1131.7140183666,80.4059774152
1132.4280335202,81.1755253213
1133.1420486737,81.9518459669
1133.8560638272,82.7286599387
1134.5700789808,83.3743195905
1135.2840941343,84.2192850576
1135.9981092879,85.0087304694
1136.7121244414,85.4354515366
1137.4261395950,85.9356341908
1138.1401547485,86.4501048830
1138.8541699020,86.9450774495
1139.5681850556,87.6095086558
1140.2822002091,87.9899060895
1140.9962153627,88.1771707453
1141.7102305162,88.6007041925
1142.4242456698,89.0218494987
1143.1382608233,89.4009237161
1143.8522759769,89.7026214948
1144.5662911304,89.8155034459
1145.2803062839,90.0660064873
1145.9943214375,90.4106502112
1146.7083365910,90.6191494250
1147.4223517446,90.7772643532
1148.1363668981,90.8694815433
1148.8503820517,91.0095192010
1149.5643972052,91.2255450894
1150.2784123587,91.3047233653
1150.9924275123,91.3661400292
1151.7064426658,91.4437022765
1152.4204578194,91.4210443338
1153.1344729729,91.4821593659
1153.8484881265,91.6096572736
1154.5625032800,91.6133023694
1155.2765184336,91.5593710313
1155.9905335871,91.5427793464
1156.7045487406,91.5733252043
1157.4185638942,91.5812800872
1158.1325790477,91.4605308711
1158.8465942013,91.2882501415
1159.5606093548,91.2608205229
1160.2746245084,91.3137629095
1160.9886396619,91.1718847074
1161.7026548154,90.9496723149
1162.4166699690,90.8835358966
1163.1306851225,90.8111181236
1163.8447002761,90.7454667026
1164.5587154296,90.7171457596
1165.2727305832,90.5011393444
1165.9867457367,90.3154560194
1166.7007608902,90.2044767289
1167.4147760438,89.8866654309
1168.1287911973,89.6832379198
1168.8428063509,89.5770032718
1169.5568215044,89.1804681231
1170.2708366580,88.8892716199
1170.9848518115,88.8051556619
1171.6988669651,88.5296523822
1172.4128821186,88.2554693686
1173.1268972721,88.1653256172
1173.8409124257,88.0953548409
1174.5549275792,87.9834936674
1175.2689427328,87.8658926136
1175.9829578863,87.8156877420
1176.6969730399,87.7552124765
1177.4109881934,87.6699110113
1178.1250033469,87.6333548320
1178.8390185005,87.5042909431
1179.5530336540,87.4078230649
1180.2670488076,87.4389454366
1180.9810639611,87.2969241780
1181.6950791147,87.1276048688
1182.4090942682,87.0863686775
1183.1231094218,86.9158549072
1183.8371245753,86.7121504034
1184.5511397288,86.5851073944
1185.2651548824,86.4019960961
1185.9791700359,86.1466799057
1186.6931851895,85.8385268013
1187.4072003430,85.6176319730
1188.1212154966,85.4291572009
1188.8352306501,85.0803973918
1189.5492458036,84.7899957846
1190.2632609572,84.5591638112
1190.9772761107,84.1945491069
1191.6912912643,83.8798696680
1192.4053064178,83.5935430870
1193.1193215714,83.2396922010
1193.8333367249,82.9148870939
1194.5473518784,82.5836742978
1195.2613670320,82.3021781774
1195.9753821855,82.0000012537
1196.6893973391,81.5878130187
1197.4034124926,81.3185247527
1198.1174276462,81.0895954608
1198.8314427997,80.7455159111
1199.5454579533,80.4594627684
1200.2594731068,80.1073687377
1200.9734882603,79.7206648853
1201.6875034139,79.4511284109
1202.4015185674,79.1220367688
1203.1155337210,78.7993717733
1203.8295488745,78.4687407001
1204.5435640281,78.0029949711
1205.2575791816,77.6435848350
1205.9715943351,77.3491921672
1206.6856094887,76.9840410680
1207.3996246422,76.6419584084
1208.1136397958,76.2409676971
1208.8276549493,75.8874021760
1209.5416701029,75.6406147060
1210.2556852564,75.2960200616
1210.9697004100,74.9254773672
1211.6837155635,74.5225086878
1212.3977307170,74.0638218021
1213.1117458706,73.7390240266
1213.8257610241,73.4145811446
1214.5397761777,72.9637013081
1215.2537913312,72.4665088647
1215.9678064848,71.9801303595
1216.6818216383,71.6024136682
1217.3958367918,71.2092329099
1218.1098519454,70.7174325671
1218.8238670989,70.2242717027
1219.5378822525,69.7082551442
1220.2518974060,69.3168508162
1220.9659125596,68.9589715211
1221.6799277131,68.4189066105
1222.3939428666,68.0194300740
1223.1079580202,67.7006794842
1223.8219731737,67.2722572657
1224.5359883273,66.9783589734
1225.2500034808,66.5734225648
1225.9640186344,66.0183824774
1226.6780337879,65.6456505830
1227.3920489415,65.2276667498
1228.1060640950,64.7438561233
1228.8200792485,64.2653854289
1229.5340944021,63.6900959458
1230.2481095556,63.2510574362
1230.9621247092,62.8251168176
1231.6761398627,62.2713963176
1232.3901550163,61.8193006801
1233.1041701698,61.3750073463
1233.8181853233,60.9907673098
1234.5322004769,60.7092945944
1235.2462156304,60.3744110461
1235.9602307840,60.1300713550
1236.6742459375,59.8852559023
1237.3882610911,59.7240384803
1238.1022762446,59.8240907943
1238.8162913982,59.7683673715
1239.5303065517,59.7289342591
1240.2443217052,59.9321055957
1240.9583368588,60.0608116503
1241.6723520123,60.3459204473
1242.3863671659,60.6503696973
1243.1003823194,60.7971982493
1243.8143974730,61.2845090820
1244.5284126265,61.8175268539
1245.2424277800,62.1926562331
1245.9564429336,62.7026682113
1246.6704580871,63.0751453515
1247.3844732407,63.4762610972
1248.0984883942,64.0663502595
1248.8125035478,64.5364738508
1249.5265187013,65.0516102049
1250.2405338549,65.5221411545
1250.9545490084,65.9014378452
1251.6685641619,66.4593953922
1252.3825793155,66.8904725191
1253.0965944690,67.2359120098
1253.8106096226,67.6533400847
1254.5246247761,67.8758973778
1255.2386399297,68.1736503701
1255.9526550832,68.5160187118
1256.6666702367,68.6444752837
1257.3806853903,68.8977749897
1258.0947005438,69.1749377418
1258.8087156974,69.3827493244
1259.5227308509,69.7237173706
1260.2367460045,69.9537535595
1260.9507611580,70.1592085443
1261.6647763115,70.5511150969
1262.3787914651,70.9810859840
1263.0928066186,71.4294129306
1263.8068217722,71.8127179872
1264.5208369257,72.2356628942
1265.2348520793,72.8062054080
1265.9488672328,73.2917089072
1266.6628823864,73.7755107743
1267.3768975399,74.3165106108
1268.0909126934,74.8077867037
1268.8049278470,75.3612488804
1269.5189430005,75.8986542938
1270.2329581541,76.4117863834
1270.9469733076,76.9513835660
1271.6609884612,77.3860065477
1272.3750036147,77.8770540768
1273.0890187682,78.4268632023
1273.8030339218,78.8666967040
1274.5170490753,79.2998389535
1275.2310642289,79.6510788456
1275.9450793824,79.9883745652
1276.6590945360,80.4735563744
1277.3731096895,80.8576872799
1278.0871248431,81.1647261481
1278.8011399966,81.5148849450
1279.5151551501,81.8203423386
1280.2291703037,82.2081801339
1280.9431854572,82.5871269902
1281.6572006108,82.8510534219
1282.3712157643,83.1654720543
1283.0852309179,83.4520476293
1283.7992460714,83.7405988660
1284.5132612249,84.1248927946
1285.2272763785,84.4295786050
1285.9412915320,84.6929680763
1286.6553066856,85.0112923706
1287.3693218391,85.3610976289
1288.0833369927,85.7148460108
1288.7973521462,85.9778852307
1289.5113672997,86.2681458865
1290.2253824533,86.6815504709
1290.9393976068,87.1128290755
1291.6534127604,87.5002398311
1292.3674279139,87.7648119127
1293.0814430675,88.0590638704
1293.7954582210,88.4823572544
1294.5094733746,88.8434872125
1295.2234885281,89.2554393833
1295.9375036816,89.6699618249
1296.6515188352,89.9360644755
1297.3655339887,90.3548986781
1298.0795491423,90.8369051785
1298.7935642958,91.2019071565
1299.5075794494,91.5920272510
1300.2215946029,91.9130814597
1300.9356097564,92.2613402567
1301.6496249100,92.6903773180
1302.3636400635,92.9662564189
1303.0776552171,93.1599645806
1303.7916703706,93.2952368691
1304.5056855242,93.3851451909
1305.2197006777,93.5204026165
1305.9337158313,93.6143939823
1306.6477309848,93.7357299907
1307.3617461383,93.7965486757
1308.0757612919,93.7760951844
1308.7897764454,93.9863184243
1309.5037915990,94.1135225263
1310.2178067525,94.0562497473
1310.9318219061,94.2122609368
1311.6458370596,94.3084383617
1312.3598522131,94.3390160230
1313.0738673667,94.4909658279
1313.7878825202,94.4375016247
1314.5018976738,94.4473179813
1315.2159128273,94.6228690136
1315.9299279809,94.6285841070
1316.6439431344,94.6887565574
1317.3579582879,94.7015882978
1318.0719734415,94.5805203952
1318.7859885950,94.6435777080
1319.5000037486,94.7254847675
1320.2140189021,94.7318183347
1320.9280340557,94.7035337717
1321.6420492092,94.5634056845
1322.3560643628,94.5470423391
1323.0700795163,94.5711892948
1323.7840946698,94.5372695098
1324.4981098234,94.4705972619
1325.2121249769,94.2142721483
1325.9261401305,94.1428155994
1326.6401552840,94.1395092694
1327.3541704376,93.7349047138
1328.0681855911,93.4459656209
1328.7822007446,93.2224848670
1329.4962158982,92.7779749254
1330.2102310517,92.3864632425
1330.9242462053,91.7087916931
1331.6382613588,90.8978180880
1332.3522765124,90.2180583292
1333.0662916659,89.2738760940
1333.7803068195,88.3271447951
1334.4943219730,87.3914541129
1335.2083371265,86.2570754077
1335.9223522801,85.2939347080
1336.6363674336,84.5612046147
1337.3503825872,83.9312431666
1338.0643977407,83.4960196546
1338.7784128943,83.3572996464
1339.4924280478,83.4208369193
1340.2064432013,83.8365886606
1340.9204583549,84.6288547822
1341.6344735084,85.3386017518
1342.3484886620,86.3209553758
1343.0625038155,87.5187256568
1343.7765189691,88.5666465448
1344.4905341226,89.7992102267
1345.2045492761,90.7617147720
1345.9185644297,91.4420541286
1346.6325795832,92.2606815947
1347.3465947368,92.7779013092
1348.0606098903,93.2928284030
1348.7746250439,93.8760996964
1349.4886401974,94.0556508098
1350.2026553510,94.2409771117
1350.9166705045,94.5048489637
1351.6306856580,94.7149166251
1352.3447008116,94.8962905249
1353.0587159651,94.8542173751
1353.7727311187,94.8878792963
1354.4867462722,95.0374349469
1355.2007614258,95.0124132248
1355.9147765793,94.9905579894
1356.6287917328,94.9346342665
1357.3428068864,94.8465390151
1358.0568220399,94.8455174338
1358.7708371935,94.8307653347
1359.4848523470,94.7903532611
1360.1988675006,94.5852671338
1360.9128826541,94.4532031463
1361.6268978077,94.6069490715
1362.3409129612,94.3320113989
1363.0549281147,94.0426948102
1363.7689432683,94.2067836355
1364.4829584218,93.8218484387
1365.1969735754,93.5526669349
1365.9109887289,93.6800330664
1366.6250038825,93.3748035509
1367.3390190360,93.1894370151
1368.0530341895,93.2189900325
1368.7670493431,92.9976424071
1369.4810644966,93.1109379428
1370.1950796502,93.1053216993
1370.9090948037,92.8751330841
1371.6231099573,93.0542900799
1372.3371251108,93.0619224805
1373.0511402643,93.0015233530
1373.7651554179,93.2971550346
1374.4791705714,93.2213451575
1375.1931857250,93.2034147524
1375.9072008785,93.3424724824
1376.6212160321,93.1775268423
1377.3352311856,93.1447698939
1378.0492463392,93.2220462243
1378.7632614927,93.1542247702
1379.4772766462,93.1662494825
1380.1912917998,93.1259437056
1380.9053069533,93.0418453284
1381.6193221069,92.9992470465
1382.3333372604,92.9255668065
1383.0473524140,92.9225469009
1383.7613675675,92.9327758855
1384.4753827210,92.9654300155
1385.1893978746,93.0611015083
1385.9034130281,93.0523533208
1386.6174281817,93.0794315249
1387.3314433352,93.3182597802
1388.0454584888,93.4237780031
1388.7594736423,93.2479298182
1389.4734887959,93.0627507153
1390.1875039494,93.1631188714
1390.9015191029,93.1964970261
1391.6155342565,92.9272598530
1392.3295494100,92.9376307405
1393.0435645636,92.8666357721
1393.7575797171,92.4519320189
1394.4715948707,92.5398331925
1395.1856100242,92.5954696285
1395.8996251777,92.2030880418
1396.6136403313,92.0757696434
1397.3276554848,91.8078571330
1398.0416706384,91.5118709976
1398.7556857919,91.3523835308
1399.4697009455,90.9308426619
1400.1837160990,90.7631489878
1400.8977312526,90.3846828277
1401.6117464061,89.7416399051
1402.3257615596,89.4843729766
1403.0397767132,88.8332351251
1403.7537918667,88.1297091128
1404.4678070203,87.8984352875
1405.1818221738,87.0776347712
1405.8958373274,86.6087795181
1406.6098524809,86.1901030889
1407.3238676344,85.3851844827
1408.0378827880,85.6126623008
1408.7518979415,85.6321911423
1409.4659130951,85.6465525441
1410.1799282486,86.5585365364
1410.8939434022,86.9626103888
1411.6079585557,87.9475946592
1412.3219737092,89.1639684989
1413.0359888628,89.8696655983
1413.7500040163,91.0730915914
1414.4640191699,91.8233373055
1415.1780343234,92.6398220606
1415.8920494770,93.6065473611
1416.6060646305,93.6972023987
1417.3200797841,94.4655469874
1418.0340949376,95.0613256739
1418.7481100911,94.5295504375
1419.4621252447,95.5325373635
1420.1761403982,95.9937534960
1420.8901555518,95.4552481025
1421.6041707053,95.6583693929
1422.3181858589,95.8399442156
1423.0322010124,95.5149862322
1423.7462161659,95.7687725777
1424.4602313195,95.9277118396
1425.1742464730,95.5723855433
1425.8882616266,95.5156154174
1426.6022767801,95.4661421710
1427.3162919337,95.2739665730
1428.0303070872,95.2626498704
1428.7443222408,95.0755603084
1429.4583373943,94.8014841165
1430.1723525478,95.0163801036
1430.8863677014,94.9136788514
1431.6003828549,94.4984561927
1432.3143980085,94.4571394722
1433.0284131620,94.4723881182
1433.7424283156,94.2102963418
1434.4564434691,94.2282967642
1435.1704586226,94.1344325566
1435.8844737762,93.6625388629
1436.5984889297,93.8874780331
1437.3125040833,94.3022656586
1438.0265192368,93.7320590725
1438.7405343904,93.5992018401
1439.4545495439,93.7482332136
1440.1685646974,93.6063430958
1440.8825798510,93.5811430917
1441.5965950045,93.5777958461
1442.3106101581,93.3646639652
1443.0246253116,93.3467516663
1443.7386404652,93.4231330575
1444.4526556187,93.3345575543
1445.1666707723,93.2708550601
1445.8806859258,93.3115316300
1446.5947010793,93.2941417492
1447.3087162329,93.1671484506
1448.0227313864,93.2975143072
1448.7367465400,93.3921180036
1449.4507616935,93.0705731187
1450.1647768471,92.9765856675
1450.8787920006,93.1368342029
1451.5928071541,92.9121043750
1452.3068223077,92.9480372120
1453.0208374612,93.1712533661
1453.7348526148,92.8856532379
1454.4488677683,92.9757762477
1455.1628829219,93.3581258910
1455.8768980754,92.9954213197
1456.5909132290,92.9572384666
1457.3049283825,93.9013252399
1458.0189435360,93.4786234497
1458.7329586896,93.4593559660
1459.4469738431,93.5479091906
1460.1609889967,93.3800269104
1460.8750041502,93.4502402964
1461.5890193038,93.5358681230
1462.3030344573,93.4428843679
1463.0170496108,93.4951254042
1463.7310647644,93.4623603980
1464.4450799179,93.2727794787
1465.1590950715,93.5192261579
1465.8731102250,93.3815685189
1466.5871253786,92.9516976410
1467.3011405321,92.8408729517
1468.0151556856,92.7853437221
1468.7291708392,92.3432591806
1469.4431859927,92.2835147225
1470.1572011463,92.3576918568
1470.8712162998,91.8691935712
1471.5852314534,91.9627695782
1472.2992466069,92.9672480101
1473.0132617605,92.5276628909
1473.7272769140,92.8952492548
1474.4412920675,93.5220731456
1475.1553072211,93.2906875203
1475.8693223746,93.3442461488
1476.5833375282,93.9260626577
1477.2973526817,93.8822197290
1478.0113678353,93.9814121146
1478.7253829888,94.1249521515
1479.4393981423,94.1146533592
1480.1534132959,94.1375963297
1480.8674284494,94.2742249869
1481.5814436030,94.4512625928
1482.2954587565,94.4697490484
1483.0094739101,94.5506624521
1483.7234890636,94.6524880089
1484.4375042172,94.5718285079
1485.1515193707,94.7202406321
1485.8655345242,94.8983021461
1486.5795496778,94.7881763564
1487.2935648313,94.9384135240
1488.0075799849,95.0009399976
1488.7215951384,94.7997565781
1489.4356102920,94.9637964835
1490.1496254455,95.1951578546
1490.8636405990,94.9592703374
1491.5776557526,94.9664203816
1492.2916709061,94.9128805478
1493.0056860597,94.7323084412
1493.7197012132,94.7389820620
1494.4337163668,94.8236804582
1495.1477315203,94.5899926091
1495.8617466738,94.2162369562
1496.5757618274,94.8011366776
1497.2897769809,94.5221256320
1498.0037921345,93.8435425129
1498.7178072880,93.6231194457
1499.4318224416,93.7031577845
1500.1458375951,93.1358960157
1500.8598527487,92.8098381463
1501.5738679022,92.5227759883
1502.2878830557,91.8045518567
1503.0018982093,91.3546472551
1503.7159133628,91.1344431795
1504.4299285164,90.6057035823
1505.1439436699,90.4964528536
1505.8579588235,91.7132753374
1506.5719739770,91.6823317404
1507.2859891305,92.6134152721
1508.0000042841,93.7417347805
1508.7140194376,93.8014070800
1509.4280345912,94.0637908682
1510.1420497447,94.3383841389
1510.8560648983,94.3951650196
1511.5700800518,94.3967582178
1512.2840952054,94.5286764811
1512.9981103589,94.8095799220
1513.7121255124,94.5675546146
1514.4261406660,94.2535465479
1515.1401558195,94.5376652927
1515.8541709731,94.4304988747
1516.5681861266,93.9758614582
1517.2822012802,94.4900396646
1517.9962164337,94.4817817076
1518.7102315872,94.1694137234
1519.4242467408,94.1514106452
1520.1382618943,93.9447909995
1520.8522770479,93.9742746247
1521.5662922014,94.6017506267
1522.2803073550,94.2588297136
1522.9943225085,94.1309536104
1523.7083376621,94.1751447098
1524.4223528156,93.8451816887
1525.1363679691,93.9071276467
1525.8503831227,94.3081473882
1526.5643982762,93.8678153580
1527.2784134298,93.8012903316
1527.9924285833,93.9388159875
1528.7064437369,93.6014414170
1529.4204588904,93.7316437053
1530.1344740439,93.8215165714
1530.8484891975,93.4938841035
1531.5625043510,93.6635747568
1532.2765195046,93.8409755395
1532.9905346581,93.5444396029
1533.7045498117,93.9511488586
1534.4185649652,93.9945845465
1535.1325801187,93.5829172710
1535.8465952723,93.5486915044
1536.5606104258,93.5827483226
1537.2746255794,93.3909944549
1537.9886407329,93.4048277070
1538.7026558865,93.5278863766
1539.4166710400,93.4007389175
1540.1306861936,93.8216306611
1540.8447013471,93.6677891863
1541.5587165006,93.1943123402
1542.2727316542,93.3121506096
1542.9867468077,93.7271282656
1543.7007619613,93.5129791063
1544.4147771148,93.2665647570
1545.1287922684,93.3671670898
1545.8428074219,93.5680143582
1546.5568225754,93.3850051164
1547.2708377290,93.1243966999
1547.9848528825,93.2153574170
1548.6988680361,93.2528595375
1549.4128831896,93.0138345240
1550.1268983432,93.3273622179
1550.8409134967,93.3157922646
1551.5549286503,92.9641156628
1552.2689438038,93.0847835739
1552.9829589573,92.9989177507
1553.6969741109,92.4779628277
1554.4109892644,92.8905476413
1555.1250044180,93.0532401764
1555.8390195715,92.8415728587
1556.5530347251,92.9354625415
1557.2670498786,92.5892374581
1557.9810650321,92.9235963393
1558.6950801857,94.0430744271
1559.4090953392,92.7110888662
1560.1231104928,93.0946521675
1560.8371256463,93.7371155095
1561.5511407999,92.9111025101
1562.2651559534,92.7149231627
1562.9791711069,92.9676432328
1563.6931862605,92.7400224314
1564.4072014140,92.7951185715
1565.1212165676,92.9957429081
1565.8352317211,92.7172967163
1566.5492468747,92.6308268446
1567.2632620282,92.6842132808
1567.9772771818,92.6640822217
1568.6912923353,92.4293957986
1569.4053074888,92.2100908453
1570.1193226424,92.7449947323
1570.8333377959,92.4992322220
1571.5473529495,92.2462906439
1572.2613681030,92.3420667994
1572.9753832566,92.0697505673
1573.6893984101,91.9451489227
1574.4034135636,92.2380319551
1575.1174287172,91.8885646789
1575.8314438707,91.4293695239
1576.5454590243,92.5281517634
1577.2594741778,91.9311255431
1577.9734893314,91.6928397111
1578.6875044849,91.9512871014
1579.4015196385,91.9742940566
1580.1155347920,92.0679763056
1580.8295499455,92.2745337302
1581.5435650991,92.3706334599
1582.2575802526,92.5292178407
1582.9715954062,92.6033204246
1583.6856105597,92.6406432489
1584.3996257133,92.6413002933
1585.1136408668,92.6894848216
1585.8276560203,92.8465172492
1586.5416711739,92.7270501950
1587.2556863274,92.6347124673
1587.9697014810,92.7558699673
1588.6837166345,92.6722623191
1589.3977317881,92.6528649017
1590.1117469416,92.6767029672
1590.8257620951,92.5031230456
1591.5397772487,92.5492090821
1592.2537924022,92.6472530346
1592.9678075558,92.5315257528
1593.6818227093,92.4961435056
1594.3958378629,92.4930570128
1595.1098530164,92.4590540887
1595.8238681700,92.4146720270
1596.5378833235,92.3496766016
1597.2518984770,92.4082779676
1597.9659136306,92.4394466843
1598.6799287841,92.3567306129
1599.3939439377,92.2645052267
1600.1079590912,92.2045121330
1600.8219742448,92.2547196106
1601.5359893983,92.1975680087
1602.2500045518,92.0627294651
1602.9640197054,92.1658567959
1603.6780348589,92.1490363225
1604.3920500125,92.0281131597
1605.1060651660,92.1348581698
1605.8200803196,92.0800631598
1606.5340954731,91.9630338859
1607.2481106267,92.0664759719
1607.9621257802,92.0283172130
1608.6761409337,91.9440366947
1609.3901560873,91.9229819913
1610.1041712408,91.8762804696
1610.8181863944,91.8739734436
1611.5322015479,91.7705947756
1612.2462167015,91.7042040241
1612.9602318550,91.7666639045
1613.6742470085,91.7085582368
1614.3882621621,91.8242860592
1615.1022773156,91.9343361662
1615.8162924692,91.6391507647
1616.5303076227,91.5457792114
1617.2443227763,92.1240984073
1617.9583379298,91.7216817079
1618.6723530833,91.4817065677
1619.3863682369,91.5474591290
1620.1003833904,91.4705937546
1620.8143985440,91.3724471419
1621.5284136975,91.4739963532
1622.2424288511,91.2842619160
1622.9564440046,90.9859734980
1623.6704591582,91.4136771361
1624.3844743117,91.1778995398
1625.0984894652,90.7372827589
1625.8125046188,90.8900827050
1626.5265197723,90.9552142569
1627.2405349259,90.7249508208
1627.9545500794,90.9376541094
1628.6685652330,90.8403997431
1629.3825803865,90.5426443224
1630.0965955400,90.3706547346
1630.8106106936,90.1760323253
1631.5246258471,90.2452700951
1632.2386410007,90.2293905337
1632.9526561542,90.0016918103
1633.6666713078,90.2308638776
1634.3806864613,90.2196480300
1635.0947016149,89.5947527245
1635.8087167684,90.4964003124
1636.5227319219,90.0642229619
1637.2367470755,89.7591035602
1637.9507622290,90.0966735658
1638.6647773826,89.8442621221
1639.3787925361,89.6834981177
1640.0928076897,89.7837759522
1640.8068228432,89.4632953975
1641.5208379967,89.4130095665
1642.2348531503,89.5202573612
1642.9488683038,89.2775847083
1643.6628834574,89.3824833501
1644.3768986109,89.4203772001
1645.0909137645,89.1174365626
1645.8049289180,89.3056955713
1646.5189440715,89.4015104918
1647.2329592251,88.9993681449
1647.9469743786,88.9469887282
1648.6609895322,89.0850940584
1649.3750046857,88.9531013658
1650.0890198393,88.9319235188
1650.8030349928,89.0616197353
1651.5170501464,88.9178254716
1652.2310652999,88.5029428009
1652.9450804534,90.1980810019
1653.6590956070,89.0602960291
1654.3731107605,88.4624159047
1655.0871259141,88.5648890731
1655.8011410676,88.3524411372
1656.5151562212,88.2664637979
1657.2291713747,88.4562883696
1657.9431865282,88.2022268662
1658.6572016818,88.0496372166
1659.3712168353,88.0794128977
1660.0852319889,87.8429049422
1660.7992471424,87.7912879864
1661.5132622960,87.6883562007
1662.2272774495,87.4016561267
1662.9412926031,87.5090832821
1663.6553077566,87.2936588109
1664.3693229101,87.0348025212
1665.0833380637,87.0145663303
1665.7973532172,86.8085493476
1666.5113683708,86.6439632354
1667.2253835243,86.7115752968
1667.9393986779,86.5547934883
1668.6534138314,86.2625172521
1669.3674289849,86.0135941803
1670.0814441385,85.9848299117
1670.7954592920,85.9121338872
1671.5094744456,85.8899597305
1672.2234895991,85.7964108675
1672.9375047527,85.5978888942
1673.6515199062,85.5342162062
1674.3655350598,85.5634558846
1675.0795502133,85.3483822106
1675.7935653668,85.0729938252
1676.5075805204,84.8667778302
1677.2215956739,84.4524204946
1677.9356108275,84.2944460559
1678.6496259810,84.2478688431
1679.3636411346,83.9893587361
1680.0776562881,83.8150537242
1680.7916714416,83.5422667372
1681.5056865952,83.4437121545
1682.2197017487,83.4801642836
1682.9337169023,83.2174886766
1683.6477320558,83.3308110467
1684.3617472094,83.5845277273
1685.0757623629,82.6291390748
1685.7897775164,82.7191873885
1686.5037926700,82.5763543344
1687.2178078235,82.2993476425
1687.9318229771,82.3145261423
1688.6458381306,81.9914770633
1689.3598532842,81.7044969078
1690.0738684377,81.4674766301
1690.7878835913,80.8847140402
1691.5018987448,80.7614499563
1692.2159138983,80.4572159992
1692.9299290519,79.7287812142
1693.6439442054,79.6017300931
1694.3579593590,79.3505984567
1695.0719745125,78.7762420082
1695.7859896661,78.2492801128
1696.5000048196,77.4851279078
1697.2140199731,77.3425374668
1697.9280351267,77.0225388893
1698.6420502802,76.2636325864
1699.3560654338,76.2120703398
1700.0700805873,79.3169024520
1700.7840957409,73.6314527766
1701.4981108944,73.8669601610
1702.2121260480,73.0701004848
1702.9261412015,72.4271226641
1703.6401563550,71.9357522342
1704.3541715086,70.6737883057
1705.0681866621,70.3064738067
1705.7822018157,69.7833785750
1706.4962169692,68.4601352851
1707.2102321228,67.9702180035
1707.9242472763,67.1117421011
1708.6382624298,66.3298896006
1709.3522775834,66.0158025081
1710.0662927369,65.0791656278
1710.7803078905,64.7042926436
1711.4943230440,64.4756031876
1712.2083381976,63.8183648926
1712.9223533511,64.0913076016
1713.6363685046,64.1694493984
1714.3503836582,63.8863166834
1715.0643988117,64.8464479047
1715.7784139653,65.1665429479
1716.4924291188,65.4579297777
1717.2064442724,66.3765729904
1717.9204594259,66.9854922888
1718.6344745795,67.9275239119
1719.3484897330,68.7715761024
1720.0625048865,69.3196900105
1720.7765200401,70.0822007284
1721.4905351936,70.9318617289
1722.2045503472,71.7808749409
1722.9185655007,72.5148732260
1723.6325806543,73.2478039269
1724.3465958078,74.0928936244
1725.0606109613,74.7225958969
1725.7746261149,75.5272645143
1726.4886412684,76.4026265337
1727.2026564220,77.0306842208
1727.9166715755,77.9953005064
1728.6306867291,78.7612118797
1729.3447018826,79.1836371217
1730.0587170362,80.2751069338
1730.7727321897,81.3339059776
1731.4867473432,81.9841389411
1732.2007624968,82.6716626535
1732.9147776503,83.3342180252
1733.6287928039,84.3433160700
1734.3428079574,85.3945083469
1735.0568231110,86.2474460025
1735.7708382645,87.0636497377
1736.4848534180,87.5279010934
1737.1988685716,88.3248044276
1737.9128837251,89.3723630788
1738.6268988787,89.7592137314
1739.3409140322,90.4388587789
1740.0549291858,91.8274413996
1740.7689443393,92.2367524741
1741.4829594928,92.6833860933
1742.1969746464,93.1989823624
1742.9109897999,93.8455512846
1743.6250049535,94.6477066669
1744.3390201070,95.1758482496
1745.0530352606,95.6834278497
1745.7670504141,95.8828017002
1746.4810655677,96.0996148567
1747.1950807212,96.7954850967
1747.9090958747,96.8207261153
1748.6231110283,96.8384680983
1749.3371261818,97.7432759104
1750.0511413354,97.5394012105
1750.7651564889,96.8819148273
1751.4791716425,97.7968951450
1752.1931867960,98.1080223237
1752.9072019495,97.8031829071
1753.6212171031,97.8291394265
1754.3352322566,97.9258903365
1755.0492474102,97.9276554918
1755.7632625637,97.9116766469
1756.4772777173,97.7325263471
1757.1912928708,97.9647586715
1757.9053080244,98.0634427132
1758.6193231779,97.7214147252
1759.3333383314,97.9001296234
1760.0473534850,98.1441791126
1760.7613686385,97.7241999311
1761.4753837921,97.7805013725
1762.1893989456,98.3186028712
1762.9034140992,97.8921505975
1763.6174292527,97.8564305166
1764.3314444062,97.9993232536
1765.0454595598,97.7448198512
1765.7594747133,97.7721796277
1766.4734898669,97.8994364235
1767.1875050204,97.6161674996
1767.9015201740,97.4295519833
1768.6155353275,97.9267383076
1769.3295504810,97.8561472645
1770.0435656346,97.4561130834
1770.7575807881,97.5236832435
1771.4715959417,97.8293567873
1772.1856110952,97.4865497471
1772.8996262488,97.9697639934
1773.6136414023,98.0220457156
1774.3276565559,97.4309537758
1775.0416717094,97.3898479464
1775.7556868629,97.7108530201
1776.4697020165,97.5484587489
1777.1837171700,97.5522162178
1777.8977323236,97.4782152004
1778.6117474771,97.4014832423
1779.3257626307,97.3862197769
1780.0397777842,97.0355782575
1780.7537929377,97.2451181227
1781.4678080913,97.4947841998
1782.1818232448,97.1523283641
1782.8958383984,97.3426184431
1783.6098535519,97.3291452456
1784.3238687055,96.9010431235
1785.0378838590,97.3437033424
1785.7518990126,97.3525338566
1786.4659141661,97.0150851867
1787.1799293196,97.1436371823
1787.8939444732,96.9683222162
1788.6079596267,96.9734736027
1789.3219747803,97.1439395484
1790.0359899338,96.8167316014
1790.7500050874,97.0875688397
1791.4640202409,97.2195388497
1792.1780353944,96.6283004797
1792.8920505480,97.2731796478
1793.6060657015,97.3349875037
1794.3200808551,96.7825554374
1795.0340960086,96.8612899045
1795.7481111622,96.9101856455
1796.4621263157,96.7974515727
1797.1761414693,97.0398315463
1797.8901566228,96.8639280254
1798.6041717763,96.6702676216
1799.3181869299,96.8574222819
1800.0322020834,96.8477432156
1800.7462172370,96.7092359732
1801.4602323905,96.6050123468
1802.1742475441,96.6975670491
1802.8882626976,96.7829632058
1803.6022778511,96.5649191355
1804.3162930047,96.5691609373
1805.0303081582,96.6648612506
1805.7443233118,96.5438193660
1806.4583384653,96.6018471388
1807.1723536189,96.5648010625
1807.8863687724,96.4749120119
1808.6003839259,96.6766721183
1809.3143990795,96.5867893330
1810.0284142330,96.4364257176
1810.7424293866,96.6521060964
1811.4564445401,96.6012317908
1812.1704596937,96.5164730301
1812.8844748472,96.6130936781
1813.5984900008,96.4953054442
1814.3125051543,96.3343957192
1815.0265203078,96.3854693219
1815.7405354614,96.5301848520
1816.4545506149,96.5365551172
1817.1685657685,96.3867145699
1817.8825809220,96.3397956452
1818.5965960756,96.3331486471
1819.3106112291,96.2576588125
1820.0246263826,96.2668462660
1820.7386415362,96.3421392201
1821.4526566897,96.3061274411
1822.1666718433,96.1888186081
1822.8806869968,96.3125807574
1823.5947021504,96.4192853354
1824.3087173039,96.1425902232
1825.0227324575,96.1711344367
1825.7367476110,96.5511956421
1826.4507627645,96.2448457326
1827.1647779181,96.1861911315
1827.8787930716,96.4097932480
1828.5928082252,96.2078805434
1829.3068233787,96.2280593847
1830.0208385323,96.5764276533
1830.7348536858,96.4166940782
1831.4488688393,96.4016965480
1832.1628839929,96.3206817268
1832.8768991464,96.1922625145
1833.5909143000,96.3134798849
1834.3049294535,96.2648359948
1835.0189446071,96.3391633384
1835.7329597606,96.5348338901
1836.4469749141,96.2275204016
1837.1609900677,96.1264913839
1837.8750052212,96.4431214261
1838.5890203748,96.2748436381
1839.3030355283,96.1401584357
1840.0170506819,96.3813460515
1840.7310658354,96.2887349573
1841.4450809890,96.1680153029
1842.1590961425,96.4183584349
1842.8731112960,96.2895541938
1843.5871264496,96.0103065952
1844.3011416031,96.6582375989
1845.0151567567,96.5628055957
1845.7291719102,96.1574712692
1846.4431870638,96.3359588988
1847.1572022173,96.3787951077
1847.8712173708,96.1644100246
1848.5852325244,96.4662064776
1849.2992476779,96.4779788308
1850.0132628315,96.2493675317
1850.7272779850,96.3393775643
1851.4412931386,96.2766802891
1852.1553082921,96.1913782265
1852.8693234457,96.2530035148
1853.5833385992,96.2418702859
1854.2973537527,96.3508122069
1855.0113689063,96.2909790600
1855.7253840598,96.2532901866
1856.4393992134,96.4580860753
1857.1534143669,96.2120197438
1857.8674295205,96.0665851762
1858.5814446740,96.3299119364
1859.2954598275,96.1986196358
1860.0094749811,96.2091144783
1860.7234901346,96.3350593502
1861.4375052882,96.1060544697
1862.1515204417,96.2687946560
1862.8655355953,96.4237764117
1863.5795507488,96.1590051166
1864.2935659023,96.1586341349
1865.0075810559,96.2477152190
1865.7215962094,96.2650146583
1866.4356113630,96.2321559508
1867.1496265165,96.0883506103
1867.8636416701,96.2696246081
1868.5776568236,96.3477287542
1869.2916719772,96.1403146405
1870.0056871307,96.2612188282
1870.7197022842,96.1962092941
1871.4337174378,96.1428017183
1872.1477325913,96.2165134823
1872.8617477449,96.0311427425
1873.5757628984,96.1388043307
1874.2897780520,96.2214613607
1875.0037932055,95.8947316436
1875.7178083590,96.0141044956
1876.4318235126,96.1249650646
1877.1458386661,95.9333630815
1877.8598538197,96.0542041441
1878.5738689732,96.0244244358
1879.2878841268,95.9821920728
1880.0018992803,96.1325425606
1880.7159144339,95.9995182958
1881.4299295874,96.0147744180
1882.1439447409,96.0302730238
1882.8579598945,95.9213841282
1883.5719750480,96.2252641358
1884.2859902016,96.1892999669
1885.0000053551,95.8670491993
1885.7140205087,96.0096091824
1886.4280356622,96.0020022297
1887.1420508157,96.0085949464
1887.8560659693,96.1783725634
1888.5700811228,95.9914150452
1889.2840962764,95.9950560005
1889.9981114299,96.2226530548
1890.7121265835,96.1079603688
1891.4261417370,96.0734408902
1892.1401568905,95.9848518744
1892.8541720441,95.9241665539
1893.5681871976,96.0591825246
1894.2822023512,95.9931269794
1894.9962175047,95.9141476704
1895.7102326583,95.9783180854
1896.4242478118,95.9289171648
1897.1382629654,95.8676095230
1897.8522781189,95.8431762098
1898.5662932724,95.8953871700
1899.2803084260,95.8635684238
1899.9943235795,95.7819527345
1900.7083387331,95.9882883156
1901.4223538866,96.0603322900
1902.1363690402,95.9685726321
1902.8503841937,96.0955393611
1903.5643993472,95.9805419073
1904.2784145008,95.8233551144
1904.9924296543,95.9332933749
1905.7064448079,95.9288746121
1906.4204599614,96.0124502252
1907.1344751150,95.9886822641
1907.8484902685,95.7870859261
1908.5625054221,95.9373759549
1909.2765205756,95.8500492141
1909.9905357291,95.6026313473
1910.7045508827,95.8037656910
1911.4185660362,95.8222048791
1912.1325811898,95.8498784426
1912.8465963433,95.8758458056
1913.5606114969,95.5233713507
1914.2746266504,95.5806514399
1914.9886418039,95.8297838276
1915.7026569575,95.8355190099
1916.4166721110,96.0064405494
1917.1306872646,95.8659610197
1917.8447024181,95.5787707623
1918.5587175717,95.8110530605
1919.2727327252,95.7159648216
1919.9867478788,95.7422593188
1920.7007630323,95.9910056068
1921.4147781858,95.7122825846
1922.1287933394,95.4974492673
1922.8428084929,95.7108219360
1923.5568236465,95.8697128428
1924.2708388000,95.8307309545
1924.9848539536,95.5727810520
1925.6988691071,95.5219751627
1926.4128842606,95.6624008008
1927.1268994142,95.6191911825
1927.8409145677,95.7453115252
1928.5549297213,95.8773532766
1929.2689448748,95.8105719966
1929.9829600284,95.7187222754
1930.6969751819,95.5562932362
1931.4109903354,95.7910392410
1932.1250054890,96.0801003621
1932.8390206425,95.8266210749
1933.5530357961,95.7795180389
1934.2670509496,95.7145440744
1934.9810661032,95.4976863271
1935.6950812567,95.8240910414
1936.4090964103,95.8848730549
1937.1231115638,95.5239075761
1937.8371267173,95.4985345860
1938.5511418709,95.5358185613
1939.2651570244,95.7480993331
1939.9791721780,95.9058651409
1940.6931873315,95.5466198968
1941.4072024851,95.3352795367
1942.1212176386,95.4317826144
1942.8352327921,95.7773229585
1943.5492479457,95.7626161462
1944.2632630992,95.3778872401
1944.9772782528,95.6536798605
1945.6912934063,95.7029568276
1946.4053085599,95.0046447503
1947.1193237134,95.3711809198
1947.8333388670,95.7951182272
1948.5473540205,95.5182242030
1949.2613691740,95.7767624534
1949.9753843276,95.5106402145
1950.6893994811,95.1278334123
1951.4034146347,95.5926990636
1952.1174297882,95.2526767210
1952.8314449418,94.9680719168
1953.5454600953,95.4267167995
1954.2594752488,95.0702870482
1954.9734904024,94.9411785590
1955.6875055559,95.3259155088
1956.4015207095,95.1754648596
1957.1155358630,95.3946081862
1957.8295510166,95.6914424789
1958.5435661701,95.7041915148
1959.2575813236,95.9702246773
1959.9715964772,95.7649092086
1960.6856116307,95.5609238362
1961.3996267843,95.7824416805
1962.1136419378,95.5413324956
1962.8276570914,95.5546069129
1963.5416722449,95.8616187907
1964.2556873985,95.5806359978
1964.9697025520,95.6310614276
1965.6837177055,96.0090874498
1966.3977328591,95.5576039834
1967.1117480126,95.1816284996
1967.8257631662,95.7456743576
1968.5397783197,95.7996244658
1969.2537934733,95.4484957543
1969.9678086268,95.9842730784
1970.6818237803,96.2644743407
1971.3958389339,95.7926304836
1972.1098540874,95.9623075518
1972.8238692410,96.0984878822
1973.5378843945,95.7533812911
1974.2518995481,95.7606242839
1974.9659147016,95.6905565048
1975.6799298552,95.5823132223
1976.3939450087,95.5053744696
1977.1079601622,95.4220287521
1977.8219753158,95.9334489821
1978.5359904693,95.8824867742
1979.2500056229,95.4796430675
1979.9640207764,95.9746310506
1980.6780359300,95.8561517768
1981.3920510835,95.1533156401
1982.1060662370,95.1058180799
1982.8200813906,95.2311183909
1983.5340965441,95.6849087631
1984.2481116977,95.9222634780
1984.9621268512,95.5758807077
1985.6761420048,95.8328535068
1986.3901571583,95.7284544272
1987.1041723118,95.1082229985
1987.8181874654,95.2325475131
1988.5322026189,95.1795145528
1989.2462177725,95.2888490828
1989.9602329260,95.8189536523
1990.6742480796,95.2643065393
1991.3882632331,95.0206283577
1992.1022783867,95.7722296716
1992.8162935402,95.4260724488
1993.5303086937,95.0267914211
1994.2443238473,95.1298478807
1994.9583390008,95.1651698476
1995.6723541544,95.5104029086
1996.3863693079,95.6356818791
1997.1003844615,95.3873589483
1997.8143996150,95.4119162308
1998.5284147685,95.3862345721
1999.2424299221,95.4369678045
1999.9564450756,95.5966876532
2000.6704602292,95.6905363599
2001.3844753827,96.0010369395
2002.0984905363,95.8184383735
2002.8125056898,95.3130527534
2003.5265208434,95.6743010044
2004.2405359969,96.0121035574
2004.9545511504,95.7295815091
2005.6685663040,95.9980721871
2006.3825814575,96.4789053413
2007.0965966111,96.1282430316
2007.8106117646,95.9237188513
2008.5246269182,96.1803072272
2009.2386420717,95.7996484515
2009.9526572252,95.8079383131
2010.6666723788,96.5361402523
2011.3806875323,95.8636412242
2012.0947026859,95.1539078189
2012.8087178394,95.9766572067
2013.5227329930,96.0555857932
2014.2367481465,95.6478037862
2014.9507633000,95.7320544191
2015.6647784536,95.6158827907
2016.3787936071,96.3193345096
2017.0928087607,96.6057114276
2017.8068239142,95.5512266631
2018.5208390678,95.7009304680
2019.2348542213,95.8801967149
2019.9488693749,95.4547703094
2020.6628845284,96.1961499223
2021.3768996819,96.1293933282
2022.0909148355,95.2909407674
2022.8049299890,95.5700444821
2023.5189451426,95.7044155722
2024.2329602961,95.8632068670
2024.9469754497,95.8291492858
2025.6609906032,95.0206572695
2026.3750057567,95.6175375451
2027.0890209103,96.3103513483
2027.8030360638,95.6681637342
2028.5170512174,95.8937423709
2029.2310663709,95.9206989973
2029.9450815245,95.2484766946
2030.6590966780,95.4793580652
2031.3731118316,95.4866400923
2032.0871269851,95.4732455554
2032.8011421386,95.9889901840
2033.5151572922,95.5758410353
2034.2291724457,95.0230827989
2034.9431875993,94.9609261108
2035.6572027528,94.9756770981
2036.3712179064,95.3497937625
2037.0852330599,95.3493782781
2037.7992482134,95.0213964130
2038.5132633670,95.0270618835
2039.2272785205,95.0552529659
2039.9412936741,95.4831633299
2040.6553088276,95.6142791004
2041.3693239812,94.9925925860
2042.0833391347,95.3003491491
2042.7973542883,95.4934861974
2043.5113694418,94.8172706048
2044.2253845953,95.2188440883
2044.9393997489,95.4682669885
2045.6534149024,94.7452225727
2046.3674300560,95.2146452350
2047.0814452095,95.7036791849
2047.7954603631,94.9961626253
2048.5094755166,94.8120468671
2049.2234906701,94.7698210475
2049.9375058237,94.3643132892
2050.6515209772,94.5951688155
2051.3655361308,94.8762448681
2052.0795512843,94.7754807494
2052.7935664379,94.7018935646
2053.5075815914,94.7404881466
2054.2215967449,94.9614406169
2054.9356118985,94.8884761424
2055.6496270520,94.6202203224
2056.3636422056,94.9364617887
2057.0776573591,95.0298944233
2057.7916725127,94.6676939235
2058.5056876662,94.8704577568
2059.2197028198,94.9621391631
2059.9337179733,94.7078224970
2060.6477331268,94.8457519696
2061.3617482804,94.7313180784
2062.0757634339,94.5591311423
2062.7897785875,94.9127107727
2063.5037937410,94.9089481877
2064.2178088946,94.7887474933
2064.9318240481,94.9945020870
2065.6458392016,94.8730875875
2066.3598543552,94.8155905330
2067.0738695087,94.9340382776
2067.7878846623,94.7927242780
2068.5018998158,94.8884779382
2069.2159149694,95.0358319078
2069.9299301229,94.8553741114
2070.6439452765,94.8597584081
2071.3579604300,94.9309645414
2072.0719755835,94.9656506603
2072.7859907371,95.0952689022
2073.5000058906,94.8210624716
2074.2140210442,94.4325990584
2074.9280361977,94.5492963900
2075.6420513513,94.7127795831
2076.3560665048,94.6469611408
2077.0700816583,94.6139904023
2077.7840968119,94.5909923958
2078.4981119654,94.5647833599
2079.2121271190,94.6420241378
2079.9261422725,94.7092867900
2080.6401574261,94.6460691139
2081.3541725796,94.5308826024
2082.0681877331,94.4401297731
2082.7822028867,94.5023692861
2083.4962180402,94.8043774875
2084.2102331938,95.0302748664
2084.9242483473,94.9925481187
2085.6382635009,94.8042337137
2086.3522786544,94.6166440474
2087.0662938080,94.8083544417
2087.7803089615,95.1996976783
2088.4943241150,95.0490599298
2089.2083392686,94.7260853490
2089.9223544221,94.8242779947
2090.6363695757,94.9217440695
2091.3503847292,94.8938895218
2092.0643998828,94.9025576531
2092.7784150363,94.8036637201
2093.4924301898,94.7835279067
2094.2064453434,94.9379267120
2094.9204604969,94.9653210123
2095.6344756505,94.7812602732
2096.3484908040,94.6154830093
2097.0625059576,94.6718891014
2097.7765211111,94.7187900642
2098.4905362647,94.6261869253
2099.2045514182,94.7311453161
2099.9185665717,94.7977488826
2100.6325817253,94.5825698308
2101.3465968788,94.6776253819
2102.0606120324,94.9661915891
2102.7746271859,94.8218644658
2103.4886423395,94.7249801605
2104.2026574930,94.9572200662
2104.9166726465,94.8324744177
2105.6306878001,94.6249933842
2106.3447029536,94.9603186356
2107.0587181072,95.0807887572
2107.7727332607,94.7386849461
2108.4867484143,94.7247650079
2109.2007635678,94.7920936260
2109.9147787213,94.6838311558
2110.6287938749,94.8651024058
2111.3428090284,95.0242745827
2112.0568241820,94.9886315318
2112.7708393355,94.9278900917
2113.4848544891,94.6433023737
2114.1988696426,94.6601477854
2114.9128847962,95.1461593132
2115.6268999497,95.1667098745
2116.3409151032,94.8976755808
2117.0549302568,94.9159424780
2117.7689454103,94.9266004410
2118.4829605639,94.9414168748
2119.1969757174,95.0049427845
2119.9109908710,94.9492108532
2120.6250060245,94.8955890496
2121.3390211780,94.8599009558
2122.0530363316,94.8646270351
2122.7670514851,94.9054956240
2123.4810666387,94.8761322461
2124.1950817922,94.9896484928
2124.9090969458,95.2123273901
2125.6231120993,95.2329213866
2126.3371272529,95.1786094755
2127.0511424064,95.3104537359
2127.7651575599,95.5073405691
2128.4791727135,95.3841384290
2129.1931878670,95.1059720259
2129.9072030206,95.3006342635
2130.6212181741,95.6746623434
2131.3352333277,95.6392254084
2132.0492484812,95.4646057177
2132.7632636347,95.5118575746
2133.4772787883,95.6208970649
2134.1912939418,95.4269143598
2134.9053090954,95.2223712214
2135.6193242489,95.5471239321
2136.3333394025,95.7435619056
2137.0473545560,95.6124135365
2137.7613697095,95.6436847721
2138.4753848631,95.3045704517
2139.1894000166,95.1765313896
2139.9034151702,95.8922896594
2140.6174303237,95.8979127536
2141.3314454773,95.4913948862
2142.0454606308,95.6731054108
2142.7594757844,95.3590148593
2143.4734909379,95.1281283393
2144.1875060914,95.6575245214
2144.9015212450,95.8604677244
2145.6155363985,95.8709401198
2146.3295515521,95.7535612081
2147.0435667056,95.4348362835
2147.7575818592,95.9124919434
2148.4715970127,96.3390782693
2149.1856121662,95.8465260010
2149.8996273198,95.5917264028
2150.6136424733,95.8684426660
2151.3276576269,96.2103790666
2152.0416727804,96.1816476601
2152.7556879340,96.0053892284
2153.4697030875,96.3016877345
2154.1837182411,96.1641751459
2154.8977333946,95.7381292816
2155.6117485481,96.2290511469
2156.3257637017,96.5659457856
2157.0397788552,96.6165732625
2157.7537940088,96.7347331733
2158.4678091623,95.8033106412
2159.1818243159,95.5224346257
2159.8958394694,95.9623907530
2160.6098546229,95.6943239308
2161.3238697765,95.9001002483
2162.0378849300,95.6087616706
2162.7519000836,94.6383659280
2163.4659152371,95.2246946586
2164.1799303907,95.7848437037
2164.8939455442,95.2876037405
2165.6079606978,95.4021781373
2166.3219758513,95.4722970717
2167.0359910048,95.2389403781
2167.7500061584,95.1288487027
2168.4640213119,94.8801313219
2169.1780364655,95.4515422419
2169.8920516190,96.0096892722
2170.6060667726,95.2264792337
2171.3200819261,95.2942352895
2172.0340970796,96.0776322499
2172.7481122332,95.3889147185
2173.4621273867,94.7905037473
2174.1761425403,95.2681552671
2174.8901576938,95.4968326558
2175.6041728474,95.4380220636
2176.3181880009,95.0721340221
2177.0322031544,94.6870138636
2177.7462183080,95.1136989128
2178.4602334615,95.5155757497
2179.1742486151,95.1928800792
2179.8882637686,95.1655045547
2180.6022789222,95.6009394632
2181.3162940757,95.6645105059
2182.0303092293,95.1123591517
2182.7443243828,94.7732675170
2183.4583395363,95.2672599004
2184.1723546899,95.5500959984
2184.8863698434,94.9521514143
2185.6003849970,94.7859305471
2186.3144001505,95.2179844846
2187.0284153041,95.0638057824
2187.7424304576,94.5951368857
2188.4564456111,94.5529103522
2189.1704607647,94.8936116999
2189.8844759182,95.2342300447
2190.5984910718,94.9216101703
2191.3125062253,94.6748167088
2192.0265213789,95.3061136435
2192.7405365324,95.4132165018
2193.4545516860,94.7080902790
2194.1685668395,94.7949640504
2194.8825819930,95.2601490349
2195.5965971466,95.2882345105
2196.3106123001,95.2323779175
2197.0246274537,94.7233156889
2197.7386426072,94.3235097491
2198.4526577608,94.8383617507
2199.1666729143,94.9730610654
2199.8806880678,94.5024184391
2200.5947032214,94.6437441944
2201.3087183749,94.9961281826
2202.0227335285,95.2873632740
2202.7367486820,95.3569258292
2203.4507638356,94.5050870923
2204.1647789891,94.3934259183
2204.8787941426,95.3713644928
2205.5928092962,95.1528353739
2206.3068244497,94.6603206819
2207.0208396033,95.0597774612
2207.7348547568,94.9438207796
2208.4488699104,94.6929252042
2209.1628850639,94.9968527551
2209.8769002175,95.0505334521
2210.5909153710,95.0411783880
2211.3049305245,94.9440254687
2212.0189456781,94.6081227070
2212.7329608316,94.6698805947
2213.4469759852,94.9205918542
2214.1609911387,95.0767377925
2214.8750062923,95.0563965645
2215.5890214458,94.7129977533
2216.3030365993,94.8297714412
2217.0170517529,95.1918482594
2217.7310669064,94.8335672611
2218.4450820600,94.5811029788
2219.1590972135,94.6723811506
2219.8731123671,94.4717460566
2220.5871275206,94.6593835256
2221.3011426742,94.9497065031
2222.0151578277,94.7439139364
2222.7291729812,94.7825223793
2223.4431881348,94.9506492324
2224.1572032883,94.7340020922
2224.8712184419,94.6211171182
2225.5852335954,94.6862119344
2226.2992487490,94.8479375566
2227.0132639025,95.0221730060
2227.7272790560,94.8084463597
2228.4412942096,94.6127273337
2229.1553093631,94.8119259065
2229.8693245167,94.7814013543
2230.5833396702,94.7065398758
2231.2973548238,94.8308219654
2232.0113699773,94.5168506642
2232.7253851308,94.3550103238
2233.4394002844,94.7136113778
2234.1534154379,94.6378811255
2234.8674305915,94.5308270765
2235.5814457450,94.8558788220
2236.2954608986,94.6801087304
2237.0094760521,94.3974287350
2237.7234912057,94.5150768432
2238.4375063592,94.4575037961
2239.1515215127,94.5081370434
2239.8655366663,94.7943438134
2240.5795518198,94.7937064621
2241.2935669734,94.6492713408
2242.0075821269,94.4569035403
2242.7215972805,94.5199089617
2243.4356124340,94.7655590814
2244.1496275875,94.4962348129
2244.8636427411,94.3857788805
2245.5776578946,94.7357207166
2246.2916730482,94.6674195522
2247.0056882017,94.4760755065
2247.7197033553,94.3741617059
2248.4337185088,94.2571991037
2249.1477336624,94.5155659901
2249.8617488159,94.6584161495
2250.5757639694,94.5217214064
2251.2897791230,94.5218076215
2252.0037942765,94.4117133671
2252.7178094301,94.5195542227
2253.4318245836,94.8052910375
2254.1458397372,94.5914490360
2254.8598548907,94.4992320236
2255.5738700442,94.5827033428
2256.2878851978,94.3891646223
2257.0019003513,94.3777979675
2257.7159155049,94.3877909609
2258.4299306584,94.2926755752
2259.1439458120,94.3225957930
2259.8579609655,94.2065986203
2260.5719761190,94.3489659147
2261.2859912726,94.6564665711
2262.0000064261,94.4389834983
2262.7140215797,94.2920305674
2263.4280367332,94.4445108811
2264.1420518868,94.4436087131
2264.8560670403,94.3327621171
2265.5700821939,94.2076666361
2266.2840973474,94.3634746219
2266.9981125009,94.4875760960
2267.7121276545,94.1737933648
2268.4261428080,94.2447511751
2269.1401579616,94.5068595590
2269.8541731151,94.2943998883
2270.5681882687,94.2031844641
2271.2822034222,94.2392397310
2271.9962185757,94.2603300000
2272.7102337293,94.3692479013
2273.4242488828,94.0937977775
2274.1382640364,93.9842910757
2274.8522791899,94.3714821845
2275.5662943435,94.2585078483
2276.2803094970,94.0084842060
2276.9943246506,94.3312322829
2277.7083398041,94.5039676115
2278.4223549576,94.2174596105
2279.1363701112,94.1269627516
2279.8503852647,94.3062272501
2280.5644004183,94.2452339061
2281.2784155718,94.0720741500
2281.9924307254,94.0810191742
2282.7064458789,94.0425212503
2283.4204610324,94.0306299345
2284.1344761860,94.1375347617
2284.8484913395,94.1950650122
2285.5625064931,94.3155255920
2286.2765216466,94.1912983268
2286.9905368002,94.0574233881
2287.7045519537,94.3572173138
2288.4185671072,94.3300135917
2289.1325822608,94.1649248853
2289.8465974143,94.3408398127
2290.5606125679,94.2590736335
2291.2746277214,94.3060490887
2291.9886428750,94.4532193816
2292.7026580285,94.1666750808
2293.4166731821,94.2190043207
2294.1306883356,94.4575836873
2294.8447034891,94.3837463629
2295.5587186427,94.4451686435
2296.2727337962,94.3516806092
2296.9867489498,94.3030720052
2297.7007641033,94.4170332448
2298.4147792569,94.3301013548
2299.1287944104,94.4687374342
2299.8428095639,94.3505328836
2300.5568247175,94.1163885300
2301.2708398710,94.5792335284
2301.9848550246,94.5151125406
2302.6988701781,94.3342426691
2303.4128853317,94.5735852341
2304.1269004852,94.2049979705
2304.8409156388,94.4494626592
2305.5549307923,94.7271086860
2306.2689459458,94.0117571887
2306.9829610994,94.4456721545
2307.6969762529,94.5822652697
2308.4109914065,93.7792950274
2309.1250065600,94.6964676183
2309.8390217136,94.6339997496
2310.5530368671,93.8792874808
2311.2670520206,95.0024801128
2311.9810671742,94.5406585113
2312.6950823277,93.9548490175
2313.4090974813,95.0456914034
2314.1231126348,94.3480784294
2314.8371277884,94.2147617550
2315.5511429419,94.9905001172
2316.2651580955,94.0510671941
2316.9791732490,94.4411268781
2317.6931884025,94.9834705128
2318.4072035561,94.0022516393
2319.1212187096,94.6879741517
2319.8352338632,94.7332986057
2320.5492490167,93.8765822310
2321.2632641703,94.7390899010
2321.9772793238,94.4567789943
2322.6912944773,94.0293866052
2323.4053096309,94.8273776143
2324.1193247844,94.1985750441
2324.8333399380,94.2186000445
2325.5473550915,94.9363253466
2326.2613702451,94.3765365389
2326.9753853986,94.7154751935
2327.6894005521,94.9234662944
2328.4034157057,94.3169626885
2329.1174308592,94.7434303298
2329.8314460128,94.6448089226
2330.5454611663,94.4097332587
2331.2594763199,95.0684017629
2331.9734914734,94.7369643299
2332.6875066270,94.5393139551
2333.4015217805,94.7853322780
2334.1155369340,94.5309799457
2334.8295520876,94.7567287071
2335.5435672411,94.7443568715
2336.2575823947,94.5590348301
2336.9715975482,94.9169823218
2337.6856127018,94.5631056526
2338.3996278553,94.4144487936
2339.1136430088,94.7514610989
2339.8276581624,94.4226845378
2340.5416733159,94.5622129044
2341.2556884695,94.7825109847
2341.9697036230,94.5366365448
2342.6837187766,94.7860890098
2343.3977339301,94.7361530588
2344.1117490837,94.6810850974
2344.8257642372,94.9922029719
2345.5397793907,94.7449805349
2346.2537945443,94.7478350569
2346.9678096978,94.8541461788
2347.6818248514,94.6700378650
2348.3958400049,94.8378482058
2349.1098551585,94.7239429916
2349.8238703120,94.5774907419
2350.5378854655,94.7542390566
2351.2519006191,94.6356443129
2351.9659157726,94.5177587110
2352.6799309262,94.6868913295
2353.3939460797,94.4782094645
2354.1079612333,94.4626667103
2354.8219763868,94.6404967445
2355.5359915403,94.5263648601
2356.2500066939,94.6345249940
2356.9640218474,94.5657456126
2357.6780370010,94.4397541855
2358.3920521545,94.6803687657
2359.1060673081,94.6474685555
2359.8200824616,94.6866953907
2360.5340976152,94.7345844259
2361.2481127687,94.5176917978
2361.9621279222,94.6803916679
2362.6761430758,94.7330193089
2363.3901582293,94.5554019478
2364.1041733829,94.6234591065
2364.8181885364,94.5065450719
2365.5322036900,94.4888606910
2366.2462188435,94.6914710619
2366.9602339970,94.5973870693
2367.6742491506,94.5625168038
2368.3882643041,94.5667690721
2369.1022794577,94.5319694122
2369.8162946112,94.6356281100
2370.5303097648,94.5375959547
2371.2443249183,94.5297752403
2371.9583400719,94.6439288614
2372.6723552254,94.4906695117
2373.3863703789,94.5263048710
2374.1003855325,94.5884165802
2374.8144006860,94.4614977523
2375.5284158396,94.5255201986
2376.2424309931,94.4831046067
2376.9564461467,94.3743433042
2377.6704613002,94.4945548392
2378.3844764537,94.4333834093
2379.0984916073,94.3896280845
2379.8125067608,94.4974261118
2380.5265219144,94.4294384378
2381.2405370679,94.4118901417
2381.9545522215,94.4463948211
2382.6685673750,94.4279179783
2383.3825825285,94.4859346678
2384.0965976821,94.4923401219
2384.8106128356,94.4941242854
2385.5246279892,94.4872606692
2386.2386431427,94.3641071756
2386.9526582963,94.4684086901
2387.6666734498,94.5727704057
2388.3806886034,94.3153507990
2389.0947037569,94.3781619997
2389.8087189104,94.5822873555
2390.5227340640,94.5661179573
2391.2367492175,94.5569339789
2391.9507643711,94.5163072099
2392.6647795246,94.5225087911
2393.3787946782,94.5904684053
2394.0928098317,94.5114583727
2394.8068249852,94.5650577031
2395.5208401388,94.5983089656
2396.2348552923,94.4394658578
2396.9488704459,94.4785180923
2397.6628855994,94.5740087040
2398.3769007530,94.5544072312
2399.0909159065,94.5488661222
2399.8049310601,94.5192174105
2400.5189462136,94.5268769438
2401.2329613671,94.5545315133
2401.9469765207,94.6044323850
2402.6609916742,94.6080921202
2403.3750068278,94.4737951508
2404.0890219813,94.5486433836
2404.8030371349,94.6745400361
2405.5170522884,94.5468634757
2406.2310674419,94.6117643994
2406.9450825955,94.7119037321
2407.6590977490,94.6047729736
2408.3731129026,94.6066946604
2409.0871280561,94.5339340590
2409.8011432097,94.4911214674
2410.5151583632,94.6181866202
2411.2291735167,94.5123847033
2411.9431886703,94.5134737664
2412.6572038238,94.6681952065
2413.3712189774,94.5108791011
2414.0852341309,94.5112828269
2414.7992492845,94.7085752825
2415.5132644380,94.6493339284
2416.2272795916,94.5959638760
2416.9412947451,94.6094990900
2417.6553098986,94.5764192923
2418.3693250522,94.6182339689
2419.0833402057,94.6844361545
2419.7973553593,94.7114000797
2420.5113705128,94.6337229440
2421.2253856664,94.6011556097
2421.9394008199,94.7071229158
2422.6534159734,94.6387329511
2423.3674311270,94.5871897018
2424.0814462805,94.7908816911
2424.7954614341,94.8383215861
2425.5094765876,94.6965278380
2426.2234917412,94.6286847976
2426.9375068947,94.6649023338
2427.6515220483,94.7024216687
2428.3655372018,94.6289110331
2429.0795523553,94.6214688328
2429.7935675089,94.6607131743
2430.5075826624,94.6527765921
2431.2215978160,94.8448220936
2431.9356129695,94.8842260534
2432.6496281231,94.6726643914
2433.3636432766,94.7622407706
2434.0776584301,94.7518730589
2434.7916735837,94.5269306917
2435.5056887372,94.6847052349
2436.2197038908,94.7753556568
2436.9337190443,94.6076551384
2437.6477341979,94.6340571869
2438.3617493514,94.6263016855
2439.0757645050,94.5949391336
2439.7897796585,94.7162796160
2440.5037948120,94.7370990531
2441.2178099656,94.7394878556
2441.9318251191,94.7563954083
2442.6458402727,94.6726115803
2443.3598554262,94.6638170920
2444.0738705798,94.6758064546
2444.7878857333,94.5708726789
2445.5019008868,94.5126131218
2446.2159160404,94.5980093617
2446.9299311939,94.7327102189
2447.6439463475,94.7456834744
2448.3579615010,94.6635057780
2449.0719766546,94.6157027626
2449.7859918081,94.5737472104
2450.5000069616,94.5509798782
2451.2140221152,94.6118320836
2451.9280372687,94.6756142368
2452.6420524223,94.6326086032
2453.3560675758,94.5469259766
2454.0700827294,94.6097706812
2454.7840978829,94.6970821140
2455.4981130365,94.6210552107
2456.2121281900,94.5767691166
2456.9261433435,94.6027607924
2457.6401584971,94.6271670153
2458.3541736506,94.6839988905
2459.0681888042,94.6280017512
2459.7822039577,94.5844882140
2460.4962191113,94.7179318789
2461.2102342648,94.7965099545
2461.9242494183,94.8149728816
2462.6382645719,94.7527520151
2463.3522797254,94.5798798424
2464.0662948790,94.5975967609
2464.7803100325,94.6862790088
2465.4943251861,94.6569121039
2466.2083403396,94.7067205434
2466.9223554932,94.6908396262
2467.6363706467,94.6359135458
2468.3503858002,94.7235213968
2469.0644009538,94.6759074174
2469.7784161073,94.6051546336
2470.4924312609,94.7503727383
2471.2064464144,94.8141603171
2471.9204615680,94.7396858400
2472.6344767215,94.6650650199
2473.3484918750,94.6329077065
2474.0625070286,94.6961658719
2474.7765221821,94.7014469080
2475.4905373357,94.6553639121
2476.2045524892,94.7134277217
2476.9185676428,94.7505617048
2477.6325827963,94.7748181614
2478.3465979498,94.8090040123
2479.0606131034,94.6808316703
2479.7746282569,94.5566669422
2480.4886434105,94.6468069380
2481.2026585640,94.7367125433
2481.9166737176,94.7039062674
2482.6306888711,94.6939015300
2483.3447040247,94.7561513350
2484.0587191782,94.7495420764
2484.7727343317,94.6196582855
2485.4867494853,94.5432366106
2486.2007646388,94.5938965757
2486.9147797924,94.6077023077
2487.6287949459,94.5911387774
2488.3428100995,94.6243570711
2489.0568252530,94.6461069159
2489.7708404065,94.7048700334
2490.4848555601,94.7199889519
2491.1988707136,94.5181229417
2491.9128858672,94.4654700076
2492.6269010207,94.6568622845
2493.3409161743,94.5808457449
2494.0549313278,94.4597367772
2494.7689464814,94.6548032321
2495.4829616349,94.7281947574
2496.1969767884,94.6484888977
2496.9109919420,94.7076246207
2497.6250070955,94.7292891436
2498.3390222491,94.6570710587
2499.0530374026,94.5939548933
2499.7670525562,94.6301583902
2500.4810677097,94.7278771584
2501.1950828632,94.6233986331
2501.9090980168,94.5128026109
2502.6231131703,94.6059144958
2503.3371283239,94.5913256367
2504.0511434774,94.5431054598
2504.7651586310,94.6268383954
2505.4791737845,94.6345670036
2506.1931889380,94.5927263011
2506.9072040916,94.5585014055
2507.6212192451,94.5387867425
2508.3352343987,94.5653976300
2509.0492495522,94.5555930426
2509.7632647058,94.6021855990
2510.4772798593,94.6487533438
2511.1912950129,94.5748370136
2511.9053101664,94.5838805839
2512.6193253199,94.5578040578
2513.3333404735,94.5096949366
2514.0473556270,94.6726785328
2514.7613707806,94.6480384264
2515.4753859341,94.4653426034
2516.1894010877,94.5492675821
2516.9034162412,94.6287291754
2517.6174313947,94.6089457194
2518.3314465483,94.5845741581
2519.0454617018,94.5056796696
2519.7594768554,94.5359800910
2520.4734920089,94.5102809662
2521.1875071625,94.4157658963
2521.9015223160,94.5376794416
2522.6155374696,94.5880927319
2523.3295526231,94.5499458407
2524.0435677766,94.6401129412
2524.7575829302,94.6397718873
2525.4715980837,94.6233992240
2526.1856132373,94.5655828031
2526.8996283908,94.4270001648
2527.6136435444,94.5771053659
2528.3276586979,94.7278281316
2529.0416738514,94.5757096594
2529.7556890050,94.5118288791
2530.4697041585,94.5824154152
2531.1837193121,94.6546761776
2531.8977344656,94.6316639129
2532.6117496192,94.4835819199
2533.3257647727,94.5261150035
2534.0397799262,94.6241350961
2534.7537950798,94.5379715332
2535.4678102333,94.5368951397
2536.1818253869,94.5841471732
2536.8958405404,94.5671183824
2537.6098556940,94.5714192221
2538.3238708475,94.5668703300
2539.0378860011,94.5977498560
2539.7519011546,94.5725085946
2540.4659163081,94.5095461547
2541.1799314617,94.5829126739
2541.8939466152,94.5818811413
2542.6079617688,94.5413270815
2543.3219769223,94.6036061676
2544.0359920759,94.5405448252
2544.7500072294,94.5024828106
2545.4640223829,94.6107053451
2546.1780375365,94.6385885465
2546.8920526900,94.5942674548
2547.6060678436,94.5444810128
2548.3200829971,94.6102318533
2549.0340981507,94.6693152894
2549.7481133042,94.5271326862
2550.4621284578,94.5644906859
2551.1761436113,94.6668118272
2551.8901587648,94.5335578640
2552.6041739184,94.5755065524
2553.3181890719,94.6232256690
2554.0322042255,94.4915583817
2554.7462193790,94.5189323620
2555.4602345326,94.4957886355
2556.1742496861,94.5287158072
2556.8882648396,94.7253581816
2557.6022799932,94.6017611750
2558.3162951467,94.4943781733
2559.0303103003,94.5834991833
2559.7443254538,94.5314038809
2560.4583406074,94.6143222915
2561.1723557609,94.6474224397
2561.8863709144,94.4844090948
2562.6003860680,94.5762178718
2563.3144012215,94.6164633829
2564.0284163751,94.5363429991
2564.7424315286,94.6561405544
2565.4564466822,94.5932702630
2566.1704618357,94.4594576819
2566.8844769893,94.6195310998
2567.5984921428,94.7332187708
2568.3125072963,94.6403878184
2569.0265224499,94.5375026092
2569.7405376034,94.5775854112
2570.4545527570,94.6215513075
2571.1685679105,94.5414656659
2571.8825830641,94.6127518508
2572.5965982176,94.6404081800
2573.3106133711,94.4280950839
2574.0246285247,94.4775098245
2574.7386436782,94.6265393467
2575.4526588318,94.4990118934
2576.1666739853,94.4477438886
2576.8806891389,94.4836591776
2577.5947042924,94.4355379148
2578.3087194460,94.4680578167
2579.0227345995,94.5581421302
2579.7367497530,94.5185736803
2580.4507649066,94.3725980176
2581.1647800601,94.4379347279
2581.8787952137,94.6009932582
2582.5928103672,94.4868259427
2583.3068255208,94.4705414920
2584.0208406743,94.5733006453
2584.7348558278,94.3810151215
2585.4488709814,94.3147063776
2586.1628861349,94.4349393975
2586.8769012885,94.4101659580
2587.5909164420,94.5003930414
2588.3049315956,94.5651986434
2589.0189467491,94.4812292747
2589.7329619027,94.5125132233
2590.4469770562,94.4830663112
2591.1609922097,94.4630598941
2591.8750073633,94.5651610796
2592.5890225168,94.4977153255
2593.3030376704,94.3961691834
2594.0170528239,94.3797087109
2594.7310679775,94.4080522862
2595.4450831310,94.5092588857
2596.1590982845,94.4059200954
2596.8731134381,94.3276296179
2597.5871285916,94.5271943438
2598.3011437452,94.4727387534
2599.0151588987,94.3602768137
2599.7291740523,94.5612964787
2600.4431892058,94.5400713301
2601.1572043593,94.3961249931
2601.8712195129,94.5157295591
2602.5852346664,94.5095014613
2603.2992498200,94.3962495680
2604.0132649735,94.4953145688
2604.7272801271,94.5293463867
2605.4412952806,94.4308229162
2606.1553104342,94.4777481429
2606.8693255877,94.5024878895
2607.5833407412,94.4259478847
2608.2973558948,94.5222309497
2609.0113710483,94.6095388642
2609.7253862019,94.5060911400
2610.4394013554,94.4691447542
2611.1534165090,94.4657937835
2611.8674316625,94.4660003023
2612.5814468160,94.5795697395
2613.2954619696,94.5917057860
2614.0094771231,94.5037263715
2614.7234922767,94.4557728104
2615.4375074302,94.4173557630
2616.1515225838,94.4842460883
2616.8655377373,94.5441124244
2617.5795528909,94.5361632312
2618.2935680444,94.5750003068
2619.0075831979,94.4387020303
2619.7215983515,94.3247492878
2620.4356135050,94.4748031900
2621.1496286586,94.4580721405
2621.8636438121,94.3856943091
2622.5776589657,94.4673589110
2623.2916741192,94.3916860872
2624.0056892727,94.3718211982
2624.7197044263,94.4775786842
2625.4337195798,94.4265263373
2626.1477347334,94.4223093553
2626.8617498869,94.4701202542
2627.5757650405,94.4461446502
2628.2897801940,94.4358990061
2629.0037953475,94.3538974573
2629.7178105011,94.3403305673
2630.4318256546,94.4770042430
2631.1458408082,94.5439070006
2631.8598559617,94.5559257438
2632.5738711153,94.4575620506
2633.2878862688,94.3139228066
2634.0019014224,94.3685952965
2634.7159165759,94.4286288648
2635.4299317294,94.4010098475
2636.1439468830,94.3728298498
2636.8579620365,94.3199937784
2637.5719771901,94.4090845744
2638.2859923436,94.4926660684
2639.0000074972,94.3909063469
2639.7140226507,94.3793094981
2640.4280378042,94.3979557738
2641.1420529578,94.3899463136
2641.8560681113,94.5009178253
2642.5700832649,94.5154030082
2643.2840984184,94.4515167086
2643.9981135720,94.4250714220
2644.7121287255,94.3585916395
2645.4261438791,94.4163802512
2646.1401590326,94.4883933320
2646.8541741861,94.4282663938
2647.5681893397,94.4706574601
2648.2822044932,94.5201368319
2648.9962196468,94.5202301222
2649.7102348003,94.5430899414
2650.4242499539,94.4130717940
2651.1382651074,94.3720752345
2651.8522802609,94.5329343427
2652.5662954145,94.5237181876
2653.2803105680,94.5053522011
2653.9943257216,94.6050342217
2654.7083408751,94.5496878135
2655.4223560287,94.4801139703
2656.1363711822,94.5275370770
2656.8503863357,94.5410290953
2657.5644014893,94.5457827867
2658.2784166428,94.5631053105
2658.9924317964,94.5394962507
2659.7064469499,94.5243142314
2660.4204621035,94.5528392006
2661.1344772570,94.5542191430
2661.8484924106,94.5285794065
2662.5625075641,94.5856807572
2663.2765227176,94.6349864568
2663.9905378712,94.5784331970
2664.7045530247,94.5813238623
2665.4185681783,94.6436964109
2666.1325833318,94.6416305397
2666.8465984854,94.6239117461
2667.5606136389,94.6332292311
2668.2746287924,94.6698120567
2668.9886439460,94.6520434131
2669.7026590995,94.5931289831
2670.4166742531,94.6661912456
2671.1306894066,94.7130939242
2671.8447045602,94.6288470815
2672.5587197137,94.6470645461
2673.2727348673,94.6894283945
2673.9867500208,94.6743186823
2674.7007651743,94.6970623354
2675.4147803279,94.6563739529
2676.1287954814,94.6509444417
2676.8428106350,94.7214844065
2677.5568257885,94.6632727904
2678.2708409421,94.6442336724
2678.9848560956,94.7148275734
2679.6988712491,94.6783193665
2680.4128864027,94.6913569987
2681.1269015562,94.7613980311
2681.8409167098,94.7193672143
2682.5549318633,94.6928878094
2683.2689470169,94.7349111879
2683.9829621704,94.7577785507
2684.6969773239,94.7566943787
2685.4109924775,94.7608115809
2686.1250076310,94.7798585266
2686.8390227846,94.7644624284
2687.5530379381,94.7666222618
2688.2670530917,94.8128296477
2688.9810682452,94.7547124171
2689.6950833988,94.6744529351
2690.4090985523,94.7134818138
2691.1231137058,94.7610439707
2691.8371288594,94.7897825900
2692.5511440129,94.7880364101
2693.2651591665,94.7180298246
2693.9791743200,94.7029441196
2694.6931894736,94.7414683912
2695.4072046271,94.7399855712
2696.1212197806,94.7446221694
2696.8352349342,94.7577108170
2697.5492500877,94.7451218617
2698.2632652413,94.7479450195
2698.9772803948,94.7825212512
2699.6912955484,94.7864205583
2700.4053107019,94.7482613537
2701.1193258555,94.7598863436
2701.8333410090,94.7772693486
2702.5473561625,94.7297249955
2703.2613713161,94.7328042694
2703.9753864696,94.7463851868
2704.6894016232,94.6916054550
2705.4034167767,94.7242315568
2706.1174319303,94.7942373792
2706.8314470838,94.7485122711
2707.5454622373,94.7019451814
2708.2594773909,94.7053364933
2708.9734925444,94.7156729113
2709.6875076980,94.7578424699
2710.4015228515,94.7462024941
2711.1155380051,94.6532635412
2711.8295531586,94.6386257859
2712.5435683122,94.7114069316
2713.2575834657,94.7373165675
2713.9715986192,94.7220633814
2714.6856137728,94.7179720364
2715.3996289263,94.7126814894
2716.1136440799,94.7056787343
2716.8276592334,94.6806612099
2717.5416743870,94.6716967291
2718.2556895405,94.7101015593
2718.9697046940,94.7084248026
2719.6837198476,94.7280561283
2720.3977350011,94.7814895226
2721.1117501547,94.6701123396
2721.8257653082,94.5996809547
2722.5397804618,94.7280738014
2723.2537956153,94.7109081239
2723.9678107688,94.6185821600
2724.6818259224,94.6538837737
2725.3958410759,94.6177628167
2726.1098562295,94.5824089236
2726.8238713830,94.6296493518
2727.5378865366,94.6396640165
2728.2519016901,94.6761421307
2728.9659168437,94.6686332734
2729.6799319972,94.6292257619
2730.3939471507,94.6902399414
2731.1079623043,94.6706456725
2731.8219774578,94.6085242488
2732.5359926114,94.6251755386
2733.2500077649,94.6009075796
2733.9640229185,94.6385275744
2734.6780380720,94.6747285301
2735.3920532255,94.6106159734
2736.1060683791,94.6700772692
2736.8200835326,94.6902475160
2737.5340986862,94.6191232548
2738.2481138397,94.6930169772
2738.9621289933,94.6273912942
2739.6761441468,94.4896240511
2740.3901593004,94.6556222364
2741.1041744539,94.7618583502
2741.8181896074,94.6335008602
2742.5322047610,94.5787478544
2743.2462199145,94.6223746388
2743.9602350681,94.7041881305
2744.6742502216,94.7409114693
2745.3882653752,94.6648160333
2746.1022805287,94.6220256934
2746.8162956822,94.6756397635
2747.5303108358,94.7193333189
2748.2443259893,94.6746460716
2748.9583411429,94.6309414101
2749.6723562964,94.6523779052
2750.3863714500,94.6252253854
2751.1003866035,94.6463102593
2751.8144017570,94.7585067086
2752.5284169106,94.7428325977
2753.2424320641,94.7146770410
2753.9564472177,94.7413711680
2754.6704623712,94.7042394570
2755.3844775248,94.7531815720
2756.0984926783,94.7507372926
2756.8125078319,94.5970940787
2757.5265229854,94.6305430546
2758.2405381389,94.7229998051
2758.9545532925,94.6948009822
2759.6685684460,94.7388929883
2760.3825835996,94.7364913773
2761.0965987531,94.6484348705
2761.8106139067,94.6354423027
2762.5246290602,94.6520597168
2763.2386442137,94.7102811155
2763.9526593673,94.7369698952
2764.6666745208,94.6565793941
2765.3806896744,94.6325424647
2766.0947048279,94.6514707233
2766.8087199815,94.6511438725
2767.5227351350,94.6715748777
2768.2367502886,94.6758908705
2768.9507654421,94.7145510060
2769.6647805956,94.7450951635
2770.3787957492,94.6783602406
2771.0928109027,94.6343457216
2771.8068260563,94.6309895071
2772.5208412098,94.6408361545
2773.2348563634,94.6712857552
2773.9488715169,94.6571763813
2774.6628866704,94.6745218114
2775.3769018240,94.6936850379
2776.0909169775,94.6215910602
2776.8049321311,94.6133734254
2777.5189472846,94.6403052974
2778.2329624382,94.6185695928
2778.9469775917,94.6438125480
2779.6609927452,94.6366276678
2780.3750078988,94.6052372254
2781.0890230523,94.6138706063
2781.8030382059,94.5632403929
2782.5170533594,94.5612707448
2783.2310685130,94.6537690351
2783.9450836665,94.6928071876
2784.6590988201,94.6604281983
2785.3731139736,94.5339114031
2786.0871291271,94.4823029534
2786.8011442807,94.6417567954
2787.5151594342,94.6689368657
2788.2291745878,94.5503270777
2788.9431897413,94.6050925670
2789.6572048949,94.6739898004
2790.3712200484,94.5952491172
2791.0852352019,94.5244635022
2791.7992503555,94.5247517259
2792.5132655090,94.5453991720
2793.2272806626,94.5557329547
2793.9412958161,94.5959699051
2794.6553109697,94.6329588707
2795.3693261232,94.5748682200
2796.0833412768,94.5167989244
2796.7973564303,94.5133173929
2797.5113715838,94.5023554840
2798.2253867374,94.5279259736
2798.9394018909,94.5617012915
2799.6534170445,94.5390378808
2800.3674321980,94.5222756748
2801.0814473516,94.5328226459
2801.7954625051,94.5395373428
2802.5094776586,94.5429497293
2803.2234928122,94.5712289519
2803.9375079657,94.6010995464
2804.6515231193,94.5722448302
2805.3655382728,94.5573824815
2806.0795534264,94.5584150321
2806.7935685799,94.5106972955
2807.5075837334,94.5695125256
2808.2215988870,94.6768043825
2808.9356140405,94.6076695563
2809.6496291941,94.5434206834
2810.3636443476,94.5665020787
2811.0776595012,94.5114410037
2811.7916746547,94.5146721635
2812.5056898083,94.6234634864
2813.2197049618,94.6188992413
2813.9337201153,94.5486431671
2814.6477352689,94.5627769812
2815.3617504224,94.5732899059
2816.0757655760,94.5378066415
2816.7897807295,94.5676267791
2817.5037958831,94.6126860604
2818.2178110366,94.5851821810
2818.9318261901,94.6192002129
2819.6458413437,94.6766363218
2820.3598564972,94.5888840427
2821.0738716508,94.5460001971
2821.7878868043,94.6449241177
2822.5019019579,94.6369924227
2823.2159171114,94.5299335234
2823.9299322650,94.5081171850
2824.6439474185,94.5373659974
2825.3579625720,94.5581857004
2826.0719777256,94.5977617664
2826.7859928791,94.6355658782
2827.5000080327,94.6019338267
2828.2140231862,94.5216969406
2828.9280383398,94.5091428806
2829.6420534933,94.5605084154
2830.3560686468,94.5826775175
2831.0700838004,94.5790677508
2831.7840989539,94.5633903605
2832.4981141075,94.5160080946
2833.2121292610,94.5115965591
2833.9261444146,94.5524288206
2834.6401595681,94.4955228571
2835.3541747217,94.4466799762
2836.0681898752,94.5527593484
2836.7822050287,94.5460348494
2837.4962201823,94.3930732852
2838.2102353358,94.4280774842
2838.9242504894,94.5142003264
2839.6382656429,94.4471182912
2840.3522807965,94.4378179387
2841.0662959500,94.4936141491
2841.7803111035,94.4802360262
2842.4943262571,94.4448776694
2843.2083414106,94.4457303345
2843.9223565642,94.5128264332
2844.6363717177,94.5056111046
2845.3503868713,94.3530432918
2846.0644020248,94.3099984561
2846.7784171783,94.3629801636
2847.4924323319,94.3203775115
2848.2064474854,94.3251054623
2848.9204626390,94.3686015699
2849.6344777925,94.2647717921
2850.3484929461,94.1890206080
2851.0625080996,94.2888351009
2851.7765232532,94.3029232636
2852.4905384067,94.1625731486
2853.2045535602,94.1699159493
2853.9185687138,94.2616686079
2854.6325838673,94.1908426075
2855.3465990209,94.1371970284
2856.0606141744,94.1622863992
2856.7746293280,94.1401098759
2857.4886444815,94.1544290804
2858.2026596350,94.1540269151
2858.9166747886,94.1411106843
2859.6306899421,94.1841879728
2860.3447050957,94.1324685184
2861.0587202492,94.1765384170
2861.7727354028,94.3391615957
2862.4867505563,94.2001394808
2863.2007657099,94.0636642469
2863.9147808634,94.1862752053
2864.6287960169,94.1591311571
2865.3428111705,94.1162865650
2866.0568263240,94.2364943983
2866.7708414776,94.2560774500
2867.4848566311,94.2333297441
2868.1988717847,94.2228027957
2868.9128869382,94.1710445574
2869.6269020917,94.1452171959
2870.3409172453,94.0940559654
2871.0549323988,94.1072293674
2871.7689475524,94.2129218218
2872.4829627059,94.1854135055
2873.1969778595,94.0979948445
2873.9109930130,94.0951558974
2874.6250081665,94.1442194937
2875.3390233201,94.2023733412
2876.0530384736,94.1665999309
2876.7670536272,94.1236162427
2877.4810687807,94.1621217143
2878.1950839343,94.1695437909
2878.9090990878,94.2117594847
2879.6231142414,94.2702773371
2880.3371293949,94.2299927441
2881.0511445484,94.2150714822
2881.7651597020,94.2349714112
2882.4791748555,94.2279616098
2883.1931900091,94.1988727957
2883.9072051626,94.1369192793
2884.6212203162,94.1791655306
2885.3352354697,94.2424289213
2886.0492506232,94.1728664161
2886.7632657768,94.1936811958
2887.4772809303,94.2318317853
2888.1912960839,94.1482662413
2888.9053112374,94.2217845417
2889.6193263910,94.3223983824
2890.3333415445,94.2129835236
2891.0473566981,94.1641410989
2891.7613718516,94.2718893486
2892.4753870051,94.3735531903
2893.1894021587,94.3852345586
2893.9034173122,94.3033785682
2894.6174324658,94.2482394961
2895.3314476193,94.2558953356
2896.0454627729,94.2578290752
2896.7594779264,94.2594177397
2897.4734930799,94.2654398223
2898.1875082335,94.2638954223
2898.9015233870,94.2111598775
2899.6155385406,94.1691752739
2900.3295536941,94.2491828790
2901.0435688477,94.2276651171
2901.7575840012,94.0009039648
2902.4715991547,93.9146978321
2903.1856143083,94.0396885078
2903.8996294618,94.0906834194
2904.6136446154,93.9963460339
2905.3276597689,93.9623242763
2906.0416749225,94.0635288673
2906.7556900760,94.0737454778
2907.4697052296,93.9933537194
2908.1837203831,94.0228728192
2908.8977355366,94.0628334568
2909.6117506902,94.1062277799
2910.3257658437,94.2158403424
2911.0397809973,94.1986912602
2911.7537961508,94.1156633605
2912.4678113044,94.1246802882
2913.1818264579,94.1638892880
2913.8958416114,94.2616623066
2914.6098567650,94.2900802697
2915.3238719185,94.1623240171
2916.0378870721,94.1975263936
2916.7519022256,94.3760956211
2917.4659173792,94.3778431816
2918.1799325327,94.2936538624
2918.8939476863,94.2735036767
2919.6079628398,94.2657035030
2920.3219779933,94.2869688118
2921.0359931469,94.3201352213
2921.7500083004,94.2891840903
2922.4640234540,94.2693184981
2923.1780386075,94.3337631651
2923.8920537611,94.3535232331
2924.6060689146,94.2830298402
2925.3200840681,94.2780736900
2926.0340992217,94.3281191455
2926.7481143752,94.3073050930
2927.4621295288,94.3004809263
2928.1761446823,94.3756882423
2928.8901598359,94.3742292918
2929.6041749894,94.2778662171
2930.3181901429,94.2847992104
2931.0322052965,94.3421676932
2931.7462204500,94.3430370815
2932.4602356036,94.4436246338
2933.1742507571,94.5211479143
2933.8882659107,94.3865036772
2934.6022810642,94.3244574527
2935.3162962178,94.3815028114
2936.0303113713,94.3637805641
2936.7443265248,94.3748861517
2937.4583416784,94.3655349665
2938.1723568319,94.2869819477
2938.8863719855,94.3268403970
2939.6003871390,94.3915327107
2940.3144022926,94.3712600343
2941.0284174461,94.3502094152
2941.7424325996,94.3142663206
2942.4564477532,94.2693768809
2943.1704629067,94.1950384203
2943.8844780603,94.1312734366
2944.5984932138,94.2138304629
2945.3125083674,94.2750315597
2946.0265235209,94.2061332222
2946.7405386745,94.1600491872
2947.4545538280,94.1209896545
2948.1685689815,94.0934200145
2948.8825841351,94.0908973777
2949.5965992886,94.0578150130
2950.3106144422,94.0984271217
2951.0246295957,94.0947051676
2951.7386447493,93.9360281784
2952.4526599028,93.9014677210
2953.1666750563,93.9325016912
2953.8806902099,93.8277395651
2954.5947053634,93.7981892553
2955.3087205170,93.8533601795
2956.0227356705,93.8153593668
2956.7367508241,93.7817742312
2957.4507659776,93.8134204345
2958.1647811312,93.7990813125
2958.8787962847,93.7700693404
2959.5928114382,93.8309557193
2960.3068265918,93.8564030806
2961.0208417453,93.8129886025
2961.7348568989,93.8229253906
2962.4488720524,93.7370730039
2963.1628872060,93.6833435357
2963.8769023595,93.8727824059
2964.5909175130,93.8239119380
2965.3049326666,93.6214960278
2966.0189478201,93.8163468778
2966.7329629737,93.9263213490
2967.4469781272,93.7653835965
2968.1609932808,93.8345383834
2968.8750084343,93.9132802026
2969.5890235878,93.8912157035
2970.3030387414,93.9985201323
2971.0170538949,94.0096326156
2971.7310690485,94.0063157043
2972.4450842020,94.1901412248
2973.1590993556,94.2433274241
2973.8731145091,94.1413374297
2974.5871296627,94.1829358822
2975.3011448162,94.3183702406
2976.0151599697,94.3694842685
2976.7291751233,94.3815436233
2977.4431902768,94.4259057425
2978.1572054304,94.4282850898
2978.8712205839,94.4730433290
2979.5852357375,94.6486453703
2980.2992508910,94.7102675288
2981.0132660445,94.6771073656
2981.7272811981,94.7606252901
2982.4412963516,94.7434920391
2983.1553115052,94.6057583159
2983.8693266587,94.6407443002
2984.5833418123,94.7435348611
2985.2973569658,94.7647315873
2986.0113721194,94.7913899577
2986.7253872729,94.7970855829
2987.4394024264,94.7629051489
2988.1534175800,94.7682263551
2988.8674327335,94.7917305764
2989.5814478871,94.7931654456
2990.2954630406,94.8217607742
2991.0094781942,94.8807093288
2991.7234933477,94.8857390098
2992.4375085012,94.8558657629
2993.1515236548,94.8758852604
2993.8655388083,94.8871249902
2994.5795539619,94.8338627422
2995.2935691154,94.7871053665
2996.0075842690,94.7689710102
2996.7215994225,94.7741394352
2997.4356145760,94.8365255817
2998.1496297296,94.8811546139
2998.8636448831,94.8412180238
2999.5776600367,94.8503129481
3000.2916751902,94.9125689884
3001.0056903438,94.8379504183
3001.7197054973,94.7506608723
3002.4337206509,94.8470318983
3003.1477358044,94.9308761075
3003.8617509579,94.8800653862
3004.5757661115,94.8292930666
3005.2897812650,94.8327565964
3006.0037964186,94.9009210849
3006.7178115721,94.9600292292
3007.4318267257,94.9110544838
3008.1458418792,94.8809097474
3008.8598570327,94.9436881273
3009.5738721863,94.9748289746
3010.2878873398,94.9348997236
3011.0019024934,94.8862308783
3011.7159176469,94.8935957159
3012.4299328005,94.9786562413
3013.1439479540,95.0739832345
3013.8579631076,95.1014053676
3014.5719782611,95.0630841225
3015.2859934146,95.0508368954
3016.0000085682,95.0938361773
3016.7140237217,95.1128759881
3017.4280388753,95.1062607963
3018.1420540288,95.1262485390
3018.8560691824,95.1840914161
3019.5700843359,95.2176492793
3020.2840994894,95.1979112014
3020.9981146430,95.2582642335
3021.7121297965,95.3051128770
3022.4261449501,95.1784707811
3023.1401601036,95.1860189612
3023.8541752572,95.3450473112
3024.5681904107,95.3225842294
3025.2822055642,95.2870170018
3025.9962207178,95.3184489766
3026.7102358713,95.3001020565
3027.4242510249,95.3708836031
3028.1382661784,95.3672111302
3028.8522813320,95.2646767124
3029.5662964855,95.3721609492
3030.2803116391,95.4486047855
3030.9943267926,95.3833878421
3031.7083419461,95.4212277013
3032.4223570997,95.3717940549
3033.1363722532,95.2831180168
3033.8503874068,95.4113251029
3034.5644025603,95.5252372759
3035.2784177139,95.4627110614
3035.9924328674,95.3310128696
3036.7064480209,95.2910830483
3037.4204631745,95.3984211803
3038.1344783280,95.3823726262
3038.8484934816,95.2571807692
3039.5625086351,95.2650970798
3040.2765237887,95.2780662642
3040.9905389422,95.3121179161
3041.7045540958,95.3821918576
3042.4185692493,95.2765640203
3043.1325844028,95.2486067531
3043.8465995564,95.4049234355
3044.5606147099,95.3763630559
3045.2746298635,95.2808775220
3045.9886450170,95.2933758990
3046.7026601706,95.2047162442
3047.4166753241,95.1223564039
3048.1306904776,95.1519285563
3048.8447056312,95.0868618226
3049.5587207847,95.0055879178
3050.2727359383,95.0660030152
3050.9867510918,95.1096697340
3051.7007662454,95.0700489414
3052.4147813989,95.0411897906
3053.1287965524,95.0129575233
3053.8428117060,95.0282467536
3054.5568268595,95.0877330546
3055.2708420131,95.0225989358
3055.9848571666,94.9438659247
3056.6988723202,95.0203460786
3057.4128874737,95.0150758856
3058.1269026273,94.9466518325
3058.8409177808,95.0554521565
3059.5549329343,95.0779589370
3060.2689480879,94.9073099326
3060.9829632414,94.9327796139
3061.6969783950,95.1028644152
3062.4109935485,95.0811441171
3063.1250087021,94.9510860622
3063.8390238556,94.8954391619
3064.5530390091,94.9378487162
3065.2670541627,95.0413121260
3065.9810693162,95.0389207669
3066.6950844698,94.9039710711
3067.4090996233,94.8483741473
3068.1231147769,94.8908108100
3068.8371299304,94.9617911485
3069.5511450840,95.0413107978
3070.2651602375,94.9482771175
3070.9791753910,94.7501294819
3071.6931905446,94.7329831210
3072.4072056981,94.8131982820
3073.1212208517,94.8618168103
3073.8352360052,94.8784641232
3074.5492511588,94.7881397871
3075.2632663123,94.7539814269
3075.9772814658,94.8557604440
3076.6912966194,94.8649800716
3077.4053117729,94.8294890531
3078.1193269265,94.8709150659
3078.8333420800,94.9243385903
3079.5473572336,94.9632786300
3080.2613723871,94.9236606277
3080.9753875406,94.8843324656
3081.6894026942,94.9095415712
3082.4034178477,94.8518060379
3083.1174330013,94.8640588376
3083.8314481548,95.0038625589
3084.5454633084,94.9778751197
3085.2594784619,94.9226254407
3085.9734936155,94.9735080490
3086.6875087690,94.9379839404
3087.4015239225,94.9522214737
3088.1155390761,95.0616006136
3088.8295542296,95.0076933588
3089.5435693832,94.8710746037
3090.2575845367,94.8574334378
3090.9715996903,94.9104656160
3091.6856148438,94.9500560931
3092.3996299973,95.0189906491
3093.1136451509,95.0715398882
3093.8276603044,95.0053946748
3094.5416754580,94.9805996288
3095.2556906115,95.0264028021
3095.9697057651,94.9684175111
3096.6837209186,95.0224608754
3097.3977360722,95.1666333005
3098.1117512257,95.0594793975
3098.8257663792,94.9818341854
3099.5397815328,95.0681866180
3100.2537966863,95.0132833645
3100.9678118399,95.0361507752
3101.6818269934,95.1520872464
3102.3958421470,95.0024114075
3103.1098573005,94.9244170803
3103.8238724540,95.1533449313
3104.5378876076,95.2146057247
3105.2519027611,95.0311964656
3105.9659179147,94.9863995382
3106.6799330682,95.0511879017
3107.3939482218,95.0063693180
3108.1079633753,94.9870277525
3108.8219785289,95.0814108059
3109.5359936824,95.0957637748
3110.2500088359,95.0413951041
3110.9640239895,95.0636503949
3111.6780391430,95.1217528630
3112.3920542966,95.1273812436
3113.1060694501,95.0530769467
3113.8200846037,95.0174374947
3114.5340997572,95.0674373219
3115.2481149107,95.0589551908
3115.9621300643,95.0928690817
3116.6761452178,95.1793554548
3117.3901603714,95.0459336252
3118.1041755249,94.9206409350
3118.8181906785,95.0461473094
3119.5322058320,95.0704803912
3120.2462209855,94.9547120755
3120.9602361391,95.0020422456
3121.6742512926,95.1544366323
3122.3882664462,95.1909919412
3123.1022815997,95.1149713140
3123.8162967533,95.1483777882
3124.5303119068,95.2685347851
3125.2443270604,95.2112087078
3125.9583422139,95.0688472989
3126.6723573674,95.0426943363
3127.3863725210,95.0680687096
3128.1003876745,95.1081448822
3128.8144028281,95.1469422246
3129.5284179816,95.1890509458
3130.2424331352,95.2375564166
3130.9564482887,95.1647406813
3131.6704634422,95.0919872062
3132.3844785958,95.1759993038
3133.0984937493,95.2049498164
3133.8125089029,95.1759609686
3134.5265240564,95.2063153752
3135.2405392100,95.1540903407
3135.9545543635,95.1561373990
3136.6685695171,95.3297928272
3137.3825846706,95.3513438321
3138.0965998241,95.2263976934
3138.8106149777,95.2156039798
3139.5246301312,95.1873459699
3140.2386452848,95.0939624611
3140.9526604383,95.1266688760
3141.6666755919,95.2031686368
3142.3806907454,95.1801145965
3143.0947058989,95.1477328000
3143.8087210525,95.1655402095
3144.5227362060,95.1993401591
3145.2367513596,95.2247283015
3145.9507665131,95.2275863748
3146.6647816667,95.2433230534
3147.3787968202,95.2686935759
3148.0928119737,95.2555872864
3148.8068271273,95.2433123423
3149.5208422808,95.2267670345
3150.2348574344,95.1781265410
3150.9488725879,95.2129105257
3151.6628877415,95.2811055929
3152.3769028950,95.1993661098
3153.0909180486,95.1411112541
3153.8049332021,95.2669888008
3154.5189483556,95.3315232577
3155.2329635092,95.2760859121
3155.9469786627,95.2948147278
3156.6609938163,95.3096771478
3157.3750089698,95.2569979558
3158.0890241234,95.2635033802
3158.8030392769,95.2749416635
3159.5170544304,95.2494745186
3160.2310695840,95.2724069231
3160.9450847375,95.2926910064
3161.6590998911,95.2835927850
3162.3731150446,95.2485002269
3163.0871301982,95.1533803895
3163.8011453517,95.1517489997
3164.5151605053,95.2897992113
3165.2291756588,95.3389956869
3165.9431908123,95.2696297173
3166.6572059659,95.2526890322
3167.3712211194,95.2998555389
3168.0852362730,95.2354857230
3168.7992514265,95.0995280990
3169.5132665801,95.2019177777
3170.2272817336,95.3961107476
3170.9412968871,95.3466790502
3171.6553120407,95.2788267856
3172.3693271942,95.2662219973
3173.0833423478,95.1583478023
3173.7973575013,95.1462837993
3174.5113726549,95.1893486910
3175.2253878084,95.1747857100
3175.9394029619,95.2656319008
3176.6534181155,95.3083518451
3177.3674332690,95.2396871110
3178.0814484226,95.2832476822
3178.7954635761,95.3353733487
3179.5094787297,95.2977545806
3180.2234938832,95.2375743041
3180.9375090368,95.1984479996
3181.6515241903,95.2448009756
3182.3655393438,95.2648097857
3183.0795544974,95.2730063982
3183.7935696509,95.3617341497
3184.5075848045,95.3124832555
3185.2215999580,95.1962697976
3185.9356151116,95.1852397575
3186.6496302651,95.1694474006
3187.3636454186,95.2463723330
3188.0776605722,95.2730969319
3188.7916757257,95.1165681843
3189.5056908793,95.1584547931
3190.2197060328,95.2002776644
3190.9337211864,95.0414343014
3191.6477363399,95.1401383273
3192.3617514935,95.2827315678
3193.0757666470,95.2334216988
3193.7897818005,95.3050612821
3194.5037969541,95.2835059858
3195.2178121076,95.1455399084
3195.9318272612,95.1871761986
3196.6458424147,95.2124286217
3197.3598575683,95.2382494653
3198.0738727218,95.3019545779
3198.7878878753,95.2127399146
3199.5019030289,95.2206777640
3200.2159181824,95.3019174603
3200.9299333360,95.1755401632
3201.6439484895,95.0943883695
3202.3579636431,95.1670359577
3203.0719787966,95.2341746856
3203.7859939501,95.2373230385
3204.5000091037,95.1390716765
3205.2140242572,95.1709711136
3205.9280394108,95.3342179281
3206.6420545643,95.2938149805
3207.3560697179,95.2192008385
3208.0700848714,95.2214482359
3208.7841000250,95.1405036475
3209.4981151785,95.1986341985
3210.2121303320,95.2979074612
3210.9261454856,95.1751486229
3211.6401606391,95.1569420146
3212.3541757927,95.2551057654
3213.0681909462,95.2412597683
3213.7822060998,95.2743069994
3214.4962212533,95.2529618874
3215.2102364068,95.1468974183
3215.9242515604,95.2044488594
3216.6382667139,95.1864590916
3217.3522818675,95.0348863727
3218.0662970210,95.0297339779
3218.7803121746,95.0019697178
3219.4943273281,94.9849802331
3220.2083424817,95.1183065584
3220.9223576352,95.1026255940
3221.6363727887,95.0586041332
3222.3503879423,95.1093608232
3223.0644030958,94.9735583324
3223.7784182494,94.9311156350
3224.4924334029,95.0885360055
3225.2064485565,95.0399575933
3225.9204637100,95.0207608168
3226.6344788635,95.1588897254
3227.3484940171,95.0651354366
3228.0625091706,94.8847863493
3228.7765243242,94.8648391385
3229.4905394777,94.8890595254
3230.2045546313,94.9192242796
3230.9185697848,94.9437964092
3231.6325849384,94.9584851512
3232.3466000919,94.9433441861
3233.0606152454,94.9065434277
3233.7746303990,94.9249144842
3234.4886455525,94.8373867193
3235.2026607061,94.7155163419
3235.9166758596,94.8436075156
3236.6306910132,94.8501675795
3237.3447061667,94.6053251562
3238.0587213202,94.6669841899
3238.7727364738,94.8804624550
3239.4867516273,94.8169589542
3240.2007667809,94.7000965157
3240.9147819344,94.6697301348
3241.6287970880,94.6889591488
3242.3428122415,94.7842203474
3243.0568273950,94.7417131836
3243.7708425486,94.5899541994
3244.4848577021,94.6681271633
3245.1988728557,94.7533032464
3245.9128880092,94.5689776216
3246.6269031628,94.5990877097
3247.3409183163,94.8769754141
3248.0549334699,94.7746142182
3248.7689486234,94.5579576127
3249.4829637769,94.6911168418
3250.1969789305,94.7489385441
3250.9109940840,94.6545935948
3251.6250092376,94.6677469182
3252.3390243911,94.5898229275
3253.0530395447,94.5208145198
3253.7670546982,94.5933094887
3254.4810698517,94.5180407108
3255.1950850053,94.4459630440
3255.9091001588,94.5692728680
3256.6231153124,94.6024057048
3257.3371304659,94.5348381421
3258.0511456195,94.5445933451
3258.7651607730,94.5605305214
3259.4791759266,94.5435426991
3260.1931910801,94.5664788138
3260.9072062336,94.6471032517
3261.6212213872,94.6531723225
3262.3352365407,94.5163197044
3263.0492516943,94.4349454738
3263.7632668478,94.4875943556
3264.4772820014,94.5166941365
3265.1912971549,94.5075049615
3265.9053123084,94.4836140692
3266.6193274620,94.4628029950
3267.3333426155,94.5649478093
3268.0473577691,94.6224528880
3268.7613729226,94.4577253871
3269.4753880762,94.4550358221
3270.1894032297,94.6699069326
3270.9034183832,94.6213865914
3271.6174335368,94.5173549641
3272.3314486903,94.6426007567
3273.0454638439,94.5969993275
3273.7594789974,94.4633964703
3274.4734941510,94.5366279370
3275.1875093045,94.5242533280
3275.9015244581,94.4586352874
3276.6155396116,94.5351449247
3277.3295547651,94.5654080632
3278.0435699187,94.5524998316
3278.7575850722,94.5599846111
3279.4716002258,94.5535714388
3280.1856153793,94.5437962186
3280.8996305329,94.4763913331
3281.6136456864,94.4968594670
3282.3276608399,94.6118655682
3283.0416759935,94.5607751734
3283.7556911470,94.5446223838
3284.4697063006,94.6664655917
3285.1837214541,94.6686692657
3285.8977366077,94.6608230291
3286.6117517612,94.6551822882
3287.3257669148,94.5250320419
3288.0397820683,94.4345379916
3288.7537972218,94.4208696608
3289.4678123754,94.4756447634
3290.1818275289,94.5687777547
3290.8958426825,94.5623235035
3291.6098578360,94.5883795371
3292.3238729896,94.6684567123
3293.0378881431,94.6878423078
3293.7519032966,94.7149013140
3294.4659184502,94.6619782290
3295.1799336037,94.6390785548
3295.8939487573,94.7440846839
3296.6079639108,94.6304587631
3297.3219790644,94.4848430054
3298.0359942179,94.5879872090
3298.7500093714,94.6033509837
3299.4640245250,94.5903276483
3300.1780396785,94.6755053652
3300.8920548321,94.6591366841
3301.6060699856,94.6281502267
3302.3200851392,94.5736247573
3303.0341002927,94.5235491925
3303.7481154463,94.6556610445
3304.4621305998,94.7241533172
3305.1761457533,94.6991437468
3305.8901609069,94.7449621408
3306.6041760604,94.6881601005
3307.3181912140,94.6395360779
3308.0322063675,94.6972268845
3308.7462215211,94.6725066258
3309.4602366746,94.6356913284
3310.1742518281,94.5977281318
3310.8882669817,94.5658553653
3311.6022821352,94.6611248749
3312.3162972888,94.7095304452
3313.0303124423,94.6929438960
3313.7443275959,94.7016741812
3314.4583427494,94.6924807667
3315.1723579030,94.8217661515
3315.8863730565,94.9027323705
3316.6003882100,94.7270092111
3317.3144033636,94.7221530437
3318.0284185171,94.7970004849
3318.7424336707,94.6081088106
3319.4564488242,94.5960144580
3320.1704639778,94.8051005433
3320.8844791313,94.7905685292
3321.5984942848,94.7007943143
3322.3125094384,94.7150283778
3323.0265245919,94.7250145226
3323.7405397455,94.7595605351
3324.4545548990,94.7905092281
3325.1685700526,94.7600452501
3325.8825852061,94.7627522472
3326.5966003596,94.8207076176
3327.3106155132,94.8235214908
3328.0246306667,94.6927267051
3328.7386458203,94.5540603160
3329.4526609738,94.6159931750
3330.1666761274,94.7904533437
3330.8806912809,94.8487455653
3331.5947064345,94.7847664232
3332.3087215880,94.7042365278
3333.0227367415,94.7132493151
3333.7367518951,94.8165223526
3334.4507670486,94.8602766069
3335.1647822022,94.8290051869
3335.8787973557,94.8114929096
3336.5928125093,94.7776009019
3337.3068276628,94.7412448213
3338.0208428163,94.6840122562
3338.7348579699,94.6273341528
3339.4488731234,94.7288855668
3340.1628882770,94.7877179838
3340.8769034305,94.6603313368
3341.5909185841,94.7202782627
3342.3049337376,94.8940434111
3343.0189488912,94.8313272926
3343.7329640447,94.7707268969
3344.4469791982,94.8559994340
3345.1609943518,94.8825493358
3345.8750095053,94.8384393220
3346.5890246589,94.8281658202
3347.3030398124,94.8740316092
3348.0170549660,94.8864824291
3348.7310701195,94.8824467726
3349.4450852730,94.9111338362
3350.1591004266,94.8159912791
3350.8731155801,94.7481908708
3351.5871307337,94.8501260070
3352.3011458872,94.8216997771
3353.0151610408,94.8028690993
3353.7291761943,94.8955944331
3354.4431913478,94.7389180843
3355.1572065014,94.6460519377
3355.8712216549,94.8437993205
3356.5852368085,94.8571859500
3357.2992519620,94.7247412121
3358.0132671156,94.6796266304
3358.7272822691,94.7031874995
3359.4412974227,94.8188480804
3360.1553125762,94.8392335806
3360.8693277297,94.7666586028
3361.5833428833,94.8035591471
3362.2973580368,94.8566135225
3363.0113731904,94.8513784995
3363.7253883439,94.7505654482
3364.4394034975,94.6949432469
3365.1534186510,94.8483155836
3365.8674338045,94.8639555184
3366.5814489581,94.7723087149
3367.2954641116,94.8475650335
3368.0094792652,94.8437000977
3368.7234944187,94.8604897034
3369.4375095723,94.9194271332
3370.1515247258,94.8256735334
3370.8655398794,94.9351751227
3371.5795550329,94.9560473918
3372.2935701864,94.6760677923
3373.0075853400,94.8087039894
3373.7216004935,94.9422724139
3374.4356156471,94.7128041782
3375.1496308006,94.8114633318
3375.8636459542,94.8573544653
3376.5776611077,94.7002597387
3377.2916762612,94.9382991038
3378.0056914148,95.0216982875
3378.7197065683,94.8070316083
3379.4337217219,94.8296386462
3380.1477368754,94.8348851534
3380.8617520290,94.8435731207
3381.5757671825,94.9343987444
3382.2897823361,94.8187986633
3383.0037974896,94.7838350333
3383.7178126431,94.8459765091
3384.4318277967,94.7263300008
3385.1458429502,94.7454521202
3385.8598581038,94.9211430614
3386.5738732573,94.9452840309
3387.2878884109,94.8724207813
3388.0019035644,94.8268043000
3388.7159187179,94.8771146380
3389.4299338715,94.9293449061
3390.1439490250,94.8634609369
3390.8579641786,94.8515215929
3391.5719793321,94.9376248531
3392.2859944857,94.9461484993
3393.0000096392,94.8863518555
3393.7140247927,94.8789726795
3394.4280399463,94.8577131425
3395.1420550998,94.7523736448
3395.8560702534,94.7628170079
3396.5700854069,94.8797453928
3397.2841005605,94.8653398336
3397.9981157140,94.8972960558
3398.7121308676,94.9789647725
3399.4261460211,94.8718348917
3400.1401611746,94.8847164114
3400.8541763282,95.0513360047
3401.5681914817,95.0111066211
3402.2822066353,94.9237423541
3402.9962217888,94.8797139394
3403.7102369424,94.8062211210
3404.4242520959,94.8146041505
3405.1382672494,94.7714482149
3405.8522824030,94.7305510778
3406.5662975565,94.8393044084
3407.2803127101,94.8175973981
3407.9943278636,94.6949349811
3408.7083430172,94.6867503793
3409.4223581707,94.7384705139
3410.1363733243,94.8828667439
3410.8503884778,94.9253709124
3411.5644036313,94.7899231861
3412.2784187849,94.8747890427
3412.9924339384,94.9979230099
3413.7064490920,94.8436007641
3414.4204642455,94.7622319805
3415.1344793991,94.8174310256
3415.8484945526,94.8507525307
3416.5625097061,94.8730701787
3417.2765248597,94.7277240592
3417.9905400132,94.6323081156
3418.7045551668,94.8227053505
3419.4185703203,94.7910476963
3420.1325854739,94.5277577527
3420.8466006274,94.6235887408
3421.5606157809,94.8299942680
3422.2746309345,94.7795606672
3422.9886460880,94.7133471509
3423.7026612416,94.7024582948
3424.4166763951,94.6744552480
3425.1306915487,94.6944247224
3425.8447067022,94.7583244731
3426.5587218558,94.8339155190
3427.2727370093,94.8340758417
3427.9867521628,94.7682455487
3428.7007673164,94.7695856255
3429.4147824699,94.7318465215
3430.1287976235,94.6865597929
3430.8428127770,94.8124648498
3431.5568279306,94.8214145271
3432.2708430841,94.6259990115
3432.9848582376,94.5665963131
3433.6988733912,94.6632021275
3434.4128885447,94.8279667204
3435.1269036983,94.9395210580
3435.8409188518,94.7982213922
3436.5549340054,94.6398708128
3437.2689491589,94.6597310689
3437.9829643125,94.7151719837
3438.6969794660,94.7252983497
3439.4109946195,94.6335777401
3440.1250097731,94.7223205956
3440.8390249266,95.0304437653
3441.5530400802,94.8955264414
3442.2670552337,94.6495659009
3442.9810703873,94.9247539889
3443.6950855408,94.9353173680
3444.4091006943,94.6591472939
3445.1231158479,94.7950448733
3445.8371310014,94.8314122537
3446.5511461550,94.7098911436
3447.2651613085,95.0491328257
3447.9791764621,95.2418866440
3448.6931916156,94.9979009776
3449.4072067691,94.9010977589
3450.1212219227,94.9839170511
3450.8352370762,94.9594048288
3451.5492522298,94.8147842749
3452.2632673833,94.7850337682
3452.9772825369,94.9915642619
3453.6912976904,95.0903569084
3454.4053128440,94.9384842857
3455.1193279975,94.8415042001
3455.8333431510,94.8781992771
3456.5473583046,94.9816359258
3457.2613734581,95.0786723112
3457.9753886117,95.0402966734
3458.6894037652,94.9602526954
3459.4034189188,94.9909079489
3460.1174340723,95.0560478337
3460.8314492258,95.0253857620
3461.5454643794,94.9667035938
3462.2594795329,95.0002797317
3462.9734946865,94.9675315271
3463.6875098400,94.8458035067
3464.4015249936,94.8691967395
3465.1155401471,94.9224666954
3465.8295553007,94.9508184350
3466.5435704542,95.1364134060
3467.2575856077,95.2039298189
3467.9716007613,95.0103598400
3468.6856159148,94.8900870107
3469.3996310684,94.9079001619
3470.1136462219,94.9743972839
3470.8276613755,95.0610627498
3471.5416765290,95.1573491303
3472.2556916825,95.2295021139
3472.9697068361,95.1100635856
3473.6837219896,94.9789373068
3474.3977371432,95.0482867639
3475.1117522967,95.0046582300
3475.8257674503,94.9628940818
3476.5397826038,95.1683756841
3477.2537977573,95.2045892277
3477.9678129109,95.0224154528
3478.6818280644,94.9311328335
3479.3958432180,94.9114485877
3480.1098583715,94.9042646125
3480.8238735251,94.8616623245
3481.5378886786,94.9375362829
3482.2519038322,95.1300689451
3482.9659189857,95.0776727399
3483.6799341392,95.0961792709
3484.3939492928,95.2485694560
3485.1079644463,95.0641664213
3485.8219795999,95.0430322192
3486.5359947534,95.2519505991
3487.2500099070,95.0307720582
3487.9640250605,94.9046508874
3488.6780402140,95.1591396669
3489.3920553676,95.2078784850
3490.1060705211,95.1164733857
3490.8200856747,95.0153134675
3491.5341008282,95.0473811370
3492.2481159818,95.2310062151
3492.9621311353,95.1654902702
3493.6761462889,95.0804279399
3494.3901614424,95.1351589849
3495.1041765959,95.0689524863
3495.8181917495,95.1365268384
3496.5322069030,95.1274793379
3497.2462220566,94.9093610350
3497.9602372101,95.0569340966
3498.6742523637,95.2253520897
3499.3882675172,95.1258308055
3500.1022826707,95.1364314562
3500.8162978243,95.0654660044
3501.5303129778,94.9900142742
3502.2443281314,95.1503934344
3502.9583432849,95.2371002989
3503.6723584385,95.2241064260
3504.3863735920,95.1788857863
3505.1003887456,95.2161674152
3505.8144038991,95.2540552047
3506.5284190526,94.9736846627
3507.2424342062,95.0324489471
3507.9564493597,95.3914392565
3508.6704645133,95.0500816840
3509.3844796668,94.8238598070
3510.0984948204,95.2336600510
3510.8125099739,95.1835927887
3511.5265251274,95.0060828678
3512.2405402810,94.9734507266
3512.9545554345,94.8942563688
3513.6685705881,95.1626185001
3514.3825857416,95.2857220209
3515.0966008952,95.0962401141
3515.8106160487,95.1840204594
3516.5246312022,95.1409180188
3517.2386463558,95.0223568879
3517.9526615093,95.2113315236
3518.6666766629,95.2153529746
3519.3806918164,95.1193995784
3520.0947069700,95.0817009944
3520.8087221235,94.9387830944
3521.5227372771,94.9818322358
3522.2367524306,95.0400291426
3522.9507675841,94.9487585993
3523.6647827377,95.0153417165
3524.3787978912,95.0179130441
3525.0928130448,94.9316127688
3525.8068281983,94.9620778990
3526.5208433519,95.1009548899
3527.2348585054,95.3033031568
3527.9488736589,95.1397314839
3528.6628888125,94.8853632555
3529.3769039660,95.1020002827
3530.0909191196,95.1810551133
3530.8049342731,95.0522465569
3531.5189494267,95.2080349400
3532.2329645802,95.2412109465
3532.9469797338,95.0451644887
3533.6609948873,95.0232907559
3534.3750100408,95.2047501364
3535.0890251944,95.2640533795
3535.8030403479,94.9621511576
3536.5170555015,94.8547483732
3537.2310706550,95.1330670053
3537.9450858086,95.0608264864
3538.6591009621,94.9328430657
3539.3731161156,95.0643275257
3540.0871312692,95.0229122285
3540.8011464227,95.0075809951
3541.5151615763,95.0010140331
3542.2291767298,94.9956751103
3542.9431918834,95.2659167126
3543.6572070369,95.2569120472
3544.3712221904,94.9307927349
3545.0852373440,95.0441230986
3545.7992524975,95.2530731894
3546.5132676511,95.1668555257
3547.2272828046,95.1902366263
3547.9412979582,95.1737741426
3548.6553131117,95.0317832202
3549.3693282653,95.0452045601
3550.0833434188,95.0786520543
3550.7973585723,95.0077709816
3551.5113737259,95.0630111624
3552.2253888794,95.1854038593
3552.9394040330,95.0975590939
3553.6534191865,95.0545602267
3554.3674343401,95.1047797696
3555.0814494936,95.0490644144
3555.7954646471,95.1117788727
3556.5094798007,95.2116039447
3557.2234949542,95.1504041667
3557.9375101078,95.3031445908
3558.6515252613,95.4294325396
3559.3655404149,95.2310719308
3560.0795555684,95.1420679782
3560.7935707220,95.1126323944
3561.5075858755,95.0740761520
3562.2216010290,95.2260950477
3562.9356161826,95.1417798336
3563.6496313361,95.1255259702
3564.3636464897,95.4605218292
3565.0776616432,95.3247323799
3565.7916767968,95.1197561638
3566.5056919503,95.5527521414
3567.2197071038,95.4553433159
3567.9337222574,95.3283504288
3568.6477374109,95.6475494264
3569.3617525645,95.2902840458
3570.0757677180,95.0497183155
3570.7897828716,95.3460166679
3571.5037980251,95.2619316329
3572.2178131786,95.1395058538
3572.9318283322,95.3592528029
3573.6458434857,95.2111128921
3574.3598586393,95.1089597826
3575.0738737928,95.4226482297
3575.7878889464,95.3454602123
3576.5019040999,95.1444258091
3577.2159192535,95.2737459440
3577.9299344070,95.2515586683
3578.6439495605,95.1741256524
3579.3579647141,95.2571881261
3580.0719798676,95.2906208108
3580.7859950212,95.2829684268
3581.5000101747,95.2005013330
3582.2140253283,95.1883005331
3582.9280404818,95.2662838542
3583.6420556353,95.1226187793
3584.3560707889,95.2643571309
3585.0700859424,95.4901914408
3585.7841010960,95.0599567990
3586.4981162495,95.1085036457
3587.2121314031,95.8180541155
3587.9261465566,95.3264274218
3588.6401617102,95.1700167094
3589.3541768637,95.6099425784
3590.0681920172,95.0929126865
3590.7822071708,95.0351005805
3591.4962223243,95.4795225977
3592.2102374779,95.2325862035
3592.9242526314,95.2466894460
3593.6382677850,95.5929083729
3594.3522829385,95.3545448064
3595.0662980920,95.2597694106
3595.7803132456,95.3214731313
3596.4943283991,95.3034441929
3597.2083435527,95.4166203343
3597.9223587062,95.3101089851
3598.6363738598,95.3076137299
3599.3503890133,95.4775018717
3600.0644041668,95.2896898259
3600.7784193204,95.2678086560
3601.4924344739,95.4261035005
3602.2064496275,95.3273006068
3602.9204647810,95.4258455529
3603.6344799346,95.3848931218
3604.3484950881,95.1527162495
3605.0625102417,95.4000971333
3605.7765253952,95.4475381243
3606.4905405487,94.9663226460
3607.2045557023,95.1457450539
3607.9185708558,95.5263156937
3608.6325860094,95.2339790048
3609.3466011629,95.2197747202
3610.0606163165,95.7062734269
3610.7746314700,95.5412697629
3611.4886466235,95.2304565464
3612.2026617771,95.2464046330
3612.9166769306,95.5267099520
3613.6306920842,95.6175332495
3614.3447072377,95.3583043788
3615.0587223913,95.2320128230
3615.7727375448,95.4839580557
3616.4867526984,95.2786840082
3617.2007678519,95.1599691085
3617.9147830054,95.7690213766
3618.6287981590,95.5549571026
3619.3428133125,95.2912910127
3620.0568284661,95.6937327307
3620.7708436196,95.1845027154
3621.4848587732,95.1456362537
3622.1988739267,95.7051003634
3622.9128890802,95.2566443042
3623.6269042338,95.0439801466
3624.3409193873,95.4275817128
3625.0549345409,95.1723998191
3625.7689496944,95.1325643999
3626.4829648480,95.3322840213
3627.1969800015,95.1953010236
3627.9109951551,95.4178649509
3628.6250103086,95.2002252617
3629.3390254621,95.0705793473
3630.0530406157,95.9851620282
3630.7670557692,95.5473884859
3631.4810709228,95.1216280655
3632.1950860763,95.3717697885
3632.9091012299,95.2696544084
3633.6231163834,95.2938362170
3634.3371315369,95.6493972521
3635.0511466905,95.3955792309
3635.7651618440,95.2145490257
3636.4791769976,95.1723086775
3637.1931921511,95.1449229423
3637.9072073047,95.4726463627
3638.6212224582,95.5731021598
3639.3352376117,95.3094759333
3640.0492527653,95.2368925934
3640.7632679188,95.3009179972
3641.4772830724,95.2118993969
3642.1912982259,95.0809347264
3642.9053133795,95.3290350638
3643.6193285330,95.3427850186
3644.3333436866,94.9959689265
3645.0473588401,95.3158155465
3645.7613739936,95.3716956459
3646.4753891472,94.6829299574
3647.1894043007,95.6947580780
3647.9034194543,96.1959510313
3648.6174346078,94.9685651839
3649.3314497614,95.3711541133
3650.0454649149,96.1357996792
3650.7594800684,95.2450239476
3651.4734952220,95.6554176202
3652.1875103755,95.9199015271
3652.9015255291,95.3799124881
3653.6155406826,95.2720535205
3654.3295558362,95.4422733834
3655.0435709897,95.4256204201
3655.7575861433,95.3197890764
3656.4716012968,95.4354355735
3657.1856164503,95.6435716499
3657.8996316039,95.4083062555
3658.6136467574,95.2439458684
3659.3276619110,95.2461075332
3660.0416770645,95.2549907088
3660.7556922181,95.4033110105
3661.4697073716,95.4127601211
3662.1837225251,95.3269500806
3662.8977376787,95.4455902251
3663.6117528322,95.3188387730
3664.3257679858,95.2365151733
3665.0397831393,95.4036603409
3665.7537982929,95.2538723353
3666.4678134464,95.3491984440
3667.1818285999,95.4970717048
3667.8958437535,95.1268668760
3668.6098589070,95.3628610380
3669.3238740606,95.6766288445
3670.0378892141,95.1234784723
3670.7519043677,95.3787091747
3671.4659195212,95.5822728633
3672.1799346748,95.2079300733
3672.8939498283,95.4919160602
3673.6079649818,95.5174610718
3674.3219801354,95.1489835902
3675.0359952889,95.7041349559
3675.7500104425,96.1215860881
3676.4640255960,95.8075026434
3677.1780407496,95.7244914562
3677.8920559031,95.4826084722
3678.6060710566,95.4968956334
3679.3200862102,95.6148141408
3680.0341013637,95.5652092848
3680.7481165173,95.5727801595
3681.4621316708,95.3993231370
3682.1761468244,95.3264348408
3682.8901619779,95.3859993473
3683.6041771315,95.2088171766
3684.3181922850,95.3349308540
3685.0322074385,95.3844864517
3685.7462225921,95.0960849914
3686.4602377456,95.3864581361
3687.1742528992,95.5620940054
3687.8882680527,94.9725409415
3688.6022832063,95.3577483832
3689.3162983598,95.8574583403
3690.0303135133,95.4778512604
3690.7443286669,95.3104427296
3691.4583438204,95.4935117012
3692.1723589740,95.5596765303
3692.8863741275,95.6023991989
3693.6003892811,95.5693055370
3694.3144044346,95.4761408515
3695.0284195881,95.4512286770
3695.7424347417,95.4002162219
3696.4564498952,95.2739520184
3697.1704650488,95.2771672689
3697.8844802023,95.4188112402
3698.5984953559,95.2670313879
3699.3125105094,95.1938834214
3700.0265256630,95.5718073207
3700.7405408165,95.6399308855
3701.4545559700,95.3179111610
3702.1685711236,95.4493240119
3702.8825862771,95.5832823437
3703.5966014307,95.5026193028
3704.3106165842,95.3712557920
3705.0246317378,95.2675815476
3705.7386468913,95.3779629518
3706.4526620448,95.4166037505
3707.1666771984,95.3591161965
3707.8806923519,95.4730009598
3708.5947075055,95.4308100513
3709.3087226590,95.4844731809
3710.0227378126,95.8821253065
3710.7367529661,95.6538041122
3711.4507681197,95.2208518808
3712.1647832732,95.5868108319
3712.8787984267,96.0208192019
3713.5928135803,95.6634775170
3714.3068287338,95.4026416994
3715.0208438874,95.4456715578
3715.7348590409,95.5392253016
3716.4488741945,95.5092807424
3717.1628893480,95.4862748528
3717.8769045015,95.4566132025
3718.5909196551,95.4104310638
3719.3049348086,95.4281506533
3720.0189499622,95.4965726509
3720.7329651157,95.4578205717
3721.4469802693,95.1897179723
3722.1609954228,95.2115499839
3722.8750105763,95.7351969076
3723.5890257299,95.6312866421
3724.3030408834,95.4968259857
3725.0170560370,95.7872200054
3725.7310711905,95.6711162101
3726.4450863441,95.4595995762
3727.1591014976,95.6108423352
3727.8731166512,95.5507818873
3728.5871318047,95.5090447752
3729.3011469582,95.3790824507
3730.0151621118,95.2631094119
3730.7291772653,95.4562064107
3731.4431924189,95.3014868158
3732.1572075724,95.4128881464
3732.8712227260,96.1596719502
3733.5852378795,95.4789808554
3734.2992530330,95.0837974930
3735.0132681866,96.3280825257
3735.7272833401,95.9203050261
3736.4412984937,95.8184150985
3737.1553136472,96.3969594974
3737.8693288008,95.6674081899
3738.5833439543,95.5723627213
3739.2973591079,95.7668039173
3740.0113742614,95.4507921510
3740.7253894149,95.5603640288
3741.4394045685,95.6528400860
3742.1534197220,95.4849673219
3742.8674348756,95.7187835745
3743.5814500291,95.3693963859
3744.2954651827,93.0038947880
3745.0094803362,96.3465456251
3745.7234954897,95.9347060866
3746.4375106433,95.3060815263
3747.1515257968,95.4306260610
3747.8655409504,95.7810025179
3748.5795561039,95.6131573444
3749.2935712575,95.1267283483
3750.0075864110,96.1899101945
3750.7216015645,96.1906427778
3751.4356167181,95.4227227896
3752.1496318716,95.0427497034
3752.8636470252,95.6636250944
3753.5776621787,95.4767583773
3754.2916773323,95.5127970880
3755.0056924858,95.4081548370
3755.7197076394,95.2031031704
3756.4337227929,95.4189950493
3757.1477379464,95.4660010615
3757.8617531000,95.4312118481
3758.5757682535,95.4832717908
3759.2897834071,95.2102063624
3760.0037985606,95.2678080638
3760.7178137142,95.3851436817
3761.4318288677,95.2904732869
3762.1458440212,95.3973549411
3762.8598591748,95.2246257988
3763.5738743283,95.2591021888
3764.2878894819,95.5463712133
3765.0019046354,95.1026954580
3765.7159197890,95.1341462300
3766.4299349425,95.5788986213
3767.1439500961,95.1179543005
3767.8579652496,95.2517829673
3768.5719804031,95.4396266331
3769.2859955567,95.0094450229
3770.0000107102,95.6072207336
3770.7140258638,95.7368150980
3771.4280410173,95.1685318664
3772.1420561709,95.2711039220
3772.8560713244,95.2284873865
3773.5700864779,95.1305949118
3774.2841016315,95.3671341884
3774.9981167850,95.2915952037
3775.7121319386,95.3412542299
3776.4261470921,95.3536081053
3777.1401622457,95.2337597041
3777.8541773992,95.4877342665
3778.5681925528,95.4307072424
3779.2822077063,95.1252552898
3779.9962228598,95.5337589916
3780.7102380134,95.5275603045
3781.4242531669,95.3227832831
3782.1382683205,95.4365816061
3782.8522834740,95.4248242774
3783.5662986276,95.3662445734
3784.2803137811,95.3839525871
3784.9943289346,95.4239210397
3785.7083440882,95.4735951411
3786.4223592417,95.3507356652
3787.1363743953,95.3444997523
3787.8503895488,95.4498017840
3788.5644047024,95.3899305703
3789.2784198559,95.5113342227
3789.9924350094,95.5971232001
3790.7064501630,95.3927535471
3791.4204653165,95.3831751956
3792.1344804701,95.4378819693
3792.8484956236,95.3553854460
3793.5625107772,95.3328555902
3794.2765259307,95.3890340963
3794.9905410843,95.5411139323
3795.7045562378,95.4502888998
3796.4185713913,95.2652774552
3797.1325865449,95.7044931849
3797.8466016984,95.6358217663
3798.5606168520,95.3195604039
3799.2746320055,95.5152171479
3799.9886471591,95.5113045912
3800.7026623126,95.3262765312
3801.4166774661,95.7392719265
3802.1306926197,95.6353811101
3802.8447077732,95.5632289275
3803.5587229268,95.6468764372
3804.2727380803,95.3650013447
3804.9867532339,95.4354626102
3805.7007683874,95.6587270462
3806.4147835410,95.4854002764
3807.1287986945,95.8108536054
3807.8428138480,95.9881552915
3808.5568290016,95.6090213484
3809.2708441551,95.5136779494
3809.9848593087,95.4784969215
3810.6988744622,95.3226689108
3811.4128896158,95.5365440076
3812.1269047693,95.7181476682
3812.8409199228,95.4672612007
3813.5549350764,95.5567283107
3814.2689502299,95.8358254619
3814.9829653835,95.4281603068
3815.6969805370,94.7722688075
3816.4109956906,96.0155311843
3817.1250108441,96.1069985629
3817.8390259976,95.5562670348
3818.5530411512,95.5641896802
3819.2670563047,95.7149533506
3819.9810714583,95.7123075033
3820.6950866118,95.8523890353
3821.4091017654,95.8067984898
3822.1231169189,95.9435682976
3822.8371320725,95.9495366597
3823.5511472260,95.4743314757
3824.2651623795,95.2231115738
3824.9791775331,95.5373907529
3825.6931926866,95.8440890365
3826.4072078402,95.8901723729
3827.1212229937,95.6775326073
3827.8352381473,95.7257085313
3828.5492533008,95.8948494397
3829.2632684543,95.7249349011
3829.9772836079,95.5071554022
3830.6912987614,95.5004814662
3831.4053139150,95.6943441174
3832.1193290685,95.8336571005
3832.8333442221,95.5896968474
3833.5473593756,95.6104358113
3834.2613745292,95.5966186532
3834.9753896827,95.2118358120
3835.6894048362,95.8086214488
3836.4034199898,95.9553163846
3837.1174351433,95.2738635000
3837.8314502969,95.6584385655
3838.5454654504,96.2882611043
3839.2594806040,95.7081135787
3839.9734957575,95.7212137562
3840.6875109110,95.7240257830
3841.4015260646,95.8454762744
3842.1155412181,96.2848918467
3842.8295563717,95.8369754120
3843.5435715252,95.5007250880
3844.2575866788,96.2320965564
3844.9716018323,95.9591220052
3845.6856169858,95.5597389523
3846.3996321394,95.3898188325
3847.1136472929,95.2271569635
3847.8276624465,95.7066190835
3848.5416776000,95.5451535025
3849.2556927536,94.8934265278
3849.9697079071,95.7915373038
3850.6837230607,95.8906116127
3851.3977382142,94.4536683635
3852.1117533677,95.2979245425
3852.8257685213,96.6388050790
3853.5397836748,95.3737515049
3854.2537988284,95.3913580994
3854.9678139819,96.6996076733
3855.6818291355,95.9682505679
3856.3958442890,95.7215691556
3857.1098594425,95.8060414318
3857.8238745961,95.8922100406
3858.5378897496,95.8902758247
3859.2519049032,95.7298850322
3859.9659200567,95.7285596915
3860.6799352103,95.7468387462
3861.3939503638,95.4842397186
3862.1079655174,95.4247299887
3862.8219806709,95.6170472763
3863.5359958244,95.6756802507
3864.2500109780,95.4680739953
3864.9640261315,95.2465891540
3865.6780412851,95.7522302655
3866.3920564386,95.7606133521
3867.1060715922,95.4487120687
3867.8200867457,95.7277473541
3868.5341018992,95.8803678963
3869.2481170528,95.2415086091
3869.9621322063,95.6407253199
3870.6761473599,96.2025308528
3871.3901625134,95.7433588778
3872.1041776670,95.5999640013
3872.8181928205,95.4948064171
3873.5322079740,95.3515105908
3874.2462231276,95.7843547048
3874.9602382811,95.7600648211
3875.6742534347,95.5348480175
3876.3882685882,95.6045798093
3877.1022837418,95.3515076087
3877.8162988953,95.2665903283
3878.5303140489,95.6464723417
3879.2443292024,95.7117588277
3879.9583443559,95.4699956152
3880.6723595095,95.4287818229
3881.3863746630,95.6590757712
3882.1003898166,95.7251280413
3882.8144049701,95.3805672008
3883.5284201237,95.4663464506
3884.2424352772,95.8970432639
3884.9564504307,95.4190634481
3885.6704655843,94.8842659178
3886.3844807378,95.8615517981
3887.0984958914,95.7817843816
3887.8125110449,95.3788426342
3888.5265261985,95.1912590984
3889.2405413520,95.4122725262
3889.9545565056,95.8968553550
3890.6685716591,95.7523132842
3891.3825868126,95.5339071973
3892.0966019662,96.1127743048
3892.8106171197,95.8309278459
3893.5246322733,95.4251569549
3894.2386474268,95.4148412491
3894.9526625804,95.4272930587
3895.6666777339,95.7104946463
3896.3806928874,95.5141555442
3897.0947080410,95.1348395404
3897.8087231945,95.7023538277
3898.5227383481,95.4733599963
3899.2367535016,94.6934339663
3899.9507686552,96.0281118792
3900.6647838087,95.7481872067
3901.3787989623,94.6889960936
3902.0928141158,95.8922216263
3902.8068292693,95.9544630333
3903.5208444229,95.2195318422
3904.2348595764,95.9223421811
3904.9488747300,95.9185531785
3905.6628898835,95.4540107391
3906.3769050371,95.8171238078
3907.0909201906,95.7736939865
3907.8049353441,95.6132585161
3908.5189504977,95.6759495197
3909.2329656512,95.3976339257
3909.9469808048,95.3015096596
3910.6609959583,95.4756882781
3911.3750111119,95.4469392298
3912.0890262654,95.3870343878
3912.8030414189,95.3737468166
3913.5170565725,95.4267712655
3914.2310717260,95.4415373216
3914.9450868796,95.3100426257
3915.6591020331,95.3457911996
3916.3731171867,95.4218960344
3917.0871323402,95.4067892077
3917.8011474938,95.7029890928
3918.5151626473,95.7372799006
3919.2291778008,95.3521982575
3919.9431929544,95.2344418795
3920.6572081079,95.6269270031
3921.3712232615,95.6694722701
3922.0852384150,95.4834625441
3922.7992535686,95.5505609443
3923.5132687221,95.6563130464
3924.2272838756,95.4832652255
3924.9412990292,95.3701043604
3925.6553141827,95.4758408938
3926.3693293363,95.4908855436
3927.0833444898,95.3948178770
3927.7973596434,95.3678155694
3928.5113747969,95.4287323106
3929.2253899505,95.4773315980
3929.9394051040,95.4957519995
3930.6534202575,95.5157271011
3931.3674354111,95.4103279617
3932.0814505646,95.3877415716
3932.7954657182,95.5853540533
3933.5094808717,95.5456048674
3934.2234960253,95.4586810514
3934.9375111788,95.4921373427
3935.6515263323,95.4501237579
3936.3655414859,95.4538098388
3937.0795566394,95.4772504294
3937.7935717930,95.4375824768
3938.5075869465,95.6686203957
3939.2216021001,95.5313956217
3939.9356172536,95.1748331898
3940.6496324071,95.4718532825
3941.3636475607,95.5868109067
3942.0776627142,95.3105939114
3942.7916778678,95.5150673407
3943.5056930213,95.5598368620
3944.2197081749,95.3528228518
3944.9337233284,95.4361086675
3945.6477384820,95.4721039278
3946.3617536355,95.4616017655
3947.0757687890,95.4491906517
3947.7897839426,95.4190310475
3948.5037990961,95.5864242532
3949.2178142497,95.5009211360
3949.9318294032,95.3258691982
3950.6458445568,95.5493356431
3951.3598597103,95.5182949503
3952.0738748638,95.4066050534
3952.7878900174,95.5987063210
3953.5019051709,95.5252590983
3954.2159203245,95.3846488416
3954.9299354780,95.4979933000
3955.6439506316,95.4531771315
3956.3579657851,95.3265958322
3957.0719809387,95.3551534313
3957.7859960922,95.4654865578
3958.5000112457,95.5245297434
3959.2140263993,95.4307728384
3959.9280415528,95.3932892427
3960.6420567064,95.4219096151
3961.3560718599,95.3450896322
3962.0700870135,95.3976469521
3962.7841021670,95.5235942298
3963.4981173205,95.5280012982
3964.2121324741,95.5148254198
3964.9261476276,95.4518751920
3965.6401627812,95.4294684815
3966.3541779347,95.4798786975
3967.0681930883,95.4697936104
3967.7822082418,95.5084007094
3968.4962233953,95.4854722077
3969.2102385489,95.3775476697
3969.9242537024,95.4731208697
3970.6382688560,95.5005471645
3971.3522840095,95.3465482745
3972.0662991631,95.3658293810
3972.7803143166,95.4855234914
3973.4943294702,95.5633778537
3974.2083446237,95.5791797848
3974.9223597772,95.4598143678
3975.6363749308,95.4356219367
3976.3503900843,95.5765593164
3977.0644052379,95.6191244922
3977.7784203914,95.5255039917
3978.4924355450,95.4453140962
3979.2064506985,95.4637511690
3979.9204658520,95.4757313965
3980.6344810056,95.4391773229
3981.3484961591,95.4380919526
3982.0625113127,95.4216756155
3982.7765264662,95.4521963900
3983.4905416198,95.4959226910
3984.2045567733,95.4091630104
3984.9185719269,95.4368949811
3985.6325870804,95.5052255929
3986.3466022339,95.3752222144
3987.0606173875,95.3746883597
3987.7746325410,95.4528085948
3988.4886476946,95.4291829308
3989.2026628481,95.4828051667
3989.9166780017,95.4269200724
3990.6306931552,95.4113825310
3991.3447083087,95.5916012103
3992.0587234623,95.4225593464
3992.7727386158,95.2481147811
3993.4867537694,95.4670560446
3994.2007689229,95.4174632706
3994.9147840765,95.2780445479
3995.6287992300,95.4850679167
3996.3428143835,95.5283983843
3997.0568295371,95.4590144774
3997.7708446906,95.5409611908
3998.4848598442,95.4907361239
3999.1988749977,95.4204204278
3999.9128901513,95.5356255872