399.8484859844,73.3628595526
400.5625011380,87.0374065776
401.2765162915,81.2357553105
401.9905314450,80.9458464065
402.7045465986,97.7886700180
403.4185617521,102.5592847433
404.1325769057,83.8234023440
404.8465920592,84.9044194687
405.5606072128,91.1683314108
406.2746223663,88.6953994427
406.9886375199,88.4232901031
407.7026526734,82.9711704022
408.4166678269,84.4580478266
409.1306829805,90.9910531386
409.8446981340,82.7864166711
410.5587132876,82.7525047720
411.2727284411,92.8713824500
411.9867435947,81.1426569641
412.7007587482,78.9115912252
413.4147739017,87.8967404807
414.1287890553,84.0779496874
414.8428042088,85.2416712552
415.5568193624,86.9048324845
416.2708345159,79.4311984868
416.9848496695,81.6323242381
417.6988648230,85.2315687441
418.4128799766,79.6561762482
419.1268951301,83.3432917778
419.8409102836,80.7379176847
420.5549254372,79.9436722701
421.2689405907,84.5687380111
421.9829557443,80.8367978802
422.6969708978,78.7335308731
423.4109860514,84.0089991543
424.1250012049,80.6041630637
424.8390163584,81.9468783022
425.5530315120,83.9608048732
426.2670466655,74.9220490856
426.9810618191,75.1666668820
427.6950769726,81.7969132829
428.4090921262,81.3416748569
429.1231072797,80.3714825256
429.8371224332,77.6446114743
430.5511375868,74.1175675582
431.2651527403,77.9308069734
431.9791678939,78.2532057061
432.6931830474,74.8774724796
433.4071982010,76.9501735732
434.1212133545,77.7969830748
434.8352285081,76.8470943958
435.5492436616,77.3626845912
436.2632588151,76.4612893204
436.9772739687,78.1001666348
437.6912891222,79.4859030906
438.4053042758,78.7791339635
439.1193194293,79.6159515864
439.8333345829,77.6360760799
440.5473497364,77.3479257501
441.2613648899,82.2808680204
441.9753800435,80.5044062671
442.6893951970,78.0385279496
443.4034103506,83.5050682746
444.1174255041,83.7568111599
444.8314406577,81.8348961481
445.5454558112,84.5319698152
446.2594709648,82.9215541236
446.9734861183,81.0485827927
447.6875012718,83.7105530488
448.4015164254,83.4743928362
449.1155315789,83.9601214114
449.8295467325,84.9298740161
450.5435618860,81.3607315448
451.2575770396,81.0502014725
451.9715921931,83.5302139141
452.6856073466,81.3829643755
453.3996225002,80.4577606439
454.1136376537,83.0255061313
454.8276528073,82.6066708554
455.5416679608,81.4314426543
456.2556831144,82.5630962491
456.9696982679,82.4281339525
457.6837134214,80.3787096599
458.3977285750,80.7470164751
459.1117437285,81.1043193780
459.8257588821,82.6308914283
460.5397740356,84.5955545962
461.2537891892,82.2938169839
461.9678043427,80.6644783546
462.6818194963,83.1638753013
463.3958346498,83.5921547663
464.1098498033,82.9350472742
464.8238649569,83.3106240289
465.5378801104,81.8356901101
466.2518952640,81.5685974239
466.9659104175,83.6364695699
467.6799255711,83.0375448460
468.3939407246,81.9686753963
469.1079558781,82.7864184389
469.8219710317,82.5992248094
470.5359861852,82.3559616127
471.2500013388,82.3356170706
471.9640164923,81.3456356133
472.6780316459,81.8347109618
473.3920467994,83.0155705955
474.1060619530,82.0072652111
474.8200771065,81.2867586422
475.5340922600,82.7361404806
476.2481074136,83.3002620656
476.9621225671,81.8232867192
477.6761377207,81.7914739705
478.3901528742,82.2313737611
479.1041680278,81.0444071809
479.8181831813,81.5180813032
480.5321983348,83.2948857865
481.2462134884,82.3022614217
481.9602286419,80.3221661643
482.6742437955,80.6288768919
483.3882589490,82.3742191791
484.1022741026,82.6860322073
484.8162892561,80.8299101913
485.5303044097,80.9702358169
486.2443195632,82.9238801996
486.9583347167,82.1645087613
487.6723498703,80.4023962762
488.3863650238,80.2981058075
489.1003801774,80.4954908813
489.8143953309,80.7406317251
490.5284104845,81.0658605753
491.2424256380,80.5755196602
491.9564407915,80.2228652699
492.6704559451,80.1330886286
493.3844710986,79.6581348189
494.0984862522,79.6928506263
494.8125014057,79.7602052401
495.5265165593,78.6657986881
496.2405317128,78.2509241193
496.9545468663,79.2516483028
497.6685620199,78.9236703588
498.3825771734,77.8633268178
499.0965923270,78.5237714278
499.8106074805,78.8633100600
500.5246226341,78.0345258228
501.2386377876,77.7460512399
501.9526529412,76.9633494730
502.6666680947,76.8163678016
503.3806832482,78.3213336794
504.0946984018,78.3106592967
504.8087135553,76.7758709149
505.5227287089,76.7514334629
506.2367438624,77.1443735449
506.9507590160,77.2168803624
507.6647741695,77.9199504652
508.3787893230,78.8708964684
509.0928044766,79.8976413140
509.8068196301,80.7807354727
510.5208347837,81.2362827543
511.2348499372,81.6729334712
511.9488650908,81.7989828585
512.6628802443,81.8047053114
513.3768953979,82.3364760551
514.0909105514,82.4391174968
514.8049257049,82.5119857235
515.5189408585,83.1180586021
516.2329560120,82.5595520122
516.9469711656,81.7712405462
517.6609863191,82.4785342465
518.3750014727,82.5562705716
519.0890166262,82.2716718019
519.8030317797,82.5652889584
520.5170469333,82.3615739713
521.2310620868,82.3646497125
521.9450772404,82.9013509156
522.6590923939,83.0231011165
523.3731075475,82.8848486139
524.0871227010,82.5227435909
524.8011378545,82.5744716908
525.5151530081,82.9192776926
526.2291681616,81.8996397415
526.9431833152,81.5729656593
527.6571984687,82.6420923742
528.3712136223,82.7221988415
529.0852287758,82.1646403903
529.7992439294,82.5704308307
530.5132590829,82.9499531616
531.2272742364,82.9171631022
531.9412893900,82.9157744789
532.6553045435,83.0264301752
533.3693196971,83.2247328281
534.0833348506,83.1602817622
534.7973500042,83.1969837052
535.5113651577,83.0805379904
536.2253803112,82.3684441179
536.9393954648,82.5695132324
537.6534106183,83.2140321012
538.3674257719,82.7536025980
539.0814409254,82.5647965579
539.7954560790,82.7449481614
540.5094712325,82.3683683952
541.2234863861,82.5883910664
541.9375015396,82.8901364301
542.6515166931,82.4390940695
543.3655318467,82.5037649920
544.0795470002,82.8694378839
544.7935621538,82.7635093855
545.5075773073,82.8410305753
546.2215924609,83.0507737658
546.9356076144,83.0557822261
547.6496227679,82.8918900470
548.3636379215,82.5865079849
549.0776530750,82.7417459867
549.7916682286,83.0502428534
550.5056833821,82.6562162335
551.2196985357,82.6580829175
551.9337136892,83.3160613033
552.6477288427,82.9657691221
553.3617439963,82.3927007908
554.0757591498,83.0766648440
554.7897743034,83.3045064098
555.5037894569,82.6140080337
556.2178046105,82.6921160747
556.9318197640,82.7507830632
557.6458349176,82.4938083907
558.3598500711,83.1012528114
559.0738652246,83.3256424824
559.7878803782,82.6404436123
560.5018955317,82.6083243418
561.2159106853,83.1874365243
561.9299258388,83.5993448952
562.6439409924,83.5277882130
563.3579561459,83.0967337509
564.0719712994,83.1236197603
564.7859864530,83.2156925173
565.5000016065,82.9464043159
566.2140167601,83.0070504837
566.9280319136,82.9331432471
567.6420470672,82.7103738693
568.3560622207,83.0049302921
569.0700773743,83.0173089581
569.7840925278,82.7008637517
570.4981076813,82.6115140005
571.2121228349,82.4525472349
571.9261379884,82.6151151228
572.6401531420,82.9140573092
573.3541682955,82.8634637217
574.0681834491,82.8714951554
574.7821986026,82.5613831575
575.4962137561,82.1270004093
576.2102289097,82.5903553657
576.9242440632,82.9616258853
577.6382592168,82.7039311493
578.3522743703,82.6580416814
579.0662895239,82.7396303204
579.7803046774,82.7389432082
580.4943198309,82.7889142811
581.2083349845,82.7992312996
581.9223501380,82.7788013179
582.6363652916,82.7905337692
583.3503804451,82.9518685036
584.0643955987,83.1086759228
584.7784107522,83.1022755114
585.4924259058,83.1533068943
586.2064410593,83.0591999894
586.9204562128,82.8078119276
587.6344713664,82.7473083956
588.3484865199,82.6120718391
589.0625016735,82.5853650253
589.7765168270,82.7498688442
590.4905319806,82.5957710238
591.2045471341,82.7758127174
591.9185622876,83.3806891503
592.6325774412,83.1544314851
593.3465925947,82.7070570215
594.0606077483,82.7659679404
594.7746229018,82.8296472592
595.4886380554,82.7251124936
596.2026532089,82.6796715533
596.9166683625,82.8016691227
597.6306835160,82.8228989276
598.3446986695,82.4995668621
599.0587138231,82.2537397313
599.7727289766,82.2034085221
600.4867441302,82.2137523767
601.2007592837,82.2560424745
601.9147744373,82.1634912354
602.6287895908,82.1236566051
603.3428047443,82.0235235257
604.0568198979,81.6956641698
604.7708350514,81.8493765717
605.4848502050,82.1686787219
606.1988653585,81.9310890683
606.9128805121,81.5976164574
607.6268956656,81.3537720891
608.3409108192,81.4564690364
609.0549259727,81.8242345827
609.7689411262,81.3935406176
610.4829562798,80.9279998968
611.1969714333,81.3510218848
611.9109865869,81.5041403371
612.6250017404,81.4163341456
613.3390168940,81.5503437198
614.0530320475,81.3301602348
614.7670472010,81.2965443148
615.4810623546,81.5994706137
616.1950775081,81.3837935212
616.9090926617,81.0071456298
617.6231078152,81.0181002565
618.3371229688,81.2321656348
619.0511381223,81.2242133202
619.7651532758,80.9265671315
620.4791684294,80.9894025948
621.1931835829,81.2111313300
621.9071987365,80.9190831750
622.6212138900,80.9308829083
623.3352290436,81.2344883441
624.0492441971,80.8561667074
624.7632593507,80.6144597598
625.4772745042,80.9104384319
626.1912896577,80.6078662079
626.9053048113,80.1494119740
627.6193199648,80.2152996620
628.3333351184,80.1102208422
629.0473502719,79.9517253623
629.7613654255,80.0534454637
630.4753805790,79.5950656052
631.1893957325,79.0313955372
631.9034108861,79.4195230775
632.6174260396,79.8179238146
633.3314411932,79.7462478925
634.0454563467,80.0905646934
634.7594715003,80.4892010790
635.4734866538,80.3046129689
636.1875018074,80.2289356426
636.9015169609,80.4064457203
637.6155321144,80.2533971200
638.3295472680,80.0870293091
639.0435624215,80.1046383159
639.7575775751,79.9159060931
640.4715927286,80.0398852079
641.1856078822,80.3932841559
641.8996230357,79.9431034283
642.6136381892,79.5188799458
643.3276533428,79.8875881343
644.0416684963,79.8379602194
644.7556836499,79.5329083898
645.4696988034,79.6932144041
646.1837139570,79.6727246946
646.8977291105,79.6263794134
647.6117442640,79.6922973398
648.3257594176,79.4685469249
649.0397745711,79.3678643483
649.7537897247,79.1689814589
650.4678048782,78.8385855793
651.1818200318,79.0891849072
651.8958351853,79.2648438754
652.6098503389,78.9535263654
653.3238654924,78.7432654944
654.0378806459,78.6258039949
654.7518957995,78.7368777844
655.4659109530,78.7246232546
656.1799261066,78.2803736467
656.8939412601,78.2184458187
657.6079564137,78.1674166125
658.3219715672,77.9330135012
659.0359867207,78.3046219268
659.7500018743,78.3665807132
660.4640170278,77.7940548757
661.1780321814,77.6514129527
661.8920473349,77.6198363999
662.6060624885,77.6278981770
663.3200776420,77.7673904958
664.0340927956,77.4307239326
664.7481079491,77.1294568842
665.4621231026,77.0290493967
666.1761382562,76.7944530202
666.8901534097,76.7507451706
667.6041685633,77.0495942650
668.3181837168,76.4449017052
669.0321988704,76.3435505013
669.7462140239,76.2518577789
670.4602291774,76.2242669320
671.1742443310,76.1592768014
671.8882594845,75.9736217983
672.6022746381,75.8826830548
673.3162897916,75.7194833670
674.0303049452,75.5025837328
674.7443200987,75.3256664379
675.4583352522,74.9588869866
676.1723504058,74.7478892890
676.8863655593,74.6933183739
677.6003807129,74.4161682075
678.3143958664,74.2801711734
679.0284110200,74.1712517071
679.7424261735,74.0070011150
680.4564413271,74.1507806305
681.1704564806,74.1630466343
681.8844716341,73.8740511151
682.5984867877,73.5954111088
683.3125019412,73.4607630031
684.0265170948,73.5356572492
684.7405322483,73.3098907737
685.4545474019,72.8920573397
686.1685625554,72.9042185573
686.8825777089,72.8043002129
687.5965928625,72.3748937264
688.3106080160,72.0296095596
689.0246231696,71.7183896207
689.7386383231,71.6007185248
690.4526534767,71.4316473791
691.1666686302,70.9594519752
691.8806837838,70.6381536933
692.5946989373,70.3659932951
693.3087140908,70.1421214846
694.0227292444,70.0078145519
694.7367443979,69.4622602548
695.4507595515,68.8670966182
696.1647747050,68.4573155438
696.8787898586,68.0411025146
697.5928050121,67.8791278411
698.3068201656,67.3610513390
699.0208353192,66.4024374255
699.7348504727,65.8395379139
700.4488656263,65.3095573650
701.1628807798,64.7712214904
701.8768959334,64.4524224005
702.5909110869,63.9102668406
703.3049262404,63.4784988878
704.0189413940,62.9660851338
704.7329565475,62.2077969698
705.4469717011,62.0648918394
706.1609868546,61.7643652379
706.8750020082,60.7914125088
707.5890171617,60.1597878396
708.3030323153,59.6112259128
709.0170474688,58.8743589708
709.7310626223,58.2482205905
710.4450777759,57.5278632298
711.1590929294,56.8240659107
711.8731080830,56.0121001448
712.5871232365,55.1937921463
713.3011383901,54.5878514962
714.0151535436,53.4655043206
714.7291686971,52.2364009533
715.4431838507,51.4705182182
716.1571990042,50.4948384083
716.8712141578,49.5018198412
717.5852293113,48.5330442681
718.2992444649,47.4865083430
719.0132596184,46.8530243935
719.7272747720,46.0669470540
720.4412899255,45.3635583953
721.1553050790,45.2296254984
721.8693202326,44.8596026657
722.5833353861,44.9165989471
723.2973505397,45.6037948820
724.0113656932,46.2693752583
724.7253808468,47.6957141711
725.4393960003,49.6442511750
726.1534111538,51.5802846180
726.8674263074,53.6570176640
727.5814414609,55.5119362196
728.2954566145,57.3935374757
729.0094717680,59.4774438759
729.7234869216,61.5404575520
730.4375020751,63.5852324779
731.1515172287,65.6077647333
731.8655323822,67.8787972048
732.5795475357,70.0381449750
733.2935626893,72.0459849951
734.0075778428,74.4875832699
734.7215929964,76.5579625504
735.4356081499,78.3243510483
736.1496233035,80.4827341095
736.8636384570,82.2056347210
737.5776536105,83.6894641237
738.2916687641,85.3753593969
739.0056839176,86.7036097944
739.7196990712,87.7338014478
740.4337142247,88.4157092134
741.1477293783,89.0438276347
741.8617445318,89.7828392951
742.5757596853,89.8991859186
743.2897748389,90.0279507117
744.0037899924,90.4354933587
744.7178051460,90.2354206930
745.4318202995,90.1294802231
746.1458354531,90.2677505992
746.8598506066,90.0439297036
747.5738657602,90.0821441275
748.2878809137,90.0952302617
749.0018960672,89.7640601324
749.7159112208,89.7683865140
750.4299263743,89.6583296102
751.1439415279,89.3208937436
751.8579566814,89.3271060089
752.5719718350,89.2908600673
753.2859869885,89.1189137220
754.0000021420,89.0061820104
754.7140172956,88.9090483634
755.4280324491,88.8951731572
756.1420476027,88.7520145622
756.8560627562,88.6231056980
757.5700779098,88.5860156851
758.2840930633,88.2246978595
758.9981082169,87.9898840642
759.7121233704,88.0903493467
760.4261385239,87.9989351875
761.1401536775,87.8621810500
761.8541688310,87.7205166112
762.5681839846,87.5280940959
763.2821991381,87.4898267931
763.9962142917,87.3701186890
764.7102294452,87.2348921995
765.4242445987,87.1399705222
766.1382597523,86.9055328567
766.8522749058,86.8492001566
767.5662900594,86.8253336441
768.2803052129,86.6535477413
768.9943203665,86.5286608107
769.7083355200,86.1961264889
770.4223506735,86.0043110271
771.1363658271,86.1016107815
771.8503809806,85.9004916213
772.5643961342,85.7734097548
773.2784112877,85.6203408030
773.9924264413,85.1636324608
774.7064415948,85.2873460755
775.4204567484,85.5110268772
776.1344719019,85.1621783885
776.8484870554,84.9998313121
777.5625022090,84.9262265246
778.2765173625,84.8164718490
778.9905325161,84.7659421495
779.7045476696,84.4210609294
780.4185628232,84.3054493387
781.1325779767,84.2656220523
781.8465931302,83.8769801167
782.5606082838,83.8806761620
783.2746234373,83.7855802339
783.9886385909,83.3087193888
784.7026537444,83.2272691508
785.4166688980,82.8645120680
786.1306840515,82.3764723703
786.8446992051,82.4508407893
787.5587143586,82.1986735776
788.2727295121,81.9418737971
788.9867446657,82.0635390772
789.7007598192,81.7187672804
790.4147749728,81.3432258789
791.1287901263,81.2002737132
791.8428052799,80.9388104967
792.5568204334,80.9635864603
793.2708355869,81.1123591126
793.9848507405,81.2869817421
794.6988658940,81.7851165357
795.4128810476,82.3307408858
796.1268962011,82.8601012241
796.8409113547,83.2407793657
797.5549265082,83.2979408122
798.2689416617,83.3280959498
798.9829568153,83.4014271757
799.6969719688,83.5869979118
800.4109871224,83.6436755271
801.1250022759,83.3883452237
801.8390174295,83.5145876333
802.5530325830,83.6240999959
803.2670477366,83.2691660015
803.9810628901,83.3682095809
804.6950780436,83.4853327262
805.4090931972,83.2242289210
806.1231083507,83.4237180852
806.8371235043,83.5545669137
807.5511386578,83.4220003754
808.2651538114,83.5586954834
808.9791689649,83.4667632091
809.6931841184,83.4313440238
810.4071992720,83.5730004835
811.1212144255,83.2518103123
811.8352295791,83.2515137265
812.5492447326,83.6244427814
813.2632598862,83.4813885070
813.9772750397,83.4030639741
814.6912901933,83.4734239798
815.4053053468,83.2297748995
816.1193205003,83.1660498311
816.8333356539,83.2526218746
817.5473508074,83.2687413869
818.2613659610,83.3046596186
818.9753811145,83.0888948713
819.6893962681,82.8792689131
820.4034114216,82.9484449386
821.1174265751,82.8923467295
821.8314417287,82.7399565655
822.5454568822,82.6361840430
823.2594720358,82.5411118801
823.9734871893,82.6040825905
824.6875023429,82.5658485036
825.4015174964,82.3131098618
826.1155326499,82.2098633735
826.8295478035,82.0341221258
827.5435629570,81.7252259575
828.2575781106,81.7264435310
828.9715932641,81.7566477972
829.6856084177,81.4729827978
830.3996235712,81.1343584859
831.1136387248,80.8551213354
831.8276538783,80.7804757660
832.5416690318,80.7566685781
833.2556841854,80.2842806643
833.9696993389,79.8731530675
834.6837144925,79.9469448029
835.3977296460,79.8247487034
836.1117447996,79.4593358016
836.8257599531,79.2019273385
837.5397751066,78.8279611730
838.2537902602,78.4337454565
838.9678054137,78.1223796091
839.6818205673,77.7895887209
840.3958357208,77.6576097928
841.1098508744,77.5273666852
841.8238660279,77.0698838283
842.5378811815,76.6030191540
843.2518963350,76.3503616112
843.9659114885,76.1191948664
844.6799266421,75.7866427130
845.3939417956,75.5547302716
846.1079569492,75.5191941738
846.8219721027,75.4454418361
847.5359872563,75.5001004110
848.2500024098,75.7371392308
848.9640175633,75.8177424381
849.6780327169,76.1090308016
850.3920478704,76.6603724614
851.1060630240,76.9081033299
851.8200781775,77.1965722280
852.5340933311,77.6950961904
853.2481084846,77.9026035394
853.9621236381,77.8742252150
854.6761387917,77.8895853019
855.3901539452,78.0565092752
856.1041690988,78.2553624869
856.8181842523,78.3185498742
857.5321994059,78.5081956345
858.2462145594,78.7266319410
858.9602297130,78.6889971285
859.6742448665,78.6582258304
860.3882600200,78.6499499817
861.1022751736,78.5912870851
861.8162903271,78.5167635731
862.5303054807,78.2491716923
863.2443206342,77.9915506352
863.9583357878,77.7402408515
864.6723509413,77.2008328852
865.3863660948,76.6347473468
866.1003812484,75.9618167990
866.8143964019,75.0723363339
867.5284115555,74.2342760406
868.2424267090,73.0320990860
868.9564418626,71.4683348748
869.6704570161,69.9634360606
870.3844721697,68.2421712653
871.0984873232,66.8908831902
871.8125024767,66.8501720619
872.5265176303,68.0633684220
873.2405327838,70.3169336507
873.9545479374,72.8222452124
874.6685630909,74.7933721857
875.3825782445,76.2505758536
876.0965933980,77.1723503420
876.8106085515,77.8312694534
877.5246237051,78.6500754647
878.2386388586,79.3796668131
878.9526540122,79.9074841330
879.6666691657,80.3856872851
880.3806843193,80.8366643097
881.0946994728,81.3492421306
881.8087146264,81.7734336425
882.5227297799,82.0104107223
883.2367449334,82.3031539202
883.9507600870,82.6525234970
884.6647752405,82.8556975020
885.3787903941,82.9203158922
886.0928055476,83.0619618592
886.8068207012,83.2107723284
887.5208358547,83.0894158243
888.2348510082,82.9999108676
888.9488661618,83.1391512734
889.6628813153,83.1266231638
890.3768964689,83.0577345792
891.0909116224,83.1073002704
891.8049267760,83.0515774962
892.5189419295,82.9467632755
893.2329570830,82.8870245504
893.9469722366,82.8355247658
894.6609873901,82.7835553350
895.3750025437,82.6805334312
896.0890176972,82.5705718764
896.8030328508,82.3837599371
897.5170480043,82.2555655719
898.2310631579,82.4285903197
898.9450783114,82.4784833723
899.6590934649,82.4011011637
900.3731086185,82.5622091887
901.0871237720,82.5628727295
901.8011389256,82.5513071669
902.5151540791,82.7898175842
903.2291692327,82.7495233569
903.9431843862,82.7396502712
904.6571995397,82.9855181141
905.3712146933,82.9644937563
906.0852298468,83.0270371118
906.7992450004,83.2667435670
907.5132601539,83.2551592540
908.2272753075,83.3625958941
908.9412904610,83.6396480077
909.6553056146,83.7081549829
910.3693207681,83.6801637226
911.0833359216,83.6677734867
911.7973510752,83.7024712965
912.5113662287,83.8416858109
913.2253813823,83.9839873772
913.9393965358,83.9870194430
914.6534116894,83.8633538566
915.3674268429,83.8842640151
916.0814419964,84.0309436294
916.7954571500,84.0255478661
917.5094723035,83.9776737411
918.2234874571,83.9318654583
918.9375026106,83.8816577773
919.6515177642,83.9671757165
920.3655329177,83.9377665729
921.0795480712,83.7763278392
921.7935632248,83.7535039042
922.5075783783,83.7464191955
923.2215935319,83.8076772880
923.9356086854,83.9230069611
924.6496238390,83.8703606010
925.3636389925,83.8786641232
926.0776541461,83.9482201290
926.7916692996,83.9261437591
927.5056844531,83.9727047124
928.2196996067,83.9505869504
928.9337147602,83.8779091271
929.6477299138,83.9876340141
930.3617450673,84.0994776722
931.0757602209,84.1559637951
931.7897753744,84.2369404392
932.5037905279,84.3353292868
933.2178056815,84.4181963852
933.9318208350,84.3449380287
934.6458359886,84.3811478046
935.3598511421,84.6415094005
936.0738662957,84.6791912463
936.7878814492,84.6875063550
937.5018966028,84.8923709817
938.2159117563,84.9389716670
938.9299269098,84.8940669178
939.6439420634,84.9034870567
940.3579572169,84.9430874928
941.0719723705,85.0148484976
941.7859875240,84.9296681749
942.5000026776,84.8601568729
943.2140178311,84.8963348370
943.9280329846,84.7696212135
944.6420481382,84.7154291522
945.3560632917,84.7239375100
946.0700784453,84.5903514126
946.7840935988,84.6365602811
947.4981087524,84.6842272821
948.2121239059,84.5012845318
948.9261390594,84.4383363665
949.6401542130,84.5147128484
950.3541693665,84.5781988340
951.0681845201,84.4959536797
951.7821996736,84.3054830058
952.4962148272,84.3012738647
953.2102299807,84.2152638343
953.9242451343,84.0043382176
954.6382602878,83.9484131074
955.3522754413,83.6328032291
956.0662905949,83.3865528747
956.7803057484,83.6516613211
957.4943209020,83.4452592929
958.2083360555,82.7164372516
958.9223512091,82.3179612712
959.6363663626,82.0390790422
960.3503815161,81.6560277920
961.0643966697,81.2623959036
961.7784118232,80.9527103076
962.4924269768,80.8658150109
963.2064421303,80.6875695904
963.9204572839,80.3210807423
964.6344724374,80.0404499487
965.3484875910,79.7718585104
966.0625027445,79.5356497811
966.7765178980,79.3173229364
967.4905330516,78.9797230105
968.2045482051,78.6841838881
968.9185633587,78.4529081121
969.6325785122,78.2819709076
970.3465936658,78.1580200941
971.0606088193,77.9609662484
971.7746239728,78.0141305035
972.4886391264,78.2432831102
973.2026542799,78.1654723496
973.9166694335,78.1692905095
974.6306845870,78.4516134142
975.3446997406,78.5605144669
976.0587148941,78.6779581227
976.7727300476,78.9532872744
977.4867452012,79.0498055389
978.2007603547,79.0413530714
978.9147755083,79.0824350977
979.6287906618,79.0889725279
980.3428058154,79.1308114683
981.0568209689,79.1885391629
981.7708361225,79.1302656813
982.4848512760,79.0355330221
983.1988664295,78.9608125891
983.9128815831,78.8649940760
984.6268967366,78.7959714154
985.3409118902,78.7074540765
986.0549270437,78.5334045583
986.7689421973,78.4259792238
987.4829573508,78.4148857638
988.1969725043,78.3470188001
988.9109876579,78.2297843658
989.6250028114,78.1148543819
990.3390179650,78.0691875172
991.0530331185,78.1707996730
991.7670482721,78.2415787395
992.4810634256,78.1362315241
993.1950785792,78.0163115354
993.9090937327,77.9772788248
994.6231088862,77.8989005247
995.3371240398,77.7150345217
996.0511391933,77.5299417559
996.7651543469,77.4021737734
997.4791695004,77.3078061335
998.1931846540,77.2019817963
998.9071998075,76.9155882183
999.6212149610,76.5783115593
1000.3352301146,76.5147836503
1001.0492452681,76.4300213154
1001.7632604217,76.0945354442
1002.4772755752,75.8387733973
1003.1912907288,75.5984144430
1003.9053058823,75.2247601885
1004.6193210359,74.9364876109
1005.3333361894,74.6812652520
1006.0473513429,74.2957486360
1006.7613664965,73.8257288525
1007.4753816500,73.4139901620
1008.1893968036,73.0590950203
1008.9034119571,72.4554899910
1009.6174271107,71.7268887142
1010.3314422642,71.1591274212
1011.0454574177,70.3649657513
1011.7594725713,69.3618528731
1012.4734877248,68.4973337236
1013.1875028784,67.4470999112
1013.9015180319,66.2539459244
1014.6155331855,65.2946682634
1015.3295483390,64.4410310934
1016.0435634925,63.8120148995
1016.7575786461,63.6609803078
1017.4715937996,63.9063626987
1018.1856089532,64.4779485803
1018.8996241067,65.3374867747
1019.6136392603,66.3917971959
1020.3276544138,67.3725400816
1021.0416695674,68.2850672600
1021.7556847209,69.3095926515
1022.4696998744,70.1549435994
1023.1837150280,70.9913280798
1023.8977301815,72.2536499209
1024.6117453351,73.6688764280
1025.3257604886,75.2033322227
1026.0397756422,76.7657164779
1026.7537907957,77.8366714078
1027.4678059492,78.4774745060
1028.1818211028,78.7781905681
1028.8958362563,78.7375865132
1029.6098514099,78.6652536149
1030.3238665634,78.5261859967
1031.0378817170,78.2757156255
1031.7518968705,78.0152624206
1032.4659120241,77.6879150020
1033.1799271776,77.4866034711
1033.8939423311,77.3436117755
1034.6079574847,77.0212514621
1035.3219726382,76.7592199288
1036.0359877918,76.5443377620
1036.7500029453,76.2916989784
1037.4640180989,76.1599710091
1038.1780332524,76.0134807826
1038.8920484059,75.7936897408
1039.6060635595,75.5768601690
1040.3200787130,75.4583513213
1041.0340938666,75.4427838246
1041.7481090201,75.2143385616
1042.4621241737,75.1051725107
1043.1761393272,75.3564867109
1043.8901544807,75.2850345211
1044.6041696343,75.1091372997
1045.3181847878,75.1877988450
1046.0321999414,75.0913603502
1046.7462150949,75.1164495199
1047.4602302485,75.2631433478
1048.1742454020,75.2203558192
1048.8882605556,75.3470655052
1049.6022757091,75.3244260215
1050.3162908626,75.1682822394
1051.0303060162,75.3878604644
1051.7443211697,75.4154164501
1052.4583363233,75.3706854455
1053.1723514768,75.6203061370
1053.8863666304,75.5298457706
1054.6003817839,75.3817425718
1055.3143969374,75.4279353627
1056.0284120910,75.2690915766
1056.7424272445,75.2087044055
1057.4564423981,75.1103716804
1058.1704575516,74.8542512585
1058.8844727052,74.8937512523
1059.5984878587,74.8372672563
1060.3125030123,74.5493478778
1061.0265181658,74.3842562790
1061.7405333193,74.1049140278
1062.4545484729,73.7600444125
1063.1685636264,73.5358615903
1063.8825787800,73.3491992570
1064.5965939335,73.1189650101
1065.3106090871,72.7187070878
1066.0246242406,72.4184646832
1066.7386393941,72.2258463346
1067.4526545477,71.8748899863
1068.1666697012,71.7123930704
1068.8806848548,71.5062010898
1069.5947000083,70.9429673362
1070.3087151619,70.5840215354
1071.0227303154,70.3264695133
1071.7367454689,69.9263750388
1072.4507606225,69.5542696783
1073.1647757760,68.9771724961
1073.8787909296,68.2686775664
1074.5928060831,67.6275635590
1075.3068212367,67.0613063591
1076.0208363902,66.5781845260
1076.7348515438,65.8100731719
1077.4488666973,65.0533190676
1078.1628818508,64.6550726312
1078.8768970044,64.0411536899
1079.5909121579,63.4308162216
1080.3049273115,63.0115465530
1081.0189424650,62.3527444235
1081.7329576186,61.8595337420
1082.4469727721,61.5225002525
1083.1609879256,61.0343303754
1083.8750030792,60.6525678679
1084.5890182327,60.2850356633
1085.3030333863,60.1252760514
1086.0170485398,60.0851136143
1086.7310636934,59.6843512707
1087.4450788469,59.4713061340
1088.1590940005,59.3683388917
1088.8731091540,58.9723655212
1089.5871243075,58.8680178129
1090.3011394611,58.7884258831
1091.0151546146,58.4942639689
1091.7291697682,58.4007885658
1092.4431849217,58.2315362445
1093.1572000753,58.1139623519
1093.8712152288,58.1439136860
1094.5852303823,57.9854502176
1095.2992455359,58.0040584354
1096.0132606894,58.1195680677
1096.7272758430,58.1063051304
1097.4412909965,58.3011312152
1098.1553061501,58.5099510932
1098.8693213036,58.6489372794
1099.5833364571,58.8802289972
1100.2973516107,59.2021343091
1101.0113667642,59.6929046075
1101.7253819178,60.0019575834
1102.4393970713,60.2234803593
1103.1534122249,60.7441130663
1103.8674273784,61.1499691293
1104.5814425320,61.5516768332
1105.2954576855,62.1265682173
1106.0094728390,62.5096472881
1106.7234879926,63.0151929289
1107.4375031461,63.5993532192
1108.1515182997,63.9340751718
1108.8655334532,64.2857202114
1109.5795486068,64.5295972095
1110.2935637603,64.7152610763
1111.0075789138,65.0300609803
1111.7215940674,65.2318694291
1112.4356092209,65.4831043352
1113.1496243745,65.6400874273
1113.8636395280,65.6477307703
1114.5776546816,65.9937444553
1115.2916698351,66.1047298192
1116.0056849887,65.8072051519
1116.7197001422,65.8114852913
1117.4337152957,65.7903715242
1118.1477304493,65.7595181698
1118.8617456028,66.0377989013
1119.5757607564,66.1759833109
1120.2897759099,66.3295536917
1121.0037910635,66.5658589047
1121.7178062170,66.6685268752
1122.4318213705,67.0754386290
1123.1458365241,67.6420146803
1123.8598516776,68.0363959439
1124.5738668312,68.5154813647
1125.2878819847,69.0556766694
1126.0018971383,69.6312662148
1126.7159122918,70.2535881310
1127.4299274454,70.8275345404
1128.1439425989,71.5086818951
1128.8579577524,72.2993482367
1129.5719729060,73.0536768237
1130.2859880595,73.7365026434
1131.0000032131,74.4915689745
1131.7140183666,75.4636885786
1132.4280335202,76.3684763745
1133.1420486737,77.1699972293
1133.8560638272,78.0903104955
1134.5700789808,78.9916865373
1135.2840941343,79.9673089174
1135.9981092879,81.0045648061
1136.7121244414,81.8996318288
1137.4261395950,82.8165179904
1138.1401547485,83.5787027942
1138.8541699020,84.2144238545
1139.5681850556,85.0768581308
1140.2822002091,85.8170657649
1140.9962153627,86.4074439928
1141.7102305162,87.1313701758
1142.4242456698,87.7604627944
1143.1382608233,88.3720716394
1143.8522759769,88.9856138047
1144.5662911304,89.4435624528
1145.2803062839,89.9158694501
1145.9943214375,90.3086114771
1146.7083365910,90.6806855900
1147.4223517446,91.1839563045
1148.1363668981,91.5037793328
1148.8503820517,91.7233630483
1149.5643972052,92.0299307550
1150.2784123587,92.3042907713
1150.9924275123,92.5636940969
1151.7064426658,92.6987906351
1152.4204578194,92.8398051280
1153.1344729729,93.1054214043
1153.8484881265,93.1681771340
1154.5625032800,93.2022203004
1155.2765184336,93.3359024719
1155.9905335871,93.3335053880
1156.7045487406,93.3533850146
1157.4185638942,93.3077333229
1158.1325790477,93.2052243359
1158.8465942013,93.2320722837
1159.5606093548,93.0662637164
1160.2746245084,92.9789057295
1160.9886396619,93.1124661962
1161.7026548154,92.9146582439
1162.4166699690,92.7891038616
1163.1306851225,92.8369348244
1163.8447002761,92.5911235407
1164.5587154296,92.4612146074
1165.2727305832,92.2591337043
1165.9867457367,91.7489510186
1166.7007608902,91.5055907594
1167.4147760438,91.2124488937
1168.1287911973,90.7598519534
1168.8428063509,90.4948711674
1169.5568215044,89.9513962422
1170.2708366580,89.3722969791
1170.9848518115,89.1383674862
1171.6988669651,88.7721697329
1172.4128821186,88.4335277258
1173.1268972721,88.2391338065
1173.8409124257,87.9188060754
1174.5549275792,87.7241175034
1175.2689427328,87.6735187324
1175.9829578863,87.6141629670
1176.6969730399,87.5054345136
1177.4109881934,87.3116920527
1178.1250033469,87.2771888268
1178.8390185005,87.2309623613
1179.5530336540,87.0206289570
1180.2670488076,86.9762464410
1180.9810639611,86.8741373047
1181.6950791147,86.6918399738
1182.4090942682,86.7024639534
1183.1231094218,86.5609960265
1183.8371245753,86.3304181415
1184.5511397288,86.1990910733
1185.2651548824,85.9255660126
1185.9791700359,85.6736691319
1186.6931851895,85.4258592080
1187.4072003430,85.0658499449
1188.1212154966,84.8515928559
1188.8352306501,84.5918680578
1189.5492458036,84.1910830015
1190.2632609572,83.8928300635
1190.9772761107,83.6026276368
1191.6912912643,83.2862007720
1192.4053064178,82.9056545947
1193.1193215714,82.4828960390
1193.8333367249,82.2448703261
1194.5473518784,81.9741848967
1195.2613670320,81.5709687810
1195.9753821855,81.2479169727
1196.6893973391,80.8892351359
1197.4034124926,80.5095090475
1198.1174276462,80.1549514588
1198.8314427997,79.7621710563
1199.5454579533,79.4564411980
1200.2594731068,79.1150993618
1200.9734882603,78.7093371473
1201.6875034139,78.3932999412
1202.4015185674,78.0400442367
1203.1155337210,77.7392528228
1203.8295488745,77.4649528139
1204.5435640281,77.0221807248
1205.2575791816,76.6931504387
1205.9715943351,76.4451458178
1206.6856094887,76.0599616194
1207.3996246422,75.7189905070
1208.1136397958,75.3784505364
1208.8276549493,75.0456685319
1209.5416701029,74.7991627664
1210.2556852564,74.4382477655
1210.9697004100,74.0079030794
1211.6837155635,73.6132182221
1212.3977307170,73.2752841905
1213.1117458706,72.9681992821
1213.8257610241,72.4997421529
1214.5397761777,72.0637836094
1215.2537913312,71.7267406753
1215.9678064848,71.2182713158
1216.6818216383,70.7695398685
1217.3958367918,70.3384422323
1218.1098519454,69.7045199550
1218.8238670989,69.1871915696
1219.5378822525,68.7538691403
1220.2518974060,68.3276263293
1220.9659125596,67.9627715310
1221.6799277131,67.4261316439
1222.3939428666,66.9862463201
1223.1079580202,66.7479318820
1223.8219731737,66.3936883388
1224.5359883273,66.0866690114
1225.2500034808,65.7371240885
1225.9640186344,65.2929286400
1226.6780337879,64.9929579229
1227.3920489415,64.5663626802
1228.1060640950,64.1005551257
1228.8200792485,63.6964373661
1229.5340944021,63.0074682404
1230.2481095556,62.3768064140
1230.9621247092,61.9148580782
1231.6761398627,61.3041898454
1232.3901550163,60.7121833798
1233.1041701698,60.0733975131
1233.8181853233,59.4530738928
1234.5322004769,59.0490827679
1235.2462156304,58.5770758242
1235.9602307840,58.0944680225
1236.6742459375,57.6917371458
1237.3882610911,57.3512176922
1238.1022762446,57.2013268221
1238.8162913982,56.9796459444
1239.5303065517,56.8251924822
1240.2443217052,56.8782677737
1240.9583368588,56.7614511264
1241.6723520123,56.7981494546
1242.3863671659,57.0363791688
1243.1003823194,57.1439589487
1243.8143974730,57.3961180572
1244.5284126265,57.6022687142
1245.2424277800,57.7749716914
1245.9564429336,58.2252522353
1246.6704580871,58.5346089568
1247.3844732407,58.8542933790
1248.0984883942,59.3404763752
1248.8125035478,59.6108906626
1249.5265187013,59.9876415220
1250.2405338549,60.4603120427
1250.9545490084,60.8318732697
1251.6685641619,61.2576398278
1252.3825793155,61.3865814439
1253.0965944690,61.5231637923
1253.8106096226,61.9521627066
1254.5246247761,62.0461060154
1255.2386399297,62.0786025989
1255.9526550832,62.3038040371
1256.6666702367,62.3750664825
1257.3806853903,62.5242679962
1258.0947005438,62.7199867784
1258.8087156974,62.8780853233
1259.5227308509,63.1311655528
1260.2367460045,63.3395939574
1260.9507611580,63.6902954320
1261.6647763115,64.0655819174
1262.3787914651,64.3018985439
1263.0928066186,64.7566899399
1263.8068217722,65.1908961292
1264.5208369257,65.5401670280
1265.2348520793,66.0366662738
1265.9488672328,66.4037012394
1266.6628823864,66.8803538573
1267.3768975399,67.4853745268
1268.0909126934,67.8481949188
1268.8049278470,68.3459089693
1269.5189430005,68.8901484385
1270.2329581541,69.2215224693
1270.9469733076,69.6948146490
1271.6609884612,70.1765089764
1272.3750036147,70.5848749376
1273.0890187682,71.0384326599
1273.8030339218,71.3951180272
1274.5170490753,71.8085352594
1275.2310642289,72.1957052450
1275.9450793824,72.4645314365
1276.6590945360,72.8800421075
1277.3731096895,73.2374526902
1278.0871248431,73.5618791801
1278.8011399966,74.0276776684
1279.5151551501,74.3191549206
1280.2291703037,74.6242283228
1280.9431854572,75.0908621123
1281.6572006108,75.4313264026
1282.3712157643,75.7835727311
1283.0852309179,76.1653125450
1283.7992460714,76.5021007939
1284.5132612249,76.9129841139
1285.2272763785,77.3048210894
1285.9412915320,77.7020114943
1286.6553066856,78.0808433009
1287.3693218391,78.4036297071
1288.0833369927,78.8760067323
1288.7973521462,79.3291050054
1289.5113672997,79.6957069084
1290.2253824533,80.1463309846
1290.9393976068,80.5137904249
1291.6534127604,80.8982676468
1292.3674279139,81.4215265324
1293.0814430675,81.8768081921
1293.7954582210,82.3180938483
1294.5094733746,82.7982455035
1295.2234885281,83.2867110997
1295.9375036816,83.7765942024
1296.6515188352,84.2132199754
1297.3655339887,84.7131466043
1298.0795491423,85.2176276126
1298.7935642958,85.6692013458
1299.5075794494,86.1880698458
1300.2215946029,86.6071862395
1300.9356097564,86.9708558267
1301.6496249100,87.3912433901
1302.3636400635,87.6836780507
1303.0776552171,87.9894226907
1303.7916703706,88.3350354726
1304.5056855242,88.5384360325
1305.2197006777,88.7445401461
1305.9337158313,88.9658817072
1306.6477309848,89.1825648532
1307.3617461383,89.3998498859
1308.0757612919,89.5165430995
1308.7897764454,89.7378392756
1309.5037915990,90.0160516254
1310.2178067525,90.1796359962
1310.9318219061,90.4260911031
1311.6458370596,90.5774282779
1312.3598522131,90.6126006156
1313.0738673667,90.8561161128
1313.7878825202,91.0549828344
1314.5018976738,91.1790830163
1315.2159128273,91.3728330037
1315.9299279809,91.4436281085
1316.6439431344,91.5389096519
1317.3579582879,91.7156215192
1318.0719734415,91.7816673734
1318.7859885950,91.8468171358
1319.5000037486,91.9611367918
1320.2140189021,92.1028066804
1320.9280340557,92.2256283956
1321.6420492092,92.2900817911
1322.3560643628,92.3810038207
1323.0700795163,92.3839874009
1323.7840946698,92.4014489169
1324.4981098234,92.4911302846
1325.2121249769,92.3876942771
1325.9261401305,92.3392348859
1326.6401552840,92.2968075804
1327.3541704376,92.0438546613
1328.0681855911,91.9544435621
1328.7822007446,91.7094325996
1329.4962158982,91.2103879827
1330.2102310517,90.8546692161
1330.9242462053,90.2086921530
1331.6382613588,89.4318327405
1332.3522765124,88.6905306061
1333.0662916659,87.5991597539
1333.7803068195,86.5687566895
1334.4943219730,85.5440538469
1335.2083371265,84.3325079012
1335.9223522801,83.2304251879
1336.6363674336,82.1598825151
1337.3503825872,81.3180967740
1338.0643977407,80.6706774807
1338.7784128943,80.1060034280
1339.4924280478,79.9042194796
1340.2064432013,79.9680954906
1340.9204583549,80.3666528109
1341.6344735084,81.1158505708
1342.3484886620,82.0829883077
1343.0625038155,83.1548111936
1343.7765189691,84.2886683569
1344.4905341226,85.5897229839
1345.2045492761,86.7155840530
1345.9185644297,87.8182733868
1346.6325795832,89.0295291050
1347.3465947368,89.9003387922
1348.0606098903,90.7574688741
1348.7746250439,91.4983760885
1349.4886401974,91.8773960237
1350.2026553510,92.4218116824
1350.9166705045,92.8545364208
1351.6306856580,93.1687516532
1352.3447008116,93.5723235789
1353.0587159651,93.6806196495
1353.7727311187,93.8574083296
1354.4867462722,94.0823513651
1355.2007614258,94.0795469008
1355.9147765793,94.3408250716
1356.6287917328,94.4617275114
1357.3428068864,94.3322552157
1358.0568220399,94.4875409621
1358.7708371935,94.4891276203
1359.4848523470,94.4005930929
1360.1988675006,94.4309834226
1360.9128826541,94.1940832670
1361.6268978077,94.1102094844
1362.3409129612,93.9921707181
1363.0549281147,93.5537555082
1363.7689432683,93.7773589361
1364.4829584218,93.8427387401
1365.1969735754,93.5950589571
1365.9109887289,93.5593462416
1366.6250038825,93.3968405470
1367.3390190360,93.2355678797
1368.0530341895,93.2769569628
1368.7670493431,93.1401201852
1369.4810644966,93.2669662601
1370.1950796502,93.5362450687
1370.9090948037,93.6267771842
1371.6231099573,93.9033106562
1372.3371251108,94.1054432985
1373.0511402643,94.0906695314
1373.7651554179,94.0940120885
1374.4791705714,94.2903688435
1375.1931857250,94.6808749793
1375.9072008785,94.9426530907
1376.6212160321,95.1127104845
1377.3352311856,95.3424736409
1378.0492463392,95.3894593890
1378.7632614927,95.5617704405
1379.4772766462,95.7873079256
1380.1912917998,95.7810906344
1380.9053069533,95.9261544866
1381.6193221069,95.9836762487
1382.3333372604,95.8813364263
1383.0473524140,95.8315612592
1383.7613675675,95.5418738215
1384.4753827210,95.5041276073
1385.1893978746,95.6496217217
1385.9034130281,95.3783359567
1386.6174281817,95.2673519092
1387.3314433352,95.2421938305
1388.0454584888,95.2146516533
1388.7594736423,95.4701985027
1389.4734887959,95.2713491467
1390.1875039494,95.0343218009
1390.9015191029,95.3377930251
1391.6155342565,95.2617023425
1392.3295494100,95.2174771683
1393.0435645636,95.2679350461
1393.7575797171,94.7100879240
1394.4715948707,94.3155685963
1395.1856100242,94.0757381718
1395.8996251777,93.5602144253
1396.6136403313,93.5199130870
1397.3276554848,93.0034456799
1398.0416706384,92.2610416932
1398.7556857919,91.9585246616
1399.4697009455,90.9985205969
1400.1837160990,90.4920887247
1400.8977312526,90.0437658283
1401.6117464061,88.9170553192
1402.3257615596,88.2934013292
1403.0397767132,87.3868499321
1403.7537918667,86.1838832389
1404.4678070203,85.5390605848
1405.1818221738,83.9002911318
1405.8958373274,83.0828804220
1406.6098524809,82.7380943536
1407.3238676344,81.3831517424
1408.0378827880,81.1990522411
1408.7518979415,81.0883623762
1409.4659130951,80.7718335300
1410.1799282486,81.8539693076
1410.8939434022,82.2023803778
1411.6079585557,83.0456108577
1412.3219737092,84.7418669726
1413.0359888628,85.5897783410
1413.7500040163,87.0426928109
1414.4640191699,88.3619539635
1415.1780343234,89.2600243798
1415.8920494770,90.4451020446
1416.6060646305,90.9536541532
1417.3200797841,91.5307985407
1418.0340949376,92.3627934122
1418.7481100911,92.3902136747
1419.4621252447,92.6469406127
1420.1761403982,93.5190312670
1420.8901555518,93.6579367314
1421.6041707053,93.9825439875
1422.3181858589,94.0900188101
1423.0322010124,93.8997834745
1423.7462161659,93.8527334911
1424.4602313195,94.0384902220
1425.1742464730,94.0903790365
1425.8882616266,94.0973498264
1426.6022767801,94.0682935578
1427.3162919337,93.9757498702
1428.0303070872,93.8566789637
1428.7443222408,93.7493495443
1429.4583373943,93.6083676418
1430.1723525478,93.4627885124
1430.8863677014,93.3217408822
1431.6003828549,93.1788267806
1432.3143980085,93.1098234073
1433.0284131620,92.9518947639
1433.7424283156,92.7457905563
1434.4564434691,92.7191056446
1435.1704586226,92.5936771473
1435.8844737762,92.2777889374
1436.5984889297,91.9968586436
1437.3125040833,92.1314196273
1438.0265192368,92.0966881522
1438.7405343904,92.1540440428
1439.4545495439,92.0413403388
1440.1685646974,91.8281618449
1440.8825798510,91.8998466796
1441.5965950045,91.9486785925
1442.3106101581,91.7978927439
1443.0246253116,91.7593618551
1443.7386404652,91.8001866853
1444.4526556187,91.7759133861
1445.1666707723,91.6893232122
1445.8806859258,91.6600537695
1446.5947010793,91.6934726789
1447.3087162329,91.5077413190
1448.0227313864,91.2596120479
1448.7367465400,91.4698283076
1449.4507616935,91.5216668949
1450.1647768471,91.4577575547
1450.8787920006,91.4016789098
1451.5928071541,91.2090227148
1452.3068223077,91.1682750679
1453.0208374612,91.3905440332
1453.7348526148,91.3411163353
1454.4488677683,91.2426348038
1455.1628829219,91.3744021998
1455.8768980754,91.3615943983
1456.5909132290,90.9149701253
1457.3049283825,91.2525199228
1458.0189435360,91.5984689215
1458.7329586896,91.8192222620
1459.4469738431,91.9489568244
1460.1609889967,92.2311228436
1460.8750041502,92.5874072579
1461.5890193038,92.6794141231
1462.3030344573,92.6848369386
1463.0170496108,92.7556166076
1463.7310647644,92.7033727269
1464.4450799179,92.2717505767
1465.1590950715,91.5374009908
1465.8731102250,91.6231350455
1466.5871253786,91.4594428580
1467.3011405321,91.0905013820
1468.0151556856,90.8833130001
1468.7291708392,90.4974491561
1469.4431859927,90.1437245890
1470.1572011463,90.0576049339
1470.8712162998,89.6533585186
1471.5852314534,89.5961132618
1472.2992466069,90.7394901831
1473.0132617605,90.7877546627
1473.7272769140,91.2290813628
1474.4412920675,91.6498591177
1475.1553072211,91.6821929592
1475.8693223746,91.8245080324
1476.5833375282,91.8027892108
1477.2973526817,92.1670420370
1478.0113678353,92.6109233474
1478.7253829888,92.6129709540
1479.4393981423,92.7037926786
1480.1534132959,92.9104386270
1480.8674284494,92.9142709592
1481.5814436030,93.0881038868
1482.2954587565,93.1480020683
1483.0094739101,93.2889631663
1483.7234890636,93.6481873270
1484.4375042172,93.6301259264
1485.1515193707,93.6774597637
1485.8655345242,93.8597633130
1486.5795496778,93.6984988989
1487.2935648313,93.8260943296
1488.0075799849,94.0666108686
1488.7215951384,93.9336813307
1489.4356102920,93.8791328969
1490.1496254455,93.6918891132
1490.8636405990,93.7334208648
1491.5776557526,94.1312067989
1492.2916709061,94.2220540260
1493.0056860597,94.0517628385
1493.7197012132,93.8458170634
1494.4337163668,93.8342226548
1495.1477315203,93.8638945010
1495.8617466738,93.4069762792
1496.5757618274,92.9586525233
1497.2897769809,93.1430733022
1498.0037921345,92.9808166168
1498.7178072880,92.6397226675
1499.4318224416,92.1027247590
1500.1458375951,91.7707067731
1500.8598527487,91.4857284642
1501.5738679022,90.7043327124
1502.2878830557,89.9513966697
1503.0018982093,89.4051461999
1503.7159133628,88.6952898461
1504.4299285164,88.0900112366
1505.1439436699,87.7129619334
1505.8579588235,87.6707962238
1506.5719739770,87.8026531648
1507.2859891305,89.0089290833
1508.0000042841,90.4072318127
1508.7140194376,91.2406838350
1509.4280345912,91.9581579273
1510.1420497447,92.3743579556
1510.8560648983,92.9334531178
1511.5700800518,93.2000922746
1512.2840952054,93.0167537603
1512.9981103589,93.3731938349
1513.7121255124,93.4702739003
1514.4261406660,93.3298373214
1515.1401558195,93.3497692984
1515.8541709731,93.1694923730
1516.5681861266,92.7594499649
1517.2822012802,92.5254348273
1517.9962164337,92.9857984391
1518.7102315872,93.3373661125
1519.4242467408,93.3026332987
1520.1382618943,92.6948041977
1520.8522770479,92.5539223093
1521.5662922014,93.0184837015
1522.2803073550,92.6388333472
1522.9943225085,92.5659543620
1523.7083376621,92.9472877198
1524.4223528156,92.9906059273
1525.1363679691,92.7612842301
1525.8503831227,92.6939324931
1526.5643982762,92.7246917253
1527.2784134298,92.7636861243
1527.9924285833,92.8486490385
1528.7064437369,92.7666667437
1529.4204588904,92.8923174058
1530.1344740439,93.1145566155
1530.8484891975,92.9668837171
1531.5625043510,92.7731777675
1532.2765195046,92.9663689664
1532.9905346581,92.8754683307
1533.7045498117,92.4127875680
1534.4185649652,92.7863909759
1535.1325801187,92.9053318164
1535.8465952723,92.9708335330
1536.5606104258,93.0393589870
1537.2746255794,92.9161301566
1537.9886407329,92.8004892537
1538.7026558865,92.6311788829
1539.4166710400,91.8076723361
1540.1306861936,92.2701511554
1540.8447013471,92.7838070887
1541.5587165006,92.8241243988
1542.2727316542,92.6432405924
1542.9867468077,92.5959399012
1543.7007619613,92.7478054743
1544.4147771148,92.9177840948
1545.1287922684,92.5492619604
1545.8428074219,92.4749173552
1546.5568225754,92.8666803284
1547.2708377290,92.9598005481
1547.9848528825,92.7735678518
1548.6988680361,92.7177868298
1549.4128831896,92.5283543948
1550.1268983432,92.2264479870
1550.8409134967,92.4714968443
1551.5549286503,92.5707275187
1552.2689438038,92.5344656649
1552.9829589573,92.4829833946
1553.6969741109,92.2359126629
1554.4109892644,91.7501931245
1555.1250044180,92.1275967597
1555.8390195715,92.3116127037
1556.5530347251,92.3308935173
1557.2670498786,92.2326714627
1557.9810650321,91.7662352231
1558.6950801857,91.7246919925
1559.4090953392,91.5600148222
1560.1231104928,90.8209238721
1560.8371256463,91.9936174366
1561.5511407999,92.2832289077
1562.2651559534,92.3637383438
1562.9791711069,92.2513517068
1563.6931862605,92.2152305763
1564.4072014140,92.0788023063
1565.1212165676,91.8667228194
1565.8352317211,91.9249180289
1566.5492468747,91.9073709990
1567.2632620282,91.8226006359
1567.9772771818,91.7031862788
1568.6912923353,91.5053773694
1569.4053074888,91.4560310706
1570.1193226424,91.3532287853
1570.8333377959,91.2622794293
1571.5473529495,91.4238473569
1572.2613681030,91.3698004560
1572.9753832566,91.0704676841
1573.6893984101,90.9722888004
1574.4034135636,90.8393250918
1575.1174287172,90.7562956637
1575.8314438707,90.7092131948
1576.5454590243,89.9158846010
1577.2594741778,90.0891928221
1577.9734893314,90.2729980478
1578.6875044849,90.2994868293
1579.4015196385,90.3940726804
1580.1155347920,90.6229811751
1580.8295499455,90.7632999816
1581.5435650991,90.9410808336
1582.2575802526,91.1264031955
1582.9715954062,91.2662988510
1583.6856105597,91.4790967617
1584.3996257133,91.5298827247
1585.1136408668,91.6049791143
1585.8276560203,91.7444034744
1586.5416711739,91.6663191584
1587.2556863274,91.7272509195
1587.9697014810,91.7913969676
1588.6837166345,91.7093386876
1589.3977317881,91.8274089315
1590.1117469416,91.8105649482
1590.8257620951,91.7133950115
1591.5397772487,91.7777728335
1592.2537924022,91.6968197961
1592.9678075558,91.7160451726
1593.6818227093,91.7410014535
1594.3958378629,91.5609719066
1595.1098530164,91.6251654543
1595.8238681700,91.5962426865
1596.5378833235,91.4469625293
1597.2518984770,91.5768437243
1597.9659136306,91.5009391986
1598.6799287841,91.3437567969
1599.3939439377,91.3919146949
1600.1079590912,91.2784231976
1600.8219742448,91.2027151887
1601.5359893983,91.2174993825
1602.2500045518,91.1131024451
1602.9640197054,91.0641249833
1603.6780348589,90.9813602992
1604.3920500125,90.9472552276
1605.1060651660,90.9914429575
1605.8200803196,90.8417271226
1606.5340954731,90.6679122293
1607.2481106267,90.5245441880
1607.9621257802,90.5197838330
1608.6761409337,90.6825766239
1609.3901560873,90.5140194125
1610.1041712408,90.2656571256
1610.8181863944,90.3224872995
1611.5322015479,90.2026557422
1612.2462167015,90.1104184221
1612.9602318550,90.1926067921
1613.6742470085,90.1035351719
1614.3882621621,89.9937129362
1615.1022773156,89.9903720560
1615.8162924692,90.1545878195
1616.5303076227,90.3144268159
1617.2443227763,89.5441530112
1617.9583379298,89.9170487285
1618.6723530833,90.2765139455
1619.3863682369,90.0743113349
1620.1003833904,90.1046479492
1620.8143985440,90.2191046097
1621.5284136975,89.9567830968
1622.2424288511,90.0347924188
1622.9564440046,89.9089503737
1623.6704591582,89.2795834621
1624.3844743117,89.6693347014
1625.0984894652,89.7201330610
1625.8125046188,89.6204132983
1626.5265197723,89.7324233314
1627.2405349259,89.5578424563
1627.9545500794,89.2833491531
1628.6685652330,89.3075532021
1629.3825803865,89.2068434412
1630.0965955400,89.1101304779
1630.8106106936,89.0228889523
1631.5246258471,89.0319918629
1632.2386410007,89.0717396965
1632.9526561542,88.8531644538
1633.6666713078,88.8162232023
1634.3806864613,89.0289838253
1635.0947016149,88.7515056816
1635.8087167684,87.6889889666
1636.5227319219,88.2886333415
1637.2367470755,88.5101574312
1637.9507622290,88.2115167542
1638.6647773826,88.2202143371
1639.3787925361,88.5118939689
1640.0928076897,88.2992374869
1640.8068228432,88.0681851028
1641.5208379967,88.2105201411
1642.2348531503,87.9929263983
1642.9488683038,87.8606818688
1643.6628834574,87.7902566208
1644.3768986109,87.5918379401
1645.0909137645,87.8515965810
1645.8049289180,87.6549505203
1646.5189440715,86.7752437259
1647.2329592251,87.2542229892
1647.9469743786,87.1933144497
1648.6609895322,86.9317004188
1649.3750046857,87.2290779341
1650.0890198393,87.1326332932
1650.8030349928,87.1196227587
1651.5170501464,87.3703304814
1652.2310652999,87.0836527776
1652.9450804534,85.6076504021
1653.6590956070,85.8073185482
1654.3731107605,85.7477162952
1655.0871259141,86.3294626163
1655.8011410676,86.3337620970
1656.5151562212,86.3421923411
1657.2291713747,86.3902982962
1657.9431865282,86.0034737467
1658.6572016818,85.9272033319
1659.3712168353,85.8208727504
1660.0852319889,85.4826224921
1660.7992471424,85.4699925678
1661.5132622960,85.2672526838
1662.2272774495,85.0013811946
1662.9412926031,84.4343946005
1663.6553077566,83.9838169281
1664.3693229101,84.3679844800
1665.0833380637,84.4404743867
1665.7973532172,83.7584366416
1666.5113683708,83.7216148673
1667.2253835243,83.4627804062
1667.9393986779,83.1688566833
1668.6534138314,83.3728379220
1669.3674289849,81.7794642782
1670.0814441385,82.0273391730
1670.7954592920,82.5727390453
1671.5094744456,81.7285560634
1672.2234895991,81.4709376725
1672.9375047527,81.6835762141
1673.6515199062,81.4683648616
1674.3655350598,81.7259095349
1675.0795502133,81.2368597212
1675.7935653668,79.5177677019
1676.5075805204,80.2633126433
1677.2215956739,80.2638752697
1677.9356108275,79.8353417822
1678.6496259810,79.5881393822
1679.3636411346,79.0645119578
1680.0776562881,78.6578178194
1680.7916714416,78.2538007567
1681.5056865952,78.0244550857
1682.2197017487,78.3008196738
1682.9337169023,77.9158607755
1683.6477320558,77.0566788192
1684.3617472094,77.3654877593
1685.0757623629,76.4843730222
1685.7897775164,76.7006792329
1686.5037926700,76.9918865404
1687.2178078235,76.8476131427
1687.9318229771,76.5014115480
1688.6458381306,75.9279116796
1689.3598532842,75.6206807321
1690.0738684377,75.3224441647
1690.7878835913,74.4888206066
1691.5018987448,74.2455318378
1692.2159138983,73.9352410038
1692.9299290519,73.0755900620
1693.6439442054,72.6914967023
1694.3579593590,72.1599467512
1695.0719745125,71.5484692361
1695.7859896661,70.8279905918
1696.5000048196,69.1381811587
1697.2140199731,69.1991218545
1697.9280351267,68.8892353159
1698.6420502802,67.6325927552
1699.3560654338,67.6528270903
1700.0700805873,79.0097368859
1700.7840957409,63.2690043886
1701.4981108944,64.4770113688
1702.2121260480,63.8250988845
1702.9261412015,63.0017829484
1703.6401563550,62.5247533570
1704.3541715086,60.9935676044
1705.0681866621,60.3627435982
1705.7822018157,59.8756001801
1706.4962169692,58.4765617035
1707.2102321228,58.2379019672
1707.9242472763,57.6207882611
1708.6382624298,56.8907569050
1709.3522775834,56.6377877707
1710.0662927369,55.8323485382
1710.7803078905,55.7171568958
1711.4943230440,55.8626343463
1712.2083381976,55.4367158096
1712.9223533511,55.7537353363
1713.6363685046,56.0137725390
1714.3503836582,56.0331460291
1715.0643988117,57.0616966431
1715.7784139653,57.4991181622
1716.4924291188,58.1509156291
1717.2064442724,59.3483269401
1717.9204594259,59.5256027980
1718.6344745795,60.6568653269
1719.3484897330,61.9997673708
1720.0625048865,62.7412583140
1720.7765200401,63.5550397072
1721.4905351936,64.4176027632
1722.2045503472,65.2635402362
1722.9185655007,66.0146965918
1723.6325806543,66.6708762377
1724.3465958078,67.5870184044
1725.0606109613,68.4309448646
1725.7746261149,69.2541711071
1726.4886412684,70.0439777046
1727.2026564220,70.6924173541
1727.9166715755,71.6860727758
1728.6306867291,72.5676938896
1729.3447018826,73.1123145653
1730.0587170362,74.1020164869
1730.7727321897,75.1610159149
1731.4867473432,76.0254283034
1732.2007624968,76.8878680536
1732.9147776503,77.4376553660
1733.6287928039,78.1772008779
1734.3428079574,79.3894588137
1735.0568231110,80.3837586316
1735.7708382645,81.5180124750
1736.4848534180,82.3972121662
1737.1988685716,83.2180296285
1737.9128837251,84.1596703278
1738.6268988787,84.8524161924
1739.3409140322,85.6265794631
1740.0549291858,86.6909689983
1740.7689443393,87.4193659034
1741.4829594928,88.2638841013
1742.1969746464,89.0568095088
1742.9109897999,89.5702872837
1743.6250049535,90.1787474840
1744.3390201070,91.1383814759
1745.0530352606,92.0153308474
1745.7670504141,92.3603411431
1746.4810655677,92.7655963243
1747.1950807212,93.4383785550
1747.9090958747,93.5879547489
1748.6231110283,93.7317374751
1749.3371261818,94.3675990446
1750.0511413354,94.6390825940
1750.7651564889,94.6698384821
1751.4791716425,94.8563342256
1752.1931867960,95.3333981101
1752.9072019495,95.5331673007
1753.6212171031,95.5826553998
1754.3352322566,95.7818814356
1755.0492474102,95.8722436901
1755.7632625637,95.7692059163
1756.4772777173,95.7113798896
1757.1912928708,95.7757915802
1757.9053080244,96.0157217887
1758.6193231779,96.0948997409
1759.3333383314,96.0895491128
1760.0473534850,96.1521231601
1760.7613686385,95.9364286220
1761.4753837921,95.8270755879
1762.1893989456,96.3121540122
1762.9034140992,96.1071664167
1763.6174292527,96.1474803272
1764.3314444062,96.4098293279
1765.0454595598,96.1866401428
1765.7594747133,96.2274714247
1766.4734898669,96.3530737551
1767.1875050204,96.0050465081
1767.9015201740,95.8516208163
1768.6155353275,96.0965508276
1769.3295504810,96.1217260525
1770.0435656346,96.1466878253
1770.7575807881,96.0130351712
1771.4715959417,95.8380962024
1772.1856110952,95.8562570275
1772.8996262488,96.2678863993
1773.6136414023,96.3090995138
1774.3276565559,96.0636902823
1775.0416717094,96.0185719895
1775.7556868629,96.1867068276
1776.4697020165,96.1235428513
1777.1837171700,96.2083698806
1777.8977323236,96.2311214787
1778.6117474771,96.0407005156
1779.3257626307,96.0205379292
1780.0397777842,95.9474291822
1780.7537929377,95.9749622961
1781.4678080913,96.0784977163
1782.1818232448,95.9539218777
1782.8958383984,96.1097548211
1783.6098535519,96.1468906960
1784.3238687055,95.8368781640
1785.0378838590,95.9247021287
1785.7518990126,95.9683473092
1786.4659141661,95.9203708843
1787.1799293196,96.1199094963
1787.8939444732,95.9532710692
1788.6079596267,95.8449609637
1789.3219747803,95.9590550295
1790.0359899338,95.6901974947
1790.7500050874,95.5846905373
1791.4640202409,95.6752251759
1792.1780353944,95.5154391909
1792.8920505480,95.8967023258
1793.6060657015,95.8660203800
1794.3200808551,95.7116703945
1795.0340960086,95.8646321453
1795.7481111622,95.7017135527
1796.4621263157,95.6560195409
1797.1761414693,95.9313653811
1797.8901566228,95.7649035000
1798.6041717763,95.5642668700
1799.3181869299,95.5821717141
1800.0322020834,95.6705364031
1800.7462172370,95.6920915196
1801.4602323905,95.4482624117
1802.1742475441,95.3700514053
1802.8882626976,95.6263671121
1803.6022778511,95.7210690963
1804.3162930047,95.7508875215
1805.0303081582,95.5554706734
1805.7443233118,95.4500937609
1806.4583384653,95.6631668823
1807.1723536189,95.5242928771
1807.8863687724,95.4251234338
1808.6003839259,95.6210109649
1809.3143990795,95.4183506990
1810.0284142330,95.2869698486
1810.7424293866,95.3922229701
1811.4564445401,95.3101841969
1812.1704596937,95.4494859918
1812.8844748472,95.5399022456
1813.5984900008,95.4387510077
1814.3125051543,95.5273603700
1815.0265203078,95.5855803483
1815.7405354614,95.6470689489
1816.4545506149,95.6207054885
1817.1685657685,95.3799995710
1817.8825809220,95.4417232809
1818.5965960756,95.4622933367
1819.3106112291,95.3704421748
1820.0246263826,95.4929483047
1820.7386415362,95.3951356845
1821.4526566897,95.3393459111
1822.1666718433,95.4357338363
1822.8806869968,95.3243248294
1823.5947021504,95.4358929999
1824.3087173039,95.3988356969
1825.0227324575,94.9889257607
1825.7367476110,95.3163905906
1826.4507627645,95.4561906184
1827.1647779181,95.3740257426
1827.8787930716,95.4999970069
1828.5928082252,95.2740401180
1829.3068233787,95.0610164348
1830.0208385323,95.4525264751
1830.7348536858,95.4782740503
1831.4488688393,95.4730971228
1832.1628839929,95.5823056233
1832.8768991464,95.5950608005
1833.5909143000,95.6091020753
1834.3049294535,95.5197389134
1835.0189446071,95.5752464087
1835.7329597606,95.7121609776
1836.4469749141,95.5006276334
1837.1609900677,95.3841022386
1837.8750052212,95.5298440325
1838.5890203748,95.5543324428
1839.3030355283,95.5203034830
1840.0170506819,95.5152529335
1840.7310658354,95.6568177698
1841.4450809890,95.7147819648
1842.1590961425,95.4783324690
1842.8731112960,95.4446082755
1843.5871264496,95.4568438966
1844.3011416031,95.3582039725
1845.0151567567,95.5432050331
1845.7291719102,95.6575957133
1846.4431870638,95.8641439894
1847.1572022173,95.7874210618
1847.8712173708,95.4443036476
1848.5852325244,95.7092860023
1849.2992476779,95.8799310207
1850.0132628315,95.7075110127
1850.7272779850,95.8690206324
1851.4412931386,95.7876841252
1852.1553082921,95.5807520623
1852.8693234457,95.8037552598
1853.5833385992,95.7404355132
1854.2973537527,95.6754645921
1855.0113689063,95.9002871783
1855.7253840598,95.7564774203
1856.4393992134,95.6814975755
1857.1534143669,95.9128475985
1857.8674295205,95.8947230088
1858.5814446740,95.6711212047
1859.2954598275,95.6160892036
1860.0094749811,95.8207877428
1860.7234901346,95.7900330750
1861.4375052882,95.5742208728
1862.1515204417,95.8016810841
1862.8655355953,95.9142785275
1863.5795507488,95.7907642150
1864.2935659023,95.8832855287
1865.0075810559,95.7761236444
1865.7215962094,95.6734894877
1866.4356113630,95.6841143458
1867.1496265165,95.4509732905
1867.8636416701,95.6096574390
1868.5776568236,95.7679385257
1869.2916719772,95.4700659047
1870.0056871307,95.6746559937
1870.7197022842,95.7424767090
1871.4337174378,95.7063413651
1872.1477325913,95.9445903199
1872.8617477449,95.8555605565
1873.5757628984,95.8383479096
1874.2897780520,95.9338994154
1875.0037932055,95.6600094107
1875.7178083590,95.6773129378
1876.4318235126,95.7623138179
1877.1458386661,95.6314795236
1877.8598538197,95.7928402724
1878.5738689732,95.7155823455
1879.2878841268,95.5659124347
1880.0018992803,95.7502869265
1880.7159144339,95.6835592135
1881.4299295874,95.7415249368
1882.1439447409,95.9038747094
1882.8579598945,95.7121390639
1883.5719750480,95.7010460033
1884.2859902016,95.7195615841
1885.0000053551,95.6619543046
1885.7140205087,95.8337028724
1886.4280356622,95.7934021832
1887.1420508157,95.7186173686
1887.8560659693,95.7540721316
1888.5700811228,95.6515077420
1889.2840962764,95.6477402350
1889.9981114299,95.5250141278
1890.7121265835,95.4846053080
1891.4261417370,95.7414388585
1892.1401568905,95.6804274483
1892.8541720441,95.6107113826
1893.5681871976,95.7184435336
1894.2822023512,95.4704040195
1894.9962175047,95.4691221728
1895.7102326583,95.6888308122
1896.4242478118,95.5383413011
1897.1382629654,95.5214659401
1897.8522781189,95.6122215023
1898.5662932724,95.6745446402
1899.2803084260,95.7354631724
1899.9943235795,95.6334062916
1900.7083387331,95.7440627910
1901.4223538866,95.8030019430
1902.1363690402,95.5389440077
1902.8503841937,95.5513263480
1903.5643993472,95.5966299781
1904.2784145008,95.5420860494
1904.9924296543,95.6012982941
1905.7064448079,95.5151280562
1906.4204599614,95.5002391871
1907.1344751150,95.4439413280
1907.8484902685,95.3605973362
1908.5625054221,95.6638155349
1909.2765205756,95.5765661640
1909.9905357291,95.3341301256
1910.7045508827,95.6585610334
1911.4185660362,95.5900613176
1912.1325811898,95.4699052222
1912.8465963433,95.6123911737
1913.5606114969,95.3373977116
1914.2746266504,95.4702611573
1914.9886418039,95.8267418306
1915.7026569575,95.4121038104
1916.4166721110,95.1861564924
1917.1306872646,95.3195391491
1917.8447024181,95.1734711884
1918.5587175717,95.2158976008
1919.2727327252,95.4171647415
1919.9867478788,95.5731238629
1920.7007630323,95.5990969835
1921.4147781858,95.4803930756
1922.1287933394,95.3668183678
1922.8428084929,95.2689124901
1923.5568236465,95.5299113813
1924.2708388000,95.6503870239
1924.9848539536,95.3790891775
1925.6988691071,95.5108681561
1926.4128842606,95.4319970333
1927.1268994142,94.9589165581
1927.8409145677,95.2721262858
1928.5549297213,95.4715730676
1929.2689448748,95.2142082608
1929.9829600284,95.4628414077
1930.6969751819,95.4683375010
1931.4109903354,95.3055197258
1932.1250054890,95.4304764766
1932.8390206425,95.2340901575
1933.5530357961,95.1050437869
1934.2670509496,95.0368431122
1934.9810661032,94.9799256822
1935.6950812567,95.3918612043
1936.4090964103,95.4269556823
1937.1231115638,95.2607895969
1937.8371267173,95.5026582749
1938.5511418709,95.3336918592
1939.2651570244,95.1519771907
1939.9791721780,95.2708350781
1940.6931873315,95.1834696432
1941.4072024851,95.2290157138
1942.1212176386,95.2888479783
1942.8352327921,95.2621099699
1943.5492479457,95.2553225989
1944.2632630992,95.1362979985
1944.9772782528,95.3325917398
1945.6912934063,95.2943335060
1946.4053085599,95.0613667360
1947.1193237134,95.3934063920
1947.8333388670,95.0604557335
1948.5473540205,94.6072727770
1949.2613691740,95.1157227538
1949.9753843276,95.1340299633
1950.6893994811,95.1151837704
1951.4034146347,95.3208689217
1952.1174297882,94.8721445928
1952.8314449418,95.0088609481
1953.5454600953,95.0697504573
1954.2594752488,94.4022794151
1954.9734904024,94.5631565979
1955.6875055559,94.7871689891
1956.4015207095,94.9254588364
1957.1155358630,95.4551810089
1957.8295510166,95.1742890082
1958.5435661701,95.0056963475
1959.2575813236,95.0023315577
1959.9715964772,94.4479495740
1960.6856116307,94.5745852883
1961.3996267843,94.6101702573
1962.1136419378,94.6601397432
1962.8276570914,95.2882612895
1963.5416722449,94.9241281970
1964.2556873985,94.9697433526
1964.9697025520,95.3384830822
1965.6837177055,94.5328332981
1966.3977328591,94.9853611375
1967.1117480126,95.5109540709
1967.8257631662,94.6909523146
1968.5397783197,95.4490186525
1969.2537934733,95.9279595280
1969.9678086268,95.3414490178
1970.6818237803,95.2675262114
1971.3958389339,94.6711240503
1972.1098540874,94.8703125979
1972.8238692410,95.6645407374
1973.5378843945,95.3765460230
1974.2518995481,96.1907316001
1974.9659147016,96.7351162925
1975.6799298552,95.6800587583
1976.3939450087,95.7302118779
1977.1079601622,95.9326828075
1977.8219753158,95.6577850329
1978.5359904693,95.6852621762
1979.2500056229,95.2306147662
1979.9640207764,95.1805142667
1980.6780359300,95.1759210943
1981.3920510835,94.7991554734
1982.1060662370,95.1062695829
1982.8200813906,95.2213420300
1983.5340965441,95.2719227377
1984.2481116977,95.5450126412
1984.9621268512,95.2260509256
1985.6761420048,95.5204901018
1986.3901571583,95.7915279268
1987.1041723118,95.2495540739
1987.8181874654,95.5391876925
1988.5322026189,95.5815890619
1989.2462177725,95.1989673248
1989.9602329260,95.7306070931
1990.6742480796,95.5772086928
1991.3882632331,95.2411241463
1992.1022783867,95.7332430737
1992.8162935402,95.4218047851
1993.5303086937,95.3687263484
1994.2443238473,95.8328092668
1994.9583390008,95.5445706972
1995.6723541544,95.2553421342
1996.3863693079,95.2086025517
1997.1003844615,95.2408883875
1997.8143996150,95.4052759466
1998.5284147685,95.4016156639
1999.2424299221,95.5887053059
1999.9564450756,95.7010258382
2000.6704602292,95.6769518498
2001.3844753827,95.7162996406
2002.0984905363,95.2597884696
2002.8125056898,95.5693443358
2003.5265208434,96.1551238920
2004.2405359969,95.3219668372
2004.9545511504,95.7667651758
2005.6685663040,96.8343994146
2006.3825814575,95.7609547631
2007.0965966111,95.7900096977
2007.8106117646,96.4069620909
2008.5246269182,95.3844858547
2009.2386420717,95.7123809112
2009.9526572252,96.3987176861
2010.6666723788,95.7915159991
2011.3806875323,95.7697129550
2012.0947026859,95.5242942060
2012.8087178394,95.1990118215
2013.5227329930,95.7665396018
2014.2367481465,95.6662957104
2014.9507633000,95.5784063742
2015.6647784536,96.1550920025
2016.3787936071,95.9545090951
2017.0928087607,95.5801995741
2017.8068239142,95.5227704022
2018.5208390678,95.3757063893
2019.2348542213,95.7377997618
2019.9488693749,95.8097499437
2020.6628845284,95.2305129116
2021.3768996819,95.3972392767
2022.0909148355,95.9586213041
2022.8049299890,96.1056903447
2023.5189451426,96.4141760191
2024.2329602961,96.2587038920
2024.9469754497,95.7030307979
2025.6609906032,96.1526581328
2026.3750057567,96.4904545566
2027.0890209103,95.7988095658
2027.8030360638,95.5507559180
2028.5170512174,95.4809644513
2029.2310663709,95.3766136779
2029.9450815245,96.0170822407
2030.6590966780,96.2075821073
2031.3731118316,95.9139118078
2032.0871269851,95.7059261449
2032.8011421386,95.1277650300
2033.5151572922,95.2887647960
2034.2291724457,95.4644370013
2034.9431875993,95.0253882925
2035.6572027528,96.0004276034
2036.3712179064,96.2356732039
2037.0852330599,94.9307218685
2037.7992482134,95.5573733298
2038.5132633670,96.3212984932
2039.2272785205,95.6815047710
2039.9412936741,96.0380498996
2040.6553088276,96.1206309096
2041.3693239812,95.4645910492
2042.0833391347,95.7439448998
2042.7973542883,95.4988591750
2043.5113694418,94.9336015192
2044.2253845953,95.3644261932
2044.9393997489,95.6439870500
2045.6534149024,95.6867752440
2046.3674300560,95.7604604614
2047.0814452095,95.3274556481
2047.7954603631,95.2763871377
2048.5094755166,95.6335591767
2049.2234906701,95.1802021096
2049.9375058237,94.6067040011
2050.6515209772,94.8259876254
2051.3655361308,95.0143524917
2052.0795512843,95.1023307037
2052.7935664379,95.5154061153
2053.5075815914,95.3740516811
2054.2215967449,94.8200023180
2054.9356118985,94.8771157716
2055.6496270520,95.0417766910
2056.3636422056,95.1747836529
2057.0776573591,95.2714932611
2057.7916725127,95.0155570690
2058.5056876662,95.2869903806
2059.2197028198,95.5517389597
2059.9337179733,94.9208512249
2060.6477331268,94.8788950143
2061.3617482804,95.1249767282
2062.0757634339,94.7376321065
2062.7897785875,95.0249800412
2063.5037937410,95.4191484295
2064.2178088946,94.9017173793
2064.9318240481,94.6684394967
2065.6458392016,95.0019354732
2066.3598543552,95.1249794390
2067.0738695087,94.9537473864
2067.7878846623,95.0454021647
2068.5018998158,95.3619040806
2069.2159149694,95.0039781779
2069.9299301229,94.7163952714
2070.6439452765,95.1113724592
2071.3579604300,95.0213576122
2072.0719755835,94.8898782173
2072.7859907371,95.0952140643
2073.5000058906,94.8938107722
2074.2140210442,94.9824609704
2074.9280361977,95.2977898860
2075.6420513513,95.2322048019
2076.3560665048,95.1015937631
2077.0700816583,94.7946400742
2077.7840968119,94.9850886483
2078.4981119654,95.4569338471
2079.2121271190,94.9253563498
2079.9261422725,94.7079001862
2080.6401574261,95.0655451223
2081.3541725796,94.8102695633
2082.0681877331,94.9289583278
2082.7822028867,95.0520171247
2083.4962180402,94.5962515728
2084.2102331938,94.8459814267
2084.9242483473,95.0911579837
2085.6382635009,94.9476156880
2086.3522786544,95.2022782779
2087.0662938080,94.9646788462
2087.7803089615,94.5914633835
2088.4943241150,94.8865160472
2089.2083392686,94.9646176556
2089.9223544221,94.9701780652
2090.6363695757,95.1753964301
2091.3503847292,95.1072587870
2092.0643998828,95.0630677667
2092.7784150363,95.1942015909
2093.4924301898,95.3048370892
2094.2064453434,95.2055850483
2094.9204604969,95.0538280927
2095.6344756505,95.1810096444
2096.3484908040,95.0017727282
2097.0625059576,94.8704687556
2097.7765211111,95.3571120133
2098.4905362647,95.2177823564
2099.2045514182,94.7039928557
2099.9185665717,94.8165851275
2100.6325817253,94.8415899163
2101.3465968788,94.8287413068
2102.0606120324,94.9168761647
2102.7746271859,94.8199259878
2103.4886423395,94.9767383445
2104.2026574930,94.9990097105
2104.9166726465,94.8661507533
2105.6306878001,95.0960515977
2106.3447029536,94.9862561898
2107.0587181072,94.7589941315
2107.7727332607,94.9143977283
2108.4867484143,94.8536925804
2109.2007635678,94.7687348082
2109.9147787213,94.7801413655
2110.6287938749,94.8066951206
2111.3428090284,95.0652924478
2112.0568241820,94.9974737143
2112.7708393355,94.7615910307
2113.4848544891,94.7609047248
2114.1988696426,94.5792077735
2114.9128847962,94.7146198684
2115.6268999497,95.0583986978
2116.3409151032,94.8886805396
2117.0549302568,94.8364808493
2117.7689454103,94.8887913585
2118.4829605639,94.7458085598
2119.1969757174,94.8797770803
2119.9109908710,94.9718242047
2120.6250060245,94.9823796892
2121.3390211780,95.1617551651
2122.0530363316,95.1040079284
2122.7670514851,95.0111452307
2123.4810666387,94.9876681580
2124.1950817922,95.0160516149
2124.9090969458,95.3598696664
2125.6231120993,95.3455960708
2126.3371272529,95.0315061932
2127.0511424064,95.1829778674
2127.7651575599,95.2123788797
2128.4791727135,95.1587586630
2129.1931878670,95.4986700949
2129.9072030206,95.5973995839
2130.6212181741,95.4992388619
2131.3352333277,95.6233903701
2132.0492484812,95.7245549902
2132.7632636347,95.6595935563
2133.4772787883,95.4908345441
2134.1912939418,95.5421766882
2134.9053090954,95.6481404050
2135.6193242489,95.5764712253
2136.3333394025,95.7774886612
2137.0473545560,95.7635654657
2137.7613697095,95.4534638498
2138.4753848631,95.8283858473
2139.1894000166,96.0510041445
2139.9034151702,95.5233119295
2140.6174303237,95.3824944241
2141.3314454773,95.5449793476
2142.0454606308,95.4412197714
2142.7594757844,95.3356355572
2143.4734909379,95.5537601236
2144.1875060914,95.8089158692
2144.9015212450,95.5175004636
2145.6155363985,95.2785508442
2146.3295515521,95.7757852140
2147.0435667056,96.2412521572
2147.7575818592,96.0571501980
2148.4715970127,95.3149327109
2149.1856121662,94.8966891500
2149.8996273198,95.6257092485
2150.6136424733,95.7816337433
2151.3276576269,95.0137673851
2152.0416727804,95.4748632870
2152.7556879340,96.1924029630
2153.4697030875,95.6671244937
2154.1837182411,95.6795720590
2154.8977333946,96.3095718790
2155.6117485481,96.1488975440
2156.3257637017,96.3275393829
2157.0397788552,97.2539198580
2157.7537940088,97.2493417192
2158.4678091623,96.3475822436
2159.1818243159,95.7522102196
2159.8958394694,95.0774397191
2160.6098546229,94.6945666190
2161.3238697765,95.2077819862
2162.0378849300,95.2777730288
2162.7519000836,94.9520776779
2163.4659152371,95.0229096530
2164.1799303907,95.4612902293
2164.8939455442,95.9527066007
2165.6079606978,95.6831039215
2166.3219758513,95.4563857185
2167.0359910048,95.9332870272
2167.7500061584,95.5275497934
2168.4640213119,95.2743677844
2169.1780364655,95.9800663495
2169.8920516190,95.4005730267
2170.6060667726,94.9513923145
2171.3200819261,95.6394897720
2172.0340970796,95.0862410534
2172.7481122332,94.9154629150
2173.4621273867,95.9661055980
2174.1761425403,95.8163637878
2174.8901576938,95.8561382079
2175.6041728474,96.3741280045
2176.3181880009,95.3746730428
2177.0322031544,95.3375505622
2177.7462183080,96.3845716529
2178.4602334615,95.7267510558
2179.1742486151,95.2000982205
2179.8882637686,95.8157432420
2180.6022789222,95.5699573390
2181.3162940757,95.3342144826
2182.0303092293,95.6765303641
2182.7443243828,95.1678019891
2183.4583395363,95.1032197144
2184.1723546899,96.0477575674
2184.8863698434,95.8392709044
2185.6003849970,95.2542398475
2186.3144001505,95.5187392686
2187.0284153041,95.3616969394
2187.7424304576,95.3061237525
2188.4564456111,95.6869152954
2189.1704607647,95.3603710417
2189.8844759182,95.1652659310
2190.5984910718,95.4138482476
2191.3125062253,95.4013228226
2192.0265213789,95.6161284924
2192.7405365324,95.6441817493
2193.4545516860,95.3544052182
2194.1685668395,95.4615742927
2194.8825819930,95.1892086557
2195.5965971466,94.9280131503
2196.3106123001,95.4586914128
2197.0246274537,95.5730457595
2197.7386426072,95.1593785649
2198.4526577608,95.1540492019
2199.1666729143,95.3488985997
2199.8806880678,95.2331770286
2200.5947032214,94.8398406909
2201.3087183749,95.0512922102
2202.0227335285,95.6028698369
2202.7367486820,95.3272425511
2203.4507638356,95.0032923068
2204.1647789891,95.1864583784
2204.8787941426,95.1471913932
2205.5928092962,95.2089924149
2206.3068244497,95.4638657934
2207.0208396033,95.5582668609
2207.7348547568,95.5274215857
2208.4488699104,95.1929597528
2209.1628850639,95.0765135897
2209.8769002175,95.3439334378
2210.5909153710,95.1744444666
2211.3049305245,94.8810947733
2212.0189456781,94.9821365004
2212.7329608316,95.1411322535
2213.4469759852,94.9948662400
2214.1609911387,94.8001443295
2214.8750062923,95.1806802063
2215.5890214458,95.3593680774
2216.3030365993,94.8807204243
2217.0170517529,94.9734107228
2217.7310669064,95.2813852998
2218.4450820600,95.2360549902
2219.1590972135,95.3336449920
2219.8731123671,94.9274686203
2220.5871275206,94.6351546019
2221.3011426742,95.3138793604
2222.0151578277,95.2217603938
2222.7291729812,94.6357414653
2223.4431881348,95.0537463375
2224.1572032883,95.3163805117
2224.8712184419,95.0692628953
2225.5852335954,95.1746448027
2226.2992487490,95.1812606083
2227.0132639025,94.8505786100
2227.7272790560,94.6874366479
2228.4412942096,94.9746997560
2229.1553093631,95.1269866670
2229.8693245167,94.9330159905
2230.5833396702,94.9899666167
2231.2973548238,94.9660884482
2232.0113699773,94.6474285063
2232.7253851308,94.7074717488
2233.4394002844,94.8506586370
2234.1534154379,94.8166428039
2234.8674305915,94.7115567552
2235.5814457450,94.6211073672
2236.2954608986,94.9266787758
2237.0094760521,95.0372256928
2237.7234912057,94.8264851454
2238.4375063592,94.9988835326
2239.1515215127,94.8879821263
2239.8655366663,94.6192550780
2240.5795518198,94.8978122799
2241.2935669734,94.8747316287
2242.0075821269,94.7836623753
2242.7215972805,94.9691524524
2243.4356124340,94.7247379497
2244.1496275875,94.6879866269
2244.8636427411,94.8540932350
2245.5776578946,94.6535674843
2246.2916730482,94.7555024153
2247.0056882017,94.8185935143
2247.7197033553,94.6154684938
2248.4337185088,94.8640748940
2249.1477336624,95.0320886168
2249.8617488159,94.8373772596
2250.5757639694,94.8373461020
2251.2897791230,94.8172280171
2252.0037942765,94.6665807194
2252.7178094301,94.5817888688
2253.4318245836,94.7480749004
2254.1458397372,94.9319902253
2254.8598548907,94.7544523577
2255.5738700442,94.6558383332
2256.2878851978,94.6517909209
2257.0019003513,94.4169306952
2257.7159155049,94.4983428937
2258.4299306584,94.6413559609
2259.1439458120,94.5644451803
2259.8579609655,94.6923862400
2260.5719761190,94.7574490764
2261.2859912726,94.7223277432
2262.0000064261,94.7509835514
2262.7140215797,94.6372571203
2263.4280367332,94.7554428248
2264.1420518868,94.8241269048
2264.8560670403,94.5384216613
2265.5700821939,94.6631690687
2266.2840973474,94.8177349581
2266.9981125009,94.5986500962
2267.7121276545,94.5607108582
2268.4261428080,94.5132077104
2269.1401579616,94.5854541937
2269.8541731151,94.7910176217
2270.5681882687,94.5489399009
2271.2822034222,94.4010811004
2271.9962185757,94.5759936197
2272.7102337293,94.5856452481
2273.4242488828,94.6496491058
2274.1382640364,94.7465116494
2274.8522791899,94.6530660883
2275.5662943435,94.5737902159
2276.2803094970,94.5201601446
2276.9943246506,94.5991866576
2277.7083398041,94.6028135785
2278.4223549576,94.3903142506
2279.1363701112,94.4674155041
2279.8503852647,94.6087724625
2280.5644004183,94.4615860883
2281.2784155718,94.4189866016
2281.9924307254,94.4480925520
2282.7064458789,94.4565317145
2283.4204610324,94.5475710461
2284.1344761860,94.4288570504
2284.8484913395,94.1635270523
2285.5625064931,94.1995236810
2286.2765216466,94.4707527835
2286.9905368002,94.4673671244
2287.7045519537,94.3221859360
2288.4185671072,94.3957551136
2289.1325822608,94.4292384057
2289.8465974143,94.4058465650
2290.5606125679,94.5074270312
2291.2746277214,94.4848020628
2291.9886428750,94.4836800966
2292.7026580285,94.5959990361
2293.4166731821,94.4582825174
2294.1306883356,94.3704133029
2294.8447034891,94.4309927324
2295.5587186427,94.3244767228
2296.2727337962,94.4317405992
2296.9867489498,94.6406321794
2297.7007641033,94.6079082063
2298.4147792569,94.5547070186
2299.1287944104,94.4287845789
2299.8428095639,94.3646527667
2300.5568247175,94.4696417680
2301.2708398710,94.4105121601
2301.9848550246,94.4770300156
2302.6988701781,94.6340020010
2303.4128853317,94.4723290008
2304.1269004852,94.5406835803
2304.8409156388,94.6394220424
2305.5549307923,94.3611592263
2306.2689459458,94.4247368780
2306.9829610994,94.6220514270
2307.6969762529,94.5148761531
2308.4109914065,94.5364353514
2309.1250065600,94.4384871869
2309.8390217136,94.4109820419
2310.5530368671,94.5404127470
2311.2670520206,94.3850823933
2311.9810671742,94.3698291108
2312.6950823277,94.4697959774
2313.4090974813,94.3661676287
2314.1231126348,94.4558520248
2314.8371277884,94.5120304565
2315.5511429419,94.3425259160
2316.2651580955,94.5058742545
2316.9791732490,94.6367466141
2317.6931884025,94.3870130002
2318.4072035561,94.4085947579
2319.1212187096,94.4903612979
2319.8352338632,94.4499961852
2320.5492490167,94.4046278901
2321.2632641703,94.2023868038
2321.9772793238,94.2751869409
2322.6912944773,94.3447354067
2323.4053096309,94.0271021024
2324.1193247844,93.9700157357
2324.8333399380,94.3024585269
2325.5473550915,94.5555401177
2326.2613702451,94.4972079535
2326.9753853986,94.4928483576
2327.6894005521,94.5610609545
2328.4034157057,94.6987546828
2329.1174308592,94.8246738608
2329.8314460128,94.7482327089
2330.5454611663,94.6937462343
2331.2594763199,94.6192968482
2331.9734914734,94.6200636207
2332.6875066270,94.6697805732
2333.4015217805,94.6595153537
2334.1155369340,94.7840214466
2334.8295520876,94.8615662171
2335.5435672411,94.6492968892
2336.2575823947,94.5830844291
2336.9715975482,94.5602078084
2337.6856127018,94.5219260416
2338.3996278553,94.7540035884
2339.1136430088,94.8374509295
2339.8276581624,94.6511128003
2340.5416733159,94.6987257317
2341.2556884695,94.7218295232
2341.9697036230,94.7223671984
2342.6837187766,94.8548694953
2343.3977339301,94.7213540703
2344.1117490837,94.6060303169
2344.8257642372,94.7136521296
2345.5397793907,94.6710253600
2346.2537945443,94.6108498464
2346.9678096978,94.5856234167
2347.6818248514,94.5592909383
2348.3958400049,94.6573797588
2349.1098551585,94.6386188224
2349.8238703120,94.5574447719
2350.5378854655,94.5971994011
2351.2519006191,94.4654740714
2351.9659157726,94.3515319601
2352.6799309262,94.4965360341
2353.3939460797,94.3868619105
2354.1079612333,94.3400277366
2354.8219763868,94.5261712702
2355.5359915403,94.4252709414
2356.2500066939,94.4591911403
2356.9640218474,94.4667326801
2357.6780370010,94.2873685974
2358.3920521545,94.6062729246
2359.1060673081,94.6999494420
2359.8200824616,94.4453166174
2360.5340976152,94.6509028784
2361.2481127687,94.7081737640
2361.9621279222,94.5949257920
2362.6761430758,94.7935558264
2363.3901582293,94.8163912016
2364.1041733829,94.7881235731
2364.8181885364,94.8109229418
2365.5322036900,94.6070511663
2366.2462188435,94.6530257461
2366.9602339970,94.7445882053
2367.6742491506,94.5655508717
2368.3882643041,94.7040633431
2369.1022794577,94.8593589497
2369.8162946112,94.7268113150
2370.5303097648,94.7733460654
2371.2443249183,94.7850142056
2371.9583400719,94.7290169717
2372.6723552254,94.9281382201
2373.3863703789,94.8940006924
2374.1003855325,94.6440904224
2374.8144006860,94.7469703903
2375.5284158396,94.8160624754
2376.2424309931,94.6633213588
2376.9564461467,94.6979351935
2377.6704613002,94.7917730011
2378.3844764537,94.7193720466
2379.0984916073,94.6042370615
2379.8125067608,94.5735998893
2380.5265219144,94.6766000655
2381.2405370679,94.7343121112
2381.9545522215,94.6297580461
2382.6685673750,94.5737869807
2383.3825825285,94.5606229516
2384.0965976821,94.5081185236
2384.8106128356,94.5440240926
2385.5246279892,94.5984733257
2386.2386431427,94.5662861430
2386.9526582963,94.5608018346
2387.6666734498,94.5594510901
2388.3806886034,94.5410373396
2389.0947037569,94.5538702256
2389.8087189104,94.5493076758
2390.5227340640,94.6052750459
2391.2367492175,94.6848581196
2391.9507643711,94.6982886176
2392.6647795246,94.5479482029
2393.3787946782,94.4919622770
2394.0928098317,94.5089624700
2394.8068249852,94.5397976188
2395.5208401388,94.5842328431
2396.2348552923,94.6006724542
2396.9488704459,94.6297862101
2397.6628855994,94.6207746513
2398.3769007530,94.5823255146
2399.0909159065,94.5438757726
2399.8049310601,94.4933334025
2400.5189462136,94.5652852081
2401.2329613671,94.6483402062
2401.9469765207,94.5949417791
2402.6609916742,94.5737818283
2403.3750068278,94.6150737655
2404.0890219813,94.6054345075
2404.8030371349,94.6101318659
2405.5170522884,94.6599206111
2406.2310674419,94.6452229738
2406.9450825955,94.5994034524
2407.6590977490,94.6812672506
2408.3731129026,94.7453900763
2409.0871280561,94.6336478772
2409.8011432097,94.6119129469
2410.5151583632,94.7043833309
2411.2291735167,94.6633881986
2411.9431886703,94.5991709220
2412.6572038238,94.5975884103
2413.3712189774,94.6037940131
2414.0852341309,94.6634296610
2414.7992492845,94.6730565623
2415.5132644380,94.6308720934
2416.2272795916,94.6356239518
2416.9412947451,94.5872420979
2417.6553098986,94.5915995841
2418.3693250522,94.7409878417
2419.0833402057,94.7562754224
2419.7973553593,94.6528711057
2420.5113705128,94.6515178424
2421.2253856664,94.6622208190
2421.9394008199,94.6355171847
2422.6534159734,94.6507532248
2423.3674311270,94.6071757995
2424.0814462805,94.5056093496
2424.7954614341,94.5525786735
2425.5094765876,94.6383379228
2426.2234917412,94.5959153360
2426.9375068947,94.6659947550
2427.6515220483,94.7697973228
2428.3655372018,94.6378722120
2429.0795523553,94.6281578818
2429.7935675089,94.7713571058
2430.5075826624,94.6855276310
2431.2215978160,94.5974666138
2431.9356129695,94.6090164182
2432.6496281231,94.5788282702
2433.3636432766,94.7028487973
2434.0776584301,94.7833009741
2434.7916735837,94.6552347401
2435.5056887372,94.6958213073
2436.2197038908,94.7862707884
2436.9337190443,94.6525857616
2437.6477341979,94.5829886238
2438.3617493514,94.7004151489
2439.0757645050,94.7739554151
2439.7897796585,94.6825499177
2440.5037948120,94.5802860699
2441.2178099656,94.6762572436
2441.9318251191,94.8153504186
2442.6458402727,94.7800525437
2443.3598554262,94.7199370855
2444.0738705798,94.7395279177
2444.7878857333,94.6901810005
2445.5019008868,94.6151716304
2446.2159160404,94.6723870458
2446.9299311939,94.7141880281
2447.6439463475,94.6707899291
2448.3579615010,94.7417172748
2449.0719766546,94.7678709156
2449.7859918081,94.6544815411
2450.5000069616,94.6810634348
2451.2140221152,94.6573618142
2451.9280372687,94.5174059511
2452.6420524223,94.6804220187
2453.3560675758,94.8760233211
2454.0700827294,94.7825253787
2454.7840978829,94.7021505394
2455.4981130365,94.6751992609
2456.2121281900,94.6826620664
2456.9261433435,94.7545833693
2457.6401584971,94.7073951229
2458.3541736506,94.7135875431
2459.0681888042,94.8038903317
2459.7822039577,94.7188110106
2460.4962191113,94.7053193599
2461.2102342648,94.8036777766
2461.9242494183,94.7184570093
2462.6382645719,94.6315752129
2463.3522797254,94.6539650920
2464.0662948790,94.6844495593
2464.7803100325,94.7603155164
2465.4943251861,94.7723936422
2466.2083403396,94.7215561445
2466.9223554932,94.7254464904
2467.6363706467,94.7257637434
2468.3503858002,94.7372286579
2469.0644009538,94.6983642277
2469.7784161073,94.6025667692
2470.4924312609,94.7125665462
2471.2064464144,94.8626995170
2471.9204615680,94.7979816515
2472.6344767215,94.7783342712
2473.3484918750,94.8363769543
2474.0625070286,94.7931155616
2474.7765221821,94.7626191557
2475.4905373357,94.7240010538
2476.2045524892,94.6486077779
2476.9185676428,94.6913371304
2477.6325827963,94.7383248673
2478.3465979498,94.6734653852
2479.0606131034,94.6587257295
2479.7746282569,94.6983572559
2480.4886434105,94.6457739486
2481.2026585640,94.5800078703
2481.9166737176,94.6653198653
2482.6306888711,94.7568934478
2483.3447040247,94.7096904067
2484.0587191782,94.7289303877
2484.7727343317,94.7947965316
2485.4867494853,94.6846522556
2486.2007646388,94.6109179959
2486.9147797924,94.6307991547
2487.6287949459,94.5609052116
2488.3428100995,94.6084624674
2489.0568252530,94.7005044752
2489.7708404065,94.6152889546
2490.4848555601,94.6640840922
2491.1988707136,94.7314048458
2491.9128858672,94.5489234738
2492.6269010207,94.5717090582
2493.3409161743,94.7639284716
2494.0549313278,94.7014271711
2494.7689464814,94.6816955413
2495.4829616349,94.7810373369
2496.1969767884,94.6887997062
2496.9109919420,94.5993452411
2497.6250070955,94.6863457022
2498.3390222491,94.6763522871
2499.0530374026,94.4806134940
2499.7670525562,94.4454627350
2500.4810677097,94.6521008968
2501.1950828632,94.7019768050
2501.9090980168,94.6038747258
2502.6231131703,94.6210592128
2503.3371283239,94.5832611050
2504.0511434774,94.5698440514
2504.7651586310,94.7474741655
2505.4791737845,94.7661866438
2506.1931889380,94.6368508099
2506.9072040916,94.6191286878
2507.6212192451,94.5784156011
2508.3352343987,94.5292104894
2509.0492495522,94.5439220456
2509.7632647058,94.4859888423
2510.4772798593,94.4538146629
2511.1912950129,94.5465513650
2511.9053101664,94.6100804215
2512.6193253199,94.6064442036
2513.3333404735,94.6212566994
2514.0473556270,94.6127488955
2514.7613707806,94.5212950536
2515.4753859341,94.5343803824
2516.1894010877,94.6980574725
2516.9034162412,94.7428176993
2517.6174313947,94.7408182605
2518.3314465483,94.8114995713
2519.0454617018,94.7249382246
2519.7594768554,94.6111535624
2520.4734920089,94.6710477720
2521.1875071625,94.6649131139
2521.9015223160,94.5582952386
2522.6155374696,94.5526789845
2523.3295526231,94.6275485045
2524.0435677766,94.6502139009
2524.7575829302,94.6006081762
2525.4715980837,94.6055501198
2526.1856132373,94.6001004780
2526.8996283908,94.4754019554
2527.6136435444,94.4643013038
2528.3276586979,94.5797058582
2529.0416738514,94.5960651488
2529.7556890050,94.5909728212
2530.4697041585,94.5632566253
2531.1837193121,94.5050982910
2531.8977344656,94.5598007229
2532.6117496192,94.5653049197
2533.3257647727,94.5001410006
2534.0397799262,94.5793154059
2534.7537950798,94.6117796784
2535.4678102333,94.5100164314
2536.1818253869,94.5138428313
2536.8958405404,94.5941777954
2537.6098556940,94.6150763339
2538.3238708475,94.5273887321
2539.0378860011,94.3829501695
2539.7519011546,94.4141143975
2540.4659163081,94.5528137513
2541.1799314617,94.5000989499
2541.8939466152,94.4044627276
2542.6079617688,94.4589938672
2543.3219769223,94.4632759487
2544.0359920759,94.3889350701
2544.7500072294,94.4071706276
2545.4640223829,94.4394617651
2546.1780375365,94.3988861647
2546.8920526900,94.4102187248
2547.6060678436,94.4963726947
2548.3200829971,94.5472664006
2549.0340981507,94.5655784894
2549.7481133042,94.5535614595
2550.4621284578,94.4696548348
2551.1761436113,94.4534847167
2551.8901587648,94.5753487011
2552.6041739184,94.5952629541
2553.3181890719,94.5190893347
2554.0322042255,94.5221482763
2554.7462193790,94.4453770829
2555.4602345326,94.3612181859
2556.1742496861,94.4634366736
2556.8882648396,94.4790290274
2557.6022799932,94.4024664637
2558.3162951467,94.4599878690
2559.0303103003,94.5111658384
2559.7443254538,94.5648771480
2560.4583406074,94.5830981992
2561.1723557609,94.4191205350
2561.8863709144,94.4018994545
2562.6003860680,94.5322740636
2563.3144012215,94.5097008099
2564.0284163751,94.4805758240
2564.7424315286,94.4326146473
2565.4564466822,94.3884626979
2566.1704618357,94.4858382305
2566.8844769893,94.4499258796
2567.5984921428,94.4256080240
2568.3125072963,94.5727560386
2569.0265224499,94.4833758601
2569.7405376034,94.4147258945
2570.4545527570,94.5333860706
2571.1685679105,94.4147810427
2571.8825830641,94.3933860663
2572.5965982176,94.5648898754
2573.3106133711,94.4489291520
2574.0246285247,94.3841010766
2574.7386436782,94.5438546141
2575.4526588318,94.5262197930
2576.1666739853,94.4453491778
2576.8806891389,94.4528194408
2577.5947042924,94.4301894768
2578.3087194460,94.4202479643
2579.0227345995,94.4497756540
2579.7367497530,94.4581999987
2580.4507649066,94.4438377420
2581.1647800601,94.4557981407
2581.8787952137,94.4706870600
2582.5928103672,94.4781665268
2583.3068255208,94.5278878842
2584.0208406743,94.4745130504
2584.7348558278,94.3707428270
2585.4488709814,94.4462701517
2586.1628861349,94.4716529619
2586.8769012885,94.4068685916
2587.5909164420,94.4560518859
2588.3049315956,94.4350399551
2589.0189467491,94.4250591980
2589.7329619027,94.4830154410
2590.4469770562,94.3892210701
2591.1609922097,94.4202752749
2591.8750073633,94.5141091694
2592.5890225168,94.3959276015
2593.3030376704,94.4342934607
2594.0170528239,94.5015322527
2594.7310679775,94.4234410943
2595.4450831310,94.5586161652
2596.1590982845,94.5693172566
2596.8731134381,94.3927684411
2597.5871285916,94.5164744188
2598.3011437452,94.5936206803
2599.0151588987,94.4663038040
2599.7291740523,94.4391203583
2600.4431892058,94.4262704936
2601.1572043593,94.4915786761
2601.8712195129,94.5602210974
2602.5852346664,94.4593220720
2603.2992498200,94.4806377135
2604.0132649735,94.5453060571
2604.7272801271,94.4971690118
2605.4412952806,94.5762495983
2606.1553104342,94.6528029335
2606.8693255877,94.6557605213
2607.5833407412,94.6578767615
2608.2973558948,94.5145110800
2609.0113710483,94.4765621187
2609.7253862019,94.6039418476
2610.4394013554,94.5379689213
2611.1534165090,94.5107765893
2611.8674316625,94.6023905618
2612.5814468160,94.4965620804
2613.2954619696,94.4653317095
2614.0094771231,94.5973698259
2614.7234922767,94.5308510442
2615.4375074302,94.4175473272
2616.1515225838,94.4693581702
2616.8655377373,94.5355437225
2617.5795528909,94.5641665604
2618.2935680444,94.5578656427
2619.0075831979,94.5317634328
2619.7215983515,94.5523111447
2620.4356135050,94.5603137458
2621.1496286586,94.5440521257
2621.8636438121,94.5656785273
2622.5776589657,94.5680397893
2623.2916741192,94.5268414421
2624.0056892727,94.4841052715
2624.7197044263,94.4863998254
2625.4337195798,94.5685778279
2626.1477347334,94.6005291935
2626.8617498869,94.5301346837
2627.5757650405,94.5277292092
2628.2897801940,94.5859862368
2629.0037953475,94.6253250097
2629.7178105011,94.6458109525
2630.4318256546,94.5628159681
2631.1458408082,94.4967855912
2631.8598559617,94.5873198290
2632.5738711153,94.6312935705
2633.2878862688,94.5944032494
2634.0019014224,94.5960206751
2634.7159165759,94.5583610247
2635.4299317294,94.5296221334
2636.1439468830,94.5858805581
2636.8579620365,94.6392061549
2637.5719771901,94.6614632034
2638.2859923436,94.6363035091
2639.0000074972,94.6102090458
2639.7140226507,94.6463216446
2640.4280378042,94.6454558458
2641.1420529578,94.6296588102
2641.8560681113,94.6706420676
2642.5700832649,94.6655496069
2643.2840984184,94.6401122431
2643.9981135720,94.6843340771
2644.7121287255,94.7234654336
2645.4261438791,94.6883056624
2646.1401590326,94.6315443106
2646.8541741861,94.6318330692
2647.5681893397,94.6235949605
2648.2822044932,94.5977666428
2648.9962196468,94.6870275139
2649.7102348003,94.7471706522
2650.4242499539,94.6687739205
2651.1382651074,94.6453532593
2651.8522802609,94.6116021269
2652.5662954145,94.5259637216
2653.2803105680,94.5811758793
2653.9943257216,94.6489860148
2654.7083408751,94.6345754659
2655.4223560287,94.6762656266
2656.1363711822,94.7108051932
2656.8503863357,94.7078812315
2657.5644014893,94.7140223516
2658.2784166428,94.7049528101
2658.9924317964,94.7004683834
2659.7064469499,94.6430737299
2660.4204621035,94.6108656390
2661.1344772570,94.7432747921
2661.8484924106,94.7875837309
2662.5625075641,94.6867816103
2663.2765227176,94.7007941589
2663.9905378712,94.7398808249
2664.7045530247,94.7362590237
2665.4185681783,94.7724075422
2666.1325833318,94.7512759268
2666.8465984854,94.7504051971
2667.5606136389,94.8099603056
2668.2746287924,94.7486886705
2668.9886439460,94.7012844931
2669.7026590995,94.7552233316
2670.4166742531,94.7207262677
2671.1306894066,94.6980942775
2671.8447045602,94.7486916068
2672.5587197137,94.7074198217
2673.2727348673,94.6716469564
2673.9867500208,94.6940929333
2674.7007651743,94.6519304278
2675.4147803279,94.6288729772
2676.1287954814,94.6668790775
2676.8428106350,94.6901667945
2677.5568257885,94.7014085305
2678.2708409421,94.6716311535
2678.9848560956,94.6536652055
2679.6988712491,94.6925863765
2680.4128864027,94.6799906767
2681.1269015562,94.6692641762
2681.8409167098,94.6713096912
2682.5549318633,94.5939844724
2683.2689470169,94.6235619359
2683.9829621704,94.7220547203
2684.6969773239,94.6596660363
2685.4109924775,94.6293906609
2686.1250076310,94.6676400985
2686.8390227846,94.6181308545
2687.5530379381,94.6146603413
2688.2670530917,94.6185880799
2688.9810682452,94.5862709077
2689.6950833988,94.6483358706
2690.4090985523,94.6457008147
2691.1231137058,94.5748290986
2691.8371288594,94.6050255841
2692.5511440129,94.6059191881
2693.2651591665,94.5842925540
2693.9791743200,94.5975038055
2694.6931894736,94.5530680966
2695.4072046271,94.5513655479
2696.1212197806,94.5824809962
2696.8352349342,94.5640595483
2697.5492500877,94.6007400952
2698.2632652413,94.6087851819
2698.9772803948,94.5512604988
2699.6912955484,94.5808968462
2700.4053107019,94.6122927749
2701.1193258555,94.5540723942
2701.8333410090,94.5218415315
2702.5473561625,94.5876274362
2703.2613713161,94.6435550268
2703.9753864696,94.5930367782
2704.6894016232,94.6017483011
2705.4034167767,94.6561254270
2706.1174319303,94.5491457544
2706.8314470838,94.4855453248
2707.5454622373,94.5480902757
2708.2594773909,94.5386453910
2708.9734925444,94.5759832098
2709.6875076980,94.6338518817
2710.4015228515,94.5760087236
2711.1155380051,94.5640223094
2711.8295531586,94.5658060979
2712.5435683122,94.5320339595
2713.2575834657,94.5571808670
2713.9715986192,94.5468766917
2714.6856137728,94.5373624931
2715.3996289263,94.5803230573
2716.1136440799,94.5796454584
2716.8276592334,94.5882907700
2717.5416743870,94.5607020626
2718.2556895405,94.5192353347
2718.9697046940,94.6033610310
2719.6837198476,94.6021864656
2720.3977350011,94.5167171236
2721.1117501547,94.5659599590
2721.8257653082,94.5675382666
2722.5397804618,94.5188989026
2723.2537956153,94.5825061376
2723.9678107688,94.6124395407
2724.6818259224,94.5860217604
2725.3958410759,94.5555779481
2726.1098562295,94.4964602983
2726.8238713830,94.4981160108
2727.5378865366,94.5417113653
2728.2519016901,94.5512248947
2728.9659168437,94.5530958362
2729.6799319972,94.5774605522
2730.3939471507,94.6288609687
2731.1079623043,94.5876962128
2731.8219774578,94.4781921922
2732.5359926114,94.5013178090
2733.2500077649,94.5225260698
2733.9640229185,94.4475957646
2734.6780380720,94.4954123655
2735.3920532255,94.5827316232
2736.1060683791,94.5354106443
2736.8200835326,94.4906897608
2737.5340986862,94.5188443541
2738.2481138397,94.5361257718
2738.9621289933,94.5110108835
2739.6761441468,94.4732812285
2740.3901593004,94.4705931904
2741.1041744539,94.5039993074
2741.8181896074,94.5137918436
2742.5322047610,94.4783352913
2743.2462199145,94.4671901678
2743.9602350681,94.4824106357
2744.6742502216,94.4676831141
2745.3882653752,94.4941319090
2746.1022805287,94.5517927085
2746.8162956822,94.5379010985
2747.5303108358,94.5121178461
2748.2443259893,94.5005701841
2748.9583411429,94.5132690377
2749.6723562964,94.5767075916
2750.3863714500,94.5476905832
2751.1003866035,94.4922091952
2751.8144017570,94.5524840738
2752.5284169106,94.5586097278
2753.2424320641,94.5352476318
2753.9564472177,94.5593405525
2754.6704623712,94.4926008325
2755.3844775248,94.4648737409
2756.0984926783,94.5119850863
2756.8125078319,94.4706217189
2757.5265229854,94.4848347048
2758.2405381389,94.5398764411
2758.9545532925,94.4959523239
2759.6685684460,94.5095712953
2760.3825835996,94.5467211452
2761.0965987531,94.5208989252
2761.8106139067,94.5924838148
2762.5246290602,94.6615802448
2763.2386442137,94.5507298010
2763.9526593673,94.4666490862
2764.6666745208,94.5542146686
2765.3806896744,94.6014349106
2766.0947048279,94.5327604671
2766.8087199815,94.5186620727
2767.5227351350,94.5261995173
2768.2367502886,94.5124087829
2768.9507654421,94.5732504319
2769.6647805956,94.5806509269
2770.3787957492,94.5090123509
2771.0928109027,94.5121883279
2771.8068260563,94.5131659480
2772.5208412098,94.5322554957
2773.2348563634,94.5801497817
2773.9488715169,94.4834036361
2774.6628866704,94.4335349281
2775.3769018240,94.5416593571
2776.0909169775,94.5525851660
2776.8049321311,94.5102623437
2777.5189472846,94.5036069020
2778.2329624382,94.4863473288
2778.9469775917,94.5234764146
2779.6609927452,94.5300289677
2780.3750078988,94.4898811367
2781.0890230523,94.5174186444
2781.8030382059,94.5040564702
2782.5170533594,94.4497475282
2783.2310685130,94.4594277592
2783.9450836665,94.4851328131
2784.6590988201,94.5334545901
2785.3731139736,94.5522552175
2786.0871291271,94.4934178648
2786.8011442807,94.5048595103
2787.5151594342,94.5753043224
2788.2291745878,94.5533975899
2788.9431897413,94.4776980991
2789.6572048949,94.4622529190
2790.3712200484,94.4823669757
2791.0852352019,94.4531049808
2791.7992503555,94.4312467852
2792.5132655090,94.4568991751
2793.2272806626,94.4636295357
2793.9412958161,94.4886403866
2794.6553109697,94.4973381417
2795.3693261232,94.4474525294
2796.0833412768,94.4663198131
2796.7973564303,94.4757174646
2797.5113715838,94.4320407352
2798.2253867374,94.5039044639
2798.9394018909,94.5369368803
2799.6534170445,94.4291269009
2800.3674321980,94.4076001487
2801.0814473516,94.4615406471
2801.7954625051,94.4639915993
2802.5094776586,94.4373782230
2803.2234928122,94.4526262033
2803.9375079657,94.5237707721
2804.6515231193,94.5088965198
2805.3655382728,94.4549218684
2806.0795534264,94.5072265605
2806.7935685799,94.4901707084
2807.5075837334,94.4071419442
2808.2215988870,94.4340706396
2808.9356140405,94.4574654847
2809.6496291941,94.4705828937
2810.3636443476,94.5277395867
2811.0776595012,94.5203473958
2811.7916746547,94.4854440162
2812.5056898083,94.4672087102
2813.2197049618,94.4530102823
2813.9337201153,94.4669565470
2814.6477352689,94.4548029322
2815.3617504224,94.4882758226
2816.0757655760,94.5854945110
2816.7897807295,94.5380213811
2817.5037958831,94.4300804329
2818.2178110366,94.4652427630
2818.9318261901,94.5402456446
2819.6458413437,94.5586896822
2820.3598564972,94.5520738043
2821.0738716508,94.5527199153
2821.7878868043,94.5535667404
2822.5019019579,94.5425490744
2823.2159171114,94.5798627392
2823.9299322650,94.6199222770
2824.6439474185,94.5845048933
2825.3579625720,94.5672409928
2826.0719777256,94.5668996251
2826.7859928791,94.5364160903
2827.5000080327,94.5519022472
2828.2140231862,94.5796678829
2828.9280383398,94.5653325963
2829.6420534933,94.5282470225
2830.3560686468,94.4948654842
2831.0700838004,94.5508421863
2831.7840989539,94.6079978982
2832.4981141075,94.5425083203
2833.2121292610,94.5326568564
2833.9261444146,94.6049928323
2834.6401595681,94.5650491120
2835.3541747217,94.4658921199
2836.0681898752,94.4240553237
2836.7822050287,94.4435716422
2837.4962201823,94.5023382207
2838.2102353358,94.5116602525
2838.9242504894,94.4749144972
2839.6382656429,94.4680599416
2840.3522807965,94.4615489464
2841.0662959500,94.4808373566
2841.7803111035,94.5475386143
2842.4943262571,94.5144166101
2843.2083414106,94.3896651614
2843.9223565642,94.3867995452
2844.6363717177,94.4704907988
2845.3503868713,94.4448852067
2846.0644020248,94.3933731770
2846.7784171783,94.4366744964
2847.4924323319,94.4457230919
2848.2064474854,94.3950652787
2848.9204626390,94.4001852422
2849.6344777925,94.4186238990
2850.3484929461,94.4178687462
2851.0625080996,94.4428580280
2851.7765232532,94.4658150012
2852.4905384067,94.5239229924
2853.2045535602,94.6388622253
2853.9185687138,94.6900991676
2854.6325838673,94.6802582424
2855.3465990209,94.6921466006
2856.0606141744,94.7044334701
2856.7746293280,94.7371833007
2857.4886444815,94.7924079422
2858.2026596350,94.8670923220
2858.9166747886,95.0219452458
2859.6306899421,95.1202754232
2860.3447050957,95.0876113258
2861.0587202492,95.1262181944
2861.7727354028,95.2198350132
2862.4867505563,95.3176744505
2863.2007657099,95.4915305656
2863.9147808634,95.5713505410
2864.6287960169,95.5825591992
2865.3428111705,95.6726739589
2866.0568263240,95.6600587198
2866.7708414776,95.6603118424
2867.4848566311,95.8303445741
2868.1988717847,95.8767608410
2868.9128869382,95.8480625473
2869.6269020917,95.9520371606
2870.3409172453,96.0407669757
2871.0549323988,96.0804607598
2871.7689475524,96.1052789820
2872.4829627059,96.1312430587
2873.1969778595,96.2186798711
2873.9109930130,96.2519080792
2874.6250081665,96.2284708352
2875.3390233201,96.2645267791
2876.0530384736,96.3530835593
2876.7670536272,96.5194993143
2877.4810687807,96.6550405961
2878.1950839343,96.7096719844
2878.9090990878,96.8696139814
2879.6231142414,97.0698732079
2880.3371293949,97.2784752836
2881.0511445484,97.5705906573
2881.7651597020,97.7599280511
2882.4791748555,97.9206242646
2883.1931900091,98.1060563481
2883.9072051626,98.0518740253
2884.6212203162,97.9349660162
2885.3352354697,97.8985423915
2886.0492506232,97.7816806434
2886.7632657768,97.8245385182
2887.4772809303,98.0663854393
2888.1912960839,98.1180974733
2888.9053112374,98.0572228387
2889.6193263910,98.0837270647
2890.3333415445,98.0320952202
2891.0473566981,97.9015915981
2891.7613718516,97.8471489671
2892.4753870051,97.7781282341
2893.1894021587,97.6251048634
2893.9034173122,97.5140093294
2894.6174324658,97.4509963018
2895.3314476193,97.3622766109
2896.0454627729,97.2781129658
2896.7594779264,97.1958424364
2897.4734930799,97.1430941476
2898.1875082335,97.1654446600
2898.9015233870,97.1255951306
2899.6155385406,97.0087177671
2900.3295536941,96.9544683883
2901.0435688477,96.8998187613
2901.7575840012,96.8290524102
2902.4715991547,96.8205418057
2903.1856143083,96.7631110865
2903.8996294618,96.6454535112
2904.6136446154,96.5880248348
2905.3276597689,96.5162987525
2906.0416749225,96.4081698506
2906.7556900760,96.4030941805
2907.4697052296,96.3967027196
2908.1837203831,96.2753173980
2908.8977355366,96.2859378013
2909.6117506902,96.3777117839
2910.3257658437,96.2384342060
2911.0397809973,96.1566150880
2911.7537961508,96.2505771142
2912.4678113044,96.1415080394
2913.1818264579,96.1030283440
2913.8958416114,96.3096737225
2914.6098567650,96.2874330414
2915.3238719185,96.1668826754
2916.0378870721,96.1774673575
2916.7519022256,96.1316786940
2917.4659173792,96.1424848407
2918.1799325327,96.1618306231
2918.8939476863,96.0714285572
2919.6079628398,96.0406375047
2920.3219779933,95.9739768358
2921.0359931469,95.9754647015
2921.7500083004,96.1486703475
2922.4640234540,96.0847742663
2923.1780386075,95.9927105139
2923.8920537611,96.1915675509
2924.6060689146,96.2581255268
2925.3200840681,96.2124218851
2926.0340992217,96.3128997283
2926.7481143752,96.3972720864
2927.4621295288,96.4597546698
2928.1761446823,96.5203384306
2928.8901598359,96.5665087382
2929.6041749894,96.7019194777
2930.3181901429,96.8495642999
2931.0322052965,96.9243814150
2931.7462204500,96.9074686421
2932.4602356036,96.7909639373
2933.1742507571,96.6902728303
2933.8882659107,96.6921806742
2934.6022810642,96.7568504243
2935.3162962178,96.6998054740
2936.0303113713,96.5273055167
2936.7443265248,96.5678781593
2937.4583416784,96.7301988785
2938.1723568319,96.7921508802
2938.8863719855,96.9125617523
2939.6003871390,96.9383255636
2940.3144022926,96.7954827289
2941.0284174461,96.7961510131
2941.7424325996,96.8919434641
2942.4564477532,96.9655406932
2943.1704629067,97.0091892738
2943.8844780603,97.0418757353
2944.5984932138,97.2418835125
2945.3125083674,97.4096221485
2946.0265235209,97.4698594573
2946.7405386745,97.7346842022
2947.4545538280,97.9028077912
2948.1685689815,97.8452315195
2948.8825841351,97.9275383351
2949.5965992886,98.0391429659
2950.3106144422,98.1325349930
2951.0246295957,98.2405628215
2951.7386447493,98.3028265917
2952.4526599028,98.5343913936
2953.1666750563,98.7356948153
2953.8806902099,98.8324308595
2954.5947053634,99.0847471522
2955.3087205170,99.1101855464
2956.0227356705,99.0927855437
2956.7367508241,99.4164356664
2957.4507659776,99.4647946037
2958.1647811312,99.4184293820
2958.8787962847,99.6933238069
2959.5928114382,99.8184320630
2960.3068265918,99.9387656069
2961.0208417453,100.1371132037
2961.7348568989,100.1842116145
2962.4488720524,100.4274133707
2963.1628872060,100.6918400085
2963.8769023595,100.8201323994
2964.5909175130,101.1856447876
2965.3049326666,101.5717508575
2966.0189478201,101.7955685411
2966.7329629737,101.9235281325
2967.4469781272,102.0341835598
2968.1609932808,102.2498354483
2968.8750084343,102.4535814225
2969.5890235878,103.6240344904
2970.3030387414,106.0996256250
2971.0170538949,106.6196623122
2971.7310690485,104.8999270147
2972.4450842020,104.3366531554
2973.1590993556,104.4505203039
2973.8731145091,104.0865755463
2974.5871296627,104.1207908616
2975.3011448162,104.4615337721
2976.0151599697,104.8031605526
2976.7291751233,105.4417209309
2977.4431902768,106.0608582106
2978.1572054304,106.6288153919
2978.8712205839,107.7425074154
2979.5852357375,109.0513285415
2980.2992508910,109.4089929671
2981.0132660445,110.0022449525
2981.7272811981,111.9039641116
2982.4412963516,110.7748698147
2983.1553115052,106.4897424405
2983.8693266587,104.4644348307
2984.5833418123,104.1941134852
2985.2973569658,103.5220287534
2986.0113721194,103.3416948660
2986.7253872729,103.3803954969
2987.4394024264,102.7859908471
2988.1534175800,102.5242941060
2988.8674327335,102.5333422917
2989.5814478871,102.4387359366
2990.2954630406,102.4069772963
2991.0094781942,102.1566865648
2991.7234933477,101.9989954033
2992.4375085012,102.0059020536
2993.1515236548,101.8067112367
2993.8655388083,101.6806928596
2994.5795539619,101.5226239574
2995.2935691154,101.3137282837
2996.0075842690,101.2335888474
2996.7215994225,100.8709120992
2997.4356145760,100.5789649211
2998.1496297296,100.6328500808
2998.8636448831,100.4269725111
2999.5776600367,100.0898063354
3000.2916751902,99.8181486404
3001.0056903438,99.4682073974
3001.7197054973,99.1303901914
3002.4337206509,98.7066810814
3003.1477358044,98.4039374709
3003.8617509579,98.2410018051
3004.5757661115,97.8083672510
3005.2897812650,97.4260949482
3006.0037964186,97.1997370041
3006.7178115721,96.8854240839
3007.4318267257,96.6763120175
3008.1458418792,96.3464248936
3008.8598570327,95.9275841062
3009.5738721863,95.8291136778
3010.2878873398,95.6513803602
3011.0019024934,95.3449671852
3011.7159176469,95.2631579302
3012.4299328005,95.1129485249
3013.1439479540,94.9144477468
3013.8579631076,94.8394397284
3014.5719782611,94.6844112515
3015.2859934146,94.5601484399
3016.0000085682,94.5131210651
3016.7140237217,94.4054539661
3017.4280388753,94.3445847965
3018.1420540288,94.3585045685
3018.8560691824,94.4080315116
3019.5700843359,94.4068762467
3020.2840994894,94.2794479891
3020.9981146430,94.2378398328
3021.7121297965,94.2878665117
3022.4261449501,94.2648515335
3023.1401601036,94.2499133774
3023.8541752572,94.2412666353
3024.5681904107,94.2214277443
3025.2822055642,94.1990582890
3025.9962207178,94.1463022611
3026.7102358713,94.2282215281
3027.4242510249,94.3107497679
3028.1382661784,94.1921149690
3028.8522813320,94.1983646407
3029.5662964855,94.2887339167
3030.2803116391,94.2051251319
3030.9943267926,94.1960369101
3031.7083419461,94.2335777452
3032.4223570997,94.1985375917
3033.1363722532,94.2858456935
3033.8503874068,94.3162722439
3034.5644025603,94.2261483389
3035.2784177139,94.2595767241
3035.9924328674,94.2369620966
3036.7064480209,94.1247741222
3037.4204631745,94.1795049042
3038.1344783280,94.2699641483
3038.8484934816,94.2605837546
3039.5625086351,94.2118595294
3040.2765237887,94.1298502024
3040.9905389422,94.1267116308
3041.7045540958,94.2339642929
3042.4185692493,94.2997918492
3043.1325844028,94.2706775293
3043.8465995564,94.1741189088
3044.5606147099,94.1415831064
3045.2746298635,94.2079076403
3045.9886450170,94.1324486965
3046.7026601706,94.0105247372
3047.4166753241,94.0791692294
3048.1306904776,94.0975787045
3048.8447056312,94.0449527774
3049.5587207847,94.0892102917
3050.2727359383,94.0122945927
3050.9867510918,93.9135702540
3051.7007662454,93.9558063610
3052.4147813989,93.8648474987
3053.1287965524,93.7945085698
3053.8428117060,93.9069419713
3054.5568268595,93.8886209800
3055.2708420131,93.8437868923
3055.9848571666,93.9079111239
3056.6988723202,93.9098549038
3057.4128874737,93.9285629319
3058.1269026273,93.9158824369
3058.8409177808,93.8290848824
3059.5549329343,93.8385459188
3060.2689480879,93.8261959123
3060.9829632414,93.8310866107
3061.6969783950,93.9195949901
3062.4109935485,93.8409716980
3063.1250087021,93.7902162016
3063.8390238556,93.8638567248
3064.5530390091,93.7837244387
3065.2670541627,93.8003869138
3065.9810693162,93.9199043613
3066.6950844698,93.8247745949
3067.4090996233,93.7669946707
3068.1231147769,93.8325435736
3068.8371299304,93.8731245986
3069.5511450840,93.9205728981
3070.2651602375,93.8554875679
3070.9791753910,93.8196274420
3071.6931905446,93.9086274663
3072.4072056981,93.8441937443
3073.1212208517,93.8320760082
3073.8352360052,93.9909054676
3074.5492511588,93.9635237541
3075.2632663123,93.8436563645
3075.9772814658,93.7895894339
3076.6912966194,93.7351740335
3077.4053117729,93.7568461632
3078.1193269265,93.8320044409
3078.8333420800,93.9188331088
3079.5473572336,93.9385350046
3080.2613723871,93.8067449994
3080.9753875406,93.7714515160
3081.6894026942,93.8274282640
3082.4034178477,93.8122272777
3083.1174330013,93.8917386951
3083.8314481548,93.9311490881
3084.5454633084,93.8296785460
3085.2594784619,93.8664568942
3085.9734936155,93.9364038907
3086.6875087690,93.9117514710
3087.4015239225,93.9135745436
3088.1155390761,93.9025111040
3088.8295542296,93.9442645531
3089.5435693832,94.0235336337
3090.2575845367,93.9835046431
3090.9715996903,93.9337590350
3091.6856148438,93.8965925296
3092.3996299973,93.8876957242
3093.1136451509,94.0159544959
3093.8276603044,94.0424296300
3094.5416754580,93.9073687658
3095.2556906115,93.8753429157
3095.9697057651,93.8997028206
3096.6837209186,93.8855065331
3097.3977360722,93.8728447659
3098.1117512257,93.8429176554
3098.8257663792,93.8416243669
3099.5397815328,93.8965103710
3100.2537966863,93.9610416267
3100.9678118399,93.9536789127
3101.6818269934,93.8516030364
3102.3958421470,93.8408234400
3103.1098573005,93.9042495771
3103.8238724540,93.8626670253
3104.5378876076,93.8513490956
3105.2519027611,93.8804578678
3105.9659179147,93.8304486877
3106.6799330682,93.8852071375
3107.3939482218,94.0013257310
3108.1079633753,93.9451728575
3108.8219785289,93.8759725948
3109.5359936824,93.9533486618
3110.2500088359,94.0719916548
3110.9640239895,94.1119084406
3111.6780391430,94.0271590425
3112.3920542966,93.9190254492
3113.1060694501,93.9002193507
3113.8200846037,93.9231430817
3114.5340997572,93.9459425848
3115.2481149107,93.9516125224
3115.9621300643,93.9364768769
3116.6761452178,93.9861014529
3117.3901603714,94.0863377506
3118.1041755249,94.1127597130
3118.8181906785,94.0727903821
3119.5322058320,94.0286694886
3120.2462209855,93.9893449100
3120.9602361391,94.0078234297
3121.6742512926,94.0287429588
3122.3882664462,93.9495723862
3123.1022815997,93.9133205307
3123.8162967533,93.9857257944
3124.5303119068,94.0095332680
3125.2443270604,93.9996261305
3125.9583422139,94.0118015696
3126.6723573674,93.9923272542
3127.3863725210,94.0112690929
3128.1003876745,94.1048026557
3128.8144028281,94.1620999903
3129.5284179816,94.1176073897
3130.2424331352,94.0030323055
3130.9564482887,93.9594455555
3131.6704634422,94.0470052357
3132.3844785958,94.1108582537
3133.0984937493,94.0955408436
3133.8125089029,94.0851224400
3134.5265240564,94.0500689004
3135.2405392100,93.9692883703
3135.9545543635,93.9827375120
3136.6685695171,94.1044638653
3137.3825846706,94.1189778367
3138.0965998241,94.0421932378
3138.8106149777,94.0619688694
3139.5246301312,94.0742828378
3140.2386452848,94.0689023071
3140.9526604383,94.1626200398
3141.6666755919,94.1278289402
3142.3806907454,93.9669107598
3143.0947058989,94.0107741399
3143.8087210525,94.1535816724
3144.5227362060,94.1465186889
3145.2367513596,94.0621694878
3145.9507665131,94.0565466564
3146.6647816667,94.1389939533
3147.3787968202,94.1690630027
3148.0928119737,94.1661501546
3148.8068271273,94.1823128938
3149.5208422808,94.0912618167
3150.2348574344,94.0456051312
3150.9488725879,94.1714177237
3151.6628877415,94.2341309631
3152.3769028950,94.1910351138
3153.0909180486,94.1201657438
3153.8049332021,94.1167016348
3154.5189483556,94.1983533659
3155.2329635092,94.0910837718
3155.9469786627,93.9746644852
3156.6609938163,94.0700620570
3157.3750089698,94.0467644019
3158.0890241234,94.1133013579
3158.8030392769,94.2824060995
3159.5170544304,94.0633000264
3160.2310695840,94.0218855566
3160.9450847375,94.2330547589
3161.6590998911,93.9877247847
3162.3731150446,93.9007350594
3163.0871301982,94.1424312812
3163.8011453517,94.0710901391
3164.5151605053,94.1298554751
3165.2291756588,94.2398381748
3165.9431908123,94.0202715913
3166.6572059659,94.0811447895
3167.3712211194,94.2214737366
3168.0852362730,94.1473481001
3168.7992514265,94.2831109132
3169.5132665801,94.2161364768
3170.2272817336,93.9857166343
3170.9412968871,94.1778285085
3171.6553120407,94.2109875546
3172.3693271942,93.9956981442
3173.0833423478,94.0863280052
3173.7973575013,94.1352596523
3174.5113726549,94.0798625309
3175.2253878084,94.2013118339
3175.9394029619,94.2456726258
3176.6534181155,94.1895245708
3177.3674332690,94.1649521161
3178.0814484226,94.1725757702
3178.7954635761,94.2868886902
3179.5094787297,94.3235226784
3180.2234938832,94.2294808456
3180.9375090368,94.1840557775
3181.6515241903,94.0994092251
3182.3655393438,94.0811459365
3183.0795544974,94.2320084244
3183.7935696509,94.1947427680
3184.5075848045,94.0422628909
3185.2215999580,94.1081276412
3185.9356151116,94.1677747125
3186.6496302651,94.1258864314
3187.3636454186,94.1680379920
3188.0776605722,94.1797145839
3188.7916757257,94.1528995897
3189.5056908793,94.2234928002
3190.2197060328,94.2621598392
3190.9337211864,94.2579003789
3191.6477363399,94.2756877743
3192.3617514935,94.2081221309
3193.0757666470,94.1912984941
3193.7897818005,94.2648745274
3194.5037969541,94.1680308244
3195.2178121076,94.0934085493
3195.9318272612,94.1967629039
3196.6458424147,94.1475126722
3197.3598575683,94.0555034038
3198.0738727218,94.1329886607
3198.7878878753,94.1616340103
3199.5019030289,94.1961356210
3200.2159181824,94.2345265938
3200.9299333360,94.0819478912
3201.6439484895,94.0244821622
3202.3579636431,94.1749118840
3203.0719787966,94.2306828879
3203.7859939501,94.1648160666
3204.5000091037,94.0755745309
3205.2140242572,94.0898011434
3205.9280394108,94.1809985483
3206.6420545643,94.0543958503
3207.3560697179,93.9488634401
3208.0700848714,94.1484631738
3208.7841000250,94.2478264559
3209.4981151785,94.1548828158
3210.2121303320,94.0758913879
3210.9261454856,93.9925054618
3211.6401606391,94.0895904034
3212.3541757927,94.2621668620
3213.0681909462,94.1603238067
3213.7822060998,94.0462585076
3214.4962212533,94.0990375882
3215.2102364068,94.0888282820
3215.9242515604,94.0392283369
3216.6382667139,94.0521165841
3217.3522818675,94.0999136359
3218.0662970210,94.0784732045
3218.7803121746,94.0000166530
3219.4943273281,94.0308802167
3220.2083424817,94.0310840272
3220.9223576352,93.9951563738
3221.6363727887,94.1234967278
3222.3503879423,94.0327467708
3223.0644030958,93.7358729228
3223.7784182494,93.8119456182
3224.4924334029,94.0191039166
3225.2064485565,94.0923786635
3225.9204637100,94.1615243007
3226.6344788635,93.9767617422
3227.3484940171,93.7614850334
3228.0625091706,93.8863340414
3228.7765243242,93.9704210764
3229.4905394777,93.9206530500
3230.2045546313,93.9303644993
3230.9185697848,93.9483301784
3231.6325849384,93.9884313400
3232.3466000919,93.9288597743
3233.0606152454,93.8224640069
3233.7746303990,93.8708965297
3234.4886455525,93.8401094594
3235.2026607061,93.7698307032
3235.9166758596,93.8646381403
3236.6306910132,93.9141027327
3237.3447061667,93.9464870406
3238.0587213202,93.9383203875
3238.7727364738,93.8142369137
3239.4867516273,93.9190881419
3240.2007667809,93.9809198195
3240.9147819344,93.7066633941
3241.6287970880,93.7294363923
3242.3428122415,93.9661163491
3243.0568273950,93.8481898160
3243.7708425486,93.6967026805
3244.4848577021,93.7303133461
3245.1988728557,93.7798426930
3245.9128880092,93.8396816443
3246.6269031628,93.7963976817
3247.3409183163,93.7167201443
3248.0549334699,93.8065379608
3248.7689486234,93.8781513772
3249.4829637769,93.8588921821
3250.1969789305,93.8997516975
3250.9109940840,93.8486226702
3251.6250092376,93.6957693858
3252.3390243911,93.7545023582
3253.0530395447,93.8651320513
3253.7670546982,93.7271715915
3254.4810698517,93.6193672125
3255.1950850053,93.6792533501
3255.9091001588,93.7095500945
3256.6231153124,93.7597656562
3257.3371304659,93.7832533505
3258.0511456195,93.7492219054
3258.7651607730,93.8000883789
3259.4791759266,93.7388271506
3260.1931910801,93.6273920551
3260.9072062336,93.7546431184
3261.6212213872,93.7981466198
3262.3352365407,93.6737148845
3263.0492516943,93.6482596636
3263.7632668478,93.6391383942
3264.4772820014,93.7099063667
3265.1912971549,93.7889024003
3265.9053123084,93.6623308264
3266.6193274620,93.6454225779
3267.3333426155,93.7200014320
3268.0473577691,93.6587807486
3268.7613729226,93.6924356649
3269.4753880762,93.7168490472
3270.1894032297,93.7060969760
3270.9034183832,93.8487152301
3271.6174335368,93.7852484133
3272.3314486903,93.6209344014
3273.0454638439,93.7117323671
3273.7594789974,93.6860486873
3274.4734941510,93.5877640230
3275.1875093045,93.7139627594
3275.9015244581,93.7733302889
3276.6155396116,93.7151174892
3277.3295547651,93.6906637546
3278.0435699187,93.6976674826
3278.7575850722,93.7774875567
3279.4716002258,93.7765356165
3280.1856153793,93.6902094340
3280.8996305329,93.7305005700
3281.6136456864,93.7671647160
3282.3276608399,93.6874023684
3283.0416759935,93.6455080109
3283.7556911470,93.7519801120
3284.4697063006,93.8966315711
3285.1837214541,93.8263128763
3285.8977366077,93.6951708033
3286.6117517612,93.7621690751
3287.3257669148,93.7566030627
3288.0397820683,93.6192777713
3288.7537972218,93.6249107778
3289.4678123754,93.6914664580
3290.1818275289,93.7462239411
3290.8958426825,93.8417415804
3291.6098578360,93.8532525333
3292.3238729896,93.7874994904
3293.0378881431,93.7690356656
3293.7519032966,93.7347452088
3294.4659184502,93.6342561181
3295.1799336037,93.6274362216
3295.8939487573,93.7648079562
3296.6079639108,93.8196818446
3297.3219790644,93.7470125441
3298.0359942179,93.6905254794
3298.7500093714,93.6924480232
3299.4640245250,93.7904301258
3300.1780396785,93.8321576802
3300.8920548321,93.7282957762
3301.6060699856,93.7474136928
3302.3200851392,93.7906891806
3303.0341002927,93.7099516015
3303.7481154463,93.7161664023
3304.4621305998,93.6247242790
3305.1761457533,93.5229840479
3305.8901609069,93.7964732310
3306.6041760604,93.9477930979
3307.3181912140,93.7973250242
3308.0322063675,93.8247098553
3308.7462215211,93.8611435816
3309.4602366746,93.8135412097
3310.1742518281,93.7963126471
3310.8882669817,93.6633849243
3311.6022821352,93.6846860027
3312.3162972888,93.8232643387
3313.0303124423,93.7450580328
3313.7443275959,93.7890286449
3314.4583427494,93.9236092943
3315.1723579030,93.8424481521
3315.8863730565,93.8026235916
3316.6003882100,93.7850320677
3317.3144033636,93.7472979010
3318.0284185171,93.7994125523
3318.7424336707,93.7080244392
3319.4564488242,93.6577810861
3320.1704639778,93.7846969860
3320.8844791313,93.7645784181
3321.5984942848,93.7873907775
3322.3125094384,93.8455612363
3323.0265245919,93.7043483518
3323.7405397455,93.7467764145
3324.4545548990,93.8744530023
3325.1685700526,93.8239326055
3325.8825852061,93.8873725928
3326.5966003596,93.8925373957
3327.3106155132,93.8294570606
3328.0246306667,93.9166044446
3328.7386458203,93.7113506191
3329.4526609738,93.4686477798
3330.1666761274,93.6628429585
3330.8806912809,93.7277494436
3331.5947064345,93.6745900934
3332.3087215880,93.8282655793
3333.0227367415,93.8044796869
3333.7367518951,93.7642829134
3334.4507670486,93.8625283774
3335.1647822022,93.7680873737
3335.8787973557,93.7940049717
3336.5928125093,93.9526168377
3337.3068276628,93.8424443635
3338.0208428163,93.8327586634
3338.7348579699,93.9428895472
3339.4488731234,93.8296480460
3340.1628882770,93.8118566412
3340.8769034305,93.8918306416
3341.5909185841,93.8147356117
3342.3049337376,93.8313273681
3343.0189488912,93.9209099936
3343.7329640447,93.8947529493
3344.4469791982,93.8651277871
3345.1609943518,93.8436041934
3345.8750095053,93.8658785142
3346.5890246589,93.9180018869
3347.3030398124,93.8761581566
3348.0170549660,93.8949789132
3348.7310701195,93.8956127154
3349.4450852730,93.7320512884
3350.1591004266,93.7674634969
3350.8731155801,93.8837148593
3351.5871307337,93.7657499410
3352.3011458872,93.7996358872
3353.0151610408,93.8968996728
3353.7291761943,93.7831923994
3354.4431913478,93.8984586572
3355.1572065014,94.0583280255
3355.8712216549,93.8699671079
3356.5852368085,93.8647024293
3357.2992519620,94.0147843440
3358.0132671156,93.8776615916
3358.7272822691,93.8727373460
3359.4412974227,94.0957455462
3360.1553125762,94.0448730825
3360.8693277297,93.8743278515
3361.5833428833,93.8839943339
3362.2973580368,93.8659397397
3363.0113731904,93.7848732678
3363.7253883439,93.8443443705
3364.4394034975,93.9269045927
3365.1534186510,93.8773341496
3365.8674338045,93.8256548136
3366.5814489581,93.8016446607
3367.2954641116,93.8261455882
3368.0094792652,93.9993662417
3368.7234944187,94.0584793837
3369.4375095723,93.8770402205
3370.1515247258,93.8086217163
3370.8655398794,93.9164890454
3371.5795550329,93.9932371954
3372.2935701864,93.9754978020
3373.0075853400,93.9074731510
3373.7216004935,93.9235070122
3374.4356156471,93.9288858273
3375.1496308006,93.8450365120
3375.8636459542,93.9354068933
3376.5776611077,94.0568230618
3377.2916762612,93.9683072754
3378.0056914148,93.9507688337
3378.7197065683,93.9879790884
3379.4337217219,93.9006367200
3380.1477368754,93.8925227280
3380.8617520290,94.0017037232
3381.5757671825,94.0385520628
3382.2897823361,93.8889308409
3383.0037974896,93.7555435998
3383.7178126431,93.9240320400
3384.4318277967,94.0332206430
3385.1458429502,93.8833684273
3385.8598581038,93.8605134516
3386.5738732573,93.8613862488
3387.2878884109,93.8999708807
3388.0019035644,94.1580306376
3388.7159187179,94.1162557011
3389.4299338715,93.8588486318
3390.1439490250,93.9410885296
3390.8579641786,94.0821208287
3391.5719793321,94.1410317564
3392.2859944857,94.1392283472
3393.0000096392,93.8988309761
3393.7140247927,93.8256677123
3394.4280399463,93.9459713754
3395.1420550998,93.9216045501
3395.8560702534,93.9751102189
3396.5700854069,94.0272804091
3397.2841005605,93.9496021555
3397.9981157140,94.0270522400
3398.7121308676,94.0705608810
3399.4261460211,94.0058765000
3400.1401611746,94.0138835504
3400.8541763282,93.9352633234
3401.5681914817,93.8446868814
3402.2822066353,93.7724699268
3402.9962217888,93.6897030008
3403.7102369424,93.9267513479
3404.4242520959,94.0937429844
3405.1382672494,93.8104747256
3405.8522824030,93.7220984949
3406.5662975565,93.8869504327
3407.2803127101,93.8785355326
3407.9943278636,93.8426907156
3408.7083430172,93.8386889633
3409.4223581707,93.8749418092
3410.1363733243,93.9154935921
3410.8503884778,93.7807004692
3411.5644036313,93.7237016554
3412.2784187849,93.7965999809
3412.9924339384,93.7530466091
3413.7064490920,93.7484065574
3414.4204642455,93.7184811703
3415.1344793991,93.6130014583
3415.8484945526,93.6598401695
3416.5625097061,93.6770532497
3417.2765248597,93.7183673836
3417.9905400132,93.8598651161
3418.7045551668,93.7006714980
3419.4185703203,93.5626004647
3420.1325854739,93.6945095947
3420.8466006274,93.6075115724
3421.5606157809,93.5651914681
3422.2746309345,93.6907494026
3422.9886460880,93.5799101467
3423.7026612416,93.5706434113
3424.4166763951,93.6545338919
3425.1306915487,93.4580423933
3425.8447067022,93.3315690886
3426.5587218558,93.3532647601
3427.2727370093,93.4030593689
3427.9867521628,93.5327845896
3428.7007673164,93.4782128303
3429.4147824699,93.4362118674
3430.1287976235,93.5783171046
3430.8428127770,93.4548217491
3431.5568279306,93.3381570097
3432.2708430841,93.4942102783
3432.9848582376,93.4716306380
3433.6988733912,93.4406454205
3434.4128885447,93.5582003142
3435.1269036983,93.5567600075
3435.8409188518,93.6512336545
3436.5549340054,93.7236234421
3437.2689491589,93.4867810935
3437.9829643125,93.4445986807
3438.6969794660,93.6675752393
3439.4109946195,93.6671758499
3440.1250097731,93.6245645203
3440.8390249266,93.7258244459
3441.5530400802,93.6461311511
3442.2670552337,93.4862630761
3442.9810703873,93.6512173062
3443.6950855408,93.8449418212
3444.4091006943,93.7299545523
3445.1231158479,93.6674133209
3445.8371310014,93.8471471348
3446.5511461550,93.9297080727
3447.2651613085,93.8063095393
3447.9791764621,93.7635183299
3448.6931916156,93.9256425130
3449.4072067691,93.9913105476
3450.1212219227,93.8193279351
3450.8352370762,93.8815782285
3451.5492522298,94.0688614140
3452.2632673833,93.8711476237
3452.9772825369,93.8081210769
3453.6912976904,94.0882559640
3454.4053128440,94.0339632293
3455.1193279975,93.8656562817
3455.8333431510,94.0024845579
3456.5473583046,94.0687561176
3457.2613734581,94.0073088442
3457.9753886117,93.9740228500
3458.6894037652,93.8841354714
3459.4034189188,93.9138842726
3460.1174340723,94.1129629381
3460.8314492258,94.1524262409
3461.5454643794,94.0471727282
3462.2594795329,94.0882615613
3462.9734946865,94.1530473048
3463.6875098400,94.0673049333
3464.4015249936,94.0533119262
3465.1155401471,94.1330647669
3465.8295553007,94.1628004089
3466.5435704542,94.1888220057
3467.2575856077,94.0920902700
3467.9716007613,93.9977316846
3468.6856159148,94.1738761029
3469.3996310684,94.2347679137
3470.1136462219,94.1037286609
3470.8276613755,94.1712269296
3471.5416765290,94.1738991118
3472.2556916825,94.0231632190
3472.9697068361,94.0110176750
3473.6837219896,94.0441016808
3474.3977371432,94.1344950199
3475.1117522967,94.2019139699
3475.8257674503,94.0676027997
3476.5397826038,94.0683738181
3477.2537977573,94.1620384473
3477.9678129109,94.0892190602
3478.6818280644,94.0858626783
3479.3958432180,94.0737318208
3480.1098583715,93.9764236553
3480.8238735251,94.0571569228
3481.5378886786,94.1300063065
3482.2519038322,94.0916698718
3482.9659189857,94.1005340469
3483.6799341392,94.0607653065
3484.3939492928,94.0297343741
3485.1079644463,94.0925075186
3485.8219795999,94.1519749881
3486.5359947534,94.1480767281
3487.2500099070,94.0361086064
3487.9640250605,94.0522371589
3488.6780402140,94.2700375736
3489.3920553676,94.2935812246
3490.1060705211,94.2243088387
3490.8200856747,94.1934855497
3491.5341008282,94.0797430115
3492.2481159818,94.1186033949
3492.9621311353,94.1755875911
3493.6761462889,94.0018342460
3494.3901614424,94.0752435507
3495.1041765959,94.3046263640
3495.8181917495,94.1421962019
3496.5322069030,93.9297118275
3497.2462220566,93.9948822493
3497.9602372101,94.1381651117
3498.6742523637,94.2380337709
3499.3882675172,94.1811049071
3500.1022826707,94.0889255387
3500.8162978243,94.1691962483
3501.5303129778,94.2012467012
3502.2443281314,94.0313972002
3502.9583432849,93.9454699075
3503.6723584385,94.1647973480
3504.3863735920,94.3440550058
3505.1003887456,94.1904914013
3505.8144038991,94.1003108885
3506.5284190526,94.2467571871
3507.2424342062,94.1955869000
3507.9564493597,94.0196914073
3508.6704645133,93.9655692691
3509.3844796668,93.9304576470
3510.0984948204,94.0836045406
3510.8125099739,94.2160832739
3511.5265251274,94.0348128322
3512.2405402810,93.9963139088
3512.9545554345,94.1755914427
3513.6685705881,94.1869363638
3514.3825857416,94.2035757147
3515.0966008952,94.2222908384
3515.8106160487,94.1478974331
3516.5246312022,94.2150398549
3517.2386463558,94.2049198411
3517.9526615093,94.0426297810
3518.6666766629,94.0281508378
3519.3806918164,94.0489566936
3520.0947069700,94.1724962726
3520.8087221235,94.3277114557
3521.5227372771,94.0925036728
3522.2367524306,93.9174160892
3522.9507675841,94.0727198487
3523.6647827377,93.9773394682
3524.3787978912,93.9056528149
3525.0928130448,94.0730245843
3525.8068281983,93.9933818378
3526.5208433519,93.8974981444
3527.2348585054,94.0540697269
3527.9488736589,94.1143963383
3528.6628888125,94.0740729448
3529.3769039660,94.0382629260
3530.0909191196,94.0128561286
3530.8049342731,94.1215423180
3531.5189494267,94.2292964888
3532.2329645802,94.1405025799
3532.9469797338,94.0514225342
3533.6609948873,94.1219793358
3534.3750100408,94.1333257344
3535.0890251944,93.9933991977
3535.8030403479,94.0298374354
3536.5170555015,94.1426049562
3537.2310706550,93.9989716556
3537.9450858086,94.0372093663
3538.6591009621,94.2705442790
3539.3731161156,94.1081915280
3540.0871312692,93.8620803768
3540.8011464227,93.9902563491
3541.5151615763,94.1241751526
3542.2291767298,94.1065723082
3542.9431918834,94.0426440081
3543.6572070369,93.9929101563
3544.3712221904,93.9986531175
3545.0852373440,93.9468311712
3545.7992524975,93.9689309646
3546.5132676511,94.1633572032
3547.2272828046,94.1706753613
3547.9412979582,93.9844132148
3548.6553131117,93.9869308184
3549.3693282653,94.0652833082
3550.0833434188,94.0596809751
3550.7973585723,94.0705620080
3551.5113737259,94.0039502379
3552.2253888794,93.8436677058
3552.9394040330,93.9989195286
3553.6534191865,94.2099996117
3554.3674343401,94.0506543451
3555.0814494936,94.0356073442
3555.7954646471,94.3390496083
3556.5094798007,94.3089286970
3557.2234949542,94.0693418949
3557.9375101078,94.0815061576
3558.6515252613,94.1570650102
3559.3655404149,94.1977844396
3560.0795555684,94.0863627187
3560.7935707220,93.9160144950
3561.5075858755,94.0985105580
3562.2216010290,94.2596114632
3562.9356161826,94.0330919886
3563.6496313361,93.9536261296
3564.3636464897,94.1023393454
3565.0776616432,94.0616884169
3565.7916767968,93.8970227134
3566.5056919503,93.9693764143
3567.2197071038,94.1653744963
3567.9337222574,94.2217820826
3568.6477374109,94.2543323628
3569.3617525645,94.3407719435
3570.0757677180,94.3174781398
3570.7897828716,94.1652145023
3571.5037980251,94.2109123977
3572.2178131786,94.3150843535
3572.9318283322,94.2658719391
3573.6458434857,94.2121242130
3574.3598586393,94.1942815194
3575.0738737928,94.1858596287
3575.7878889464,94.1888528164
3576.5019040999,94.0658029120
3577.2159192535,93.9409317150
3577.9299344070,94.0848197295
3578.6439495605,94.2180805854
3579.3579647141,94.1220005537
3580.0719798676,94.0844033771
3580.7859950212,94.1810572358
3581.5000101747,94.2803695243
3582.2140253283,94.4305283413
3582.9280404818,94.3900452404
3583.6420556353,94.1609246571
3584.3560707889,94.1617663288
3585.0700859424,94.2302835873
3585.7841010960,94.1147533476
3586.4981162495,93.8449595083
3587.2121314031,93.8062121155
3587.9261465566,94.1532943556
3588.6401617102,94.5440046423
3589.3541768637,94.1638993574
3590.0681920172,93.9793880957
3590.7822071708,94.3436290132
3591.4962223243,94.4532229282
3592.2102374779,94.2166447281
3592.9242526314,94.1863106003
3593.6382677850,94.3529636795
3594.3522829385,94.3058776756
3595.0662980920,94.0361562420
3595.7803132456,93.9947425715
3596.4943283991,94.2068430408
3597.2083435527,94.3002894485
3597.9223587062,94.3402936652
3598.6363738598,94.2899199352
3599.3503890133,94.3015748015
3600.0644041668,94.4426342330
3600.7784193204,94.1723800683
3601.4924344739,94.0480931955
3602.2064496275,94.4950422921
3602.9204647810,94.3825736435
3603.6344799346,93.9306519385
3604.3484950881,94.1825946639
3605.0625102417,94.4651145096
3605.7765253952,94.3733966912
3606.4905405487,94.1941956966
3607.2045557023,93.8589829105
3607.9185708558,94.0647358103
3608.6325860094,94.4498309983
3609.3466011629,94.0893701205
3610.0606163165,93.9338670082
3610.7746314700,94.3599277944
3611.4886466235,94.5696824717
3612.2026617771,94.4013396628
3612.9166769306,94.0650720581
3613.6306920842,94.1685672474
3614.3447072377,94.3641553418
3615.0587223913,94.2279026425
3615.7727375448,94.2600478123
3616.4867526984,94.5280706288
3617.2007678519,94.4564477585
3617.9147830054,94.0606825757
3618.6287981590,94.1866167875
3619.3428133125,94.4564121653
3620.0568284661,94.3788777223
3620.7708436196,94.3208142119
3621.4848587732,94.4796657680
3622.1988739267,94.5486241855
3622.9128890802,94.4452697266
3623.6269042338,94.4155142406
3624.3409193873,94.4561962798
3625.0549345409,94.4868620579
3625.7689496944,94.4481420297
3626.4829648480,94.3201239213
3627.1969800015,94.3409737279
3627.9109951551,94.5455447318
3628.6250103086,94.4747976379
3629.3390254621,94.1284808324
3630.0530406157,94.3291152405
3630.7670557692,94.5205664635
3631.4810709228,94.5924062938
3632.1950860763,94.6201247528
3632.9091012299,94.6721497831
3633.6231163834,94.7869565810
3634.3371315369,94.7544283972
3635.0511466905,94.7124234481
3635.7651618440,95.0189321698
3636.4791769976,95.2500434240
3637.1931921511,94.8751997371
3637.9072073047,94.7207690194
3638.6212224582,94.9831885255
3639.3352376117,94.9413497863
3640.0492527653,94.8176326725
3640.7632679188,94.9407538575
3641.4772830724,94.9680796975
3642.1912982259,94.9618537540
3642.9053133795,94.9586370024
3643.6193285330,94.8795655202
3644.3333436866,95.0706716790
3645.0473588401,95.2857630919
3645.7613739936,95.0991103626
3646.4753891472,95.0078851016
3647.1894043007,94.9432350880
3647.9034194543,94.9446042362
3648.6174346078,95.3370611101
3649.3314497614,95.8285531324
3650.0454649149,95.4002156776
3650.7594800684,95.3349503988
3651.4734952220,95.5487760546
3652.1875103755,95.5377625137
3652.9015255291,95.6155482647
3653.6155406826,95.6595485557
3654.3295558362,95.4900153388
3655.0435709897,95.4399188719
3655.7575861433,95.6839332859
3656.4716012968,95.4514268480
3657.1856164503,95.1023413113
3657.8996316039,95.3231775081
3658.6136467574,95.7076048301
3659.3276619110,95.3865702179
3660.0416770645,95.4008375870
3660.7556922181,95.6994103269
3661.4697073716,95.5146622630
3662.1837225251,95.3474549291
3662.8977376787,95.3056106139
3663.6117528322,95.3317173651
3664.3257679858,95.3965703320
3665.0397831393,95.2205989873
3665.7537982929,95.1244767668
3666.4678134464,95.1672233442
3667.1818285999,95.1885799917
3667.8958437535,95.3545346140
3668.6098589070,95.2725031975
3669.3238740606,95.0242288173
3670.0378892141,95.2426647043
3670.7519043677,95.2091312534
3671.4659195212,95.0522849372
3672.1799346748,95.2515417043
3672.8939498283,95.3285397507
3673.6079649818,95.2064767403
3674.3219801354,95.1834751995
3675.0359952889,95.2759880589
3675.7500104425,95.4345793269
3676.4640255960,95.0273105954
3677.1780407496,94.9114127596
3677.8920559031,95.1743822032
3678.6060710566,95.1098800286
3679.3200862102,94.8303642812
3680.0341013637,94.9335590135
3680.7481165173,94.9608811425
3681.4621316708,94.9347632610
3682.1761468244,94.8130884872
3682.8901619779,94.6354606465
3683.6041771315,94.6455997852
3684.3181922850,94.6582583549
3685.0322074385,94.2914799246
3685.7462225921,94.2162254050
3686.4602377456,94.3147094161
3687.1742528992,94.5218984493
3687.8882680527,94.9369542701
3688.6022832063,94.1937646196
3689.3162983598,93.9267513367
3690.0303135133,94.5251075178
3690.7443286669,94.9942855486
3691.4583438204,94.4904614361
3692.1723589740,94.2834602111
3692.8863741275,94.4829926976
3693.6003892811,94.5810357307
3694.3144044346,94.3759323937
3695.0284195881,94.3272856434
3695.7424347417,94.4661309309
3696.4564498952,94.3263601893
3697.1704650488,94.1612735895
3697.8844802023,94.2560580265
3698.5984953559,94.2264951324
3699.3125105094,94.1091734058
3700.0265256630,94.2981774090
3700.7405408165,94.5357897388
3701.4545559700,94.3528219277
3702.1685711236,94.0073784606
3702.8825862771,94.0983633983
3703.5966014307,94.2786673148
3704.3106165842,94.3896105080
3705.0246317378,94.3336139377
3705.7386468913,94.2131970388
3706.4526620448,94.2497637852
3707.1666771984,94.2989640570
3707.8806923519,94.3181212411
3708.5947075055,94.4140769901
3709.3087226590,94.0490894889
3710.0227378126,93.7992284962
3710.7367529661,94.3622014300
3711.4507681197,94.8951111309
3712.1647832732,94.1625916241
3712.8787984267,93.8913789758
3713.5928135803,94.2821720552
3714.3068287338,94.5543528712
3715.0208438874,94.4167667685
3715.7348590409,94.2355330983
3716.4488741945,94.3385597444
3717.1628893480,94.4762477927
3717.8769045015,94.3667473281
3718.5909196551,94.1938838039
3719.3049348086,94.2051069154
3720.0189499622,94.1985271067
3720.7329651157,94.1245976203
3721.4469802693,94.2121991003
3722.1609954228,94.1537707668
3722.8750105763,93.9793850829
3723.5890257299,94.2417121267
3724.3030408834,94.4155234778
3725.0170560370,94.0911509047
3725.7310711905,94.0636415647
3726.4450863441,94.1571165611
3727.1591014976,94.0235503586
3727.8731166512,94.2125495177
3728.5871318047,94.2760644599
3729.3011469582,94.0390953762
3730.0151621118,94.1406514392
3730.7291772653,94.4529423988
3731.4431924189,94.5665473288
3732.1572075724,94.0132844273
3732.8712227260,93.6740694032
3733.5852378795,94.1736929137
3734.2992530330,94.7958038005
3735.0132681866,93.8799389391
3735.7272833401,93.4444540707
3736.4412984937,94.2239533009
3737.1553136472,94.8071355062
3737.8693288008,94.5008210383
3738.5833439543,94.1746088565
3739.2973591079,94.2322294774
3740.0113742614,94.3978161528
3740.7253894149,94.3408275927
3741.4394045685,94.1948886053
3742.1534197220,94.1998721960
3742.8674348756,94.2542850677
3743.5814500291,94.3917033955
3744.2954651827,93.6550770116
3745.0094803362,94.0391107848
3745.7234954897,94.1745883519
3746.4375106433,94.2160306425
3747.1515257968,94.2715388554
3747.8655409504,94.3537265976
3748.5795561039,94.7246239386
3749.2935712575,95.0070250674
3750.0075864110,93.9568228388
3750.7216015645,94.0141901119
3751.4356167181,95.1220596676
3752.1496318716,95.2019471714
3752.8636470252,93.8703409340
3753.5776621787,94.1945170794
3754.2916773323,94.5501883868
3755.0056924858,94.3057864214
3755.7197076394,94.2944525968
3756.4337227929,94.6414727305
3757.1477379464,94.4486198926
3757.8617531000,94.0417512776
3758.5757682535,94.1681916207
3759.2897834071,94.3227430345
3760.0037985606,93.8799190946
3760.7178137142,93.9729494011
3761.4318288677,94.2663920873
3762.1458440212,94.2138194908
3762.8598591748,94.2025079950
3763.5738743283,94.2532193082
3764.2878894819,94.2054289438
3765.0019046354,94.2882683696
3765.7159197890,94.0934494286
3766.4299349425,93.9031665100
3767.1439500961,94.1299280452
3767.8579652496,94.2238219060
3768.5719804031,94.1631245816
3769.2859955567,94.2408330199
3770.0000107102,94.1178362859
3770.7140258638,94.0246531327
3771.4280410173,94.1789560913
3772.1420561709,94.4254929867
3772.8560713244,94.3703450009
3773.5700864779,94.1012962269
3774.2841016315,94.1581496201
3774.9981167850,94.3321052435
3775.7121319386,94.2086962415
3776.4261470921,94.2257544944
3777.1401622457,94.3218870220
3777.8541773992,94.1991723125
3778.5681925528,94.2332880351
3779.2822077063,94.1879658626
3779.9962228598,93.9663735873
3780.7102380134,94.2027557789
3781.4242531669,94.4252368895
3782.1382683205,94.2264800892
3782.8522834740,94.0511027294
3783.5662986276,94.1659993395
3784.2803137811,94.2863907630
3784.9943289346,94.1356119195
3785.7083440882,94.0022072725
3786.4223592417,94.1349391482
3787.1363743953,94.1764507315
3787.8503895488,94.0671324629
3788.5644047024,94.1124300285
3789.2784198559,94.2127738638
3789.9924350094,94.1857943718
3790.7064501630,94.0943817177
3791.4204653165,94.0788775811
3792.1344804701,94.1180026773
3792.8484956236,94.0841609270
3793.5625107772,94.1011067554
3794.2765259307,94.2246773686
3794.9905410843,94.2266271412
3795.7045562378,94.1380678489
3796.4185713913,94.0179276333
3797.1325865449,93.9875897015
3797.8466016984,94.1060587042
3798.5606168520,94.1166992949
3799.2746320055,94.0070663235
3799.9886471591,94.1526926362
3800.7026623126,94.4330360578
3801.4166774661,94.2373119578
3802.1306926197,94.0440751568
3802.8447077732,94.1851347598
3803.5587229268,94.2996045198
3804.2727380803,94.1547305704
3804.9867532339,94.0855770455
3805.7007683874,94.3244899531
3806.4147835410,94.4565452548
3807.1287986945,94.1445837813
3807.8428138480,94.1014814428
3808.5568290016,94.2373524002
3809.2708441551,94.3616896006
3809.9848593087,94.2509529808
3810.6988744622,94.1019650258
3811.4128896158,94.2972625560
3812.1269047693,94.2910978412
3812.8409199228,93.9759617092
3813.5549350764,94.1619926522
3814.2689502299,94.4104272182
3814.9829653835,94.2118184021
3815.6969805370,93.7596976355
3816.4109956906,93.6972579631
3817.1250108441,94.1050394870
3817.8390259976,94.2620899209
3818.5530411512,93.9448331884
3819.2670563047,93.9513116913
3819.9810714583,94.6693003260
3820.6950866118,94.8135091629
3821.4091017654,93.8038516388
3822.1231169189,93.8984222919
3822.8371320725,94.3188756578
3823.5511472260,94.3550213648
3824.2651623795,94.2358491000
3824.9791775331,94.3450336790
3825.6931926866,94.4879050277
3826.4072078402,94.3660150671
3827.1212229937,94.2162236389
3827.8352381473,94.3068084311
3828.5492533008,94.3919217095
3829.2632684543,94.1915062602
3829.9772836079,93.9841211242
3830.6912987614,94.1967077036
3831.4053139150,94.3073686648
3832.1193290685,93.9687685636
3832.8333442221,94.0956761633
3833.5473593756,94.3332975173
3834.2613745292,94.2829976377
3834.9753896827,94.0198646014
3835.6894048362,93.9515790928
3836.4034199898,94.2647888969
3837.1174351433,94.7290965701
3837.8314502969,94.0061434138
3838.5454654504,93.8770522003
3839.2594806040,94.4848887646
3839.9734957575,94.6775091270
3840.6875109110,94.2628665177
3841.4015260646,94.1446056968
3842.1155412181,94.3179820845
3842.8295563717,94.4887616277
3843.5435715252,94.3052519146
3844.2575866788,94.1400247510
3844.9716018323,94.3379356163
3845.6856169858,94.2415009233
3846.3996321394,94.0349958755
3847.1136472929,94.2089994889
3847.8276624465,94.2159337939
3848.5416776000,93.9545767395
3849.2556927536,93.8497975691
3849.9697079071,94.0160307017
3850.6837230607,94.3723628189
3851.3977382142,94.4178975632
3852.1117533677,93.2790650987
3852.8257685213,93.4475169699
3853.5397836748,94.6706232943
3854.2537988284,95.0329493576
3854.9678139819,93.8199556160
3855.6818291355,94.0708607063
3856.3958442890,94.8336583119
3857.1098594425,94.7471997099
3857.8238745961,94.1024702658
3858.5378897496,94.3159269922
3859.2519049032,94.5667962341
3859.9659200567,94.2243333605
3860.6799352103,94.0875935577
3861.3939503638,94.2311601910
3862.1079655174,94.0737922001
3862.8219806709,93.9570985398
3863.5359958244,93.9774594766
3864.2500109780,94.0168751109
3864.9640261315,94.0681651709
3865.6780412851,93.9983500544
3866.3920564386,94.1119620546
3867.1060715922,94.3886092050
3867.8200867457,94.2434318746
3868.5341018992,94.0241040409
3869.2481170528,94.3138378278
3869.9621322063,94.3879065629
3870.6761473599,94.0825050637
3871.3901625134,94.0407422198
3872.1041776670,94.1236351673
3872.8181928205,94.4370910568
3873.5322079740,94.6534769729
3874.2462231276,94.0544594387
3874.9602382811,93.9578369200
3875.6742534347,94.3497197262
3876.3882685882,94.4223991574
3877.1022837418,94.2364676817
3877.8162988953,94.1318986745
3878.5303140489,94.1846590989
3879.2443292024,94.2452882115
3879.9583443559,93.8883206640
3880.6723595095,93.5732333178
3881.3863746630,93.8626220120
3882.1003898166,94.0994858023
3882.8144049701,94.2729159294
3883.5284201237,94.1614103269
3884.2424352772,94.1712765343
3884.9564504307,94.5939135956
3885.6704655843,94.3136957610
3886.3844807378,93.8174156502
3887.0984958914,94.2119172414
3887.8125110449,94.3136727413
3888.5265261985,94.0515209068
3889.2405413520,94.0815218445
3889.9545565056,94.2508018219
3890.6685716591,94.4127840477
3891.3825868126,94.0007637643
3892.0966019662,93.6295726310
3892.8106171197,94.1477990660
3893.5246322733,94.3875628783
3894.2386474268,93.9473792768
3894.9526625804,94.0528191821
3895.6666777339,94.2870662673
3896.3806928874,94.1605236908
3897.0947080410,94.1530611262
3897.8087231945,94.0519995193
3898.5227383481,94.0184364566
3899.2367535016,94.0489779892
3899.9507686552,93.7211520210
3900.6647838087,93.8833909832
3901.3787989623,94.3526401718
3902.0928141158,93.8539359824
3902.8068292693,93.7623865607
3903.5208444229,94.3628585431
3904.2348595764,94.5853947241
3904.9488747300,94.1172541083
3905.6628898835,94.0847227427
3906.3769050371,94.3443067556
3907.0909201906,94.2355995281
3907.8049353441,93.9415343181
3908.5189504977,93.9798789958
3909.2329656512,94.1121512397
3909.9469808048,94.1435438512
3910.6609959583,94.1895524624
3911.3750111119,94.0439511570
3912.0890262654,93.9018400319
3912.8030414189,94.0688938274
3913.5170565725,94.0694333368
3914.2310717260,93.9210363736
3914.9450868796,93.9868294049
3915.6591020331,93.9838819952
3916.3731171867,93.8615187687
3917.0871323402,93.8221518571
3917.8011474938,93.8819344651
3918.5151626473,94.0386013091
3919.2291778008,94.1252552171
3919.9431929544,93.9561531065
3920.6572081079,93.9792815824
3921.3712232615,94.1601216351
3922.0852384150,94.1243969742
3922.7992535686,94.0029200492
3923.5132687221,93.9672222235
3924.2272838756,93.9688266219
3924.9412990292,93.9969806225
3925.6553141827,93.9810200398
3926.3693293363,93.9352684204
3927.0833444898,94.0120542599
3927.7973596434,94.0713248545
3928.5113747969,94.0397858622
3929.2253899505,94.1015877262
3929.9394051040,94.0738881542
3930.6534202575,93.8939197127
3931.3674354111,93.9097550875
3932.0814505646,94.0045862476
3932.7954657182,93.9680062909
3933.5094808717,94.0144391395
3934.2234960253,94.1276883680
3934.9375111788,94.1773318698
3935.6515263323,94.1955663937
3936.3655414859,94.1166328478
3937.0795566394,94.0578816153
3937.7935717930,94.0306968514
3938.5075869465,93.9178214300
3939.2216021001,93.9267389746
3939.9356172536,94.0072903583
3940.6496324071,93.9877629837
3941.3636475607,94.0010448111
3942.0776627142,93.9478618762
3942.7916778678,93.8224424199
3943.5056930213,93.9214398836
3944.2197081749,94.0195511561
3944.9337233284,94.0594620247
3945.6477384820,94.0956314501
3946.3617536355,94.0487496424
3947.0757687890,93.9819281488
3947.7897839426,93.9615498742
3948.5037990961,94.0238580152
3949.2178142497,94.1404822339
3949.9318294032,94.1068174600
3950.6458445568,93.9930170372
3951.3598597103,94.0091827292
3952.0738748638,94.0641727659
3952.7878900174,94.0659355413
3953.5019051709,93.9782356201
3954.2159203245,93.9486908787
3954.9299354780,94.0445140748
3955.6439506316,94.0150213991
3956.3579657851,93.9620838744
3957.0719809387,94.0117473630
3957.7859960922,93.9777115289
3958.5000112457,93.9772534817
3959.2140263993,94.0190939683
3959.9280415528,93.9682077547
3960.6420567064,94.0298891321
3961.3560718599,94.0384233048
3962.0700870135,93.9124999465
3962.7841021670,93.9614945462
3963.4981173205,94.0075096294
3964.2121324741,94.0452140920
3964.9261476276,94.1511937422
3965.6401627812,94.0558282384
3966.3541779347,93.9533687049
3967.0681930883,93.9738546322
3967.7822082418,93.9363196449
3968.4962233953,93.9930684841
3969.2102385489,94.0250527470
3969.9242537024,93.9281015596
3970.6382688560,93.9670076349
3971.3522840095,94.0017634225
3972.0662991631,93.9657156312
3972.7803143166,93.9969899824
3973.4943294702,94.0223693240
3974.2083446237,94.0765915393
3974.9223597772,93.9991918297
3975.6363749308,93.7974062697
3976.3503900843,93.8772393533
3977.0644052379,93.9817303409
3977.7784203914,93.9062013921
3978.4924355450,93.9644450323
3979.2064506985,93.9933959606
3979.9204658520,93.9308546910
3980.6344810056,93.9982005499
3981.3484961591,94.0010654511
3982.0625113127,93.8820304302
3982.7765264662,93.8543700402
3983.4905416198,93.9963374781
3984.2045567733,94.1021009303
3984.9185719269,93.9048442278
3985.6325870804,93.8066564102
3986.3466022339,94.0565680196
3987.0606173875,94.0842201228
3987.7746325410,93.9559925385
3988.4886476946,94.0613679034
3989.2026628481,94.0485221750
3989.9166780017,93.8816197110
3990.6306931552,93.9024613884
3991.3447083087,93.9722859654
3992.0587234623,93.9199934603
3992.7727386158,93.8603643279
3993.4867537694,93.9144006931
3994.2007689229,93.9966632972
3994.9147840765,93.9569634881
3995.6287992300,93.9130713461
3996.3428143835,93.9854518557
3997.0568295371,94.0348623506
3997.7708446906,93.9837251839
3998.4848598442,93.9453576033
3999.1988749977,93.9689384613
3999.9128901513,93.9510621485