399.8484859844,64.5537227085
400.5625011380,83.4721106742
401.2765162915,68.0031206909
401.9905314450,64.1023547565
402.7045465986,82.9868297563
403.4185617521,82.9200972373
404.1325769057,78.8435172358
404.8465920592,78.2546514561
405.5606072128,70.5465211384
406.2746223663,69.2789175827
406.9886375199,70.3639439491
407.7026526734,74.4623261189
408.4166678269,77.0620988740
409.1306829805,69.6687646261
409.8446981340,69.7796859592
410.5587132876,77.4216583136
411.2727284411,76.3814313795
411.9867435947,69.1439383628
412.7007587482,65.2364546473
413.4147739017,73.2166077951
414.1287890553,80.0101347077
414.8428042088,71.0857178090
415.5568193624,72.5507307747
416.2708345159,75.4699228929
416.9848496695,65.9131276467
417.6988648230,68.9100972939
418.4128799766,84.6284505991
419.1268951301,81.2626152353
419.8409102836,79.6366984083
420.5549254372,77.4461442232
421.2689405907,76.8651406038
421.9829557443,79.7781944037
422.6969708978,77.9380699214
423.4109860514,73.5944626254
424.1250012049,71.2204736619
424.8390163584,68.2432757868
425.5530315120,70.6349048890
426.2670466655,70.7545973344
426.9810618191,70.2469421662
427.6950769726,72.3352465596
428.4090921262,71.2051314421
429.1231072797,71.5944278856
429.8371224332,72.5431621649
430.5511375868,69.8370547003
431.2651527403,70.2609792092
431.9791678939,71.2650927528
432.6931830474,69.8229991096
433.4071982010,72.6690483338
434.1212133545,77.6296851372
434.8352285081,76.0061141945
435.5492436616,70.1865985041
436.2632588151,70.0262077749
436.9772739687,76.2669598784
437.6912891222,76.4362575953
438.4053042758,74.6011146451
439.1193194293,75.9756133628
439.8333345829,75.0647527878
440.5473497364,72.4029652194
441.2613648899,69.8890409933
441.9753800435,69.5821739125
442.6893951970,72.6499396992
443.4034103506,72.2969590241
444.1174255041,71.8496047488
444.8314406577,73.7648600038
445.5454558112,72.0945933995
446.2594709648,71.8891831157
446.9734861183,73.8394956389
447.6875012718,71.9517285480
448.4015164254,72.7924683492
449.1155315789,73.1836216694
449.8295467325,70.5948338257
450.5435618860,73.0211514345
451.2575770396,74.3724607167
451.9715921931,70.8474307193
452.6856073466,69.2411542204
453.3996225002,69.8736974432
454.1136376537,71.9368972729
454.8276528073,72.7677440549
455.5416679608,72.3276192619
456.2556831144,75.0769714267
456.9696982679,75.6562324085
457.6837134214,70.9140888416
458.3977285750,73.1787586694
459.1117437285,74.7179068612
459.8257588821,73.0052951851
460.5397740356,71.6716178751
461.2537891892,72.0234970757
461.9678043427,73.7334465918
462.6818194963,72.2653133158
463.3958346498,70.2592970975
464.1098498033,73.3489230137
464.8238649569,74.4015862558
465.5378801104,71.9808698334
466.2518952640,72.1049493478
466.9659104175,72.1123123110
467.6799255711,71.5022009271
468.3939407246,72.6403457343
469.1079558781,72.8031916750
469.8219710317,72.2236455837
470.5359861852,72.0798822976
471.2500013388,72.2097829234
471.9640164923,71.0307114540
472.6780316459,69.7661806558
473.3920467994,72.5053485260
474.1060619530,72.8308767140
474.8200771065,70.9150423162
475.5340922600,72.8204812983
476.2481074136,74.3141274639
476.9621225671,72.5896233140
477.6761377207,72.0587743609
478.3901528742,71.6611437195
479.1041680278,71.3160800739
479.8181831813,71.7176732262
480.5321983348,71.6179720748
481.2462134884,71.8955353098
481.9602286419,71.9691933556
482.6742437955,72.2048067709
483.3882589490,71.9752655497
484.1022741026,70.1098746476
484.8162892561,71.7968829968
485.5303044097,73.2570479298
486.2443195632,70.4289786563
486.9583347167,70.4287812452
487.6723498703,71.8680356934
488.3863650238,70.8237786063
489.1003801774,71.2141955489
489.8143953309,71.0691815540
490.5284104845,70.5955641445
491.2424256380,71.8678537497
491.9564407915,71.2915939971
492.6704559451,71.1760776597
493.3844710986,72.0459781894
494.0984862522,71.2716577661
494.8125014057,71.6037577273
495.5265165593,71.2724053812
496.2405317128,70.1778928724
496.9545468663,71.6102984306
497.6685620199,71.6764913980
498.3825771734,71.0851263797
499.0965923270,71.6427093364
499.8106074805,70.0974589144
500.5246226341,70.2773691870
501.2386377876,71.7157717021
501.9526529412,69.9731488206
502.6666680947,69.8411609833
503.3806832482,70.7990657161
504.0946984018,70.3853907893
504.8087135553,71.4226648049
505.5227287089,71.0009743910
506.2367438624,69.3207337987
506.9507590160,70.1777333353
507.6647741695,70.9517880452
508.3787893230,70.6246419567
509.0928044766,70.3174689994
509.8068196301,69.8216998407
510.5208347837,70.1534057724
511.2348499372,70.3596519951
511.9488650908,70.1444506004
512.6628802443,70.2067631301
513.3768953979,69.3099822420
514.0909105514,68.7764381279
514.8049257049,69.4972477080
515.5189408585,69.7949787542
516.2329560120,69.9460873325
516.9469711656,70.0374875933
517.6609863191,69.8496394986
518.3750014727,69.8100540697
519.0890166262,69.2316763491
519.8030317797,69.1205918989
520.5170469333,69.8165151229
521.2310620868,69.8794388363
521.9450772404,70.2159123010
522.6590923939,70.5933349157
523.3731075475,70.1205387863
524.0871227010,69.9179873094
524.8011378545,69.9846683369
525.5151530081,69.4531390366
526.2291681616,68.8209617129
526.9431833152,68.9845756210
527.6571984687,69.2302809216
528.3712136223,69.2015428090
529.0852287758,69.2826250822
529.7992439294,69.0172895005
530.5132590829,68.4760333084
531.2272742364,69.0954170885
531.9412893900,69.6939386102
532.6553045435,69.1801972998
533.3693196971,68.8591741748
534.0833348506,68.5491397439
534.7973500042,68.6011016958
535.5113651577,68.9352062299
536.2253803112,67.9347267371
536.9393954648,67.8898979445
537.6534106183,69.2758515861
538.3674257719,68.8177624407
539.0814409254,68.0706818803
539.7954560790,68.2480325029
540.5094712325,67.5591005956
541.2234863861,67.5595261277
541.9375015396,68.4056080784
542.6515166931,68.1456381401
543.3655318467,67.7152607552
544.0795470002,67.6913082181
544.7935621538,67.4880986711
545.5075773073,67.3723157707
546.2215924609,67.3329284594
546.9356076144,67.2032197795
547.6496227679,67.0632439185
548.3636379215,67.2486103026
549.0776530750,67.7200908170
549.7916682286,67.8812854483
550.5056833821,67.9525646595
551.2196985357,68.1716886764
551.9337136892,68.1758880224
552.6477288427,68.4792535494
553.3617439963,69.1942824400
554.0757591498,69.3288636171
554.7897743034,68.9221764125
555.5037894569,69.0908006526
556.2178046105,69.6709741932
556.9318197640,70.0053025233
557.6458349176,70.5228338773
558.3598500711,70.8086881191
559.0738652246,70.5273020102
559.7878803782,71.2015672223
560.5018955317,72.0193368648
561.2159106853,71.6878333408
561.9299258388,72.0122585149
562.6439409924,72.5227990143
563.3579561459,72.3746642694
564.0719712994,72.8931832510
564.7859864530,72.7680272204
565.5000016065,72.3794261747
566.2140167601,73.4884041098
566.9280319136,73.3960755986
567.6420470672,72.3720084809
568.3560622207,73.0869177756
569.0700773743,73.2707871641
569.7840925278,72.8228169172
570.4981076813,73.6603056432
571.2121228349,74.0934700208
571.9261379884,73.5978362365
572.6401531420,73.4155362493
573.3541682955,73.4436754834
574.0681834491,73.4216962553
574.7821986026,73.3574540428
575.4962137561,73.5208746271
576.2102289097,73.6946018433
576.9242440632,73.5295104001
577.6382592168,73.6017276800
578.3522743703,73.6765662829
579.0662895239,73.6496402172
579.7803046774,73.7819778043
580.4943198309,73.6410745532
581.2083349845,73.7641412093
581.9223501380,73.8669927414
582.6363652916,73.1633309865
583.3503804451,73.1333985293
584.0643955987,73.5848817643
584.7784107522,73.3093585484
585.4924259058,73.2656386887
586.2064410593,73.2744170224
586.9204562128,73.0735823516
587.6344713664,73.2988678434
588.3484865199,73.2108107282
589.0625016735,73.1211693197
589.7765168270,73.3974196124
590.4905319806,73.0903769024
591.2045471341,72.8603919868
591.9185622876,72.8980195015
592.6325774412,72.5743805871
593.3465925947,72.6670455885
594.0606077483,72.9005767347
594.7746229018,72.7422045989
595.4886380554,72.6684907212
596.2026532089,72.4695514288
596.9166683625,72.3778286771
597.6306835160,72.6946785200
598.3446986695,72.6411208520
599.0587138231,72.2096550074
599.7727289766,71.8868508073
600.4867441302,71.6960579972
601.2007592837,71.6574800662
601.9147744373,71.8199072589
602.6287895908,71.9813598411
603.3428047443,71.6349149760
604.0568198979,71.1127293280
604.7708350514,71.1173086916
605.4848502050,71.2071580485
606.1988653585,71.1043955584
606.9128805121,71.0573461463
607.6268956656,71.0867044429
608.3409108192,71.3931630375
609.0549259727,71.6383206123
609.7689411262,71.3219357317
610.4829562798,70.9271403560
611.1969714333,71.0078387807
611.9109865869,71.3794217631
612.6250017404,71.4194974674
613.3390168940,71.3488086432
614.0530320475,71.7985783660
614.7670472010,71.9131654106
615.4810623546,71.5827597522
616.1950775081,71.7716937762
616.9090926617,71.7607466717
617.6231078152,71.3983840254
618.3371229688,71.7529095482
619.0511381223,72.2276587122
619.7651532758,72.2379409211
620.4791684294,72.0856034114
621.1931835829,72.0765206994
621.9071987365,72.1643715206
622.6212138900,72.0558755128
623.3352290436,72.2387275282
624.0492441971,72.5203288852
624.7632593507,72.0732081634
625.4772745042,72.0018552181
626.1912896577,72.4769248246
626.9053048113,72.3828664067
627.6193199648,72.4767472881
628.3333351184,72.7306583009
629.0473502719,72.4672050434
629.7613654255,72.4003547373
630.4753805790,72.5349306420
631.1893957325,72.7191911585
631.9034108861,72.8859551673
632.6174260396,72.7059401637
633.3314411932,72.8586397601
634.0454563467,73.0408812904
634.7594715003,72.6937000413
635.4734866538,72.7092734049
636.1875018074,72.8890249372
636.9015169609,72.9479779041
637.6155321144,73.2192865437
638.3295472680,73.1395214111
639.0435624215,73.0427599839
639.7575775751,72.9981710664
640.4715927286,72.7459062878
641.1856078822,73.1435810353
641.8996230357,73.3316327171
642.6136381892,72.8984284206
643.3276533428,73.2122492484
644.0416684963,73.4180253966
644.7556836499,73.2537449366
645.4696988034,73.4450740621
646.1837139570,73.1204073023
646.8977291105,73.0720029215
647.6117442640,73.7532766580
648.3257594176,73.7844060270
649.0397745711,73.6414043999
649.7537897247,73.5919938020
650.4678048782,73.3520845372
651.1818200318,73.5982454260
651.8958351853,73.8185678698
652.6098503389,73.8497759034
653.3238654924,74.0773831403
654.0378806459,73.9991671361
654.7518957995,73.9503411189
655.4659109530,73.8906557432
656.1799261066,73.7145541040
656.8939412601,74.1018432572
657.6079564137,74.2544421963
658.3219715672,74.1542540421
659.0359867207,74.5780026520
659.7500018743,74.6376882356
660.4640170278,74.5601981370
661.1780321814,74.7519726616
661.8920473349,74.5271251909
662.6060624885,74.4705715306
663.3200776420,74.4390455731
664.0340927956,74.3192612937
664.7481079491,74.7716243710
665.4621231026,74.6880810739
666.1761382562,74.4585631014
666.8901534097,75.3473257795
667.6041685633,75.9075202059
668.3181837168,70.7540061643
669.0321988704,73.5905794669
669.7462140239,74.5696294896
670.4602291774,74.5423899069
671.1742443310,74.4797465958
671.8882594845,74.6959432462
672.6022746381,74.8019769164
673.3162897916,74.5464278738
674.0303049452,74.4604970147
674.7443200987,74.6093953738
675.4583352522,74.4293254774
676.1723504058,74.3967691835
676.8863655593,74.4865777571
677.6003807129,74.2617622201
678.3143958664,74.4289988819
679.0284110200,74.7295010927
679.7424261735,74.5315105551
680.4564413271,74.4348821802
681.1704564806,74.5679601556
681.8844716341,74.6236505668
682.5984867877,74.6550745776
683.3125019412,74.6325147224
684.0265170948,74.6693717296
684.7405322483,74.7565029684
685.4545474019,74.6954463066
686.1685625554,74.6905894427
686.8825777089,74.8405145887
687.5965928625,74.7902083410
688.3106080160,74.5738784292
689.0246231696,74.6468403989
689.7386383231,74.8161493161
690.4526534767,74.8331060786
691.1666686302,74.8745388352
691.8806837838,74.6584678877
692.5946989373,74.5426741079
693.3087140908,75.0339279569
694.0227292444,75.1616999800
694.7367443979,74.9341975653
695.4507595515,75.1328033587
696.1647747050,75.1350608528
696.8787898586,75.1668830363
697.5928050121,75.6114527341
698.3068201656,75.6575394013
699.0208353192,75.5835561875
699.7348504727,75.7068055404
700.4488656263,75.7289108778
701.1628807798,75.9009653718
701.8768959334,75.9730050531
702.5909110869,76.0388927778
703.3049262404,76.4108496220
704.0189413940,76.3990694142
704.7329565475,76.3679599933
705.4469717011,76.7014610662
706.1609868546,76.6377170884
706.8750020082,76.6922313599
707.5890171617,77.1873954371
708.3030323153,77.3451045068
709.0170474688,77.2768729750
709.7310626223,77.3204338692
710.4450777759,77.4965687327
711.1590929294,77.6301017149
711.8731080830,77.5164553005
712.5871232365,77.7041483183
713.3011383901,78.0647903284
714.0151535436,77.9933124454
714.7291686971,78.0930593971
715.4431838507,78.4001836518
716.1571990042,78.3180058204
716.8712141578,78.2022109585
717.5852293113,78.3581900435
718.2992444649,78.5955079070
719.0132596184,78.6697189203
719.7272747720,78.5594093087
720.4412899255,78.6366893642
721.1553050790,78.8602150682
721.8693202326,78.9922327365
722.5833353861,79.0516546179
723.2973505397,78.9632605785
724.0113656932,79.0210373255
724.7253808468,79.4004501144
725.4393960003,79.7608655201
726.1534111538,79.9581241108
726.8674263074,79.9360276389
727.5814414609,79.9615844196
728.2954566145,80.2585674339
729.0094717680,80.4339940054
729.7234869216,80.4890604213
730.4375020751,80.5837846946
731.1515172287,80.6871869970
731.8655323822,81.0437559348
732.5795475357,81.3184410448
733.2935626893,81.2604928066
734.0075778428,81.3785920824
734.7215929964,81.6691806003
735.4356081499,81.9640914525
736.1496233035,82.1699761202
736.8636384570,82.1125490860
737.5776536105,82.1843380373
738.2916687641,82.4480741486
739.0056839176,82.7556928649
739.7196990712,83.2419102174
740.4337142247,83.3237263279
741.1477293783,83.0553423207
741.8617445318,83.3064314556
742.5757596853,83.6635708787
743.2897748389,83.7014957299
744.0037899924,83.8318647763
744.7178051460,84.0456019789
745.4318202995,84.2271311372
746.1458354531,84.4630292162
746.8598506066,84.6974148853
747.5738657602,84.7313386175
748.2878809137,84.5510932998
749.0018960672,84.6356272709
749.7159112208,85.0748876712
750.4299263743,85.3207331979
751.1439415279,85.2340513054
751.8579566814,85.1757257103
752.5719718350,85.3788965727
753.2859869885,85.5855563540
754.0000021420,85.5899499831
754.7140172956,85.6543703256
755.4280324491,85.6809390770
756.1420476027,85.6026777412
756.8560627562,85.7480228786
757.5700779098,85.9331251656
758.2840930633,86.0220076912
758.9981082169,86.0143802475
759.7121233704,85.7927523439
760.4261385239,85.9271255530
761.1401536775,86.2999343008
761.8541688310,86.0734138531
762.5681839846,85.8011340278
763.2821991381,86.0062672924
763.9962142917,86.2462417939
764.7102294452,86.3706001896
765.4242445987,86.2720531557
766.1382597523,86.0882261898
766.8522749058,86.1464034364
767.5662900594,86.3258188011
768.2803052129,86.4897519280
768.9943203665,86.4640708328
769.7083355200,86.4276851379
770.4223506735,86.6940060060
771.1363658271,86.7870228339
771.8503809806,86.7726153270
772.5643961342,86.9634216340
773.2784112877,86.8417864719
773.9924264413,86.7789693647
774.7064415948,87.2137240796
775.4204567484,87.4668201919
776.1344719019,87.4484879484
776.8484870554,87.4222796025
777.5625022090,87.4341289083
778.2765173625,87.5927663070
778.9905325161,87.6659984610
779.7045476696,87.6855382368
780.4185628232,87.7779787017
781.1325779767,87.8471169586
781.8465931302,88.0960559513
782.5606082838,88.2363314187
783.2746234373,88.1146585498
783.9886385909,88.2257284022
784.7026537444,88.3426558704
785.4166688980,88.3558337654
786.1306840515,88.4432914455
786.8446992051,88.4049092365
787.5587143586,88.5377550623
788.2727295121,88.7299368902
788.9867446657,88.7145066896
789.7007598192,88.9686767265
790.4147749728,89.0688452398
791.1287901263,88.8429504948
791.8428052799,89.0059967174
792.5568204334,89.1651811398
793.2708355869,89.1613461292
793.9848507405,89.2961107834
794.6988658940,89.2992386119
795.4128810476,89.4770436134
796.1268962011,89.7167768588
796.8409113547,89.5594929719
797.5549265082,89.5481596921
798.2689416617,89.6716895890
798.9829568153,89.6440883017
799.6969719688,89.7360407834
800.4109871224,89.8081011068
801.1250022759,89.7928202326
801.8390174295,89.8324971966
802.5530325830,90.0551870359
803.2670477366,90.3289211170
803.9810628901,90.0617273404
804.6950780436,89.8062207401
805.4090931972,90.0681249125
806.1231083507,90.0615767332
806.8371235043,90.0634159766
807.5511386578,90.2677937117
808.2651538114,90.0246500539
808.9791689649,89.9773556936
809.6931841184,90.3006952610
810.4071992720,90.3796025325
811.1212144255,90.3677500699
811.8352295791,90.2143245716
812.5492447326,90.1759251127
813.2632598862,90.4652365582
813.9772750397,90.4991717114
814.6912901933,90.4614050249
815.4053053468,90.5306236302
816.1193205003,90.6038053738
816.8333356539,90.8744231692
817.5473508074,90.7451087830
818.2613659610,90.4801051009
818.9753811145,90.7345085330
819.6893962681,90.6149540711
820.4034114216,90.4365632666
821.1174265751,90.7423489935
821.8314417287,90.5135368327
822.5454568822,90.2411268709
823.2594720358,90.5591778487
823.9734871893,90.6446750798
824.6875023429,90.4720521633
825.4015174964,90.2939505221
826.1155326499,90.3087249602
826.8295478035,90.6006655600
827.5435629570,90.5436891580
828.2575781106,90.4604535931
828.9715932641,90.6593587504
829.6856084177,90.5486385515
830.3996235712,90.6022041158
831.1136387248,90.8312080406
831.8276538783,90.6029114161
832.5416690318,90.6218599763
833.2556841854,90.8618342749
833.9696993389,90.6481039710
834.6837144925,90.6351396248
835.3977296460,90.9489424176
836.1117447996,90.9303530155
836.8257599531,90.7579724008
837.5397751066,90.7611339656
838.2537902602,90.7856502222
838.9678054137,90.7771158336
839.6818205673,90.9046593591
840.3958357208,91.0347121839
841.1098508744,90.9022931635
841.8238660279,90.7690643018
842.5378811815,90.7920348219
843.2518963350,90.7636072182
843.9659114885,90.8032880564
844.6799266421,90.8916515362
845.3939417956,90.7417350632
846.1079569492,90.5149669701
846.8219721027,90.4800218331
847.5359872563,90.5680205044
848.2500024098,90.6385297077
848.9640175633,90.6431818490
849.6780327169,90.5344596769
850.3920478704,90.2706701316
851.1060630240,90.1144909879
851.8200781775,90.3313855361
852.5340933311,90.5433109283
853.2481084846,90.4103537046
853.9621236381,90.3457242131
854.6761387917,90.4910258671
855.3901539452,90.5067231057
856.1041690988,90.6213920959
856.8181842523,90.8789808771
857.5321994059,90.8079820416
858.2462145594,90.8067555980
858.9602297130,91.1155381138
859.6742448665,91.1768890257
860.3882600200,91.2456065109
861.1022751736,91.3579631676
861.8162903271,91.1297654984
862.5303054807,91.2241388948
863.2443206342,91.4128960217
863.9583357878,91.0974516008
864.6723509413,91.1985940144
865.3863660948,91.5634441063
866.1003812484,91.5308455936
866.8143964019,91.7015230492
867.5284115555,91.6613439896
868.2424267090,91.1611320652
868.9564418626,91.1832521181
869.6704570161,91.4159565747
870.3844721697,91.3316268838
871.0984873232,91.2474113161
871.8125024767,91.1680717189
872.5265176303,91.2523975617
873.2405327838,91.4356779156
873.9545479374,91.2952544771
874.6685630909,91.0961524552
875.3825782445,91.0754295831
876.0965933980,91.0947785660
876.8106085515,91.1407382910
877.5246237051,91.1656731592
878.2386388586,91.1381724927
878.9526540122,91.0600490124
879.6666691657,91.1022794891
880.3806843193,91.3071343253
881.0946994728,91.2823646698
881.8087146264,91.1484142658
882.5227297799,91.2143151459
883.2367449334,91.2825283043
883.9507600870,91.3649963109
884.6647752405,91.3903203503
885.3787903941,91.2454190108
886.0928055476,91.2141275547
886.8068207012,91.3137281765
887.5208358547,91.4856639287
888.2348510082,91.5319850465
888.9488661618,91.2337244759
889.6628813153,91.1391408322
890.3768964689,91.2759218974
891.0909116224,91.2739220756
891.8049267760,91.4211427030
892.5189419295,91.4187371817
893.2329570830,91.2016074988
893.9469722366,91.3619456218
894.6609873901,91.4752489185
895.3750025437,91.3172426731
896.0890176972,91.1716193521
896.8030328508,91.0005857743
897.5170480043,91.1866636643
898.2310631579,91.4399195766
898.9450783114,91.2167586765
899.6590934649,91.0978210740
900.3731086185,91.1061991435
901.0871237720,91.0870221823
901.8011389256,91.2424605945
902.5151540791,91.1213502609
903.2291692327,91.0105809549
903.9431843862,91.2275737875
904.6571995397,91.1832885648
905.3712146933,91.1925253738
906.0852298468,91.2975406720
906.7992450004,91.0674671572
907.5132601539,91.0340460084
908.2272753075,91.1617705109
908.9412904610,91.1923815691
909.6553056146,91.3020290543
910.3693207681,91.1472430857
911.0833359216,90.9594599319
911.7973510752,91.0932998727
912.5113662287,91.1301895980
913.2253813823,91.1072244825
913.9393965358,91.0666691699
914.6534116894,90.9777422054
915.3674268429,91.0890744242
916.0814419964,91.0692620117
916.7954571500,90.9125604551
917.5094723035,90.8848463820
918.2234874571,90.7168341336
918.9375026106,90.7318049348
919.6515177642,90.9579628833
920.3655329177,90.7713262264
921.0795480712,90.5905448042
921.7935632248,90.7294957895
922.5075783783,90.7759753184
923.2215935319,90.7831738539
923.9356086854,90.7728245477
924.6496238390,90.7149757177
925.3636389925,90.7808930146
926.0776541461,90.8950813274
926.7916692996,91.0352041422
927.5056844531,91.1792350900
928.2196996067,91.2901028366
928.9337147602,91.5136060667
929.6477299138,91.7410717342
930.3617450673,91.9058826396
931.0757602209,92.1220133775
931.7897753744,92.2605864047
932.5037905279,92.3443425478
933.2178056815,92.5591558021
933.9318208350,92.8547066266
934.6458359886,93.1157478191
935.3598511421,93.3556719696
936.0738662957,93.6541767051
936.7878814492,93.9555798773
937.5018966028,94.2184540831
938.2159117563,94.3725877744
938.9299269098,94.2915753158
939.6439420634,94.3580140576
940.3579572169,94.6617712094
941.0719723705,94.7492322236
941.7859875240,94.8546194311
942.5000026776,95.0219542360
943.2140178311,94.9687222734
943.9280329846,95.0967718789
944.6420481382,95.2119465354
945.3560632917,95.0555710323
946.0700784453,95.1464785185
946.7840935988,95.2468581069
947.4981087524,95.2616597717
948.2121239059,95.5519147755
948.9261390594,95.6256458068
949.6401542130,95.5604480462
950.3541693665,95.8286749447
951.0681845201,96.0615298343
951.7821996736,96.2705768684
952.4962148272,96.4433574173
953.2102299807,96.2768344466
953.9242451343,96.2332472530
954.6382602878,96.2652414465
955.3522754413,95.8696377279
956.0662905949,95.7129763794
956.7803057484,96.2444088007
957.4943209020,96.3587367033
958.2083360555,95.5871150440
958.9223512091,95.1128912819
959.6363663626,95.0840760751
960.3503815161,94.7398325526
961.0643966697,94.4496667604
961.7784118232,94.5062856121
962.4924269768,94.5483326405
963.2064421303,94.6264587021
963.9204572839,94.5295580003
964.6344724374,94.3300344659
965.3484875910,94.5067358948
966.0625027445,94.5296702417
966.7765178980,94.2592498899
967.4905330516,94.1122399027
968.2045482051,93.7699304138
968.9185633587,93.4177252790
969.6325785122,93.1893639302
970.3465936658,92.6698389356
971.0606088193,92.2557003725
971.7746239728,92.0143781121
972.4886391264,91.5739761656
973.2026542799,91.2167294503
973.9166694335,90.8279243450
974.6306845870,90.3106211139
975.3446997406,90.0930600174
976.0587148941,89.9758535439
976.7727300476,89.6912436251
977.4867452012,89.4210006842
978.2007603547,89.2591700110
978.9147755083,89.2203281798
979.6287906618,89.1489188532
980.3428058154,88.9849168117
981.0568209689,88.9100166895
981.7708361225,88.9260807693
982.4848512760,88.9700177722
983.1988664295,88.9264470891
983.9128815831,88.7919459237
984.6268967366,88.7434044082
985.3409118902,88.6327542524
986.0549270437,88.5272514228
986.7689421973,88.6029463698
987.4829573508,88.4370106951
988.1969725043,88.0981087539
988.9109876579,87.9859861340
989.6250028114,87.8446250236
990.3390179650,87.6451563604
991.0530331185,87.4921456134
991.7670482721,87.2841058941
992.4810634256,87.2123785033
993.1950785792,87.1510858891
993.9090937327,86.9396594396
994.6231088862,86.8750265663
995.3371240398,86.8186166563
996.0511391933,86.6781264651
996.7651543469,86.7525516237
997.4791695004,86.8261473406
998.1931846540,86.7013233757
998.9071998075,86.5756202810
999.6212149610,86.5143448518
1000.3352301146,86.6020328035
1001.0492452681,86.7714928623
1001.7632604217,86.7434492811
1002.4772755752,86.6399594034
1003.1912907288,86.6957085730
1003.9053058823,86.7903823318
1004.6193210359,86.8799102519
1005.3333361894,87.0029474539
1006.0473513429,86.9860988847
1006.7613664965,86.9213440915
1007.4753816500,87.0313572857
1008.1893968036,87.0291397705
1008.9034119571,86.8636305175
1009.6174271107,86.8741761772
1010.3314422642,86.9061386323
1011.0454574177,86.8960619095
1011.7594725713,86.9628104446
1012.4734877248,86.8186636991
1013.1875028784,86.6361328648
1013.9015180319,86.7510123312
1014.6155331855,86.8382334375
1015.3295483390,86.8231088026
1016.0435634925,86.8325029818
1016.7575786461,86.7722450216
1017.4715937996,86.8012287431
1018.1856089532,86.9317711121
1018.8996241067,86.9467230622
1019.6136392603,86.8699168351
1020.3276544138,86.7967314184
1021.0416695674,86.8244000845
1021.7556847209,86.8532394702
1022.4696998744,86.7590311545
1023.1837150280,86.7858649583
1023.8977301815,86.8595519374
1024.6117453351,86.7450036668
1025.3257604886,86.6862888061
1026.0397756422,86.6355130304
1026.7537907957,86.3939530180
1027.4678059492,86.2448216711
1028.1818211028,86.2411127586
1028.8958362563,86.1422216793
1029.6098514099,85.9766330529
1030.3238665634,85.8315571763
1031.0378817170,85.7010296814
1031.7518968705,85.6079901282
1032.4659120241,85.5688434689
1033.1799271776,85.5346306002
1033.8939423311,85.4402303866
1034.6079574847,85.2729890543
1035.3219726382,85.1264122738
1036.0359877918,85.1717539512
1036.7500029453,85.2755055347
1037.4640180989,85.1318008326
1038.1780332524,84.9923741502
1038.8920484059,85.1335109549
1039.6060635595,85.2682730960
1040.3200787130,85.3025847413
1041.0340938666,85.3303070236
1041.7481090201,85.2620575833
1042.4621241737,85.2050559726
1043.1761393272,85.2833893110
1043.8901544807,85.4328648717
1044.6041696343,85.5670010962
1045.3181847878,85.5399624663
1046.0321999414,85.4493990715
1046.7462150949,85.5262217606
1047.4602302485,85.6742558915
1048.1742454020,85.7859363212
1048.8882605556,85.8609231298
1049.6022757091,85.8425553965
1050.3162908626,85.8788577287
1051.0303060162,86.0607087454
1051.7443211697,86.1170717863
1052.4583363233,86.0238829605
1053.1723514768,86.0986237931
1053.8863666304,86.2527431329
1054.6003817839,86.2264884470
1055.3143969374,86.1872536340
1056.0284120910,86.2550386772
1056.7424272445,86.3107891567
1057.4564423981,86.3454593572
1058.1704575516,86.3304571682
1058.8844727052,86.2900786838
1059.5984878587,86.3411958416
1060.3125030123,86.4851552738
1061.0265181658,86.6547783205
1061.7405333193,86.6302173292
1062.4545484729,86.4864245624
1063.1685636264,86.6604399403
1063.8825787800,86.9053638084
1064.5965939335,86.8473699710
1065.3106090871,86.7016534732
1066.0246242406,86.5740970330
1066.7386393941,86.6738741737
1067.4526545477,87.0438893252
1068.1666697012,87.2764833376
1068.8806848548,87.4662168731
1069.5947000083,87.5707900784
1070.3087151619,87.4708765892
1071.0227303154,87.7663470123
1071.7367454689,88.1913457631
1072.4507606225,88.1738360305
1073.1647757760,88.1931916822
1073.8787909296,88.2340707543
1074.5928060831,88.1600024365
1075.3068212367,88.2938366628
1076.0208363902,88.4259070871
1076.7348515438,88.5192592772
1077.4488666973,88.7045658612
1078.1628818508,88.8558188147
1078.8768970044,89.0860153487
1079.5909121579,89.1902942908
1080.3049273115,89.1071663587
1081.0189424650,89.2523434683
1081.7329576186,89.4496874731
1082.4469727721,89.5289664102
1083.1609879256,89.5508498345
1083.8750030792,89.4672790842
1084.5890182327,89.6222840378
1085.3030333863,89.9857918879
1086.0170485398,90.1590054076
1086.7310636934,90.1905910398
1087.4450788469,90.1412329374
1088.1590940005,90.2201657911
1088.8731091540,90.4581367886
1089.5871243075,90.4820832195
1090.3011394611,90.4181955066
1091.0151546146,90.3396878148
1091.7291697682,90.2144127203
1092.4431849217,90.2823396295
1093.1572000753,90.2322731365
1093.8712152288,89.9599572729
1094.5852303823,89.7812346869
1095.2992455359,89.5563617675
1096.0132606894,89.3944238567
1096.7272758430,89.3993530373
1097.4412909965,89.3206070642
1098.1553061501,89.1806170367
1098.8693213036,88.9689826809
1099.5833364571,88.8675263865
1100.2973516107,88.9675775641
1101.0113667642,88.8137822888
1101.7253819178,88.5946424948
1102.4393970713,88.5791065544
1103.1534122249,88.5243054263
1103.8674273784,88.5741262266
1104.5814425320,88.4998844993
1105.2954576855,88.2363268145
1106.0094728390,88.4585461263
1106.7234879926,88.7727435209
1107.4375031461,88.7014315633
1108.1515182997,88.7319282426
1108.8655334532,88.7934826836
1109.5795486068,88.7922842964
1110.2935637603,88.9250385293
1111.0075789138,89.0176038370
1111.7215940674,89.1081530682
1112.4356092209,89.1630189076
1113.1496243745,89.1197065825
1113.8636395280,89.2771362814
1114.5776546816,89.4773671219
1115.2916698351,89.4644057538
1116.0056849887,89.4341574007
1116.7197001422,89.5504648610
1117.4337152957,89.7625159726
1118.1477304493,89.8084461630
1118.8617456028,89.7726317067
1119.5757607564,89.8939767033
1120.2897759099,89.9470047253
1121.0037910635,90.0831328528
1121.7178062170,90.3989304591
1122.4318213705,90.4597765395
1123.1458365241,90.4621735581
1123.8598516776,90.5624171938
1124.5738668312,90.5944742966
1125.2878819847,90.8090127384
1126.0018971383,90.9701855086
1126.7159122918,90.8717948625
1127.4299274454,91.0030369094
1128.1439425989,91.3046159566
1128.8579577524,91.4308897415
1129.5719729060,91.3650712740
1130.2859880595,91.2955884895
1131.0000032131,91.4571994707
1131.7140183666,91.5697208833
1132.4280335202,91.4977321496
1133.1420486737,91.5587374617
1133.8560638272,91.6204810669
1134.5700789808,91.6927463751
1135.2840941343,91.9496687096
1135.9981092879,92.0846286905
1136.7121244414,92.0447479981
1137.4261395950,92.0574175308
1138.1401547485,92.2117602163
1138.8541699020,92.3996779052
1139.5681850556,92.3529917472
1140.2822002091,92.2086862643
1140.9962153627,92.1606306776
1141.7102305162,92.1847568118
1142.4242456698,92.3538330004
1143.1382608233,92.4001941341
1143.8522759769,92.3566663716
1144.5662911304,92.5569492980
1145.2803062839,92.6421929158
1145.9943214375,92.6523294585
1146.7083365910,92.7921404454
1147.4223517446,92.7160478063
1148.1363668981,92.7784445229
1148.8503820517,93.0061982238
1149.5643972052,92.8494788928
1150.2784123587,92.7576717592
1150.9924275123,92.8313372534
1151.7064426658,92.6943152611
1152.4204578194,92.6296873479
1153.1344729729,92.5918849553
1153.8484881265,92.4353959461
1154.5625032800,92.2850197586
1155.2765184336,92.1258837666
1155.9905335871,92.1424955026
1156.7045487406,92.1887999098
1157.4185638942,91.9682157159
1158.1325790477,91.7804713153
1158.8465942013,91.7520403370
1159.5606093548,91.7366572964
1160.2746245084,91.6107134637
1160.9886396619,91.3404326258
1161.7026548154,91.2306978771
1162.4166699690,91.2442580314
1163.1306851225,91.1478542214
1163.8447002761,91.0663636323
1164.5587154296,90.8914050073
1165.2727305832,90.6088346396
1165.9867457367,90.4984565891
1166.7007608902,90.5257622327
1167.4147760438,90.5068043938
1168.1287911973,90.3000202162
1168.8428063509,90.0551041522
1169.5568215044,89.9687658579
1170.2708366580,89.8055819736
1170.9848518115,89.6235849362
1171.6988669651,89.5622153312
1172.4128821186,89.4800618388
1173.1268972721,89.5537556284
1173.8409124257,89.6482702929
1174.5549275792,89.5347323795
1175.2689427328,89.5144322020
1175.9829578863,89.4881273182
1176.6969730399,89.4758819598
1177.4109881934,89.6840126825
1178.1250033469,89.6483792062
1178.8390185005,89.4642227456
1179.5530336540,89.4742453889
1180.2670488076,89.3372929760
1180.9810639611,89.1754071571
1181.6950791147,89.0969116025
1182.4090942682,88.8788327230
1183.1231094218,88.7505530589
1183.8371245753,88.6912364606
1184.5511397288,88.5727596534
1185.2651548824,88.4582430360
1185.9791700359,88.1498904072
1186.6931851895,87.8353383713
1187.4072003430,87.7642618811
1188.1212154966,87.6768233298
1188.8352306501,87.5023763878
1189.5492458036,87.2854993914
1190.2632609572,87.1008724227
1190.9772761107,87.0135072323
1191.6912912643,86.8249999072
1192.4053064178,86.6441299942
1193.1193215714,86.5530179503
1193.8333367249,86.3304910732
1194.5473518784,86.1990866303
1195.2613670320,86.1996726657
1195.9753821855,85.9972777000
1196.6893973391,85.7079333871
1197.4034124926,85.4958068931
1198.1174276462,85.3560449508
1198.8314427997,85.2492897712
1199.5454579533,85.0190445932
1200.2594731068,84.7499615796
1200.9734882603,84.5709784844
1201.6875034139,84.4244940163
1202.4015185674,84.2753330852
1203.1155337210,84.0443128982
1203.8295488745,83.7981517051
1204.5435640281,83.5971077310
1205.2575791816,83.3453222757
1205.9715943351,83.1779894949
1206.6856094887,83.0198747965
1207.3996246422,82.6880150406
1208.1136397958,82.4753040006
1208.8276549493,82.3615539446
1209.5416701029,82.0921330263
1210.2556852564,81.8523138095
1210.9697004100,81.6737907381
1211.6837155635,81.4567494082
1212.3977307170,81.2889452729
1213.1117458706,81.1354069654
1213.8257610241,80.9713854317
1214.5397761777,80.8282475587
1215.2537913312,80.7031255807
1215.9678064848,80.6308395045
1216.6818216383,80.5367915111
1217.3958367918,80.3760374619
1218.1098519454,80.2469645638
1218.8238670989,80.1764311466
1219.5378822525,80.1241645341
1220.2518974060,80.0633260354
1220.9659125596,80.0111462175
1221.6799277131,79.9390424863
1222.3939428666,79.8592306386
1223.1079580202,79.9659442715
1223.8219731737,80.1208967988
1224.5359883273,80.0340337052
1225.2500034808,79.9398553016
1225.9640186344,80.0102635606
1226.6780337879,80.1170203510
1227.3920489415,80.2381687077
1228.1060640950,80.2861463980
1228.8200792485,80.3212731125
1229.5340944021,80.4573761385
1230.2481095556,80.5765597745
1230.9621247092,80.7606052445
1231.6761398627,80.9741044088
1232.3901550163,81.0617340717
1233.1041701698,81.2592244853
1233.8181853233,81.5233201908
1234.5322004769,81.6989933630
1235.2462156304,81.9683572167
1235.9602307840,82.2057369382
1236.6742459375,82.3727624032
1237.3882610911,82.6431621472
1238.1022762446,82.8717270639
1238.8162913982,83.0406388837
1239.5303065517,83.1273882692
1240.2443217052,83.1486841039
1240.9583368588,83.3950943239
1241.6723520123,83.6139881150
1242.3863671659,83.5793721740
1243.1003823194,83.6336037264
1243.8143974730,83.7470357839
1244.5284126265,83.8758692880
1245.2424277800,84.0853489708
1245.9564429336,84.1364474366
1246.6704580871,84.2046335753
1247.3844732407,84.4912573626
1248.0984883942,84.7250135687
1248.8125035478,84.9108135521
1249.5265187013,85.0914870572
1250.2405338549,85.2022079422
1250.9545490084,85.4462354239
1251.6685641619,85.6365494620
1252.3825793155,85.3773486661
1253.0965944690,85.0882884211
1253.8106096226,85.1661076467
1254.5246247761,85.1721631536
1255.2386399297,84.9831133354
1255.9526550832,84.9188799710
1256.6666702367,84.7356959071
1257.3806853903,84.4775482261
1258.0947005438,84.5402597381
1258.8087156974,84.5575307480
1259.5227308509,84.3926068890
1260.2367460045,84.3420014594
1260.9507611580,84.2424039309
1261.6647763115,84.2859514299
1262.3787914651,84.5610077597
1263.0928066186,84.5231462027
1263.8068217722,84.3874487434
1264.5208369257,84.4957703441
1265.2348520793,84.5342194715
1265.9488672328,84.5309096465
1266.6628823864,84.5572737332
1267.3768975399,84.5509699475
1268.0909126934,84.6355211582
1268.8049278470,84.7069404466
1269.5189430005,84.7580496295
1270.2329581541,84.8966811844
1270.9469733076,84.9404225167
1271.6609884612,84.9076107033
1272.3750036147,84.9997753027
1273.0890187682,85.1932415322
1273.8030339218,85.3043891747
1274.5170490753,85.2733503059
1275.2310642289,85.3254764369
1275.9450793824,85.4236849594
1276.6590945360,85.4361697509
1277.3731096895,85.5392145019
1278.0871248431,85.5609633255
1278.8011399966,85.4643446583
1279.5151551501,85.5954971761
1280.2291703037,85.6976237180
1280.9431854572,85.6207578392
1281.6572006108,85.6426750198
1282.3712157643,85.6505513978
1283.0852309179,85.6389899250
1283.7992460714,85.6748661621
1284.5132612249,85.6309961226
1285.2272763785,85.6152540989
1285.9412915320,85.6229291706
1286.6553066856,85.5959419644
1287.3693218391,85.5681830853
1288.0833369927,85.4297894936
1288.7973521462,85.4016599463
1289.5113672997,85.5412325723
1290.2253824533,85.4928448547
1290.9393976068,85.4314043152
1291.6534127604,85.5032365060
1292.3674279139,85.4470694469
1293.0814430675,85.3750251650
1293.7954582210,85.3832443587
1294.5094733746,85.3667515589
1295.2234885281,85.3488296936
1295.9375036816,85.2548258393
1296.6515188352,85.1384616928
1297.3655339887,85.1865593317
1298.0795491423,85.2486677822
1298.7935642958,85.1563940910
1299.5075794494,85.0620633479
1300.2215946029,85.0756171842
1300.9356097564,85.0901124535
1301.6496249100,85.1021656892
1302.3636400635,85.1034324271
1303.0776552171,84.9853090358
1303.7916703706,84.9242513076
1304.5056855242,85.0017006616
1305.2197006777,84.9826323880
1305.9337158313,84.9301823451
1306.6477309848,84.9402591404
1307.3617461383,84.8962586912
1308.0757612919,84.8719785547
1308.7897764454,84.9388648499
1309.5037915990,84.9806565803
1310.2178067525,84.9161459438
1310.9318219061,84.9152873777
1311.6458370596,85.0181825416
1312.3598522131,84.8687624578
1313.0738673667,84.7438675630
1313.7878825202,84.9311439456
1314.5018976738,84.8420110721
1315.2159128273,84.8464536770
1315.9299279809,85.1618645794
1316.6439431344,84.9251116793
1317.3579582879,84.7629610991
1318.0719734415,85.0902523502
1318.7859885950,84.8650403362
1319.5000037486,84.7138026245
1320.2140189021,85.0214237917
1320.9280340557,84.9068648015
1321.6420492092,84.8813111320
1322.3560643628,85.0513720749
1323.0700795163,84.9257127332
1323.7840946698,84.9158911533
1324.4981098234,84.9024634485
1325.2121249769,84.8284650958
1325.9261401305,84.9471389403
1326.6401552840,84.9007200624
1327.3541704376,84.8435951904
1328.0681855911,84.8576410319
1328.7822007446,84.7554242795
1329.4962158982,84.8101344612
1330.2102310517,84.7769883523
1330.9242462053,84.7159014115
1331.6382613588,84.8407757450
1332.3522765124,84.7397361613
1333.0662916659,84.7952183988
1333.7803068195,84.8808533025
1334.4943219730,84.6542938715
1335.2083371265,84.9229804749
1335.9223522801,84.9085299962
1336.6363674336,84.3194371934
1337.3503825872,84.7916951395
1338.0643977407,85.0029095466
1338.7784128943,84.3158637126
1339.4924280478,84.4596363812
1340.2064432013,84.4180983908
1340.9204583549,84.2368226121
1341.6344735084,84.9894429474
1342.3484886620,85.2159268434
1343.0625038155,85.0308807441
1343.7765189691,85.3047314873
1344.4905341226,85.1954301589
1345.2045492761,85.0131916179
1345.9185644297,85.2062197024
1346.6325795832,85.2069544085
1347.3465947368,85.3218264624
1348.0606098903,85.4613066478
1348.7746250439,85.2584452263
1349.4886401974,85.1619252214
1350.2026553510,85.2373910717
1350.9166705045,85.3829567929
1351.6306856580,85.5039861580
1352.3447008116,85.3361694112
1353.0587159651,85.3310100991
1353.7727311187,85.5643102280
1354.4867462722,85.4227666476
1355.2007614258,85.3101209666
1355.9147765793,85.5569563605
1356.6287917328,85.4955128140
1357.3428068864,85.3769682801
1358.0568220399,85.4934396330
1358.7708371935,85.3086535888
1359.4848523470,85.4279329836
1360.1988675006,85.6575665918
1360.9128826541,84.7312475026
1361.6268978077,84.6722102119
1362.3409129612,85.4305412045
1363.0549281147,84.0537579436
1363.7689432683,83.4825082929
1364.4829584218,84.9278902841
1365.1969735754,85.0128961598
1365.9109887289,84.5636515488
1366.6250038825,85.0471217724
1367.3390190360,85.0817132604
1368.0530341895,85.0559570240
1368.7670493431,85.1480755806
1369.4810644966,85.1784041660
1370.1950796502,85.9054828630
1370.9090948037,86.1136413640
1371.6231099573,86.0501843586
1372.3371251108,87.0382844365
1373.0511402643,87.1155588287
1373.7651554179,86.0356997865
1374.4791705714,86.3312909207
1375.1931857250,86.6084419087
1375.9072008785,86.9966380546
1376.6212160321,87.8009765920
1377.3352311856,87.7006219645
1378.0492463392,87.5238508859
1378.7632614927,88.0374447841
1379.4772766462,88.2856331374
1380.1912917998,88.4507383084
1380.9053069533,88.5640419178
1381.6193221069,88.6329352790
1382.3333372604,88.7934120699
1383.0473524140,88.4884527391
1383.7613675675,88.2012345190
1384.4753827210,88.2191947065
1385.1893978746,87.9623689255
1385.9034130281,88.0829090765
1386.6174281817,88.3571665701
1387.3314433352,87.1286127005
1388.0454584888,86.3348488064
1388.7594736423,87.3158859875
1389.4734887959,87.6487484461
1390.1875039494,87.2023669963
1390.9015191029,87.4704583946
1391.6155342565,87.6701816353
1392.3295494100,87.2822699440
1393.0435645636,87.6680597109
1393.7575797171,87.8901326700
1394.4715948707,86.1418681222
1395.1856100242,85.3205003850
1395.8996251777,85.8439761934
1396.6136403313,85.7983257664
1397.3276554848,85.5909157626
1398.0416706384,85.5813404059
1398.7556857919,84.8808008111
1399.4697009455,83.5658235365
1400.1837160990,83.8655842120
1400.8977312526,84.4235321185
1401.6117464061,84.0457160635
1402.3257615596,83.4714848959
1403.0397767132,83.3327692354
1403.7537918667,83.3054548143
1404.4678070203,82.9564144333
1405.1818221738,81.5890209528
1405.8958373274,81.6713235178
1406.6098524809,82.5575401271
1407.3238676344,82.1557438284
1408.0378827880,81.8695471095
1408.7518979415,82.2307168811
1409.4659130951,81.5926542779
1410.1799282486,81.5622426617
1410.8939434022,81.8367229271
1411.6079585557,81.2015268093
1412.3219737092,81.4060970046
1413.0359888628,81.4829972990
1413.7500040163,81.2020615905
1414.4640191699,81.6316819569
1415.1780343234,81.1916483487
1415.8920494770,81.1354684933
1416.6060646305,81.5800208662
1417.3200797841,80.0684311903
1418.0340949376,80.8814821338
1418.7481100911,82.5661221857
1419.4621252447,76.7246506774
1420.1761403982,78.8474282638
1420.8901555518,81.2569566177
1421.6041707053,80.6144929697
1422.3181858589,80.6705771938
1423.0322010124,81.4485094188
1423.7462161659,79.6561682711
1424.4602313195,79.4511044177
1425.1742464730,80.4634275886
1425.8882616266,80.2927068954
1426.6022767801,80.2291379111
1427.3162919337,79.9572715523
1428.0303070872,79.5043603536
1428.7443222408,79.7924140430
1429.4583373943,79.3995382244
1430.1723525478,78.0271976568
1430.8863677014,78.2146810200
1431.6003828549,78.7536236081
1432.3143980085,78.2637062115
1433.0284131620,77.6269483215
1433.7424283156,77.7484246659
1434.4564434691,77.2278876771
1435.1704586226,77.2206994614
1435.8844737762,78.1705711510
1436.5984889297,74.5106727632
1437.3125040833,73.3807656546
1438.0265192368,76.1472519272
1438.7405343904,76.6340952097
1439.4545495439,76.0779464096
1440.1685646974,76.5161631642
1440.8825798510,76.4802824731
1441.5965950045,76.3135098789
1442.3106101581,76.6029058854
1443.0246253116,76.5527588571
1443.7386404652,76.6370604455
1444.4526556187,76.8402729560
1445.1666707723,76.7200463551
1445.8806859258,76.7501007211
1446.5947010793,77.3435959667
1447.3087162329,77.6542778804
1448.0227313864,76.2470370371
1448.7367465400,76.5696526998
1449.4507616935,78.0889544570
1450.1647768471,78.1665974513
1450.8787920006,78.2371596766
1451.5928071541,78.9842827357
1452.3068223077,78.2779819908
1453.0208374612,78.9341050051
1453.7348526148,80.4583118095
1454.4488677683,79.8484319433
1455.1628829219,79.9470713981
1455.8768980754,81.8482380921
1456.5909132290,79.4654611257
1457.3049283825,78.0305197539
1458.0189435360,80.5882248779
1458.7329586896,80.2639285900
1459.4469738431,80.4153413378
1460.1609889967,81.9175588188
1460.8750041502,82.5508597820
1461.5890193038,82.7397266780
1462.3030344573,82.8914191287
1463.0170496108,82.7851160709
1463.7310647644,83.3840779991
1464.4450799179,83.1903298182
1465.1590950715,79.7220738725
1465.8731102250,80.7083413884
1466.5871253786,82.0494680542
1467.3011405321,81.3616288622
1468.0151556856,81.3233697585
1468.7291708392,82.1901566197
1469.4431859927,81.5563494247
1470.1572011463,81.9753262426
1470.8712162998,83.4185817064
1471.5852314534,82.1098431794
1472.2992466069,81.0192424172
1473.0132617605,82.7115661101
1473.7272769140,80.4627736876
1474.4412920675,80.6015544587
1475.1553072211,82.5052409296
1475.8693223746,81.4448676470
1476.5833375282,78.5027819055
1477.2973526817,80.3560999283
1478.0113678353,81.0490160266
1478.7253829888,80.2939104847
1479.4393981423,80.2628475788
1480.1534132959,80.4628287797
1480.8674284494,79.7442192184
1481.5814436030,79.1492536661
1482.2954587565,79.3746746845
1483.0094739101,79.3046481238
1483.7234890636,79.0044988988
1484.4375042172,78.8546454094
1485.1515193707,78.3933733146
1485.8655345242,78.3271609318
1486.5795496778,78.3315932489
1487.2935648313,76.7212368579
1488.0075799849,76.4214575562
1488.7215951384,77.2385811184
1489.4356102920,76.4744421693
1490.1496254455,74.6696133183
1490.8636405990,74.7662023399
1491.5776557526,74.9088078326
1492.2916709061,75.3460368520
1493.0056860597,75.5694435696
1493.7197012132,74.7142688565
1494.4337163668,74.3451585768
1495.1477315203,75.1102167824
1495.8617466738,74.5103253864
1496.5757618274,70.6852373275
1497.2897769809,72.4964830018
1498.0037921345,73.9418086615
1498.7178072880,71.5173091078
1499.4318224416,70.5124466248
1500.1458375951,72.2643229477
1500.8598527487,71.9764616030
1501.5738679022,70.8735114346
1502.2878830557,71.2605584608
1503.0018982093,70.8864237545
1503.7159133628,70.7182888603
1504.4299285164,71.4205737137
1505.1439436699,70.7601576843
1505.8579588235,68.5580399682
1506.5719739770,68.4695629003
1507.2859891305,66.2042377945
1508.0000042841,66.6411874066
1508.7140194376,68.1892714693
1509.4280345912,68.0643072726
1510.1420497447,67.2907326367
1510.8560648983,68.3057824476
1511.5700800518,69.1083468422
1512.2840952054,67.2845056133
1512.9981103589,67.0082786418
1513.7121255124,68.6434661325
1514.4261406660,68.5327893939
1515.1401558195,67.2248460652
1515.8541709731,68.3123317827
1516.5681861266,68.5618064047
1517.2822012802,65.9047768438
1517.9962164337,67.4495806825
1518.7102315872,68.9039227422
1519.4242467408,69.5313971059
1520.1382618943,69.4662247886
1520.8522770479,67.5228485386
1521.5662922014,67.9802965759
1522.2803073550,68.8226584940
1522.9943225085,67.9620896118
1523.7083376621,69.1785538470
1524.4223528156,70.6287079488
1525.1363679691,69.2207852927
1525.8503831227,68.3791329156
1526.5643982762,70.1234794185
1527.2784134298,70.0141370899
1527.9924285833,69.4473899060
1528.7064437369,70.0570622559
1529.4204588904,70.0675353356
1530.1344740439,70.8181329081
1530.8484891975,71.3362992133
1531.5625043510,70.2802925413
1532.2765195046,71.0931805005
1532.9905346581,72.1130925613
1533.7045498117,68.5550088615
1534.4185649652,69.7886549353
1535.1325801187,71.6968169920
1535.8465952723,71.6359775605
1536.5606104258,71.7452913812
1537.2746255794,72.5156746657
1537.9886407329,72.8618894662
1538.7026558865,72.8739847873
1539.4166710400,69.9938792513
1540.1306861936,69.4701213194
1540.8447013471,72.0574067227
1541.5587165006,73.1254079087
1542.2727316542,71.4117259870
1542.9867468077,71.5132197598
1543.7007619613,73.1610096708
1544.4147771148,74.1937923449
1545.1287922684,72.3027335320
1545.8428074219,72.1964600727
1546.5568225754,74.2951454896
1547.2708377290,74.8319888352
1547.9848528825,74.2446091695
1548.6988680361,75.1825344253
1549.4128831896,75.2715783000
1550.1268983432,72.8253501427
1550.8409134967,74.3610497179
1551.5549286503,75.6091994181
1552.2689438038,75.1050005647
1552.9829589573,76.0164201727
1553.6969741109,77.0545785062
1554.4109892644,73.5552691425
1555.1250044180,74.5578159936
1555.8390195715,76.4365717135
1556.5530347251,77.1421123281
1557.2670498786,77.7918126726
1557.9810650321,74.0942282706
1558.6950801857,73.6354750323
1559.4090953392,76.9675732901
1560.1231104928,71.5060835157
1560.8371256463,74.2787205978
1561.5511407999,77.5943942199
1562.2651559534,78.1540631484
1562.9791711069,77.6726039735
1563.6931862605,78.9419368802
1564.4072014140,78.8654201801
1565.1212165676,77.5869960093
1565.8352317211,78.6889688551
1566.5492468747,79.4045284379
1567.2632620282,79.3181046170
1567.9772771818,79.7096063713
1568.6912923353,80.3583115526
1569.4053074888,79.1606270299
1570.1193226424,77.4834706636
1570.8333377959,79.4732082183
1571.5473529495,80.4062566145
1572.2613681030,79.8601123363
1572.9753832566,80.4870220206
1573.6893984101,80.6007562985
1574.4034135636,80.2164213928
1575.1174287172,81.9746287844
1575.8314438707,81.8112466695
1576.5454590243,75.6711920501
1577.2594741778,79.3962363255
1577.9734893314,80.5480137194
1578.6875044849,80.0407836017
1579.4015196385,80.5246168977
1580.1155347920,80.4546709021
1580.8295499455,80.1938407534
1581.5435650991,80.3910985097
1582.2575802526,79.9600524694
1582.9715954062,79.8743759760
1583.6856105597,79.8312224646
1584.3996257133,79.5227052666
1585.1136408668,79.5879137674
1585.8276560203,79.2003909340
1586.5416711739,78.9059158302
1587.2556863274,78.8338778468
1587.9697014810,78.3432705176
1588.6837166345,78.3169953673
1589.3977317881,77.9741144113
1590.1117469416,77.2506044021
1590.8257620951,77.3147263874
1591.5397772487,76.9502371153
1592.2537924022,76.4391917669
1592.9678075558,76.4736953093
1593.6818227093,76.0015685514
1594.3958378629,75.4403681107
1595.1098530164,75.1525535936
1595.8238681700,74.9165114370
1596.5378833235,74.7387403752
1597.2518984770,74.2139623190
1597.9659136306,73.9885424227
1598.6799287841,73.7796773406
1599.3939439377,73.1634530822
1600.1079590912,73.0419539723
1600.8219742448,72.5299231788
1601.5359893983,71.8280048488
1602.2500045518,71.8222373412
1602.9640197054,71.0810869966
1603.6780348589,70.5116710173
1604.3920500125,70.4899159379
1605.1060651660,69.7476176073
1605.8200803196,69.6409758001
1606.5340954731,69.3995667742
1607.2481106267,68.2178175963
1607.9621257802,68.3285400165
1608.6761409337,68.2659172596
1609.3901560873,67.2948944744
1610.1041712408,67.2276288122
1610.8181863944,67.1836367567
1611.5322015479,66.9209935529
1612.2462167015,66.6666354712
1612.9602318550,66.4490681710
1613.6742470085,66.5709295171
1614.3882621621,66.0153881012
1615.1022773156,66.0127186720
1615.8162924692,67.1739092060
1616.5303076227,64.9341727454
1617.2443227763,62.8375804402
1617.9583379298,65.3588424259
1618.6723530833,65.8381966841
1619.3863682369,65.4600903639
1620.1003833904,66.0419880003
1620.8143985440,66.0962797826
1621.5284136975,65.9040573443
1622.2424288511,66.7699349961
1622.9564440046,66.9310707651
1623.6704591582,64.9281885403
1624.3844743117,66.2219667549
1625.0984894652,67.5464950103
1625.8125046188,67.4607921041
1626.5265197723,68.0058851771
1627.2405349259,68.7437004174
1627.9545500794,67.5700042525
1628.6685652330,68.2412873989
1629.3825803865,69.5104531009
1630.0965955400,69.5953963692
1630.8106106936,70.0020421356
1631.5246258471,70.6532716269
1632.2386410007,70.8802315932
1632.9526561542,71.1530398917
1633.6666713078,71.7013453358
1634.3806864613,73.0853099286
1635.0947016149,72.4802287000
1635.8087167684,67.8212437057
1636.5227319219,72.2291323623
1637.2367470755,73.4770464140
1637.9507622290,72.0558899117
1638.6647773826,73.7794049653
1639.3787925361,74.7863713458
1640.0928076897,74.0586960570
1640.8068228432,75.0074862243
1641.5208379967,75.4250752580
1642.2348531503,75.2248737558
1642.9488683038,76.0839195861
1643.6628834574,75.8078878410
1644.3768986109,76.3544314464
1645.0909137645,77.9859822154
1645.8049289180,75.5677298767
1646.5189440715,74.9796934698
1647.2329592251,77.1372540424
1647.9469743786,75.7553287218
1648.6609895322,76.2463498440
1649.3750046857,78.1321646970
1650.0890198393,78.2310961894
1650.8030349928,78.5457825799
1651.5170501464,80.1956702438
1652.2310652999,80.9241906616
1652.9450804534,71.3303781641
1653.6590956070,76.4106932792
1654.3731107605,77.0984406845
1655.0871259141,78.0656147205
1655.8011410676,79.9837578785
1656.5151562212,80.6777455792
1657.2291713747,80.4539102211
1657.9431865282,81.1646893902
1658.6572016818,81.5146202313
1659.3712168353,81.5085212015
1660.0852319889,82.0496872983
1660.7992471424,81.8977821872
1661.5132622960,82.4125125745
1662.2272774495,83.3238290650
1662.9412926031,80.7881319923
1663.6553077566,81.6969633870
1664.3693229101,83.6116780567
1665.0833380637,83.1633453890
1665.7973532172,83.4463921464
1666.5113683708,84.4171444164
1667.2253835243,83.6995082450
1667.9393986779,84.6658427932
1668.6534138314,85.4204540019
1669.3674289849,80.8289956868
1670.0814441385,83.8473750690
1670.7954592920,85.4939567655
1671.5094744456,83.8000023122
1672.2234895991,84.5351063210
1672.9375047527,85.5255916970
1673.6515199062,85.8781584010
1674.3655350598,87.2781789818
1675.0795502133,85.4611806257
1675.7935653668,82.5697177371
1676.5075805204,86.0259883142
1677.2215956739,87.1705150970
1677.9356108275,86.5383730669
1678.6496259810,87.1702551724
1679.3636411346,87.7137818717
1680.0776562881,86.6694135954
1680.7916714416,86.5614926637
1681.5056865952,87.9012564032
1682.2197017487,88.8060240727
1682.9337169023,88.2927139120
1683.6477320558,87.3149106108
1684.3617472094,86.3496958273
1685.0757623629,84.5658320766
1685.7897775164,86.7595086192
1686.5037926700,88.8257376445
1687.2178078235,89.4432235893
1687.9318229771,88.4863448096
1688.6458381306,88.6300502381
1689.3598532842,89.3191391573
1690.0738684377,89.0232179324
1690.7878835913,88.9692261592
1691.5018987448,89.5471756253
1692.2159138983,89.8439208078
1692.9299290519,89.7530591280
1693.6439442054,89.4828421411
1694.3579593590,90.2289162745
1695.0719745125,91.5353139268
1695.7859896661,84.2837302302
1696.5000048196,86.1964514765
1697.2140199731,89.1819984255
1697.9280351267,88.6442667330
1698.6420502802,89.0747349165
1699.3560654338,91.9203957255
1700.0700805873,73.5376643309
1700.7840957409,81.4667722233
1701.4981108944,88.8355960284
1702.2121260480,90.0749291987
1702.9261412015,91.4906405004
1703.6401563550,92.5962514993
1704.3541715086,91.3444171887
1705.0681866621,92.6086423400
1705.7822018157,94.2797144070
1706.4962169692,92.7067640222
1707.2102321228,93.1680098654
1707.9242472763,95.0099549977
1708.6382624298,95.3116121799
1709.3522775834,95.3672228581
1710.0662927369,95.4877632695
1710.7803078905,95.1793380432
1711.4943230440,96.0644563553
1712.2083381976,96.6221926898
1712.9223533511,96.0842979483
1713.6363685046,96.5642344671
1714.3503836582,96.6970590272
1715.0643988117,94.6193592153
1715.7784139653,95.7815322491
1716.4924291188,97.6111733834
1717.2064442724,96.8063482284
1717.9204594259,93.5586546278
1718.6344745795,94.3253952940
1719.3484897330,95.4906560824
1720.0625048865,96.8107147817
1720.7765200401,97.2998235483
1721.4905351936,96.7266835721
1722.2045503472,97.2173065415
1722.9185655007,97.4902172096
1723.6325806543,96.3942263029
1724.3465958078,96.9075782808
1725.0606109613,97.4635429098
1725.7746261149,96.9775178088
1726.4886412684,97.4057197771
1727.2026564220,97.3926295829
1727.9166715755,96.9038602164
1728.6306867291,97.7465237233
1729.3447018826,97.5758756830
1730.0587170362,95.7030745076
1730.7727321897,96.3064762172
1731.4867473432,97.4302873669
1732.2007624968,97.8132110826
1732.9147776503,97.5945240569
1733.6287928039,96.5609697383
1734.3428079574,94.2262124079
1735.0568231110,94.0353291984
1735.7708382645,96.3670973514
1736.4848534180,97.9323485460
1737.1988685716,97.1422498503
1737.9128837251,97.0043586233
1738.6268988787,98.4153721531
1739.3409140322,97.6781043575
1740.0549291858,95.2172325784
1740.7689443393,96.5836934709
1741.4829594928,97.7536321091
1742.1969746464,97.9484865369
1742.9109897999,96.9506691699
1743.6250049535,96.5189004872
1744.3390201070,97.2282105535
1745.0530352606,97.5419937360
1745.7670504141,97.8540493319
1746.4810655677,97.5161892562
1747.1950807212,96.9713522531
1747.9090958747,97.9366565647
1748.6231110283,97.0110614236
1749.3371261818,95.8556249288
1750.0511413354,98.2375781060
1750.7651564889,98.6469429678
1751.4791716425,94.0274538050
1752.1931867960,96.5471938676
1752.9072019495,98.1416669065
1753.6212171031,97.7965547842
1754.3352322566,97.9354236002
1755.0492474102,98.3303255746
1755.7632625637,98.5709192390
1756.4772777173,98.0045705734
1757.1912928708,96.3879301233
1757.9053080244,97.5977951790
1758.6193231779,98.5970182566
1759.3333383314,97.5720614882
1760.0473534850,97.9996988124
1760.7613686385,99.1326922208
1761.4753837921,97.3806414134
1762.1893989456,95.8983071981
1762.9034140992,97.5792639817
1763.6174292527,98.1604877423
1764.3314444062,97.8623408801
1765.0454595598,98.1163084430
1765.7594747133,98.2073648602
1766.4734898669,98.1083779881
1767.1875050204,98.7601359428
1767.9015201740,97.8960378751
1768.6155353275,95.6465416587
1769.3295504810,97.7917097618
1770.0435656346,99.1399797493
1770.7575807881,97.4884916880
1771.4715959417,97.5808862332
1772.1856110952,98.3307469392
1772.8996262488,95.1875635779
1773.6136414023,96.7949439528
1774.3276565559,98.4569145092
1775.0416717094,97.9802927207
1775.7556868629,97.3178686735
1776.4697020165,97.7567680473
1777.1837171700,98.3431657141
1777.8977323236,98.3475514483
1778.6117474771,97.6582770688
1779.3257626307,98.2529518972
1780.0397777842,98.4863044602
1780.7537929377,96.7323349819
1781.4678080913,97.4069380439
1782.1818232448,98.2981774067
1782.8958383984,97.8113464940
1783.6098535519,98.4587545517
1784.3238687055,98.4243358472
1785.0378838590,96.7337413954
1785.7518990126,97.5001328105
1786.4659141661,98.1279498007
1787.1799293196,97.9585979385
1787.8939444732,98.1352113794
1788.6079596267,97.7347654902
1789.3219747803,98.1222740525
1790.0359899338,98.5796618643
1790.7500050874,97.0598493751
1791.4640202409,97.6585711352
1792.1780353944,98.6317642373
1792.8920505480,95.3654135573
1793.6060657015,96.5446361058
1794.3200808551,98.4320823319
1795.0340960086,97.8291761632
1795.7481111622,97.3812793987
1796.4621263157,97.8729603326
1797.1761414693,97.5403521833
1797.8901566228,98.1389336428
1798.6041717763,98.6351103282
1799.3181869299,97.3596814235
1800.0322020834,97.0606511254
1800.7462172370,97.9459637372
1801.4602323905,97.8225421833
1802.1742475441,97.0858781953
1802.8882626976,97.2477862888
1803.6022778511,97.9244359433
1804.3162930047,98.1717473458
1805.0303081582,97.9904593790
1805.7443233118,97.9489401993
1806.4583384653,98.0487416215
1807.1723536189,97.9978433999
1807.8863687724,97.6701177630
1808.6003839259,97.7693800917
1809.3143990795,98.3874107546
1810.0284142330,98.0608789418
1810.7424293866,96.9799990019
1811.4564445401,97.5167301680
1812.1704596937,97.9829376471
1812.8844748472,97.5676201092
1813.5984900008,97.8710082960
1814.3125051543,98.2543279697
1815.0265203078,97.9577629409
1815.7405354614,98.0666577707
1816.4545506149,98.1377026858
1817.1685657685,97.6296420728
1817.8825809220,97.6365935631
1818.5965960756,97.9289416650
1819.3106112291,97.9922309740
1820.0246263826,97.9819247254
1820.7386415362,97.8007821904
1821.4526566897,97.9865029876
1822.1666718433,98.1852233426
1822.8806869968,97.5878175714
1823.5947021504,97.8248278034
1824.3087173039,98.5415103177
1825.0227324575,97.0270608386
1825.7367476110,96.1185041963
1826.4507627645,97.7860199838
1827.1647779181,98.1271545437
1827.8787930716,97.5795928954
1828.5928082252,98.2491262668
1829.3068233787,98.0268927852
1830.0208385323,95.9397340322
1830.7348536858,96.6915567912
1831.4488688393,97.8695300960
1832.1628839929,97.9643639718
1832.8768991464,97.8327356391
1833.5909143000,97.8622689488
1834.3049294535,97.8394468036
1835.0189446071,97.8575619459
1835.7329597606,97.9739226852
1836.4469749141,98.0476808689
1837.1609900677,97.6038736194
1837.8750052212,97.3920529549
1838.5890203748,98.0513034188
1839.3030355283,98.0094321815
1840.0170506819,97.5940482554
1840.7310658354,98.2785241001
1841.4450809890,98.0857326311
1842.1590961425,97.2132892377
1842.8731112960,98.3773377946
1843.5871264496,98.8771014440
1844.3011416031,95.1911444621
1845.0151567567,95.9044939298
1845.7291719102,97.6390092315
1846.4431870638,98.0299078087
1847.1572022173,97.8094344699
1847.8712173708,97.3287684861
1848.5852325244,97.3648778908
1849.2992476779,98.0804422861
1850.0132628315,98.1061000141
1850.7272779850,97.8608490302
1851.4412931386,98.0004209914
1852.1553082921,97.9184029664
1852.8693234457,97.9270746748
1853.5833385992,97.9681550789
1854.2973537527,97.9009416871
1855.0113689063,98.1396819542
1855.7253840598,98.0702478080
1856.4393992134,97.7992499862
1857.1534143669,97.9400022531
1857.8674295205,97.8987052166
1858.5814446740,97.6988032243
1859.2954598275,97.7065150990
1860.0094749811,97.8031803916
1860.7234901346,97.8897516477
1861.4375052882,97.7242106927
1862.1515204417,97.7318779132
1862.8655355953,97.8466165008
1863.5795507488,97.6198651565
1864.2935659023,97.8167844994
1865.0075810559,97.9958215985
1865.7215962094,97.7477197338
1866.4356113630,98.0328178697
1867.1496265165,97.8901247311
1867.8636416701,97.4076608669
1868.5776568236,97.6515424084
1869.2916719772,96.6719556875
1870.0056871307,96.3881854451
1870.7197022842,97.8249749756
1871.4337174378,98.0138834731
1872.1477325913,97.5724932138
1872.8617477449,97.9640918357
1873.5757628984,97.8221099572
1874.2897780520,97.7265217474
1875.0037932055,97.9999768925
1875.7178083590,97.8832645700
1876.4318235126,97.9644760939
1877.1458386661,97.7972194698
1877.8598538197,97.5937461639
1878.5738689732,97.9444016289
1879.2878841268,97.7004075193
1880.0018992803,97.5852148707
1880.7159144339,97.9915957692
1881.4299295874,97.7808953704
1882.1439447409,97.8506291565
1882.8579598945,98.0461908696
1883.5719750480,97.6862839566
1884.2859902016,97.7241285132
1885.0000053551,97.6433396928
1885.7140205087,97.5869105970
1886.4280356622,97.8901581798
1887.1420508157,97.4969692680
1887.8560659693,97.7263525221
1888.5700811228,98.3455522712
1889.2840962764,97.0901678708
1889.9981114299,96.5572346244
1890.7121265835,97.7022638786
1891.4261417370,97.7862509758
1892.1401568905,97.6502921206
1892.8541720441,97.9091952078
1893.5681871976,97.8423905090
1894.2822023512,97.7968055807
1894.9962175047,97.5532547978
1895.7102326583,97.4633211807
1896.4242478118,97.9598787487
1897.1382629654,98.0317889441
1897.8522781189,97.8288778959
1898.5662932724,97.8758975629
1899.2803084260,97.7921880351
1899.9943235795,97.8185751821
1900.7083387331,97.8738531769
1901.4223538866,97.6612901253
1902.1363690402,97.7363784969
1902.8503841937,97.9074450863
1903.5643993472,97.7192742567
1904.2784145008,97.6972889058
1904.9924296543,97.8091149080
1905.7064448079,97.6643781956
1906.4204599614,97.7127450447
1907.1344751150,97.7483286900
1907.8484902685,97.4823104299
1908.5625054221,97.7418283451
1909.2765205756,97.8198160774
1909.9905357291,97.1467703129
1910.7045508827,97.4801833515
1911.4185660362,98.0238549067
1912.1325811898,97.5913949450
1912.8465963433,97.5956381384
1913.5606114969,97.8301639586
1914.2746266504,97.7539746247
1914.9886418039,97.9017961274
1915.7026569575,97.4554952640
1916.4166721110,97.5719140565
1917.1306872646,98.4964990273
1917.8447024181,97.1381823833
1918.5587175717,96.0665660607
1919.2727327252,97.6304501987
1919.9867478788,97.8175699308
1920.7007630323,97.3316720819
1921.4147781858,97.9812292290
1922.1287933394,97.7332079516
1922.8428084929,96.8463432780
1923.5568236465,97.0709074784
1924.2708388000,97.4581926593
1924.9848539536,97.6543075883
1925.6988691071,97.5692346244
1926.4128842606,97.5465944294
1927.1268994142,97.8129557120
1927.8409145677,97.6848247405
1928.5549297213,97.6184623396
1929.2689448748,97.8351927630
1929.9829600284,97.6890533752
1930.6969751819,97.5811326550
1931.4109903354,97.6577946363
1932.1250054890,97.6347119988
1932.8390206425,97.5331344114
1933.5530357961,97.4315565967
1934.2670509496,97.6385425024
1934.9810661032,97.7479239261
1935.6950812567,97.6200386979
1936.4090964103,97.7549761325
1937.1231115638,97.5969233443
1937.8371267173,97.4324693922
1938.5511418709,97.8621113785
1939.2651570244,97.7430030107
1939.9791721780,97.3131411426
1940.6931873315,97.6741750745
1941.4072024851,97.9354004920
1942.1212176386,97.1324214383
1942.8352327921,96.2228322789
1943.5492479457,97.0447214903
1944.2632630992,97.9352402545
1944.9772782528,97.4438031552
1945.6912934063,97.1029417384
1946.4053085599,97.5674653005
1947.1193237134,97.4431168170
1947.8333388670,97.1972295515
1948.5473540205,97.2830259297
1949.2613691740,97.5534700407
1949.9753843276,97.7681894735
1950.6893994811,97.5008861641
1951.4034146347,97.7628143864
1952.1174297882,98.1045995386
1952.8314449418,97.4710322915
1953.5454600953,97.5770814944
1954.2594752488,97.8137719403
1954.9734904024,97.0231578675
1955.6875055559,97.1410497393
1956.4015207095,97.5342780853
1957.1155358630,97.4228167851
1957.8295510166,97.7660078767
1958.5435661701,97.6044312891
1959.2575813236,97.3912083188
1959.9715964772,97.6671610463
1960.6856116307,97.3545183256
1961.3996267843,97.5489781379
1962.1136419378,97.9093575825
1962.8276570914,97.5111417209
1963.5416722449,97.5227960300
1964.2556873985,97.2295685985
1964.9697025520,96.8198214122
1965.6837177055,97.4233158281
1966.3977328591,97.8060527928
1967.1117480126,98.0007502677
1967.8257631662,98.0498255843
1968.5397783197,97.6329607210
1969.2537934733,97.6588211341
1969.9678086268,97.3690947777
1970.6818237803,97.2391640623
1971.3958389339,97.8721255056
1972.1098540874,97.5029707464
1972.8238692410,97.3691076439
1973.5378843945,97.9350281672
1974.2518995481,97.6516275708
1974.9659147016,97.9500276405
1975.6799298552,97.9453148930
1976.3939450087,97.2159343557
1977.1079601622,97.9115559729
1977.8219753158,97.6256126352
1978.5359904693,96.5498663665
1979.2500056229,97.1992470545
1979.9640207764,97.2028332108
1980.6780359300,96.8391760968
1981.3920510835,97.2395447628
1982.1060662370,97.0832918464
1982.8200813906,97.1638019826
1983.5340965441,97.5035861124
1984.2481116977,97.4226527631
1984.9621268512,97.4934884183
1985.6761420048,97.2884645774
1986.3901571583,97.3771418099
1987.1041723118,97.5657017251
1987.8181874654,96.8631654931
1988.5322026189,97.1590373879
1989.2462177725,97.7085142724
1989.9602329260,96.9575277295
1990.6742480796,97.2738378066
1991.3882632331,97.8156649511
1992.1022783867,97.0533756049
1992.8162935402,97.5824659377
1993.5303086937,98.1901236786
1994.2443238473,97.4182812940
1994.9583390008,97.1041718150
1995.6723541544,97.3613032271
1996.3863693079,97.5620561517
1997.1003844615,97.7985244256
1997.8143996150,97.6088936086
1998.5284147685,97.5106879870
1999.2424299221,97.8948556661
1999.9564450756,97.9144949293
2000.6704602292,97.3808312114
2001.3844753827,97.1910796801
2002.0984905363,97.6907349180
2002.8125056898,97.8915945938
2003.5265208434,97.5241288682
2004.2405359969,97.3582652390
2004.9545511504,97.3367537640
2005.6685663040,97.7309492233
2006.3825814575,98.3307890375
2007.0965966111,97.7134717629
2007.8106117646,97.2036058418
2008.5246269182,97.8999930557
2009.2386420717,97.6610568326
2009.9526572252,96.7967790147
2010.6666723788,97.3930656381
2011.3806875323,98.1226170047
2012.0947026859,97.6787937804
2012.8087178394,97.5549030169
2013.5227329930,97.9903095149
2014.2367481465,97.7804301961
2014.9507633000,97.5385708568
2015.6647784536,97.5689339282
2016.3787936071,97.1883810939
2017.0928087607,97.2842777690
2017.8068239142,97.6811710392
2018.5208390678,97.4234226480
2019.2348542213,97.6073750752
2019.9488693749,97.9750511489
2020.6628845284,97.7597167536
2021.3768996819,97.9359696266
2022.0909148355,98.0161914813
2022.8049299890,97.7118986416
2023.5189451426,97.6263206722
2024.2329602961,97.2532107580
2024.9469754497,97.2944827367
2025.6609906032,97.7923790244
2026.3750057567,97.4539351088
2027.0890209103,97.3159228340
2027.8030360638,97.4816356643
2028.5170512174,97.3021525119
2029.2310663709,97.8771595275
2029.9450815245,97.9495049543
2030.6590966780,96.9647289282
2031.3731118316,97.1639418750
2032.0871269851,97.8088302228
2032.8011421386,97.6381003306
2033.5151572922,97.6608403800
2034.2291724457,97.8220400734
2034.9431875993,97.6410652830
2035.6572027528,97.3607439476
2036.3712179064,97.3993345656
2037.0852330599,97.7255879784
2037.7992482134,97.6046282706
2038.5132633670,97.3644544935
2039.2272785205,97.3864845360
2039.9412936741,97.3162019960
2040.6553088276,97.4767897542
2041.3693239812,97.4084861467
2042.0833391347,96.9910727519
2042.7973542883,97.3126392439
2043.5113694418,97.6024419508
2044.2253845953,97.5635414824
2044.9393997489,97.9200648939
2045.6534149024,97.7704495395
2046.3674300560,97.5947909814
2047.0814452095,97.8945609475
2047.7954603631,97.3961101130
2048.5094755166,97.1508763673
2049.2234906701,97.5673892933
2049.9375058237,97.0795067550
2050.6515209772,96.8404013853
2051.3655361308,97.4387957698
2052.0795512843,97.7236945860
2052.7935664379,97.7632399403
2053.5075815914,97.5640372166
2054.2215967449,97.4715372201
2054.9356118985,97.8736476986
2055.6496270520,97.7463557619
2056.3636422056,97.4416317575
2057.0776573591,97.6860227072
2057.7916725127,97.6157191442
2058.5056876662,97.5366501475
2059.2197028198,97.7629212126
2059.9337179733,97.6246421588
2060.6477331268,97.5287421047
2061.3617482804,97.4861611011
2062.0757634339,97.3262423155
2062.7897785875,97.5951676195
2063.5037937410,97.6650376837
2064.2178088946,97.3835412675
2064.9318240481,97.5117329615
2065.6458392016,97.5910706885
2066.3598543552,97.5660882461
2067.0738695087,97.7360395574
2067.7878846623,97.6028705567
2068.5018998158,97.4608733929
2069.2159149694,97.6618532705
2069.9299301229,97.8065158646
2070.6439452765,97.8089798143
2071.3579604300,97.7090186330
2072.0719755835,97.5341018981
2072.7859907371,97.3209198895
2073.5000058906,97.2596030303
2074.2140210442,97.6817533424
2074.9280361977,97.8057047947
2075.6420513513,97.3465777271
2076.3560665048,97.4038166094
2077.0700816583,97.7261232908
2077.7840968119,97.6702423928
2078.4981119654,97.5790937041
2079.2121271190,97.3850820951
2079.9261422725,97.3654869386
2080.6401574261,97.5921828056
2081.3541725796,97.4571647611
2082.0681877331,97.4979241426
2082.7822028867,97.7759759729
2083.4962180402,97.5594511707
2084.2102331938,97.3739640413
2084.9242483473,97.3516245839
2085.6382635009,97.3495957110
2086.3522786544,97.6778321452
2087.0662938080,97.6182291254
2087.7803089615,97.2186582058
2088.4943241150,97.3267959391
2089.2083392686,97.3865104552
2089.9223544221,97.3065550873
2090.6363695757,97.4336291535
2091.3503847292,97.4491216247
2092.0643998828,97.5756043865
2092.7784150363,97.6353551288
2093.4924301898,97.4499200949
2094.2064453434,97.5922436098
2094.9204604969,97.5713298568
2095.6344756505,97.3807519600
2096.3484908040,97.5792378063
2097.0625059576,97.3646972615
2097.7765211111,97.1508103653
2098.4905362647,97.5605048371
2099.2045514182,97.4440216701
2099.9185665717,97.0601170972
2100.6325817253,97.1594613621
2101.3465968788,97.2855338621
2102.0606120324,97.4728949620
2102.7746271859,97.4947849910
2103.4886423395,97.3304279060
2104.2026574930,97.5516906430
2104.9166726465,97.5196239123
2105.6306878001,97.3449854949
2106.3447029536,97.6441842608
2107.0587181072,97.5307726041
2107.7727332607,97.2896458315
2108.4867484143,97.4750755043
2109.2007635678,97.2601368765
2109.9147787213,97.1118884706
2110.6287938749,97.3035966837
2111.3428090284,97.1104242538
2112.0568241820,97.1665373028
2112.7708393355,97.4383644802
2113.4848544891,97.2707623435
2114.1988696426,97.3113422515
2114.9128847962,97.3803991048
2115.6268999497,97.1470454106
2116.3409151032,97.2576276808
2117.0549302568,97.3333556211
2117.7689454103,97.1081373808
2118.4829605639,97.1951910595
2119.1969757174,97.3494125671
2119.9109908710,97.2335709150
2120.6250060245,97.1060696484
2121.3390211780,97.1244631237
2122.0530363316,97.2720155489
2122.7670514851,97.3677993433
2123.4810666387,97.3797716136
2124.1950817922,97.3697519614
2124.9090969458,97.3817412761
2125.6231120993,97.4860829860
2126.3371272529,97.4589800022
2127.0511424064,97.4372180572
2127.7651575599,97.4661374959
2128.4791727135,97.1049091461
2129.1931878670,97.1232737341
2129.9072030206,97.6453414663
2130.6212181741,97.3470627565
2131.3352333277,97.1963627124
2132.0492484812,97.7308185921
2132.7632636347,97.3354448257
2133.4772787883,96.8973722384
2134.1912939418,97.3034857344
2134.9053090954,97.2072471672
2135.6193242489,96.9638912371
2136.3333394025,97.0555205112
2137.0473545560,97.1132739316
2137.7613697095,97.2326770872
2138.4753848631,97.0401133022
2139.1894000166,97.0125908770
2139.9034151702,97.3885244570
2140.6174303237,97.2773400864
2141.3314454773,97.1337716786
2142.0454606308,96.9555047421
2142.7594757844,96.7409563459
2143.4734909379,97.3887869257
2144.1875060914,97.4564357776
2144.9015212450,96.9296063319
2145.6155363985,97.2153471103
2146.3295515521,96.9669162315
2147.0435667056,96.8857710599
2147.7575818592,97.6969641618
2148.4715970127,97.2511271389
2149.1856121662,96.8534168584
2149.8996273198,97.3577911360
2150.6136424733,97.0153395423
2151.3276576269,97.2373940991
2152.0416727804,97.8179035540
2152.7556879340,97.1014820462
2153.4697030875,96.9569332295
2154.1837182411,97.4594906503
2154.8977333946,97.1443649376
2155.6117485481,96.9724849210
2156.3257637017,97.5907692177
2157.0397788552,98.0357975632
2157.7537940088,97.4994966207
2158.4678091623,96.9021884133
2159.1818243159,96.9040253930
2159.8958394694,96.4450919639
2160.6098546229,96.4247313729
2161.3238697765,96.6453486996
2162.0378849300,96.4212549700
2162.7519000836,96.8624039488
2163.4659152371,96.9024213947
2164.1799303907,96.8182289132
2164.8939455442,97.4446104601
2165.6079606978,97.0019831238
2166.3219758513,97.0188245637
2167.0359910048,97.6962149675
2167.7500061584,96.7562946560
2168.4640213119,97.0470680661
2169.1780364655,98.1897809545
2169.8920516190,97.3527099316
2170.6060667726,97.4244122271
2171.3200819261,97.8673166838
2172.0340970796,96.6938730509
2172.7481122332,97.0214914881
2173.4621273867,97.9257320488
2174.1761425403,97.5618296771
2174.8901576938,97.4562046186
2175.6041728474,97.1557226827
2176.3181880009,97.1666187601
2177.0322031544,97.7681536391
2177.7462183080,96.9634962901
2178.4602334615,96.0204916775
2179.1742486151,96.4181496132
2179.8882637686,97.0807611472
2180.6022789222,97.1690502649
2181.3162940757,97.0212927349
2182.0303092293,97.2183362872
2182.7443243828,97.1408717638
2183.4583395363,96.8099893119
2184.1723546899,97.1124660502
2184.8863698434,96.9273337917
2185.6003849970,96.5872400708
2186.3144001505,97.1600373424
2187.0284153041,97.2254761601
2187.7424304576,97.0240633400
2188.4564456111,97.1768644627
2189.1704607647,97.1202401691
2189.8844759182,97.3300795636
2190.5984910718,97.1821081306
2191.3125062253,96.6961804238
2192.0265213789,96.7572119095
2192.7405365324,96.4766185656
2193.4545516860,96.6862583167
2194.1685668395,97.3091980998
2194.8825819930,97.0347560041
2195.5965971466,97.3452395702
2196.3106123001,97.5347791669
2197.0246274537,96.8702059913
2197.7386426072,97.4768734592
2198.4526577608,97.7128680379
2199.1666729143,96.9197135699
2199.8806880678,97.3014147835
2200.5947032214,97.5077713253
2201.3087183749,97.2235998584
2202.0227335285,97.2843660551
2202.7367486820,96.8886337197
2203.4507638356,96.9749787784
2204.1647789891,97.2761876459
2204.8787941426,97.1155680306
2205.5928092962,97.4599724646
2206.3068244497,97.4289163150
2207.0208396033,96.9707816627
2207.7348547568,97.1546624186
2208.4488699104,97.3036798123
2209.1628850639,97.3664819736
2209.8769002175,97.1270742738
2210.5909153710,96.8893896943
2211.3049305245,97.4851296391
2212.0189456781,97.6253215142
2212.7329608316,97.4954028637
2213.4469759852,97.4909465514
2214.1609911387,96.7739058388
2214.8750062923,96.9976562397
2215.5890214458,97.5867731841
2216.3030365993,97.0894858308
2217.0170517529,97.1915195722
2217.7310669064,97.2042804701
2218.4450820600,96.9582236781
2219.1590972135,97.5182131034
2219.8731123671,97.0739830046
2220.5871275206,96.6950169948
2221.3011426742,97.3416113719
2222.0151578277,96.9745918882
2222.7291729812,96.8100875212
2223.4431881348,97.0787071447
2224.1572032883,96.8408055023
2224.8712184419,97.2300728525
2225.5852335954,97.1848968900
2226.2992487490,96.7637148539
2227.0132639025,96.9948701926
2227.7272790560,96.7152803372
2228.4412942096,97.0035529728
2229.1553093631,97.3962475745
2229.8693245167,96.4708243488
2230.5833396702,96.6238956009
2231.2973548238,97.3399560001
2232.0113699773,97.1698504395
2232.7253851308,97.2681298857
2233.4394002844,97.0883870201
2234.1534154379,96.9616884684
2234.8674305915,97.2956475440
2235.5814457450,97.0804573123
2236.2954608986,97.2872223956
2237.0094760521,97.4512293287
2237.7234912057,97.0248266427
2238.4375063592,97.2403590969
2239.1515215127,96.9236417106
2239.8655366663,96.6111261976
2240.5795518198,97.3193901747
2241.2935669734,97.1336168967
2242.0075821269,96.8900317933
2242.7215972805,97.2952563422
2243.4356124340,97.1023120911
2244.1496275875,97.1372660428
2244.8636427411,97.0676985371
2245.5776578946,96.7295568949
2246.2916730482,97.1232748563
2247.0056882017,97.1929137153
2247.7197033553,97.2000478558
2248.4337185088,97.5787354732
2249.1477336624,97.2990286027
2249.8617488159,97.0020325638
2250.5757639694,96.9358047664
2251.2897791230,97.1066181342
2252.0037942765,97.6186024070
2252.7178094301,97.3287024798
2253.4318245836,96.9554360106
2254.1458397372,97.2519664561
2254.8598548907,97.0616045350
2255.5738700442,97.0880837238
2256.2878851978,97.2206028676
2257.0019003513,96.9872894796
2257.7159155049,97.2583053931
2258.4299306584,97.2342681800
2259.1439458120,97.2628073881
2259.8579609655,97.7398844138
2260.5719761190,97.3827136362
2261.2859912726,97.2887383611
2262.0000064261,97.4430674920
2262.7140215797,97.0019282685
2263.4280367332,97.4766268532
2264.1420518868,97.6289564157
2264.8560670403,96.9984067416
2265.5700821939,97.4366911595
2266.2840973474,97.5991774633
2266.9981125009,97.3525730033
2267.7121276545,97.5135465497
2268.4261428080,97.2091714947
2269.1401579616,97.3028922414
2269.8541731151,97.4870873732
2270.5681882687,97.1493487077
2271.2822034222,97.3515769655
2271.9962185757,97.4140054217
2272.7102337293,97.3628528160
2273.4242488828,97.3655770781
2274.1382640364,96.9294440629
2274.8522791899,97.4043440718
2275.5662943435,97.6904904317
2276.2803094970,97.0239165414
2276.9943246506,97.2834097665
2277.7083398041,97.2977870746
2278.4223549576,97.0622120018
2279.1363701112,97.4615779242
2279.8503852647,96.9752567829
2280.5644004183,96.9738825343
2281.2784155718,97.5516025555
2281.9924307254,97.1003829244
2282.7064458789,97.3047944005
2283.4204610324,97.5047274152
2284.1344761860,96.9377326444
2284.8484913395,97.2765040488
2285.5625064931,97.3770775503
2286.2765216466,97.1414932841
2286.9905368002,97.2282914486
2287.7045519537,96.9069831098
2288.4185671072,97.1593688272
2289.1325822608,97.1803945111
2289.8465974143,96.7457745930
2290.5606125679,97.3628193420
2291.2746277214,97.1735682033
2291.9886428750,96.7160172419
2292.7026580285,97.4699648873
2293.4166731821,97.1514188574
2294.1306883356,96.7526052512
2294.8447034891,97.2745018325
2295.5587186427,97.0207661032
2296.2727337962,96.9265659099
2296.9867489498,97.0866058867
2297.7007641033,96.9968794739
2298.4147792569,97.0715007257
2299.1287944104,96.9280529320
2299.8428095639,97.1226910552
2300.5568247175,96.9249444573
2301.2708398710,96.7025385465
2301.9848550246,97.5012783690
2302.6988701781,96.8031139254
2303.4128853317,96.7033119610
2304.1269004852,97.8721930141
2304.8409156388,96.1797519082
2305.5549307923,96.5997896414
2306.2689459458,98.2285427138
2306.9829610994,95.8015882621
2307.6969762529,96.8536701945
2308.4109914065,98.2326363547
2309.1250065600,95.2067188112
2309.8390217136,97.2360513312
2310.5530368671,98.0735354555
2311.2670520206,94.9209965892
2311.9810671742,97.7147431447
2312.6950823277,97.7604553603
2313.4090974813,95.1002789255
2314.1231126348,98.0145064938
2314.8371277884,96.9159890293
2315.5511429419,95.6439543097
2316.2651580955,98.4599836653
2316.9791732490,96.3436689228
2317.6931884025,96.2816956366
2318.4072035561,98.4917787374
2319.1212187096,95.6338932432
2319.8352338632,96.7806741130
2320.5492490167,98.0907999170
2321.2632641703,95.3286090229
2321.9772793238,97.2221953475
2322.6912944773,97.4111658989
2323.4053096309,95.3458707099
2324.1193247844,97.1495254441
2324.8333399380,96.5245929799
2325.5473550915,96.2074099583
2326.2613702451,97.8025664183
2326.9753853986,96.4551397172
2327.6894005521,96.7512347955
2328.4034157057,97.7837331700
2329.1174308592,96.3244909657
2329.8314460128,97.1950716855
2330.5454611663,97.3273006388
2331.2594763199,96.3237882960
2331.9734914734,97.6101057986
2332.6875066270,96.9667315044
2333.4015217805,96.3711851689
2334.1155369340,97.3933646897
2334.8295520876,96.7435737828
2335.5435672411,97.0955628754
2336.2575823947,97.4732382145
2336.9715975482,96.4986796216
2337.6856127018,97.3978191186
2338.3996278553,97.5288808786
2339.1136430088,96.8427780391
2339.8276581624,97.5373897399
2340.5416733159,97.1903255018
2341.2556884695,97.0217719723
2341.9697036230,97.3973941593
2342.6837187766,96.9389219715
2343.3977339301,97.1834432333
2344.1117490837,97.0872006867
2344.8257642372,96.6760167270
2345.5397793907,96.8758579217
2346.2537945443,96.4618710102
2346.9678096978,96.4857507722
2347.6818248514,96.4040322485
2348.3958400049,96.1739786073
2349.1098551585,97.0683091537
2349.8238703120,97.2996255803
2350.5378854655,96.8962497638
2351.2519006191,97.5494864081
2351.9659157726,97.0920491289
2352.6799309262,96.9221872045
2353.3939460797,97.8415045210
2354.1079612333,97.0758659139
2354.8219763868,97.0872863467
2355.5359915403,97.6151446074
2356.2500066939,96.8780963089
2356.9640218474,97.4594511140
2357.6780370010,97.3749462921
2358.3920521545,96.7161396022
2359.1060673081,97.5556973610
2359.8200824616,97.1392610359
2360.5340976152,97.1790757742
2361.2481127687,97.9473817721
2361.9621279222,97.0321047129
2362.6761430758,97.2207536080
2363.3901582293,97.6680911570
2364.1041733829,97.1434365910
2364.8181885364,97.5892296026
2365.5322036900,97.4022440108
2366.2462188435,97.1934884121
2366.9602339970,97.7505025237
2367.6742491506,97.2854247764
2368.3882643041,97.2194052257
2369.1022794577,97.3127045719
2369.8162946112,96.9050962359
2370.5303097648,97.3939783062
2371.2443249183,97.2931051692
2371.9583400719,96.8858865891
2372.6723552254,97.3077520579
2373.3863703789,97.0877708700
2374.1003855325,96.9940115208
2374.8144006860,97.2533198058
2375.5284158396,96.9434960758
2376.2424309931,96.9582337725
2376.9564461467,96.9140633689
2377.6704613002,96.7357608482
2378.3844764537,96.9772505073
2379.0984916073,96.8504958686
2379.8125067608,96.7574735614
2380.5265219144,96.8520897847
2381.2405370679,96.7211190332
2381.9545522215,96.9626647752
2382.6685673750,96.9758152994
2383.3825825285,96.7437304060
2384.0965976821,97.0284036310
2384.8106128356,97.0020839841
2385.5246279892,96.8957467431
2386.2386431427,97.0516155088
2386.9526582963,96.8264293049
2387.6666734498,96.9408217142
2388.3806886034,97.1157028983
2389.0947037569,96.9259219835
2389.8087189104,97.0590174815
2390.5227340640,97.0448176584
2391.2367492175,96.8792749471
2391.9507643711,97.1480840384
2392.6647795246,97.0522694016
2393.3787946782,96.9478176239
2394.0928098317,97.0767155759
2394.8068249852,97.0118877930
2395.5208401388,97.0981857130
2396.2348552923,97.1299093422
2396.9488704459,96.9578243197
2397.6628855994,97.0944603959
2398.3769007530,96.9364342736
2399.0909159065,96.8283599402
2399.8049310601,97.0866732813
2400.5189462136,96.9551538402
2401.2329613671,96.9759887443
2401.9469765207,96.9923265802
2402.6609916742,96.8000230236
2403.3750068278,97.0072993487
2404.0890219813,97.0073345363
2404.8030371349,96.8653699844
2405.5170522884,96.9860522225
2406.2310674419,96.8634214631
2406.9450825955,96.8516614078
2407.6590977490,96.8744183747
2408.3731129026,96.7211663197
2409.0871280561,96.8417831782
2409.8011432097,96.7253273093
2410.5151583632,96.5913235778
2411.2291735167,96.8580271313
2411.9431886703,96.8649613642
2412.6572038238,96.8562516212
2413.3712189774,96.8336814636
2414.0852341309,96.6638131059
2414.7992492845,96.8713212657
2415.5132644380,96.8292069820
2416.2272795916,96.6755876783
2416.9412947451,96.9266410315
2417.6553098986,96.7663696532
2418.3693250522,96.6868979168
2419.0833402057,96.9529684729
2419.7973553593,96.8135702828
2420.5113705128,96.8154224283
2421.2253856664,96.8326753623
2421.9394008199,96.6102504068
2422.6534159734,96.7246610787
2423.3674311270,96.7107789161
2424.0814462805,96.6904479597
2424.7954614341,96.8938123175
2425.5094765876,96.7467130056
2426.2234917412,96.6782563901
2426.9375068947,96.7204705616
2427.6515220483,96.6971179336
2428.3655372018,96.8701524694
2429.0795523553,96.6567662803
2429.7935675089,96.5311774976
2430.5075826624,96.9098029546
2431.2215978160,96.8348434978
2431.9356129695,96.7432119961
2432.6496281231,96.8660082618
2433.3636432766,96.7206470185
2434.0776584301,96.7702540365
2434.7916735837,96.6825362418
2435.5056887372,96.5126979797
2436.2197038908,96.7073910023
2436.9337190443,96.5917045454
2437.6477341979,96.6209801836
2438.3617493514,96.8969154607
2439.0757645050,96.6946296315
2439.7897796585,96.7433296685
2440.5037948120,96.8184656514
2441.2178099656,96.5636890934
2441.9318251191,96.7790600709
2442.6458402727,96.7839461859
2443.3598554262,96.5154099848
2444.0738705798,96.7023431521
2444.7878857333,96.6750004122
2445.5019008868,96.5706320088
2446.2159160404,96.6653894892
2446.9299311939,96.5778930318
2447.6439463475,96.6707105579
2448.3579615010,96.7641531710
2449.0719766546,96.6973156109
2449.7859918081,96.7703421506
2450.5000069616,96.6911589502
2451.2140221152,96.6530947755
2451.9280372687,96.6890432496
2452.6420524223,96.5462647250
2453.3560675758,96.5979539790
2454.0700827294,96.5331726174
2454.7840978829,96.4010748023
2455.4981130365,96.6891438616
2456.2121281900,96.7344882474
2456.9261433435,96.5684079525
2457.6401584971,96.6677979276
2458.3541736506,96.7160700435
2459.0681888042,96.7006008414
2459.7822039577,96.5582763176
2460.4962191113,96.5088174019
2461.2102342648,96.7851742211
2461.9242494183,96.7317121895
2462.6382645719,96.5944153089
2463.3522797254,96.6971310965
2464.0662948790,96.5597351178
2464.7803100325,96.5757278212
2465.4943251861,96.6905146619
2466.2083403396,96.5627783825
2466.9223554932,96.6468260246
2467.6363706467,96.6948437415
2468.3503858002,96.6450617345
2469.0644009538,96.7229924219
2469.7784161073,96.6254617246
2470.4924312609,96.6518438514
2471.2064464144,96.6749676260
2471.9204615680,96.4995625244
2472.6344767215,96.6889926771
2473.3484918750,96.6977346310
2474.0625070286,96.4650036018
2474.7765221821,96.6858653373
2475.4905373357,96.7190155977
2476.2045524892,96.6169610875
2476.9185676428,96.8038640288
2477.6325827963,96.7288654277
2478.3465979498,96.5853341068
2479.0606131034,96.5338162649
2479.7746282569,96.4672240247
2480.4886434105,96.6246520805
2481.2026585640,96.6473166574
2481.9166737176,96.6158008376
2482.6306888711,96.7423387095
2483.3447040247,96.6282747536
2484.0587191782,96.5532327019
2484.7727343317,96.5972236759
2485.4867494853,96.5879478700
2486.2007646388,96.7138699145
2486.9147797924,96.6219747989
2487.6287949459,96.4695048163
2488.3428100995,96.5520416897
2489.0568252530,96.4978548499
2489.7708404065,96.5821688667
2490.4848555601,96.6678872322
2491.1988707136,96.5089045986
2491.9128858672,96.5915953610
2492.6269010207,96.5220514278
2493.3409161743,96.3994068968
2494.0549313278,96.6643968704
2494.7689464814,96.5631662650
2495.4829616349,96.4295012593
2496.1969767884,96.6174723619
2496.9109919420,96.4553416461
2497.6250070955,96.4981821017
2498.3390222491,96.7914096749
2499.0530374026,96.6561022091
2499.7670525562,96.5191214601
2500.4810677097,96.4862361375
2501.1950828632,96.5079029978
2501.9090980168,96.6257472714
2502.6231131703,96.4885488977
2503.3371283239,96.4323302783
2504.0511434774,96.5486347084
2504.7651586310,96.5082152129
2505.4791737845,96.5204893803
2506.1931889380,96.5252689426
2506.9072040916,96.5672714866
2507.6212192451,96.6256354169
2508.3352343987,96.4304433573
2509.0492495522,96.4170317138
2509.7632647058,96.4708026291
2510.4772798593,96.3547706381
2511.1912950129,96.4853974015
2511.9053101664,96.4646560881
2512.6193253199,96.4004107586
2513.3333404735,96.6389940883
2514.0473556270,96.5416999197
2514.7613707806,96.4845441019
2515.4753859341,96.6398890728
2516.1894010877,96.4999282950
2516.9034162412,96.5808520512
2517.6174313947,96.5837847014
2518.3314465483,96.3277443180
2519.0454617018,96.5458843028
2519.7594768554,96.5938752823
2520.4734920089,96.4065225925
2521.1875071625,96.5419325792
2521.9015223160,96.5034683439
2522.6155374696,96.5372663908
2523.3295526231,96.5968446601
2524.0435677766,96.3515760332
2524.7575829302,96.5116410375
2525.4715980837,96.6203836952
2526.1856132373,96.3745386754
2526.8996283908,96.5111855061
2527.6136435444,96.5346428220
2528.3276586979,96.3822475058
2529.0416738514,96.4632869355
2529.7556890050,96.4097485158
2530.4697041585,96.4731225433
2531.1837193121,96.5948781047
2531.8977344656,96.4404459364
2532.6117496192,96.4002066864
2533.3257647727,96.4153865300
2534.0397799262,96.4549501899
2534.7537950798,96.4926077864
2535.4678102333,96.3505911790
2536.1818253869,96.4690375759
2536.8958405404,96.5317349998
2537.6098556940,96.2846199434
2538.3238708475,96.3647434043
2539.0378860011,96.4469186204
2539.7519011546,96.4306983514
2540.4659163081,96.5290110307
2541.1799314617,96.3620050080
2541.8939466152,96.4106384241
2542.6079617688,96.5874657789
2543.3219769223,96.3496222031
2544.0359920759,96.3731328244
2544.7500072294,96.4831173350
2545.4640223829,96.4085916857
2546.1780375365,96.5589106446
2546.8920526900,96.4456637111
2547.6060678436,96.3274816845
2548.3200829971,96.4978562233
2549.0340981507,96.3207966903
2549.7481133042,96.3247336508
2550.4621284578,96.5238732556
2551.1761436113,96.3551934206
2551.8901587648,96.3757378984
2552.6041739184,96.4052991611
2553.3181890719,96.3253646332
2554.0322042255,96.4889819112
2554.7462193790,96.3429659625
2555.4602345326,96.2121281973
2556.1742496861,96.3791754747
2556.8882648396,96.1961514865
2557.6022799932,96.1955036015
2558.3162951467,96.4593793562
2559.0303103003,96.3370088549
2559.7443254538,96.2979888916
2560.4583406074,96.4117941639
2561.1723557609,96.3793373227
2561.8863709144,96.3937125831
2562.6003860680,96.3334435301
2563.3144012215,96.2478830205
2564.0284163751,96.2840807604
2564.7424315286,96.3095184545
2565.4564466822,96.3328786254
2566.1704618357,96.3067620904
2566.8844769893,96.2907443553
2567.5984921428,96.3301554904
2568.3125072963,96.2961496561
2569.0265224499,96.2895348109
2569.7405376034,96.2491265286
2570.4545527570,96.1744214630
2571.1685679105,96.2339780048
2571.8825830641,96.2872714877
2572.5965982176,96.3900361147
2573.3106133711,96.3916877752
2574.0246285247,96.1801871319
2574.7386436782,96.2929810263
2575.4526588318,96.3954061228
2576.1666739853,96.1728013557
2576.8806891389,96.2589065205
2577.5947042924,96.3046092180
2578.3087194460,96.1280100631
2579.0227345995,96.2702768353
2579.7367497530,96.3252894251
2580.4507649066,96.2783704126
2581.1647800601,96.4184499585
2581.8787952137,96.2905397012
2582.5928103672,96.1118602689
2583.3068255208,96.2178403641
2584.0208406743,96.2968492446
2584.7348558278,96.2844824636
2585.4488709814,96.2857492212
2586.1628861349,96.3867509705
2586.8769012885,96.3815590489
2587.5909164420,96.1419369498
2588.3049315956,96.1313453382
2589.0189467491,96.2522089582
2589.7329619027,96.2337126356
2590.4469770562,96.2712159671
2591.1609922097,96.1770892565
2591.8750073633,96.0985053048
2592.5890225168,96.2535417865
2593.3030376704,96.1999931474
2594.0170528239,96.0935720629
2594.7310679775,96.1410149956
2595.4450831310,96.1223587437
2596.1590982845,96.1899165386
2596.8731134381,96.2234306804
2597.5871285916,96.1860108023
2598.3011437452,96.2732674676
2599.0151588987,96.2093910543
2599.7291740523,96.1655207160
2600.4431892058,96.2777206682
2601.1572043593,96.1802350455
2601.8712195129,96.1555311779
2602.5852346664,96.2706804210
2603.2992498200,96.2103190382
2604.0132649735,96.2030946794
2604.7272801271,96.2753489896
2605.4412952806,96.3026140586
2606.1553104342,96.2518563865
2606.8693255877,96.1053631706
2607.5833407412,96.1926242899
2608.2973558948,96.3031601546
2609.0113710483,96.1406426466
2609.7253862019,96.1822569475
2610.4394013554,96.2940275996
2611.1534165090,96.1756783799
2611.8674316625,96.1706453709
2612.5814468160,96.1939393640
2613.2954619696,96.1933977197
2614.0094771231,96.3056351432
2614.7234922767,96.2700378919
2615.4375074302,96.1962463409
2616.1515225838,96.2644333003
2616.8655377373,96.2302878972
2617.5795528909,96.1456119350
2618.2935680444,96.1733954087
2619.0075831979,96.2305435159
2619.7215983515,96.2487957834
2620.4356135050,96.2439646450
2621.1496286586,96.2370027919
2621.8636438121,96.2281468975
2622.5776589657,96.2619326830
2623.2916741192,96.2587213299
2624.0056892727,96.1800869152
2624.7197044263,96.2453135030
2625.4337195798,96.3074691942
2626.1477347334,96.2341528543
2626.8617498869,96.3357604475
2627.5757650405,96.4079096383
2628.2897801940,96.2646623804
2629.0037953475,96.2545134601
2629.7178105011,96.2702803635
2630.4318256546,96.2169432513
2631.1458408082,96.2781402401
2631.8598559617,96.2876037036
2632.5738711153,96.2552316012
2633.2878862688,96.2987089668
2634.0019014224,96.2966899114
2634.7159165759,96.2854844577
2635.4299317294,96.2952935398
2636.1439468830,96.3253434044
2636.8579620365,96.3841732963
2637.5719771901,96.3584278660
2638.2859923436,96.3510890417
2639.0000074972,96.4434438867
2639.7140226507,96.4751305659
2640.4280378042,96.4051443974
2641.1420529578,96.2875907176
2641.8560681113,96.2774070430
2642.5700832649,96.3708820581
2643.2840984184,96.3350689428
2643.9981135720,96.3225423418
2644.7121287255,96.4074440679
2645.4261438791,96.3456169400
2646.1401590326,96.2876632913
2646.8541741861,96.3511938853
2647.5681893397,96.3666480473
2648.2822044932,96.3390291571
2648.9962196468,96.3275210294
2649.7102348003,96.3691867681
2650.4242499539,96.3850563005
2651.1382651074,96.3185594629
2651.8522802609,96.3377173316
2652.5662954145,96.3484833323
2653.2803105680,96.2644341596
2653.9943257216,96.2753294675
2654.7083408751,96.2937201186
2655.4223560287,96.3033343320
2656.1363711822,96.3769515455
2656.8503863357,96.3236382953
2657.5644014893,96.2402074097
2658.2784166428,96.2672829002
2658.9924317964,96.3007094040
2659.7064469499,96.3641461025
2660.4204621035,96.3579198283
2661.1344772570,96.2795551664
2661.8484924106,96.3161665650
2662.5625075641,96.3277509786
2663.2765227176,96.2881296592
2663.9905378712,96.3308479512
2664.7045530247,96.3468205910
2665.4185681783,96.3238234640
2666.1325833318,96.3092510617
2666.8465984854,96.3255912898
2667.5606136389,96.3647682479
2668.2746287924,96.2732517045
2668.9886439460,96.1829728217
2669.7026590995,96.2255226376
2670.4166742531,96.2240166803
2671.1306894066,96.2525676069
2671.8447045602,96.2819331467
2672.5587197137,96.1482624596
2673.2727348673,96.0873181468
2673.9867500208,96.1393345949
2674.7007651743,96.1381638016
2675.4147803279,96.1236898455
2676.1287954814,96.0611743765
2676.8428106350,95.9873391889
2677.5568257885,95.9963017699
2678.2708409421,96.0404838662
2678.9848560956,96.0800810969
2679.6988712491,96.0491959235
2680.4128864027,96.0271943731
2681.1269015562,96.0914655270
2681.8409167098,96.0937610432
2682.5549318633,96.0799541615
2683.2689470169,96.0744053020
2683.9829621704,96.0155379633
2684.6969773239,96.0357476777
2685.4109924775,96.0029205996
2686.1250076310,95.8964174650
2686.8390227846,95.9613548868
2687.5530379381,95.9935750023
2688.2670530917,95.9455402894
2688.9810682452,95.9716943538
2689.6950833988,95.9009945999
2690.4090985523,95.8692130361
2691.1231137058,95.9543351562
2691.8371288594,95.9195643620
2692.5511440129,95.8924348747
2693.2651591665,95.8873803308
2693.9791743200,95.8132309860
2694.6931894736,95.8344713999
2695.4072046271,95.8661501776
2696.1212197806,95.8368438237
2696.8352349342,95.8112906059
2697.5492500877,95.7710818612
2698.2632652413,95.8214273569
2698.9772803948,95.8441776586
2699.6912955484,95.7612245705
2700.4053107019,95.8053443658
2701.1193258555,95.8164165850
2701.8333410090,95.7317931008
2702.5473561625,95.7802652739
2703.2613713161,95.7557897017
2703.9753864696,95.6659783542
2704.6894016232,95.7575016889
2705.4034167767,95.8012614996
2706.1174319303,95.7080292631
2706.8314470838,95.6828494124
2707.5454622373,95.7171777298
2708.2594773909,95.7388486215
2708.9734925444,95.7500008649
2709.6875076980,95.7505232494
2710.4015228515,95.7135734647
2711.1155380051,95.6805027720
2711.8295531586,95.6977512106
2712.5435683122,95.6756709042
2713.2575834657,95.6695897043
2713.9715986192,95.7328860821
2714.6856137728,95.7024973538
2715.3996289263,95.6516849499
2716.1136440799,95.6798518068
2716.8276592334,95.6738551362
2717.5416743870,95.6687718994
2718.2556895405,95.6548211552
2718.9697046940,95.5995854353
2719.6837198476,95.6084882967
2720.3977350011,95.6281951517
2721.1117501547,95.6177888894
2721.8257653082,95.6074713317
2722.5397804618,95.5710795856
2723.2537956153,95.5832535277
2723.9678107688,95.6370173401
2724.6818259224,95.6659724505
2725.3958410759,95.6480122963
2726.1098562295,95.5491054537
2726.8238713830,95.5471968588
2727.5378865366,95.6369695199
2728.2519016901,95.5760571366
2728.9659168437,95.5351669175
2729.6799319972,95.5835033260
2730.3939471507,95.5498415941
2731.1079623043,95.5510169345
2731.8219774578,95.5528883605
2732.5359926114,95.5046598766
2733.2500077649,95.5405211720
2733.9640229185,95.5256691609
2734.6780380720,95.4662718885
2735.3920532255,95.4957568378
2736.1060683791,95.4859069128
2736.8200835326,95.4863339201
2737.5340986862,95.5492039389
2738.2481138397,95.5234178455
2738.9621289933,95.4608319575
2739.6761441468,95.4684006997
2740.3901593004,95.5095010403
2741.1041744539,95.5128413990
2741.8181896074,95.5072743924
2742.5322047610,95.5367495211
2743.2462199145,95.4827868308
2743.9602350681,95.4434083295
2744.6742502216,95.5250452790
2745.3882653752,95.4585892066
2746.1022805287,95.3536267299
2746.8162956822,95.4222829647
2747.5303108358,95.4141120018
2748.2443259893,95.3918456788
2748.9583411429,95.4363417744
2749.6723562964,95.3254119696
2750.3863714500,95.2532062478
2751.1003866035,95.3511228981
2751.8144017570,95.3801151454
2752.5284169106,95.3274941074
2753.2424320641,95.3100187070
2753.9564472177,95.3383398899
2754.6704623712,95.3319829644
2755.3844775248,95.3136363285
2756.0984926783,95.3698753985
2756.8125078319,95.3154721931
2757.5265229854,95.1966501487
2758.2405381389,95.2637737016
2758.9545532925,95.3009057622
2759.6685684460,95.2447427152
2760.3825835996,95.2554603879
2761.0965987531,95.2271252910
2761.8106139067,95.2489251010
2762.5246290602,95.3138794957
2763.2386442137,95.2043583435
2763.9526593673,95.1346011296
2764.6666745208,95.2125086255
2765.3806896744,95.2399215492
2766.0947048279,95.2383091703
2766.8087199815,95.2249092921
2767.5227351350,95.1744171585
2768.2367502886,95.1382024748
2768.9507654421,95.1330256911
2769.6647805956,95.1863428107
2770.3787957492,95.2124151508
2771.0928109027,95.1436741707
2771.8068260563,95.1084279172
2772.5208412098,95.1299496148
2773.2348563634,95.1315632919
2773.9488715169,95.1273921826
2774.6628866704,95.1338993561
2775.3769018240,95.1070706362
2776.0909169775,95.0740260192
2776.8049321311,95.1208675950
2777.5189472846,95.1201247304
2778.2329624382,95.0424368072
2778.9469775917,95.0875259297
2779.6609927452,95.0926246202
2780.3750078988,95.0111575201
2781.0890230523,95.0763613292
2781.8030382059,95.0486027647
2782.5170533594,94.9366820799
2783.2310685130,95.0177202783
2783.9450836665,95.0212816552
2784.6590988201,94.9830943112
2785.3731139736,95.0850183248
2786.0871291271,95.0729936709
2786.8011442807,95.0400651086
2787.5151594342,95.0274317024
2788.2291745878,94.9195830093
2788.9431897413,94.9749781674
2789.6572048949,95.0478740362
2790.3712200484,94.9365039921
2791.0852352019,94.9105939151
2791.7992503555,94.9516676384
2792.5132655090,94.9745953116
2793.2272806626,94.9642012144
2793.9412958161,94.8665827347
2794.6553109697,94.8925289952
2795.3693261232,94.9787432907
2796.0833412768,94.9695485806
2796.7973564303,94.9929253300
2797.5113715838,94.9211426803
2798.2253867374,94.8256556730
2798.9394018909,94.8884905504
2799.6534170445,94.8643084250
2800.3674321980,94.8381246205
2801.0814473516,94.9052129178
2801.7954625051,94.8423900203
2802.5094776586,94.8103886937
2803.2234928122,94.8486538407
2803.9375079657,94.8196501805
2804.6515231193,94.8371840417
2805.3655382728,94.8077297287
2806.0795534264,94.7428022006
2806.7935685799,94.8137989369
2807.5075837334,94.8458004597
2808.2215988870,94.7811699722
2808.9356140405,94.7698146640
2809.6496291941,94.8218946169
2810.3636443476,94.8477322636
2811.0776595012,94.8000380814
2811.7916746547,94.8241099578
2812.5056898083,94.8669853467
2813.2197049618,94.7717842501
2813.9337201153,94.7531357112
2814.6477352689,94.8025990753
2815.3617504224,94.7943398114
2816.0757655760,94.8370110269
2816.7897807295,94.7597468817
2817.5037958831,94.6450831853
2818.2178110366,94.7520898632
2818.9318261901,94.7764936620
2819.6458413437,94.7235936896
2820.3598564972,94.7848730997
2821.0738716508,94.7260484267
2821.7878868043,94.6884387888
2822.5019019579,94.7916037644
2823.2159171114,94.7588625479
2823.9299322650,94.7165285443
2824.6439474185,94.7902455880
2825.3579625720,94.7942101741
2826.0719777256,94.7355160145
2826.7859928791,94.6839510261
2827.5000080327,94.6638757267
2828.2140231862,94.6837422901
2828.9280383398,94.6801564430
2829.6420534933,94.6655777564
2830.3560686468,94.6815133598
2831.0700838004,94.6830708829
2831.7840989539,94.6376056363
2832.4981141075,94.6065224114
2833.2121292610,94.5875673081
2833.9261444146,94.4855202002
2834.6401595681,94.4007431923
2835.3541747217,94.4021821864
2836.0681898752,94.3910651354
2836.7822050287,94.4341421144
2837.4962201823,94.4441034053
2838.2102353358,94.3346567142
2838.9242504894,94.3108469568
2839.6382656429,94.2379049546
2840.3522807965,94.0982941675
2841.0662959500,94.1458593223
2841.7803111035,94.0761981620
2842.4943262571,93.9013600475
2843.2083414106,93.9480962557
2843.9223565642,93.8567077917
2844.6363717177,93.6263776810
2845.3503868713,93.6145404402
2846.0644020248,93.6233061680
2846.7784171783,93.5595594420
2847.4924323319,93.4541201571
2848.2064474854,93.2983508897
2848.9204626390,93.2375761672
2849.6344777925,93.2098778328
2850.3484929461,93.2241845857
2851.0625080996,93.2627504615
2851.7765232532,93.1546748536
2852.4905384067,93.1840365881
2853.2045535602,93.3587328661
2853.9185687138,93.3581200646
2854.6325838673,93.4149357393
2855.3465990209,93.5135566650
2856.0606141744,93.4938583972
2856.7746293280,93.6532098383
2857.4886444815,93.8547951107
2858.2026596350,93.8849599064
2858.9166747886,93.9980658095
2859.6306899421,94.1816433928
2860.3447050957,94.3023159488
2861.0587202492,94.4162539801
2861.7727354028,94.5617193220
2862.4867505563,94.7375745279
2863.2007657099,94.8410054031
2863.9147808634,94.9120830377
2864.6287960169,95.0771590424
2865.3428111705,95.1647601959
2866.0568263240,95.1526115039
2866.7708414776,95.2698913868
2867.4848566311,95.4644491655
2868.1988717847,95.5574553728
2868.9128869382,95.5523930431
2869.6269020917,95.5606162304
2870.3409172453,95.6306849919
2871.0549323988,95.7150129971
2871.7689475524,95.8186077887
2872.4829627059,95.9011377800
2873.1969778595,95.9143434874
2873.9109930130,95.9865563277
2874.6250081665,96.1091837506
2875.3390233201,96.1476779770
2876.0530384736,96.2300448989
2876.7670536272,96.4524749819
2877.4810687807,96.6553973807
2878.1950839343,96.8642754192
2878.9090990878,97.2167849258
2879.6231142414,97.5262446178
2880.3371293949,97.7275989259
2881.0511445484,98.0819860821
2881.7651597020,98.5662115923
2882.4791748555,98.9745782311
2883.1931900091,99.1139070006
2883.9072051626,98.8376882640
2884.6212203162,98.5376727311
2885.3352354697,98.5723479500
2886.0492506232,98.6585911885
2886.7632657768,98.7572472504
2887.4772809303,98.9614195272
2888.1912960839,98.9732761495
2888.9053112374,98.8850861934
2889.6193263910,98.9161136502
2890.3333415445,98.8577308757
2891.0473566981,98.6861570367
2891.7613718516,98.4956816452
2892.4753870051,98.3359369010
2893.1894021587,98.2623296340
2893.9034173122,98.0754895565
2894.6174324658,97.8282391843
2895.3314476193,97.7650597006
2896.0454627729,97.7112943758
2896.7594779264,97.6144858162
2897.4734930799,97.5938626227
2898.1875082335,97.5083789138
2898.9015233870,97.3361500691
2899.6155385406,97.2457614050
2900.3295536941,97.2431072006
2901.0435688477,97.1698115440
2901.7575840012,97.0366592096
2902.4715991547,96.9849848237
2903.1856143083,96.9185412225
2903.8996294618,96.8573051615
2904.6136446154,96.8777838321
2905.3276597689,96.7306412339
2906.0416749225,96.5395675630
2906.7556900760,96.4967313949
2907.4697052296,96.3118226212
2908.1837203831,96.1218475382
2908.8977355366,96.0915146513
2909.6117506902,95.8905452537
2910.3257658437,95.6372926918
2911.0397809973,95.5887892716
2911.7537961508,95.5457484201
2912.4678113044,95.3495386139
2913.1818264579,95.1223975741
2913.8958416114,94.9951960991
2914.6098567650,94.8123584149
2915.3238719185,94.5893617927
2916.0378870721,94.5204190565
2916.7519022256,94.3751332421
2917.4659173792,94.1947209878
2918.1799325327,94.1047714790
2918.8939476863,93.8454541268
2919.6079628398,93.7244483412
2920.3219779933,93.7426075515
2921.0359931469,93.5070272851
2921.7500083004,93.5154872048
2922.4640234540,93.6801943218
2923.1780386075,93.6001026288
2923.8920537611,93.7091986687
2924.6060689146,93.7106179605
2925.3200840681,93.5135508341
2926.0340992217,93.7332051608
2926.7481143752,93.9008662844
2927.4621295288,93.8420613208
2928.1761446823,94.0398903734
2928.8901598359,94.2774801319
2929.6041749894,94.4518418180
2930.3181901429,94.5821603302
2931.0322052965,94.6559406614
2931.7462204500,94.7527966364
2932.4602356036,94.6051975341
2933.1742507571,94.5261411135
2933.8882659107,94.7710255678
2934.6022810642,94.7772179298
2935.3162962178,94.8285116017
2936.0303113713,95.1499584707
2936.7443265248,95.2613583294
2937.4583416784,95.4580791148
2938.1723568319,95.7410171800
2938.8863719855,95.7732610884
2939.6003871390,95.9232054553
2940.3144022926,96.0970897882
2941.0284174461,96.1429500644
2941.7424325996,96.3155660933
2942.4564477532,96.4709525362
2943.1704629067,96.7009763085
2943.8844780603,97.0599660769
2944.5984932138,97.3107531142
2945.3125083674,97.7084297796
2946.0265235209,98.0981927913
2946.7405386745,98.1510679065
2947.4545538280,98.3945817958
2948.1685689815,98.8619953217
2948.8825841351,99.1148207152
2949.5965992886,99.3268069336
2950.3106144422,99.5349851350
2951.0246295957,99.6515360084
2951.7386447493,99.8993474251
2952.4526599028,100.2092333404
2953.1666750563,100.4304312249
2953.8806902099,100.7298460113
2954.5947053634,101.0288871264
2955.3087205170,101.1253411158
2956.0227356705,101.2906660909
2956.7367508241,101.6090500198
2957.4507659776,101.7897425135
2958.1647811312,102.0401056296
2958.8787962847,102.4187033121
2959.5928114382,102.6232425171
2960.3068265918,102.9339338924
2961.0208417453,103.2684541339
2961.7348568989,103.3334285328
2962.4488720524,103.7186236170
2963.1628872060,104.2903762236
2963.8769023595,104.5641979216
2964.5909175130,105.1273020532
2965.3049326666,105.7744261197
2966.0189478201,105.8728793444
2966.7329629737,106.0999617440
2967.4469781272,106.6043558297
2968.1609932808,106.8154280412
2968.8750084343,107.5071082302
2969.5890235878,109.8091579818
2970.3030387414,112.6350787544
2971.0170538949,112.4418306305
2971.7310690485,110.1970781259
2972.4450842020,109.4354822481
2973.1590993556,109.5039836993
2973.8731145091,109.2274226350
2974.5871296627,109.3569737726
2975.3011448162,109.8665955311
2976.0151599697,110.3830345717
2976.7291751233,111.3198739132
2977.4431902768,112.3853899754
2978.1572054304,113.4511718585
2978.8712205839,115.0861749885
2979.5852357375,116.3349740621
2980.2992508910,116.7822262505
2981.0132660445,118.7253488052
2981.7272811981,120.6274219071
2982.4412963516,116.5693545095
2983.1553115052,111.1354196458
2983.8693266587,108.9273466410
2984.5833418123,108.1125525388
2985.2973569658,107.6798891450
2986.0113721194,107.4730604616
2986.7253872729,106.9639338685
2987.4394024264,106.5552380936
2988.1534175800,106.4546914262
2988.8674327335,106.2236362649
2989.5814478871,106.0762632620
2990.2954630406,105.9907736080
2991.0094781942,105.7655235254
2991.7234933477,105.5608680675
2992.4375085012,105.2785560771
2993.1515236548,104.9850546823
2993.8655388083,104.7159919200
2994.5795539619,104.4226187722
2995.2935691154,104.3152670414
2996.0075842690,104.0712193542
2996.7215994225,103.7249483109
2997.4356145760,103.6863127006
2998.1496297296,103.4475629769
2998.8636448831,103.0197775761
2999.5776600367,102.6972226714
3000.2916751902,102.0699327868
3001.0056903438,101.4913415631
3001.7197054973,101.1385398828
3002.4337206509,100.5941741831
3003.1477358044,100.1500317616
3003.8617509579,99.7501440783
3004.5757661115,99.1848427970
3005.2897812650,98.7310646662
3006.0037964186,98.2801416045
3006.7178115721,97.8120223064
3007.4318267257,97.3453176329
3008.1458418792,96.8202504016
3008.8598570327,96.5121337346
3009.5738721863,96.2320027280
3010.2878873398,95.8950895319
3011.0019024934,95.7654457483
3011.7159176469,95.4574001180
3012.4299328005,94.9754188724
3013.1439479540,94.7516626791
3013.8579631076,94.6213716376
3014.5719782611,94.4907345432
3015.2859934146,94.3164313371
3016.0000085682,94.1011134635
3016.7140237217,94.0042021059
3017.4280388753,93.8146355299
3018.1420540288,93.6521705822
3018.8560691824,93.6968494165
3019.5700843359,93.5880761987
3020.2840994894,93.4533481987
3020.9981146430,93.3977830504
3021.7121297965,93.2257225998
3022.4261449501,93.2032373488
3023.1401601036,93.1984057842
3023.8541752572,93.0541695184
3024.5681904107,93.0722827395
3025.2822055642,92.9759046997
3025.9962207178,92.7643781605
3026.7102358713,92.8315460079
3027.4242510249,92.8603069296
3028.1382661784,92.7889575449
3028.8522813320,92.8147716869
3029.5662964855,92.7493918880
3030.2803116391,92.6947347708
3030.9943267926,92.6592328215
3031.7083419461,92.4878014199
3032.4223570997,92.4892335717
3033.1363722532,92.5994838272
3033.8503874068,92.4530963085
3034.5644025603,92.3185384024
3035.2784177139,92.3845889788
3035.9924328674,92.3188203195
3036.7064480209,92.1961124081
3037.4204631745,92.2761939639
3038.1344783280,92.2781421175
3038.8484934816,92.1446029900
3039.5625086351,92.1685225104
3040.2765237887,92.1999456747
3040.9905389422,92.1157859169
3041.7045540958,92.0234919034
3042.4185692493,91.9563327045
3043.1325844028,92.0073555406
3043.8465995564,91.9381941321
3044.5606147099,91.7291973720
3045.2746298635,91.8439452584
3045.9886450170,91.9127006934
3046.7026601706,91.6955282418
3047.4166753241,91.7413643435
3048.1306904776,91.7489886443
3048.8447056312,91.4855629688
3049.5587207847,91.4770815147
3050.2727359383,91.5972320110
3050.9867510918,91.5989093362
3051.7007662454,91.5168948893
3052.4147813989,91.3632330498
3053.1287965524,91.3365880155
3053.8428117060,91.3388992121
3054.5568268595,91.3303179625
3055.2708420131,91.4291609184
3055.9848571666,91.2986544251
3056.6988723202,91.0991993716
3057.4128874737,91.1492577557
3058.1269026273,91.1138946302
3058.8409177808,91.0614341078
3059.5549329343,91.0667997913
3060.2689480879,90.9926440781
3060.9829632414,91.0705746382
3061.6969783950,91.1130962781
3062.4109935485,91.0291360874
3063.1250087021,91.0856629592
3063.8390238556,90.9788308641
3064.5530390091,90.7945795154
3065.2670541627,90.9167264635
3065.9810693162,90.9999305727
3066.6950844698,90.8948621425
3067.4090996233,90.7753952539
3068.1231147769,90.7668740580
3068.8371299304,90.8827693607
3069.5511450840,90.8201099517
3070.2651602375,90.7520255188
3070.9791753910,90.9083123469
3071.6931905446,90.8403782641
3072.4072056981,90.7083957375
3073.1212208517,90.8409975488
3073.8352360052,90.8017227619
3074.5492511588,90.6717644748
3075.2632663123,90.8405935699
3075.9772814658,90.9746966013
3076.6912966194,90.8302195541
3077.4053117729,90.7403089250
3078.1193269265,90.8379269717
3078.8333420800,90.8518462447
3079.5473572336,90.7913200238
3080.2613723871,90.8011879857
3080.9753875406,90.7723287943
3081.6894026942,90.8223412320
3082.4034178477,90.9435352799
3083.1174330013,90.8725303134
3083.8314481548,90.8312361680
3084.5454633084,90.9087797905
3085.2594784619,90.9264973379
3085.9734936155,91.0105866475
3086.6875087690,91.0392551001
3087.4015239225,90.9308868566
3088.1155390761,90.9075523405
3088.8295542296,90.9259057593
3089.5435693832,91.0142493035
3090.2575845367,91.0979627169
3090.9715996903,91.0339426514
3091.6856148438,91.1275883402
3092.3996299973,91.2287665842
3093.1136451509,91.0537340336
3093.8276603044,91.0252717919
3094.5416754580,91.1771483066
3095.2556906115,91.2048926855
3095.9697057651,91.1553592474
3096.6837209186,91.1475120732
3097.3977360722,91.3115437336
3098.1117512257,91.3993889324
3098.8257663792,91.2296901286
3099.5397815328,91.2414037060
3100.2537966863,91.3406666985
3100.9678118399,91.2555937052
3101.6818269934,91.3124234959
3102.3958421470,91.3772780461
3103.1098573005,91.3026557209
3103.8238724540,91.4034810640
3104.5378876076,91.4311798682
3105.2519027611,91.2240400209
3105.9659179147,91.2654520277
3106.6799330682,91.5081977076
3107.3939482218,91.5116283672
3108.1079633753,91.4662429095
3108.8219785289,91.5944849651
3109.5359936824,91.6097397566
3110.2500088359,91.5500529244
3110.9640239895,91.5743405818
3111.6780391430,91.4658723941
3112.3920542966,91.4278209106
3113.1060694501,91.5757071801
3113.8200846037,91.5219238641
3114.5340997572,91.4904163340
3115.2481149107,91.5914738227
3115.9621300643,91.5035162061
3116.6761452178,91.5711957693
3117.3901603714,91.7873081142
3118.1041755249,91.7262824422
3118.8181906785,91.6122732087
3119.5322058320,91.5269775778
3120.2462209855,91.5019815460
3120.9602361391,91.7446496104
3121.6742512926,91.8154405904
3122.3882664462,91.5675618408
3123.1022815997,91.4908258170
3123.8162967533,91.5693458506
3124.5303119068,91.6059237821
3125.2443270604,91.6343363418
3125.9583422139,91.6711445548
3126.6723573674,91.6938296559
3127.3863725210,91.6248478104
3128.1003876745,91.5112135124
3128.8144028281,91.5157654272
3129.5284179816,91.6660268382
3130.2424331352,91.7474364388
3130.9564482887,91.6168129095
3131.6704634422,91.5697699816
3132.3844785958,91.6121094656
3133.0984937493,91.4332156665
3133.8125089029,91.3459960308
3134.5265240564,91.4855570850
3135.2405392100,91.5563533413
3135.9545543635,91.5593223405
3136.6685695171,91.3942637649
3137.3825846706,91.2520754898
3138.0965998241,91.4487174851
3138.8106149777,91.5334314494
3139.5246301312,91.4183942183
3140.2386452848,91.3394266823
3140.9526604383,91.1802148376
3141.6666755919,91.1997866839
3142.3806907454,91.2839412446
3143.0947058989,91.1490229837
3143.8087210525,91.1974879462
3144.5227362060,91.2549859319
3145.2367513596,91.1696257257
3145.9507665131,91.2572153016
3146.6647816667,91.1345329046
3147.3787968202,90.9467119804
3148.0928119737,91.1182730570
3148.8068271273,91.1082121661
3149.5208422808,90.9687683963
3150.2348574344,91.0317369259
3150.9488725879,90.9805295765
3151.6628877415,90.9057384261
3152.3769028950,90.9223845206
3153.0909180486,90.8893083047
3153.8049332021,90.8435645908
3154.5189483556,90.7590228676
3155.2329635092,90.7598158697
3155.9469786627,90.7973674412
3156.6609938163,90.6832612004
3157.3750089698,90.6882138070
3158.0890241234,90.7564297758
3158.8030392769,90.6467907695
3159.5170544304,90.5574849909
3160.2310695840,90.5281155892
3160.9450847375,90.5622207299
3161.6590998911,90.5993977054
3162.3731150446,90.4472163473
3163.0871301982,90.3159131000
3163.8011453517,90.2886994624
3164.5151605053,90.2716849078
3165.2291756588,90.3149243796
3165.9431908123,90.2505738965
3166.6572059659,90.1484651999
3167.3712211194,90.1375924662
3168.0852362730,90.0658034228
3168.7992514265,90.0565525713
3169.5132665801,90.0186763087
3170.2272817336,89.8613563065
3170.9412968871,89.9154903556
3171.6553120407,89.9852405882
3172.3693271942,89.8933683271
3173.0833423478,89.8130459145
3173.7973575013,89.6611838458
3174.5113726549,89.6550521847
3175.2253878084,89.7705616662
3175.9394029619,89.6618706619
3176.6534181155,89.6160532567
3177.3674332690,89.5594419004
3178.0814484226,89.3289763610
3178.7954635761,89.4086858939
3179.5094787297,89.4889009805
3180.2234938832,89.2335030273
3180.9375090368,89.2187899087
3181.6515241903,89.3977894451
3182.3655393438,89.2641470811
3183.0795544974,89.0134115118
3183.7935696509,88.9964044582
3184.5075848045,89.0482783376
3185.2215999580,89.0136739558
3185.9356151116,89.0578482543
3186.6496302651,88.9613356394
3187.3636454186,88.7157399564
3188.0776605722,88.8236551960
3188.7916757257,88.8784407533
3189.5056908793,88.6072053240
3190.2197060328,88.5972123248
3190.9337211864,88.5751997653
3191.6477363399,88.3992312668
3192.3617514935,88.5221264035
3193.0757666470,88.5490023868
3193.7897818005,88.3958922943
3194.5037969541,88.3710323342
3195.2178121076,88.2359709196
3195.9318272612,88.1800471380
3196.6458424147,88.2671672231
3197.3598575683,88.1203727841
3198.0738727218,88.0018578257
3198.7878878753,88.0432052726
3199.5019030289,87.9526507979
3200.2159181824,87.8350602890
3200.9299333360,87.8592073376
3201.6439484895,87.8465146909
3202.3579636431,87.6542207993
3203.0719787966,87.6181552573
3203.7859939501,87.7582333371
3204.5000091037,87.5453852837
3205.2140242572,87.3053410550
3205.9280394108,87.4174853865
3206.6420545643,87.3888752912
3207.3560697179,87.2918013389
3208.0700848714,87.3162905849
3208.7841000250,87.1667650567
3209.4981151785,87.0437011632
3210.2121303320,87.0490769879
3210.9261454856,86.9787816258
3211.6401606391,86.9591934137
3212.3541757927,87.0111850927
3213.0681909462,87.0250369766
3213.7822060998,86.8988990048
3214.4962212533,86.6560830428
3215.2102364068,86.5420551822
3215.9242515604,86.4667985197
3216.6382667139,86.4027438950
3217.3522818675,86.4856268070
3218.0662970210,86.4581511774
3218.7803121746,86.3154295223
3219.4943273281,86.1951132564
3220.2083424817,86.0190093614
3220.9223576352,86.0133490190
3221.6363727887,86.1039897348
3222.3503879423,85.9857049853
3223.0644030958,85.8915800069
3223.7784182494,85.9050024133
3224.4924334029,85.7915923349
3225.2064485565,85.5829482943
3225.9204637100,85.5181081868
3226.6344788635,85.5744491293
3227.3484940171,85.4347726536
3228.0625091706,85.3201916243
3228.7765243242,85.4146660967
3229.4905394777,85.2539466814
3230.2045546313,85.1008995177
3230.9185697848,85.2535540050
3231.6325849384,85.1464927155
3232.3466000919,84.9177737587
3233.0606152454,84.8742428340
3233.7746303990,84.7589341828
3234.4886455525,84.7361471890
3235.2026607061,84.7985842367
3235.9166758596,84.6509469766
3236.6306910132,84.4172553767
3237.3447061667,84.2667545714
3238.0587213202,84.2728156022
3238.7727364738,84.2950195022
3239.4867516273,84.1877867909
3240.2007667809,84.1169807383
3240.9147819344,84.0586837218
3241.6287970880,83.9715192108
3242.3428122415,83.8286500433
3243.0568273950,83.6186011649
3243.7708425486,83.7062395861
3244.4848577021,83.7754535564
3245.1988728557,83.3847375977
3245.9128880092,83.2107141050
3246.6269031628,83.2701280742
3247.3409183163,83.1151398998
3248.0549334699,83.0260601009
3248.7689486234,82.9474968319
3249.4829637769,82.7983309688
3250.1969789305,82.7191853342
3250.9109940840,82.5789844094
3251.6250092376,82.4916870248
3252.3390243911,82.3703409818
3253.0530395447,82.1946464068
3253.7670546982,82.2600395247
3254.4810698517,82.1519381890
3255.1950850053,81.8775819109
3255.9091001588,81.8893428737
3256.6231153124,81.7937630567
3257.3371304659,81.5835191840
3258.0511456195,81.4684625586
3258.7651607730,81.2919272465
3259.4791759266,81.2898313230
3260.1931910801,81.2437760983
3260.9072062336,80.9924675309
3261.6212213872,81.0102595857
3262.3352365407,80.9935607990
3263.0492516943,80.7357101302
3263.7632668478,80.6376272709
3264.4772820014,80.5912048300
3265.1912971549,80.4785624045
3265.9053123084,80.3552904269
3266.6193274620,80.2498409172
3267.3333426155,80.1568199974
3268.0473577691,79.9799472670
3268.7613729226,79.9833788264
3269.4753880762,80.0243898180
3270.1894032297,79.7938854868
3270.9034183832,79.7990923704
3271.6174335368,79.8620975359
3272.3314486903,79.6539762565
3273.0454638439,79.6151403410
3273.7594789974,79.4849244235
3274.4734941510,79.4263858862
3275.1875093045,79.7823794146
3275.9015244581,79.6945253323
3276.6155396116,79.4258635899
3277.3295547651,79.5852368234
3278.0435699187,79.4836066444
3278.7575850722,79.3910368086
3279.4716002258,79.6407151277
3280.1856153793,79.6790134697
3280.8996305329,79.6838352443
3281.6136456864,79.8027172717
3282.3276608399,79.8853450148
3283.0416759935,79.9886842059
3283.7556911470,79.9703323362
3284.4697063006,80.0312077296
3285.1837214541,80.2496420373
3285.8977366077,80.2473159247
3286.6117517612,80.2528560972
3287.3257669148,80.5082769708
3288.0397820683,80.7088072842
3288.7537972218,80.7357593718
3289.4678123754,80.8208877920
3290.1818275289,81.0511240701
3290.8958426825,81.1153136903
3291.6098578360,81.0812504095
3292.3238729896,81.2816790383
3293.0378881431,81.4470316370
3293.7519032966,81.5952141199
3294.4659184502,81.8878087874
3295.1799336037,81.9794045919
3295.8939487573,82.0356913646
3296.6079639108,82.2434334197
3297.3219790644,82.3805868696
3298.0359942179,82.5873157514
3298.7500093714,82.7772606743
3299.4640245250,82.8307023215
3300.1780396785,82.9726417814
3300.8920548321,83.1030320434
3301.6060699856,83.2581934410
3302.3200851392,83.5507433005
3303.0341002927,83.7221770631
3303.7481154463,83.7631917486
3304.4621305998,83.8910315075
3305.1761457533,84.1894180679
3305.8901609069,84.3978210483
3306.6041760604,84.4104557962
3307.3181912140,84.6685730947
3308.0322063675,84.8535595293
3308.7462215211,84.7062084996
3309.4602366746,84.9856233668
3310.1742518281,85.2571409542
3310.8882669817,85.0951554080
3311.6022821352,85.3730607725
3312.3162972888,85.7112975061
3313.0303124423,85.6456008725
3313.7443275959,85.8388571925
3314.4583427494,86.0524913599
3315.1723579030,86.1038608635
3315.8863730565,86.3535894338
3316.6003882100,86.5058853043
3317.3144033636,86.5439104203
3318.0284185171,86.7448443649
3318.7424336707,86.9441826721
3319.4564488242,86.9931862009
3320.1704639778,87.0076137359
3320.8844791313,87.1850195595
3321.5984942848,87.3581342236
3322.3125094384,87.4669898012
3323.0265245919,87.7339646677
3323.7405397455,87.8389403600
3324.4545548990,87.8469579329
3325.1685700526,88.0304900898
3325.8825852061,87.9543051764
3326.5966003596,87.9507154404
3327.3106155132,88.2400288747
3328.0246306667,88.2350662335
3328.7386458203,88.3818856722
3329.4526609738,88.6636745734
3330.1666761274,88.5228249869
3330.8806912809,88.6419899969
3331.5947064345,88.9375345892
3332.3087215880,88.9161703062
3333.0227367415,89.0204006295
3333.7367518951,89.0454059515
3334.4507670486,89.0077660125
3335.1647822022,89.3077767983
3335.8787973557,89.4080544667
3336.5928125093,89.2836301883
3337.3068276628,89.2990202442
3338.0208428163,89.3624689992
3338.7348579699,89.5670360390
3339.4488731234,89.7399522518
3340.1628882770,89.7942131695
3340.8769034305,89.9038864659
3341.5909185841,89.9130889347
3342.3049337376,89.9800624210
3343.0189488912,90.0763251353
3343.7329640447,90.0355793975
3344.4469791982,90.2520812265
3345.1609943518,90.4039173458
3345.8750095053,90.2393585767
3346.5890246589,90.3295190068
3347.3030398124,90.4454260612
3348.0170549660,90.4279150088
3348.7310701195,90.5681317219
3349.4450852730,90.5850044864
3350.1591004266,90.5470311373
3350.8731155801,90.6430901485
3351.5871307337,90.7598819853
3352.3011458872,90.9552842477
3353.0151610408,90.9673047769
3353.7291761943,90.8520633579
3354.4431913478,90.9165681114
3355.1572065014,90.8756619742
3355.8712216549,90.8658797223
3356.5852368085,90.9672698662
3357.2992519620,90.8991506717
3358.0132671156,91.0430169331
3358.7272822691,91.2239432881
3359.4412974227,91.0973410559
3360.1553125762,91.2234755693
3360.8693277297,91.3768432753
3361.5833428833,91.1681458857
3362.2973580368,91.1515289407
3363.0113731904,91.3133281768
3363.7253883439,91.3316215751
3364.4394034975,91.3477118024
3365.1534186510,91.3977825139
3365.8674338045,91.4170334979
3366.5814489581,91.3964628137
3367.2954641116,91.4171985561
3368.0094792652,91.4898490550
3368.7234944187,91.4956024513
3369.4375095723,91.5335485434
3370.1515247258,91.6341656357
3370.8655398794,91.6959717566
3371.5795550329,91.7110112322
3372.2935701864,91.6627833282
3373.0075853400,91.6990392897
3373.7216004935,91.7277027160
3374.4356156471,91.5876177464
3375.1496308006,91.6907467514
3375.8636459542,91.9129117469
3376.5776611077,91.8380128333
3377.2916762612,91.8125514575
3378.0056914148,91.8474260301
3378.7197065683,91.8001696467
3379.4337217219,91.8927840693
3380.1477368754,91.9487331424
3380.8617520290,91.9717604822
3381.5757671825,92.0533451915
3382.2897823361,91.9926289678
3383.0037974896,91.9867778012
3383.7178126431,91.9917903831
3384.4318277967,91.8821762983
3385.1458429502,91.9884300287
3385.8598581038,92.0647120779
3386.5738732573,92.0048292252
3387.2878884109,92.1395300245
3388.0019035644,92.1924822786
3388.7159187179,92.1726987865
3389.4299338715,92.2260304359
3390.1439490250,92.0803080554
3390.8579641786,92.0988722323
3391.5719793321,92.3268606543
3392.2859944857,92.1411850790
3393.0000096392,91.9488166001
3393.7140247927,92.2065595415
3394.4280399463,92.3512397011
3395.1420550998,92.2784432232
3395.8560702534,92.3243948991
3396.5700854069,92.2996492142
3397.2841005605,92.1486574610
3397.9981157140,92.2321451521
3398.7121308676,92.3618431115
3399.4261460211,92.3312052232
3400.1401611746,92.4172356032
3400.8541763282,92.4221242992
3401.5681914817,92.3040370939
3402.2822066353,92.4778369479
3402.9962217888,92.5080492257
3403.7102369424,92.2887518387
3404.4242520959,92.4598512095
3405.1382672494,92.6275765891
3405.8522824030,92.4885109175
3406.5662975565,92.5348850890
3407.2803127101,92.6015961709
3407.9943278636,92.5050855154
3408.7083430172,92.5250228594
3409.4223581707,92.5990125787
3410.1363733243,92.6080540579
3410.8503884778,92.6013439025
3411.5644036313,92.6311678012
3412.2784187849,92.6897126542
3412.9924339384,92.6709283179
3413.7064490920,92.6649257004
3414.4204642455,92.7494073864
3415.1344793991,92.7568166056
3415.8484945526,92.7282177274
3416.5625097061,92.8264058686
3417.2765248597,92.8840535858
3417.9905400132,92.7757057962
3418.7045551668,92.8123513472
3419.4185703203,92.9160857969
3420.1325854739,92.6557192294
3420.8466006274,92.5621458025
3421.5606157809,92.9389036367
3422.2746309345,93.0066520315
3422.9886460880,92.8504731971
3423.7026612416,92.8652544316
3424.4166763951,92.8462381380
3425.1306915487,92.9947365586
3425.8447067022,93.1200369837
3426.5587218558,92.9769317228
3427.2727370093,93.0424246802
3427.9867521628,93.0469701586
3428.7007673164,92.9280320461
3429.4147824699,93.1439921350
3430.1287976235,93.0879504117
3430.8428127770,92.9000703614
3431.5568279306,93.2236590522
3432.2708430841,93.2926658825
3432.9848582376,93.1002895717
3433.6988733912,93.2103912440
3434.4128885447,93.1744639416
3435.1269036983,93.0911016152
3435.8409188518,93.2573067974
3436.5549340054,93.2964352599
3437.2689491589,93.2121804382
3437.9829643125,93.2066096994
3438.6969794660,93.2710434697
3439.4109946195,93.2832517511
3440.1250097731,93.2045308808
3440.8390249266,93.3340218984
3441.5530400802,93.4363255738
3442.2670552337,93.1265517242
3442.9810703873,93.1155778061
3443.6950855408,93.5173543632
3444.4091006943,93.4131913367
3445.1231158479,93.2296013303
3445.8371310014,93.6241813065
3446.5511461550,93.4246669446
3447.2651613085,92.5882234047
3447.9791764621,92.9896776026
3448.6931916156,93.7292454914
3449.4072067691,93.5143686931
3450.1212219227,93.4236361223
3450.8352370762,93.5967941901
3451.5492522298,93.4052827660
3452.2632673833,93.4808197823
3452.9772825369,93.5697726728
3453.6912976904,93.3991366011
3454.4053128440,93.5752303909
3455.1193279975,93.6620579951
3455.8333431510,93.5803877603
3456.5473583046,93.7599538378
3457.2613734581,93.7134377978
3457.9753886117,93.5425768380
3458.6894037652,93.5911488282
3459.4034189188,93.5915870567
3460.1174340723,93.6019445847
3460.8314492258,93.6177240634
3461.5454643794,93.5852165448
3462.2594795329,93.5253565921
3462.9734946865,93.4061526703
3463.6875098400,93.5687102742
3464.4015249936,93.7794019028
3465.1155401471,93.6925459482
3465.8295553007,93.7044523934
3466.5435704542,93.7189778714
3467.2575856077,93.6389572434
3467.9716007613,93.6703054634
3468.6856159148,93.6786574591
3469.3996310684,93.8364720580
3470.1136462219,93.8149560614
3470.8276613755,93.4892431175
3471.5416765290,93.6782363612
3472.2556916825,93.8531074584
3472.9697068361,93.7157333514
3473.6837219896,93.9790377361
3474.3977371432,93.9519065376
3475.1117522967,93.6440379805
3475.8257674503,93.7635417064
3476.5397826038,93.7050953492
3477.2537977573,93.6877834230
3477.9678129109,93.9274846628
3478.6818280644,93.9326766269
3479.3958432180,93.8703365802
3480.1098583715,93.5839434349
3480.8238735251,93.5633592059
3481.5378886786,93.9727300966
3482.2519038322,93.4699988057
3482.9659189857,93.1747300991
3483.6799341392,93.9310530381
3484.3939492928,93.9642100061
3485.1079644463,93.7168580438
3485.8219795999,93.9603281827
3486.5359947534,93.9107095557
3487.2500099070,93.9936676607
3487.9640250605,94.0026048897
3488.6780402140,93.7057188131
3489.3920553676,93.9993492272
3490.1060705211,94.1700815428
3490.8200856747,93.9190499831
3491.5341008282,93.9901417595
3492.2481159818,94.0605883681
3492.9621311353,94.1299312411
3493.6761462889,94.1929267949
3494.3901614424,93.9949103609
3495.1041765959,94.0415978269
3495.8181917495,94.0974854391
3496.5322069030,93.8460140097
3497.2462220566,93.8428244963
3497.9602372101,94.0398746169
3498.6742523637,94.1510900828
3499.3882675172,94.1140594747
3500.1022826707,94.0754277969
3500.8162978243,94.2161097715
3501.5303129778,94.2148441714
3502.2443281314,94.0595731858
3502.9583432849,93.8765137562
3503.6723584385,93.6909902339
3504.3863735920,93.8337657533
3505.1003887456,93.9524668017
3505.8144038991,94.0334407113
3506.5284190526,94.3571328506
3507.2424342062,94.3947515110
3507.9564493597,94.4974092879
3508.6704645133,94.5876081647
3509.3844796668,93.8243745106
3510.0984948204,93.7668474659
3510.8125099739,94.4826342655
3511.5265251274,94.3706016140
3512.2405402810,94.2528859733
3512.9545554345,94.4751703909
3513.6685705881,94.3759900791
3514.3825857416,94.4113862100
3515.0966008952,94.4439900499
3515.8106160487,94.4086974908
3516.5246312022,94.4616735088
3517.2386463558,94.3858986991
3517.9526615093,94.5360990606
3518.6666766629,94.5398286534
3519.3806918164,94.3467818631
3520.0947069700,94.5589341883
3520.8087221235,94.5251558646
3521.5227372771,94.6261797987
3522.2367524306,94.8660138635
3522.9507675841,94.0332827127
3523.6647827377,93.8076902879
3524.3787978912,94.4445751417
3525.0928130448,94.3151707865
3525.8068281983,94.4868248212
3526.5208433519,94.6529039772
3527.2348585054,94.2781219784
3527.9488736589,94.6434212058
3528.6628888125,94.6111174356
3529.3769039660,94.2762983038
3530.0909191196,94.8159478243
3530.8049342731,94.7474309151
3531.5189494267,94.5011305870
3532.2329645802,94.9099142469
3532.9469797338,94.8422555261
3533.6609948873,94.8546126221
3534.3750100408,95.2283181159
3535.0890251944,95.2257253137
3535.8030403479,94.8282950949
3536.5170555015,94.1670084715
3537.2310706550,94.3729698139
3537.9450858086,94.9742086741
3538.6591009621,94.8113032548
3539.3731161156,94.9471982964
3540.0871312692,95.1282093860
3540.8011464227,95.0254528663
3541.5151615763,95.4529681983
3542.2291767298,95.5247805909
3542.9431918834,95.0813679943
3543.6572070369,95.6481356080
3544.3712221904,95.7820191330
3545.0852373440,94.9889139655
3545.7992524975,95.3987281323
3546.5132676511,95.7924642878
3547.2272828046,95.1175896729
3547.9412979582,95.0416155302
3548.6553131117,95.5859181251
3549.3693282653,95.6119557914
3550.0833434188,95.4017556751
3550.7973585723,95.9122843680
3551.5113737259,96.2310403035
3552.2253888794,95.6133081078
3552.9394040330,95.5019938064
3553.6534191865,95.4855840457
3554.3674343401,95.1779347763
3555.0814494936,95.5036591037
3555.7954646471,95.7462342142
3556.5094798007,95.6314406163
3557.2234949542,95.5755357571
3557.9375101078,95.3632656170
3558.6515252613,95.7028805359
3559.3655404149,95.9355563060
3560.0795555684,95.3478241622
3560.7935707220,95.6476561627
3561.5075858755,95.9677938376
3562.2216010290,95.8278321770
3562.9356161826,96.3305000205
3563.6496313361,96.0069207782
3564.3636464897,96.0074061989
3565.0776616432,97.5571462057
3565.7916767968,96.9031490683
3566.5056919503,95.5682801753
3567.2197071038,97.2872092973
3567.9337222574,96.2717128978
3568.6477374109,94.2101901213
3569.3617525645,95.6036094379
3570.0757677180,96.4047573800
3570.7897828716,95.8833225284
3571.5037980251,96.1176941377
3572.2178131786,96.2998048014
3572.9318283322,96.1989094884
3573.6458434857,96.4686701943
3574.3598586393,96.2908229072
3575.0738737928,96.0655573881
3575.7878889464,96.4324035575
3576.5019040999,96.3517160363
3577.2159192535,95.9823952900
3577.9299344070,96.2776180980
3578.6439495605,96.5423688904
3579.3579647141,96.2916897317
3580.0719798676,95.9778433827
3580.7859950212,96.0480426552
3581.5000101747,96.3695335438
3582.2140253283,96.4289026288
3582.9280404818,96.5075340952
3583.6420556353,96.5410456303
3584.3560707889,96.1586727699
3585.0700859424,97.2041903421
3585.7841010960,98.6457404951
3586.4981162495,96.3672436299
3587.2121314031,96.0254492066
3587.9261465566,98.1573657051
3588.6401617102,96.0251274490
3589.3541768637,95.0227808499
3590.0681920172,96.8893061674
3590.7822071708,96.5270135721
3591.4962223243,96.3260114888
3592.2102374779,97.7767932358
3592.9242526314,96.8873063263
3593.6382677850,96.3180409786
3594.3522829385,97.6558111610
3595.0662980920,97.2140094503
3595.7803132456,96.1985039715
3596.4943283991,96.6798386327
3597.2083435527,97.2296791721
3597.9223587062,97.2188932023
3598.6363738598,96.4981732077
3599.3503890133,96.8601092634
3600.0644041668,97.4485777063
3600.7784193204,96.3796547324
3601.4924344739,96.4561586129
3602.2064496275,97.1010284050
3602.9204647810,96.5097352630
3603.6344799346,96.8535823761
3604.3484950881,97.0810550369
3605.0625102417,96.6417010822
3605.7765253952,98.0173903990
3606.4905405487,98.2960651129
3607.2045557023,96.0538678670
3607.9185708558,97.6501484530
3608.6325860094,99.6577109698
3609.3466011629,96.5348016486
3610.0606163165,95.3885847917
3610.7746314700,97.3361228970
3611.4886466235,99.0325770494
3612.2026617771,98.2222884362
3612.9166769306,96.4297881252
3613.6306920842,97.3349267133
3614.3447072377,98.1506406336
3615.0587223913,96.2452366820
3615.7727375448,96.5069597389
3616.4867526984,98.9411911458
3617.2007678519,98.6020607726
3617.9147830054,97.1663579258
3618.6287981590,99.1456805930
3619.3428133125,98.4422954939
3620.0568284661,95.9688686621
3620.7708436196,96.9738817102
3621.4848587732,96.7991611548
3622.1988739267,96.7983156366
3622.9128890802,98.0050986574
3623.6269042338,97.4912853760
3624.3409193873,97.4783954766
3625.0549345409,98.5429387280
3625.7689496944,97.7233932582
3626.4829648480,97.8590849511
3627.1969800015,99.8123281610
3627.9109951551,101.2366067923
3628.6250103086,100.9825551418
3629.3390254621,97.4646143116
3630.0530406157,96.0852031480
3630.7670557692,97.2511585955
3631.4810709228,97.6254406644
3632.1950860763,98.1679208577
3632.9091012299,99.3895008318
3633.6231163834,98.7600055232
3634.3371315369,97.7715215037
3635.0511466905,98.7192170528
3635.7651618440,99.5991435785
3636.4791769976,100.0393179855
3637.1931921511,99.6937929706
3637.9072073047,98.7199924564
3638.6212224582,98.4436931294
3639.3352376117,98.8372417840
3640.0492527653,99.0573537135
3640.7632679188,99.1631241054
3641.4772830724,99.3688605562
3642.1912982259,99.2715749872
3642.9053133795,98.8937596890
3643.6193285330,99.5270930478
3644.3333436866,99.9561094093
3645.0473588401,99.7441322702
3645.7613739936,101.5378291003
3646.4753891472,102.7970138153
3647.1894043007,99.2483891383
3647.9034194543,100.7774706976
3648.6174346078,103.3313267173
3649.3314497614,101.1003040996
3650.0454649149,101.1432980012
3650.7594800684,101.4421013167
3651.4734952220,98.2682970607
3652.1875103755,99.1369596380
3652.9015255291,100.6244350022
3653.6155406826,100.2283388476
3654.3295558362,100.5062282374
3655.0435709897,102.6798753330
3655.7575861433,103.2553146490
3656.4716012968,99.6942874832
3657.1856164503,99.4052903117
3657.8996316039,100.3807309794
3658.6136467574,100.2872010793
3659.3276619110,100.2067508554
3660.0416770645,100.5207532943
3660.7556922181,100.1417994080
3661.4697073716,100.1669474268
3662.1837225251,100.2362333693
3662.8977376787,100.0044169902
3663.6117528322,100.2388795792
3664.3257679858,99.8785618826
3665.0397831393,99.9025279672
3665.7537982929,100.3413049268
3666.4678134464,99.5219777151
3667.1818285999,100.6924779208
3667.8958437535,102.7549439057
3668.6098589070,100.4158576030
3669.3238740606,101.0606406301
3670.0378892141,104.1738265492
3670.7519043677,99.5435761777
3671.4659195212,98.0388814055
3672.1799346748,100.1502388055
3672.8939498283,100.5498807081
3673.6079649818,101.7447001311
3674.3219801354,104.4739768501
3675.0359952889,103.8073640017
3675.7500104425,100.3187989866
3676.4640255960,98.4385903001
3677.1780407496,98.0633462389
3677.8920559031,99.3984399319
3678.6060710566,100.0342655975
3679.3200862102,98.9544604536
3680.0341013637,98.2236183905
3680.7481165173,98.6177699169
3681.4621316708,98.6895518862
3682.1761468244,98.1947388559
3682.8901619779,98.3546040949
3683.6041771315,98.5830820567
3684.3181922850,98.1406555065
3685.0322074385,98.4940744756
3685.7462225921,98.5398238681
3686.4602377456,98.4922946792
3687.1742528992,101.2626593695
3687.8882680527,103.4111307698
3688.6022832063,96.3690458547
3689.3162983598,97.0819936133
3690.0303135133,100.0226224276
3690.7443286669,99.5317464452
3691.4583438204,96.3113197797
3692.1723589740,97.2261359443
3692.8863741275,98.1516861467
3693.6003892811,97.8705909752
3694.3144044346,97.6745500293
3695.0284195881,97.9560736261
3695.7424347417,98.1797214770
3696.4564498952,98.0466765144
3697.1704650488,97.5331972032
3697.8844802023,97.7126023601
3698.5984953559,98.2165667055
3699.3125105094,97.7164641262
3700.0265256630,98.1094472841
3700.7405408165,99.7316070015
3701.4545559700,98.9132025443
3702.1685711236,96.6433100022
3702.8825862771,97.1143026643
3703.5966014307,97.5714716849
3704.3106165842,97.5314107163
3705.0246317378,97.6551558614
3705.7386468913,97.8169067225
3706.4526620448,97.8219220427
3707.1666771984,97.7489675434
3707.8806923519,98.6215698575
3708.5947075055,100.2542716059
3709.3087226590,98.7497804550
3710.0227378126,97.1623037085
3710.7367529661,99.4659999561
3711.4507681197,101.7400192720
3712.1647832732,96.9697982881
3712.8787984267,96.0652862357
3713.5928135803,97.8768879879
3714.3068287338,97.9576916687
3715.0208438874,97.1023136411
3715.7348590409,97.5977297343
3716.4488741945,97.8651862952
3717.1628893480,97.8886704171
3717.8769045015,98.5928550672
3718.5909196551,98.4906759419
3719.3049348086,97.6093591101
3720.0189499622,97.6852394635
3720.7329651157,98.5082802962
3721.4469802693,99.4124246198
3722.1609954228,97.9112743487
3722.8750105763,96.6457586840
3723.5890257299,97.8881201080
3724.3030408834,98.3924914105
3725.0170560370,97.9585577429
3725.7310711905,98.6884244930
3726.4450863441,98.1620947016
3727.1591014976,96.8538879384
3727.8731166512,97.3003916991
3728.5871318047,97.9133182775
3729.3011469582,97.9978344867
3730.0151621118,97.9455264894
3730.7291772653,99.5190065028
3731.4431924189,101.8655084947
3732.1572075724,97.8686824613
3732.8712227260,96.9290513078
3733.5852378795,100.5762453434
3734.2992530330,100.8914939087
3735.0132681866,96.7620034609
3735.7272833401,99.1322844908
3736.4412984937,98.5012540860
3737.1553136472,97.2783752874
3737.8693288008,98.2733760277
3738.5833439543,97.3776552414
3739.2973591079,97.1378992273
3740.0113742614,98.4613255821
3740.7253894149,98.3888333829
3741.4394045685,97.6752822850
3742.1534197220,98.0381577216
3742.8674348756,100.1376612049
3743.5814500291,105.2813817975
3744.2954651827,100.8580577225
3745.0094803362,91.6050822920
3745.7234954897,97.0646582006
3746.4375106433,98.4703067958
3747.1515257968,97.6774335098
3747.8655409504,99.2296192008
3748.5795561039,103.6318468500
3749.2935712575,100.6285440126
3750.0075864110,95.8413909699
3750.7216015645,99.6241300407
3751.4356167181,103.3905418387
3752.1496318716,97.5455008797
3752.8636470252,96.3960300130
3753.5776621787,97.5335755024
3754.2916773323,97.4055285433
3755.0056924858,98.1959088609
3755.7197076394,99.3593895023
3756.4337227929,98.4110151420
3757.1477379464,97.4103035301
3757.8617531000,98.0756788578
3758.5757682535,99.4504954502
3759.2897834071,99.2135793073
3760.0037985606,97.3472913210
3760.7178137142,97.4703691203
3761.4318288677,97.7452882832
3762.1458440212,97.7746801811
3762.8598591748,97.8953691218
3763.5738743283,97.8087626794
3764.2878894819,98.8367557957
3765.0019046354,99.8019653571
3765.7159197890,97.5508372715
3766.4299349425,97.0966137694
3767.1439500961,97.8764528766
3767.8579652496,97.7001885328
3768.5719804031,99.1369583084
3769.2859955567,100.4710941559
3770.0000107102,97.1402364148
3770.7140258638,96.7277650133
3771.4280410173,97.7584294615
3772.1420561709,97.7172277931
3772.8560713244,97.6970821763
3773.5700864779,97.7874672472
3774.2841016315,97.8398703337
3774.9981167850,97.8537220282
3775.7121319386,97.7232225742
3776.4261470921,98.0623676017
3777.1401622457,98.0336586808
3777.8541773992,98.1997055719
3778.5681925528,99.5087248434
3779.2822077063,98.5248096297
3779.9962228598,96.3461412291
3780.7102380134,97.4880237533
3781.4242531669,98.1462315663
3782.1382683205,97.5172754855
3782.8522834740,98.0211605822
3783.5662986276,98.8954676995
3784.2803137811,98.3668836558
3784.9943289346,97.5651077969
3785.7083440882,97.5658175996
3786.4223592417,97.7633387943
3787.1363743953,97.5852013639
3787.8503895488,97.6639161596
3788.5644047024,97.8790673404
3789.2784198559,97.7385309573
3789.9924350094,97.7078293723
3790.7064501630,97.7070389395
3791.4204653165,97.6028848160
3792.1344804701,97.4992200421
3792.8484956236,97.6052133480
3793.5625107772,97.6564495854
3794.2765259307,97.7272262823
3794.9905410843,98.6040176453
3795.7045562378,99.6179455566
3796.4185713913,97.9971929962
3797.1325865449,96.7729192714
3797.8466016984,97.9176920091
3798.5606168520,97.7979348503
3799.2746320055,97.8369959723
3799.9886471591,100.5860285078
3800.7026623126,102.5026952822
3801.4166774661,98.4763783967
3802.1306926197,97.3178433842
3802.8447077732,97.3543119541
3803.5587229268,97.5060749676
3804.2727380803,97.5915311397
3804.9867532339,98.0044949072
3805.7007683874,100.3076925452
3806.4147835410,101.7685790601
3807.1287986945,97.0420877415
3807.8428138480,96.4166945932
3808.5568290016,97.6405443729
3809.2708441551,97.5290400530
3809.9848593087,97.4120493919
3810.6988744622,97.8901798091
3811.4128896158,97.5805971171
3812.1269047693,97.6456509194
3812.8409199228,98.1610455260
3813.5549350764,97.5747098854
3814.2689502299,98.3089218486
3814.9829653835,101.4841149121
3815.6969805370,101.1993406303
3816.4109956906,95.6130113351
3817.1250108441,96.9804815404
3817.8390259976,98.0441380343
3818.5530411512,98.0026110657
3819.2670563047,99.1819426375
3819.9810714583,101.1078119269
3820.6950866118,100.8699630214
3821.4091017654,97.8505172040
3822.1231169189,96.5725050821
3822.8371320725,97.3536526437
3823.5511472260,98.0483381820
3824.2651623795,97.5029718229
3824.9791775331,97.7330711827
3825.6931926866,98.8741270535
3826.4072078402,98.5785260458
3827.1212229937,97.5320148209
3827.8352381473,97.6234513754
3828.5492533008,97.6236079255
3829.2632684543,97.2927984440
3829.9772836079,98.1205289182
3830.6912987614,99.6941888653
3831.4053139150,98.9346861064
3832.1193290685,96.7733229935
3832.8333442221,97.1983857721
3833.5473593756,98.6531385308
3834.2613745292,99.8729845687
3834.9753896827,97.9777898881
3835.6894048362,96.8477080551
3836.4034199898,99.9507210150
3837.1174351433,103.0310415206
3837.8314502969,97.6814719881
3838.5454654504,96.8209624712
3839.2594806040,98.6624165725
3839.9734957575,99.0160961088
3840.6875109110,97.8096558855
3841.4015260646,96.7115733705
3842.1155412181,97.7963212740
3842.8295563717,99.5183656953
3843.5435715252,97.8109312105
3844.2575866788,96.2451210018
3844.9716018323,97.3818994137
3845.6856169858,97.5607573937
3846.3996321394,97.6586607368
3847.1136472929,97.7312853190
3847.8276624465,97.4786251716
3848.5416776000,98.5521706410
3849.2556927536,98.1817316945
3849.9697079071,97.1057096311
3850.6837230607,100.1475855232
3851.3977382142,102.3675060959
3852.1117533677,97.8518065615
3852.8257685213,101.0832424414
3853.5397836748,106.0937244732
3854.2537988284,92.9152199306
3854.9678139819,94.5148378447
3855.6818291355,97.6894556306
3856.3958442890,98.5016608125
3857.1098594425,97.0890181301
3857.8238745961,97.1261453369
3858.5378897496,98.0117579989
3859.2519049032,97.8954751226
3859.9659200567,98.0471637765
3860.6799352103,99.3227086885
3861.3939503638,99.0786242270
3862.1079655174,97.0739652683
3862.8219806709,97.6131486330
3863.5359958244,99.3815207859
3864.2500109780,100.2211325334
3864.9640261315,98.0469752739
3865.6780412851,96.5978427782
3866.3920564386,97.3032345583
3867.1060715922,97.8746164904
3867.8200867457,98.5153869418
3868.5341018992,100.7147986376
3869.2481170528,101.5516300856
3869.9621322063,96.9693787066
3870.6761473599,96.5349320920
3871.3901625134,96.8172415408
3872.1041776670,97.0656929681
3872.8181928205,98.9932255073
3873.5322079740,99.8802120663
3874.2462231276,97.1023742162
3874.9602382811,96.8034818617
3875.6742534347,97.4751501453
3876.3882685882,97.4783487537
3877.1022837418,97.5908530078
3877.8162988953,97.5852705003
3878.5303140489,98.2453908315
3879.2443292024,100.0596466127
3879.9583443559,99.7739317302
3880.6723595095,96.3029369070
3881.3863746630,96.4819392690
3882.1003898166,98.0682057955
3882.8144049701,98.0975125616
3883.5284201237,97.1698157891
3884.2424352772,99.0526053227
3884.9564504307,101.5280068856
3885.6704655843,98.2392587762
3886.3844807378,95.7380576530
3887.0984958914,97.0882514966
3887.8125110449,97.7840377265
3888.5265261985,97.6081459714
3889.2405413520,97.6678056318
3889.9545565056,99.1052252979
3890.6685716591,100.4883786410
3891.3825868126,97.4107417686
3892.0966019662,96.0979780516
3892.8106171197,97.7104124969
3893.5246322733,97.7696079187
3894.2386474268,97.1645069806
3894.9526625804,97.5782013717
3895.6666777339,97.7570142832
3896.3806928874,98.0734402016
3897.0947080410,97.9647212631
3897.8087231945,98.5499855757
3898.5227383481,100.6449802501
3899.2367535016,97.9611192282
3899.9507686552,96.0754682525
3900.6647838087,99.9366834563
3901.3787989623,100.3664736796
3902.0928141158,95.5258716133
3902.8068292693,98.6645239947
3903.5208444229,100.5368987690
3904.2348595764,97.1605638367
3904.9488747300,97.3973277729
3905.6628898835,97.9415038340
3906.3769050371,96.9617707630
3907.0909201906,97.3828437132
3907.8049353441,97.8013026039
3908.5189504977,97.6083080941
3909.2329656512,97.8388960651
3909.9469808048,97.8984347375
3910.6609959583,97.7276885125
3911.3750111119,97.7484744848
3912.0890262654,97.6621540356
3912.8030414189,97.5858791076
3913.5170565725,97.7343021033
3914.2310717260,97.7939256964
3914.9450868796,97.8247501392
3915.6591020331,98.4935946875
3916.3731171867,98.9607427690
3917.0871323402,97.4310058878
3917.8011474938,96.5739731463
3918.5151626473,97.7271144388
3919.2291778008,98.4635467211
3919.9431929544,97.5193231521
3920.6572081079,96.8583203554
3921.3712232615,97.3936845224
3922.0852384150,97.8883405277
3922.7992535686,97.7670813053
3923.5132687221,97.9523693667
3924.2272838756,98.3862850919
3924.9412990292,97.6708567914
3925.6553141827,96.9219446308
3926.3693293363,97.3361673515
3927.0833444898,97.7168309950
3927.7973596434,97.5943440054
3928.5113747969,97.7911331313
3929.2253899505,97.9271429773
3929.9394051040,97.3939872253
3930.6534202575,97.7131660422
3931.3674354111,98.6836716054
3932.0814505646,97.9224286644
3932.7954657182,96.8506411310
3933.5094808717,97.3966291168
3934.2234960253,97.3817186320
3934.9375111788,97.1012375388
3935.6515263323,97.5961629845
3936.3655414859,97.6324410742
3937.0795566394,97.4601958805
3937.7935717930,97.5456502662
3938.5075869465,97.3767040921
3939.2216021001,97.5548167709
3939.9356172536,97.5844060034
3940.6496324071,97.4050407970
3941.3636475607,98.2307922992
3942.0776627142,98.4456161787
3942.7916778678,97.0133737179
3943.5056930213,96.9364784484
3944.2197081749,97.4991377802
3944.9337233284,97.3181645838
3945.6477384820,97.3944623154
3946.3617536355,97.9351333866
3947.0757687890,97.8274495889
3947.7897839426,97.1804356590
3948.5037990961,97.4734108175
3949.2178142497,97.9614707027
3949.9318294032,97.2304009428
3950.6458445568,96.9082503490
3951.3598597103,97.6378045565
3952.0738748638,97.6670263511
3952.7878900174,97.3877640775
3953.5019051709,97.5387562377
3954.2159203245,97.5176731328
3954.9299354780,97.3887810993
3955.6439506316,97.3713819860
3956.3579657851,97.4028285681
3957.0719809387,97.4574918036
3957.7859960922,97.3515804737
3958.5000112457,97.4585179765
3959.2140263993,97.5306243267
3959.9280415528,97.3302011121
3960.6420567064,97.5226973687
3961.3560718599,97.3768428152
3962.0700870135,96.7782386182
3962.7841021670,97.1848247537
3963.4981173205,97.6165899441
3964.2121324741,97.2968082773
3964.9261476276,97.3165475832
3965.6401627812,97.4803812801
3966.3541779347,97.3751250688
3967.0681930883,97.4539977384
3967.7822082418,97.5592790463
3968.4962233953,97.4457493906
3969.2102385489,97.2214014519
3969.9242537024,97.1984609197
3970.6382688560,97.3698695384
3971.3522840095,97.2812989158
3972.0662991631,97.2218355207
3972.7803143166,97.3838397282
3973.4943294702,97.2709694779
3974.2083446237,97.2250142105
3974.9223597772,97.4241118942
3975.6363749308,97.3073825435
3976.3503900843,97.1210985081
3977.0644052379,97.2605955511
3977.7784203914,97.3917170717
3978.4924355450,97.3136989912
3979.2064506985,97.2838621189
3979.9204658520,97.3944162993
3980.6344810056,97.3981811624
3981.3484961591,97.3770532196
3982.0625113127,97.3793467363
3982.7765264662,97.2309508308
3983.4905416198,97.2928260829
3984.2045567733,97.4905508621
3984.9185719269,97.3477368681
3985.6325870804,97.2549414069
3986.3466022339,97.3470220930
3987.0606173875,97.3153443572
3987.7746325410,97.2954973491
3988.4886476946,97.3366640898
3989.2026628481,97.4582868093
3989.9166780017,97.4138053680
3990.6306931552,97.0635589425
3991.3447083087,97.1311334765
3992.0587234623,97.3628673297
3992.7727386158,97.2288101131
3993.4867537694,97.3687307948
3994.2007689229,97.4640240584
3994.9147840765,97.1759380083
3995.6287992300,97.2777387147
3996.3428143835,97.4012621298
3997.0568295371,97.2909397584
3997.7708446906,97.3898809394
3998.4848598442,97.3192305187
3999.1988749977,97.2386052351
3999.9128901513,97.4065651934