399.8484859844,66.1251265640
400.5625011380,74.8194256244
401.2765162915,76.9178291387
401.9905314450,70.4156408581
402.7045465986,79.7199745361
403.4185617521,85.9670888630
404.1325769057,82.2628805778
404.8465920592,77.6919585144
405.5606072128,70.1920824426
406.2746223663,72.9687192824
406.9886375199,77.3390934701
407.7026526734,77.3302197020
408.4166678269,84.6947953201
409.1306829805,83.6321594624
409.8446981340,74.5723217137
410.5587132876,76.8192868873
411.2727284411,77.1924080803
411.9867435947,69.7584794152
412.7007587482,67.3775190694
413.4147739017,74.3859390024
414.1287890553,77.1859747356
414.8428042088,67.7261693475
415.5568193624,73.9615266590
416.2708345159,87.1593165425
416.9848496695,76.7036192632
417.6988648230,69.2097659723
418.4128799766,83.1752817878
419.1268951301,73.0678159867
419.8409102836,66.1295203943
420.5549254372,73.7784820166
421.2689405907,76.8534305550
421.9829557443,78.3344713607
422.6969708978,76.6384216593
423.4109860514,76.6408196635
424.1250012049,76.4225907008
424.8390163584,69.9236588904
425.5530315120,69.5156267541
426.2670466655,72.2745926261
426.9810618191,71.1884680741
427.6950769726,74.5407269358
428.4090921262,72.8844591688
429.1231072797,72.8417551864
429.8371224332,79.5445327412
430.5511375868,73.7486811874
431.2651527403,68.7245028059
431.9791678939,76.9499408091
432.6931830474,77.5283906516
433.4071982010,77.2475794510
434.1212133545,80.8231965244
434.8352285081,75.8188001117
435.5492436616,72.5242728218
436.2632588151,73.5429066871
436.9772739687,73.7843376523
437.6912891222,76.4484790406
438.4053042758,76.7722840918
439.1193194293,74.8259621798
439.8333345829,75.3484654475
440.5473497364,75.0175055085
441.2613648899,74.6261814228
441.9753800435,73.2596697126
442.6893951970,71.1887433086
443.4034103506,72.2873033248
444.1174255041,72.0200360159
444.8314406577,72.2644285920
445.5454558112,75.1094376554
446.2594709648,74.5619109379
446.9734861183,73.8555459767
447.6875012718,76.3883298692
448.4015164254,75.5894039996
449.1155315789,72.7061533348
449.8295467325,70.6380967107
450.5435618860,70.9212883994
451.2575770396,74.0622926173
451.9715921931,73.4470863082
452.6856073466,70.2398597558
453.3996225002,71.8091705590
454.1136376537,73.6758582708
454.8276528073,73.4759776683
455.5416679608,73.6398426314
456.2556831144,74.2602319884
456.9696982679,75.5463722031
457.6837134214,74.4952533619
458.3977285750,71.7463309319
459.1117437285,72.5147003345
459.8257588821,72.4312801678
460.5397740356,73.2710612991
461.2537891892,76.6763109168
461.9678043427,76.5310108456
462.6818194963,73.5301448635
463.3958346498,73.2963175889
464.1098498033,73.6505548372
464.8238649569,72.9161282470
465.5378801104,72.0264615643
466.2518952640,71.7980498696
466.9659104175,72.4540265869
467.6799255711,72.7581451455
468.3939407246,72.8777178849
469.1079558781,72.9041439362
469.8219710317,72.3133935547
470.5359861852,72.8548677311
471.2500013388,73.7988982659
471.9640164923,73.8086622908
472.6780316459,74.4450116427
473.3920467994,73.8711650459
474.1060619530,72.2659198900
474.8200771065,73.1207514464
475.5340922600,74.5397392345
476.2481074136,73.9013509450
476.9621225671,73.3166155484
477.6761377207,72.2139772553
478.3901528742,71.9128193189
479.1041680278,73.5206416250
479.8181831813,72.6462963778
480.5321983348,71.8430000721
481.2462134884,73.6826488776
481.9602286419,72.5924755178
482.6742437955,71.3473472506
483.3882589490,72.5889900176
484.1022741026,71.9296975421
484.8162892561,71.8496047904
485.5303044097,72.5755533499
486.2443195632,71.0011005016
486.9583347167,71.4180524426
487.6723498703,72.6558242855
488.3863650238,71.5863738231
489.1003801774,72.0836520412
489.8143953309,72.5800444110
490.5284104845,71.2075540360
491.2424256380,71.1636256572
491.9564407915,71.6867490997
492.6704559451,72.0043056725
493.3844710986,72.5120368245
494.0984862522,72.3132247669
494.8125014057,72.2331072513
495.5265165593,72.1737619372
496.2405317128,71.9123333581
496.9545468663,72.0599575821
497.6685620199,71.7456925496
498.3825771734,71.8572044726
499.0965923270,71.9266179292
499.8106074805,71.0456057465
500.5246226341,71.8256908403
501.2386377876,72.2389368484
501.9526529412,70.3754469058
502.6666680947,70.4195849359
503.3806832482,71.1212333557
504.0946984018,71.4842036815
504.8087135553,72.4282977263
505.5227287089,71.1371683402
506.2367438624,70.3484115537
506.9507590160,71.7276636649
507.6647741695,71.1906450651
508.3787893230,70.9799945548
509.0928044766,71.5967232476
509.8068196301,70.8561067003
510.5208347837,71.4205112670
511.2348499372,72.0669881772
511.9488650908,70.8313671384
512.6628802443,70.3254676185
513.3768953979,70.3191959532
514.0909105514,70.4528450670
514.8049257049,70.8898950785
515.5189408585,70.5780906632
516.2329560120,70.8216608369
516.9469711656,70.5837753199
517.6609863191,69.4484948679
518.3750014727,70.6678916580
519.0890166262,71.5334096429
519.8030317797,70.2227683499
520.5170469333,70.4871728747
521.2310620868,71.1727462457
521.9450772404,70.9359009283
522.6590923939,70.7341903399
523.3731075475,70.2223079385
524.0871227010,70.4463702072
524.8011378545,71.1825844068
525.5151530081,70.6977109779
526.2291681616,70.0114816392
526.9431833152,69.8706730250
527.6571984687,69.5997510709
528.3712136223,70.1735405973
529.0852287758,70.6123765641
529.7992439294,70.0580182655
530.5132590829,70.0557500092
531.2272742364,70.4094505465
531.9412893900,70.0415712179
532.6553045435,69.4782960225
533.3693196971,69.3330632536
534.0833348506,69.6225670220
534.7973500042,69.9727685618
535.5113651577,69.6618330806
536.2253803112,69.0479062069
536.9393954648,69.1738487575
537.6534106183,69.3545889232
538.3674257719,69.0347311954
539.0814409254,69.0924854231
539.7954560790,69.1082414966
540.5094712325,68.6547853543
541.2234863861,68.8513349424
541.9375015396,69.1249156678
542.6515166931,68.6126528834
543.3655318467,68.4925353636
544.0795470002,68.8877331302
544.7935621538,68.7108007459
545.5075773073,68.3391945293
546.2215924609,68.5592536083
546.9356076144,68.7991014944
547.6496227679,68.4193288283
548.3636379215,68.3720342995
549.0776530750,68.9868389183
549.7916682286,69.0838334042
550.5056833821,68.8421554867
551.2196985357,69.1763816306
551.9337136892,69.7244374885
552.6477288427,70.1629639696
553.3617439963,70.1227113779
554.0757591498,69.6267791207
554.7897743034,69.7518490840
555.5037894569,70.3902716482
556.2178046105,70.6446366318
556.9318197640,70.6770445227
557.6458349176,70.9166154864
558.3598500711,71.4009623218
559.0738652246,71.7385358605
559.7878803782,72.0200957806
560.5018955317,72.7228737286
561.2159106853,73.0136216844
561.9299258388,72.6292578041
562.6439409924,72.9282080942
563.3579561459,73.6768289935
564.0719712994,73.6094476066
564.7859864530,73.2046927377
565.5000016065,73.5028660717
566.2140167601,73.9848902883
566.9280319136,73.7570784974
567.6420470672,73.5059203446
568.3560622207,73.8109311197
569.0700773743,73.8855070068
569.7840925278,74.0696454381
570.4981076813,74.6861624648
571.2121228349,74.6655025619
571.9261379884,74.1754221635
572.6401531420,74.1082773715
573.3541682955,74.1413886027
574.0681834491,74.2947875439
574.7821986026,74.5123989936
575.4962137561,74.3279141030
576.2102289097,74.0812150762
576.9242440632,74.1928600513
577.6382592168,74.2817084104
578.3522743703,74.2135652907
579.0662895239,74.1229833586
579.7803046774,74.0704818058
580.4943198309,74.1916721575
581.2083349845,74.5363848546
581.9223501380,74.5693407934
582.6363652916,74.1328838085
583.3503804451,73.9054338906
584.0643955987,74.0148550079
584.7784107522,74.0428010447
585.4924259058,74.0411843564
586.2064410593,74.2024955082
586.9204562128,74.4224306449
587.6344713664,74.2853459511
588.3484865199,73.8493617669
589.0625016735,73.7247224981
589.7765168270,73.8725167962
590.4905319806,74.0200129323
591.2045471341,74.0609989815
591.9185622876,73.6805550058
592.6325774412,73.5021631445
593.3465925947,73.7582744766
594.0606077483,73.7801839974
594.7746229018,73.9250674177
595.4886380554,74.0325671039
596.2026532089,73.3723491852
596.9166683625,73.0107811270
597.6306835160,73.3537945365
598.3446986695,73.3671026451
599.0587138231,73.0719051970
599.7727289766,72.8386906815
600.4867441302,72.6629934891
601.2007592837,72.5936663494
601.9147744373,72.7474578053
602.6287895908,72.9718583506
603.3428047443,72.5823659565
604.0568198979,72.0565604807
604.7708350514,72.1653102506
605.4848502050,72.0945846858
606.1988653585,71.8871839178
606.9128805121,71.9788319999
607.6268956656,71.8022778783
608.3409108192,71.9453036248
609.0549259727,72.2652310632
609.7689411262,71.7926703168
610.4829562798,71.6898124262
611.1969714333,72.1331167337
611.9109865869,72.0078724139
612.6250017404,72.1024493390
613.3390168940,72.5660495078
614.0530320475,72.5784000524
614.7670472010,72.5193332421
615.4810623546,72.5253514646
616.1950775081,72.5220093860
616.9090926617,72.6933167286
617.6231078152,72.7025265845
618.3371229688,72.7191959542
619.0511381223,73.0877918830
619.7651532758,73.3109558728
620.4791684294,73.1475234442
621.1931835829,72.9867642427
621.9071987365,73.0512515397
622.6212138900,73.2380185764
623.3352290436,73.3834993137
624.0492441971,73.3242768641
624.7632593507,73.0471545573
625.4772745042,72.9259257325
626.1912896577,73.1819908273
626.9053048113,73.4650943944
627.6193199648,73.5483141381
628.3333351184,73.5089771008
629.0473502719,73.5298148853
629.7613654255,73.7016153288
630.4753805790,73.8223319986
631.1893957325,73.7431285941
631.9034108861,73.6543659437
632.6174260396,73.7658875411
633.3314411932,73.8383939636
634.0454563467,73.6886249542
634.7594715003,73.7436836128
635.4734866538,73.9184707852
636.1875018074,73.9062471745
636.9015169609,74.2055671346
637.6155321144,74.3986273498
638.3295472680,74.0410424201
639.0435624215,74.0480649387
639.7575775751,74.1075886195
640.4715927286,73.9875376235
641.1856078822,74.4227720714
641.8996230357,74.4456405889
642.6136381892,74.0063120436
643.3276533428,74.3180662667
644.0416684963,74.4532202224
644.7556836499,74.2591177737
645.4696988034,74.4683214811
646.1837139570,74.3440580168
646.8977291105,74.2740609850
647.6117442640,74.6943459775
648.3257594176,74.7476169778
649.0397745711,74.6389132407
649.7537897247,74.6540215198
650.4678048782,74.7029788570
651.1818200318,74.8844350493
651.8958351853,74.7573051869
652.6098503389,74.6798980241
653.3238654924,74.9631095468
654.0378806459,74.9751954180
654.7518957995,75.0910788623
655.4659109530,75.3176010518
656.1799261066,75.0737583759
656.8939412601,74.9836289409
657.6079564137,75.1618104296
658.3219715672,75.2257208538
659.0359867207,75.3461984180
659.7500018743,75.4909201648
660.4640170278,75.6143891444
661.1780321814,75.5257804288
661.8920473349,75.3224165689
662.6060624885,75.4987861651
663.3200776420,75.5470062239
664.0340927956,75.5150651175
664.7481079491,75.6985242946
665.4621231026,75.3523093457
666.1761382562,75.4964827037
666.8901534097,76.7291318437
667.6041685633,78.2000023085
668.3181837168,72.8538784554
669.0321988704,74.9015053870
669.7462140239,75.7661158052
670.4602291774,75.5893050928
671.1742443310,75.3032426096
671.8882594845,75.4822795257
672.6022746381,75.6245213156
673.3162897916,75.4310179013
674.0303049452,75.4622992286
674.7443200987,75.5807731752
675.4583352522,75.5123343482
676.1723504058,75.7133830974
676.8863655593,75.7417109664
677.6003807129,75.5521182551
678.3143958664,75.7160401032
679.0284110200,75.6269806704
679.7424261735,75.4549301968
680.4564413271,75.6771109223
681.1704564806,75.5726317016
681.8844716341,75.5696269347
682.5984867877,76.0036890223
683.3125019412,75.9325555513
684.0265170948,75.6520323524
684.7405322483,75.8002270427
685.4545474019,75.9143617285
686.1685625554,75.7910526262
686.8825777089,75.7355630987
687.5965928625,75.7973280491
688.3106080160,75.6146942243
689.0246231696,75.4072690766
689.7386383231,75.6800590059
690.4526534767,75.8788392346
691.1666686302,75.7233084932
691.8806837838,75.6082157449
692.5946989373,75.6031338723
693.3087140908,75.8694645064
694.0227292444,76.1706308188
694.7367443979,76.1773282363
695.4507595515,76.1315958933
696.1647747050,75.9340943553
696.8787898586,75.9557232143
697.5928050121,76.4677225658
698.3068201656,76.6130527401
699.0208353192,76.5195782390
699.7348504727,76.6108309192
700.4488656263,76.6151223676
701.1628807798,76.7561281034
701.8768959334,76.7760978750
702.5909110869,76.7528401161
703.3049262404,77.3136573080
704.0189413940,77.4928778152
704.7329565475,77.2216289144
705.4469717011,77.4732859070
706.1609868546,77.5644778091
706.8750020082,77.5487772545
707.5890171617,77.9802333899
708.3030323153,78.1173209791
709.0170474688,78.0887564404
709.7310626223,78.2572360765
710.4450777759,78.3299395433
711.1590929294,78.4528067943
711.8731080830,78.4676355975
712.5871232365,78.4832123478
713.3011383901,78.7498601954
714.0151535436,78.7298854211
714.7291686971,78.7911878829
715.4431838507,79.1533819405
716.1571990042,79.0340847896
716.8712141578,78.9541902186
717.5852293113,79.3081888264
718.2992444649,79.3792962016
719.0132596184,79.3781057185
719.7272747720,79.4896363484
720.4412899255,79.4428246912
721.1553050790,79.6053119288
721.8693202326,79.8334840039
722.5833353861,79.7676899146
723.2973505397,79.8121936028
724.0113656932,80.1039853672
724.7253808468,80.3266703226
725.4393960003,80.5067256836
726.1534111538,80.6738438553
726.8674263074,80.6604874763
727.5814414609,80.6721694574
728.2954566145,80.9109374715
729.0094717680,81.1026445384
729.7234869216,81.1846343252
730.4375020751,81.3287831160
731.1515172287,81.4728923397
731.8655323822,81.6425725172
732.5795475357,81.8346706195
733.2935626893,81.9282718124
734.0075778428,82.0102942839
734.7215929964,82.1758357724
735.4356081499,82.4531764877
736.1496233035,82.7253953469
736.8636384570,82.8316305334
737.5776536105,82.9974916418
738.2916687641,83.2413740526
739.0056839176,83.3617979390
739.7196990712,83.5574227187
740.4337142247,83.7527197995
741.1477293783,83.7647955424
741.8617445318,83.9402885123
742.5757596853,84.2554878737
743.2897748389,84.3033276273
744.0037899924,84.2177329592
744.7178051460,84.3873284068
745.4318202995,84.6808440930
746.1458354531,84.8041082299
746.8598506066,84.9833537968
747.5738657602,85.2052305076
748.2878809137,85.0901649885
749.0018960672,85.0689208684
749.7159112208,85.4489429500
750.4299263743,85.6743515294
751.1439415279,85.6799450052
751.8579566814,85.7441542003
752.5719718350,85.8555430381
753.2859869885,86.0485682779
754.0000021420,86.1517199811
754.7140172956,86.0434830509
755.4280324491,85.9696689360
756.1420476027,86.0997666673
756.8560627562,86.4472678108
757.5700779098,86.6719611503
758.2840930633,86.4820804822
758.9981082169,86.3263116624
759.7121233704,86.4342412624
760.4261385239,86.5448808601
761.1401536775,86.5767104752
761.8541688310,86.4166743252
762.5681839846,86.2604776991
763.2821991381,86.4800412304
763.9962142917,86.7360111192
764.7102294452,86.6947345338
765.4242445987,86.6132199288
766.1382597523,86.6498397026
766.8522749058,86.6696165182
767.5662900594,86.6643976642
768.2803052129,86.8250447448
768.9943203665,86.9925893684
769.7083355200,86.9176913005
770.4223506735,87.0145298877
771.1363658271,87.3349090042
771.8503809806,87.3652484033
772.5643961342,87.3328361442
773.2784112877,87.4639315931
773.9924264413,87.4900459091
774.7064415948,87.6408636727
775.4204567484,87.9214720550
776.1344719019,87.8557613011
776.8484870554,87.7080530542
777.5625022090,87.9235818457
778.2765173625,88.1801098381
778.9905325161,88.0904990525
779.7045476696,87.8664722074
780.4185628232,87.9301633000
781.1325779767,88.2361862226
781.8465931302,88.4594387779
782.5606082838,88.5188134740
783.2746234373,88.5040969727
783.9886385909,88.5675918672
784.7026537444,88.6734341748
785.4166688980,88.5839029352
786.1306840515,88.5418004570
786.8446992051,88.7855098991
787.5587143586,88.8853941531
788.2727295121,88.9033835466
788.9867446657,89.2082357442
789.7007598192,89.3857434726
790.4147749728,89.2538802629
791.1287901263,89.1483946063
791.8428052799,89.1508025933
792.5568204334,89.4088456802
793.2708355869,89.6535460361
793.9848507405,89.4858006541
794.6988658940,89.4667729239
795.4128810476,89.6915525358
796.1268962011,89.7315706905
796.8409113547,89.8256980005
797.5549265082,89.7710791578
798.2689416617,89.5444789425
798.9829568153,89.7938128943
799.6969719688,90.0407842875
800.4109871224,89.9598400869
801.1250022759,89.9871057784
801.8390174295,89.8881871422
802.5530325830,89.9562945114
803.2670477366,90.2873690063
803.9810628901,90.0183641079
804.6950780436,89.7557135169
805.4090931972,90.0583030771
806.1231083507,90.1126956771
806.8371235043,90.0448850444
807.5511386578,90.0590566966
808.2651538114,89.8907046025
808.9791689649,89.9559851919
809.6931841184,90.1776292533
810.4071992720,90.2208057998
811.1212144255,90.2338660618
811.8352295791,90.1873945662
812.5492447326,90.2425935582
813.2632598862,90.3653800494
813.9772750397,90.3441457341
814.6912901933,90.4944441807
815.4053053468,90.6267251948
816.1193205003,90.6096055818
816.8333356539,90.8526896318
817.5473508074,90.9169216365
818.2613659610,90.7100864452
818.9753811145,90.7546482986
819.6893962681,90.7359991475
820.4034114216,90.6938058746
821.1174265751,90.8327630757
821.8314417287,90.6465342475
822.5454568822,90.4228047139
823.2594720358,90.6159217591
823.9734871893,90.7252594060
824.6875023429,90.5637914982
825.4015174964,90.4615873911
826.1155326499,90.5152020756
826.8295478035,90.6082628020
827.5435629570,90.6964097152
828.2575781106,90.7871454112
828.9715932641,90.7000324955
829.6856084177,90.5856201637
830.3996235712,90.8293840722
831.1136387248,91.0633684454
831.8276538783,90.9190353324
832.5416690318,90.8156975223
833.2556841854,90.9549436139
833.9696993389,91.0140365136
834.6837144925,90.9680961676
835.3977296460,91.1250637564
836.1117447996,91.2916972533
836.8257599531,91.1023906892
837.5397751066,90.9841529412
838.2537902602,91.1154581647
838.9678054137,91.0922812921
839.6818205673,91.1192717195
840.3958357208,91.2743557140
841.1098508744,91.2108252712
841.8238660279,91.1399300941
842.5378811815,91.1094257476
843.2518963350,90.9911117934
843.9659114885,91.0859227813
844.6799266421,91.2154392011
845.3939417956,91.0548572388
846.1079569492,90.8941233579
846.8219721027,90.9009348642
847.5359872563,90.9933107972
848.2500024098,91.1150469331
848.9640175633,91.1243586616
849.6780327169,90.9448251624
850.3920478704,90.6368415989
851.1060630240,90.4924570457
851.8200781775,90.6968939764
852.5340933311,90.8223038296
853.2481084846,90.6680944175
853.9621236381,90.6962226608
854.6761387917,90.8967664785
855.3901539452,90.9142910154
856.1041690988,90.9457328076
856.8181842523,91.0850347519
857.5321994059,91.1059534097
858.2462145594,91.1835341948
858.9602297130,91.3649544172
859.6742448665,91.4216962879
860.3882600200,91.5228807213
861.1022751736,91.6086360383
861.8162903271,91.5170188310
862.5303054807,91.6377302929
863.2443206342,91.7383330643
863.9583357878,91.4861776025
864.6723509413,91.5580338477
865.3863660948,91.9343875087
866.1003812484,92.0339699864
866.8143964019,92.0627975553
867.5284115555,91.9463894262
868.2424267090,91.6311449731
868.9564418626,91.6288804100
869.6704570161,91.7703439685
870.3844721697,91.7533341212
871.0984873232,91.7031158351
871.8125024767,91.5688988617
872.5265176303,91.5625765286
873.2405327838,91.7348537077
873.9545479374,91.6425257132
874.6685630909,91.4736083544
875.3825782445,91.4876507776
876.0965933980,91.4293729664
876.8106085515,91.4457367349
877.5246237051,91.5730214077
878.2386388586,91.4974808089
878.9526540122,91.4842115580
879.6666691657,91.6855339983
880.3806843193,91.7661174325
881.0946994728,91.7469677011
881.8087146264,91.6726164436
882.5227297799,91.5782865323
883.2367449334,91.7390696282
883.9507600870,91.8598245687
884.6647752405,91.7501105007
885.3787903941,91.8285001677
886.0928055476,91.8263338352
886.8068207012,91.6481227904
887.5208358547,91.8233038480
888.2348510082,91.8548502736
888.9488661618,91.5311684067
889.6628813153,91.5477733618
890.3768964689,91.6366659214
891.0909116224,91.6735831426
891.8049267760,91.9072793597
892.5189419295,91.7532594649
893.2329570830,91.4916510582
893.9469722366,91.7538699454
894.6609873901,91.9173230842
895.3750025437,91.7915013642
896.0890176972,91.6674446625
896.8030328508,91.5323854877
897.5170480043,91.6343973364
898.2310631579,91.8255866190
898.9450783114,91.7841547753
899.6590934649,91.6348272045
900.3731086185,91.4276238804
901.0871237720,91.4269548109
901.8011389256,91.5862729290
902.5151540791,91.4664573915
903.2291692327,91.4386728904
903.9431843862,91.5761665960
904.6571995397,91.4912834496
905.3712146933,91.5459675836
906.0852298468,91.6090600027
906.7992450004,91.3779179944
907.5132601539,91.3570241822
908.2272753075,91.4793916620
908.9412904610,91.5062578412
909.6553056146,91.6095565921
910.3693207681,91.5560839452
911.0833359216,91.4063582920
911.7973510752,91.4970553339
912.5113662287,91.5953633971
913.2253813823,91.4998401585
913.9393965358,91.3182395801
914.6534116894,91.2560462076
915.3674268429,91.3838632166
916.0814419964,91.4131193214
916.7954571500,91.3135331364
917.5094723035,91.2542967292
918.2234874571,91.1126910675
918.9375026106,91.0596838296
919.6515177642,91.2565229728
920.3655329177,91.2767824227
921.0795480712,91.0801134476
921.7935632248,91.0522828923
922.5075783783,91.0461793588
923.2215935319,90.9457577212
923.9356086854,91.0347320277
924.6496238390,91.1330329311
925.3636389925,91.0065466574
926.0776541461,91.0466843803
926.7916692996,91.2899657244
927.5056844531,91.3766302695
928.2196996067,91.4458237268
928.9337147602,91.6332703329
929.6477299138,91.8038969660
930.3617450673,91.9804761454
931.0757602209,92.1003069815
931.7897753744,92.0954382905
932.5037905279,92.1268602782
933.2178056815,92.3261255987
933.9318208350,92.6411852526
934.6458359886,92.8391643817
935.3598511421,92.9148357344
936.0738662957,93.0929397727
936.7878814492,93.2869415897
937.5018966028,93.4397976208
938.2159117563,93.5702421032
938.9299269098,93.5577856390
939.6439420634,93.6060261273
940.3579572169,93.8204071529
941.0719723705,94.0185579952
941.7859875240,94.1846674585
942.5000026776,94.2015102848
943.2140178311,94.1934942322
943.9280329846,94.3570241576
944.6420481382,94.3527498130
945.3560632917,94.3238769268
946.0700784453,94.5296549526
946.7840935988,94.5461183245
947.4981087524,94.5542453536
948.2121239059,94.8380027534
948.9261390594,94.9166056132
949.6401542130,94.8418849894
950.3541693665,95.0320567581
951.0681845201,95.3078754677
951.7821996736,95.3969143493
952.4962148272,95.3286211035
953.2102299807,95.2553602879
953.9242451343,95.2322571409
954.6382602878,95.2065688593
955.3522754413,95.0805578238
956.0662905949,95.0192112382
956.7803057484,95.3651577515
957.4943209020,95.4595904809
958.2083360555,94.7760003696
958.9223512091,94.3797537276
959.6363663626,94.3524695284
960.3503815161,93.9929819055
961.0643966697,93.9080045777
961.7784118232,94.1201058924
962.4924269768,93.9654602129
963.2064421303,93.8537942081
963.9204572839,93.8943136441
964.6344724374,93.8135423609
965.3484875910,93.8450545195
966.0625027445,93.8821692716
966.7765178980,93.7508417655
967.4905330516,93.4971954505
968.2045482051,93.2237527358
968.9185633587,93.0889624707
969.6325785122,92.7902243541
970.3465936658,92.3156248783
971.0606088193,92.0440742133
971.7746239728,91.7522337530
972.4886391264,91.4473036220
973.2026542799,91.2411946047
973.9166694335,90.7855819263
974.6306845870,90.3649279712
975.3446997406,90.2777447821
976.0587148941,90.1538153523
976.7727300476,89.9275376140
977.4867452012,89.6980596633
978.2007603547,89.5431795812
978.9147755083,89.5708849480
979.6287906618,89.5365105158
980.3428058154,89.3639139710
981.0568209689,89.2606408315
981.7708361225,89.2668948667
982.4848512760,89.3563033142
983.1988664295,89.3503433510
983.9128815831,89.1954090210
984.6268967366,89.0786904764
985.3409118902,88.9814982408
986.0549270437,88.9891587262
986.7689421973,89.0759026237
987.4829573508,88.8690949281
988.1969725043,88.5622750275
988.9109876579,88.4786067562
989.6250028114,88.3570337821
990.3390179650,88.1321338811
991.0530331185,87.9412871390
991.7670482721,87.7371754935
992.4810634256,87.5825729150
993.1950785792,87.5281156663
993.9090937327,87.4250452561
994.6231088862,87.2222550035
995.3371240398,87.0803576654
996.0511391933,87.0686486676
996.7651543469,87.0924432542
997.4791695004,87.1232931887
998.1931846540,87.0867764648
998.9071998075,86.9494625486
999.6212149610,86.8957768002
1000.3352301146,86.9541402898
1001.0492452681,87.0474395957
1001.7632604217,87.0974526257
1002.4772755752,86.9919473078
1003.1912907288,86.9803091824
1003.9053058823,87.1310905085
1004.6193210359,87.1183376648
1005.3333361894,87.0622163974
1006.0473513429,87.0342112662
1006.7613664965,86.9612768597
1007.4753816500,87.0875076652
1008.1893968036,87.1363844371
1008.9034119571,86.9450490104
1009.6174271107,86.9848381398
1010.3314422642,87.0405086237
1011.0454574177,86.9431676924
1011.7594725713,87.0170692470
1012.4734877248,86.9446818572
1013.1875028784,86.7023581290
1013.9015180319,86.7317449008
1014.6155331855,86.8050194692
1015.3295483390,86.7414273680
1016.0435634925,86.6652529306
1016.7575786461,86.5693051192
1017.4715937996,86.5686006306
1018.1856089532,86.6624377684
1018.8996241067,86.6907415217
1019.6136392603,86.6234985040
1020.3276544138,86.5658747926
1021.0416695674,86.6852882343
1021.7556847209,86.8102744532
1022.4696998744,86.7561318240
1023.1837150280,86.7388779449
1023.8977301815,86.7133310088
1024.6117453351,86.6097309229
1025.3257604886,86.6366930495
1026.0397756422,86.5834031496
1026.7537907957,86.2896611087
1027.4678059492,86.0609476178
1028.1818211028,85.9709123517
1028.8958362563,85.8704357140
1029.6098514099,85.6616813633
1030.3238665634,85.3338369548
1031.0378817170,85.0753060947
1031.7518968705,84.9703322271
1032.4659120241,84.8795604508
1033.1799271776,84.7365149160
1033.8939423311,84.5516719879
1034.6079574847,84.3808317609
1035.3219726382,84.3793953077
1036.0359877918,84.5708226902
1036.7500029453,84.6882015409
1037.4640180989,84.6047863821
1038.1780332524,84.6002226077
1038.8920484059,84.8178476601
1039.6060635595,85.0861375448
1040.3200787130,85.2537736281
1041.0340938666,85.2727921294
1041.7481090201,85.2871641441
1042.4621241737,85.3537663181
1043.1761393272,85.3540441612
1043.8901544807,85.4949786834
1044.6041696343,85.7604634508
1045.3181847878,85.7103556864
1046.0321999414,85.5755502368
1046.7462150949,85.7102703471
1047.4602302485,85.8367215485
1048.1742454020,85.9209233437
1048.8882605556,86.0643813501
1049.6022757091,86.0673931089
1050.3162908626,86.0695224051
1051.0303060162,86.2234039895
1051.7443211697,86.2008609899
1052.4583363233,86.0375491275
1053.1723514768,86.1480382290
1053.8863666304,86.3445042587
1054.6003817839,86.3031190696
1055.3143969374,86.2582164702
1056.0284120910,86.3301979753
1056.7424272445,86.3811490152
1057.4564423981,86.4286679232
1058.1704575516,86.4500445033
1058.8844727052,86.4562513706
1059.5984878587,86.4931868317
1060.3125030123,86.5021106963
1061.0265181658,86.5777947008
1061.7405333193,86.6420060926
1062.4545484729,86.5078906339
1063.1685636264,86.4738072444
1063.8825787800,86.6831818216
1064.5965939335,86.7828528220
1065.3106090871,86.6562712033
1066.0246242406,86.5808576344
1066.7386393941,86.7190929961
1067.4526545477,86.8849321323
1068.1666697012,87.0992015731
1068.8806848548,87.3718712560
1069.5947000083,87.2847018581
1070.3087151619,87.1889879112
1071.0227303154,87.5238862832
1071.7367454689,87.6912189415
1072.4507606225,87.7776883429
1073.1647757760,88.0227332789
1073.8787909296,87.9048380293
1074.5928060831,87.8720984176
1075.3068212367,88.1265938243
1076.0208363902,88.1137862747
1076.7348515438,88.1628127643
1077.4488666973,88.2992634711
1078.1628818508,88.3732823803
1078.8768970044,88.6680342384
1079.5909121579,88.7135470261
1080.3049273115,88.6183147126
1081.0189424650,88.8510973291
1081.7329576186,88.9388498101
1082.4469727721,89.0592465680
1083.1609879256,89.1871638895
1083.8750030792,88.9169335215
1084.5890182327,89.0830387475
1085.3030333863,89.5326080268
1086.0170485398,89.4614704358
1086.7310636934,89.4894948970
1087.4450788469,89.6191023241
1088.1590940005,89.5336678934
1088.8731091540,89.7396734806
1089.5871243075,90.0043558635
1090.3011394611,89.9304033075
1091.0151546146,89.7416097832
1091.7291697682,89.6625642094
1092.4431849217,89.7673550699
1093.1572000753,89.7668227729
1093.8712152288,89.5634297136
1094.5852303823,89.3699312243
1095.2992455359,89.1598624687
1096.0132606894,89.0467856526
1096.7272758430,89.0196095971
1097.4412909965,88.9309307007
1098.1553061501,88.8551384305
1098.8693213036,88.6648766810
1099.5833364571,88.5133997624
1100.2973516107,88.5824775525
1101.0113667642,88.4926940315
1101.7253819178,88.3303910177
1102.4393970713,88.2780411708
1103.1534122249,88.2139114823
1103.8674273784,88.2833733575
1104.5814425320,88.1969499834
1105.2954576855,87.9631307180
1106.0094728390,88.1924721323
1106.7234879926,88.4471412533
1107.4375031461,88.3563911978
1108.1515182997,88.3956486465
1108.8655334532,88.4657612072
1109.5795486068,88.4317998205
1110.2935637603,88.4943646927
1111.0075789138,88.6441227199
1111.7215940674,88.8030470292
1112.4356092209,88.8213405680
1113.1496243745,88.8502381327
1113.8636395280,88.9905223172
1114.5776546816,88.9809917294
1115.2916698351,89.0434282591
1116.0056849887,89.1698390402
1116.7197001422,89.1609334391
1117.4337152957,89.4452193395
1118.1477304493,89.6483054542
1118.8617456028,89.3645123285
1119.5757607564,89.3642235243
1120.2897759099,89.6024483224
1121.0037910635,89.6475096557
1121.7178062170,89.7903069476
1122.4318213705,89.8846538697
1123.1458365241,89.8372240439
1123.8598516776,89.9554616230
1124.5738668312,90.1676734032
1125.2878819847,90.3382716409
1126.0018971383,90.3665913012
1126.7159122918,90.3142720158
1127.4299274454,90.4779101193
1128.1439425989,90.7488628867
1128.8579577524,90.8198408050
1129.5719729060,90.6994516946
1130.2859880595,90.7025550099
1131.0000032131,90.9413634297
1131.7140183666,91.0355519471
1132.4280335202,90.9420888189
1133.1420486737,90.9742047170
1133.8560638272,91.0992258119
1134.5700789808,91.2320908986
1135.2840941343,91.2585706786
1135.9981092879,91.2265228570
1136.7121244414,91.3647903743
1137.4261395950,91.4249208943
1138.1401547485,91.3765029086
1138.8541699020,91.4565835641
1139.5681850556,91.4233564009
1140.2822002091,91.3460368066
1140.9962153627,91.4297610053
1141.7102305162,91.5155711256
1142.4242456698,91.5369674852
1143.1382608233,91.3859015302
1143.8522759769,91.2888436296
1144.5662911304,91.4346732321
1145.2803062839,91.4589756649
1145.9943214375,91.5390519518
1146.7083365910,91.6307466792
1147.4223517446,91.3698133737
1148.1363668981,91.4069487456
1148.8503820517,91.6288150155
1149.5643972052,91.4430165320
1150.2784123587,91.4595405908
1150.9924275123,91.5470292409
1151.7064426658,91.3129108569
1152.4204578194,91.2644601863
1153.1344729729,91.2138365235
1153.8484881265,91.0169219870
1154.5625032800,90.9433912062
1155.2765184336,90.8363926306
1155.9905335871,90.8232550596
1156.7045487406,90.7822868799
1157.4185638942,90.4644251708
1158.1325790477,90.3421276042
1158.8465942013,90.3735450828
1159.5606093548,90.2672739125
1160.2746245084,90.2039109495
1160.9886396619,90.0501193162
1161.7026548154,89.8481233258
1162.4166699690,89.8504811618
1163.1306851225,89.8719512760
1163.8447002761,89.8077033460
1164.5587154296,89.6451674919
1165.2727305832,89.3701099062
1165.9867457367,89.2016694175
1166.7007608902,89.2127546140
1167.4147760438,89.2164664082
1168.1287911973,89.0897779878
1168.8428063509,88.9281391710
1169.5568215044,88.7875593507
1170.2708366580,88.6126222049
1170.9848518115,88.5107274480
1171.6988669651,88.4210372043
1172.4128821186,88.3248422668
1173.1268972721,88.4612220042
1173.8409124257,88.5137877239
1174.5549275792,88.3326878183
1175.2689427328,88.3598840206
1175.9829578863,88.3950877402
1176.6969730399,88.3364889276
1177.4109881934,88.5045384827
1178.1250033469,88.5806059273
1178.8390185005,88.4356095629
1179.5530336540,88.3072123075
1180.2670488076,88.1587960681
1180.9810639611,88.1119513636
1181.6950791147,88.1052784224
1182.4090942682,87.9459792552
1183.1231094218,87.7692182033
1183.8371245753,87.6143391320
1184.5511397288,87.5643986350
1185.2651548824,87.5331580350
1185.9791700359,87.2236647035
1186.6931851895,86.9550117481
1187.4072003430,86.9281395697
1188.1212154966,86.8482898950
1188.8352306501,86.7358355485
1189.5492458036,86.5941981983
1190.2632609572,86.4286518366
1190.9772761107,86.3826800002
1191.6912912643,86.2971887062
1192.4053064178,86.1420078599
1193.1193215714,85.9941472407
1193.8333367249,85.8080567486
1194.5473518784,85.7615383081
1195.2613670320,85.8018095792
1195.9753821855,85.6563236576
1196.6893973391,85.3970994353
1197.4034124926,85.1901403765
1198.1174276462,85.0985360394
1198.8314427997,84.9918040100
1199.5454579533,84.7665030856
1200.2594731068,84.5808632060
1200.9734882603,84.4133095328
1201.6875034139,84.2692033875
1202.4015185674,84.1957338289
1203.1155337210,83.9376162979
1203.8295488745,83.6509938630
1204.5435640281,83.5567276704
1205.2575791816,83.3956092415
1205.9715943351,83.2566206654
1206.6856094887,83.1487894851
1207.3996246422,82.8446300048
1208.1136397958,82.6532067586
1208.8276549493,82.6060523715
1209.5416701029,82.4170658026
1210.2556852564,82.2067847569
1210.9697004100,81.9725316007
1211.6837155635,81.7383166476
1212.3977307170,81.6697011236
1213.1117458706,81.5817351563
1213.8257610241,81.4071297849
1214.5397761777,81.2462652784
1215.2537913312,81.0860788117
1215.9678064848,81.0276221549
1216.6818216383,81.0271877106
1217.3958367918,80.9131896906
1218.1098519454,80.7571581957
1218.8238670989,80.6824701201
1219.5378822525,80.6868869200
1220.2518974060,80.6612370102
1220.9659125596,80.5678167936
1221.6799277131,80.4919407610
1222.3939428666,80.4656831205
1223.1079580202,80.5890441365
1223.8219731737,80.7723608392
1224.5359883273,80.6876303839
1225.2500034808,80.5247381336
1225.9640186344,80.6143638471
1226.6780337879,80.7666692378
1227.3920489415,80.8688302768
1228.1060640950,80.9749333151
1228.8200792485,81.0519837039
1229.5340944021,81.1564253648
1230.2481095556,81.3135284621
1230.9621247092,81.4737948148
1231.6761398627,81.6127262312
1232.3901550163,81.7474253524
1233.1041701698,81.9367217387
1233.8181853233,82.1398342357
1234.5322004769,82.3321534319
1235.2462156304,82.5117562155
1235.9602307840,82.6417470217
1236.6742459375,82.8565121816
1237.3882610911,83.0945810205
1238.1022762446,83.2113173245
1238.8162913982,83.3973188968
1239.5303065517,83.5297062228
1240.2443217052,83.5394626125
1240.9583368588,83.7704910377
1241.6723520123,83.9511652538
1242.3863671659,83.8881731271
1243.1003823194,83.9776908420
1243.8143974730,84.0866291437
1244.5284126265,84.1100948393
1245.2424277800,84.2539874451
1245.9564429336,84.3203688357
1246.6704580871,84.3709511641
1247.3844732407,84.6209486681
1248.0984883942,84.8354041310
1248.8125035478,84.9722153129
1249.5265187013,85.1197729325
1250.2405338549,85.2206021778
1250.9545490084,85.3913608692
1251.6685641619,85.5498452186
1252.3825793155,85.4349020027
1253.0965944690,85.2754059609
1253.8106096226,85.3307536268
1254.5246247761,85.3422762339
1255.2386399297,85.1988316703
1255.9526550832,85.1293572049
1256.6666702367,85.0455705396
1257.3806853903,84.8936926677
1258.0947005438,84.9079501324
1258.8087156974,84.9653417339
1259.5227308509,84.8670770977
1260.2367460045,84.7426151821
1260.9507611580,84.6968017580
1261.6647763115,84.8000353592
1262.3787914651,84.9743280177
1263.0928066186,84.9742988920
1263.8068217722,84.8746272539
1264.5208369257,84.8753245127
1265.2348520793,84.9862334942
1265.9488672328,85.1018745502
1266.6628823864,85.0932871424
1267.3768975399,85.0825015021
1268.0909126934,85.1670951565
1268.8049278470,85.2263539921
1269.5189430005,85.3369550464
1270.2329581541,85.5107564012
1270.9469733076,85.5734622408
1271.6609884612,85.5601544480
1272.3750036147,85.5970440674
1273.0890187682,85.7997423091
1273.8030339218,86.0349188728
1274.5170490753,86.0287480099
1275.2310642289,85.9978274858
1275.9450793824,86.1228841946
1276.6590945360,86.2099097206
1277.3731096895,86.2688653994
1278.0871248431,86.2858004517
1278.8011399966,86.2452571802
1279.5151551501,86.3006771597
1280.2291703037,86.3942473565
1280.9431854572,86.4751996946
1281.6572006108,86.5071454964
1282.3712157643,86.4299734349
1283.0852309179,86.4605785995
1283.7992460714,86.5528180643
1284.5132612249,86.4956383538
1285.2272763785,86.4447255730
1285.9412915320,86.4528922375
1286.6553066856,86.4591723822
1287.3693218391,86.4137038613
1288.0833369927,86.2783373794
1288.7973521462,86.2904836044
1289.5113672997,86.3729903274
1290.2253824533,86.2821494439
1290.9393976068,86.2664586832
1291.6534127604,86.3389244676
1292.3674279139,86.2615594007
1293.0814430675,86.1658765877
1293.7954582210,86.1605491136
1294.5094733746,86.2115094943
1295.2234885281,86.2142406863
1295.9375036816,86.0773014289
1296.6515188352,85.9933084922
1297.3655339887,86.0445007341
1298.0795491423,86.0595919265
1298.7935642958,85.9870635352
1299.5075794494,85.8836096819
1300.2215946029,85.8401615803
1300.9356097564,85.8550544808
1301.6496249100,85.8652077830
1302.3636400635,85.8355574049
1303.0776552171,85.7363957322
1303.7916703706,85.7120682582
1304.5056855242,85.7897964091
1305.2197006777,85.7627904277
1305.9337158313,85.6995158634
1306.6477309848,85.7099022210
1307.3617461383,85.6994729984
1308.0757612919,85.6730569666
1308.7897764454,85.7032656757
1309.5037915990,85.7702300211
1310.2178067525,85.7304474950
1310.9318219061,85.6809358337
1311.6458370596,85.7531481605
1312.3598522131,85.6262391212
1313.0738673667,85.5203886611
1313.7878825202,85.6876241713
1314.5018976738,85.5651342851
1315.2159128273,85.5586165623
1315.9299279809,85.8457893371
1316.6439431344,85.5882638514
1317.3579582879,85.4750742744
1318.0719734415,85.7876958991
1318.7859885950,85.5012693103
1319.5000037486,85.4042587928
1320.2140189021,85.7397126008
1320.9280340557,85.5696666091
1321.6420492092,85.5635300437
1322.3560643628,85.7754576421
1323.0700795163,85.6503107399
1323.7840946698,85.6755017152
1324.4981098234,85.6662556726
1325.2121249769,85.5058903679
1325.9261401305,85.5883103896
1326.6401552840,85.5869098162
1327.3541704376,85.5056520044
1328.0681855911,85.4381451564
1328.7822007446,85.3354568065
1329.4962158982,85.4173273765
1330.2102310517,85.3559157796
1330.9242462053,85.2858350467
1331.6382613588,85.4136760695
1332.3522765124,85.2658188604
1333.0662916659,85.2974671013
1333.7803068195,85.4128562486
1334.4943219730,85.1749092584
1335.2083371265,85.3913100580
1335.9223522801,85.3956598405
1336.6363674336,84.8365844425
1337.3503825872,85.2169753811
1338.0643977407,85.3955825886
1338.7784128943,84.8271024619
1339.4924280478,84.9883700195
1340.2064432013,84.8749376380
1340.9204583549,84.6799371462
1341.6344735084,85.4062712925
1342.3484886620,85.5957041194
1343.0625038155,85.3908608648
1343.7765189691,85.6433355296
1344.4905341226,85.5661662620
1345.2045492761,85.4553975172
1345.9185644297,85.6524701289
1346.6325795832,85.5851917650
1347.3465947368,85.6339077830
1348.0606098903,85.7901902177
1348.7746250439,85.6396164857
1349.4886401974,85.5395514693
1350.2026553510,85.5817473278
1350.9166705045,85.6936957379
1351.6306856580,85.7980030719
1352.3447008116,85.6312432818
1353.0587159651,85.5852060437
1353.7727311187,85.7816001216
1354.4867462722,85.6668288324
1355.2007614258,85.5585299198
1355.9147765793,85.7552178737
1356.6287917328,85.6857055082
1357.3428068864,85.6167998606
1358.0568220399,85.7290700358
1358.7708371935,85.4720920168
1359.4848523470,85.5712706436
1360.1988675006,85.8151724662
1360.9128826541,84.8883748295
1361.6268978077,84.8333817805
1362.3409129612,85.5613458203
1363.0549281147,84.1589494035
1363.7689432683,83.6472761388
1364.4829584218,85.0887416445
1365.1969735754,85.1539009890
1365.9109887289,84.7119385758
1366.6250038825,85.1235415540
1367.3390190360,85.0506666188
1368.0530341895,85.0276797704
1368.7670493431,85.1400597961
1369.4810644966,85.0672325335
1370.1950796502,85.7328459957
1370.9090948037,85.9891185556
1371.6231099573,85.8299372807
1372.3371251108,86.6083128809
1373.0511402643,86.6538106541
1373.7651554179,85.6281574344
1374.4791705714,85.8373338433
1375.1931857250,86.0892469964
1375.9072008785,86.4275774863
1376.6212160321,87.0980651184
1377.3352311856,86.9551809155
1378.0492463392,86.7437537445
1378.7632614927,87.1259759617
1379.4772766462,87.2870262174
1380.1912917998,87.4671157661
1380.9053069533,87.5853971605
1381.6193221069,87.5377047304
1382.3333372604,87.6278436777
1383.0473524140,87.4412799182
1383.7613675675,87.2134819818
1384.4753827210,87.1844075427
1385.1893978746,86.9323387551
1385.9034130281,87.0506027748
1386.6174281817,87.3053336438
1387.3314433352,86.0746708274
1388.0454584888,85.2698860278
1388.7594736423,86.2479626571
1389.4734887959,86.5765066331
1390.1875039494,86.1539807561
1390.9015191029,86.4189385381
1391.6155342565,86.5552013246
1392.3295494100,86.1597228795
1393.0435645636,86.5320612353
1393.7575797171,86.7027500812
1394.4715948707,84.9938179990
1395.1856100242,84.2326995782
1395.8996251777,84.8665372935
1396.6136403313,84.9195417734
1397.3276554848,84.6697830712
1398.0416706384,84.7125789571
1398.7556857919,84.0607945811
1399.4697009455,82.7048192368
1400.1837160990,83.2099129852
1400.8977312526,83.8662377056
1401.6117464061,83.4566866413
1402.3257615596,83.0070050713
1403.0397767132,82.9292791202
1403.7537918667,82.9218122155
1404.4678070203,82.7815310291
1405.1818221738,81.5670895468
1405.8958373274,81.6459216212
1406.6098524809,82.5954179071
1407.3238676344,82.2333202385
1408.0378827880,81.9889412147
1408.7518979415,82.4520758405
1409.4659130951,81.9234485670
1410.1799282486,81.9505710619
1410.8939434022,82.2361715280
1411.6079585557,81.6351249281
1412.3219737092,81.9166068465
1413.0359888628,82.0165563999
1413.7500040163,81.7084617447
1414.4640191699,82.1948982485
1415.1780343234,81.8708809824
1415.8920494770,81.7815081737
1416.6060646305,82.1507583080
1417.3200797841,80.7549069708
1418.0340949376,81.6100470304
1418.7481100911,83.2072620225
1419.4621252447,77.5731400553
1420.1761403982,79.7114807255
1420.8901555518,82.0654248629
1421.6041707053,81.5140547736
1422.3181858589,81.5710204929
1423.0322010124,82.2700157571
1423.7462161659,80.5311326135
1424.4602313195,80.3673268553
1425.1742464730,81.3578794084
1425.8882616266,81.1871083963
1426.6022767801,81.1491145137
1427.3162919337,81.0003231184
1428.0303070872,80.6040936510
1428.7443222408,80.8222005307
1429.4583373943,80.5315380124
1430.1723525478,79.3431857588
1430.8863677014,79.4782333454
1431.6003828549,80.0036035822
1432.3143980085,79.5284165543
1433.0284131620,78.8872442858
1433.7424283156,79.0639365876
1434.4564434691,78.5784988433
1435.1704586226,78.5477750655
1435.8844737762,79.5204157522
1436.5984889297,76.0613802927
1437.3125040833,74.8634707814
1438.0265192368,77.5411946597
1438.7405343904,77.9958004489
1439.4545495439,77.4270107062
1440.1685646974,77.8583323108
1440.8825798510,77.8197758052
1441.5965950045,77.6260950211
1442.3106101581,77.8915570629
1443.0246253116,77.8675689791
1443.7386404652,77.9538702822
1444.4526556187,78.0845568017
1445.1666707723,77.8720074177
1445.8806859258,77.8637815900
1446.5947010793,78.5207506265
1447.3087162329,78.9711396689
1448.0227313864,77.6176255350
1448.7367465400,77.8044666604
1449.4507616935,79.2878116665
1450.1647768471,79.3708301568
1450.8787920006,79.3496558415
1451.5928071541,80.0617423039
1452.3068223077,79.4149257616
1453.0208374612,79.9137875983
1453.7348526148,81.2517249591
1454.4488677683,80.6541032451
1455.1628829219,80.7584864218
1455.8768980754,82.5016433286
1456.5909132290,80.2724302790
1457.3049283825,78.9522414150
1458.0189435360,81.3318827101
1458.7329586896,81.1511954031
1459.4469738431,81.2359254695
1460.1609889967,82.4808326906
1460.8750041502,83.0351498266
1461.5890193038,83.1854393847
1462.3030344573,83.2793092465
1463.0170496108,83.2332659890
1463.7310647644,83.8223734348
1464.4450799179,83.6304951802
1465.1590950715,80.4150877363
1465.8731102250,81.3984193710
1466.5871253786,82.7968835811
1467.3011405321,82.2583850482
1468.0151556856,82.1395601906
1468.7291708392,82.8982635226
1469.4431859927,82.1778397361
1470.1572011463,82.5016020567
1470.8712162998,83.8918733059
1471.5852314534,82.4716681004
1472.2992466069,81.3565385463
1473.0132617605,83.0506410151
1473.7272769140,80.8524574377
1474.4412920675,81.2040008851
1475.1553072211,83.1613656667
1475.8693223746,82.1195226389
1476.5833375282,79.2877518011
1477.2973526817,81.1013643067
1478.0113678353,81.7653602829
1478.7253829888,81.1052936632
1479.4393981423,81.0963309311
1480.1534132959,81.2358128147
1480.8674284494,80.5636422542
1481.5814436030,80.0763577776
1482.2954587565,80.3338682687
1483.0094739101,80.2697333765
1483.7234890636,79.9738686616
1484.4375042172,79.7959238481
1485.1515193707,79.2947681911
1485.8655345242,79.2647419804
1486.5795496778,79.3394957335
1487.2935648313,77.7164783498
1488.0075799849,77.4231783899
1488.7215951384,78.3103521391
1489.4356102920,77.5890266208
1490.1496254455,75.8363681952
1490.8636405990,76.0282386241
1491.5776557526,76.1955088700
1492.2916709061,76.6164639178
1493.0056860597,76.8647570859
1493.7197012132,76.0488270210
1494.4337163668,75.6809317703
1495.1477315203,76.4400467619
1495.8617466738,75.8107642578
1496.5757618274,72.0817545474
1497.2897769809,74.0479247336
1498.0037921345,75.6289249789
1498.7178072880,73.2791702720
1499.4318224416,72.1747280923
1500.1458375951,73.9861203577
1500.8598527487,73.8061029369
1501.5738679022,72.7193171345
1502.2878830557,73.0717278879
1503.0018982093,72.6644690955
1503.7159133628,72.5068746429
1504.4299285164,73.2595373390
1505.1439436699,72.5768798734
1505.8579588235,70.3083541211
1506.5719739770,70.4664373550
1507.2859891305,68.5130208373
1508.0000042841,68.8463329127
1508.7140194376,70.2808499814
1509.4280345912,70.0916103878
1510.1420497447,69.3987326315
1510.8560648983,70.5052723366
1511.5700800518,71.3154423735
1512.2840952054,69.5089650852
1512.9981103589,69.2463651619
1513.7121255124,70.8176618895
1514.4261406660,70.6594257226
1515.1401558195,69.4401956137
1515.8541709731,70.6097512868
1516.5681861266,70.8997261120
1517.2822012802,68.1343986581
1517.9962164337,69.6064675392
1518.7102315872,71.0917237105
1519.4242467408,71.7157644896
1520.1382618943,71.5664275796
1520.8522770479,69.5032022180
1521.5662922014,69.9927570910
1522.2803073550,70.8620762761
1522.9943225085,69.9752779115
1523.7083376621,71.1598566936
1524.4223528156,72.6034335343
1525.1363679691,71.1907919587
1525.8503831227,70.3264090959
1526.5643982762,72.0817416654
1527.2784134298,71.9863727514
1527.9924285833,71.3919215548
1528.7064437369,72.0247574938
1529.4204588904,72.0319599438
1530.1344740439,72.7056976867
1530.8484891975,73.2440119657
1531.5625043510,72.2441233620
1532.2765195046,72.9842456470
1532.9905346581,74.0378931605
1533.7045498117,70.5670944269
1534.4185649652,71.6190713755
1535.1325801187,73.5646850126
1535.8465952723,73.5537295967
1536.5606104258,73.5561160730
1537.2746255794,74.2948247005
1537.9886407329,74.6028712551
1538.7026558865,74.4860307914
1539.4166710400,71.8186474890
1540.1306861936,71.2497231296
1540.8447013471,73.7521198926
1541.5587165006,74.9560889994
1542.2727316542,73.1901176651
1542.9867468077,73.1405032309
1543.7007619613,74.8528075636
1544.4147771148,75.9054496104
1545.1287922684,74.1019939659
1545.8428074219,73.9626151170
1546.5568225754,75.7986581227
1547.2708377290,76.1946892048
1547.9848528825,75.7103814209
1548.6988680361,76.6505069199
1549.4128831896,76.7386952351
1550.1268983432,74.5713323067
1550.8409134967,76.0408787267
1551.5549286503,77.1659154849
1552.2689438038,76.6895817845
1552.9829589573,77.5786257340
1553.6969741109,78.4936811095
1554.4109892644,74.9076045756
1555.1250044180,75.9459632294
1555.8390195715,77.8099660136
1556.5530347251,78.4975050814
1557.2670498786,79.0033607032
1557.9810650321,74.7749274040
1558.6950801857,74.7495246814
1559.4090953392,78.3315585943
1560.1231104928,73.4445428529
1560.8371256463,75.7292619897
1561.5511407999,78.8247224711
1562.2651559534,79.3100011279
1562.9791711069,78.8238391024
1563.6931862605,80.0030851616
1564.4072014140,79.8942481946
1565.1212165676,78.6737347521
1565.8352317211,79.6621513121
1566.5492468747,80.2775252355
1567.2632620282,80.2086166527
1567.9772771818,80.6572212581
1568.6912923353,81.3177728269
1569.4053074888,80.0630579340
1570.1193226424,78.5181837000
1570.8333377959,80.5639157810
1571.5473529495,81.4610971140
1572.2613681030,80.8642101992
1572.9753832566,81.4158566892
1573.6893984101,81.4771896666
1574.4034135636,81.1668579046
1575.1174287172,82.9345300794
1575.8314438707,82.7760809700
1576.5454590243,76.8347329642
1577.2594741778,80.4859987366
1577.9734893314,81.6740561707
1578.6875044849,81.2142136402
1579.4015196385,81.6990185667
1580.1155347920,81.7114209271
1580.8295499455,81.4329201050
1581.5435650991,81.5897900478
1582.2575802526,81.2512470972
1582.9715954062,81.1343114977
1583.6856105597,81.0307263127
1584.3996257133,80.7971814654
1585.1136408668,80.8769544525
1585.8276560203,80.5255907454
1586.5416711739,80.3418072879
1587.2556863274,80.2652390908
1587.9697014810,79.7116333687
1588.6837166345,79.6858634111
1589.3977317881,79.4120256109
1590.1117469416,78.7595878092
1590.8257620951,78.7968605498
1591.5397772487,78.4070691971
1592.2537924022,77.9487905583
1592.9678075558,78.0149878982
1593.6818227093,77.5420072641
1594.3958378629,76.9920622954
1595.1098530164,76.7385892734
1595.8238681700,76.5422828671
1596.5378833235,76.3947773498
1597.2518984770,75.9008874120
1597.9659136306,75.6549219328
1598.6799287841,75.3682819876
1599.3939439377,74.7736797789
1600.1079590912,74.7819584808
1600.8219742448,74.3210121933
1601.5359893983,73.5861833833
1602.2500045518,73.6391388814
1602.9640197054,72.9582576318
1603.6780348589,72.3247294829
1604.3920500125,72.3104804040
1605.1060651660,71.6133311340
1605.8200803196,71.4890518139
1606.5340954731,71.3706583701
1607.2481106267,70.3294968827
1607.9621257802,70.3622434788
1608.6761409337,70.3213505147
1609.3901560873,69.4333082250
1610.1041712408,69.2650934293
1610.8181863944,69.2172664375
1611.5322015479,69.0419191413
1612.2462167015,68.7381712711
1612.9602318550,68.4676057865
1613.6742470085,68.6372421125
1614.3882621621,68.1088676151
1615.1022773156,68.1196822161
1615.8162924692,69.3412981839
1616.5303076227,67.0174862349
1617.2443227763,64.7465923759
1617.9583379298,67.4345740758
1618.6723530833,67.9999595069
1619.3863682369,67.5578342084
1620.1003833904,68.1097434987
1620.8143985440,68.1724596583
1621.5284136975,67.9827808603
1622.2424288511,68.8613007061
1622.9564440046,68.9537940965
1623.6704591582,66.9169648054
1624.3844743117,68.2721130108
1625.0984894652,69.5677670469
1625.8125046188,69.5267667333
1626.5265197723,70.1827663106
1627.2405349259,70.9855281645
1627.9545500794,69.7834344397
1628.6685652330,70.3031862690
1629.3825803865,71.5128793443
1630.0965955400,71.6012390841
1630.8106106936,71.9247451214
1631.5246258471,72.5260944503
1632.2386410007,72.7794361229
1632.9526561542,73.0535113709
1633.6666713078,73.6563232626
1634.3806864613,75.0270533897
1635.0947016149,74.0184314460
1635.8087167684,69.4501097429
1636.5227319219,74.0464078349
1637.2367470755,75.3356936682
1637.9507622290,74.0662072416
1638.6647773826,75.7364919023
1639.3787925361,76.6978854392
1640.0928076897,75.9511654975
1640.8068228432,76.7530452490
1641.5208379967,77.0874453445
1642.2348531503,76.9344721622
1642.9488683038,77.7735542676
1643.6628834574,77.5240213344
1644.3768986109,78.1106451804
1645.0909137645,79.7275364429
1645.8049289180,77.5850734878
1646.5189440715,76.9925185251
1647.2329592251,79.0032639696
1647.9469743786,77.6663312211
1648.6609895322,78.0130411711
1649.3750046857,79.7640631783
1650.0890198393,79.8450254795
1650.8030349928,80.0654357525
1651.5170501464,81.5356917950
1652.2310652999,82.0553423149
1652.9450804534,72.7920819865
1653.6590956070,77.9576758412
1654.3731107605,78.8212457176
1655.0871259141,79.6747924802
1655.8011410676,81.4486395196
1656.5151562212,82.1415951134
1657.2291713747,81.8575058063
1657.9431865282,82.4685372936
1658.6572016818,82.8414483126
1659.3712168353,82.8157116763
1660.0852319889,83.2645477206
1660.7992471424,83.1222496535
1661.5132622960,83.6527926453
1662.2272774495,84.5226731128
1662.9412926031,82.1207526792
1663.6553077566,83.0370612412
1664.3693229101,84.8686720581
1665.0833380637,84.4287807728
1665.7973532172,84.6756096845
1666.5113683708,85.5373692258
1667.2253835243,84.8335903672
1667.9393986779,85.8135880657
1668.6534138314,86.4151987996
1669.3674289849,81.8894858103
1670.0814441385,85.0360791323
1670.7954592920,86.6640913899
1671.5094744456,84.9574545634
1672.2234895991,85.5888213517
1672.9375047527,86.4889018758
1673.6515199062,86.8593507839
1674.3655350598,88.2790697335
1675.0795502133,86.6431374859
1675.7935653668,83.8779512155
1676.5075805204,87.1012895540
1677.2215956739,88.1571758260
1677.9356108275,87.5753768087
1678.6496259810,88.1880407960
1679.3636411346,88.7239411867
1680.0776562881,87.7833049077
1680.7916714416,87.6602474023
1681.5056865952,88.8901817129
1682.2197017487,89.7014866361
1682.9337169023,89.1487272256
1683.6477320558,88.1770331957
1684.3617472094,87.1315897359
1685.0757623629,85.6324672673
1685.7897775164,87.9447716339
1686.5037926700,89.9325171512
1687.2178078235,90.4614448061
1687.9318229771,89.4727255770
1688.6458381306,89.5806797716
1689.3598532842,90.2320252716
1690.0738684377,90.0103320577
1690.7878835913,90.1389844463
1691.5018987448,90.7608869203
1692.2159138983,90.9008852579
1692.9299290519,90.7081871497
1693.6439442054,90.5073176349
1694.3579593590,91.2512927089
1695.0719745125,92.5585815156
1695.7859896661,85.9873981553
1696.5000048196,87.4509670179
1697.2140199731,90.2592407049
1697.9280351267,89.8850310646
1698.6420502802,90.3008658103
1699.3560654338,92.8750297040
1700.0700805873,75.7213013205
1700.7840957409,83.2524729672
1701.4981108944,90.0396989206
1702.2121260480,91.2041603948
1702.9261412015,92.5078634876
1703.6401563550,93.3925403404
1704.3541715086,92.0946708236
1705.0681866621,93.3875050252
1705.7822018157,94.9993632192
1706.4962169692,93.6048988441
1707.2102321228,93.9846414676
1707.9242472763,95.6474232067
1708.6382624298,96.0102597800
1709.3522775834,96.0116337923
1710.0662927369,96.0021401515
1710.7803078905,95.8421070495
1711.4943230440,96.6466198404
1712.2083381976,97.0187041961
1712.9223533511,96.5480996403
1713.6363685046,96.9546213747
1714.3503836582,96.9294313159
1715.0643988117,95.1345714314
1715.7784139653,96.2651453324
1716.4924291188,97.8471753516
1717.2064442724,97.0290824231
1717.9204594259,94.2177987952
1718.6344745795,94.9407042003
1719.3484897330,95.9200501229
1720.0625048865,97.1935784748
1720.7765200401,97.7057742594
1721.4905351936,97.0570520845
1722.2045503472,97.4468910354
1722.9185655007,97.7067421853
1723.6325806543,96.6656110777
1724.3465958078,97.2544789300
1725.0606109613,97.8715772091
1725.7746261149,97.3832038571
1726.4886412684,97.7243101289
1727.2026564220,97.7096587823
1727.9166715755,97.3146297569
1728.6306867291,98.0972054433
1729.3447018826,97.8477422676
1730.0587170362,96.1610802805
1730.7727321897,96.7713902978
1731.4867473432,97.7018019381
1732.2007624968,98.0211483997
1732.9147776503,97.8464063198
1733.6287928039,96.7802590147
1734.3428079574,94.6620406744
1735.0568231110,94.6812153489
1735.7708382645,96.8319830218
1736.4848534180,98.2418291093
1737.1988685716,97.5066201760
1737.9128837251,97.3682639445
1738.6268988787,98.6031440134
1739.3409140322,97.8934996036
1740.0549291858,95.7104284717
1740.7689443393,96.9273729082
1741.4829594928,98.0219035991
1742.1969746464,98.2749195147
1742.9109897999,97.3072258916
1743.6250049535,96.8680904391
1744.3390201070,97.6321772475
1745.0530352606,97.9928769849
1745.7670504141,98.2253510305
1746.4810655677,97.8712388935
1747.1950807212,97.4063025251
1747.9090958747,98.1837710911
1748.6231110283,97.1987988227
1749.3371261818,96.3611271587
1750.0511413354,98.5650777514
1750.7651564889,98.7149337088
1751.4791716425,94.5913268411
1752.1931867960,97.0543245932
1752.9072019495,98.4870584372
1753.6212171031,98.1998407825
1754.3352322566,98.2918007861
1755.0492474102,98.5591928134
1755.7632625637,98.7514220634
1756.4772777173,98.2659935411
1757.1912928708,96.8422478224
1757.9053080244,97.9020465831
1758.6193231779,98.8063104053
1759.3333383314,97.9802476729
1760.0473534850,98.3276983581
1760.7613686385,99.2516994619
1761.4753837921,97.7066973955
1762.1893989456,96.4775056630
1762.9034140992,98.0071856210
1763.6174292527,98.5323095721
1764.3314444062,98.2313180263
1765.0454595598,98.4536762828
1765.7594747133,98.5018920874
1766.4734898669,98.3723037669
1767.1875050204,99.0187417482
1767.9015201740,98.2725980272
1768.6155353275,96.1643243683
1769.3295504810,98.1083166988
1770.0435656346,99.3115514488
1770.7575807881,97.7403442679
1771.4715959417,97.8811369057
1772.1856110952,98.6863084308
1772.8996262488,95.7982066053
1773.6136414023,97.2000954729
1774.3276565559,98.7636899363
1775.0416717094,98.3345863617
1775.7556868629,97.7019613387
1776.4697020165,98.1126293876
1777.1837171700,98.5656798297
1777.8977323236,98.6034107297
1778.6117474771,98.1524365526
1779.3257626307,98.5797830596
1780.0397777842,98.6363904280
1780.7537929377,97.1265079979
1781.4678080913,97.7254199651
1782.1818232448,98.5404100079
1782.8958383984,98.2755014046
1783.6098535519,98.8672834580
1784.3238687055,98.6830793292
1785.0378838590,97.0920232405
1785.7518990126,97.9164207838
1786.4659141661,98.5481778814
1787.1799293196,98.3072933283
1787.8939444732,98.4404559250
1788.6079596267,98.1247964496
1789.3219747803,98.4072729809
1790.0359899338,98.7620136382
1790.7500050874,97.4242973171
1791.4640202409,98.0084789720
1792.1780353944,98.9327248457
1792.8920505480,95.9868762394
1793.6060657015,97.0078916537
1794.3200808551,98.7602650704
1795.0340960086,98.2947554945
1795.7481111622,97.8097881537
1796.4621263157,98.1266417414
1797.1761414693,97.9093597283
1797.8901566228,98.5082575765
1798.6041717763,98.7957623987
1799.3181869299,97.6089624007
1800.0322020834,97.4742860098
1800.7462172370,98.2296863255
1801.4602323905,98.1918658691
1802.1742475441,97.6450683935
1802.8882626976,97.7091758328
1803.6022778511,98.3119953615
1804.3162930047,98.4972682923
1805.0303081582,98.2434600823
1805.7443233118,98.2780364846
1806.4583384653,98.4064878663
1807.1723536189,98.3163657221
1807.8863687724,97.9954697465
1808.6003839259,98.0331687270
1809.3143990795,98.6210948658
1810.0284142330,98.3968010286
1810.7424293866,97.4268467904
1811.4564445401,97.9227003753
1812.1704596937,98.3362706295
1812.8844748472,97.9841189076
1813.5984900008,98.2697884570
1814.3125051543,98.5356811794
1815.0265203078,98.3111411203
1815.7405354614,98.4845282456
1816.4545506149,98.5030645687
1817.1685657685,98.0778038071
1817.8825809220,98.0361691725
1818.5965960756,98.1540444885
1819.3106112291,98.2409473826
1820.0246263826,98.2831559396
1820.7386415362,98.1635136085
1821.4526566897,98.3423233779
1822.1666718433,98.3797421310
1822.8806869968,97.8987782999
1823.5947021504,98.2979712898
1824.3087173039,98.8900958124
1825.0227324575,97.4431625977
1825.7367476110,96.6370316619
1826.4507627645,98.1292508090
1827.1647779181,98.4803664487
1827.8787930716,97.9558861758
1828.5928082252,98.4776231570
1829.3068233787,98.2776615209
1830.0208385323,96.4615134905
1830.7348536858,97.2247414364
1831.4488688393,98.2741767233
1832.1628839929,98.2618115456
1832.8768991464,98.1337573734
1833.5909143000,98.2361381623
1834.3049294535,98.3019873174
1835.0189446071,98.3567315444
1835.7329597606,98.4110462075
1836.4469749141,98.3926420224
1837.1609900677,97.8541579177
1837.8750052212,97.6293230752
1838.5890203748,98.3774856604
1839.3030355283,98.3970707364
1840.0170506819,98.0020594694
1840.7310658354,98.6064208591
1841.4450809890,98.3472495573
1842.1590961425,97.6054748756
1842.8731112960,98.7237859677
1843.5871264496,99.0407350864
1844.3011416031,95.7232096582
1845.0151567567,96.5340238315
1845.7291719102,98.0282489323
1846.4431870638,98.3025060858
1847.1572022173,98.1538181392
1847.8712173708,97.8289449543
1848.5852325244,97.8308396755
1849.2992476779,98.3686753294
1850.0132628315,98.3897907981
1850.7272779850,98.1688194592
1851.4412931386,98.3156206977
1852.1553082921,98.3501258746
1852.8693234457,98.3412130589
1853.5833385992,98.3143088512
1854.2973537527,98.2399223810
1855.0113689063,98.3855393047
1855.7253840598,98.3172955498
1856.4393992134,98.1774874239
1857.1534143669,98.3895516143
1857.8674295205,98.3039010985
1858.5814446740,98.0019546722
1859.2954598275,98.0814272846
1860.0094749811,98.1831846442
1860.7234901346,98.1185871999
1861.4375052882,98.0968667453
1862.1515204417,98.1959633088
1862.8655355953,98.2034536741
1863.5795507488,98.0622568108
1864.2935659023,98.1617696962
1865.0075810559,98.2467382376
1865.7215962094,98.1380178178
1866.4356113630,98.2480620946
1867.1496265165,98.1307093775
1867.8636416701,97.8534012361
1868.5776568236,97.7281131384
1869.2916719772,96.9027372848
1870.0056871307,97.0535623336
1870.7197022842,98.0961438150
1871.4337174378,98.1547581121
1872.1477325913,97.9628971176
1872.8617477449,98.3324748486
1873.5757628984,98.1828045591
1874.2897780520,98.0487238943
1875.0037932055,98.2592804586
1875.7178083590,98.1157389706
1876.4318235126,98.0992012363
1877.1458386661,98.1414926603
1877.8598538197,98.1118402436
1878.5738689732,98.2827955992
1879.2878841268,98.1553624836
1880.0018992803,98.1233147051
1880.7159144339,98.3313825196
1881.4299295874,98.1119657654
1882.1439447409,98.1290519067
1882.8579598945,98.3819423057
1883.5719750480,98.2773411206
1884.2859902016,98.1605837102
1885.0000053551,97.9694632113
1885.7140205087,98.0901780203
1886.4280356622,98.2646833699
1887.1420508157,97.7538053020
1887.8560659693,98.1379728958
1888.5700811228,98.8219663553
1889.2840962764,97.6034761988
1889.9981114299,97.0935432457
1890.7121265835,98.1155622768
1891.4261417370,98.0661376811
1892.1401568905,97.9475671004
1892.8541720441,98.2593436601
1893.5681871976,98.1733677721
1894.2822023512,98.2086384267
1894.9962175047,97.9091286647
1895.7102326583,97.6325160060
1896.4242478118,98.3058208609
1897.1382629654,98.4205225864
1897.8522781189,98.0238208365
1898.5662932724,98.2820426266
1899.2803084260,98.3138345875
1899.9943235795,98.2139608408
1900.7083387331,98.4568963956
1901.4223538866,98.2052478732
1902.1363690402,97.9356394503
1902.8503841937,98.1428344958
1903.5643993472,98.0771347485
1904.2784145008,97.9637116684
1904.9924296543,98.0799370066
1905.7064448079,98.0723859054
1906.4204599614,98.0698499237
1907.1344751150,97.9714400432
1907.8484902685,97.8729519510
1908.5625054221,98.1560500232
1909.2765205756,98.0493764607
1909.9905357291,97.6273234203
1910.7045508827,98.0226372494
1911.4185660362,98.2141350012
1912.1325811898,97.7440638717
1912.8465963433,97.7558839484
1913.5606114969,97.9754718273
1914.2746266504,98.0891547771
1914.9886418039,98.2299935705
1915.7026569575,97.8878312330
1916.4166721110,98.0661620834
1917.1306872646,98.6625090256
1917.8447024181,97.4693356310
1918.5587175717,96.6916815821
1919.2727327252,97.8479561059
1919.9867478788,97.9724701125
1920.7007630323,97.7359838255
1921.4147781858,98.3848421662
1922.1287933394,98.1544072941
1922.8428084929,97.2155737846
1923.5568236465,97.3583317684
1924.2708388000,97.7571446313
1924.9848539536,98.0121527032
1925.6988691071,98.2078977784
1926.4128842606,98.1825965472
1927.1268994142,98.0217377785
1927.8409145677,97.8210351990
1928.5549297213,97.9568896079
1929.2689448748,98.2106780733
1929.9829600284,98.0696310698
1930.6969751819,98.1128436641
1931.4109903354,98.3246765925
1932.1250054890,98.0211837495
1932.8390206425,97.6840316874
1933.5530357961,97.7916862840
1934.2670509496,97.9069742046
1934.9810661032,97.7363526538
1935.6950812567,97.6682644829
1936.4090964103,98.0320096191
1937.1231115638,98.1540228942
1937.8371267173,97.7496350188
1938.5511418709,97.7442818280
1939.2651570244,98.1145783272
1939.9791721780,97.9835240734
1940.6931873315,97.8830200928
1941.4072024851,98.1909305828
1942.1212176386,97.5767919186
1942.8352327921,96.6124029566
1943.5492479457,97.6197179811
1944.2632630992,98.3637501775
1944.9772782528,97.5642219939
1945.6912934063,97.2748203234
1946.4053085599,97.9310741989
1947.1193237134,98.1983479279
1947.8333388670,98.0241672238
1948.5473540205,97.6462351142
1949.2613691740,97.7618911766
1949.9753843276,98.1619258315
1950.6893994811,97.9013583196
1951.4034146347,97.9916489381
1952.1174297882,98.2057207757
1952.8314449418,97.8032653725
1953.5454600953,98.2510317470
1954.2594752488,98.4853129559
1954.9734904024,97.4425315973
1955.6875055559,97.4525643124
1956.4015207095,98.0805930969
1957.1155358630,97.9790170511
1957.8295510166,98.0206342890
1958.5435661701,98.0702604440
1959.2575813236,98.0586089447
1959.9715964772,98.0430926072
1960.6856116307,97.8305970669
1961.3996267843,98.2496589872
1962.1136419378,98.3749649418
1962.8276570914,97.7652257161
1963.5416722449,97.9996965236
1964.2556873985,98.3163533678
1964.9697025520,97.9103140402
1965.6837177055,97.6954192543
1966.3977328591,97.9070136236
1967.1117480126,98.3824432403
1967.8257631662,98.2015081134
1968.5397783197,97.9673889496
1969.2537934733,98.5031294245
1969.9678086268,98.2047664181
1970.6818237803,97.8996655600
1971.3958389339,98.3375899025
1972.1098540874,97.5506031206
1972.8238692410,97.5469311469
1973.5378843945,98.8006264233
1974.2518995481,98.1875296955
1974.9659147016,97.6031258502
1975.6799298552,98.0954361337
1976.3939450087,97.9365192399
1977.1079601622,97.9561061181
1977.8219753158,97.6091139857
1978.5359904693,97.1444067170
1979.2500056229,97.8356912019
1979.9640207764,97.7770277786
1980.6780359300,97.2371289986
1981.3920510835,97.5897794311
1982.1060662370,97.8773076197
1982.8200813906,98.0131508238
1983.5340965441,98.2983310644
1984.2481116977,98.6042802743
1984.9621268512,98.5098813621
1985.6761420048,97.6616607086
1986.3901571583,97.5959293499
1987.1041723118,97.9769291657
1987.8181874654,97.4644283863
1988.5322026189,97.8446530453
1989.2462177725,98.1571477598
1989.9602329260,97.1489125245
1990.6742480796,97.6531690994
1991.3882632331,98.3233138344
1992.1022783867,97.0557926313
1992.8162935402,97.6375693964
1993.5303086937,98.9236491482
1994.2443238473,98.1266684655
1994.9583390008,97.5179056512
1995.6723541544,97.9891694379
1996.3863693079,98.0397840879
1997.1003844615,97.9563418729
1997.8143996150,97.8488558488
1998.5284147685,97.6539056862
1999.2424299221,98.0528628758
1999.9564450756,98.4614942785
2000.6704602292,98.0061812595
2001.3844753827,97.7074661276
2002.0984905363,98.2908286903
2002.8125056898,98.6206387875
2003.5265208434,98.2497974189
2004.2405359969,97.8476806090
2004.9545511504,97.8236822787
2005.6685663040,98.4134254030
2006.3825814575,98.8021954478
2007.0965966111,98.3263528210
2007.8106117646,98.1979888246
2008.5246269182,98.4007426885
2009.2386420717,98.2051700139
2009.9526572252,98.2116246943
2010.6666723788,98.4644515979
2011.3806875323,98.5540255313
2012.0947026859,98.2373670117
2012.8087178394,97.7978470164
2013.5227329930,97.9926177104
2014.2367481465,98.1082008123
2014.9507633000,97.9146453351
2015.6647784536,98.0357076948
2016.3787936071,97.6316142529
2017.0928087607,97.6496181384
2017.8068239142,98.5551179319
2018.5208390678,98.0650799872
2019.2348542213,97.8878629830
2019.9488693749,98.8322058767
2020.6628845284,98.0231741993
2021.3768996819,97.6457065191
2022.0909148355,98.9565283968
2022.8049299890,98.6361153948
2023.5189451426,97.9100250092
2024.2329602961,98.3071951219
2024.9469754497,98.3794075693
2025.6609906032,98.4325567058
2026.3750057567,97.9915594645
2027.0890209103,97.4734527906
2027.8030360638,98.4613119448
2028.5170512174,98.7147475702
2029.2310663709,97.9583677301
2029.9450815245,98.4068272556
2030.6590966780,98.5355725659
2031.3731118316,97.9449768529
2032.0871269851,98.1021224403
2032.8011421386,98.0239901698
2033.5151572922,97.8642655610
2034.2291724457,98.3699969736
2034.9431875993,98.3755517731
2035.6572027528,98.0519665237
2036.3712179064,98.2414173720
2037.0852330599,98.4287164710
2037.7992482134,98.5126636170
2038.5132633670,98.5159987177
2039.2272785205,98.0625627299
2039.9412936741,97.7070700963
2040.6553088276,97.8682316119
2041.3693239812,98.1506321175
2042.0833391347,98.3092068697
2042.7973542883,98.1823837751
2043.5113694418,97.9656919830
2044.2253845953,98.2984037480
2044.9393997489,98.5231246643
2045.6534149024,98.2540769998
2046.3674300560,98.4978059840
2047.0814452095,98.4241905164
2047.7954603631,97.5263192147
2048.5094755166,97.7114028770
2049.2234906701,98.4236643399
2049.9375058237,98.0732156873
2050.6515209772,97.8994072977
2051.3655361308,98.1630319104
2052.0795512843,98.2492153225
2052.7935664379,98.4217290297
2053.5075815914,98.1380995886
2054.2215967449,97.7283502836
2054.9356118985,98.1736445143
2055.6496270520,98.3868259632
2056.3636422056,98.1183551413
2057.0776573591,98.2062773232
2057.7916725127,98.1359216237
2058.5056876662,97.9753926903
2059.2197028198,98.1211070170
2059.9337179733,97.9444163382
2060.6477331268,97.7844259161
2061.3617482804,98.0504080886
2062.0757634339,98.0680294794
2062.7897785875,97.9944880846
2063.5037937410,98.2013106838
2064.2178088946,98.1674681861
2064.9318240481,97.8983305528
2065.6458392016,97.9761224048
2066.3598543552,98.2205591259
2067.0738695087,98.2232198610
2067.7878846623,98.1892490784
2068.5018998158,98.1133084810
2069.2159149694,97.8457826390
2069.9299301229,97.9185017095
2070.6439452765,98.2154104211
2071.3579604300,98.0728513789
2072.0719755835,97.9593845638
2072.7859907371,98.0833077397
2073.5000058906,98.0572939507
2074.2140210442,98.1455378615
2074.9280361977,98.1298803000
2075.6420513513,97.9272939165
2076.3560665048,98.1304429096
2077.0700816583,98.1255518317
2077.7840968119,97.7510413836
2078.4981119654,97.9702298305
2079.2121271190,98.2160067519
2079.9261422725,97.9840405184
2080.6401574261,97.9598028008
2081.3541725796,98.0389117200
2082.0681877331,98.0987408093
2082.7822028867,98.1214541235
2083.4962180402,97.7851891742
2084.2102331938,97.7612737625
2084.9242483473,98.0961425981
2085.6382635009,97.9527008199
2086.3522786544,97.9450054428
2087.0662938080,98.2424829646
2087.7803089615,97.9236723476
2088.4943241150,97.6233684100
2089.2083392686,97.9271990940
2089.9223544221,98.0640151885
2090.6363695757,97.9248572358
2091.3503847292,97.8838720368
2092.0643998828,97.8373938893
2092.7784150363,97.7733460520
2093.4924301898,97.7920359555
2094.2064453434,97.8046875400
2094.9204604969,97.7132304327
2095.6344756505,97.7754211676
2096.3484908040,98.0271971779
2097.0625059576,97.9032278188
2097.7765211111,97.6895567603
2098.4905362647,97.9460373955
2099.2045514182,97.9297276761
2099.9185665717,97.4998592691
2100.6325817253,97.5508972878
2101.3465968788,97.8999945015
2102.0606120324,97.9360490892
2102.7746271859,97.8202246187
2103.4886423395,97.9069138229
2104.2026574930,98.0548230122
2104.9166726465,97.8035112318
2105.6306878001,97.5935240345
2106.3447029536,97.8288811740
2107.0587181072,97.7995330315
2107.7727332607,97.6984419146
2108.4867484143,97.9099585082
2109.2007635678,97.7315855317
2109.9147787213,97.5546417244
2110.6287938749,97.7377286614
2111.3428090284,97.6305751839
2112.0568241820,97.6808606567
2112.7708393355,97.9000424113
2113.4848544891,97.7042658817
2114.1988696426,97.7051133162
2114.9128847962,97.7544793512
2115.6268999497,97.5016972732
2116.3409151032,97.5691161167
2117.0549302568,97.6825289306
2117.7689454103,97.7182240686
2118.4829605639,97.8918096481
2119.1969757174,97.7189117163
2119.9109908710,97.6469982464
2120.6250060245,97.8459800396
2121.3390211780,97.6897291966
2122.0530363316,97.7676853848
2122.7670514851,98.0214284690
2123.4810666387,97.8348780705
2124.1950817922,97.8321411367
2124.9090969458,97.9849611123
2125.6231120993,97.9149547069
2126.3371272529,97.8703378820
2127.0511424064,97.8357787694
2127.7651575599,97.9116347907
2128.4791727135,97.8326383222
2129.1931878670,97.6617878792
2129.9072030206,98.1318078283
2130.6212181741,98.2737096355
2131.3352333277,97.7599014418
2132.0492484812,97.7908480738
2132.7632636347,97.7685464316
2133.4772787883,97.5583621646
2134.1912939418,97.8102486067
2134.9053090954,97.6430334362
2135.6193242489,97.4260340882
2136.3333394025,97.6238736393
2137.0473545560,97.6458224321
2137.7613697095,97.8478805244
2138.4753848631,97.6790732120
2139.1894000166,97.2733945026
2139.9034151702,97.8625691836
2140.6174303237,98.1064948565
2141.3314454773,97.7247707654
2142.0454606308,97.9010570786
2142.7594757844,97.8468836710
2143.4734909379,97.7292900721
2144.1875060914,97.8936802192
2144.9015212450,97.7129638946
2145.6155363985,97.6490236043
2146.3295515521,97.4805752703
2147.0435667056,97.3851864823
2147.7575818592,97.9032897172
2148.4715970127,97.8635741692
2149.1856121662,97.9037899887
2149.8996273198,98.4419262967
2150.6136424733,98.0823292682
2151.3276576269,97.9737394833
2152.0416727804,98.2926642168
2152.7556879340,97.8556363747
2153.4697030875,98.0050969536
2154.1837182411,98.0676946970
2154.8977333946,97.2752005923
2155.6117485481,97.4637836191
2156.3257637017,97.7325016753
2157.0397788552,97.5754042615
2157.7537940088,98.0758369736
2158.4678091623,97.7169603614
2159.1818243159,96.9234714185
2159.8958394694,97.3610165908
2160.6098546229,97.5326664867
2161.3238697765,97.0680618130
2162.0378849300,97.3875875695
2162.7519000836,97.8916194435
2163.4659152371,97.3514428165
2164.1799303907,97.1625560610
2164.8939455442,97.8029959630
2165.6079606978,97.7009667498
2166.3219758513,97.8164653248
2167.0359910048,98.4259685691
2167.7500061584,97.9281512909
2168.4640213119,97.5198197976
2169.1780364655,98.0465029659
2169.8920516190,98.4668941032
2170.6060667726,98.6749708051
2171.3200819261,98.1103462636
2172.0340970796,97.4168539592
2172.7481122332,98.0883108560
2173.4621273867,98.3194233232
2174.1761425403,97.7527637909
2174.8901576938,98.0057277896
2175.6041728474,98.0165632674
2176.3181880009,97.5145786119
2177.0322031544,97.5225577608
2177.7462183080,97.5338698966
2178.4602334615,97.3169248306
2179.1742486151,97.2838139121
2179.8882637686,97.6257786783
2180.6022789222,97.7987949997
2181.3162940757,97.7254310871
2182.0303092293,97.8478304268
2182.7443243828,97.5704572559
2183.4583395363,97.2937864515
2184.1723546899,97.7438384639
2184.8863698434,97.7216862054
2185.6003849970,97.5546237449
2186.3144001505,97.7505407937
2187.0284153041,97.6418206654
2187.7424304576,97.8046910309
2188.4564456111,97.8635137458
2189.1704607647,97.7287104251
2189.8844759182,98.0814204750
2190.5984910718,97.7604413281
2191.3125062253,97.5927334563
2192.0265213789,98.1200343142
2192.7405365324,97.3509778270
2193.4545516860,97.0489650537
2194.1685668395,97.9770140474
2194.8825819930,97.8315165081
2195.5965971466,97.6514631420
2196.3106123001,97.6402995563
2197.0246274537,97.2952355520
2197.7386426072,97.9149656496
2198.4526577608,98.1471939298
2199.1666729143,97.7974912114
2199.8806880678,98.0683455167
2200.5947032214,97.9988236554
2201.3087183749,98.0941242086
2202.0227335285,98.1216891020
2202.7367486820,97.3569694868
2203.4507638356,97.5474303733
2204.1647789891,97.8469698651
2204.8787941426,97.6214927781
2205.5928092962,97.9919939220
2206.3068244497,97.8342945068
2207.0208396033,97.6272599730
2207.7348547568,97.9884191054
2208.4488699104,97.8927309712
2209.1628850639,98.1384021143
2209.8769002175,97.9845559066
2210.5909153710,97.3103808098
2211.3049305245,97.7535171877
2212.0189456781,97.7441777700
2212.7329608316,97.7513148883
2213.4469759852,98.3895738419
2214.1609911387,97.5673017844
2214.8750062923,97.5307774199
2215.5890214458,98.5766094699
2216.3030365993,97.9210878543
2217.0170517529,97.6864195416
2217.7310669064,98.0366960216
2218.4450820600,97.6482848676
2219.1590972135,97.9653022194
2219.8731123671,97.8165866814
2220.5871275206,97.4533072472
2221.3011426742,97.9576512726
2222.0151578277,97.4417240445
2222.7291729812,97.2408901652
2223.4431881348,97.9904149186
2224.1572032883,97.7788957335
2224.8712184419,97.6772387692
2225.5852335954,97.7993142283
2226.2992487490,97.5293307841
2227.0132639025,97.5397762489
2227.7272790560,97.2063870993
2228.4412942096,97.3930385234
2229.1553093631,98.0194546109
2229.8693245167,97.5024781525
2230.5833396702,97.3591324643
2231.2973548238,97.8725548506
2232.0113699773,97.7863979181
2232.7253851308,97.7291284009
2233.4394002844,97.6443097789
2234.1534154379,97.6023028012
2234.8674305915,97.6872681093
2235.5814457450,97.4475380990
2236.2954608986,97.6963064043
2237.0094760521,97.8262108322
2237.7234912057,97.4816937211
2238.4375063592,97.7143534345
2239.1515215127,97.5630019465
2239.8655366663,97.4041874724
2240.5795518198,97.9484215260
2241.2935669734,97.7585120517
2242.0075821269,97.5955569455
2242.7215972805,97.8928845082
2243.4356124340,97.5950520182
2244.1496275875,97.4961807024
2244.8636427411,97.4419825871
2245.5776578946,97.3464583712
2246.2916730482,97.6929330379
2247.0056882017,97.6121643458
2247.7197033553,97.6821320722
2248.4337185088,97.9898615392
2249.1477336624,97.6968927159
2249.8617488159,97.7390169363
2250.5757639694,97.7144482970
2251.2897791230,97.4529219278
2252.0037942765,97.8913932900
2252.7178094301,97.7712752135
2253.4318245836,97.4242719249
2254.1458397372,97.9488125301
2254.8598548907,97.8059268547
2255.5738700442,97.4697730074
2256.2878851978,97.7768112670
2257.0019003513,97.8304179055
2257.7159155049,97.8491735231
2258.4299306584,97.7582063475
2259.1439458120,97.7598906651
2259.8579609655,98.1349814638
2260.5719761190,97.9272561823
2261.2859912726,97.7939487239
2262.0000064261,98.0638821867
2262.7140215797,97.9019231886
2263.4280367332,97.9420739765
2264.1420518868,97.9165407135
2264.8560670403,97.6997607212
2265.5700821939,98.0289839263
2266.2840973474,98.0399975315
2266.9981125009,97.8523584982
2267.7121276545,97.9301252309
2268.4261428080,97.7774189271
2269.1401579616,97.8909996354
2269.8541731151,97.9045405901
2270.5681882687,97.7009413967
2271.2822034222,97.9218734069
2271.9962185757,97.9000001790
2272.7102337293,97.9068618619
2273.4242488828,97.9098050625
2274.1382640364,97.4874881741
2274.8522791899,97.7789651114
2275.5662943435,97.9392349289
2276.2803094970,97.6617659151
2276.9943246506,97.9829445140
2277.7083398041,97.7020267359
2278.4223549576,97.4893421293
2279.1363701112,97.8660318986
2279.8503852647,97.3639517054
2280.5644004183,97.5759771779
2281.2784155718,98.0951766604
2281.9924307254,97.4685362425
2282.7064458789,97.6676832999
2283.4204610324,97.8118873413
2284.1344761860,97.2786470567
2284.8484913395,97.7513570869
2285.5625064931,97.7660629756
2286.2765216466,97.3421880210
2286.9905368002,97.5524051889
2287.7045519537,97.4298621898
2288.4185671072,97.5523994813
2289.1325822608,97.6040414412
2289.8465974143,97.3557625687
2290.5606125679,97.7818809276
2291.2746277214,97.5462236196
2291.9886428750,97.2565471346
2292.7026580285,97.8490769761
2293.4166731821,97.4817641823
2294.1306883356,97.2660949453
2294.8447034891,97.7996765928
2295.5587186427,97.5602847405
2296.2727337962,97.4880302578
2296.9867489498,97.6638152233
2297.7007641033,97.5107359771
2298.4147792569,97.4214893803
2299.1287944104,97.4273162115
2299.8428095639,97.7557747115
2300.5568247175,97.3535863819
2301.2708398710,97.1399220316
2301.9848550246,98.0382670005
2302.6988701781,97.2878038356
2303.4128853317,97.1747266852
2304.1269004852,98.2866180127
2304.8409156388,96.6376831159
2305.5549307923,97.1281296210
2306.2689459458,98.6679754431
2306.9829610994,96.3092312771
2307.6969762529,97.3123410884
2308.4109914065,98.5779851948
2309.1250065600,95.7733060185
2309.8390217136,97.7191861592
2310.5530368671,98.4532119115
2311.2670520206,95.4488068403
2311.9810671742,98.0748502172
2312.6950823277,98.2172419187
2313.4090974813,95.7832080699
2314.1231126348,98.3709725852
2314.8371277884,97.4065264780
2315.5511429419,96.3186532055
2316.2651580955,98.8469290472
2316.9791732490,96.9071725830
2317.6931884025,96.7980973496
2318.4072035561,98.7408705644
2319.1212187096,96.1833237174
2319.8352338632,97.1759793705
2320.5492490167,98.2811410529
2321.2632641703,95.9521686329
2321.9772793238,97.6187965958
2322.6912944773,97.6277491167
2323.4053096309,96.0220515681
2324.1193247844,97.7240789577
2324.8333399380,96.9706519138
2325.5473550915,96.7152472142
2326.2613702451,98.2126818213
2326.9753853986,96.9265801403
2327.6894005521,97.2382015074
2328.4034157057,98.2735632801
2329.1174308592,97.0013591571
2329.8314460128,97.6893406534
2330.5454611663,97.6972861952
2331.2594763199,96.8539913122
2331.9734914734,98.0735449352
2332.6875066270,97.4502058027
2333.4015217805,96.9441883671
2334.1155369340,97.8699781133
2334.8295520876,97.2306214509
2335.5435672411,97.6458011707
2336.2575823947,98.0627806558
2336.9715975482,97.0338829457
2337.6856127018,97.7413908453
2338.3996278553,97.8550465676
2339.1136430088,97.2313177709
2339.8276581624,97.8410044946
2340.5416733159,97.5498164523
2341.2556884695,97.4683926769
2341.9697036230,97.7970220025
2342.6837187766,97.3384217110
2343.3977339301,97.5918819837
2344.1117490837,97.4242019926
2344.8257642372,96.9313284766
2345.5397793907,97.2527293803
2346.2537945443,97.0406196325
2346.9678096978,97.0321259685
2347.6818248514,96.9623922387
2348.3958400049,96.7372091822
2349.1098551585,97.4481288715
2349.8238703120,97.6614879100
2350.5378854655,97.3932615877
2351.2519006191,97.9987779142
2351.9659157726,97.6207465813
2352.6799309262,97.4783909831
2353.3939460797,98.2602184159
2354.1079612333,97.5818960628
2354.8219763868,97.5413931298
2355.5359915403,97.8927173638
2356.2500066939,97.2655235829
2356.9640218474,97.8798488109
2357.6780370010,97.8140399157
2358.3920521545,97.3058301801
2359.1060673081,98.0732132311
2359.8200824616,97.5756469635
2360.5340976152,97.6024764134
2361.2481127687,98.3322084276
2361.9621279222,97.5186496409
2362.6761430758,97.7370394989
2363.3901582293,98.0459045428
2364.1041733829,97.4916346556
2364.8181885364,98.0452444892
2365.5322036900,97.8478811942
2366.2462188435,97.5437655343
2366.9602339970,98.1652086645
2367.6742491506,97.7663463479
2368.3882643041,97.7179217212
2369.1022794577,97.9029571676
2369.8162946112,97.2955906288
2370.5303097648,97.6180587412
2371.2443249183,97.8300161974
2371.9583400719,97.4992801958
2372.6723552254,97.7091551094
2373.3863703789,97.5591076298
2374.1003855325,97.4501497807
2374.8144006860,97.5740137997
2375.5284158396,97.3394103922
2376.2424309931,97.4419467381
2376.9564461467,97.4386062931
2377.6704613002,97.2393282261
2378.3844764537,97.4071728956
2379.0984916073,97.3683841291
2379.8125067608,97.3738610325
2380.5265219144,97.4379481059
2381.2405370679,97.2679958428
2381.9545522215,97.4326835631
2382.6685673750,97.4035702485
2383.3825825285,97.2185136477
2384.0965976821,97.5190784716
2384.8106128356,97.5146940040
2385.5246279892,97.4702480905
2386.2386431427,97.6551928563
2386.9526582963,97.3873665916
2387.6666734498,97.4499580540
2388.3806886034,97.6035299163
2389.0947037569,97.4781642392
2389.8087189104,97.4887014732
2390.5227340640,97.5176624416
2391.2367492175,97.3627807009
2391.9507643711,97.4608680134
2392.6647795246,97.4186779103
2393.3787946782,97.4098562148
2394.0928098317,97.5215898198
2394.8068249852,97.4811603655
2395.5208401388,97.5647348184
2396.2348552923,97.5567791395
2396.9488704459,97.4121520573
2397.6628855994,97.4751736927
2398.3769007530,97.3749555538
2399.0909159065,97.3885637924
2399.8049310601,97.5399737166
2400.5189462136,97.3672667912
2401.2329613671,97.4069468519
2401.9469765207,97.3131166267
2402.6609916742,97.2326445043
2403.3750068278,97.5323768496
2404.0890219813,97.3128314500
2404.8030371349,97.2467093233
2405.5170522884,97.6067011727
2406.2310674419,97.3361375542
2406.9450825955,97.2569233863
2407.6590977490,97.3804181024
2408.3731129026,97.0881912748
2409.0871280561,97.2216666249
2409.8011432097,97.3291084982
2410.5151583632,97.1523000811
2411.2291735167,97.2719580573
2411.9431886703,97.2522990479
2412.6572038238,97.3038561091
2413.3712189774,97.3813535297
2414.0852341309,97.1523102196
2414.7992492845,97.2874278574
2415.5132644380,97.3380744899
2416.2272795916,97.1321174569
2416.9412947451,97.2828320730
2417.6553098986,97.2106477282
2418.3693250522,97.1547662785
2419.0833402057,97.3738602459
2419.7973553593,97.2807259280
2420.5113705128,97.3431282886
2421.2253856664,97.3724368003
2421.9394008199,97.1004739179
2422.6534159734,97.2310449300
2423.3674311270,97.2899528307
2424.0814462805,97.1814025845
2424.7954614341,97.3031514653
2425.5094765876,97.2200201983
2426.2234917412,97.1819701923
2426.9375068947,97.2004378831
2427.6515220483,97.1217538830
2428.3655372018,97.2814032410
2429.0795523553,97.1559398255
2429.7935675089,97.0447590606
2430.5075826624,97.3541014205
2431.2215978160,97.2177058113
2431.9356129695,97.1518529587
2432.6496281231,97.4370851054
2433.3636432766,97.2599288510
2434.0776584301,97.1469824490
2434.7916735837,97.2041601918
2435.5056887372,97.1161904312
2436.2197038908,97.1578631996
2436.9337190443,97.0602223803
2437.6477341979,97.1210593745
2438.3617493514,97.3937811353
2439.0757645050,97.2624950582
2439.7897796585,97.2129970554
2440.5037948120,97.2891889033
2441.2178099656,97.2262638920
2441.9318251191,97.3216800257
2442.6458402727,97.1929813289
2443.3598554262,97.1067126014
2444.0738705798,97.2861191056
2444.7878857333,97.1132796408
2445.5019008868,97.1350675765
2446.2159160404,97.2848446936
2446.9299311939,97.0457614592
2447.6439463475,97.1770610736
2448.3579615010,97.3233707406
2449.0719766546,97.1059391389
2449.7859918081,97.1795705986
2450.5000069616,97.2196658489
2451.2140221152,97.1930841982
2451.9280372687,97.2160588862
2452.6420524223,96.9815428348
2453.3560675758,97.0216863353
2454.0700827294,97.1438365435
2454.7840978829,96.9708228231
2455.4981130365,97.0879316023
2456.2121281900,97.2178835476
2456.9261433435,97.1253292504
2457.6401584971,97.1651894028
2458.3541736506,97.1868122973
2459.0681888042,97.1735407795
2459.7822039577,97.0635425002
2460.4962191113,97.0128461113
2461.2102342648,97.2588858538
2461.9242494183,97.1894422905
2462.6382645719,96.9916552741
2463.3522797254,97.1208809993
2464.0662948790,97.0586818675
2464.7803100325,97.0412591513
2465.4943251861,97.1861566585
2466.2083403396,97.0984991942
2466.9223554932,97.1128290651
2467.6363706467,97.1402358209
2468.3503858002,97.0711097747
2469.0644009538,97.1365396937
2469.7784161073,97.0725346502
2470.4924312609,97.0418358040
2471.2064464144,97.0492333532
2471.9204615680,96.9457528754
2472.6344767215,97.1462142816
2473.3484918750,97.1685692487
2474.0625070286,96.9121076960
2474.7765221821,97.0927901681
2475.4905373357,97.1979966409
2476.2045524892,97.0845287426
2476.9185676428,97.1261186368
2477.6325827963,97.0604602204
2478.3465979498,97.1452300917
2479.0606131034,97.2150870235
2479.7746282569,96.9949219401
2480.4886434105,97.0512026393
2481.2026585640,97.0985881775
2481.9166737176,97.0448407455
2482.6306888711,97.2387021451
2483.3447040247,97.1479178365
2484.0587191782,97.0173836604
2484.7727343317,97.1451607650
2485.4867494853,97.0455999015
2486.2007646388,97.0718375679
2486.9147797924,97.1446968569
2487.6287949459,96.8854561966
2488.3428100995,96.8835337624
2489.0568252530,97.0934555169
2489.7708404065,97.1871209399
2490.4848555601,97.2342031028
2491.1988707136,97.1142562916
2491.9128858672,97.0322750983
2492.6269010207,97.0194693656
2493.3409161743,96.9438546753
2494.0549313278,97.0773810321
2494.7689464814,97.1736615886
2495.4829616349,97.0321580520
2496.1969767884,96.9765400210
2496.9109919420,96.9867889043
2497.6250070955,97.0374219337
2498.3390222491,97.1235569803
2499.0530374026,97.1287451966
2499.7670525562,97.0721552131
2500.4810677097,96.9881336592
2501.1950828632,97.0627509259
2501.9090980168,97.1373032070
2502.6231131703,96.9462527709
2503.3371283239,96.9270579589
2504.0511434774,97.0498301207
2504.7651586310,96.9652917966
2505.4791737845,96.9594185915
2506.1931889380,97.0301129933
2506.9072040916,97.0576742233
2507.6212192451,97.0654632738
2508.3352343987,96.9460105762
2509.0492495522,96.9505141800
2509.7632647058,97.0839998552
2510.4772798593,97.0875858107
2511.1912950129,97.0118331048
2511.9053101664,96.9062420991
2512.6193253199,97.0604269264
2513.3333404735,97.2693807766
2514.0473556270,97.0631670248
2514.7613707806,97.0557586893
2515.4753859341,97.2150182621
2516.1894010877,97.0638817401
2516.9034162412,97.1475829970
2517.6174313947,97.1612755417
2518.3314465483,96.8866989385
2519.0454617018,97.0265646658
2519.7594768554,97.1045935623
2520.4734920089,96.9278193514
2521.1875071625,96.9756220748
2521.9015223160,96.9675072978
2522.6155374696,96.9942206308
2523.3295526231,97.0266212278
2524.0435677766,96.9013061261
2524.7575829302,97.0353026310
2525.4715980837,97.0630463023
2526.1856132373,96.9201084530
2526.8996283908,97.0808399495
2527.6136435444,97.0587595028
2528.3276586979,96.9480761451
2529.0416738514,97.0055034586
2529.7556890050,96.8587722666
2530.4697041585,96.9410781207
2531.1837193121,97.1301457475
2531.8977344656,96.9024439189
2532.6117496192,96.8225302001
2533.3257647727,96.9392709190
2534.0397799262,96.9640575086
2534.7537950798,96.9800032341
2535.4678102333,96.8813769658
2536.1818253869,96.8979854161
2536.8958405404,96.9950060136
2537.6098556940,96.9082671915
2538.3238708475,96.9473404530
2539.0378860011,97.0281560400
2539.7519011546,96.9795024586
2540.4659163081,96.9277952853
2541.1799314617,96.8580696626
2541.8939466152,96.9796797115
2542.6079617688,97.0434604949
2543.3219769223,96.8958288350
2544.0359920759,97.0389538951
2544.7500072294,97.0852503593
2545.4640223829,96.9121944794
2546.1780375365,97.0399767461
2546.8920526900,97.0171776688
2547.6060678436,96.9038717890
2548.3200829971,97.0106816739
2549.0340981507,96.8781165443
2549.7481133042,96.8517525615
2550.4621284578,97.0287522091
2551.1761436113,96.9505844824
2551.8901587648,96.9761113248
2552.6041739184,97.0281077753
2553.3181890719,96.9057160723
2554.0322042255,96.9234995616
2554.7462193790,96.8848423632
2555.4602345326,96.8710544560
2556.1742496861,97.0058239979
2556.8882648396,96.9649255096
2557.6022799932,96.9669248037
2558.3162951467,97.0127777087
2559.0303103003,96.9118893263
2559.7443254538,96.9648134762
2560.4583406074,97.0216015182
2561.1723557609,96.9456400568
2561.8863709144,96.8949071192
2562.6003860680,96.7812180223
2563.3144012215,96.8229666338
2564.0284163751,97.0045945436
2564.7424315286,96.9771518810
2565.4564466822,96.9123620716
2566.1704618357,96.9110267349
2566.8844769893,96.8792909604
2567.5984921428,96.8741393194
2568.3125072963,96.8723706963
2569.0265224499,96.8938955224
2569.7405376034,96.8601035777
2570.4545527570,96.7598215547
2571.1685679105,96.7598526891
2571.8825830641,96.7433502529
2572.5965982176,96.7386868237
2573.3106133711,96.8198186633
2574.0246285247,96.7892986580
2574.7386436782,96.7762445717
2575.4526588318,96.8448747892
2576.1666739853,96.8518832292
2576.8806891389,96.8709025763
2577.5947042924,96.8485882544
2578.3087194460,96.8774819882
2579.0227345995,97.0060387451
2579.7367497530,96.9170628253
2580.4507649066,96.7932666674
2581.1647800601,96.8429421570
2581.8787952137,96.8574277824
2582.5928103672,96.8842861175
2583.3068255208,96.8494793918
2584.0208406743,96.7667754014
2584.7348558278,96.8802629138
2585.4488709814,96.9454087041
2586.1628861349,96.8871404437
2586.8769012885,96.8647079739
2587.5909164420,96.7542297271
2588.3049315956,96.7173225362
2589.0189467491,96.8178549345
2589.7329619027,96.8440722015
2590.4469770562,96.8482176161
2591.1609922097,96.8179995600
2591.8750073633,96.7463649402
2592.5890225168,96.7172341895
2593.3030376704,96.6937437276
2594.0170528239,96.7360508358
2594.7310679775,96.7364923894
2595.4450831310,96.6565383447
2596.1590982845,96.7393860614
2596.8731134381,96.8357667836
2597.5871285916,96.8243609342
2598.3011437452,96.8366047109
2599.0151588987,96.8016025293
2599.7291740523,96.7892752079
2600.4431892058,96.7870414730
2601.1572043593,96.7041398836
2601.8712195129,96.7670499249
2602.5852346664,96.8504545827
2603.2992498200,96.7810031119
2604.0132649735,96.7948950323
2604.7272801271,96.8388297734
2605.4412952806,96.8107636626
2606.1553104342,96.7862067186
2606.8693255877,96.7541582678
2607.5833407412,96.7842400772
2608.2973558948,96.7998178360
2609.0113710483,96.7495196042
2609.7253862019,96.7768911530
2610.4394013554,96.7830997049
2611.1534165090,96.7513569532
2611.8674316625,96.7528996008
2612.5814468160,96.7068289451
2613.2954619696,96.7532556567
2614.0094771231,96.8507764719
2614.7234922767,96.7972313370
2615.4375074302,96.7771786112
2616.1515225838,96.8194798905
2616.8655377373,96.7902445444
2617.5795528909,96.8044231416
2618.2935680444,96.8454761110
2619.0075831979,96.7900251485
2619.7215983515,96.7097973969
2620.4356135050,96.7198616938
2621.1496286586,96.7365061421
2621.8636438121,96.6965815488
2622.5776589657,96.7751520813
2623.2916741192,96.8461034035
2624.0056892727,96.7583139827
2624.7197044263,96.7969409388
2625.4337195798,96.8386531052
2626.1477347334,96.7390411313
2626.8617498869,96.8380439567
2627.5757650405,96.9392902374
2628.2897801940,96.8379078920
2629.0037953475,96.8144396936
2629.7178105011,96.8103692255
2630.4318256546,96.8264706918
2631.1458408082,96.9200363306
2631.8598559617,96.8653969281
2632.5738711153,96.7949702666
2633.2878862688,96.8274907942
2634.0019014224,96.8201777996
2634.7159165759,96.8315281477
2635.4299317294,96.8343741854
2636.1439468830,96.8286570887
2636.8579620365,96.8686586974
2637.5719771901,96.8202356845
2638.2859923436,96.8002802193
2639.0000074972,96.9194006751
2639.7140226507,96.9905436217
2640.4280378042,96.9511532593
2641.1420529578,96.8547557957
2641.8560681113,96.8492327753
2642.5700832649,96.9295199701
2643.2840984184,96.8629969546
2643.9981135720,96.7969744606
2644.7121287255,96.8475370589
2645.4261438791,96.8394528653
2646.1401590326,96.8540007168
2646.8541741861,96.8717887192
2647.5681893397,96.8202242393
2648.2822044932,96.8442196550
2648.9962196468,96.8553306852
2649.7102348003,96.8259499825
2650.4242499539,96.8528341984
2651.1382651074,96.8305318572
2651.8522802609,96.8119319416
2652.5662954145,96.8346404299
2653.2803105680,96.8071149392
2653.9943257216,96.8032149879
2654.7083408751,96.8141411657
2655.4223560287,96.8304485407
2656.1363711822,96.8693971445
2656.8503863357,96.8223778185
2657.5644014893,96.7708362374
2658.2784166428,96.7780589584
2658.9924317964,96.7974570915
2659.7064469499,96.8746899985
2660.4204621035,96.8641414976
2661.1344772570,96.7780532402
2661.8484924106,96.8114560583
2662.5625075641,96.8004449782
2663.2765227176,96.7574927392
2663.9905378712,96.8345388031
2664.7045530247,96.8465911710
2665.4185681783,96.8055748251
2666.1325833318,96.8169190596
2666.8465984854,96.8059542249
2667.5606136389,96.8030637845
2668.2746287924,96.7694213115
2668.9886439460,96.7074768763
2669.7026590995,96.7222838928
2670.4166742531,96.7214471334
2671.1306894066,96.7002458369
2671.8447045602,96.7143068809
2672.5587197137,96.6780340191
2673.2727348673,96.6375988193
2673.9867500208,96.6561545967
2674.7007651743,96.6801114330
2675.4147803279,96.6548723667
2676.1287954814,96.5786299748
2676.8428106350,96.5527522715
2677.5568257885,96.5841811806
2678.2708409421,96.6185890477
2678.9848560956,96.6530489527
2679.6988712491,96.6008721731
2680.4128864027,96.5466399883
2681.1269015562,96.6103861239
2681.8409167098,96.6393756839
2682.5549318633,96.6156596053
2683.2689470169,96.5920062063
2683.9829621704,96.5655601930
2684.6969773239,96.6023544179
2685.4109924775,96.5505581477
2686.1250076310,96.4357389655
2686.8390227846,96.5027408387
2687.5530379381,96.5558257691
2688.2670530917,96.5207684835
2688.9810682452,96.5374774816
2689.6950833988,96.4634917396
2690.4090985523,96.4118076075
2691.1231137058,96.4984905153
2691.8371288594,96.5024702043
2692.5511440129,96.4750548177
2693.2651591665,96.4572395105
2693.9791743200,96.3528167366
2694.6931894736,96.3447808842
2695.4072046271,96.4597251769
2696.1212197806,96.4717037704
2696.8352349342,96.3690062793
2697.5492500877,96.3285295614
2698.2632652413,96.3806307608
2698.9772803948,96.3841787474
2699.6912955484,96.3814410628
2700.4053107019,96.3878867716
2701.1193258555,96.2716104477
2701.8333410090,96.2519492354
2702.5473561625,96.3859927252
2703.2613713161,96.3510336373
2703.9753864696,96.2747223489
2704.6894016232,96.3228554908
2705.4034167767,96.3378203933
2706.1174319303,96.3490115110
2706.8314470838,96.3359376899
2707.5454622373,96.2765057028
2708.2594773909,96.3388645516
2708.9734925444,96.4170861303
2709.6875076980,96.3482148062
2710.4015228515,96.2415489608
2711.1155380051,96.2041897941
2711.8295531586,96.2449706974
2712.5435683122,96.2828036705
2713.2575834657,96.2710084733
2713.9715986192,96.2621136363
2714.6856137728,96.2572795723
2715.3996289263,96.2495169597
2716.1136440799,96.2603077871
2716.8276592334,96.2921872664
2717.5416743870,96.2737077082
2718.2556895405,96.1614708228
2718.9697046940,96.1510136826
2719.6837198476,96.2562718461
2720.3977350011,96.2329670795
2721.1117501547,96.1825707168
2721.8257653082,96.1968379849
2722.5397804618,96.1490590732
2723.2537956153,96.1539290474
2723.9678107688,96.2264091339
2724.6818259224,96.2257921269
2725.3958410759,96.1831577595
2726.1098562295,96.1139167098
2726.8238713830,96.0804192837
2727.5378865366,96.1170585689
2728.2519016901,96.1188893439
2728.9659168437,96.1205615163
2729.6799319972,96.1353680187
2730.3939471507,96.1409985927
2731.1079623043,96.1695744549
2731.8219774578,96.1314827178
2732.5359926114,96.0928785262
2733.2500077649,96.1218818334
2733.9640229185,96.0665017619
2734.6780380720,96.0213970345
2735.3920532255,96.0471643522
2736.1060683791,96.0194545810
2736.8200835326,96.0377474349
2737.5340986862,96.0860524810
2738.2481138397,96.0650504761
2738.9621289933,96.0429981724
2739.6761441468,96.0080167931
2740.3901593004,96.0122743130
2741.1041744539,96.0745513852
2741.8181896074,96.0683396359
2742.5322047610,96.0401941200
2743.2462199145,96.0254211812
2743.9602350681,96.0276149825
2744.6742502216,96.0725772308
2745.3882653752,96.0348404437
2746.1022805287,95.9781041010
2746.8162956822,95.9871934088
2747.5303108358,95.9555023527
2748.2443259893,95.9911219511
2748.9583411429,96.0416146586
2749.6723562964,95.9122125276
2750.3863714500,95.8242059060
2751.1003866035,95.9014178453
2751.8144017570,95.9741648560
2752.5284169106,95.9526832494
2753.2424320641,95.8759476940
2753.9564472177,95.8679249730
2754.6704623712,95.8650472456
2755.3844775248,95.8363455820
2756.0984926783,95.9251219874
2756.8125078319,95.9219175102
2757.5265229854,95.7806141558
2758.2405381389,95.8119841966
2758.9545532925,95.8775986996
2759.6685684460,95.8320372434
2760.3825835996,95.8103780284
2761.0965987531,95.7933261529
2761.8106139067,95.8136090653
2762.5246290602,95.8316590355
2763.2386442137,95.7586064131
2763.9526593673,95.7580401140
2764.6666745208,95.8164796380
2765.3806896744,95.8102484167
2766.0947048279,95.7960188654
2766.8087199815,95.7682218073
2767.5227351350,95.7182669177
2768.2367502886,95.6821395913
2768.9507654421,95.7133162365
2769.6647805956,95.8043898675
2770.3787957492,95.7768035025
2771.0928109027,95.6878589643
2771.8068260563,95.6879526670
2772.5208412098,95.6804600293
2773.2348563634,95.7136086406
2773.9488715169,95.7641119963
2774.6628866704,95.6940118413
2775.3769018240,95.6694183582
2776.0909169775,95.6909203689
2776.8049321311,95.6446222250
2777.5189472846,95.6628359807
2778.2329624382,95.6937757588
2778.9469775917,95.6455474037
2779.6609927452,95.6075401991
2780.3750078988,95.6170239682
2781.0890230523,95.6562196609
2781.8030382059,95.6127085145
2782.5170533594,95.5275428243
2783.2310685130,95.5781088184
2783.9450836665,95.6382935079
2784.6590988201,95.6218465336
2785.3731139736,95.6238179216
2786.0871291271,95.6305876079
2786.8011442807,95.6289071709
2787.5151594342,95.5819878058
2788.2291745878,95.5439494189
2788.9431897413,95.5735015902
2789.6572048949,95.5283997907
2790.3712200484,95.5053062071
2791.0852352019,95.5380200950
2791.7992503555,95.4661260678
2792.5132655090,95.5169249509
2793.2272806626,95.6066517357
2793.9412958161,95.4838964515
2794.6553109697,95.4951320739
2795.3693261232,95.5759147877
2796.0833412768,95.4787164760
2796.7973564303,95.4767115700
2797.5113715838,95.4610049195
2798.2253867374,95.3377605106
2798.9394018909,95.3772478110
2799.6534170445,95.4297996402
2800.3674321980,95.4006689365
2801.0814473516,95.4189055127
2801.7954625051,95.4172101371
2802.5094776586,95.4150358509
2803.2234928122,95.4249283210
2803.9375079657,95.4061569185
2804.6515231193,95.3981367083
2805.3655382728,95.3630215604
2806.0795534264,95.3351531589
2806.7935685799,95.3592128698
2807.5075837334,95.3547556627
2808.2215988870,95.2892210744
2808.9356140405,95.2355783011
2809.6496291941,95.3336913321
2810.3636443476,95.4374144991
2811.0776595012,95.3591605782
2811.7916746547,95.3405407133
2812.5056898083,95.3574553276
2813.2197049618,95.2991556164
2813.9337201153,95.3810861168
2814.6477352689,95.3795720653
2815.3617504224,95.2616696543
2816.0757655760,95.3542521189
2816.7897807295,95.3468829892
2817.5037958831,95.2291018836
2818.2178110366,95.3061434351
2818.9318261901,95.3020071257
2819.6458413437,95.2669089833
2820.3598564972,95.3220907013
2821.0738716508,95.2354929837
2821.7878868043,95.2282234615
2822.5019019579,95.3400398709
2823.2159171114,95.3102255141
2823.9299322650,95.2750593492
2824.6439474185,95.2725973093
2825.3579625720,95.2587052002
2826.0719777256,95.2502798510
2826.7859928791,95.1869182154
2827.5000080327,95.2170488535
2828.2140231862,95.2656776541
2828.9280383398,95.1646017267
2829.6420534933,95.1711069231
2830.3560686468,95.2273573423
2831.0700838004,95.1195418674
2831.7840989539,95.0518380161
2832.4981141075,95.0436273779
2833.2121292610,95.0018786156
2833.9261444146,95.0309472939
2834.6401595681,95.0841773419
2835.3541747217,95.0330259961
2836.0681898752,94.9515225284
2836.7822050287,94.9505797084
2837.4962201823,94.9088721127
2838.2102353358,94.7886471114
2838.9242504894,94.7659453756
2839.6382656429,94.7447135513
2840.3522807965,94.6748699789
2841.0662959500,94.6715708385
2841.7803111035,94.5610287872
2842.4943262571,94.4252515859
2843.2083414106,94.4400198157
2843.9223565642,94.3401481624
2844.6363717177,94.1552183675
2845.3503868713,94.0603004929
2846.0644020248,93.9958448092
2846.7784171783,93.9990825111
2847.4924323319,93.9184153786
2848.2064474854,93.7338312214
2848.9204626390,93.6799647046
2849.6344777925,93.6514157171
2850.3484929461,93.6407196691
2851.0625080996,93.6457325058
2851.7765232532,93.5325417956
2852.4905384067,93.5572860957
2853.2045535602,93.6789831430
2853.9185687138,93.6904032739
2854.6325838673,93.7782651356
2855.3465990209,93.8088774920
2856.0606141744,93.7600046547
2856.7746293280,93.8948189060
2857.4886444815,94.0566301070
2858.2026596350,94.2068891856
2858.9166747886,94.3470353076
2859.6306899421,94.3566103239
2860.3447050957,94.4624434692
2861.0587202492,94.6455490999
2861.7727354028,94.7790042032
2862.4867505563,94.9733465638
2863.2007657099,95.0503222871
2863.9147808634,95.0651561521
2864.6287960169,95.2250696701
2865.3428111705,95.2873021914
2866.0568263240,95.2735643625
2866.7708414776,95.3469790421
2867.4848566311,95.4139579879
2868.1988717847,95.4915956091
2868.9128869382,95.5278079001
2869.6269020917,95.5381053852
2870.3409172453,95.6263817243
2871.0549323988,95.6681452017
2871.7689475524,95.7132799131
2872.4829627059,95.7989237284
2873.1969778595,95.8057204666
2873.9109930130,95.8614981425
2874.6250081665,95.9397607945
2875.3390233201,95.9613597997
2876.0530384736,96.0797220415
2876.7670536272,96.2335317054
2877.4810687807,96.3789658573
2878.1950839343,96.6146507905
2878.9090990878,96.8657707667
2879.6231142414,97.0579702747
2880.3371293949,97.2463323419
2881.0511445484,97.5548865294
2881.7651597020,97.9120051583
2882.4791748555,98.1173635142
2883.1931900091,98.2139220982
2883.9072051626,98.1352868709
2884.6212203162,97.9193668323
2885.3352354697,97.9063763532
2886.0492506232,97.9069601786
2886.7632657768,97.8939249165
2887.4772809303,98.1858975208
2888.1912960839,98.3002086396
2888.9053112374,98.1391561836
2889.6193263910,98.1873402943
2890.3333415445,98.1369159370
2891.0473566981,97.9442172345
2891.7613718516,97.8764651674
2892.4753870051,97.6802924446
2893.1894021587,97.4673776513
2893.9034173122,97.3894753601
2894.6174324658,97.2964177196
2895.3314476193,97.2344456877
2896.0454627729,97.1087220728
2896.7594779264,96.9965753838
2897.4734930799,97.0625198446
2898.1875082335,97.0175021652
2898.9015233870,96.8682537893
2899.6155385406,96.8178618166
2900.3295536941,96.7694312260
2901.0435688477,96.7065691224
2901.7575840012,96.6128504181
2902.4715991547,96.5765038816
2903.1856143083,96.6636744410
2903.8996294618,96.6051967173
2904.6136446154,96.4416395456
2905.3276597689,96.3546985376
2906.0416749225,96.2336624591
2906.7556900760,96.1166603531
2907.4697052296,95.9900172609
2908.1837203831,95.8010628128
2908.8977355366,95.6810648720
2909.6117506902,95.5800074696
2910.3257658437,95.4595811387
2911.0397809973,95.3730218398
2911.7537961508,95.2598229694
2912.4678113044,95.0997951346
2913.1818264579,94.9196242540
2913.8958416114,94.8281533703
2914.6098567650,94.7786744326
2915.3238719185,94.5668100280
2916.0378870721,94.3359701721
2916.7519022256,94.1717313024
2917.4659173792,94.0084616722
2918.1799325327,93.9413715225
2918.8939476863,93.8312983332
2919.6079628398,93.6907347137
2920.3219779933,93.6497491850
2921.0359931469,93.5559759247
2921.7500083004,93.5650617834
2922.4640234540,93.6067445299
2923.1780386075,93.4671731047
2923.8920537611,93.5487732334
2924.6060689146,93.6460621090
2925.3200840681,93.4710497712
2926.0340992217,93.5940876046
2926.7481143752,93.8308157196
2927.4621295288,93.8072734953
2928.1761446823,93.9018461046
2928.8901598359,94.0876649296
2929.6041749894,94.2549242229
2930.3181901429,94.4405261249
2931.0322052965,94.4851228167
2931.7462204500,94.5093041798
2932.4602356036,94.5047740213
2933.1742507571,94.4091993825
2933.8882659107,94.4673134438
2934.6022810642,94.5780650646
2935.3162962178,94.6733809567
2936.0303113713,94.8530870767
2936.7443265248,95.0049831310
2937.4583416784,95.2029020054
2938.1723568319,95.3909918846
2938.8863719855,95.4972847245
2939.6003871390,95.7256490838
2940.3144022926,95.8113533015
2941.0284174461,95.7665220655
2941.7424325996,96.0390318122
2942.4564477532,96.2535085600
2943.1704629067,96.2653775171
2943.8844780603,96.5431423482
2944.5984932138,96.8841310086
2945.3125083674,97.1429518533
2946.0265235209,97.4571492518
2946.7405386745,97.5471715271
2947.4545538280,97.5895910002
2948.1685689815,97.9476886450
2948.8825841351,98.2384490574
2949.5965992886,98.3262167801
2950.3106144422,98.5394271407
2951.0246295957,98.7288828403
2951.7386447493,98.7467380941
2952.4526599028,98.9505317569
2953.1666750563,99.3140638047
2953.8806902099,99.4130788139
2954.5947053634,99.4642396596
2955.3087205170,99.8269628241
2956.0227356705,100.1572757954
2956.7367508241,100.2259547052
2957.4507659776,100.3340173536
2958.1647811312,100.5969328124
2958.8787962847,100.8183999890
2959.5928114382,100.9192143046
2960.3068265918,101.0841987479
2961.0208417453,101.3891359770
2961.7348568989,101.6149191844
2962.4488720524,101.7521019650
2963.1628872060,102.0221523317
2963.8769023595,102.4108833406
2964.5909175130,102.8237512867
2965.3049326666,103.2165744801
2966.0189478201,103.4744398159
2966.7329629737,103.7278757290
2967.4469781272,104.1012130430
2968.1609932808,104.2186713992
2968.8750084343,104.5424747614
2969.5890235878,106.3197208103
2970.3030387414,108.5847176446
2971.0170538949,108.2721073250
2971.7310690485,106.6850893462
2972.4450842020,106.3026283894
2973.1590993556,106.2400017076
2973.8731145091,106.0120439365
2974.5871296627,106.1798321064
2975.3011448162,106.5158390581
2976.0151599697,106.9607802439
2976.7291751233,107.7977173642
2977.4431902768,108.5839582486
2978.1572054304,109.2124553662
2978.8712205839,110.4594504823
2979.5852357375,111.6583002649
2980.2992508910,111.8881346876
2981.0132660445,113.2455574051
2981.7272811981,114.9392871438
2982.4412963516,111.5251968137
2983.1553115052,107.1995435311
2983.8693266587,105.9574090678
2984.5833418123,105.4600103536
2985.2973569658,104.9833290807
2986.0113721194,104.9864254203
2986.7253872729,104.6737196118
2987.4394024264,104.2058892243
2988.1534175800,103.9483162075
2988.8674327335,103.7663372606
2989.5814478871,103.9296950564
2990.2954630406,103.8890650560
2991.0094781942,103.5590819915
2991.7234933477,103.5677145105
2992.4375085012,103.4222615670
2993.1515236548,103.1403747170
2993.8655388083,102.9905834967
2994.5795539619,102.6656581322
2995.2935691154,102.5997319230
2996.0075842690,102.5042054829
2996.7215994225,102.0188592295
2997.4356145760,101.9525629229
2998.1496297296,101.8985322528
2998.8636448831,101.5156050965
2999.5776600367,101.3734586786
3000.2916751902,100.9416184741
3001.0056903438,100.2995096270
3001.7197054973,100.0579545025
3002.4337206509,99.7719250412
3003.1477358044,99.4040393066
3003.8617509579,99.0556409675
3004.5757661115,98.5878256353
3005.2897812650,98.2400857131
3006.0037964186,97.9004693383
3006.7178115721,97.5110523829
3007.4318267257,97.1848660731
3008.1458418792,96.8368236930
3008.8598570327,96.6112447063
3009.5738721863,96.3323913376
3010.2878873398,95.9762281244
3011.0019024934,95.9093954125
3011.7159176469,95.7063560219
3012.4299328005,95.2876226645
3013.1439479540,95.1556627844
3013.8579631076,95.0547384109
3014.5719782611,94.8933946284
3015.2859934146,94.7935514301
3016.0000085682,94.6186791969
3016.7140237217,94.5335678281
3017.4280388753,94.4481821359
3018.1420540288,94.2899578322
3018.8560691824,94.2850494710
3019.5700843359,94.1968961749
3020.2840994894,94.0516353383
3020.9981146430,94.0275997562
3021.7121297965,93.8926665625
3022.4261449501,93.8417599718
3023.1401601036,93.8849859491
3023.8541752572,93.7427203650
3024.5681904107,93.7024423020
3025.2822055642,93.7011476449
3025.9962207178,93.5400372628
3026.7102358713,93.5247765512
3027.4242510249,93.5712202835
3028.1382661784,93.5502349604
3028.8522813320,93.5652165695
3029.5662964855,93.4864242878
3030.2803116391,93.3793819625
3030.9943267926,93.3150728908
3031.7083419461,93.2018987286
3032.4223570997,93.2066178146
3033.1363722532,93.2985166245
3033.8503874068,93.2248843459
3034.5644025603,93.0613738695
3035.2784177139,93.0318949259
3035.9924328674,93.0699463246
3036.7064480209,92.9833055489
3037.4204631745,92.9323730814
3038.1344783280,93.0014737432
3038.8484934816,92.9070301875
3039.5625086351,92.7910469871
3040.2765237887,92.8970833814
3040.9905389422,92.9441363028
3041.7045540958,92.8286536033
3042.4185692493,92.7651423361
3043.1325844028,92.7877235874
3043.8465995564,92.7294455306
3044.5606147099,92.5996213642
3045.2746298635,92.6408816127
3045.9886450170,92.6525562302
3046.7026601706,92.4647175930
3047.4166753241,92.4782227343
3048.1306904776,92.4871232932
3048.8447056312,92.2298168773
3049.5587207847,92.2698501833
3050.2727359383,92.4556469239
3050.9867510918,92.3080537005
3051.7007662454,92.2189662664
3052.4147813989,92.2907592034
3053.1287965524,92.1981881277
3053.8428117060,92.0848656621
3054.5568268595,92.1379387830
3055.2708420131,92.1744784690
3055.9848571666,92.0392783331
3056.6988723202,91.9044970279
3057.4128874737,91.8743557940
3058.1269026273,91.8785401389
3058.8409177808,91.9530736460
3059.5549329343,91.9400680505
3060.2689480879,91.8321219570
3060.9829632414,91.8701464019
3061.6969783950,91.8315527734
3062.4109935485,91.7389946889
3063.1250087021,91.8025154024
3063.8390238556,91.6527367614
3064.5530390091,91.5303428530
3065.2670541627,91.7835037836
3065.9810693162,91.7890010823
3066.6950844698,91.5807733242
3067.4090996233,91.6091515735
3068.1231147769,91.6092032945
3068.8371299304,91.5717775541
3069.5511450840,91.5898475273
3070.2651602375,91.5317034846
3070.9791753910,91.5344109074
3071.6931905446,91.5524473330
3072.4072056981,91.5133911122
3073.1212208517,91.5804892392
3073.8352360052,91.6025528036
3074.5492511588,91.5060900472
3075.2632663123,91.5678179678
3075.9772814658,91.7413344318
3076.6912966194,91.6928974590
3077.4053117729,91.5157313804
3078.1193269265,91.5681269869
3078.8333420800,91.6509717086
3079.5473572336,91.5154503358
3080.2613723871,91.4985323612
3080.9753875406,91.5992067486
3081.6894026942,91.5651476459
3082.4034178477,91.5834936475
3083.1174330013,91.6535616444
3083.8314481548,91.6499411913
3084.5454633084,91.7117332578
3085.2594784619,91.8026585852
3085.9734936155,91.8099825540
3086.6875087690,91.7619487749
3087.4015239225,91.7352008236
3088.1155390761,91.7793750674
3088.8295542296,91.7748810439
3089.5435693832,91.7497212042
3090.2575845367,91.8173216037
3090.9715996903,91.8257810308
3091.6856148438,91.8257267313
3092.3996299973,91.9383505911
3093.1136451509,91.9555640409
3093.8276603044,91.8824735173
3094.5416754580,91.9147008939
3095.2556906115,91.9829025331
3095.9697057651,91.9288705675
3096.6837209186,91.8388565625
3097.3977360722,91.9733076628
3098.1117512257,92.1648192997
3098.8257663792,92.0708161252
3099.5397815328,91.9512700339
3100.2537966863,92.0053682335
3100.9678118399,92.0177836168
3101.6818269934,92.0351447009
3102.3958421470,92.0799419488
3103.1098573005,92.0747115843
3103.8238724540,92.1423152463
3104.5378876076,92.1534286337
3105.2519027611,92.0422565927
3105.9659179147,92.1173639736
3106.6799330682,92.2500784078
3107.3939482218,92.1634658736
3108.1079633753,92.1184236417
3108.8219785289,92.1711807667
3109.5359936824,92.1170150528
3110.2500088359,92.1366551663
3110.9640239895,92.2366074622
3111.6780391430,92.2077920124
3112.3920542966,92.2186065274
3113.1060694501,92.2329280241
3113.8200846037,92.1407399618
3114.5340997572,92.2567999412
3115.2481149107,92.3800303056
3115.9621300643,92.2180948209
3116.6761452178,92.2482436449
3117.3901603714,92.4302561177
3118.1041755249,92.3542866855
3118.8181906785,92.2586913384
3119.5322058320,92.2488754784
3120.2462209855,92.2848907392
3120.9602361391,92.4605725075
3121.6742512926,92.4465019355
3122.3882664462,92.2057649333
3123.1022815997,92.1894060781
3123.8162967533,92.2910277878
3124.5303119068,92.2874918261
3125.2443270604,92.3241678090
3125.9583422139,92.3522197571
3126.6723573674,92.2640394490
3127.3863725210,92.2410068764
3128.1003876745,92.2995027202
3128.8144028281,92.2582890457
3129.5284179816,92.2639773002
3130.2424331352,92.3776515395
3130.9564482887,92.3227101420
3131.6704634422,92.2220567551
3132.3844785958,92.2182718797
3133.0984937493,92.0949750857
3133.8125089029,92.0287041717
3134.5265240564,92.1458145097
3135.2405392100,92.2012891271
3135.9545543635,92.1924797150
3136.6685695171,92.1177901206
3137.3825846706,92.0536923521
3138.0965998241,92.1581729847
3138.8106149777,92.1627937545
3139.5246301312,92.0260062476
3140.2386452848,91.9495410659
3140.9526604383,91.8850160696
3141.6666755919,91.9446648605
3142.3806907454,91.9889037583
3143.0947058989,91.8431249751
3143.8087210525,91.8684553177
3144.5227362060,91.9422966911
3145.2367513596,91.8688045166
3145.9507665131,91.9436440395
3146.6647816667,91.9241946017
3147.3787968202,91.7461639050
3148.0928119737,91.8034903141
3148.8068271273,91.8420051689
3149.5208422808,91.7578859519
3150.2348574344,91.8038158259
3150.9488725879,91.7561525065
3151.6628877415,91.5623852258
3152.3769028950,91.4908590992
3153.0909180486,91.5083735494
3153.8049332021,91.4461273498
3154.5189483556,91.3584072973
3155.2329635092,91.3936344709
3155.9469786627,91.3932382788
3156.6609938163,91.2862844875
3157.3750089698,91.3454182097
3158.0890241234,91.4478667934
3158.8030392769,91.3790241372
3159.5170544304,91.3050535783
3160.2310695840,91.2441717214
3160.9450847375,91.2161118798
3161.6590998911,91.2738959486
3162.3731150446,91.2149530402
3163.0871301982,91.0701710378
3163.8011453517,91.0490506532
3164.5151605053,91.0745120035
3165.2291756588,91.0014805557
3165.9431908123,90.9120870819
3166.6572059659,90.9470896972
3167.3712211194,90.9613579828
3168.0852362730,90.8709566234
3168.7992514265,90.8511551222
3169.5132665801,90.8402480679
3170.2272817336,90.7817181172
3170.9412968871,90.7267594790
3171.6553120407,90.6463596545
3172.3693271942,90.7025485157
3173.0833423478,90.7013933260
3173.7973575013,90.4294538969
3174.5113726549,90.4101658823
3175.2253878084,90.5487715695
3175.9394029619,90.4021576176
3176.6534181155,90.3566057005
3177.3674332690,90.3630926189
3178.0814484226,90.1769260501
3178.7954635761,90.1689782491
3179.5094787297,90.2082151777
3180.2234938832,90.0861400380
3180.9375090368,90.0554670861
3181.6515241903,90.1049039424
3182.3655393438,90.0772294828
3183.0795544974,89.9062945917
3183.7935696509,89.7856391970
3184.5075848045,89.8700398027
3185.2215999580,89.8193342005
3185.9356151116,89.6851209787
3186.6496302651,89.6780371767
3187.3636454186,89.5479796394
3188.0776605722,89.5053666187
3188.7916757257,89.6133779536
3189.5056908793,89.4763772151
3190.2197060328,89.3542796675
3190.9337211864,89.3293491436
3191.6477363399,89.1695249215
3192.3617514935,89.2093904210
3193.0757666470,89.3884290056
3193.7897818005,89.3368509997
3194.5037969541,89.2091200123
3195.2178121076,89.0996275938
3195.9318272612,89.0415930748
3196.6458424147,89.1163875688
3197.3598575683,89.0686063679
3198.0738727218,88.8627458256
3198.7878878753,88.8723300831
3199.5019030289,88.9834061620
3200.2159181824,88.8096999433
3200.9299333360,88.6318607136
3201.6439484895,88.6914617143
3202.3579636431,88.6308323894
3203.0719787966,88.5489466789
3203.7859939501,88.5980914029
3204.5000091037,88.4081615822
3205.2140242572,88.2199240864
3205.9280394108,88.2997704383
3206.6420545643,88.2618553670
3207.3560697179,88.1791484088
3208.0700848714,88.2061930660
3208.7841000250,88.1718502068
3209.4981151785,88.1360064699
3210.2121303320,88.0307819915
3210.9261454856,87.8746613366
3211.6401606391,87.8615250382
3212.3541757927,87.8355870115
3213.0681909462,87.7828565185
3213.7822060998,87.7596538445
3214.4962212533,87.6275470550
3215.2102364068,87.5420670607
3215.9242515604,87.5446300736
3216.6382667139,87.4771186295
3217.3522818675,87.3967841297
3218.0662970210,87.3189518559
3218.7803121746,87.2442116343
3219.4943273281,87.1747319172
3220.2083424817,87.1080858220
3220.9223576352,87.1485670455
3221.6363727887,87.1082502230
3222.3503879423,86.8849256030
3223.0644030958,86.8421902781
3223.7784182494,86.9827294333
3224.4924334029,86.9373436458
3225.2064485565,86.7250771538
3225.9204637100,86.6916539159
3226.6344788635,86.7427591878
3227.3484940171,86.4860456394
3228.0625091706,86.3085977308
3228.7765243242,86.5060051503
3229.4905394777,86.4726168717
3230.2045546313,86.2839413462
3230.9185697848,86.3340237636
3231.6325849384,86.2425147796
3232.3466000919,86.0544618154
3233.0606152454,86.0179636519
3233.7746303990,85.8992032641
3234.4886455525,85.7915372694
3235.2026607061,85.8083985588
3235.9166758596,85.7348385395
3236.6306910132,85.5858167828
3237.3447061667,85.5447408921
3238.0587213202,85.5593624415
3238.7727364738,85.4186289951
3239.4867516273,85.2779297603
3240.2007667809,85.2917537662
3240.9147819344,85.2197688075
3241.6287970880,85.1706399377
3242.3428122415,85.1431986749
3243.0568273950,84.9314758700
3243.7708425486,84.9342369341
3244.4848577021,84.9662472397
3245.1988728557,84.6015284581
3245.9128880092,84.4496018881
3246.6269031628,84.4829537318
3247.3409183163,84.3186705061
3248.0549334699,84.3266392949
3248.7689486234,84.3800326510
3249.4829637769,84.2405993422
3250.1969789305,84.0918977799
3250.9109940840,83.8862450448
3251.6250092376,83.7187256808
3252.3390243911,83.6506379835
3253.0530395447,83.5832360525
3253.7670546982,83.5107714455
3254.4810698517,83.3343602348
3255.1950850053,83.3138274812
3255.9091001588,83.3959481239
3256.6231153124,83.1290212849
3257.3371304659,82.9611979298
3258.0511456195,83.0009342901
3258.7651607730,82.8279676738
3259.4791759266,82.8031348387
3260.1931910801,82.7544804161
3260.9072062336,82.4109374799
3261.6212213872,82.3751907445
3262.3352365407,82.4599135005
3263.0492516943,82.2377628915
3263.7632668478,82.0390276456
3264.4772820014,82.0243589972
3265.1912971549,82.0633095787
3265.9053123084,81.9458345528
3266.6193274620,81.7559808239
3267.3333426155,81.6800595436
3268.0473577691,81.5286087214
3268.7613729226,81.4796720119
3269.4753880762,81.5527122320
3270.1894032297,81.3898789906
3270.9034183832,81.3333137713
3271.6174335368,81.4135133375
3272.3314486903,81.3325115592
3273.0454638439,81.2468567653
3273.7594789974,81.0204387643
3274.4734941510,80.9905994481
3275.1875093045,81.3506210579
3275.9015244581,81.2553835188
3276.6155396116,81.0249110931
3277.3295547651,81.1905173069
3278.0435699187,81.0965287120
3278.7575850722,81.0572186365
3279.4716002258,81.3466375096
3280.1856153793,81.3330668073
3280.8996305329,81.2335537001
3281.6136456864,81.2609092171
3282.3276608399,81.2088268104
3283.0416759935,81.3078550235
3283.7556911470,81.5418901454
3284.4697063006,81.6756340088
3285.1837214541,81.6889927073
3285.8977366077,81.6966681081
3286.6117517612,81.8714823869
3287.3257669148,82.0882683458
3288.0397820683,82.1642330745
3288.7537972218,82.1543295600
3289.4678123754,82.2542521560
3290.1818275289,82.5483862757
3290.8958426825,82.6982526469
3291.6098578360,82.7069976258
3292.3238729896,82.8782920969
3293.0378881431,82.9386817481
3293.7519032966,82.9918580186
3294.4659184502,83.2927142948
3295.1799336037,83.4381875829
3295.8939487573,83.5455958595
3296.6079639108,83.8041687297
3297.3219790644,83.9159807809
3298.0359942179,84.0453104425
3298.7500093714,84.1932845366
3299.4640245250,84.1733769264
3300.1780396785,84.2660774768
3300.8920548321,84.4900021027
3301.6060699856,84.6847222829
3302.3200851392,84.8142896535
3303.0341002927,84.8858192456
3303.7481154463,85.0491778895
3304.4621305998,85.2107026794
3305.1761457533,85.3917323917
3305.8901609069,85.6835934424
3306.6041760604,85.7678091452
3307.3181912140,85.8462631503
3308.0322063675,86.0906681527
3308.7462215211,86.1083655095
3309.4602366746,86.2223663411
3310.1742518281,86.5048337893
3310.8882669817,86.4831220527
3311.6022821352,86.5585721643
3312.3162972888,86.8320692048
3313.0303124423,86.9025652754
3313.7443275959,87.0343521329
3314.4583427494,87.2367318087
3315.1723579030,87.2428046813
3315.8863730565,87.2892729993
3316.6003882100,87.5087780234
3317.3144033636,87.6944034707
3318.0284185171,87.7954370252
3318.7424336707,87.9885561133
3319.4564488242,88.1112578525
3320.1704639778,87.9755995406
3320.8844791313,88.0233152291
3321.5984942848,88.3277647202
3322.3125094384,88.5099643453
3323.0265245919,88.6367173310
3323.7405397455,88.7311766646
3324.4545548990,88.8382103635
3325.1685700526,88.9581411484
3325.8825852061,88.8860957513
3326.5966003596,89.0199968169
3327.3106155132,89.2630250967
3328.0246306667,89.1424461895
3328.7386458203,89.3249674053
3329.4526609738,89.6555303171
3330.1666761274,89.4877534874
3330.8806912809,89.5429838195
3331.5947064345,89.7222864569
3332.3087215880,89.6059669091
3333.0227367415,89.7948143556
3333.7367518951,89.9540217049
3334.4507670486,89.8775597461
3335.1647822022,90.1005726567
3335.8787973557,90.1741397216
3336.5928125093,89.9719303756
3337.3068276628,90.0067682214
3338.0208428163,90.2053673989
3338.7348579699,90.4004032208
3339.4488731234,90.3971362252
3340.1628882770,90.3242330394
3340.8769034305,90.4979352418
3341.5909185841,90.5970073851
3342.3049337376,90.6128839402
3343.0189488912,90.7372656015
3343.7329640447,90.8013946658
3344.4469791982,90.9610687778
3345.1609943518,91.0631843002
3345.8750095053,90.9573461651
3346.5890246589,91.0677615835
3347.3030398124,91.1648377349
3348.0170549660,91.0789620071
3348.7310701195,91.1713837074
3349.4450852730,91.2443799755
3350.1591004266,91.2233053766
3350.8731155801,91.2478026824
3351.5871307337,91.2486721532
3352.3011458872,91.3506491681
3353.0151610408,91.4101342823
3353.7291761943,91.3891122679
3354.4431913478,91.5389207218
3355.1572065014,91.6105903527
3355.8712216549,91.5471272144
3356.5852368085,91.4962234692
3357.2992519620,91.4374243089
3358.0132671156,91.6102777086
3358.7272822691,91.7273624426
3359.4412974227,91.5825482306
3360.1553125762,91.7338699021
3360.8693277297,91.9158063529
3361.5833428833,91.8038284666
3362.2973580368,91.8534477300
3363.0113731904,91.9267713137
3363.7253883439,91.9041382019
3364.4394034975,91.9534554637
3365.1534186510,91.8643737470
3365.8674338045,91.8446459451
3366.5814489581,91.9894363345
3367.2954641116,91.9144469217
3368.0094792652,91.8606967759
3368.7234944187,91.9944054187
3369.4375095723,91.9839203430
3370.1515247258,91.9767985798
3370.8655398794,92.1628305231
3371.5795550329,92.2067014061
3372.2935701864,92.0409392435
3373.0075853400,92.0361682007
3373.7216004935,92.1221981304
3374.4356156471,92.0723631436
3375.1496308006,92.2032421555
3375.8636459542,92.4492562953
3376.5776611077,92.4071062596
3377.2916762612,92.3348897464
3378.0056914148,92.3376143942
3378.7197065683,92.2221614159
3379.4337217219,92.2119925330
3380.1477368754,92.2974137446
3380.8617520290,92.3049746786
3381.5757671825,92.3585825085
3382.2897823361,92.4499265830
3383.0037974896,92.4821297955
3383.7178126431,92.4222391356
3384.4318277967,92.3753509465
3385.1458429502,92.4830874936
3385.8598581038,92.5283347315
3386.5738732573,92.4978542246
3387.2878884109,92.6289905339
3388.0019035644,92.7056693796
3388.7159187179,92.6102112660
3389.4299338715,92.5160884907
3390.1439490250,92.4375732579
3390.8579641786,92.4866654688
3391.5719793321,92.6376639406
3392.2859944857,92.5995506162
3393.0000096392,92.4543250785
3393.7140247927,92.5358836862
3394.4280399463,92.7235599424
3395.1420550998,92.7105554556
3395.8560702534,92.7129479647
3396.5700854069,92.8702213748
3397.2841005605,92.7896480053
3397.9981157140,92.6624911908
3398.7121308676,92.7553181288
3399.4261460211,92.7108785949
3400.1401611746,92.7138683225
3400.8541763282,92.8106209800
3401.5681914817,92.6822278423
3402.2822066353,92.8268331033
3402.9962217888,93.0370493086
3403.7102369424,92.7273925682
3404.4242520959,92.7238899272
3405.1382672494,93.0242917124
3405.8522824030,92.8352464679
3406.5662975565,92.7866910833
3407.2803127101,93.0804463563
3407.9943278636,92.9971195560
3408.7083430172,92.7322011654
3409.4223581707,92.7175062653
3410.1363733243,92.9334495414
3410.8503884778,93.1889026556
3411.5644036313,93.2312691595
3412.2784187849,93.1383696386
3412.9924339384,93.0529931119
3413.7064490920,92.9743691527
3414.4204642455,92.9883140562
3415.1344793991,93.0068633731
3415.8484945526,93.0662049784
3416.5625097061,93.2768528338
3417.2765248597,93.2470337785
3417.9905400132,93.0053793979
3418.7045551668,93.1277436719
3419.4185703203,93.3137969391
3420.1325854739,93.0755460554
3420.8466006274,92.9152189168
3421.5606157809,93.1416933641
3422.2746309345,93.3467262656
3422.9886460880,93.3688784675
3423.7026612416,93.2852772020
3424.4166763951,93.2081971063
3425.1306915487,93.2627202680
3425.8447067022,93.3713823014
3426.5587218558,93.4857392839
3427.2727370093,93.5090633577
3427.9867521628,93.2980436372
3428.7007673164,93.2426849223
3429.4147824699,93.4549471461
3430.1287976235,93.4336309472
3430.8428127770,93.3447097607
3431.5568279306,93.4475874795
3432.2708430841,93.4694868300
3432.9848582376,93.5434597898
3433.6988733912,93.6400519436
3434.4128885447,93.4929863890
3435.1269036983,93.4705551935
3435.8409188518,93.6286381948
3436.5549340054,93.5841919511
3437.2689491589,93.5063465928
3437.9829643125,93.5897877948
3438.6969794660,93.6599327855
3439.4109946195,93.6156080911
3440.1250097731,93.6371348080
3440.8390249266,93.8300564641
3441.5530400802,93.8027241512
3442.2670552337,93.5403475153
3442.9810703873,93.6320037421
3443.6950855408,93.7742565236
3444.4091006943,93.5362769150
3445.1231158479,93.6168199643
3445.8371310014,94.0286612335
3446.5511461550,93.7084650572
3447.2651613085,93.0317067172
3447.9791764621,93.3340574637
3448.6931916156,93.8325912474
3449.4072067691,93.7102483354
3450.1212219227,93.6893927003
3450.8352370762,93.8728649569
3451.5492522298,93.8080971575
3452.2632673833,93.8987379319
3452.9772825369,94.0044658077
3453.6912976904,93.8089032936
3454.4053128440,93.8775554135
3455.1193279975,94.0246556789
3455.8333431510,93.8534032007
3456.5473583046,93.9109062188
3457.2613734581,94.0653919267
3457.9753886117,93.8979903843
3458.6894037652,93.8800756479
3459.4034189188,93.9915151445
3460.1174340723,93.8381653039
3460.8314492258,93.8209594516
3461.5454643794,94.0028905759
3462.2594795329,93.8998460679
3462.9734946865,93.8042179044
3463.6875098400,93.9490203961
3464.4015249936,93.9376308741
3465.1155401471,93.9512008420
3465.8295553007,94.0671845185
3466.5435704542,93.8967670603
3467.2575856077,93.8120098055
3467.9716007613,94.0104181850
3468.6856159148,94.1168290898
3469.3996310684,94.2439762595
3470.1136462219,94.1846961749
3470.8276613755,93.8431013329
3471.5416765290,93.8693256111
3472.2556916825,94.0930227365
3472.9697068361,94.1110891806
3473.6837219896,94.1811041163
3474.3977371432,94.1801989982
3475.1117522967,94.0242680013
3475.8257674503,94.0172980034
3476.5397826038,94.1319788225
3477.2537977573,94.1864635494
3477.9678129109,94.1763677438
3478.6818280644,94.2965097631
3479.3958432180,94.3025984806
3480.1098583715,93.9949309102
3480.8238735251,94.0633934463
3481.5378886786,94.1987340502
3482.2519038322,93.7616745800
3482.9659189857,93.8070976268
3483.6799341392,94.2446358899
3484.3939492928,94.1831689055
3485.1079644463,94.1705153834
3485.8219795999,94.2775402418
3486.5359947534,94.3049909899
3487.2500099070,94.5058934945
3487.9640250605,94.3691294800
3488.6780402140,94.1451411662
3489.3920553676,94.4070621084
3490.1060705211,94.4577127904
3490.8200856747,94.3105576493
3491.5341008282,94.3671164488
3492.2481159818,94.3703177624
3492.9621311353,94.4372756851
3493.6761462889,94.5445293329
3494.3901614424,94.4927488473
3495.1041765959,94.4548887667
3495.8181917495,94.4388429789
3496.5322069030,94.4212459236
3497.2462220566,94.4471452236
3497.9602372101,94.5143226922
3498.6742523637,94.5205587448
3499.3882675172,94.4025152674
3500.1022826707,94.5665915366
3500.8162978243,94.7814190944
3501.5303129778,94.5461288674
3502.2443281314,94.4377218086
3502.9583432849,94.3866342656
3503.6723584385,94.1342918850
3504.3863735920,94.3544176844
3505.1003887456,94.5893826511
3505.8144038991,94.5837458729
3506.5284190526,94.7639374472
3507.2424342062,94.8236985279
3507.9564493597,94.9356070745
3508.6704645133,94.8473019682
3509.3844796668,94.1225848463
3510.0984948204,94.2383857515
3510.8125099739,94.8241905774
3511.5265251274,94.6765014124
3512.2405402810,94.7235756142
3512.9545554345,94.9712059162
3513.6685705881,94.7946499796
3514.3825857416,94.7073851760
3515.0966008952,94.7797976104
3515.8106160487,94.9177555433
3516.5246312022,94.8666823418
3517.2386463558,94.6756729701
3517.9526615093,94.9769255543
3518.6666766629,95.1131132678
3519.3806918164,94.9430231450
3520.0947069700,95.0398067547
3520.8087221235,94.9173187768
3521.5227372771,95.1027515957
3522.2367524306,95.3225609912
3522.9507675841,94.4787267854
3523.6647827377,94.3606077248
3524.3787978912,94.8890882550
3525.0928130448,94.7137482740
3525.8068281983,95.0623777352
3526.5208433519,95.2056773777
3527.2348585054,94.6690864321
3527.9488736589,95.0534151231
3528.6628888125,95.1161900042
3529.3769039660,94.7719936464
3530.0909191196,95.3024966735
3530.8049342731,95.2813464914
3531.5189494267,94.9403280975
3532.2329645802,95.3217918798
3532.9469797338,95.3980897415
3533.6609948873,95.2264411057
3534.3750100408,95.3910479078
3535.0890251944,95.6690079464
3535.8030403479,95.4387311755
3536.5170555015,94.6445576041
3537.2310706550,94.9434198444
3537.9450858086,95.6248647919
3538.6591009621,95.3151752733
3539.3731161156,95.3760205516
3540.0871312692,95.6181984663
3540.8011464227,95.4285512014
3541.5151615763,95.7789250456
3542.2291767298,95.8099878309
3542.9431918834,95.4102958271
3543.6572070369,96.0324862726
3544.3712221904,96.2522352648
3545.0852373440,95.5219895357
3545.7992524975,95.8950050237
3546.5132676511,96.2249470623
3547.2272828046,95.5724179152
3547.9412979582,95.5819836502
3548.6553131117,96.0495480657
3549.3693282653,95.9670598637
3550.0833434188,95.8406562954
3550.7973585723,96.3607495625
3551.5113737259,96.5870368400
3552.2253888794,96.0179832427
3552.9394040330,96.0041603597
3553.6534191865,96.0998920052
3554.3674343401,95.7471910216
3555.0814494936,95.8397881095
3555.7954646471,96.0617058129
3556.5094798007,96.0474010307
3557.2234949542,96.0672322828
3557.9375101078,96.0469653023
3558.6515252613,96.4293569361
3559.3655404149,96.5988793413
3560.0795555684,95.9800282113
3560.7935707220,96.1000403107
3561.5075858755,96.4216412758
3562.2216010290,96.3745050158
3562.9356161826,96.6987234126
3563.6496313361,96.3677877909
3564.3636464897,96.4841708795
3565.0776616432,97.9045196958
3565.7916767968,97.2398425643
3566.5056919503,95.9670029405
3567.2197071038,97.6255582776
3567.9337222574,96.9193448054
3568.6477374109,95.1534919550
3569.3617525645,96.4006772684
3570.0757677180,96.9419712601
3570.7897828716,96.2166328231
3571.5037980251,96.4821814797
3572.2178131786,96.7192621528
3572.9318283322,96.6193463711
3573.6458434857,96.9429227924
3574.3598586393,96.7613489726
3575.0738737928,96.4773826958
3575.7878889464,96.8877450267
3576.5019040999,96.9565687727
3577.2159192535,96.6055494769
3577.9299344070,96.7244687732
3578.6439495605,97.0864625582
3579.3579647141,97.0791250828
3580.0719798676,96.6352367974
3580.7859950212,96.6239253143
3581.5000101747,96.9787338994
3582.2140253283,96.8522685183
3582.9280404818,96.9622792907
3583.6420556353,97.1643449049
3584.3560707889,96.7352815421
3585.0700859424,97.7706381342
3585.7841010960,99.1472492262
3586.4981162495,96.8555443125
3587.2121314031,96.6543962746
3587.9261465566,98.6824239251
3588.6401617102,96.6402746737
3589.3541768637,95.6998098139
3590.0681920172,97.2910443727
3590.7822071708,96.9887462554
3591.4962223243,97.0041251775
3592.2102374779,98.2357747711
3592.9242526314,97.2392941002
3593.6382677850,96.7252007776
3594.3522829385,97.9653915166
3595.0662980920,97.6355927460
3595.7803132456,96.7103860568
3596.4943283991,97.0459957141
3597.2083435527,97.5745463074
3597.9223587062,97.6674539062
3598.6363738598,97.0571863340
3599.3503890133,97.3582722167
3600.0644041668,97.9318006670
3600.7784193204,97.0635705683
3601.4924344739,96.9743844890
3602.2064496275,97.4506642320
3602.9204647810,97.1556991760
3603.6344799346,97.5498360671
3604.3484950881,97.6509336848
3605.0625102417,97.3223207646
3605.7765253952,98.5488428497
3606.4905405487,98.6484493599
3607.2045557023,96.6255350655
3607.9185708558,98.0391946205
3608.6325860094,99.7947836358
3609.3466011629,97.1934952457
3610.0606163165,96.2310677493
3610.7746314700,97.8917215863
3611.4886466235,99.4729367736
3612.2026617771,98.7355308131
3612.9166769306,97.0753504418
3613.6306920842,97.9373086494
3614.3447072377,98.6228177410
3615.0587223913,96.8000491960
3615.7727375448,97.0177728257
3616.4867526984,99.1847148673
3617.2007678519,98.8054594143
3617.9147830054,97.5475567665
3618.6287981590,99.4285620218
3619.3428133125,99.0995897083
3620.0568284661,97.0323676190
3620.7708436196,97.7006510259
3621.4848587732,97.4173796926
3622.1988739267,97.4541652804
3622.9128890802,98.5228727884
3623.6269042338,98.0417100209
3624.3409193873,98.0007626324
3625.0549345409,98.9664607871
3625.7689496944,98.2349972061
3626.4829648480,98.2284728710
3627.1969800015,100.0255855831
3627.9109951551,101.4851684142
3628.6250103086,101.3562018446
3629.3390254621,98.3653327912
3630.0530406157,97.0998861113
3630.7670557692,98.0094057833
3631.4810709228,98.2538866808
3632.1950860763,98.7246485633
3632.9091012299,99.7107151769
3633.6231163834,98.9398380602
3634.3371315369,98.1529137360
3635.0511466905,99.1386275160
3635.7651618440,99.7583641190
3636.4791769976,99.9740516368
3637.1931921511,99.8555035680
3637.9072073047,99.0840153343
3638.6212224582,98.8107322046
3639.3352376117,99.3391634278
3640.0492527653,99.6489042600
3640.7632679188,99.6806096255
3641.4772830724,99.8343634050
3642.1912982259,99.6475052324
3642.9053133795,99.1271210672
3643.6193285330,99.7015718416
3644.3333436866,100.0206269349
3645.0473588401,99.8056523540
3645.7613739936,101.5305651077
3646.4753891472,102.8910722369
3647.1894043007,99.9234788428
3647.9034194543,100.9133843947
3648.6174346078,102.8921988492
3649.3314497614,101.3713671523
3650.0454649149,101.6883039039
3650.7594800684,101.5708623621
3651.4734952220,98.9081851612
3652.1875103755,99.8040572941
3652.9015255291,100.7020826488
3653.6155406826,100.1231005088
3654.3295558362,100.5883900547
3655.0435709897,102.4905904282
3655.7575861433,102.9036655963
3656.4716012968,99.8906847458
3657.1856164503,99.4673119917
3657.8996316039,100.3797824850
3658.6136467574,100.4812834372
3659.3276619110,100.4385706590
3660.0416770645,100.7087364570
3660.7556922181,100.3932071494
3661.4697073716,100.4596756802
3662.1837225251,100.5749434176
3662.8977376787,100.1512537513
3663.6117528322,100.2179581802
3664.3257679858,100.1180094598
3665.0397831393,100.2014725137
3665.7537982929,100.5389933944
3666.4678134464,99.9258037169
3667.1818285999,100.9452017232
3667.8958437535,102.7398424071
3668.6098589070,100.8318704063
3669.3238740606,101.3856824272
3670.0378892141,103.9709278066
3670.7519043677,99.7464045055
3671.4659195212,98.5207895381
3672.1799346748,100.3811745655
3672.8939498283,100.6063989384
3673.6079649818,101.7399515639
3674.3219801354,104.2360652341
3675.0359952889,103.3071384998
3675.7500104425,100.4683798920
3676.4640255960,99.0200587776
3677.1780407496,98.4348796909
3677.8920559031,99.5708755739
3678.6060710566,100.3631515125
3679.3200862102,99.4898167335
3680.0341013637,98.6925669392
3680.7481165173,99.0010610673
3681.4621316708,99.1903530350
3682.1761468244,98.8685544765
3682.8901619779,98.9296597411
3683.6041771315,99.1315823704
3684.3181922850,98.6544000493
3685.0322074385,98.9758547031
3685.7462225921,99.2517846355
3686.4602377456,99.2117867687
3687.1742528992,101.4676304405
3687.8882680527,103.1740408100
3688.6022832063,96.8750515862
3689.3162983598,97.7674750062
3690.0303135133,100.4812675976
3690.7443286669,100.0139022913
3691.4583438204,97.2430309560
3692.1723589740,98.0706500297
3692.8863741275,98.8324191250
3693.6003892811,98.5801532325
3694.3144044346,98.3527226672
3695.0284195881,98.5125220302
3695.7424347417,98.7027403229
3696.4564498952,98.7222449105
3697.1704650488,98.4133457014
3697.8844802023,98.4061852072
3698.5984953559,98.6927483528
3699.3125105094,98.3850488816
3700.0265256630,98.6632530956
3700.7405408165,99.9231251992
3701.4545559700,99.3462230332
3702.1685711236,97.5018979865
3702.8825862771,97.9240391987
3703.5966014307,98.3481293533
3704.3106165842,98.2131042479
3705.0246317378,98.3162715124
3705.7386468913,98.5435929097
3706.4526620448,98.5394586353
3707.1666771984,98.5378238088
3707.8806923519,99.3312086816
3708.5947075055,100.6554324879
3709.3087226590,99.1580306552
3710.0227378126,97.8170875437
3710.7367529661,99.9511953730
3711.4507681197,102.1188488234
3712.1647832732,97.9286683156
3712.8787984267,97.1663321068
3713.5928135803,98.5630751875
3714.3068287338,98.5453348636
3715.0208438874,98.0586879094
3715.7348590409,98.4260538069
3716.4488741945,98.3458417131
3717.1628893480,98.4564888422
3717.8769045015,99.2028392978
3718.5909196551,99.0209574193
3719.3049348086,98.2735461478
3720.0189499622,98.4162400247
3720.7329651157,99.1470877134
3721.4469802693,99.9458197766
3722.1609954228,98.6773335918
3722.8750105763,97.6884664586
3723.5890257299,98.6030532103
3724.3030408834,98.8650026554
3725.0170560370,98.6038010901
3725.7310711905,99.1783211846
3726.4450863441,98.6025222543
3727.1591014976,97.7720502813
3727.8731166512,98.2685994420
3728.5871318047,98.6562829230
3729.3011469582,98.6800249622
3730.0151621118,98.6737361277
3730.7291772653,100.1368762185
3731.4431924189,102.1432805347
3732.1572075724,98.3217771849
3732.8712227260,97.6547983681
3733.5852378795,100.8027603272
3734.2992530330,100.8193868633
3735.0132681866,97.7375924610
3735.7272833401,100.1072138700
3736.4412984937,99.2813222864
3737.1553136472,98.2560787730
3737.8693288008,99.0228010008
3738.5833439543,98.0022807566
3739.2973591079,97.9592017267
3740.0113742614,99.3260535401
3740.7253894149,99.0863408576
3741.4394045685,98.2095283601
3742.1534197220,98.6976158339
3742.8674348756,100.8957439954
3743.5814500291,105.7010129144
3744.2954651827,102.0951988363
3745.0094803362,93.8973747372
3745.7234954897,98.0767149768
3746.4375106433,99.1906241630
3747.1515257968,98.6664933571
3747.8655409504,99.8220671062
3748.5795561039,103.1936442883
3749.2935712575,100.4015327149
3750.0075864110,96.9176238564
3750.7216015645,100.2214228779
3751.4356167181,103.4500516791
3752.1496318716,98.0972710183
3752.8636470252,97.3068327538
3753.5776621787,98.3962041052
3754.2916773323,98.3248540029
3755.0056924858,99.0486794712
3755.7197076394,100.0697922742
3756.4337227929,99.0624844777
3757.1477379464,98.1132884788
3757.8617531000,98.6974121264
3758.5757682535,99.8456898079
3759.2897834071,99.6183112442
3760.0037985606,98.1306373656
3760.7178137142,98.3291169010
3761.4318288677,98.5940520312
3762.1458440212,98.6232959673
3762.8598591748,98.7022944442
3763.5738743283,98.5045558056
3764.2878894819,99.2942623369
3765.0019046354,100.2485049898
3765.7159197890,98.2532636231
3766.4299349425,97.7530451350
3767.1439500961,98.5452804478
3767.8579652496,98.4736208987
3768.5719804031,99.6384882048
3769.2859955567,100.8404254991
3770.0000107102,98.0257484497
3770.7140258638,97.7088225998
3771.4280410173,98.6228487454
3772.1420561709,98.5203998536
3772.8560713244,98.4258001171
3773.5700864779,98.5186633792
3774.2841016315,98.4969932244
3774.9981167850,98.5156618250
3775.7121319386,98.4807268686
3776.4261470921,98.7085786569
3777.1401622457,98.6568424105
3777.8541773992,98.8419113728
3778.5681925528,99.9825182647
3779.2822077063,99.1297104550
3779.9962228598,97.2664490171
3780.7102380134,98.3307899808
3781.4242531669,98.8989674120
3782.1382683205,98.2016645315
3782.8522834740,98.6514062582
3783.5662986276,99.3426868153
3784.2803137811,98.8422974068
3784.9943289346,98.1652524509
3785.7083440882,98.1697406060
3786.4223592417,98.3680769938
3787.1363743953,98.4002689814
3787.8503895488,98.5089389386
3788.5644047024,98.6055168199
3789.2784198559,98.4179212937
3789.9924350094,98.4323758495
3790.7064501630,98.5541836516
3791.4204653165,98.4051419280
3792.1344804701,98.3923044069
3792.8484956236,98.4972467523
3793.5625107772,98.3737751422
3794.2765259307,98.3326594421
3794.9905410843,99.1099822392
3795.7045562378,99.9431346864
3796.4185713913,98.5880996054
3797.1325865449,97.7287486321
3797.8466016984,98.6140380774
3798.5606168520,98.3590222313
3799.2746320055,98.5170075399
3799.9886471591,100.9970572468
3800.7026623126,102.5148519917
3801.4166774661,99.0341508716
3802.1306926197,98.2663934454
3802.8447077732,98.1588789765
3803.5587229268,98.0591535371
3804.2727380803,98.1380013209
3804.9867532339,98.6272451267
3805.7007683874,100.6407266667
3806.4147835410,101.9375980925
3807.1287986945,98.0025246469
3807.8428138480,97.3571633497
3808.5568290016,98.3289517377
3809.2708441551,98.2603876613
3809.9848593087,98.1347796616
3810.6988744622,98.5802644420
3811.4128896158,98.4919176285
3812.1269047693,98.6337277175
3812.8409199228,98.9578270726
3813.5549350764,98.3170902436
3814.2689502299,98.9712951647
3814.9829653835,101.7757346205
3815.6969805370,101.3806135570
3816.4109956906,96.6129760480
3817.1250108441,97.9979163817
3817.8390259976,98.9531725128
3818.5530411512,98.7496360366
3819.2670563047,99.6353150388
3819.9810714583,101.3434785486
3820.6950866118,100.9996656257
3821.4091017654,98.3625717970
3822.1231169189,97.6000152107
3822.8371320725,98.1899803211
3823.5511472260,98.5883376114
3824.2651623795,98.1569045396
3824.9791775331,98.4063712269
3825.6931926866,99.4158812905
3826.4072078402,99.3154494548
3827.1212229937,98.3608859423
3827.8352381473,98.3534364223
3828.5492533008,98.4654877573
3829.2632684543,98.1022470668
3829.9772836079,98.6648381501
3830.6912987614,100.1749194072
3831.4053139150,99.6817685336
3832.1193290685,97.7216039546
3832.8333442221,98.1170086855
3833.5473593756,99.3935868441
3834.2613745292,100.2663102705
3834.9753896827,98.4661753541
3835.6894048362,97.6407762841
3836.4034199898,100.4403566550
3837.1174351433,103.1780190987
3837.8314502969,98.4891576593
3838.5454654504,97.7323154986
3839.2594806040,99.3301304200
3839.9734957575,99.5762177395
3840.6875109110,98.3867405958
3841.4015260646,97.4841163416
3842.1155412181,98.5305827535
3842.8295563717,100.0427418508
3843.5435715252,98.4642461925
3844.2575866788,97.2010805509
3844.9716018323,98.3950571269
3845.6856169858,98.5421319909
3846.3996321394,98.4460010514
3847.1136472929,98.5352398208
3847.8276624465,98.3474970627
3848.5416776000,99.2056157522
3849.2556927536,98.9087286076
3849.9697079071,97.9013029792
3850.6837230607,100.4261513176
3851.3977382142,102.3905188278
3852.1117533677,98.5843597328
3852.8257685213,101.4727692513
3853.5397836748,105.7188995229
3854.2537988284,94.1090050453
3854.9678139819,95.9416807024
3855.6818291355,98.6489978426
3856.3958442890,99.2934977083
3857.1098594425,98.0917644856
3857.8238745961,97.8974905146
3858.5378897496,98.4039298380
3859.2519049032,98.4179255489
3859.9659200567,98.7230865577
3860.6799352103,99.7913264991
3861.3939503638,99.5212506545
3862.1079655174,97.7796157424
3862.8219806709,98.2971298290
3863.5359958244,99.9223622405
3864.2500109780,100.8887220993
3864.9640261315,99.2314633240
3865.6780412851,97.6635053081
3866.3920564386,98.0286896676
3867.1060715922,98.5562967060
3867.8200867457,99.0816361550
3868.5341018992,100.9318851031
3869.2481170528,101.6760016949
3869.9621322063,97.7039508369
3870.6761473599,97.5215996747
3871.3901625134,97.8875102195
3872.1041776670,98.0280595404
3872.8181928205,99.6168267193
3873.5322079740,100.2402501860
3874.2462231276,97.6296431672
3874.9602382811,97.6194684415
3875.6742534347,98.4170246776
3876.3882685882,98.3842509072
3877.1022837418,98.3638361711
3877.8162988953,98.2882280483
3878.5303140489,98.8649406924
3879.2443292024,100.4953327253
3879.9583443559,100.2353103254
3880.6723595095,97.2644808422
3881.3863746630,97.4894686263
3882.1003898166,98.8490447215
3882.8144049701,98.7666394908
3883.5284201237,97.9003193853
3884.2424352772,99.6826262866
3884.9564504307,101.9252551066
3885.6704655843,98.8029350847
3886.3844807378,96.7555435050
3887.0984958914,98.0781593247
3887.8125110449,98.4694659301
3888.5265261985,98.1140872978
3889.2405413520,98.3628598130
3889.9545565056,99.7203619138
3890.6685716591,100.8606666889
3891.3825868126,98.3617960600
3892.0966019662,97.2178078896
3892.8106171197,98.3983492815
3893.5246322733,98.4467652336
3894.2386474268,98.0208665113
3894.9526625804,98.3812076857
3895.6666777339,98.5709962657
3896.3806928874,98.8620325216
3897.0947080410,98.7099186366
3897.8087231945,99.1471293498
3898.5227383481,100.8177773724
3899.2367535016,98.2633713095
3899.9507686552,96.8643536812
3900.6647838087,100.5351159095
3901.3787989623,101.0859603414
3902.0928141158,96.6506202486
3902.8068292693,99.3009327518
3903.5208444229,100.9859282507
3904.2348595764,97.8871872471
3904.9488747300,98.0681457671
3905.6628898835,98.6215173629
3906.3769050371,97.6887885614
3907.0909201906,98.1089870202
3907.8049353441,98.5897594969
3908.5189504977,98.2378709899
3909.2329656512,98.3432261397
3909.9469808048,98.6063537295
3910.6609959583,98.4879180697
3911.3750111119,98.4225499211
3912.0890262654,98.4427920785
3912.8030414189,98.3452497768
3913.5170565725,98.3233273967
3914.2310717260,98.4692203223
3914.9450868796,98.5968595627
3915.6591020331,99.0799232521
3916.3731171867,99.5150538262
3917.0871323402,98.2574103923
3917.8011474938,97.4254088250
3918.5151626473,98.5226519963
3919.2291778008,99.1967009031
3919.9431929544,98.1510810495
3920.6572081079,97.6710476798
3921.3712232615,98.2437412319
3922.0852384150,98.5294529754
3922.7992535686,98.4869762591
3923.5132687221,98.6933453678
3924.2272838756,98.8344940234
3924.9412990292,98.2702769078
3925.6553141827,97.7972598341
3926.3693293363,98.1068701359
3927.0833444898,98.4772999287
3927.7973596434,98.4186789983
3928.5113747969,98.5440192881
3929.2253899505,98.6724469452
3929.9394051040,98.2460792851
3930.6534202575,98.5652977715
3931.3674354111,99.3117962572
3932.0814505646,98.4715903629
3932.7954657182,97.7202332225
3933.5094808717,98.2972312007
3934.2234960253,98.1661451822
3934.9375111788,98.0016763449
3935.6515263323,98.3968382231
3936.3655414859,98.2124942625
3937.0795566394,98.1956743415
3937.7935717930,98.3847720981
3938.5075869465,98.0342427590
3939.2216021001,98.1683754390
3939.9356172536,98.2811119571
3940.6496324071,98.1297364793
3941.3636475607,98.9441368237
3942.0776627142,99.1543600425
3942.7916778678,97.8511257035
3943.5056930213,97.8679004011
3944.2197081749,98.3177523520
3944.9337233284,98.0836902409
3945.6477384820,98.2573296519
3946.3617536355,98.7090696026
3947.0757687890,98.4761646708
3947.7897839426,98.0016767682
3948.5037990961,98.3393810691
3949.2178142497,98.6878022604
3949.9318294032,98.0170519050
3950.6458445568,97.7008621527
3951.3598597103,98.2626758830
3952.0738748638,98.2729094535
3952.7878900174,98.0816661233
3953.5019051709,98.2902601060
3954.2159203245,98.2833299390
3954.9299354780,98.1469934886
3955.6439506316,98.2224224128
3956.3579657851,98.2467680631
3957.0719809387,98.1325884001
3957.7859960922,98.0599036502
3958.5000112457,98.1871486521
3959.2140263993,98.1737123629
3959.9280415528,98.0795590461
3960.6420567064,98.3787729517
3961.3560718599,98.2216715203
3962.0700870135,97.6499251332
3962.7841021670,97.9557582650
3963.4981173205,98.3251396454
3964.2121324741,98.1328032766
3964.9261476276,98.1202923023
3965.6401627812,98.1998753470
3966.3541779347,98.1721711568
3967.0681930883,98.2189010491
3967.7822082418,98.2499908169
3968.4962233953,98.1897947132
3969.2102385489,97.9843808996
3969.9242537024,97.9931457515
3970.6382688560,98.2100547026
3971.3522840095,98.0619757773
3972.0662991631,98.0088386649
3972.7803143166,98.1972831935
3973.4943294702,97.9892012667
3974.2083446237,97.9811759649
3974.9223597772,98.2399627148
3975.6363749308,97.9930289758
3976.3503900843,97.8797644167
3977.0644052379,98.1852198311
3977.7784203914,98.1602667457
3978.4924355450,97.9852894424
3979.2064506985,98.0502899605
3979.9204658520,98.1210089972
3980.6344810056,98.1276286066
3981.3484961591,98.1864639450
3982.0625113127,98.1553204458
3982.7765264662,98.0069745323
3983.4905416198,98.0330529660
3984.2045567733,98.0882752586
3984.9185719269,97.9762299324
3985.6325870804,98.0402020930
3986.3466022339,98.1474501635
3987.0606173875,98.0502245563
3987.7746325410,98.0571581644
3988.4886476946,98.0923093694
3989.2026628481,98.0373316373
3989.9166780017,97.9967263650
3990.6306931552,97.8611200619
3991.3447083087,97.8696712407
3992.0587234623,98.0267801390
3992.7727386158,98.0415411646
3993.4867537694,98.1680975944
3994.2007689229,98.2248086182
3994.9147840765,97.9417516755
3995.6287992300,97.9012163613
3996.3428143835,98.1202288042
3997.0568295371,98.1725810720
3997.7708446906,98.1151176900
3998.4848598442,98.0317813163
3999.1988749977,98.0464070224
3999.9128901513,98.1306166660