399.8484859844,71.6845347395
400.5625011380,95.7179568488
401.2765162915,77.9172266509
401.9905314450,59.1532920784
402.7045465986,72.8805017803
403.4185617521,79.6322089507
404.1325769057,83.9690425392
404.8465920592,90.8103959404
405.5606072128,81.9704097901
406.2746223663,81.1500919810
406.9886375199,87.6655697153
407.7026526734,77.6391600001
408.4166678269,76.3976040149
409.1306829805,82.3249200189
409.8446981340,80.8993838932
410.5587132876,76.4961862761
411.2727284411,74.9680341353
411.9867435947,77.0535299607
412.7007587482,71.5111640686
413.4147739017,69.6173964803
414.1287890553,86.4688218283
414.8428042088,87.2315029452
415.5568193624,75.3340612957
416.2708345159,84.9686440864
416.9848496695,92.8436106507
417.6988648230,81.1609924908
418.4128799766,83.2235666779
419.1268951301,88.3705648474
419.8409102836,71.3338879446
420.5549254372,76.5032728408
421.2689405907,85.6908205219
421.9829557443,82.5387292753
422.6969708978,77.2321987342
423.4109860514,81.4702588957
424.1250012049,80.4406610325
424.8390163584,80.2931601329
425.5530315120,88.6690938150
426.2670466655,87.7820952774
426.9810618191,84.2999245796
427.6950769726,82.3086667730
428.4090921262,77.0314173015
429.1231072797,81.2188912522
429.8371224332,87.6828488268
430.5511375868,80.3691574068
431.2651527403,78.6601756971
431.9791678939,86.3309068141
432.6931830474,85.7259623260
433.4071982010,82.2106576939
434.1212133545,81.5130405369
434.8352285081,82.2733847352
435.5492436616,82.9256037853
436.2632588151,79.4351365090
436.9772739687,81.0561999240
437.6912891222,85.7277874692
438.4053042758,82.6392447387
439.1193194293,80.1461856276
439.8333345829,82.6291796670
440.5473497364,82.6440600404
441.2613648899,81.8862732633
441.9753800435,81.4242027602
442.6893951970,81.8995946958
443.4034103506,83.5598686620
444.1174255041,81.2682570397
444.8314406577,79.6307570333
445.5454558112,81.3703387394
446.2594709648,82.9434349226
446.9734861183,82.2982762195
447.6875012718,80.7910852459
448.4015164254,81.3329155960
449.1155315789,82.4827738238
449.8295467325,80.8993661291
450.5435618860,82.4153986637
451.2575770396,84.9285327016
451.9715921931,81.2377888369
452.6856073466,80.3238967998
453.3996225002,85.0183460201
454.1136376537,84.1143261204
454.8276528073,80.7718907352
455.5416679608,80.5915818491
456.2556831144,83.0035850602
456.9696982679,84.3647961949
457.6837134214,82.7623459897
458.3977285750,83.0185793482
459.1117437285,83.8412078003
459.8257588821,82.1959088350
460.5397740356,80.9213751738
461.2537891892,82.4854346551
461.9678043427,84.7021076024
462.6818194963,83.2547602421
463.3958346498,80.2205159936
464.1098498033,82.3142232560
464.8238649569,84.8379765501
465.5378801104,81.8361067665
466.2518952640,80.4479129470
466.9659104175,81.9428221888
467.6799255711,81.3974652761
468.3939407246,80.5227027240
469.1079558781,80.5756914706
469.8219710317,82.5511631153
470.5359861852,84.7112625021
471.2500013388,82.5783066044
471.9640164923,81.4494105903
472.6780316459,83.8979484506
473.3920467994,83.3338776335
474.1060619530,83.1325494959
474.8200771065,83.2800550512
475.5340922600,82.0963051679
476.2481074136,82.6382701942
476.9621225671,82.9636588684
477.6761377207,81.4199662836
478.3901528742,81.7871012696
479.1041680278,84.0378845570
479.8181831813,84.4955996121
480.5321983348,82.2465576585
481.2462134884,81.0827345133
481.9602286419,82.9555745310
482.6742437955,83.2342934073
483.3882589490,81.9470223538
484.1022741026,82.4002101236
484.8162892561,82.0487813105
485.5303044097,80.7522300925
486.2443195632,80.5626879033
486.9583347167,80.9935512510
487.6723498703,82.3336147027
488.3863650238,83.6717944079
489.1003801774,82.7494766044
489.8143953309,81.8030879771
490.5284104845,82.0948414919
491.2424256380,82.6484608879
491.9564407915,83.0955202147
492.6704559451,82.5862021464
493.3844710986,82.0493001064
494.0984862522,82.0586236363
494.8125014057,81.9520127163
495.5265165593,82.5068840676
496.2405317128,83.0277175725
496.9545468663,82.0592350582
497.6685620199,82.0557346227
498.3825771734,82.8473389383
499.0965923270,81.9477682194
499.8106074805,81.5208427434
500.5246226341,82.5275862936
501.2386377876,83.2756010173
501.9526529412,84.3432997278
502.6666680947,84.0538260243
503.3806832482,82.9087160589
504.0946984018,83.4256400005
504.8087135553,83.7631700918
505.5227287089,82.9418550005
506.2367438624,83.0759738886
506.9507590160,82.7668352628
507.6647741695,81.7444081398
508.3787893230,82.2007439596
509.0928044766,83.2045258855
509.8068196301,83.5927659549
510.5208347837,83.2814514819
511.2348499372,82.2128955974
511.9488650908,82.1939197436
512.6628802443,83.3427722615
513.3768953979,83.5452526690
514.0909105514,83.1660834971
514.8049257049,82.9989487832
515.5189408585,82.9215968134
516.2329560120,83.2147682787
516.9469711656,83.4472121910
517.6609863191,83.2901479489
518.3750014727,83.3831587280
519.0890166262,83.6322221863
519.8030317797,83.6967562359
520.5170469333,83.9019988904
521.2310620868,84.6041179708
521.9450772404,84.6087470410
522.6590923939,83.5345222639
523.3731075475,83.5105173318
524.0871227010,84.1174752595
524.8011378545,83.6776767888
525.5151530081,83.3197488372
526.2291681616,83.5702273969
526.9431833152,83.5950671882
527.6571984687,83.6820890317
528.3712136223,83.7482198473
529.0852287758,84.0955256665
529.7992439294,84.4505839353
530.5132590829,83.8157428291
531.2272742364,83.3841518296
531.9412893900,83.5555497899
532.6553045435,83.5891957042
533.3693196971,83.9360128548
534.0833348506,83.9341996167
534.7973500042,83.4231438963
535.5113651577,83.5804929412
536.2253803112,83.8088987482
536.9393954648,83.9928289491
537.6534106183,83.9829644971
538.3674257719,83.1131102930
539.0814409254,83.1070466812
539.7954560790,83.7937613466
540.5094712325,83.2331203383
541.2234863861,82.8693186748
541.9375015396,83.0983223588
542.6515166931,82.7977427030
543.3655318467,82.8417145697
544.0795470002,83.3182249998
544.7935621538,83.5973789188
545.5075773073,83.6801020818
546.2215924609,83.5297539979
546.9356076144,83.6572402757
547.6496227679,83.4852783023
548.3636379215,82.7938209664
549.0776530750,83.0353450277
549.7916682286,83.5583049669
550.5056833821,83.6294873125
551.2196985357,84.0831973540
551.9337136892,84.3806067613
552.6477288427,84.2421897754
553.3617439963,84.0931315903
554.0757591498,83.7389079945
554.7897743034,83.7007201083
555.5037894569,83.7316380660
556.2178046105,83.3068304592
556.9318197640,83.4603261241
557.6458349176,83.9684788233
558.3598500711,83.7507964263
559.0738652246,83.3787642947
559.7878803782,83.7194646473
560.5018955317,84.4541619532
561.2159106853,84.3231994466
561.9299258388,83.7194466510
562.6439409924,84.0185923728
563.3579561459,84.2158144695
564.0719712994,83.8577689393
564.7859864530,83.9948661336
565.5000016065,84.0314324137
566.2140167601,83.6975188537
566.9280319136,83.4189356263
567.6420470672,83.4510547199
568.3560622207,84.3216258652
569.0700773743,84.5977272558
569.7840925278,83.7034547720
570.4981076813,84.0928884184
571.2121228349,84.8557603140
571.9261379884,84.2153018379
572.6401531420,83.9596737413
573.3541682955,84.4529710923
574.0681834491,84.5828474717
574.7821986026,84.3706163263
575.4962137561,84.1451453091
576.2102289097,84.4464577399
576.9242440632,84.7093785796
577.6382592168,84.4728310466
578.3522743703,84.7103598328
579.0662895239,84.8682120906
579.7803046774,84.3727073515
580.4943198309,84.3539308194
581.2083349845,84.7492040258
581.9223501380,85.0316775650
582.6363652916,85.1273842502
583.3503804451,84.6547314193
584.0643955987,84.6169228461
584.7784107522,85.2419949158
585.4924259058,85.1377539716
586.2064410593,84.7682403795
586.9204562128,84.9178088742
587.6344713664,85.0613056199
588.3484865199,85.1795853690
589.0625016735,85.4618346916
589.7765168270,85.5043950804
590.4905319806,85.0804016429
591.2045471341,84.8901199257
591.9185622876,85.4218631935
592.6325774412,85.6358571651
593.3465925947,85.4741742080
594.0606077483,85.5795944019
594.7746229018,85.3487195404
595.4886380554,85.1261352261
596.2026532089,85.3588953725
596.9166683625,85.3639623417
597.6306835160,85.5642686028
598.3446986695,85.7637694841
599.0587138231,85.5412893175
599.7727289766,86.1440103744
600.4867441302,86.4427216382
601.2007592837,85.3225366907
601.9147744373,85.1669125732
602.6287895908,85.8672244327
603.3428047443,85.6838889069
604.0568198979,85.2532101732
604.7708350514,85.0060591249
605.4848502050,85.2090931077
606.1988653585,85.8303321919
606.9128805121,85.5372689286
607.6268956656,84.9794448069
608.3409108192,85.1593102246
609.0549259727,85.1628056463
609.7689411262,85.1895503793
610.4829562798,85.5041326712
611.1969714333,85.4855866514
611.9109865869,85.5262294624
612.6250017404,85.6485019193
613.3390168940,85.5671901265
614.0530320475,85.4985171928
614.7670472010,85.3293426335
615.4810623546,85.5238648348
616.1950775081,86.1823528080
616.9090926617,86.1557856172
617.6231078152,85.7239799010
618.3371229688,85.8068620218
619.0511381223,85.8971559724
619.7651532758,85.7189844138
620.4791684294,85.7971047001
621.1931835829,86.2176200868
621.9071987365,86.2230287069
622.6212138900,85.7755902295
623.3352290436,85.7643045246
624.0492441971,85.9190973762
624.7632593507,85.7381439169
625.4772745042,85.8569911204
626.1912896577,86.1368465559
626.9053048113,86.1843583239
627.6193199648,86.2263203805
628.3333351184,86.1065569885
629.0473502719,86.0771251808
629.7613654255,86.2215137572
630.4753805790,86.0113584257
631.1893957325,86.0007719856
631.9034108861,86.5408618481
632.6174260396,86.6779704108
633.3314411932,86.1432707923
634.0454563467,85.8715158086
634.7594715003,86.4260958402
635.4734866538,86.7784076262
636.1875018074,86.3476377125
636.9015169609,86.6848246140
637.6155321144,87.2216846918
638.3295472680,86.4688549869
639.0435624215,86.2427025196
639.7575775751,86.9777014572
640.4715927286,86.7952690447
641.1856078822,86.3826653704
641.8996230357,86.6027147435
642.6136381892,86.7184956748
643.3276533428,86.7663173085
644.0416684963,86.9699086349
644.7556836499,87.1090559498
645.4696988034,87.0616496971
646.1837139570,86.8968667231
646.8977291105,86.9602126676
647.6117442640,87.0602552820
648.3257594176,86.9315420974
649.0397745711,86.9066007769
649.7537897247,87.0260268530
650.4678048782,87.2021660341
651.1818200318,87.1141457818
651.8958351853,86.6530585868
652.6098503389,86.8635699414
653.3238654924,87.4228662198
654.0378806459,87.1417160638
654.7518957995,87.0604107621
655.4659109530,87.5863687250
656.1799261066,87.4952982427
656.8939412601,87.1587568254
657.6079564137,87.3055145932
658.3219715672,87.5035452014
659.0359867207,87.4597558290
659.7500018743,87.2102620985
660.4640170278,87.2001725234
661.1780321814,87.6001764963
661.8920473349,87.7259159830
662.6060624885,87.4761647813
663.3200776420,87.5227772503
664.0340927956,87.7077588721
664.7481079491,87.6107468920
665.4621231026,87.6725824429
666.1761382562,87.8865485836
666.8901534097,87.6484891955
667.6041685633,86.8043125353
668.3181837168,88.9268033810
669.0321988704,88.2325899309
669.7462140239,87.7375331921
670.4602291774,87.9805153057
671.1742443310,88.1643289207
671.8882594845,87.9236057771
672.6022746381,88.0532377732
673.3162897916,88.2629439732
674.0303049452,88.1267402710
674.7443200987,88.2485447645
675.4583352522,88.5538515981
676.1723504058,88.4767174381
676.8863655593,88.3974277496
677.6003807129,88.5953714760
678.3143958664,88.5888735898
679.0284110200,88.5344397300
679.7424261735,88.6043032616
680.4564413271,88.3703162352
681.1704564806,88.2553424433
681.8844716341,88.5836018470
682.5984867877,88.6879272890
683.3125019412,88.6582805484
684.0265170948,88.8453883392
684.7405322483,88.9110624156
685.4545474019,88.8592931810
686.1685625554,88.8442745758
686.8825777089,88.8846367718
687.5965928625,88.9025320544
688.3106080160,88.7267619715
689.0246231696,88.8009097104
689.7386383231,89.1668813414
690.4526534767,89.2249050859
691.1666686302,89.3214418809
691.8806837838,89.5277282586
692.5946989373,89.2621347098
693.3087140908,88.8357895631
694.0227292444,88.7822926659
694.7367443979,89.2176546002
695.4507595515,89.5037420343
696.1647747050,88.9550500914
696.8787898586,88.7264964027
697.5928050121,89.3548252334
698.3068201656,89.4350721032
699.0208353192,89.0806643501
699.7348504727,89.1870494689
700.4488656263,89.3692703969
701.1628807798,89.4957215306
701.8768959334,89.4790316347
702.5909110869,89.3227394269
703.3049262404,89.5986876434
704.0189413940,89.8553376015
704.7329565475,89.6737827520
705.4469717011,89.7113674984
706.1609868546,89.7969209259
706.8750020082,89.6131336428
707.5890171617,89.7163230915
708.3030323153,89.9351057104
709.0170474688,89.8708333067
709.7310626223,90.0072334442
710.4450777759,90.3625426169
711.1590929294,90.3645558080
711.8731080830,90.1998405977
712.5871232365,90.2099994759
713.3011383901,90.1984377541
714.0151535436,90.2022712361
714.7291686971,90.2866222032
715.4431838507,90.3371376902
716.1571990042,90.5589729172
716.8712141578,90.7235499353
717.5852293113,90.5257354605
718.2992444649,90.5186436959
719.0132596184,90.8146431420
719.7272747720,91.0018408392
720.4412899255,91.1193098532
721.1553050790,91.0916977503
721.8693202326,90.9647001215
722.5833353861,90.9368157157
723.2973505397,90.9794647076
724.0113656932,91.1897701342
724.7253808468,91.3263472963
725.4393960003,91.1317080940
726.1534111538,91.1192540364
726.8674263074,91.3086808610
727.5814414609,91.3719508730
728.2954566145,91.5737822808
729.0094717680,91.7820232560
729.7234869216,91.7794244930
730.4375020751,91.8401275944
731.1515172287,91.9750127130
731.8655323822,92.0203278555
732.5795475357,91.9703167203
733.2935626893,92.1241084655
734.0075778428,92.4934185035
734.7215929964,92.2671271742
735.4356081499,91.7080973586
736.1496233035,91.9062236897
736.8636384570,92.3385294778
737.5776536105,92.2489748465
738.2916687641,92.1538934266
739.0056839176,92.2367937526
739.7196990712,92.2247491866
740.4337142247,92.1436568226
741.1477293783,92.0820008712
741.8617445318,92.0665922179
742.5757596853,92.0507633470
743.2897748389,91.9877584305
744.0037899924,91.8719991323
744.7178051460,91.7372394465
745.4318202995,91.6605968947
746.1458354531,91.5679530404
746.8598506066,91.5068240657
747.5738657602,91.5507203454
748.2878809137,91.4738862611
749.0018960672,91.4364316491
749.7159112208,91.5923879603
750.4299263743,91.5569068755
751.1439415279,91.4447602131
751.8579566814,91.5085141231
752.5719718350,91.5226089516
753.2859869885,91.4637298406
754.0000021420,91.3089123191
754.7140172956,91.2173383676
755.4280324491,91.4844782845
756.1420476027,91.6162079888
756.8560627562,91.4937410866
757.5700779098,91.6395684700
758.2840930633,91.7566012015
758.9981082169,91.5650003464
759.7121233704,91.4713975111
760.4261385239,91.5860657408
761.1401536775,91.6924010969
761.8541688310,91.6767707393
762.5681839846,91.7526952381
763.2821991381,91.9159277186
763.9962142917,91.8108406666
764.7102294452,91.7679488788
765.4242445987,91.9269733974
766.1382597523,91.7746520124
766.8522749058,91.7247796558
767.5662900594,91.9996829741
768.2803052129,91.9543201520
768.9943203665,91.8017830105
769.7083355200,91.9068740479
770.4223506735,92.0246255622
771.1363658271,92.0225208562
771.8503809806,91.7959478539
772.5643961342,91.7471344161
773.2784112877,92.0978506156
773.9924264413,92.0974738177
774.7064415948,91.8803679670
775.4204567484,92.0017535085
776.1344719019,92.0734160615
776.8484870554,92.1627299620
777.5625022090,92.3957112661
778.2765173625,92.3468992891
778.9905325161,92.2662850802
779.7045476696,92.3710467906
780.4185628232,92.4595146898
781.1325779767,92.4971680853
781.8465931302,92.2850145998
782.5606082838,92.1906943713
783.2746234373,92.5038247048
783.9886385909,92.4088158514
784.7026537444,92.1955624487
785.4166688980,92.5488699262
786.1306840515,92.5405873951
786.8446992051,92.1724631886
787.5587143586,92.4244773987
788.2727295121,92.7435644000
788.9867446657,92.5863765400
789.7007598192,92.3781400375
790.4147749728,92.4417053593
791.1287901263,92.7799482927
791.8428052799,92.7884858756
792.5568204334,92.4379268267
793.2708355869,92.6855844034
793.9848507405,93.1331376195
794.6988658940,92.8808485741
795.4128810476,92.6523523845
796.1268962011,92.8821558692
796.8409113547,93.0109598676
797.5549265082,92.8925188825
798.2689416617,92.8288556973
798.9829568153,93.0146597096
799.6969719688,93.0881233851
800.4109871224,92.8166889808
801.1250022759,92.8535449886
801.8390174295,93.1680892228
802.5530325830,93.0251734862
803.2670477366,92.8344995941
803.9810628901,93.1255905213
804.6950780436,93.3097373858
805.4090931972,92.9552474211
806.1231083507,92.6716405941
806.8371235043,93.0095187564
807.5511386578,93.2897353797
808.2651538114,92.9333340891
808.9791689649,92.8523926358
809.6931841184,93.3141867497
810.4071992720,93.3550576662
811.1212144255,93.0740619583
811.8352295791,93.2466968358
812.5492447326,93.5689113091
813.2632598862,93.2907981655
813.9772750397,92.8227583191
814.6912901933,93.1793345124
815.4053053468,93.7457906774
816.1193205003,93.3825556821
816.8333356539,93.1898005958
817.5473508074,93.7982821640
818.2613659610,93.7572298799
818.9753811145,93.1186525928
819.6893962681,93.2453353820
820.4034114216,93.6901295931
821.1174265751,93.4970547100
821.8314417287,93.1510621307
822.5454568822,93.4766179767
823.2594720358,93.9616318993
823.9734871893,93.5122930405
824.6875023429,92.9340175870
825.4015174964,93.4443073477
826.1155326499,93.8485522193
826.8295478035,93.2268518794
827.5435629570,93.0811865056
828.2575781106,93.7775396171
828.9715932641,93.8119193547
829.6856084177,93.1438484489
830.3996235712,93.2826596730
831.1136387248,94.1065991030
831.8276538783,93.9012115372
832.5416690318,93.0418733706
833.2556841854,93.4259113328
833.9696993389,94.0995337230
834.6837144925,93.3873484115
835.3977296460,92.9508800034
836.1117447996,93.8234451836
836.8257599531,94.1524688983
837.5397751066,93.5001355659
838.2537902602,93.3792306355
838.9678054137,93.9683705417
839.6818205673,94.1416472369
840.3958357208,93.5086372869
841.1098508744,93.2854456258
841.8238660279,93.9863334516
842.5378811815,94.1182105104
843.2518963350,93.4853198187
843.9659114885,93.7235512258
844.6799266421,94.3718473907
845.3939417956,94.0543624069
846.1079569492,93.6639029704
846.8219721027,94.0783195835
847.5359872563,94.4259205275
848.2500024098,94.0942780613
848.9640175633,93.7802946278
849.6780327169,94.1520993305
850.3920478704,94.5718159472
851.1060630240,94.1283593151
851.8200781775,93.6709928676
852.5340933311,94.0840058093
853.2481084846,94.3128000028
853.9621236381,93.8721122038
854.6761387917,93.9402043024
855.3901539452,94.4372206218
856.1041690988,94.2915903366
856.8181842523,93.9190871985
857.5321994059,94.0769706201
858.2462145594,94.2597693949
858.9602297130,93.9981549604
859.6742448665,93.8347222221
860.3882600200,94.0994594791
861.1022751736,94.2314651770
861.8162903271,94.0569509369
862.5303054807,94.1136275437
863.2443206342,94.2880753621
863.9583357878,94.1717520898
864.6723509413,94.0582886938
865.3863660948,94.1568247142
866.1003812484,94.2263215186
866.8143964019,94.1462095747
867.5284115555,94.0517589587
868.2424267090,94.1706195807
868.9564418626,94.2530418521
869.6704570161,93.9904401802
870.3844721697,93.9537870874
871.0984873232,94.3299585134
871.8125024767,94.3158593202
872.5265176303,93.9765418115
873.2405327838,94.0655496918
873.9545479374,94.3671304225
874.6685630909,94.3395906666
875.3825782445,94.2000839960
876.0965933980,94.2832887222
876.8106085515,94.3005138195
877.5246237051,94.0501922896
878.2386388586,93.9898183723
878.9526540122,94.2539462860
879.6666691657,94.3432915995
880.3806843193,94.2055480805
881.0946994728,94.1980294548
881.8087146264,94.3254829858
882.5227297799,94.4025997591
883.2367449334,94.4240387003
883.9507600870,94.4730288384
884.6647752405,94.5245465273
885.3787903941,94.5031207977
886.0928055476,94.4356508694
886.8068207012,94.4546633676
887.5208358547,94.6364868633
888.2348510082,94.7548633771
888.9488661618,94.6604563462
889.6628813153,94.7037776663
890.3768964689,94.8923485571
891.0909116224,94.8297646775
891.8049267760,94.7885637876
892.5189419295,94.9872496367
893.2329570830,94.9349676274
893.9469722366,94.6705353934
894.6609873901,94.6486890315
895.3750025437,94.6932751107
896.0890176972,94.5965854645
896.8030328508,94.5526049070
897.5170480043,94.5306684892
898.2310631579,94.3936004293
898.9450783114,94.3111836132
899.6590934649,94.3531742256
900.3731086185,94.3363519127
901.0871237720,94.2814930548
901.8011389256,94.2941261882
902.5151540791,94.3113978652
903.2291692327,94.3534226277
903.9431843862,94.3960153446
904.6571995397,94.3198772450
905.3712146933,94.2834215824
906.0852298468,94.4001980062
906.7992450004,94.4530730396
907.5132601539,94.3538471886
908.2272753075,94.2778814681
908.9412904610,94.3387506666
909.6553056146,94.3912240069
910.3693207681,94.3129433773
911.0833359216,94.2954831885
911.7973510752,94.3314226001
912.5113662287,94.2580138031
913.2253813823,94.3050286759
913.9393965358,94.4383837129
914.6534116894,94.3308690357
915.3674268429,94.2415135260
916.0814419964,94.2956591880
916.7954571500,94.1985968807
917.5094723035,94.1381667943
918.2234874571,94.2493403242
918.9375026106,94.2681395942
919.6515177642,94.2683041084
920.3655329177,94.3159682778
921.0795480712,94.2931449557
921.7935632248,94.3018607999
922.5075783783,94.2816980589
923.2215935319,94.1718692171
923.9356086854,94.2254065152
924.6496238390,94.3415652330
925.3636389925,94.2855979344
926.0776541461,94.2581069180
926.7916692996,94.2746259419
927.5056844531,94.2068218232
928.2196996067,94.3023028510
928.9337147602,94.5281296098
929.6477299138,94.4557631657
930.3617450673,94.2546337483
931.0757602209,94.3757307629
931.7897753744,94.5561592287
932.5037905279,94.4609570066
933.2178056815,94.4294763004
933.9318208350,94.5990520995
934.6458359886,94.6309210744
935.3598511421,94.5519912730
936.0738662957,94.6193867550
936.7878814492,94.7406359070
937.5018966028,94.7430766022
938.2159117563,94.7065333616
938.9299269098,94.7963588385
939.6439420634,94.9111625033
940.3579572169,94.8745047446
941.0719723705,94.8531296365
941.7859875240,94.9494742493
942.5000026776,95.0403088447
943.2140178311,95.1334822134
943.9280329846,95.0962161189
944.6420481382,94.9320175799
945.3560632917,95.0175916041
946.0700784453,95.1512553394
946.7840935988,95.0513209601
947.4981087524,95.1236339128
948.2121239059,95.2465109535
948.9261390594,95.0719176519
949.6401542130,95.0413155182
950.3541693665,95.2241828704
951.0681845201,95.2681546995
951.7821996736,95.3087930079
952.4962148272,95.3220660730
953.2102299807,95.2343893952
953.9242451343,95.3678285934
954.6382602878,95.6017093292
955.3522754413,95.5655809542
956.0662905949,95.4456969949
956.7803057484,95.5150475235
957.4943209020,95.6434111532
958.2083360555,95.6314323650
958.9223512091,95.5750913589
959.6363663626,95.6011677859
960.3503815161,95.5424106833
961.0643966697,95.4177843601
961.7784118232,95.4754781168
962.4924269768,95.5253904629
963.2064421303,95.3933509048
963.9204572839,95.3677240975
964.6344724374,95.4002580305
965.3484875910,95.2407309021
966.0625027445,95.1233502361
966.7765178980,95.1720625356
967.4905330516,95.1597588236
968.2045482051,95.0676875178
968.9185633587,94.9794198148
969.6325785122,94.9132533623
970.3465936658,94.8675603579
971.0606088193,94.7809743449
971.7746239728,94.7485701724
972.4886391264,94.7622624749
973.2026542799,94.5862825700
973.9166694335,94.4524387762
974.6306845870,94.5760039175
975.3446997406,94.5246705433
976.0587148941,94.3003985585
976.7727300476,94.3001672308
977.4867452012,94.3296011566
978.2007603547,94.2546366492
978.9147755083,94.2631946749
979.6287906618,94.2598952301
980.3428058154,94.2341181245
981.0568209689,94.2600759161
981.7708361225,94.1931654521
982.4848512760,94.1436545689
983.1988664295,94.2147703561
983.9128815831,94.1658040154
984.6268967366,94.0534106116
985.3409118902,94.0909430877
986.0549270437,94.1474526878
986.7689421973,94.1315225468
987.4829573508,94.1022695257
988.1969725043,94.0772431035
988.9109876579,94.0514778734
989.6250028114,93.9819260868
990.3390179650,93.9646097703
991.0530331185,94.0810483392
991.7670482721,94.1151410109
992.4810634256,94.0421025851
993.1950785792,94.0172788226
993.9090937327,93.9549282357
994.6231088862,93.9229166654
995.3371240398,94.0102076048
996.0511391933,94.0173207006
996.7651543469,93.9817591644
997.4791695004,93.9924864547
998.1931846540,93.9617233092
998.9071998075,93.9925941694
999.6212149610,94.0214138982
1000.3352301146,93.9138752067
1001.0492452681,93.8751241580
1001.7632604217,93.8651741457
1002.4772755752,93.7646209582
1003.1912907288,93.7923304135
1003.9053058823,93.8986167239
1004.6193210359,93.8760612755
1005.3333361894,93.7973819982
1006.0473513429,93.7933544259
1006.7613664965,93.8739922123
1007.4753816500,93.8756811055
1008.1893968036,93.7908290822
1008.9034119571,93.7971390041
1009.6174271107,93.7720600250
1010.3314422642,93.6832699726
1011.0454574177,93.6794982804
1011.7594725713,93.6310116537
1012.4734877248,93.5674229737
1013.1875028784,93.5754676378
1013.9015180319,93.5461718022
1014.6155331855,93.5767779147
1015.3295483390,93.5725007028
1016.0435634925,93.4458956757
1016.7575786461,93.5093362630
1017.4715937996,93.5952777482
1018.1856089532,93.4978678750
1018.8996241067,93.4705601331
1019.6136392603,93.4007545445
1020.3276544138,93.3371157908
1021.0416695674,93.4875230576
1021.7556847209,93.4986157330
1022.4696998744,93.3988012026
1023.1837150280,93.4157851680
1023.8977301815,93.3834549186
1024.6117453351,93.4790294678
1025.3257604886,93.5960765939
1026.0397756422,93.3655810352
1026.7537907957,93.2682127891
1027.4678059492,93.4653028608
1028.1818211028,93.4698012115
1028.8958362563,93.4483625319
1029.6098514099,93.5837112419
1030.3238665634,93.6209683481
1031.0378817170,93.6008403027
1031.7518968705,93.6328559818
1032.4659120241,93.6409019625
1033.1799271776,93.5997014554
1033.8939423311,93.5360790588
1034.6079574847,93.5315397407
1035.3219726382,93.5986319688
1036.0359877918,93.5988820699
1036.7500029453,93.4945330405
1037.4640180989,93.4164940838
1038.1780332524,93.3827565806
1038.8920484059,93.2556122605
1039.6060635595,93.0842588148
1040.3200787130,93.0420006613
1041.0340938666,93.0877191454
1041.7481090201,93.0665188368
1042.4621241737,92.9434284795
1043.1761393272,92.8677901843
1043.8901544807,92.9550325131
1044.6041696343,93.0179663597
1045.3181847878,92.9248507268
1046.0321999414,92.8276539762
1046.7462150949,92.8066781006
1047.4602302485,92.8535592855
1048.1742454020,92.8765173496
1048.8882605556,92.7438258490
1049.6022757091,92.6218112464
1050.3162908626,92.6741230207
1051.0303060162,92.7508527938
1051.7443211697,92.7341334001
1052.4583363233,92.6725213331
1053.1723514768,92.6312960170
1053.8863666304,92.5485575657
1054.6003817839,92.3903297639
1055.3143969374,92.3715183693
1056.0284120910,92.4822257487
1056.7424272445,92.4691613460
1057.4564423981,92.4278775985
1058.1704575516,92.4749574851
1058.8844727052,92.5008249214
1059.5984878587,92.4880884518
1060.3125030123,92.4482043422
1061.0265181658,92.4552143934
1061.7405333193,92.5161112478
1062.4545484729,92.4513284029
1063.1685636264,92.4210890198
1063.8825787800,92.5541570863
1064.5965939335,92.5316044878
1065.3106090871,92.4695801501
1066.0246242406,92.6074825122
1066.7386393941,92.5821073729
1067.4526545477,92.4281644575
1068.1666697012,92.5323234441
1068.8806848548,92.6464941915
1069.5947000083,92.5618604456
1070.3087151619,92.4926803588
1071.0227303154,92.4798991406
1071.7367454689,92.5369399566
1072.4507606225,92.6148832560
1073.1647757760,92.5662573672
1073.8787909296,92.6035314552
1074.5928060831,92.7451979018
1075.3068212367,92.6720475542
1076.0208363902,92.5557059331
1076.7348515438,92.5772846512
1077.4488666973,92.5723964969
1078.1628818508,92.5822750970
1078.8768970044,92.5865281283
1079.5909121579,92.5802333490
1080.3049273115,92.6861801118
1081.0189424650,92.7205391581
1081.7329576186,92.7733998771
1082.4469727721,92.9837379389
1083.1609879256,92.9265824220
1083.8750030792,92.7972117891
1084.5890182327,93.0369532462
1085.3030333863,93.1504770854
1086.0170485398,92.9965616047
1086.7310636934,93.0473581795
1087.4450788469,93.1931279393
1088.1590940005,93.1421746036
1088.8731091540,93.0706993835
1089.5871243075,93.2301230421
1090.3011394611,93.3596834486
1091.0151546146,93.1780642404
1091.7291697682,93.1191306832
1092.4431849217,93.3027346124
1093.1572000753,93.2862184731
1093.8712152288,93.1754041154
1094.5852303823,93.2055754538
1095.2992455359,93.3304782156
1096.0132606894,93.4021024669
1096.7272758430,93.2494370706
1097.4412909965,93.2774274758
1098.1553061501,93.5351992968
1098.8693213036,93.3546914337
1099.5833364571,93.1559460178
1100.2973516107,93.3512646354
1101.0113667642,93.2987571339
1101.7253819178,93.1795362423
1102.4393970713,93.3178771395
1103.1534122249,93.2418127709
1103.8674273784,93.0825343461
1104.5814425320,93.1215706535
1105.2954576855,93.1799260994
1106.0094728390,93.2237710873
1106.7234879926,93.2295474393
1107.4375031461,93.2391492744
1108.1515182997,93.2864185298
1108.8655334532,93.2594675152
1109.5795486068,93.2731972090
1110.2935637603,93.3077976992
1111.0075789138,93.2538593849
1111.7215940674,93.2436500776
1112.4356092209,93.2198416769
1113.1496243745,93.2199557303
1113.8636395280,93.3292795117
1114.5776546816,93.2339980315
1115.2916698351,93.0284848365
1116.0056849887,93.0768923800
1116.7197001422,93.1631255509
1117.4337152957,93.0977642543
1118.1477304493,93.0706174605
1118.8617456028,93.1307225318
1119.5757607564,93.0989376405
1120.2897759099,92.9740485357
1121.0037910635,92.9733136804
1121.7178062170,93.0233586634
1122.4318213705,93.0006038364
1123.1458365241,93.0366932098
1123.8598516776,93.0361299021
1124.5738668312,92.9877120008
1125.2878819847,93.0853210349
1126.0018971383,93.1431785424
1126.7159122918,93.0813824343
1127.4299274454,93.0699280605
1128.1439425989,93.0960376685
1128.8579577524,93.2142639521
1129.5719729060,93.3054291018
1130.2859880595,93.1887080294
1131.0000032131,93.1754538379
1131.7140183666,93.3530313429
1132.4280335202,93.4060478297
1133.1420486737,93.3362710157
1133.8560638272,93.3398935557
1134.5700789808,93.4142963052
1135.2840941343,93.3735103064
1135.9981092879,93.3080660541
1136.7121244414,93.4942721551
1137.4261395950,93.6357248813
1138.1401547485,93.5150949644
1138.8541699020,93.4951356990
1139.5681850556,93.5381810823
1140.2822002091,93.4723074099
1140.9962153627,93.4660665896
1141.7102305162,93.4989184033
1142.4242456698,93.5605646014
1143.1382608233,93.6180883180
1143.8522759769,93.4909311666
1144.5662911304,93.4331511293
1145.2803062839,93.5735228139
1145.9943214375,93.5331459213
1146.7083365910,93.3824793434
1147.4223517446,93.4564805171
1148.1363668981,93.5911364299
1148.8503820517,93.5499621626
1149.5643972052,93.4372853271
1150.2784123587,93.3972530468
1150.9924275123,93.4000656996
1151.7064426658,93.4064152795
1152.4204578194,93.4422724297
1153.1344729729,93.4718856120
1153.8484881265,93.4736190631
1154.5625032800,93.4921512763
1155.2765184336,93.4994120277
1155.9905335871,93.4312155241
1156.7045487406,93.3200535931
1157.4185638942,93.2942225319
1158.1325790477,93.3632397101
1158.8465942013,93.3516048366
1159.5606093548,93.2846153400
1160.2746245084,93.3287822162
1160.9886396619,93.3506402982
1161.7026548154,93.2727100255
1162.4166699690,93.3044236658
1163.1306851225,93.3543164362
1163.8447002761,93.2184138241
1164.5587154296,93.1109134852
1165.2727305832,93.1552280689
1165.9867457367,93.1809016265
1166.7007608902,93.1586025416
1167.4147760438,93.0896068198
1168.1287911973,93.0341483990
1168.8428063509,93.1009328607
1169.5568215044,93.0776201025
1170.2708366580,92.9543846646
1170.9848518115,92.9817230634
1171.6988669651,92.9590251783
1172.4128821186,92.8534632091
1173.1268972721,92.9095060814
1173.8409124257,92.9172574254
1174.5549275792,92.8702775728
1175.2689427328,92.9386163144
1175.9829578863,92.9213680031
1176.6969730399,92.9231958731
1177.4109881934,92.9921850996
1178.1250033469,92.8674774116
1178.8390185005,92.7998030834
1179.5530336540,92.8610730477
1180.2670488076,92.7912493352
1180.9810639611,92.8292649756
1181.6950791147,92.9113616988
1182.4090942682,92.7336255440
1183.1231094218,92.6260978932
1183.8371245753,92.7053185404
1184.5511397288,92.6701384186
1185.2651548824,92.5699291129
1185.9791700359,92.5445598208
1186.6931851895,92.5298644056
1187.4072003430,92.4806766685
1188.1212154966,92.4458092818
1188.8352306501,92.4298586595
1189.5492458036,92.3823733757
1190.2632609572,92.3532230078
1190.9772761107,92.3416418452
1191.6912912643,92.2972206599
1192.4053064178,92.2863496037
1193.1193215714,92.2405517577
1193.8333367249,92.1500948499
1194.5473518784,92.1738398881
1195.2613670320,92.1452960315
1195.9753821855,92.0045721118
1196.6893973391,92.0193195797
1197.4034124926,92.0736897031
1198.1174276462,91.9974585255
1198.8314427997,91.9549346198
1199.5454579533,91.9538927951
1200.2594731068,91.9141431855
1200.9734882603,91.8646634873
1201.6875034139,91.8285670592
1202.4015185674,91.8155884629
1203.1155337210,91.7594866356
1203.8295488745,91.6904188446
1204.5435640281,91.7286432272
1205.2575791816,91.7328264179
1205.9715943351,91.6124388631
1206.6856094887,91.5579309328
1207.3996246422,91.5874266505
1208.1136397958,91.5744645938
1208.8276549493,91.5271167552
1209.5416701029,91.4744546858
1210.2556852564,91.4497447726
1210.9697004100,91.4435760256
1211.6837155635,91.3606137150
1212.3977307170,91.2861239352
1213.1117458706,91.2988425442
1213.8257610241,91.2085261086
1214.5397761777,91.0895827432
1215.2537913312,91.1602468865
1215.9678064848,91.1582038350
1216.6818216383,90.9789182112
1217.3958367918,90.9167530820
1218.1098519454,90.9171797041
1218.8238670989,90.8411610566
1219.5378822525,90.7689610466
1220.2518974060,90.6959217795
1220.9659125596,90.6629375641
1221.6799277131,90.6344116520
1222.3939428666,90.5066060598
1223.1079580202,90.4455024217
1223.8219731737,90.4569945851
1224.5359883273,90.3965656644
1225.2500034808,90.3687097750
1225.9640186344,90.3463892477
1226.6780337879,90.2760901349
1227.3920489415,90.2727121029
1228.1060640950,90.2489355921
1228.8200792485,90.1954976720
1229.5340944021,90.2058135288
1230.2481095556,90.1394168897
1230.9621247092,90.0733183955
1231.6761398627,90.1674101295
1232.3901550163,90.1850271147
1233.1041701698,90.0900977513
1233.8181853233,90.1362823987
1234.5322004769,90.1866952459
1235.2462156304,90.0867182141
1235.9602307840,90.0919047025
1236.6742459375,90.1979994902
1237.3882610911,90.1473431251
1238.1022762446,90.0901874891
1238.8162913982,90.1311036510
1239.5303065517,90.1034312708
1240.2443217052,90.0950003791
1240.9583368588,90.1301417350
1241.6723520123,90.1268122753
1242.3863671659,90.2127545182
1243.1003823194,90.2516439445
1243.8143974730,90.1877654052
1244.5284126265,90.3466121773
1245.2424277800,90.5307380962
1245.9564429336,90.4820577811
1246.6704580871,90.5355797208
1247.3844732407,90.6934502519
1248.0984883942,90.6840576263
1248.8125035478,90.6739931862
1249.5265187013,90.8018947716
1250.2405338549,90.9053307028
1250.9545490084,90.9251339893
1251.6685641619,90.9460972454
1252.3825793155,90.9190501153
1253.0965944690,90.8372241422
1253.8106096226,90.8643499106
1254.5246247761,90.9185036045
1255.2386399297,90.8925201223
1255.9526550832,90.8872112586
1256.6666702367,90.8031336216
1257.3806853903,90.7356134825
1258.0947005438,90.8829781332
1258.8087156974,90.9149683529
1259.5227308509,90.8246800307
1260.2367460045,90.9120756816
1260.9507611580,90.9258498111
1261.6647763115,90.8335392916
1262.3787914651,90.8869627171
1263.0928066186,90.9545006132
1263.8068217722,90.9101850014
1264.5208369257,90.8248829908
1265.2348520793,90.8979562913
1265.9488672328,91.0823879927
1266.6628823864,91.0029739291
1267.3768975399,90.9130313471
1268.0909126934,91.0722272589
1268.8049278470,91.0153215067
1269.5189430005,90.8649709411
1270.2329581541,90.9672348762
1270.9469733076,90.9879704497
1271.6609884612,90.9462554583
1272.3750036147,91.0411349031
1273.0890187682,91.0539767773
1273.8030339218,90.9949360221
1274.5170490753,90.9640908713
1275.2310642289,90.9420801762
1275.9450793824,90.9768343587
1276.6590945360,91.0205411050
1277.3731096895,91.0061514669
1278.0871248431,90.9768097500
1278.8011399966,90.9977155317
1279.5151551501,91.0359335927
1280.2291703037,90.9888004570
1280.9431854572,90.9696398067
1281.6572006108,91.0291098516
1282.3712157643,90.9957848640
1283.0852309179,90.9568492099
1283.7992460714,91.0021087979
1284.5132612249,91.0315837476
1285.2272763785,91.0511837824
1285.9412915320,91.0302849015
1286.6553066856,91.0274937253
1287.3693218391,91.0853874471
1288.0833369927,91.0234672520
1288.7973521462,91.0026852436
1289.5113672997,91.1014820564
1290.2253824533,91.0365036489
1290.9393976068,90.9958391437
1291.6534127604,91.0898887729
1292.3674279139,91.0383298896
1293.0814430675,91.0113471103
1293.7954582210,91.1313808082
1294.5094733746,91.1673799957
1295.2234885281,91.1310387095
1295.9375036816,91.1271451188
1296.6515188352,91.1992715478
1297.3655339887,91.2759837450
1298.0795491423,91.2555682335
1298.7935642958,91.2765329786
1299.5075794494,91.3426050431
1300.2215946029,91.3688418006
1300.9356097564,91.4334398121
1301.6496249100,91.4711895534
1302.3636400635,91.5235774497
1303.0776552171,91.6150271839
1303.7916703706,91.5287307346
1304.5056855242,91.4788704313
1305.2197006777,91.5860759794
1305.9337158313,91.4857909901
1306.6477309848,91.3255849590
1307.3617461383,91.3819002994
1308.0757612919,91.4169183798
1308.7897764454,91.3533108811
1309.5037915990,91.3307772897
1310.2178067525,91.3371028469
1310.9318219061,91.3129030292
1311.6458370596,91.2551558861
1312.3598522131,91.2572318006
1313.0738673667,91.3128916080
1313.7878825202,91.2985152563
1314.5018976738,91.2946337355
1315.2159128273,91.3290763811
1315.9299279809,91.2897970191
1316.6439431344,91.2393298330
1317.3579582879,91.2776880307
1318.0719734415,91.3359801095
1318.7859885950,91.3996156392
1319.5000037486,91.4864519138
1320.2140189021,91.5071708710
1320.9280340557,91.4486772355
1321.6420492092,91.4731332018
1322.3560643628,91.5689314666
1323.0700795163,91.5459761715
1323.7840946698,91.5000030932
1324.4981098234,91.5489706249
1325.2121249769,91.5832438612
1325.9261401305,91.6264969860
1326.6401552840,91.6639579856
1327.3541704376,91.5942309240
1328.0681855911,91.5626895638
1328.7822007446,91.6242580988
1329.4962158982,91.6225005675
1330.2102310517,91.5887438033
1330.9242462053,91.6381403292
1331.6382613588,91.6957310621
1332.3522765124,91.6424789943
1333.0662916659,91.5666154129
1333.7803068195,91.6047659416
1334.4943219730,91.6400698835
1335.2083371265,91.5865182739
1335.9223522801,91.5834295479
1336.6363674336,91.6264038730
1337.3503825872,91.5888163061
1338.0643977407,91.5614115388
1338.7784128943,91.6311781076
1339.4924280478,91.7021087217
1340.2064432013,91.7384224230
1340.9204583549,91.7651863873
1341.6344735084,91.7664996446
1342.3484886620,91.7757015327
1343.0625038155,91.7801365759
1343.7765189691,91.7813026940
1344.4905341226,91.8224679383
1345.2045492761,91.8252371147
1345.9185644297,91.7748866669
1346.6325795832,91.7673289334
1347.3465947368,91.7407728081
1348.0606098903,91.6946302357
1348.7746250439,91.7312008702
1349.4886401974,91.7403041576
1350.2026553510,91.6507446706
1350.9166705045,91.6138017916
1351.6306856580,91.6640504865
1352.3447008116,91.6774028317
1353.0587159651,91.6231430821
1353.7727311187,91.6214032117
1354.4867462722,91.6439227910
1355.2007614258,91.5754525501
1355.9147765793,91.5890748808
1356.6287917328,91.6671392913
1357.3428068864,91.6022383813
1358.0568220399,91.6002196865
1358.7708371935,91.6675594017
1359.4848523470,91.5586570912
1360.1988675006,91.5414472601
1360.9128826541,91.6272824595
1361.6268978077,91.4650377751
1362.3409129612,91.3865316881
1363.0549281147,91.5599247237
1363.7689432683,91.5557186001
1364.4829584218,91.3750852928
1365.1969735754,91.2709597894
1365.9109887289,91.3196487009
1366.6250038825,91.3084541860
1367.3390190360,91.1907074899
1368.0530341895,91.2054442007
1368.7670493431,91.2710235316
1369.4810644966,91.2564095677
1370.1950796502,91.2897201230
1370.9090948037,91.3478641754
1371.6231099573,91.3657019405
1372.3371251108,91.3042943682
1373.0511402643,91.2036138157
1373.7651554179,91.2482433249
1374.4791705714,91.3227130086
1375.1931857250,91.2923557789
1375.9072008785,91.2773193363
1376.6212160321,91.1821879100
1377.3352311856,91.0824875595
1378.0492463392,91.1304327516
1378.7632614927,91.1392638796
1379.4772766462,91.1279794205
1380.1912917998,91.1351644629
1380.9053069533,91.0690474673
1381.6193221069,91.0825155513
1382.3333372604,91.1210579016
1383.0473524140,91.0315859454
1383.7613675675,90.9395118665
1384.4753827210,90.9204572127
1385.1893978746,90.9704173579
1385.9034130281,90.9386526345
1386.6174281817,90.8312172918
1387.3314433352,91.0761093359
1388.0454584888,91.2744961685
1388.7594736423,91.0300527909
1389.4734887959,90.9315924796
1390.1875039494,90.9262619525
1390.9015191029,90.8509598709
1391.6155342565,90.9264183213
1392.3295494100,90.9787404653
1393.0435645636,90.8076124283
1393.7575797171,90.7000781633
1394.4715948707,90.9447262972
1395.1856100242,91.0978513352
1395.8996251777,90.8921151647
1396.6136403313,90.8259376093
1397.3276554848,90.8671033147
1398.0416706384,90.6632425448
1398.7556857919,90.6242319507
1399.4697009455,90.9549205269
1400.1837160990,90.8202383699
1400.8977312526,90.6668352257
1401.6117464061,90.7295235757
1402.3257615596,90.8010667181
1403.0397767132,90.8529590771
1403.7537918667,90.7376053432
1404.4678070203,90.6326554785
1405.1818221738,90.9256839005
1405.8958373274,90.8944434544
1406.6098524809,90.7002077406
1407.3238676344,90.7996766466
1408.0378827880,90.8449267800
1408.7518979415,90.7928920413
1409.4659130951,90.8209058241
1410.1799282486,90.7611410820
1410.8939434022,90.8315978812
1411.6079585557,90.9482490270
1412.3219737092,90.8703702670
1413.0359888628,90.9804544778
1413.7500040163,91.0797711356
1414.4640191699,90.9783952157
1415.1780343234,91.0090407823
1415.8920494770,90.9753860428
1416.6060646305,90.9418751397
1417.3200797841,91.1113165187
1418.0340949376,90.9293627724
1418.7481100911,90.7745397160
1419.4621252447,91.6730066159
1420.1761403982,91.2775978375
1420.8901555518,90.9769579115
1421.6041707053,91.0680215109
1422.3181858589,91.0692111057
1423.0322010124,90.9492939042
1423.7462161659,91.0668172787
1424.4602313195,91.1043451362
1425.1742464730,91.0535297564
1425.8882616266,91.0730415124
1426.6022767801,90.9138437013
1427.3162919337,90.7799405197
1428.0303070872,90.8194398987
1428.7443222408,90.7093341298
1429.4583373943,90.6319403115
1430.1723525478,90.7935410038
1430.8863677014,90.6360687817
1431.6003828549,90.4381973860
1432.3143980085,90.3693498653
1433.0284131620,90.2589345998
1433.7424283156,90.2577394274
1434.4564434691,90.2217208710
1435.1704586226,89.8813550289
1435.8844737762,89.6012764215
1436.5984889297,89.9699371753
1437.3125040833,90.2081626549
1438.0265192368,89.8894609089
1438.7405343904,89.7380607913
1439.4545495439,89.7522253077
1440.1685646974,89.7078346472
1440.8825798510,89.6323050311
1441.5965950045,89.6474473034
1442.3106101581,89.6619112018
1443.0246253116,89.6925507214
1443.7386404652,89.6813796771
1444.4526556187,89.6306197602
1445.1666707723,89.6721457619
1445.8806859258,89.6174626967
1446.5947010793,89.5151947622
1447.3087162329,89.6384586216
1448.0227313864,89.8216515861
1448.7367465400,89.7438386297
1449.4507616935,89.7155157948
1450.1647768471,89.7382244298
1450.8787920006,89.7266339915
1451.5928071541,89.7288346677
1452.3068223077,89.8692151431
1453.0208374612,89.9023670595
1453.7348526148,89.8546718573
1454.4488677683,90.1053951505
1455.1628829219,90.1566041730
1455.8768980754,89.8807116282
1456.5909132290,90.6702982494
1457.3049283825,90.9954913856
1458.0189435360,90.3610896330
1458.7329586896,90.5092084020
1459.4469738431,90.6794102350
1460.1609889967,90.5473922180
1460.8750041502,90.5027517407
1461.5890193038,90.4011659099
1462.3030344573,90.4862550640
1463.0170496108,90.5691238625
1463.7310647644,90.2613369692
1464.4450799179,90.2263808698
1465.1590950715,90.8055506018
1465.8731102250,90.5271171589
1466.5871253786,90.3415965786
1467.3011405321,90.3913974393
1468.0151556856,90.4135706966
1468.7291708392,90.4275438992
1469.4431859927,90.4570441791
1470.1572011463,90.4525204355
1470.8712162998,90.4229704857
1471.5852314534,90.5184503594
1472.2992466069,90.8464824120
1473.0132617605,90.8836607802
1473.7272769140,91.0889777035
1474.4412920675,90.9705577665
1475.1553072211,90.5825784110
1475.8693223746,90.4521960786
1476.5833375282,90.9199090086
1477.2973526817,90.6051532130
1478.0113678353,90.4493621097
1478.7253829888,90.6428152656
1479.4393981423,90.4737810975
1480.1534132959,90.2913904193
1480.8674284494,90.4024676417
1481.5814436030,90.3685973312
1482.2954587565,90.2538147350
1483.0094739101,90.1395388152
1483.7234890636,90.0111151604
1484.4375042172,89.9913246561
1485.1515193707,89.8737830138
1485.8655345242,89.6514335647
1486.5795496778,89.4851078278
1487.2935648313,89.3676834670
1488.0075799849,89.2797659930
1488.7215951384,89.0395045137
1489.4356102920,88.8026140869
1490.1496254455,88.9783099829
1490.8636405990,88.8503348480
1491.5776557526,88.5781938537
1492.2916709061,88.3920944221
1493.0056860597,88.1440261561
1493.7197012132,88.1089259343
1494.4337163668,88.0062177703
1495.1477315203,87.5422709060
1495.8617466738,87.4848068761
1496.5757618274,88.1084668161
1497.2897769809,87.4057740797
1498.0037921345,86.9883587431
1498.7178072880,87.2653478660
1499.4318224416,87.2918832270
1500.1458375951,86.8911126504
1500.8598527487,86.6694622075
1501.5738679022,86.6613919538
1502.2878830557,86.6133076605
1503.0018982093,86.4852676357
1503.7159133628,86.2463332970
1504.4299285164,86.0113237170
1505.1439436699,86.1022296283
1505.8579588235,86.3693369998
1506.5719739770,85.9337700680
1507.2859891305,86.1627146596
1508.0000042841,86.0739916706
1508.7140194376,85.6390392037
1509.4280345912,85.5717112259
1510.1420497447,85.5282298755
1510.8560648983,85.2366585196
1511.5700800518,85.1294272123
1512.2840952054,85.3797210544
1512.9981103589,85.4243958631
1513.7121255124,85.1623970867
1514.4261406660,85.0306946293
1515.1401558195,85.2813866622
1515.8541709731,85.2095202182
1516.5681861266,85.0723153994
1517.2822012802,85.7596854445
1517.9962164337,85.6499464911
1518.7102315872,85.3562319035
1519.4242467408,85.1627856910
1520.1382618943,85.0550625435
1520.8522770479,85.6261594825
1521.5662922014,85.5784249330
1522.2803073550,85.3036118104
1522.9943225085,85.7649280388
1523.7083376621,85.5380364685
1524.4223528156,85.1249276054
1525.1363679691,85.4390607501
1525.8503831227,85.7170038973
1526.5643982762,85.4269395739
1527.2784134298,85.5062910469
1527.9924285833,85.6418977809
1528.7064437369,85.7532955280
1529.4204588904,85.7721894389
1530.1344740439,85.4531586829
1530.8484891975,85.4922286373
1531.5625043510,85.8067085585
1532.2765195046,85.5113686620
1532.9905346581,85.3946953312
1533.7045498117,86.4225403285
1534.4185649652,86.2875720814
1535.1325801187,85.9690503807
1535.8465952723,86.0068613140
1536.5606104258,86.1502079268
1537.2746255794,86.0868890448
1537.9886407329,85.8666528510
1538.7026558865,85.9028869674
1539.4166710400,87.0644010205
1540.1306861936,87.1811318919
1540.8447013471,86.5526357607
1541.5587165006,86.2751296045
1542.2727316542,87.0264387039
1542.9867468077,87.2581627380
1543.7007619613,86.7450386938
1544.4147771148,86.5726166310
1545.1287922684,87.2868233819
1545.8428074219,87.5195151498
1546.5568225754,87.3069439913
1547.2708377290,87.3533903703
1547.9848528825,87.6409892240
1548.6988680361,87.6464715060
1549.4128831896,87.6069440755
1550.1268983432,88.2558979707
1550.8409134967,88.3048450827
1551.5549286503,88.1944778924
1552.2689438038,88.5532519399
1552.9829589573,88.5917927658
1553.6969741109,88.4915357223
1554.4109892644,89.4542879058
1555.1250044180,89.4144096550
1555.8390195715,89.2392395639
1556.5530347251,89.2521506978
1557.2670498786,89.1167067426
1557.9810650321,90.2261324847
1558.6950801857,90.1470612971
1559.4090953392,89.2179453232
1560.1231104928,91.0130820998
1560.8371256463,90.7445762705
1561.5511407999,90.1677827619
1562.2651559534,90.2727521388
1562.9791711069,90.4221517813
1563.6931862605,90.3841006761
1564.4072014140,90.6280893082
1565.1212165676,90.8544722189
1565.8352317211,90.9239606584
1566.5492468747,91.0001611548
1567.2632620282,91.0469438757
1567.9772771818,91.0684425964
1568.6912923353,90.8914412851
1569.4053074888,91.1674454685
1570.1193226424,91.8823690390
1570.8333377959,91.4969039449
1571.5473529495,91.4531651001
1572.2613681030,91.5919601998
1572.9753832566,91.4365089325
1573.6893984101,91.6179567633
1574.4034135636,91.6775901526
1575.1174287172,91.2628256658
1575.8314438707,91.4403156702
1576.5454590243,92.6863677714
1577.2594741778,92.0257890968
1577.9734893314,91.8543295299
1578.6875044849,91.8727648982
1579.4015196385,91.8417504895
1580.1155347920,91.7850257720
1580.8295499455,91.6811322122
1581.5435650991,91.7003709118
1582.2575802526,91.7842272288
1582.9715954062,91.7376737431
1583.6856105597,91.7254395641
1584.3996257133,91.7652399554
1585.1136408668,91.6656334767
1585.8276560203,91.5287119990
1586.5416711739,91.5123334739
1587.2556863274,91.4907418825
1587.9697014810,91.3827575604
1588.6837166345,91.2627366694
1589.3977317881,91.1608436388
1590.1117469416,91.1257499850
1590.8257620951,91.0404430806
1591.5397772487,90.8717303704
1592.2537924022,90.8298169633
1592.9678075558,90.7442190068
1593.6818227093,90.5850197285
1594.3958378629,90.6027212570
1595.1098530164,90.5025690829
1595.8238681700,90.2757632578
1596.5378833235,90.1943400680
1597.2518984770,90.0960316692
1597.9659136306,89.9964452373
1598.6799287841,89.8624946930
1599.3939439377,89.6330213063
1600.1079590912,89.5516477115
1600.8219742448,89.4456219123
1601.5359893983,89.2741645940
1602.2500045518,89.2113735779
1602.9640197054,89.0320597268
1603.6780348589,88.8583740524
1604.3920500125,88.7460271403
1605.1060651660,88.5277478036
1605.8200803196,88.4257582235
1606.5340954731,88.2844931463
1607.2481106267,88.0703416561
1607.9621257802,88.0098227751
1608.6761409337,87.7888648364
1609.3901560873,87.5911381518
1610.1041712408,87.5461882034
1610.8181863944,87.2788599579
1611.5322015479,87.1335033508
1612.2462167015,87.0612714768
1612.9602318550,86.8098057607
1613.6742470085,86.7168904020
1614.3882621621,86.5400319970
1615.1022773156,86.1591252868
1615.8162924692,85.9027792285
1616.5303076227,86.0723708847
1617.2443227763,86.3898879994
1617.9583379298,85.8423604044
1618.6723530833,85.4893293773
1619.3863682369,85.4878107880
1620.1003833904,85.2430572838
1620.8143985440,85.0983019976
1621.5284136975,85.1570863818
1622.2424288511,84.7300349383
1622.9564440046,84.7286378775
1623.6704591582,85.5186777530
1624.3844743117,84.8441826946
1625.0984894652,84.6124803786
1625.8125046188,84.7900444014
1626.5265197723,84.6166605302
1627.2405349259,84.5667471497
1627.9545500794,84.7991192018
1628.6685652330,84.8390663584
1629.3825803865,84.8257762533
1630.0965955400,84.7506685039
1630.8106106936,84.8735384933
1631.5246258471,84.9989726642
1632.2386410007,84.8878040341
1632.9526561542,84.9241401451
1633.6666713078,84.8418628113
1634.3806864613,84.5459922652
1635.0947016149,84.8796765399
1635.8087167684,85.9459959848
1636.5227319219,85.2190535044
1637.2367470755,85.0593323105
1637.9507622290,85.2790658839
1638.6647773826,85.2045516680
1639.3787925361,85.0468982874
1640.0928076897,85.1728561928
1640.8068228432,85.3118756442
1641.5208379967,85.3890598420
1642.2348531503,85.5276201786
1642.9488683038,85.4632333603
1643.6628834574,85.5475974554
1644.3768986109,85.6255796987
1645.0909137645,85.3751094306
1645.8049289180,85.9052935968
1646.5189440715,86.3427020351
1647.2329592251,85.8176140595
1647.9469743786,86.3823451367
1648.6609895322,86.5490141961
1649.3750046857,86.0111120862
1650.0890198393,86.1640490179
1650.8030349928,86.2718404914
1651.5170501464,85.8349085218
1652.2310652999,85.8545571841
1652.9450804534,88.6428710317
1653.6590956070,87.1501180342
1654.3731107605,87.4791753742
1655.0871259141,87.6301756520
1655.8011410676,87.3997142141
1656.5151562212,87.3914976902
1657.2291713747,87.7152570439
1657.9431865282,87.9272814359
1658.6572016818,87.9409642166
1659.3712168353,88.0690174057
1660.0852319889,88.2872967665
1660.7992471424,88.5726480714
1661.5132622960,88.6505413522
1662.2272774495,88.4679248196
1662.9412926031,89.1330668935
1663.6553077566,89.5298156905
1664.3693229101,89.2846269436
1665.0833380637,89.4903143622
1665.7973532172,89.6468490792
1666.5113683708,89.5774670449
1667.2253835243,89.9680026342
1667.9393986779,89.8457436038
1668.6534138314,89.6335189499
1669.3674289849,91.4290706640
1670.0814441385,90.7953456879
1670.7954592920,90.4259847026
1671.5094744456,91.2249518757
1672.2234895991,91.2088905701
1672.9375047527,91.0676207904
1673.6515199062,91.1051826735
1674.3655350598,90.8019902389
1675.0795502133,91.6330162106
1675.7935653668,92.6647748970
1676.5075805204,91.7671987177
1677.2215956739,91.8316577876
1677.9356108275,92.2779774472
1678.6496259810,92.2333446918
1679.3636411346,92.2708985201
1680.0776562881,92.5646777059
1680.7916714416,92.9312021303
1681.5056865952,92.9027766322
1682.2197017487,92.6271123274
1682.9337169023,92.8094916081
1683.6477320558,93.3071297639
1684.3617472094,93.7506240371
1685.0757623629,94.7821132013
1685.7897775164,94.1474930464
1686.5037926700,93.6957425936
1687.2178078235,93.7358103899
1687.9318229771,94.0625337743
1688.6458381306,94.3173692748
1689.3598532842,94.4078737532
1690.0738684377,94.5646483277
1690.7878835913,94.9739886014
1691.5018987448,95.1420402523
1692.2159138983,95.1226543911
1692.9299290519,95.3569343057
1693.6439442054,95.6576192976
1694.3579593590,95.5437102518
1695.0719745125,95.2389537089
1695.7859896661,97.4254619120
1696.5000048196,97.3254438165
1697.2140199731,96.4951597294
1697.9280351267,96.6756311188
1698.6420502802,96.7797112922
1699.3560654338,95.9889182937
1700.0700805873,95.4088456320
1700.7840957409,99.8330432466
1701.4981108944,97.6696047041
1702.2121260480,97.6270514714
1702.9261412015,97.5474727972
1703.6401563550,97.3391352664
1704.3541715086,97.9773743390
1705.0681866621,97.9198691550
1705.7822018157,97.6451819495
1706.4962169692,98.4392407393
1707.2102321228,98.5502206973
1707.9242472763,98.2878258686
1708.6382624298,98.3583533845
1709.3522775834,98.3004712420
1710.0662927369,98.4635891153
1710.7803078905,98.8004526332
1711.4943230440,98.6630200294
1712.2083381976,98.6774212025
1712.9223533511,98.8938390721
1713.6363685046,98.7730067773
1714.3503836582,98.7202066716
1715.0643988117,99.2553027637
1715.7784139653,99.1334591754
1716.4924291188,98.6154448338
1717.2064442724,98.5495427439
1717.9204594259,99.6071514776
1718.6344745795,99.4140159220
1719.3484897330,99.1475855767
1720.0625048865,99.0341336975
1720.7765200401,98.9088726515
1721.4905351936,99.0248594473
1722.2045503472,99.0353298987
1722.9185655007,98.9881593832
1723.6325806543,99.2911914293
1724.3465958078,99.2865827997
1725.0606109613,99.2093562727
1725.7746261149,99.2932461787
1726.4886412684,99.1343325404
1727.2026564220,99.2397069324
1727.9166715755,99.4392593872
1728.6306867291,99.1229452715
1729.3447018826,99.0992509702
1730.0587170362,99.5465141585
1730.7727321897,99.4236559430
1731.4867473432,99.2367861223
1732.2007624968,99.0611593012
1732.9147776503,98.9111711668
1733.6287928039,99.1192313649
1734.3428079574,99.7570007668
1735.0568231110,100.0414249973
1735.7708382645,99.5084392848
1736.4848534180,99.0535917150
1737.1988685716,99.3477102999
1737.9128837251,99.4072901689
1738.6268988787,98.8534506415
1739.3409140322,99.0382819800
1740.0549291858,99.9840319813
1740.7689443393,99.5772381019
1741.4829594928,99.2298686443
1742.1969746464,99.0727686654
1742.9109897999,99.2404633981
1743.6250049535,99.5082471060
1744.3390201070,99.3777636178
1745.0530352606,99.3433967464
1745.7670504141,99.3367636649
1746.4810655677,99.2991929413
1747.1950807212,99.3323700957
1747.9090958747,99.1240791563
1748.6231110283,99.3450110557
1749.3371261818,99.6886938940
1750.0511413354,99.0662599952
1750.7651564889,98.8482024767
1751.4791716425,100.1478628375
1752.1931867960,99.5983488675
1752.9072019495,99.1950924015
1753.6212171031,99.3153195389
1754.3352322566,99.3808866622
1755.0492474102,99.3228121795
1755.7632625637,99.0916233179
1756.4772777173,99.1390744462
1757.1912928708,99.8247197740
1757.9053080244,99.5156812326
1758.6193231779,99.1812044904
1759.3333383314,99.4797812313
1760.0473534850,99.3254605156
1760.7613686385,98.9817120273
1761.4753837921,99.3721017230
1762.1893989456,99.7005214957
1762.9034140992,99.3879770967
1763.6174292527,99.3353937701
1764.3314444062,99.3738202509
1765.0454595598,99.3597626815
1765.7594747133,99.4390075919
1766.4734898669,99.3824105642
1767.1875050204,99.0893681865
1767.9015201740,99.2829596626
1768.6155353275,99.9624266004
1769.3295504810,99.4465090543
1770.0435656346,99.1125795539
1770.7575807881,99.4720241193
1771.4715959417,99.3644763566
1772.1856110952,99.1106733533
1772.8996262488,99.9220357090
1773.6136414023,99.5802772842
1774.3276565559,99.1170613695
1775.0416717094,99.1501322517
1775.7556868629,99.4151854448
1776.4697020165,99.4113931589
1777.1837171700,99.2457926990
1777.8977323236,99.1921341348
1778.6117474771,99.3229810305
1779.3257626307,99.2164848210
1780.0397777842,99.1693593086
1780.7537929377,99.5412112544
1781.4678080913,99.4799355366
1782.1818232448,99.2990506986
1782.8958383984,99.3177982838
1783.6098535519,99.1954781270
1784.3238687055,99.1495674676
1785.0378838590,99.4229282379
1785.7518990126,99.4546197855
1786.4659141661,99.3602660444
1787.1799293196,99.2819808129
1787.8939444732,99.3336997590
1788.6079596267,99.4433433432
1789.3219747803,99.2288823176
1790.0359899338,99.1276272196
1790.7500050874,99.4081662219
1791.4640202409,99.1407090161
1792.1780353944,98.9052707777
1792.8920505480,99.8792295404
1793.6060657015,99.7440134786
1794.3200808551,99.2139303172
1795.0340960086,99.1876546419
1795.7481111622,99.2283219669
1796.4621263157,99.1067421139
1797.1761414693,99.2839979520
1797.8901566228,99.2185715004
1798.6041717763,99.0192711908
1799.3181869299,99.3175733890
1800.0322020834,99.4595052557
1800.7462172370,99.1841898880
1801.4602323905,99.1594316117
1802.1742475441,99.3337520568
1802.8882626976,99.3737092789
1803.6022778511,99.2449753983
1804.3162930047,99.1332038226
1805.0303081582,99.2480895319
1805.7443233118,99.3129735817
1806.4583384653,99.1995803156
1807.1723536189,99.2024089913
1807.8863687724,99.2846928868
1808.6003839259,99.2456143758
1809.3143990795,99.1350925987
1810.0284142330,99.2082865996
1810.7424293866,99.5143784767
1811.4564445401,99.3821823781
1812.1704596937,99.2052698716
1812.8844748472,99.4258413925
1813.5984900008,99.3959680358
1814.3125051543,99.1973551490
1815.0265203078,99.3053415071
1815.7405354614,99.2794597575
1816.4545506149,99.2086971344
1817.1685657685,99.4166426318
1817.8825809220,99.4155257306
1818.5965960756,99.2630043717
1819.3106112291,99.2661188254
1820.0246263826,99.3449216040
1820.7386415362,99.3659849676
1821.4526566897,99.1638365298
1822.1666718433,99.1322876696
1822.8806869968,99.3872491235
1823.5947021504,99.1787205568
1824.3087173039,98.8957371584
1825.0227324575,99.3422952516
1825.7367476110,99.6725772603
1826.4507627645,99.3113676556
1827.1647779181,99.1630164348
1827.8787930716,99.2133090392
1828.5928082252,99.0897700756
1829.3068233787,99.0009218205
1830.0208385323,99.3769481940
1830.7348536858,99.4496905237
1831.4488688393,99.2736212531
1832.1628839929,99.1802213299
1832.8768991464,99.0550629979
1833.5909143000,99.0995602779
1834.3049294535,99.2417264869
1835.0189446071,99.1411842637
1835.7329597606,99.1932237973
1836.4469749141,99.3257958369
1837.1609900677,99.2210263939
1837.8750052212,99.2395388997
1838.5890203748,99.1506169382
1839.3030355283,99.0816006149
1840.0170506819,99.3364227372
1840.7310658354,99.1609789470
1841.4450809890,99.0677787325
1842.1590961425,99.4466351569
1842.8731112960,99.0636754023
1843.5871264496,98.7266317399
1844.3011416031,99.7200532580
1845.0151567567,99.3815266817
1845.7291719102,99.0665790301
1846.4431870638,99.2045228256
1847.1572022173,98.9998987081
1847.8712173708,99.0828501866
1848.5852325244,99.3634855508
1849.2992476779,99.1275657202
1850.0132628315,99.1308699596
1850.7272779850,99.2501253392
1851.4412931386,99.1679123478
1852.1553082921,99.2642051483
1852.8693234457,99.2005201981
1853.5833385992,99.1377054555
1854.2973537527,99.3005417948
1855.0113689063,99.1385756115
1855.7253840598,99.0083058747
1856.4393992134,99.1721990857
1857.1534143669,99.1438043422
1857.8674295205,99.0816212082
1858.5814446740,99.1017751390
1859.2954598275,99.0958108762
1860.0094749811,99.1736507837
1860.7234901346,99.1384240190
1861.4375052882,99.0442136404
1862.1515204417,99.1659719186
1862.8655355953,99.2639191902
1863.5795507488,99.2016371285
1864.2935659023,99.1584685971
1865.0075810559,99.1764281623
1865.7215962094,99.0869225393
1866.4356113630,98.9860428612
1867.1496265165,99.1580245050
1867.8636416701,99.2256847110
1868.5776568236,99.0570945924
1869.2916719772,99.2933181516
1870.0056871307,99.3915619806
1870.7197022842,99.1280489445
1871.4337174378,99.1734610344
1872.1477325913,99.2085727991
1872.8617477449,99.0086941376
1873.5757628984,99.0994425782
1874.2897780520,99.1955486972
1875.0037932055,99.0971374144
1875.7178083590,99.1951762387
1876.4318235126,99.2190420484
1877.1458386661,99.1379433577
1877.8598538197,99.2352923014
1878.5738689732,99.2258707762
1879.2878841268,99.1405239271
1880.0018992803,99.1614119881
1880.7159144339,99.1756403159
1881.4299295874,99.3112786194
1882.1439447409,99.3376022439
1882.8579598945,99.0684842419
1883.5719750480,99.0534511726
1884.2859902016,99.3006731668
1885.0000053551,99.3233293671
1885.7140205087,99.1728300829
1886.4280356622,99.0787022133
1887.1420508157,99.1041785607
1887.8560659693,98.9941619902
1888.5700811228,98.7691864648
1889.2840962764,99.1064989818
1889.9981114299,99.4812680480
1890.7121265835,99.1044231522
1891.4261417370,98.9983540689
1892.1401568905,99.0637494668
1892.8541720441,98.9919557419
1893.5681871976,99.2394286328
1894.2822023512,99.1583293524
1894.9962175047,98.8067691172
1895.7102326583,99.0765631824
1896.4242478118,99.0225431364
1897.1382629654,98.8033099720
1897.8522781189,99.1410892506
1898.5662932724,99.1280783373
1899.2803084260,99.0328876185
1899.9943235795,99.1879832290
1900.7083387331,98.8794003646
1901.4223538866,98.8757441880
1902.1363690402,99.2329879768
1902.8503841937,99.0322015104
1903.5643993472,98.8855881460
1904.2784145008,98.9367040656
1904.9924296543,99.0624210636
1905.7064448079,99.4128253088
1906.4204599614,99.1490644837
1907.1344751150,98.7809760894
1907.8484902685,99.0356516307
1908.5625054221,98.9336755581
1909.2765205756,98.8208020598
1909.9905357291,99.2003169398
1910.7045508827,99.0971576808
1911.4185660362,98.8830686937
1912.1325811898,99.0655783411
1912.8465963433,99.2711770292
1913.5606114969,99.3063817454
1914.2746266504,99.0368955554
1914.9886418039,98.9798389853
1915.7026569575,99.2554847373
1916.4166721110,98.9784765752
1917.1306872646,98.6794132105
1917.8447024181,99.2158504824
1918.5587175717,99.5109334942
1919.2727327252,99.1455191240
1919.9867478788,99.1059580384
1920.7007630323,99.3551824009
1921.4147781858,99.2444359387
1922.1287933394,98.8783555149
1922.8428084929,98.8644336687
1923.5568236465,99.0602940064
1924.2708388000,99.1749493274
1924.9848539536,99.3454615058
1925.6988691071,99.2236503597
1926.4128842606,99.0609927530
1927.1268994142,99.2309193329
1927.8409145677,99.1760544438
1928.5549297213,99.1449538239
1929.2689448748,99.3656215813
1929.9829600284,99.0614619189
1930.6969751819,98.6942309836
1931.4109903354,98.9004898722
1932.1250054890,98.8909446108
1932.8390206425,98.7454221276
1933.5530357961,99.1484817458
1934.2670509496,99.3406153292
1934.9810661032,98.9787201801
1935.6950812567,99.0127282255
1936.4090964103,99.1391776213
1937.1231115638,98.9267351025
1937.8371267173,99.2631858306
1938.5511418709,99.3414155323
1939.2651570244,98.6933931776
1939.9791721780,99.1823200418
1940.6931873315,99.7131566147
1941.4072024851,98.8517762896
1942.1212176386,98.9184992541
1942.8352327921,99.7195325963
1943.5492479457,99.0394819869
1944.2632630992,98.8760963565
1944.9772782528,99.1621392651
1945.6912934063,99.0386233184
1946.4053085599,99.2268955040
1947.1193237134,98.8282164275
1947.8333388670,98.1689682077
1948.5473540205,98.8331985256
1949.2613691740,99.2687125986
1949.9753843276,98.6014242068
1950.6893994811,98.7228645277
1951.4034146347,99.3355510473
1952.1174297882,99.1060110979
1952.8314449418,99.0089814720
1953.5454600953,99.5012089793
1954.2594752488,99.3654116668
1954.9734904024,98.9513635969
1955.6875055559,99.0927150183
1956.4015207095,98.9718190229
1957.1155358630,98.7383462524
1957.8295510166,98.8237247484
1958.5435661701,98.8086109957
1959.2575813236,99.3656808831
1959.9715964772,99.8641694913
1960.6856116307,99.3643098223
1961.3996267843,99.2653806664
1962.1136419378,99.2572326296
1962.8276570914,98.9814328961
1963.5416722449,99.3524623920
1964.2556873985,99.0270550487
1964.9697025520,98.6088341972
1965.6837177055,99.0411465454
1966.3977328591,98.2856851817
1967.1117480126,98.0582372411
1967.8257631662,99.2510202837
1968.5397783197,98.7667641194
1969.2537934733,98.7452445917
1969.9678086268,99.5466855789
1970.6818237803,98.6598782321
1971.3958389339,98.9624665656
1972.1098540874,100.2291248539
1972.8238692410,99.0865896552
1973.5378843945,98.2307637210
1974.2518995481,98.7635591087
1974.9659147016,98.8014263180
1975.6799298552,99.0808007303
1976.3939450087,99.3207758575
1977.1079601622,98.9877550947
1977.8219753158,99.0770557245
1978.5359904693,99.0528728635
1979.2500056229,98.7025865933
1979.9640207764,98.6617401914
1980.6780359300,98.4863665876
1981.3920510835,98.3413543990
1982.1060662370,98.7498093292
1982.8200813906,98.6242803845
1983.5340965441,97.6664930997
1984.2481116977,97.8220108653
1984.9621268512,98.9102363100
1985.6761420048,98.8623026441
1986.3901571583,98.5576571011
1987.1041723118,98.9237245813
1987.8181874654,98.6446024639
1988.5322026189,98.2574139230
1989.2462177725,98.7324699369
1989.9602329260,99.0504937496
1990.6742480796,98.9797996531
1991.3882632331,98.5871081171
1992.1022783867,98.0804981439
1992.8162935402,98.4795643396
1993.5303086937,98.7501466164
1994.2443238473,98.2292724588
1994.9583390008,98.3527398023
1995.6723541544,98.9451210437
1996.3863693079,98.6360193099
1997.1003844615,98.1898314367
1997.8143996150,98.4049249989
1998.5284147685,98.6649002536
1999.2424299221,99.0231836598
1999.9564450756,99.6252989053
2000.6704602292,99.5833904920
2001.3844753827,98.9380017683
2002.0984905363,98.6878881577
2002.8125056898,98.9541794772
2003.5265208434,98.9858185926
2004.2405359969,98.5234310034
2004.9545511504,98.4784370482
2005.6685663040,98.9292511155
2006.3825814575,98.8508367128
2007.0965966111,98.8145549993
2007.8106117646,98.9302325789
2008.5246269182,98.2339356332
2009.2386420717,98.1219101006
2009.9526572252,98.8365676913
2010.6666723788,98.5846667861
2011.3806875323,98.0112419666
2012.0947026859,97.8919879935
2012.8087178394,98.0400357130
2013.5227329930,98.6058906588
2014.2367481465,98.4517410953
2014.9507633000,97.9068179905
2015.6647784536,98.3312468030
2016.3787936071,98.6895547254
2017.0928087607,98.7682473683
2017.8068239142,98.8760416693
2018.5208390678,98.5106087564
2019.2348542213,98.5162709389
2019.9488693749,98.4611714551
2020.6628845284,98.1306190300
2021.3768996819,99.0043389417
2022.0909148355,99.3702503081
2022.8049299890,98.5789738995
2023.5189451426,98.6928749224
2024.2329602961,98.5195867852
2024.9469754497,98.0290852492
2025.6609906032,98.9228714212
2026.3750057567,99.4535737815
2027.0890209103,99.0757335034
2027.8030360638,98.8643615009
2028.5170512174,98.2415379016
2029.2310663709,97.7889160967
2029.9450815245,98.5317502148
2030.6590966780,99.4247909063
2031.3731118316,99.0526993760
2032.0871269851,97.9546362758
2032.8011421386,98.0049719726
2033.5151572922,98.4805562065
2034.2291724457,97.9658607920
2034.9431875993,97.9878417757
2035.6572027528,98.4553468242
2036.3712179064,98.1355238327
2037.0852330599,98.1631129583
2037.7992482134,98.3910209992
2038.5132633670,98.2296741140
2039.2272785205,98.6135561665
2039.9412936741,98.9204277486
2040.6553088276,98.4427946693
2041.3693239812,98.0708354662
2042.0833391347,98.2783381554
2042.7973542883,98.6070044158
2043.5113694418,98.4844043545
2044.2253845953,98.1557414286
2044.9393997489,98.2011277106
2045.6534149024,98.1143899801
2046.3674300560,97.8694215314
2047.0814452095,97.9131315379
2047.7954603631,97.7610617405
2048.5094755166,97.8066575154
2049.2234906701,98.3905857678
2049.9375058237,98.4174405977
2050.6515209772,98.0772241754
2051.3655361308,98.1521562658
2052.0795512843,98.2795453275
2052.7935664379,98.5092187075
2053.5075815914,98.6637298335
2054.2215967449,98.2171869269
2054.9356118985,98.0423328125
2055.6496270520,98.4117894538
2056.3636422056,98.4793154337
2057.0776573591,98.4697933209
2057.7916725127,98.4633935952
2058.5056876662,98.2483954398
2059.2197028198,98.4964274558
2059.9337179733,98.7206136028
2060.6477331268,98.2295123213
2061.3617482804,98.1177284000
2062.0757634339,98.5800934996
2062.7897785875,98.7372147433
2063.5037937410,98.5217807071
2064.2178088946,98.2408426118
2064.9318240481,98.3125614981
2065.6458392016,98.4985996391
2066.3598543552,98.3452005883
2067.0738695087,98.4433794004
2067.7878846623,98.6078555471
2068.5018998158,98.4324807010
2069.2159149694,98.5424035248
2069.9299301229,98.4470391467
2070.6439452765,98.0124529185
2071.3579604300,98.2176469569
2072.0719755835,98.3754043779
2072.7859907371,98.0975074154
2073.5000058906,98.1990414015
2074.2140210442,98.3469793778
2074.9280361977,98.4521570993
2075.6420513513,98.6666960578
2076.3560665048,98.3770434124
2077.0700816583,98.0049358036
2077.7840968119,98.1525042817
2078.4981119654,98.4897604354
2079.2121271190,98.7273191198
2079.9261422725,98.5839404952
2080.6401574261,98.3312910249
2081.3541725796,98.3875480493
2082.0681877331,98.4264982124
2082.7822028867,98.4652864835
2083.4962180402,98.6285257064
2084.2102331938,98.5739829637
2084.9242483473,98.4486145781
2085.6382635009,98.4765217574
2086.3522786544,98.5999169773
2087.0662938080,98.6795624231
2087.7803089615,98.5057104550
2088.4943241150,98.4384910595
2089.2083392686,98.6495176692
2089.9223544221,98.5734194141
2090.6363695757,98.3407004191
2091.3503847292,98.5128097960
2092.0643998828,98.8219093976
2092.7784150363,98.7560756957
2093.4924301898,98.5117204594
2094.2064453434,98.6444513614
2094.9204604969,98.8062962085
2095.6344756505,98.5984316979
2096.3484908040,98.5352833985
2097.0625059576,98.4798529657
2097.7765211111,98.2431580998
2098.4905362647,98.4839678466
2099.2045514182,98.8536362847
2099.9185665717,98.6286974024
2100.6325817253,98.2891978361
2101.3465968788,98.2844250739
2102.0606120324,98.4544063950
2102.7746271859,98.5645447509
2103.4886423395,98.5234816416
2104.2026574930,98.4047058457
2104.9166726465,98.2017715220
2105.6306878001,98.1636888836
2106.3447029536,98.3788996706
2107.0587181072,98.4430540224
2107.7727332607,98.4619245339
2108.4867484143,98.5183743992
2109.2007635678,98.3550658947
2109.9147787213,98.4105693224
2110.6287938749,98.6648414137
2111.3428090284,98.4703704457
2112.0568241820,98.2455795808
2112.7708393355,98.4799116981
2113.4848544891,98.6728312002
2114.1988696426,98.5225446885
2114.9128847962,98.4209577729
2115.6268999497,98.6100322200
2116.3409151032,98.6998648528
2117.0549302568,98.6115426315
2117.7689454103,98.7188276800
2118.4829605639,98.8034450571
2119.1969757174,98.6899751006
2119.9109908710,98.6873083429
2120.6250060245,98.7960756949
2121.3390211780,98.9246666764
2122.0530363316,98.9129166121
2122.7670514851,98.5756069406
2123.4810666387,98.3455041872
2124.1950817922,98.5155177720
2124.9090969458,98.6997488386
2125.6231120993,98.8013868688
2126.3371272529,99.0132409674
2127.0511424064,99.1679617411
2127.7651575599,99.0093885791
2128.4791727135,98.8541613509
2129.1931878670,98.9868977554
2129.9072030206,99.0137525220
2130.6212181741,98.9054481163
2131.3352333277,99.0796044540
2132.0492484812,99.3301603396
2132.7632636347,99.2994664036
2133.4772787883,99.0954700814
2134.1912939418,99.0865777634
2134.9053090954,99.2132011898
2135.6193242489,98.9888707394
2136.3333394025,98.7068562881
2137.0473545560,98.7902430275
2137.7613697095,98.9797732961
2138.4753848631,99.1758040173
2139.1894000166,99.1460464798
2139.9034151702,98.9238723265
2140.6174303237,99.0116230032
2141.3314454773,98.8963900128
2142.0454606308,98.6104981724
2142.7594757844,98.9545222117
2143.4734909379,99.3766784294
2144.1875060914,99.4474900289
2144.9015212450,99.3239050467
2145.6155363985,98.9197457247
2146.3295515521,98.9453684436
2147.0435667056,99.1685551714
2147.7575818592,98.9487895042
2148.4715970127,99.0592371446
2149.1856121662,99.2912846739
2149.8996273198,99.2993216081
2150.6136424733,99.5657456896
2151.3276576269,99.4686060879
2152.0416727804,99.0919996118
2152.7556879340,98.9663862415
2153.4697030875,98.8820492567
2154.1837182411,99.3017005566
2154.8977333946,99.7852076619
2155.6117485481,99.3091223693
2156.3257637017,99.0722162311
2157.0397788552,99.5332883994
2157.7537940088,99.6966802911
2158.4678091623,99.3523788433
2159.1818243159,98.5347254803
2159.8958394694,97.7216122947
2160.6098546229,97.7911488509
2161.3238697765,98.2048543692
2162.0378849300,97.9420218712
2162.7519000836,97.8875425257
2163.4659152371,98.5026996740
2164.1799303907,98.4786315852
2164.8939455442,98.1827068053
2165.6079606978,98.7728205587
2166.3219758513,98.8833691886
2167.0359910048,98.2277013477
2167.7500061584,98.0410626880
2168.4640213119,98.2491518251
2169.1780364655,98.5342585668
2169.8920516190,98.3633520348
2170.6060667726,98.0458246431
2171.3200819261,98.5947561085
2172.0340970796,98.7717283975
2172.7481122332,98.4074426359
2173.4621273867,98.7724758934
2174.1761425403,98.4868287799
2174.8901576938,98.0428558641
2175.6041728474,98.5520340457
2176.3181880009,98.2803537078
2177.0322031544,97.9518092159
2177.7462183080,98.4148211790
2178.4602334615,98.4184955500
2179.1742486151,98.7807806382
2179.8882637686,99.3992827959
2180.6022789222,99.0502429713
2181.3162940757,98.7281396293
2182.0303092293,98.8143652377
2182.7443243828,99.2195126569
2183.4583395363,99.1678370510
2184.1723546899,98.3133611093
2184.8863698434,98.5703904911
2185.6003849970,98.8138710347
2186.3144001505,97.9164233710
2187.0284153041,98.1886075151
2187.7424304576,98.7446304069
2188.4564456111,98.3363391512
2189.1704607647,98.4901632691
2189.8844759182,98.4874479504
2190.5984910718,98.2418509591
2191.3125062253,98.5391139084
2192.0265213789,98.4043116720
2192.7405365324,98.3818484643
2193.4545516860,98.7885008507
2194.1685668395,98.7213483184
2194.8825819930,98.6411012017
2195.5965971466,98.5066425303
2196.3106123001,98.3125507457
2197.0246274537,98.3811614774
2197.7386426072,98.4982116724
2198.4526577608,98.7582653387
2199.1666729143,98.4872818471
2199.8806880678,98.1098496087
2200.5947032214,98.7555296948
2201.3087183749,98.7352107774
2202.0227335285,98.2494737262
2202.7367486820,98.8908516504
2203.4507638356,98.7792331919
2204.1647789891,98.1339920781
2204.8787941426,98.4051154960
2205.5928092962,98.3075295350
2206.3068244497,98.1642068315
2207.0208396033,98.5146483605
2207.7348547568,98.3277901428
2208.4488699104,98.1040571620
2209.1628850639,98.1216045400
2209.8769002175,98.2067216682
2210.5909153710,98.5938513267
2211.3049305245,98.7424236780
2212.0189456781,98.7846042327
2212.7329608316,98.6992260386
2213.4469759852,98.3368737018
2214.1609911387,98.3933648487
2214.8750062923,98.4957008607
2215.5890214458,98.3339442042
2216.3030365993,98.4170214545
2217.0170517529,98.4379448435
2217.7310669064,98.4717499520
2218.4450820600,98.4402330911
2219.1590972135,98.1496715743
2219.8731123671,98.2415187475
2220.5871275206,98.4005579620
2221.3011426742,98.4112975302
2222.0151578277,98.6374612777
2222.7291729812,98.4292693617
2223.4431881348,98.2349854487
2224.1572032883,98.4863020282
2224.8712184419,98.4250395871
2225.5852335954,98.3079982642
2226.2992487490,98.3686110377
2227.0132639025,98.5603372549
2227.7272790560,98.7757961941
2228.4412942096,98.4669350425
2229.1553093631,98.4821364348
2229.8693245167,98.6626808495
2230.5833396702,98.1650380513
2231.2973548238,98.2800413668
2232.0113699773,98.6530375026
2232.7253851308,98.4467900632
2233.4394002844,98.6935260474
2234.1534154379,98.5847552218
2234.8674305915,98.3157420561
2235.5814457450,98.7771292323
2236.2954608986,98.5431074309
2237.0094760521,98.3599791472
2237.7234912057,98.8069415106
2238.4375063592,98.4045344340
2239.1515215127,98.1785627904
2239.8655366663,98.4428701622
2240.5795518198,98.4529820090
2241.2935669734,98.7677356733
2242.0075821269,98.5221149616
2242.7215972805,98.2772930304
2243.4356124340,98.7987343907
2244.1496275875,98.3013297378
2244.8636427411,97.8526104621
2245.5776578946,98.4483326304
2246.2916730482,98.2562754253
2247.0056882017,98.0632784565
2247.7197033553,98.3414680074
2248.4337185088,98.1375535120
2249.1477336624,98.3446138941
2249.8617488159,98.5628045490
2250.5757639694,98.3676562708
2251.2897791230,98.5592698943
2252.0037942765,98.3610148676
2252.7178094301,98.0452852226
2253.4318245836,98.5214209298
2254.1458397372,98.5037619553
2254.8598548907,98.0971007929
2255.5738700442,98.3383935253
2256.2878851978,98.5036538504
2257.0019003513,98.1675346030
2257.7159155049,97.9125243829
2258.4299306584,98.0650547006
2259.1439458120,98.3365135019
2259.8579609655,98.3052801125
2260.5719761190,98.1849641640
2261.2859912726,98.2378120167
2262.0000064261,98.5156887318
2262.7140215797,98.5291040775
2263.4280367332,98.0491964160
2264.1420518868,98.0386048651
2264.8560670403,98.2356937334
2265.5700821939,97.9800250890
2266.2840973474,98.1298744866
2266.9981125009,98.3297668232
2267.7121276545,98.0772704452
2268.4261428080,98.2106140878
2269.1401579616,98.2954456532
2269.8541731151,98.1008405436
2270.5681882687,98.2110800176
2271.2822034222,98.2402088465
2271.9962185757,98.1637603814
2272.7102337293,98.0746978176
2273.4242488828,97.8642282718
2274.1382640364,97.9422185636
2274.8522791899,98.0662450905
2275.5662943435,98.0229882466
2276.2803094970,98.1806961698
2276.9943246506,98.2159796557
2277.7083398041,98.1447303695
2278.4223549576,98.1643355680
2279.1363701112,98.1414383915
2279.8503852647,98.1287644513
2280.5644004183,97.9897223634
2281.2784155718,97.9490348233
2281.9924307254,98.1331525590
2282.7064458789,98.0302407950
2283.4204610324,97.8947212188
2284.1344761860,97.8600697906
2284.8484913395,97.7795483824
2285.5625064931,98.0171423192
2286.2765216466,98.1405338834
2286.9905368002,97.9633424989
2287.7045519537,97.9717009847
2288.4185671072,97.9336847990
2289.1325822608,98.1191557002
2289.8465974143,98.3518699793
2290.5606125679,97.9754914136
2291.2746277214,98.0060684602
2291.9886428750,98.2817617566
2292.7026580285,97.9647320332
2293.4166731821,98.0373970577
2294.1306883356,98.2651883366
2294.8447034891,98.1327183875
2295.5587186427,98.3637265579
2296.2727337962,98.4196134521
2296.9867489498,98.2445467408
2297.7007641033,98.3479254749
2298.4147792569,98.2411917655
2299.1287944104,98.0757675123
2299.8428095639,98.1928108195
2300.5568247175,98.3863799954
2301.2708398710,98.3998743571
2301.9848550246,98.2094047969
2302.6988701781,98.3408998290
2303.4128853317,98.3511760869
2304.1269004852,98.0939326645
2304.8409156388,98.5241842654
2305.5549307923,98.5178399343
2306.2689459458,98.0630351493
2306.9829610994,98.4162194530
2307.6969762529,98.3594167638
2308.4109914065,98.1752454216
2309.1250065600,98.6067019175
2309.8390217136,98.1204105912
2310.5530368671,98.0167302437
2311.2670520206,98.5914607173
2311.9810671742,98.0562940490
2312.6950823277,98.1577190171
2313.4090974813,98.4781746187
2314.1231126348,97.9010794591
2314.8371277884,98.3490384159
2315.5511429419,98.5272473412
2316.2651580955,98.0141683916
2316.9791732490,98.4826147314
2317.6931884025,98.2363335798
2318.4072035561,98.0477056607
2319.1212187096,98.7091524385
2319.8352338632,98.0310172231
2320.5492490167,98.0349624319
2321.2632641703,98.6887208664
2321.9772793238,97.9440797797
2322.6912944773,98.1321522502
2323.4053096309,98.3867495934
2324.1193247844,97.7246537141
2324.8333399380,98.2610875408
2325.5473550915,98.5061983351
2326.2613702451,98.1482885343
2326.9753853986,98.6684228570
2327.6894005521,98.3541259337
2328.4034157057,98.1603143070
2329.1174308592,98.7804550510
2329.8314460128,98.3192004656
2330.5454611663,98.2711352300
2331.2594763199,98.6218702671
2331.9734914734,98.1075208963
2332.6875066270,98.2085403770
2333.4015217805,98.5052245340
2334.1155369340,98.2899156937
2334.8295520876,98.3149419490
2335.5435672411,98.1582030506
2336.2575823947,98.2236313631
2336.9715975482,98.5286286034
2337.6856127018,98.2766647831
2338.3996278553,98.3461186387
2339.1136430088,98.4393682744
2339.8276581624,98.1781172868
2340.5416733159,98.2727146550
2341.2556884695,98.2973470277
2341.9697036230,98.2774679755
2342.6837187766,98.2682314815
2343.3977339301,98.0318747091
2344.1117490837,98.2151107737
2344.8257642372,98.3933169270
2345.5397793907,98.3482012003
2346.2537945443,98.6320339767
2346.9678096978,98.5744019034
2347.6818248514,98.4995260801
2348.3958400049,98.5995811761
2349.1098551585,98.3936661217
2349.8238703120,98.4406754181
2350.5378854655,98.6252748333
2351.2519006191,98.3461928642
2351.9659157726,98.4373422581
2352.6799309262,98.5204205380
2353.3939460797,98.3501962066
2354.1079612333,98.7170805311
2354.8219763868,98.6725865696
2355.5359915403,98.3823073504
2356.2500066939,98.4877364704
2356.9640218474,98.3520967179
2357.6780370010,98.2756974376
2358.3920521545,98.2784777064
2359.1060673081,98.3175388755
2359.8200824616,98.6705504853
2360.5340976152,98.5047463800
2361.2481127687,98.4133728363
2361.9621279222,98.5521540071
2362.6761430758,98.0792141525
2363.3901582293,98.1039513310
2364.1041733829,98.3982042328
2364.8181885364,98.1427717516
2365.5322036900,98.2825780099
2366.2462188435,98.2539173492
2366.9602339970,97.9828336642
2367.6742491506,98.1635864267
2368.3882643041,97.9906083613
2369.1022794577,97.8224009750
2369.8162946112,97.9985798294
2370.5303097648,97.8305473287
2371.2443249183,97.9061851444
2371.9583400719,98.0787304787
2372.6723552254,97.8046557278
2373.3863703789,97.8141968362
2374.1003855325,97.9104092124
2374.8144006860,97.8260030248
2375.5284158396,97.9911507214
2376.2424309931,98.0151758482
2376.9564461467,97.8847488206
2377.6704613002,97.9555133244
2378.3844764537,98.0447351050
2379.0984916073,98.1127791350
2379.8125067608,98.1076941490
2380.5265219144,98.1060216738
2381.2405370679,98.2733048147
2381.9545522215,98.3298062990
2382.6685673750,98.2795752941
2383.3825825285,98.3156842376
2384.0965976821,98.3352092976
2384.8106128356,98.3012431360
2385.5246279892,98.2907420906
2386.2386431427,98.4051264253
2386.9526582963,98.3345458625
2387.6666734498,98.3052735308
2388.3806886034,98.2897411613
2389.0947037569,98.2424398109
2389.8087189104,98.3187068491
2390.5227340640,98.3631445908
2391.2367492175,98.4465858522
2391.9507643711,98.4638976823
2392.6647795246,98.4893267012
2393.3787946782,98.5111121249
2394.0928098317,98.4778015846
2394.8068249852,98.4361010893
2395.5208401388,98.4130489891
2396.2348552923,98.3610498836
2396.9488704459,98.3303840878
2397.6628855994,98.3681045932
2398.3769007530,98.4664672883
2399.0909159065,98.5653249332
2399.8049310601,98.4429934114
2400.5189462136,98.5273846776
2401.2329613671,98.5619793904
2401.9469765207,98.5268931985
2402.6609916742,98.4869251219
2403.3750068278,98.3954116358
2404.0890219813,98.4907005358
2404.8030371349,98.5127821495
2405.5170522884,98.4521724658
2406.2310674419,98.5300962575
2406.9450825955,98.3951444912
2407.6590977490,98.3537997680
2408.3731129026,98.4852240189
2409.0871280561,98.3154288871
2409.8011432097,98.3619176286
2410.5151583632,98.5362324212
2411.2291735167,98.3164942198
2411.9431886703,98.3202316257
2412.6572038238,98.4647643768
2413.3712189774,98.3329373792
2414.0852341309,98.3224782589
2414.7992492845,98.3470876737
2415.5132644380,98.3398114594
2416.2272795916,98.4785048968
2416.9412947451,98.4691390085
2417.6553098986,98.3709164644
2418.3693250522,98.3961776282
2419.0833402057,98.4409798695
2419.7973553593,98.4653355698
2420.5113705128,98.4378315677
2421.2253856664,98.4157736194
2421.9394008199,98.3967133828
2422.6534159734,98.3513853509
2423.3674311270,98.4212518360
2424.0814462805,98.4704291063
2424.7954614341,98.4041234620
2425.5094765876,98.3850946537
2426.2234917412,98.3828401780
2426.9375068947,98.4332799055
2427.6515220483,98.4871707534
2428.3655372018,98.3983585406
2429.0795523553,98.3141295581
2429.7935675089,98.2923612104
2430.5075826624,98.3815872303
2431.2215978160,98.4773925335
2431.9356129695,98.3240988462
2432.6496281231,98.2838943142
2433.3636432766,98.4425347794
2434.0776584301,98.4530005685
2434.7916735837,98.4932171064
2435.5056887372,98.4416897966
2436.2197038908,98.2466194880
2436.9337190443,98.2955388331
2437.6477341979,98.3442658142
2438.3617493514,98.3133551224
2439.0757645050,98.3722560132
2439.7897796585,98.3141817695
2440.5037948120,98.3249754520
2441.2178099656,98.3047499349
2441.9318251191,98.1361178289
2442.6458402727,98.3056262701
2443.3598554262,98.4003241681
2444.0738705798,98.1898736078
2444.7878857333,98.3050896567
2445.5019008868,98.3663630948
2446.2159160404,98.2104721622
2446.9299311939,98.2985090850
2447.6439463475,98.2620064705
2448.3579615010,98.0982403355
2449.0719766546,98.2128174175
2449.7859918081,98.3552476129
2450.5000069616,98.3267196644
2451.2140221152,98.2557349211
2451.9280372687,98.3177818341
2452.6420524223,98.3414507988
2453.3560675758,98.1784212889
2454.0700827294,98.2287754872
2454.7840978829,98.3444280560
2455.4981130365,98.2427788839
2456.2121281900,98.2705750830
2456.9261433435,98.2727221837
2457.6401584971,98.2311199763
2458.3541736506,98.3959424955
2459.0681888042,98.3939216879
2459.7822039577,98.3565711346
2460.4962191113,98.4109940081
2461.2102342648,98.2691526252
2461.9242494183,98.3186135784
2462.6382645719,98.4356467489
2463.3522797254,98.3169784347
2464.0662948790,98.3799539729
2464.7803100325,98.2972019464
2465.4943251861,98.0603626109
2466.2083403396,98.2610684308
2466.9223554932,98.3786641632
2467.6363706467,98.2307511202
2468.3503858002,98.2578538564
2469.0644009538,98.2967058624
2469.7784161073,98.3595635155
2470.4924312609,98.4315090409
2471.2064464144,98.3665423367
2471.9204615680,98.3553707102
2472.6344767215,98.3777175471
2473.3484918750,98.4263483440
2474.0625070286,98.3918606416
2474.7765221821,98.1847300933
2475.4905373357,98.2524813606
2476.2045524892,98.3917031112
2476.9185676428,98.2786230304
2477.6325827963,98.3391288446
2478.3465979498,98.3499130742
2479.0606131034,98.2643755705
2479.7746282569,98.4458018290
2480.4886434105,98.4238735024
2481.2026585640,98.3112442135
2481.9166737176,98.4131934702
2482.6306888711,98.2947795052
2483.3447040247,98.2648129778
2484.0587191782,98.4046547856
2484.7727343317,98.2341885703
2485.4867494853,98.2106074693
2486.2007646388,98.3696554303
2486.9147797924,98.2555241852
2487.6287949459,98.1894812744
2488.3428100995,98.2062450156
2489.0568252530,98.1258375109
2489.7708404065,98.1462736205
2490.4848555601,98.1608985592
2491.1988707136,98.1091274926
2491.9128858672,98.1737588243
2492.6269010207,98.2451470310
2493.3409161743,98.1486607442
2494.0549313278,98.0468032786
2494.7689464814,98.1636026329
2495.4829616349,98.2904139743
2496.1969767884,98.2298514170
2496.9109919420,98.1986254390
2497.6250070955,98.1817542688
2498.3390222491,98.1135711087
2499.0530374026,98.1463667996
2499.7670525562,98.1957693501
2500.4810677097,98.1868217371
2501.1950828632,98.1842594261
2501.9090980168,98.1940854574
2502.6231131703,98.2166939154
2503.3371283239,98.2259305349
2504.0511434774,98.3396273330
2504.7651586310,98.4249542207
2505.4791737845,98.2107830511
2506.1931889380,98.1730141014
2506.9072040916,98.3829804807
2507.6212192451,98.2657447742
2508.3352343987,98.1335900810
2509.0492495522,98.2284977174
2509.7632647058,98.2274514446
2510.4772798593,98.2385953422
2511.1912950129,98.2297385571
2511.9053101664,98.1920301597
2512.6193253199,98.3132475354
2513.3333404735,98.2862674672
2514.0473556270,98.1828701625
2514.7613707806,98.2805619495
2515.4753859341,98.2647676232
2516.1894010877,98.1698679774
2516.9034162412,98.1802469949
2517.6174313947,98.1402331613
2518.3314465483,98.1113261430
2519.0454617018,98.1530556078
2519.7594768554,98.2374108031
2520.4734920089,98.2851730334
2521.1875071625,98.1939449216
2521.9015223160,98.2014862386
2522.6155374696,98.2660335004
2523.3295526231,98.2129535550
2524.0435677766,98.2679515985
2524.7575829302,98.2417290347
2525.4715980837,98.1104041043
2526.1856132373,98.2448186823
2526.8996283908,98.2825818177
2527.6136435444,98.1756635515
2528.3276586979,98.2831182491
2529.0416738514,98.2509609300
2529.7556890050,98.1542632248
2530.4697041585,98.2219853812
2531.1837193121,98.0624749490
2531.8977344656,98.0094514104
2532.6117496192,98.3265693709
2533.3257647727,98.3733449890
2534.0397799262,98.2348632269
2534.7537950798,98.3439181315
2535.4678102333,98.4049678048
2536.1818253869,98.2729338282
2536.8958405404,98.1516173556
2537.6098556940,98.1061531343
2538.3238708475,98.1473686888
2539.0378860011,98.2042679413
2539.7519011546,98.1957478713
2540.4659163081,98.1807977054
2541.1799314617,98.2121304559
2541.8939466152,98.2037210515
2542.6079617688,98.1403580979
2543.3219769223,98.1611072079
2544.0359920759,98.2258717359
2544.7500072294,98.2040383137
2545.4640223829,98.2128706587
2546.1780375365,98.2756913987
2546.8920526900,98.2305879244
2547.6060678436,98.1546751614
2548.3200829971,98.1927919483
2549.0340981507,98.2486263309
2549.7481133042,98.2126891237
2550.4621284578,98.1439012793
2551.1761436113,98.1413601367
2551.8901587648,98.1723309657
2552.6041739184,98.1600369389
2553.3181890719,98.1720284102
2554.0322042255,98.2060824739
2554.7462193790,98.1494618952
2555.4602345326,98.0899661009
2556.1742496861,98.0875728504
2556.8882648396,98.0651892066
2557.6022799932,98.1368256229
2558.3162951467,98.2434538912
2559.0303103003,98.1732309166
2559.7443254538,98.1378832437
2560.4583406074,98.1799764031
2561.1723557609,98.1007432809
2561.8863709144,98.1237604820
2562.6003860680,98.1878014860
2563.3144012215,98.0654562071
2564.0284163751,98.1114074829
2564.7424315286,98.2679085173
2565.4564466822,98.2036812767
2566.1704618357,98.1754677580
2566.8844769893,98.1581080897
2567.5984921428,98.0514601463
2568.3125072963,98.1192254955
2569.0265224499,98.1789795998
2569.7405376034,98.1123933907
2570.4545527570,98.1269361274
2571.1685679105,98.0875201359
2571.8825830641,98.0517157463
2572.5965982176,98.1505624270
2573.3106133711,98.1329588401
2574.0246285247,98.0600929450
2574.7386436782,98.0795641180
2575.4526588318,98.0669607548
2576.1666739853,98.0800972518
2576.8806891389,98.1450592080
2577.5947042924,98.1696261740
2578.3087194460,98.1464983734
2579.0227345995,98.0654531713
2579.7367497530,98.0004471318
2580.4507649066,97.9849430066
2581.1647800601,97.9910113584
2581.8787952137,98.0446465940
2582.5928103672,97.9944799075
2583.3068255208,97.8859266267
2584.0208406743,97.9753818212
2584.7348558278,98.0824999434
2585.4488709814,98.1025061909
2586.1628861349,98.1705119827
2586.8769012885,98.1376559668
2587.5909164420,98.0620329832
2588.3049315956,98.1122940348
2589.0189467491,98.1053558117
2589.7329619027,98.0393229772
2590.4469770562,98.0125192225
2591.1609922097,97.9881332023
2591.8750073633,98.0664310093
2592.5890225168,98.1298963045
2593.3030376704,98.0172100279
2594.0170528239,97.9444429038
2594.7310679775,97.9567295800
2595.4450831310,97.9632027794
2596.1590982845,98.0277905413
2596.8731134381,98.0147962661
2597.5871285916,97.8813222334
2598.3011437452,97.8772214428
2599.0151588987,98.0113419679
2599.7291740523,98.0938727128
2600.4431892058,98.0582494224
2601.1572043593,98.0073491536
2601.8712195129,98.0297735186
2602.5852346664,98.0109809537
2603.2992498200,97.9811809455
2604.0132649735,98.0548793470
2604.7272801271,98.0218172705
2605.4412952806,97.9307011895
2606.1553104342,98.0506296673
2606.8693255877,98.1485260892
2607.5833407412,98.0638023792
2608.2973558948,97.9762325247
2609.0113710483,97.9530512120
2609.7253862019,98.0401778174
2610.4394013554,98.0437085592
2611.1534165090,97.8832031053
2611.8674316625,97.9528761809
2612.5814468160,98.0799672455
2613.2954619696,97.9751638505
2614.0094771231,97.9916548537
2614.7234922767,97.9731592411
2615.4375074302,97.8023193688
2616.1515225838,97.9354379888
2616.8655377373,98.0368731783
2617.5795528909,97.8696602206
2618.2935680444,97.9290833583
2619.0075831979,98.0095554942
2619.7215983515,97.9514813655
2620.4356135050,98.0506086883
2621.1496286586,98.0140925125
2621.8636438121,97.8641461620
2622.5776589657,97.9630785567
2623.2916741192,98.0046027663
2624.0056892727,97.9156529592
2624.7197044263,97.9427756662
2625.4337195798,97.9063088778
2626.1477347334,97.8196947921
2626.8617498869,97.8870497914
2627.5757650405,97.9545996998
2628.2897801940,97.9246022292
2629.0037953475,97.8923367045
2629.7178105011,97.8469991490
2630.4318256546,97.8102956102
2631.1458408082,97.8780901955
2631.8598559617,97.9331724718
2632.5738711153,97.8476071660
2633.2878862688,97.7912518634
2634.0019014224,97.8323878040
2634.7159165759,97.8469036583
2635.4299317294,97.8586961584
2636.1439468830,97.8707760798
2636.8579620365,97.8685233217
2637.5719771901,97.9038680838
2638.2859923436,97.8815910932
2639.0000074972,97.8223975893
2639.7140226507,97.8389094121
2640.4280378042,97.8278356488
2641.1420529578,97.8062667153
2641.8560681113,97.8380262226
2642.5700832649,97.8373126066
2643.2840984184,97.8537382239
2643.9981135720,97.8486313135
2644.7121287255,97.7604937151
2645.4261438791,97.7785838026
2646.1401590326,97.8485228486
2646.8541741861,97.8224481430
2647.5681893397,97.8359624466
2648.2822044932,97.8448375403
2648.9962196468,97.7702750676
2649.7102348003,97.7709759571
2650.4242499539,97.8378220323
2651.1382651074,97.8833914109
2651.8522802609,97.9040114512
2652.5662954145,97.8364341569
2653.2803105680,97.7804172362
2653.9943257216,97.8830578584
2654.7083408751,97.9572844438
2655.4223560287,97.8728807760
2656.1363711822,97.8167419515
2656.8503863357,97.8228220577
2657.5644014893,97.8057969945
2658.2784166428,97.8583431885
2658.9924317964,97.9394201790
2659.7064469499,97.9313889716
2660.4204621035,97.9533728735
2661.1344772570,97.9827579010
2661.8484924106,97.9032189140
2662.5625075641,97.8879734671
2663.2765227176,97.9671678296
2663.9905378712,97.9440764268
2664.7045530247,97.8853478474
2665.4185681783,97.9323572829
2666.1325833318,97.9844671960
2666.8465984854,97.9454077442
2667.5606136389,97.9155391135
2668.2746287924,97.9506621845
2668.9886439460,97.9596591804
2669.7026590995,97.9577025784
2670.4166742531,97.9710868971
2671.1306894066,97.9614727166
2671.8447045602,98.0164731036
2672.5587197137,98.0646730456
2673.2727348673,97.9984318038
2673.9867500208,98.0183087810
2674.7007651743,98.0550403354
2675.4147803279,97.9267166635
2676.1287954814,97.8965081695
2676.8428106350,98.0020313035
2677.5568257885,97.9867787232
2678.2708409421,97.9103659333
2678.9848560956,97.9245751204
2679.6988712491,98.0111608046
2680.4128864027,98.0168317040
2681.1269015562,97.9151599652
2681.8409167098,97.9125553904
2682.5549318633,97.9699551704
2683.2689470169,97.9811024253
2683.9829621704,98.0418601877
2684.6969773239,98.0510709856
2685.4109924775,97.9934338895
2686.1250076310,98.0051991985
2686.8390227846,98.0021140213
2687.5530379381,97.9978951110
2688.2670530917,97.9850932472
2688.9810682452,97.8940264007
2689.6950833988,97.9158279058
2690.4090985523,97.9690884274
2691.1231137058,97.9049217670
2691.8371288594,97.9579124689
2692.5511440129,98.0307203119
2693.2651591665,97.9480420513
2693.9791743200,97.8955618047
2694.6931894736,97.8793040324
2695.4072046271,97.8870179049
2696.1212197806,97.9348480716
2696.8352349342,97.8977875749
2697.5492500877,97.8966010259
2698.2632652413,97.9684508025
2698.9772803948,97.9364481468
2699.6912955484,97.8823888087
2700.4053107019,97.8830032541
2701.1193258555,97.9078235544
2701.8333410090,97.9568810644
2702.5473561625,97.9507302250
2703.2613713161,97.9071037043
2703.9753864696,97.8665138096
2704.6894016232,97.8495759335
2705.4034167767,97.9363880748
2706.1174319303,97.9745805018
2706.8314470838,97.8858111187
2707.5454622373,97.8475380597
2708.2594773909,97.8511653649
2708.9734925444,97.8871758609
2709.6875076980,97.9102096272
2710.4015228515,97.8108590464
2711.1155380051,97.8544942254
2711.8295531586,98.0071481722
2712.5435683122,97.8877312884
2713.2575834657,97.7595372463
2713.9715986192,97.8409714867
2714.6856137728,97.8545440936
2715.3996289263,97.8187899412
2716.1136440799,97.8161824333
2716.8276592334,97.8040063242
2717.5416743870,97.8352610665
2718.2556895405,97.8234492136
2718.9697046940,97.7928832814
2719.6837198476,97.8452946797
2720.3977350011,97.8113114096
2721.1117501547,97.7453120462
2721.8257653082,97.7993343519
2722.5397804618,97.7857438914
2723.2537956153,97.7393588650
2723.9678107688,97.8039533324
2724.6818259224,97.8048512740
2725.3958410759,97.7625693900
2726.1098562295,97.7821265659
2726.8238713830,97.7263313181
2727.5378865366,97.6880916155
2728.2519016901,97.7648665356
2728.9659168437,97.7631059310
2729.6799319972,97.7250124889
2730.3939471507,97.7358885937
2731.1079623043,97.6771597601
2731.8219774578,97.6434950886
2732.5359926114,97.6746833942
2733.2500077649,97.6596943060
2733.9640229185,97.7019530591
2734.6780380720,97.7509856471
2735.3920532255,97.6821078298
2736.1060683791,97.6646523447
2736.8200835326,97.6920671238
2737.5340986862,97.6455225137
2738.2481138397,97.6083911799
2738.9621289933,97.6021144183
2739.6761441468,97.6428552697
2740.3901593004,97.7041780602
2741.1041744539,97.6789658525
2741.8181896074,97.6743251444
2742.5322047610,97.6974872069
2743.2462199145,97.6464807764
2743.9602350681,97.6727675475
2744.6742502216,97.7434610882
2745.3882653752,97.7001912564
2746.1022805287,97.6733186291
2746.8162956822,97.6936397034
2747.5303108358,97.6824292529
2748.2443259893,97.6873818153
2748.9583411429,97.6858708237
2749.6723562964,97.6600299030
2750.3863714500,97.6707968382
2751.1003866035,97.7090691810
2751.8144017570,97.6971398337
2752.5284169106,97.6262218629
2753.2424320641,97.6258188242
2753.9564472177,97.6793437396
2754.6704623712,97.6482810496
2755.3844775248,97.6245259233
2756.0984926783,97.6351225522
2756.8125078319,97.6058999988
2757.5265229854,97.6465516018
2758.2405381389,97.6765223888
2758.9545532925,97.5896578063
2759.6685684460,97.6011544880
2760.3825835996,97.6898226847
2761.0965987531,97.6577576067
2761.8106139067,97.5876364714
2762.5246290602,97.5649252928
2763.2386442137,97.5932285147
2763.9526593673,97.6546891010
2764.6666745208,97.6168122867
2765.3806896744,97.5050822625
2766.0947048279,97.5022231433
2766.8087199815,97.5657754857
2767.5227351350,97.5601007047
2768.2367502886,97.5324801277
2768.9507654421,97.5531622884
2769.6647805956,97.5863100936
2770.3787957492,97.5686027332
2771.0928109027,97.4876741970
2771.8068260563,97.4757028327
2772.5208412098,97.5593552887
2773.2348563634,97.5151646426
2773.9488715169,97.4214344103
2774.6628866704,97.4913787015
2775.3769018240,97.5197343237
2776.0909169775,97.4795467043
2776.8049321311,97.5302303689
2777.5189472846,97.5027562455
2778.2329624382,97.4338903978
2778.9469775917,97.4369740583
2779.6609927452,97.3932195595
2780.3750078988,97.4205697118
2781.0890230523,97.4759175343
2781.8030382059,97.4117697429
2782.5170533594,97.4628893823
2783.2310685130,97.5208363235
2783.9450836665,97.4234674254
2784.6590988201,97.4245780545
2785.3731139736,97.4115057244
2786.0871291271,97.3506850887
2786.8011442807,97.4499432457
2787.5151594342,97.4280929721
2788.2291745878,97.3100583632
2788.9431897413,97.4055034952
2789.6572048949,97.4413992016
2790.3712200484,97.3338830489
2791.0852352019,97.3274501871
2791.7992503555,97.3323035906
2792.5132655090,97.2880707072
2793.2272806626,97.3104389568
2793.9412958161,97.3972061943
2794.6553109697,97.4478705972
2795.3693261232,97.4296777002
2796.0833412768,97.4070121212
2796.7973564303,97.3708888640
2797.5113715838,97.3458940413
2798.2253867374,97.3707329993
2798.9394018909,97.3583203492
2799.6534170445,97.3852707078
2800.3674321980,97.4234011603
2801.0814473516,97.3083994947
2801.7954625051,97.2946869947
2802.5094776586,97.3781881337
2803.2234928122,97.2719649760
2803.9375079657,97.2627423448
2804.6515231193,97.3822261139
2805.3655382728,97.3122310729
2806.0795534264,97.2549675301
2806.7935685799,97.2721214462
2807.5075837334,97.2186629640
2808.2215988870,97.2471443304
2808.9356140405,97.3142033286
2809.6496291941,97.2786975702
2810.3636443476,97.2050756621
2811.0776595012,97.1950214234
2811.7916746547,97.2945148176
2812.5056898083,97.3077269006
2813.2197049618,97.2066085982
2813.9337201153,97.2524606031
2814.6477352689,97.3086133542
2815.3617504224,97.2531511124
2816.0757655760,97.2912402532
2816.7897807295,97.3236978706
2817.5037958831,97.2502281368
2818.2178110366,97.2250631339
2818.9318261901,97.2273946129
2819.6458413437,97.2003341325
2820.3598564972,97.2032667099
2821.0738716508,97.2605748667
2821.7878868043,97.3067845280
2822.5019019579,97.2575447973
2823.2159171114,97.1850387636
2823.9299322650,97.1769284938
2824.6439474185,97.1939808652
2825.3579625720,97.2213222623
2826.0719777256,97.2337539892
2826.7859928791,97.2086882967
2827.5000080327,97.1797687639
2828.2140231862,97.1760633941
2828.9280383398,97.2143009583
2829.6420534933,97.2176837528
2830.3560686468,97.1779156596
2831.0700838004,97.2091025445
2831.7840989539,97.2473884879
2832.4981141075,97.2575459759
2833.2121292610,97.2635277816
2833.9261444146,97.1581935660
2834.6401595681,97.0819820112
2835.3541747217,97.1555133763
2836.0681898752,97.1744956403
2836.7822050287,97.1493372129
2837.4962201823,97.1417175104
2838.2102353358,97.1013013063
2838.9242504894,97.1261258086
2839.6382656429,97.1528438953
2840.3522807965,97.1058106417
2841.0662959500,97.0856609909
2841.7803111035,97.0399621370
2842.4943262571,96.9948338863
2843.2083414106,97.0322775216
2843.9223565642,97.0438216186
2844.6363717177,97.0172630010
2845.3503868713,97.0053528686
2846.0644020248,97.0224001104
2846.7784171783,97.0040193410
2847.4924323319,96.8838204463
2848.2064474854,96.8881255135
2848.9204626390,96.9743584745
2849.6344777925,96.8546279795
2850.3484929461,96.7860486737
2851.0625080996,96.8452477684
2851.7765232532,96.8062350676
2852.4905384067,96.8005986240
2853.2045535602,96.7547226951
2853.9185687138,96.6776597587
2854.6325838673,96.7657790015
2855.3465990209,96.7416301893
2856.0606141744,96.7187091875
2856.7746293280,96.8734308373
2857.4886444815,96.7663525459
2858.2026596350,96.6531460822
2858.9166747886,96.8248044830
2859.6306899421,96.8038161779
2860.3447050957,96.6879907587
2861.0587202492,96.6897393066
2861.7727354028,96.6507163807
2862.4867505563,96.7186570969
2863.2007657099,96.7755399801
2863.9147808634,96.6909000856
2864.6287960169,96.7207496089
2865.3428111705,96.7344469349
2866.0568263240,96.6688383700
2866.7708414776,96.7225261190
2867.4848566311,96.7415566338
2868.1988717847,96.6816994755
2868.9128869382,96.6654984495
2869.6269020917,96.6456293884
2870.3409172453,96.6073095705
2871.0549323988,96.5648300640
2871.7689475524,96.6075689281
2872.4829627059,96.6764567011
2873.1969778595,96.5722081189
2873.9109930130,96.5320106679
2874.6250081665,96.6473659082
2875.3390233201,96.6244949906
2876.0530384736,96.6060312279
2876.7670536272,96.6734965087
2877.4810687807,96.6262944381
2878.1950839343,96.6542228816
2878.9090990878,96.7990257524
2879.6231142414,96.8204435937
2880.3371293949,96.8243827209
2881.0511445484,96.9094961140
2881.7651597020,96.9756667579
2882.4791748555,97.0390760728
2883.1931900091,97.1051252511
2883.9072051626,97.0888834171
2884.6212203162,97.0023105131
2885.3352354697,97.0013791610
2886.0492506232,97.1060495145
2886.7632657768,97.1430816101
2887.4772809303,97.1141367733
2888.1912960839,97.1051646500
2888.9053112374,97.0891583215
2889.6193263910,97.0832567998
2890.3333415445,97.0665640509
2891.0473566981,97.0580949909
2891.7613718516,97.1058979629
2892.4753870051,97.0757170476
2893.1894021587,97.0432800205
2893.9034173122,97.0915087939
2894.6174324658,96.9410433100
2895.3314476193,96.7962248512
2896.0454627729,96.9726646343
2896.7594779264,97.0130413501
2897.4734930799,96.8480844440
2898.1875082335,96.9271503275
2898.9015233870,97.0123328038
2899.6155385406,96.8986592896
2900.3295536941,96.9061075591
2901.0435688477,96.9538657190
2901.7575840012,96.8264272138
2902.4715991547,96.7187965450
2903.1856143083,96.7432521725
2903.8996294618,96.7836046220
2904.6136446154,96.7526812503
2905.3276597689,96.6687181241
2906.0416749225,96.6648495194
2906.7556900760,96.7277441667
2907.4697052296,96.6714403410
2908.1837203831,96.5860292165
2908.8977355366,96.6465207778
2909.6117506902,96.6615787452
2910.3257658437,96.5239341252
2911.0397809973,96.4652871747
2911.7537961508,96.5110172370
2912.4678113044,96.4789144310
2913.1818264579,96.3864661117
2913.8958416114,96.3276063684
2914.6098567650,96.2977924873
2915.3238719185,96.2783268429
2916.0378870721,96.2803870453
2916.7519022256,96.2999446790
2917.4659173792,96.2660753428
2918.1799325327,96.1856337859
2918.8939476863,96.1876449891
2919.6079628398,96.1730951605
2920.3219779933,96.0029722131
2921.0359931469,95.9413148237
2921.7500083004,96.0763822816
2922.4640234540,96.0782606879
2923.1780386075,95.9884286831
2923.8920537611,96.0092559333
2924.6060689146,95.9718347816
2925.3200840681,95.9301124259
2926.0340992217,96.0682156857
2926.7481143752,96.1271016284
2927.4621295288,96.0223395304
2928.1761446823,96.0055964942
2928.8901598359,96.0343064168
2929.6041749894,96.0158544364
2930.3181901429,96.0242537677
2931.0322052965,96.0493807403
2931.7462204500,96.0969047872
2932.4602356036,96.1242304634
2933.1742507571,96.0781274486
2933.8882659107,96.1181232911
2934.6022810642,96.2033528751
2935.3162962178,96.1530100093
2936.0303113713,96.1431419326
2936.7443265248,96.2317528436
2937.4583416784,96.2338678943
2938.1723568319,96.2141100164
2938.8863719855,96.2352675372
2939.6003871390,96.2513577566
2940.3144022926,96.2955257665
2941.0284174461,96.3244405631
2941.7424325996,96.3469658314
2942.4564477532,96.4315118895
2943.1704629067,96.4964456752
2943.8844780603,96.4978499033
2944.5984932138,96.4585484808
2945.3125083674,96.4561327448
2946.0265235209,96.5871093361
2946.7405386745,96.6857754494
2947.4545538280,96.6401037403
2948.1685689815,96.6269414516
2948.8825841351,96.7135286666
2949.5965992886,96.8172370526
2950.3106144422,96.7633009248
2951.0246295957,96.5804299902
2951.7386447493,96.6228518606
2952.4526599028,96.7627573759
2953.1666750563,96.7297339159
2953.8806902099,96.7671517620
2954.5947053634,96.8060718629
2955.3087205170,96.7438149473
2956.0227356705,96.8383682429
2956.7367508241,96.8481026659
2957.4507659776,96.6975232725
2958.1647811312,96.7698605506
2958.8787962847,96.8787575438
2959.5928114382,96.8822900072
2960.3068265918,96.9913835180
2961.0208417453,97.0677237534
2961.7348568989,97.0154482016
2962.4488720524,96.9837628664
2963.1628872060,97.0808959735
2963.8769023595,97.2160737303
2964.5909175130,97.2341596642
2965.3049326666,97.3569328842
2966.0189478201,97.5094413630
2966.7329629737,97.3643635585
2967.4469781272,97.3876210914
2968.1609932808,97.6219668013
2968.8750084343,97.5700644992
2969.5890235878,97.7284634831
2970.3030387414,98.2174874230
2971.0170538949,98.2930560176
2971.7310690485,98.0830371750
2972.4450842020,98.0085393635
2973.1590993556,98.0364466508
2973.8731145091,98.0783304112
2974.5871296627,98.0165640622
2975.3011448162,97.9989223095
2976.0151599697,98.0702549092
2976.7291751233,98.0841235436
2977.4431902768,98.2786167126
2978.1572054304,98.5310225068
2978.8712205839,98.5971152920
2979.5852357375,98.7708697306
2980.2992508910,98.8891438468
2981.0132660445,98.9404401539
2981.7272811981,99.2772432054
2982.4412963516,99.1728992934
2983.1553115052,98.4506575867
2983.8693266587,98.1630268206
2984.5833418123,98.1924300508
2985.2973569658,97.9956139737
2986.0113721194,97.9455976841
2986.7253872729,98.0754255162
2987.4394024264,98.0099310211
2988.1534175800,97.8736374850
2988.8674327335,97.9319826547
2989.5814478871,98.0560724773
2990.2954630406,98.0015297429
2991.0094781942,97.9342407123
2991.7234933477,98.0008597298
2992.4375085012,97.9746877387
2993.1515236548,97.8987017514
2993.8655388083,97.8673109689
2994.5795539619,97.7576492438
2995.2935691154,97.8056151782
2996.0075842690,97.9892048536
2996.7215994225,97.8547518746
2997.4356145760,97.6547757159
2998.1496297296,97.7470506050
2998.8636448831,97.7731540591
2999.5776600367,97.6522612717
3000.2916751902,97.6387481930
3001.0056903438,97.6042546115
3001.7197054973,97.4906221458
3002.4337206509,97.4346388360
3003.1477358044,97.3647393820
3003.8617509579,97.2760211913
3004.5757661115,97.2595933803
3005.2897812650,97.2482260020
3006.0037964186,97.2218352719
3006.7178115721,97.1544099242
3007.4318267257,97.0163365967
3008.1458418792,96.9882807270
3008.8598570327,97.0486605554
3009.5738721863,97.0024445907
3010.2878873398,96.9345329479
3011.0019024934,96.8884545199
3011.7159176469,96.8622984861
3012.4299328005,96.9160921380
3013.1439479540,96.8718764363
3013.8579631076,96.7525497477
3014.5719782611,96.7303581184
3015.2859934146,96.6761622812
3016.0000085682,96.6705950515
3016.7140237217,96.7546200298
3017.4280388753,96.6615247963
3018.1420540288,96.5646248778
3018.8560691824,96.5991023454
3019.5700843359,96.5244277213
3020.2840994894,96.4827443513
3020.9981146430,96.5965358914
3021.7121297965,96.6503905682
3022.4261449501,96.5900106051
3023.1401601036,96.4999694777
3023.8541752572,96.5010447379
3024.5681904107,96.5596489465
3025.2822055642,96.5222415369
3025.9962207178,96.4795900169
3026.7102358713,96.4409118679
3027.4242510249,96.3679184912
3028.1382661784,96.3829058041
3028.8522813320,96.3511290714
3029.5662964855,96.2903689850
3030.2803116391,96.4009380323
3030.9943267926,96.4245773364
3031.7083419461,96.3070903723
3032.4223570997,96.2897856137
3033.1363722532,96.2818569190
3033.8503874068,96.3069309641
3034.5644025603,96.3605348772
3035.2784177139,96.2778042675
3035.9924328674,96.2454265761
3036.7064480209,96.2908540095
3037.4204631745,96.2208392974
3038.1344783280,96.1605024556
3038.8484934816,96.1672922047
3039.5625086351,96.1677918238
3040.2765237887,96.1608424482
3040.9905389422,96.1266029681
3041.7045540958,96.1137117322
3042.4185692493,96.0703424543
3043.1325844028,95.9865069884
3043.8465995564,96.0216680202
3044.5606147099,96.0382913391
3045.2746298635,96.0142249036
3045.9886450170,96.1381852711
3046.7026601706,96.1485672857
3047.4166753241,96.0233706983
3048.1306904776,96.0657382665
3048.8447056312,96.0771816218
3049.5587207847,96.0172589027
3050.2727359383,96.0391917621
3050.9867510918,95.9344638231
3051.7007662454,95.8407776452
3052.4147813989,95.9335816561
3053.1287965524,95.9533134979
3053.8428117060,95.9511488459
3054.5568268595,95.9469508918
3055.2708420131,95.7893275063
3055.9848571666,95.8084195371
3056.6988723202,96.0034564137
3057.4128874737,95.9506113591
3058.1269026273,95.8605844943
3058.8409177808,95.9206028664
3059.5549329343,95.9126263515
3060.2689480879,95.8715503864
3060.9829632414,95.8606339688
3061.6969783950,95.8486568211
3062.4109935485,95.8317981632
3063.1250087021,95.7008533721
3063.8390238556,95.6313740692
3064.5530390091,95.8173134689
3065.2670541627,95.8826639392
3065.9810693162,95.7515060935
3066.6950844698,95.8138446287
3067.4090996233,95.9443135172
3068.1231147769,95.8161475507
3068.8371299304,95.6602712114
3069.5511450840,95.7442507544
3070.2651602375,95.8459990296
3070.9791753910,95.7535588140
3071.6931905446,95.6805489859
3072.4072056981,95.7344539573
3073.1212208517,95.7587750007
3073.8352360052,95.7597034772
3074.5492511588,95.7497946376
3075.2632663123,95.7091523715
3075.9772814658,95.7447789956
3076.6912966194,95.7939039751
3077.4053117729,95.7717236431
3078.1193269265,95.7699469643
3078.8333420800,95.8059534661
3079.5473572336,95.9109808902
3080.2613723871,95.9917477212
3080.9753875406,95.8391464379
3081.6894026942,95.6916971570
3082.4034178477,95.7800342483
3083.1174330013,95.8391864200
3083.8314481548,95.8053854712
3084.5454633084,95.8158994773
3085.2594784619,95.8156599505
3085.9734936155,95.8354024054
3086.6875087690,95.8974189385
3087.4015239225,95.8851718648
3088.1155390761,95.8310945055
3088.8295542296,95.8209465478
3089.5435693832,95.8372575174
3090.2575845367,95.8557308605
3090.9715996903,95.8576919113
3091.6856148438,95.8678451062
3092.3996299973,95.9046470749
3093.1136451509,95.9038423075
3093.8276603044,95.8866969032
3094.5416754580,95.9066069544
3095.2556906115,95.8819828240
3095.9697057651,95.8292867515
3096.6837209186,95.8604204032
3097.3977360722,95.9127166208
3098.1117512257,95.9198667821
3098.8257663792,95.8850624141
3099.5397815328,95.8147064521
3100.2537966863,95.8377761905
3100.9678118399,95.9192986920
3101.6818269934,95.8647106553
3102.3958421470,95.8357595262
3103.1098573005,95.9657555352
3103.8238724540,96.0255767489
3104.5378876076,95.9460877236
3105.2519027611,95.8423581014
3105.9659179147,95.7922474218
3106.6799330682,95.8218652269
3107.3939482218,95.8450932925
3108.1079633753,95.8769025973
3108.8219785289,95.9604138758
3109.5359936824,95.9551152392
3110.2500088359,95.8575592496
3110.9640239895,95.8167117402
3111.6780391430,95.8788986873
3112.3920542966,95.9412823627
3113.1060694501,95.8544437507
3113.8200846037,95.7418621955
3114.5340997572,95.7374119577
3115.2481149107,95.7753249216
3115.9621300643,95.9127235128
3116.6761452178,95.9744773033
3117.3901603714,95.8343296721
3118.1041755249,95.8771621840
3118.8181906785,95.9572693827
3119.5322058320,95.7838543904
3120.2462209855,95.7625402297
3120.9602361391,95.8198243440
3121.6742512926,95.7328680290
3122.3882664462,95.7959253795
3123.1022815997,95.8524033575
3123.8162967533,95.7874433851
3124.5303119068,95.8323830405
3125.2443270604,95.8490292132
3125.9583422139,95.8307866175
3126.6723573674,95.7848994712
3127.3863725210,95.6296258823
3128.1003876745,95.6898476075
3128.8144028281,95.8302226591
3129.5284179816,95.7092639114
3130.2424331352,95.6495431717
3130.9564482887,95.7164394660
3131.6704634422,95.7357525482
3132.3844785958,95.7648406760
3133.0984937493,95.6995594091
3133.8125089029,95.6213231320
3134.5265240564,95.6332901047
3135.2405392100,95.5710854813
3135.9545543635,95.5432815348
3136.6685695171,95.5875541922
3137.3825846706,95.5702415646
3138.0965998241,95.5698261915
3138.8106149777,95.5395789273
3139.5246301312,95.4611073837
3140.2386452848,95.4705797888
3140.9526604383,95.5442189453
3141.6666755919,95.6235558622
3142.3806907454,95.5746704248
3143.0947058989,95.4272916913
3143.8087210525,95.4591201247
3144.5227362060,95.5124327741
3145.2367513596,95.4094767966
3145.9507665131,95.4282344315
3146.6647816667,95.5461338755
3147.3787968202,95.4815431352
3148.0928119737,95.3487382850
3148.8068271273,95.3715601498
3149.5208422808,95.3423214876
3150.2348574344,95.1495451964
3150.9488725879,95.2061026544
3151.6628877415,95.3779322084
3152.3769028950,95.2106948356
3153.0909180486,95.1275290359
3153.8049332021,95.2683570336
3154.5189483556,95.2634864518
3155.2329635092,95.3008395617
3155.9469786627,95.2992115721
3156.6609938163,95.1959197759
3157.3750089698,95.3620521158
3158.0890241234,95.3539352692
3158.8030392769,95.0220810818
3159.5170544304,95.0690581611
3160.2310695840,95.2485509968
3160.9450847375,95.1417171216
3161.6590998911,95.0735120659
3162.3731150446,95.0627004348
3163.0871301982,94.9949638348
3163.8011453517,94.9806614187
3164.5151605053,95.0103056189
3165.2291756588,94.9748585925
3165.9431908123,94.8643033469
3166.6572059659,94.8765735232
3167.3712211194,94.9409946973
3168.0852362730,94.8464004660
3168.7992514265,94.8618719463
3169.5132665801,94.9902704863
3170.2272817336,94.9469851794
3170.9412968871,94.8970397734
3171.6553120407,94.8732543896
3172.3693271942,94.7877128113
3173.0833423478,94.7651097319
3173.7973575013,94.7436413943
3174.5113726549,94.7246767541
3175.2253878084,94.7639319438
3175.9394029619,94.7508833028
3176.6534181155,94.6761376025
3177.3674332690,94.5766592300
3178.0814484226,94.6029139613
3178.7954635761,94.7095974785
3179.5094787297,94.5794228818
3180.2234938832,94.5354104751
3180.9375090368,94.7573875004
3181.6515241903,94.7070325047
3182.3655393438,94.5145511017
3183.0795544974,94.5534918355
3183.7935696509,94.5876497784
3184.5075848045,94.5197879652
3185.2215999580,94.4580699298
3185.9356151116,94.5080614700
3186.6496302651,94.5508113046
3187.3636454186,94.3554056149
3188.0776605722,94.2881732581
3188.7916757257,94.4315006674
3189.5056908793,94.3681397083
3190.2197060328,94.3606382623
3190.9337211864,94.4539884385
3191.6477363399,94.3075799240
3192.3617514935,94.2558565735
3193.0757666470,94.3330632555
3193.7897818005,94.2219360206
3194.5037969541,94.1603970666
3195.2178121076,94.2444476538
3195.9318272612,94.2825584828
3196.6458424147,94.2202416428
3197.3598575683,94.1326028081
3198.0738727218,94.1716727370
3198.7878878753,94.2182946889
3199.5019030289,94.1749500988
3200.2159181824,94.1946828593
3200.9299333360,94.1798454865
3201.6439484895,94.0966827326
3202.3579636431,94.0875220303
3203.0719787966,94.0935469668
3203.7859939501,94.1265696429
3204.5000091037,94.1584278120
3205.2140242572,94.1161252512
3205.9280394108,94.1073261537
3206.6420545643,94.0530151528
3207.3560697179,93.9834616443
3208.0700848714,94.1040346773
3208.7841000250,94.1574185653
3209.4981151785,93.9987885461
3210.2121303320,93.9471253031
3210.9261454856,94.0386819599
3211.6401606391,94.0268601079
3212.3541757927,93.9101297090
3213.0681909462,93.9474880160
3213.7822060998,94.0734789013
3214.4962212533,93.9692678052
3215.2102364068,93.8944268166
3215.9242515604,94.0210824833
3216.6382667139,93.9724477479
3217.3522818675,93.9070733837
3218.0662970210,94.0384604982
3218.7803121746,93.9367066618
3219.4943273281,93.7077013077
3220.2083424817,93.8083111662
3220.9223576352,93.9441696294
3221.6363727887,93.8486548448
3222.3503879423,93.7912961538
3223.0644030958,93.8106536527
3223.7784182494,93.7487327394
3224.4924334029,93.7330750918
3225.2064485565,93.7683324357
3225.9204637100,93.6702674474
3226.6344788635,93.5821472999
3227.3484940171,93.5986462271
3228.0625091706,93.5496311960
3228.7765243242,93.5375901065
3229.4905394777,93.6579110292
3230.2045546313,93.6736820696
3230.9185697848,93.4990883285
3231.6325849384,93.4166946845
3232.3466000919,93.5901475503
3233.0606152454,93.6157592403
3233.7746303990,93.3127245156
3234.4886455525,93.2741448966
3235.2026607061,93.4954579606
3235.9166758596,93.4382914217
3236.6306910132,93.3489433307
3237.3447061667,93.3990840789
3238.0587213202,93.3080603259
3238.7727364738,93.2731176905
3239.4867516273,93.3382284404
3240.2007667809,93.2473356113
3240.9147819344,93.1439656781
3241.6287970880,93.1195419270
3242.3428122415,93.1307897077
3243.0568273950,93.2013605791
3243.7708425486,93.1803880931
3244.4848577021,93.0981823876
3245.1988728557,93.0713058079
3245.9128880092,92.9389868237
3246.6269031628,92.8257106019
3247.3409183163,92.9507332106
3248.0549334699,93.0740230027
3248.7689486234,93.0795580352
3249.4829637769,93.0886538912
3250.1969789305,92.9869780482
3250.9109940840,92.8264393613
3251.6250092376,92.8159806882
3252.3390243911,92.8184065940
3253.0530395447,92.7636956308
3253.7670546982,92.8210602514
3254.4810698517,92.8858427507
3255.1950850053,92.8165863745
3255.9091001588,92.7313519549
3256.6231153124,92.7040557305
3257.3371304659,92.7283578653
3258.0511456195,92.7180147008
3258.7651607730,92.6128288754
3259.4791759266,92.6107116873
3260.1931910801,92.6952667658
3260.9072062336,92.5824784008
3261.6212213872,92.4809299177
3262.3352365407,92.6017118482
3263.0492516943,92.5801544573
3263.7632668478,92.4308702231
3264.4772820014,92.5163479062
3265.1912971549,92.6104578850
3265.9053123084,92.5580912836
3266.6193274620,92.5622889277
3267.3333426155,92.4962472488
3268.0473577691,92.4707217955
3268.7613729226,92.6898607889
3269.4753880762,92.6694129792
3270.1894032297,92.3940476745
3270.9034183832,92.4007455934
3271.6174335368,92.5487865723
3272.3314486903,92.6165675417
3273.0454638439,92.5910665535
3273.7594789974,92.4600464193
3274.4734941510,92.5328218000
3275.1875093045,92.5994135886
3275.9015244581,92.3866344381
3276.6155396116,92.4185189578
3277.3295547651,92.5364008982
3278.0435699187,92.4219476417
3278.7575850722,92.5401862965
3279.4716002258,92.5756403786
3280.1856153793,92.3452501567
3280.8996305329,92.4716624266
3281.6136456864,92.5915928326
3282.3276608399,92.4221674895
3283.0416759935,92.4338148397
3283.7556911470,92.5344638968
3284.4697063006,92.6374353423
3285.1837214541,92.6350438200
3285.8977366077,92.4124619521
3286.6117517612,92.5560542080
3287.3257669148,92.8320174088
3288.0397820683,92.6106849305
3288.7537972218,92.4778541250
3289.4678123754,92.5950173567
3290.1818275289,92.6305238986
3290.8958426825,92.7636928208
3291.6098578360,92.7456323066
3292.3238729896,92.5856049721
3293.0378881431,92.6809643541
3293.7519032966,92.7068327839
3294.4659184502,92.6884218926
3295.1799336037,92.8373043376
3295.8939487573,92.7638311540
3296.6079639108,92.6735618579
3297.3219790644,92.8256201644
3298.0359942179,92.8233259506
3298.7500093714,92.7543636346
3299.4640245250,92.8311338992
3300.1780396785,92.8812345143
3300.8920548321,92.9110324642
3301.6060699856,92.9091170642
3302.3200851392,92.8829805090
3303.0341002927,92.9569856018
3303.7481154463,92.9939264988
3304.4621305998,92.9474638923
3305.1761457533,92.9541350216
3305.8901609069,92.9581495064
3306.6041760604,92.9718926525
3307.3181912140,93.0772799468
3308.0322063675,93.1601370057
3308.7462215211,93.1816055748
3309.4602366746,93.2387243597
3310.1742518281,93.2548424905
3310.8882669817,93.1214379062
3311.6022821352,93.0314407225
3312.3162972888,93.1422898053
3313.0303124423,93.2530080210
3313.7443275959,93.2425087747
3314.4583427494,93.2392534043
3315.1723579030,93.2822818428
3315.8863730565,93.3221085236
3316.6003882100,93.3014869096
3317.3144033636,93.2335578228
3318.0284185171,93.2671028018
3318.7424336707,93.3888596933
3319.4564488242,93.4202895504
3320.1704639778,93.3834421751
3320.8844791313,93.4137308882
3321.5984942848,93.4695014567
3322.3125094384,93.4542870692
3323.0265245919,93.4409092593
3323.7405397455,93.4860836783
3324.4545548990,93.5408150662
3325.1685700526,93.6683724513
3325.8825852061,93.7822091346
3326.5966003596,93.6671610694
3327.3106155132,93.5573300954
3328.0246306667,93.6278230251
3328.7386458203,93.6349956879
3329.4526609738,93.6614144564
3330.1666761274,93.7855024980
3330.8806912809,93.7429211064
3331.5947064345,93.7071048844
3332.3087215880,93.8745998335
3333.0227367415,93.9185830143
3333.7367518951,93.7896491273
3334.4507670486,93.7464443503
3335.1647822022,93.8155276321
3335.8787973557,93.9190059992
3336.5928125093,93.9676394243
3337.3068276628,93.8958700017
3338.0208428163,93.8392125417
3338.7348579699,93.9159287105
3339.4488731234,94.0094832733
3340.1628882770,93.9633758470
3340.8769034305,93.8760945794
3341.5909185841,93.9352159230
3342.3049337376,94.0530810398
3343.0189488912,94.0390335976
3343.7329640447,93.9509189610
3344.4469791982,93.9623181888
3345.1609943518,94.0351053482
3345.8750095053,94.0431265480
3346.5890246589,94.0797498704
3347.3030398124,94.1700403606
3348.0170549660,94.1427881175
3348.7310701195,94.0895292022
3349.4450852730,94.1450058966
3350.1591004266,94.2032747240
3350.8731155801,94.2612228294
3351.5871307337,94.2847870366
3352.3011458872,94.2083011184
3353.0151610408,94.2083457996
3353.7291761943,94.2697997282
3354.4431913478,94.2450209978
3355.1572065014,94.2496287319
3355.8712216549,94.2824199450
3356.5852368085,94.2614005340
3357.2992519620,94.2895305320
3358.0132671156,94.3572463552
3358.7272822691,94.3700468521
3359.4412974227,94.3401993901
3360.1553125762,94.3337350929
3360.8693277297,94.4047312993
3361.5833428833,94.4922072450
3362.2973580368,94.5154966031
3363.0113731904,94.4889570378
3363.7253883439,94.4668012614
3364.4394034975,94.5286286284
3365.1534186510,94.6047851525
3365.8674338045,94.5785130813
3366.5814489581,94.5144659196
3367.2954641116,94.4195766068
3368.0094792652,94.3744593974
3368.7234944187,94.5562970288
3369.4375095723,94.7387899670
3370.1515247258,94.7041371732
3370.8655398794,94.6476673803
3371.5795550329,94.6367555381
3372.2935701864,94.5919078932
3373.0075853400,94.5790914972
3373.7216004935,94.6490722722
3374.4356156471,94.7206045659
3375.1496308006,94.6908811448
3375.8636459542,94.6215208981
3376.5776611077,94.6407186714
3377.2916762612,94.7152614600
3378.0056914148,94.7412138591
3378.7197065683,94.7062773303
3379.4337217219,94.7310050090
3380.1477368754,94.8095342719
3380.8617520290,94.7715486811
3381.5757671825,94.7646570081
3382.2897823361,94.8916534934
3383.0037974896,94.8973587595
3383.7178126431,94.8677230570
3384.4318277967,94.9286394672
3385.1458429502,94.9082489539
3385.8598581038,94.9151438884
3386.5738732573,94.9567396228
3387.2878884109,94.9216113134
3388.0019035644,94.9854750960
3388.7159187179,95.0404617726
3389.4299338715,94.9766214675
3390.1439490250,94.9325937974
3390.8579641786,94.8411482044
3391.5719793321,94.9111628934
3392.2859944857,95.1684547171
3393.0000096392,95.0975045981
3393.7140247927,95.0043586836
3394.4280399463,95.1652070577
3395.1420550998,95.0269652154
3395.8560702534,94.8454187348
3396.5700854069,95.0666809984
3397.2841005605,95.1464859271
3397.9981157140,94.9879643493
3398.7121308676,95.0504276464
3399.4261460211,95.1278270594
3400.1401611746,94.9613671819
3400.8541763282,94.8893126224
3401.5681914817,95.0983481676
3402.2822066353,95.2373525463
3402.9962217888,95.1621526993
3403.7102369424,95.1658412225
3404.4242520959,95.2849195120
3405.1382672494,95.2804497402
3405.8522824030,95.1693050075
3406.5662975565,95.1860758671
3407.2803127101,95.3069366923
3407.9943278636,95.2994714349
3408.7083430172,95.2640081802
3409.4223581707,95.2970293412
3410.1363733243,95.2424726600
3410.8503884778,95.2759231575
3411.5644036313,95.3963467059
3412.2784187849,95.2973534778
3412.9924339384,95.2610624496
3413.7064490920,95.3856925281
3414.4204642455,95.3244653028
3415.1344793991,95.2294098857
3415.8484945526,95.2225395180
3416.5625097061,95.2849612112
3417.2765248597,95.4766311448
3417.9905400132,95.4561498242
3418.7045551668,95.2942568927
3419.4185703203,95.3729690598
3420.1325854739,95.3978652283
3420.8466006274,95.3749213949
3421.5606157809,95.5437170914
3422.2746309345,95.5252877730
3422.9886460880,95.3455765689
3423.7026612416,95.3926748709
3424.4166763951,95.5602277162
3425.1306915487,95.6093920522
3425.8447067022,95.4844787963
3426.5587218558,95.4148835416
3427.2727370093,95.5450613011
3427.9867521628,95.5813764736
3428.7007673164,95.4786144663
3429.4147824699,95.5073240270
3430.1287976235,95.6310873680
3430.8428127770,95.6235288927
3431.5568279306,95.5002437463
3432.2708430841,95.5496451331
3432.9848582376,95.7094061946
3433.6988733912,95.6674467993
3434.4128885447,95.5897467799
3435.1269036983,95.6158225036
3435.8409188518,95.6588384071
3436.5549340054,95.7686431720
3437.2689491589,95.7603164473
3437.9829643125,95.6313344930
3438.6969794660,95.6699671635
3439.4109946195,95.7796142410
3440.1250097731,95.8710086134
3440.8390249266,95.8535441536
3441.5530400802,95.7015513889
3442.2670552337,95.7900219030
3442.9810703873,95.8783074068
3443.6950855408,95.7144061503
3444.4091006943,95.8108774478
3445.1231158479,95.9067316249
3445.8371310014,95.7267932609
3446.5511461550,95.7807018436
3447.2651613085,95.8675344604
3447.9791764621,95.7989142587
3448.6931916156,95.8583735744
3449.4072067691,95.8766617542
3450.1212219227,95.9435889042
3450.8352370762,95.9612385997
3451.5492522298,95.7264979620
3452.2632673833,95.7894376265
3452.9772825369,95.9542196305
3453.6912976904,95.8388213205
3454.4053128440,95.9574122974
3455.1193279975,96.0235822502
3455.8333431510,95.8615868232
3456.5473583046,96.0375796584
3457.2613734581,96.1202917213
3457.9753886117,95.9893039806
3458.6894037652,96.1033521274
3459.4034189188,96.0785832492
3460.1174340723,95.9583865904
3460.8314492258,95.9817652379
3461.5454643794,95.8834848892
3462.2594795329,95.9821250195
3462.9734946865,96.1965296055
3463.6875098400,96.0801328809
3464.4015249936,96.1107882581
3465.1155401471,96.2619961362
3465.8295553007,96.1381393387
3466.5435704542,96.1195222859
3467.2575856077,96.2140564264
3467.9716007613,96.1319728985
3468.6856159148,96.0415206391
3469.3996310684,96.0600430501
3470.1136462219,96.1654727407
3470.8276613755,96.1430911214
3471.5416765290,96.0008952744
3472.2556916825,96.1411080893
3472.9697068361,96.2871917213
3473.6837219896,96.1250053405
3474.3977371432,96.1626263812
3475.1117522967,96.3904979334
3475.8257674503,96.4256181252
3476.5397826038,96.4845258667
3477.2537977573,96.5041938342
3477.9678129109,96.3037904043
3478.6818280644,96.2431571899
3479.3958432180,96.3727313666
3480.1098583715,96.3468232308
3480.8238735251,96.2488737794
3481.5378886786,96.2812811702
3482.2519038322,96.2937400131
3482.9659189857,96.2916250418
3483.6799341392,96.4178809162
3484.3939492928,96.4893502646
3485.1079644463,96.3959613295
3485.8219795999,96.2831612035
3486.5359947534,96.2167319845
3487.2500099070,96.3458078330
3487.9640250605,96.5650693430
3488.6780402140,96.4620648851
3489.3920553676,96.3501035738
3490.1060705211,96.5440675225
3490.8200856747,96.6067426817
3491.5341008282,96.4840305519
3492.2481159818,96.4682235958
3492.9621311353,96.4544625823
3493.6761462889,96.4769792632
3494.3901614424,96.5442980586
3495.1041765959,96.4853854658
3495.8181917495,96.4975619942
3496.5322069030,96.6291956736
3497.2462220566,96.6251124273
3497.9602372101,96.5991306086
3498.6742523637,96.6397225779
3499.3882675172,96.6107854072
3500.1022826707,96.6070742004
3500.8162978243,96.6446369952
3501.5303129778,96.5296777576
3502.2443281314,96.4316678701
3502.9583432849,96.5623499573
3503.6723584385,96.6295661131
3504.3863735920,96.5920150720
3505.1003887456,96.6337501166
3505.8144038991,96.5539293279
3506.5284190526,96.5313756429
3507.2424342062,96.7826743159
3507.9564493597,96.7575143936
3508.6704645133,96.5720768031
3509.3844796668,96.8484446808
3510.0984948204,96.9848061111
3510.8125099739,96.7241095260
3511.5265251274,96.6974230076
3512.2405402810,96.8342485103
3512.9545554345,96.9317515532
3513.6685705881,97.0110621878
3514.3825857416,96.8701228904
3515.0966008952,96.7413539831
3515.8106160487,96.7904113062
3516.5246312022,96.7709372112
3517.2386463558,96.8392150079
3517.9526615093,97.0593394232
3518.6666766629,97.0842696154
3519.3806918164,96.9534048778
3520.0947069700,96.9121127779
3520.8087221235,96.9500513797
3521.5227372771,96.9602064004
3522.2367524306,96.9623485498
3522.9507675841,97.0161656705
3523.6647827377,96.9619508777
3524.3787978912,96.8365209952
3525.0928130448,96.8763193282
3525.8068281983,96.9603997473
3526.5208433519,96.9100212984
3527.2348585054,96.8817699645
3527.9488736589,97.0081269496
3528.6628888125,97.1343219833
3529.3769039660,97.0566977805
3530.0909191196,97.0078903057
3530.8049342731,97.1408021444
3531.5189494267,97.0419428555
3532.2329645802,96.8748219907
3532.9469797338,97.1289123382
3533.6609948873,97.2975309060
3534.3750100408,97.0297842815
3535.0890251944,96.9454921577
3535.8030403479,97.1424474039
3536.5170555015,97.1926503475
3537.2310706550,97.2038584696
3537.9450858086,97.2912792832
3538.6591009621,97.2074084114
3539.3731161156,97.0878267913
3540.0871312692,97.2275350269
3540.8011464227,97.2429230254
3541.5151615763,97.2228915909
3542.2291767298,97.1350401022
3542.9431918834,97.1550822542
3543.6572070369,97.2451243746
3544.3712221904,97.1811396889
3545.0852373440,97.0497440776
3545.7992524975,97.1494570181
3546.5132676511,97.2510504493
3547.2272828046,97.3102250197
3547.9412979582,97.4560040472
3548.6553131117,97.3969891077
3549.3693282653,97.3072471725
3550.0833434188,97.4311350715
3550.7973585723,97.3229944991
3551.5113737259,97.1813748833
3552.2253888794,97.4704988828
3552.9394040330,97.5690803460
3553.6534191865,97.4776044966
3554.3674343401,97.5015341549
3555.0814494936,97.3327445857
3555.7954646471,97.2688756586
3556.5094798007,97.5232992148
3557.2234949542,97.5898240214
3557.9375101078,97.5458450125
3558.6515252613,97.5966487575
3559.3655404149,97.5746744713
3560.0795555684,97.5410272376
3560.7935707220,97.5622674457
3561.5075858755,97.6395723832
3562.2216010290,97.6747237995
3562.9356161826,97.5982436986
3563.6496313361,97.6693124540
3564.3636464897,97.5910188265
3565.0776616432,97.2348943384
3565.7916767968,97.3434470712
3566.5056919503,97.6023486582
3567.2197071038,97.1379394427
3567.9337222574,97.1505456485
3568.6477374109,97.7365684701
3569.3617525645,97.6418009699
3570.0757677180,97.4283250294
3570.7897828716,97.5539769062
3571.5037980251,97.7767399569
3572.2178131786,97.8426020757
3572.9318283322,97.7764305428
3573.6458434857,97.8160421175
3574.3598586393,97.9030983473
3575.0738737928,97.7802926248
3575.7878889464,97.7286214486
3576.5019040999,97.8411430961
3577.2159192535,97.8620083338
3577.9299344070,97.8699756893
3578.6439495605,97.8371433553
3579.3579647141,97.7526910591
3580.0719798676,97.9463953225
3580.7859950212,98.1442552794
3581.5000101747,98.0277055954
3582.2140253283,97.9710684327
3582.9280404818,98.0390891249
3583.6420556353,98.1339445837
3584.3560707889,98.2087742354
3585.0700859424,97.8629700419
3585.7841010960,97.5884343809
3586.4981162495,98.1834674531
3587.2121314031,98.1060123590
3587.9261465566,97.5249663355
3588.6401617102,97.9147879338
3589.3541768637,98.1971271521
3590.0681920172,97.9790366202
3590.7822071708,98.0978454087
3591.4962223243,98.0354418218
3592.2102374779,97.8446176030
3592.9242526314,98.0929652386
3593.6382677850,98.0138569830
3594.3522829385,97.8378359796
3595.0662980920,98.1950290380
3595.7803132456,98.3431919570
3596.4943283991,98.2367405334
3597.2083435527,98.2807070613
3597.9223587062,98.2138435450
3598.6363738598,98.1826820395
3599.3503890133,98.0305596629
3600.0644041668,97.8147920247
3600.7784193204,98.0697726928
3601.4924344739,98.2533126292
3602.2064496275,98.1609552248
3602.9204647810,98.3640797858
3603.6344799346,98.5458906742
3604.3484950881,98.5460981665
3605.0625102417,98.4647332322
3605.7765253952,98.1862831292
3606.4905405487,98.2042998484
3607.2045557023,98.5675082552
3607.9185708558,98.2692571005
3608.6325860094,97.9345522057
3609.3466011629,98.4571612600
3610.0606163165,98.7686541763
3610.7746314700,98.3648701237
3611.4886466235,98.0245015709
3612.2026617771,98.3107329935
3612.9166769306,98.7049661390
3613.6306920842,98.3341560777
3614.3447072377,98.1936637850
3615.0587223913,98.6757224128
3615.7727375448,98.6363690296
3616.4867526984,98.2740831996
3617.2007678519,98.3988143228
3617.9147830054,98.5958903495
3618.6287981590,98.1703074517
3619.3428133125,98.1484296969
3620.0568284661,98.6830908467
3620.7708436196,98.5982514383
3621.4848587732,98.4976091897
3622.1988739267,98.6070285493
3622.9128890802,98.6245704012
3623.6269042338,98.6709985316
3624.3409193873,98.6572886390
3625.0549345409,98.5615302913
3625.7689496944,98.7046767530
3626.4829648480,98.6723246937
3627.1969800015,98.3052154532
3627.9109951551,98.0545986419
3628.6250103086,98.1605797222
3629.3390254621,98.6636627840
3630.0530406157,98.7813384105
3630.7670557692,98.5628450404
3631.4810709228,98.5661575283
3632.1950860763,98.6730433264
3632.9091012299,98.5101065171
3633.6231163834,98.5683016044
3634.3371315369,98.8776916846
3635.0511466905,98.8798298127
3635.7651618440,98.9315104206
3636.4791769976,99.0512738841
3637.1931921511,98.9890613434
3637.9072073047,98.9526635013
3638.6212224582,99.0022032447
3639.3352376117,99.0242964099
3640.0492527653,99.0322323515
3640.7632679188,99.0264102267
3641.4772830724,99.0613014545
3642.1912982259,99.1586106716
3642.9053133795,99.1408584403
3643.6193285330,99.0988187416
3644.3333436866,99.2338695529
3645.0473588401,99.2678332778
3645.7613739936,98.9071771465
3646.4753891472,98.7300039666
3647.1894043007,99.1247873035
3647.9034194543,98.9419061883
3648.6174346078,98.7088873420
3649.3314497614,98.8289792182
3650.0454649149,98.7839180344
3650.7594800684,98.9816772020
3651.4734952220,99.3921028094
3652.1875103755,99.1792239763
3652.9015255291,98.9935588837
3653.6155406826,99.0776532324
3654.3295558362,99.0746784365
3655.0435709897,98.7665264330
3655.7575861433,98.6973883310
3656.4716012968,99.3688062835
3657.1856164503,99.3523815850
3657.8996316039,99.0922258192
3658.6136467574,99.2037320529
3659.3276619110,99.4124657191
3660.0416770645,99.3771167741
3660.7556922181,99.3252595123
3661.4697073716,99.1749200301
3662.1837225251,99.2223942329
3662.8977376787,99.4000667175
3663.6117528322,99.3780045040
3664.3257679858,99.4533405115
3665.0397831393,99.4909117231
3665.7537982929,99.4653026579
3666.4678134464,99.5345598606
3667.1818285999,99.3213873289
3667.8958437535,99.1501402036
3668.6098589070,99.5028237237
3669.3238740606,99.2806121640
3670.0378892141,98.9430877755
3670.7519043677,99.6040038764
3671.4659195212,99.6439667097
3672.1799346748,99.4162679280
3672.8939498283,99.3155609596
3673.6079649818,98.9825190763
3674.3219801354,98.6680574941
3675.0359952889,98.7830818108
3675.7500104425,99.0805054089
3676.4640255960,99.3284254483
3677.1780407496,99.3520405859
3677.8920559031,99.1735676191
3678.6060710566,99.0426407864
3679.3200862102,99.1120694335
3680.0341013637,99.2224820799
3680.7481165173,99.1067818050
3681.4621316708,98.9927107294
3682.1761468244,99.2165236586
3682.8901619779,99.3032628394
3683.6041771315,99.2221983986
3684.3181922850,99.3252710668
3685.0322074385,99.2608647308
3685.7462225921,99.1852585493
3686.4602377456,99.1184903948
3687.1742528992,98.6309992893
3687.8882680527,98.4709681434
3688.6022832063,99.6637269160
3689.3162983598,99.2112545209
3690.0303135133,98.7287380973
3690.7443286669,98.7285252615
3691.4583438204,99.1010440098
3692.1723589740,99.2076730251
3692.8863741275,99.1577626577
3693.6003892811,99.1032444921
3694.3144044346,99.1492200259
3695.0284195881,99.1463495616
3695.7424347417,99.1600722169
3696.4564498952,99.2433126969
3697.1704650488,99.3022112149
3697.8844802023,99.3706380852
3698.5984953559,99.2574885789
3699.3125105094,99.0935607134
3700.0265256630,99.1451638337
3700.7405408165,99.0659808221
3701.4545559700,98.9871207721
3702.1685711236,99.2700454819
3702.8825862771,99.2943166700
3703.5966014307,99.2478245916
3704.3106165842,99.3177676407
3705.0246317378,99.1977712357
3705.7386468913,99.1063909386
3706.4526620448,99.3332599471
3707.1666771984,99.4419345427
3707.8806923519,99.1919267960
3708.5947075055,98.9798552227
3709.3087226590,99.3223679470
3710.0227378126,99.4181161339
3710.7367529661,98.8682106941
3711.4507681197,98.5127914119
3712.1647832732,99.4187951112
3712.8787984267,99.4648673805
3713.5928135803,99.1014384984
3714.3068287338,99.0979242148
3715.0208438874,99.2184734336
3715.7348590409,99.1256284307
3716.4488741945,99.0725508211
3717.1628893480,99.1602960033
3717.8769045015,99.2428664650
3718.5909196551,99.2128905421
3719.3049348086,99.2343026173
3720.0189499622,99.3810043425
3720.7329651157,99.3005198911
3721.4469802693,99.0688034516
3722.1609954228,99.2253887085
3722.8750105763,99.2786710127
3723.5890257299,99.1022067720
3724.3030408834,99.1360373629
3725.0170560370,99.0833322581
3725.7310711905,98.9397559675
3726.4450863441,99.2011562383
3727.1591014976,99.4404215226
3727.8731166512,99.3127668312
3728.5871318047,99.2424685272
3729.3011469582,99.3761611521
3730.0151621118,99.4949267538
3730.7291772653,99.1144731076
3731.4431924189,98.8284288685
3732.1572075724,99.7999217621
3732.8712227260,99.5496600003
3733.5852378795,98.7833005184
3734.2992530330,98.7528562270
3735.0132681866,99.1643813085
3735.7272833401,98.8929820757
3736.4412984937,99.1117439001
3737.1553136472,99.1459282304
3737.8693288008,99.0963873979
3738.5833439543,99.3142376049
3739.2973591079,99.2390422408
3740.0113742614,99.1415668490
3740.7253894149,99.2549773432
3741.4394045685,99.3196841980
3742.1534197220,99.2919022424
3742.8674348756,98.8678659548
3743.5814500291,97.8693033067
3744.2954651827,99.0950557321
3745.0094803362,100.4259901599
3745.7234954897,99.2150091544
3746.4375106433,99.0701799715
3747.1515257968,99.2090645716
3747.8655409504,98.9112672971
3748.5795561039,98.0545068239
3749.2935712575,98.3072101187
3750.0075864110,99.2657776627
3750.7216015645,98.6572319105
3751.4356167181,97.8435326401
3752.1496318716,98.9847228206
3752.8636470252,99.2476180110
3753.5776621787,99.1095622907
3754.2916773323,99.2146971114
3755.0056924858,99.0180945421
3755.7197076394,98.7824420188
3756.4337227929,98.9506147939
3757.1477379464,99.2176880370
3757.8617531000,99.1511872056
3758.5757682535,98.7887416633
3759.2897834071,98.7891578624
3760.0037985606,99.3353655893
3760.7178137142,99.2447411605
3761.4318288677,99.1289058584
3762.1458440212,99.2173548079
3762.8598591748,99.1631993761
3763.5738743283,99.2179625697
3764.2878894819,99.0596212541
3765.0019046354,98.8109592040
3765.7159197890,99.3431460589
3766.4299349425,99.4824008064
3767.1439500961,99.2718985274
3767.8579652496,99.2463531753
3768.5719804031,98.8357385709
3769.2859955567,98.7440113945
3770.0000107102,99.5902614851
3770.7140258638,99.3514411130
3771.4280410173,99.1730265133
3772.1420561709,99.3583400311
3772.8560713244,99.2936836231
3773.5700864779,99.3163685976
3774.2841016315,99.4481410074
3774.9981167850,99.4219147293
3775.7121319386,99.3372897449
3776.4261470921,99.2416431054
3777.1401622457,99.4048469913
3777.8541773992,99.3413259714
3778.5681925528,98.8781056790
3779.2822077063,99.2470935805
3779.9962228598,99.7197387469
3780.7102380134,99.2270446851
3781.4242531669,99.1836061974
3782.1382683205,99.3935696106
3782.8522834740,99.2025261714
3783.5662986276,99.0712386656
3784.2803137811,99.1008456596
3784.9943289346,99.2699619611
3785.7083440882,99.4304116820
3786.4223592417,99.3383763519
3787.1363743953,99.3700189774
3787.8503895488,99.4394157780
3788.5644047024,99.3523443884
3789.2784198559,99.4710544792
3789.9924350094,99.5368871186
3790.7064501630,99.3854460717
3791.4204653165,99.3884478458
3792.1344804701,99.4856395784
3792.8484956236,99.5578228953
3793.5625107772,99.5731475847
3794.2765259307,99.4683324845
3794.9905410843,99.2834392796
3795.7045562378,99.1232204741
3796.4185713913,99.5300281268
3797.1325865449,99.9549478295
3797.8466016984,99.6415062796
3798.5606168520,99.4597361394
3799.2746320055,99.4077065828
3799.9886471591,98.8947502781
3800.7026623126,98.5297620726
3801.4166774661,99.4120307388
3802.1306926197,99.5270631815
3802.8447077732,99.3400192881
3803.5587229268,99.3376734668
3804.2727380803,99.4804982894
3804.9867532339,99.2199816860
3805.7007683874,98.4559843832
3806.4147835410,98.3489378465
3807.1287986945,99.6342120932
3807.8428138480,99.5280803590
3808.5568290016,99.2802851051
3809.2708441551,99.4201543878
3809.9848593087,99.5463545647
3810.6988744622,99.5308957605
3811.4128896158,99.3967942610
3812.1269047693,99.2482979786
3812.8409199228,99.3208831925
3813.5549350764,99.4056538194
3814.2689502299,99.1530706203
3814.9829653835,98.7016834211
3815.6969805370,99.0556043511
3816.4109956906,100.3866008848
3817.1250108441,99.7740429401
3817.8390259976,99.1937844412
3818.5530411512,99.0455204852
3819.2670563047,98.8645792646
3819.9810714583,98.3796675690
3820.6950866118,98.3662514699
3821.4091017654,99.2392720995
3822.1231169189,99.5609445305
3822.8371320725,99.3749970065
3823.5511472260,99.2251257784
3824.2651623795,99.3181081286
3824.9791775331,99.2609321921
3825.6931926866,99.0087788293
3826.4072078402,99.0848547743
3827.1212229937,99.3815108357
3827.8352381473,99.3152831458
3828.5492533008,99.2318784548
3829.2632684543,99.4912932787
3829.9772836079,99.4682674014
3830.6912987614,98.9069256673
3831.4053139150,98.9978254451
3832.1193290685,99.8571261783
3832.8333442221,99.6009850966
3833.5473593756,99.0156587226
3834.2613745292,98.8934896132
3834.9753896827,99.5932617802
3835.6894048362,99.5971551447
3836.4034199898,98.6697567587
3837.1174351433,98.2303301299
3837.8314502969,100.2013719149
3838.5454654504,99.7699106863
3839.2594806040,98.8701221547
3839.9734957575,98.9462911553
3840.6875109110,99.3249907016
3841.4015260646,99.2288492879
3842.1155412181,98.9944975381
3842.8295563717,98.7534162210
3843.5435715252,99.1057958484
3844.2575866788,99.4891279978
3844.9716018323,99.2730255776
3845.6856169858,99.3301879098
3846.3996321394,99.5728980919
3847.1136472929,99.6639527508
3847.8276624465,99.5655978330
3848.5416776000,99.2534148234
3849.2556927536,99.4130137105
3849.9697079071,99.5869443912
3850.6837230607,98.8650070209
3851.3977382142,98.5188272960
3852.1117533677,99.3253143685
3852.8257685213,98.4962028104
3853.5397836748,97.8744836265
3854.2537988284,101.0066462713
3854.9678139819,99.7843142331
3855.6818291355,98.9968764420
3856.3958442890,98.7536453933
3857.1098594425,99.0682763603
3857.8238745961,99.3344497690
3858.5378897496,99.3041693742
3859.2519049032,99.3650576561
3859.9659200567,99.3752746607
3860.6799352103,99.0850368157
3861.3939503638,99.0940963144
3862.1079655174,99.5947500323
3862.8219806709,99.4371473382
3863.5359958244,98.9374945208
3864.2500109780,98.7346037415
3864.9640261315,99.3302346632
3865.6780412851,99.5445310970
3866.3920564386,99.2260078433
3867.1060715922,99.0803346787
3867.8200867457,99.0186117042
3868.5341018992,98.6710527624
3869.2481170528,98.4309159609
3869.9621322063,98.9121588762
3870.6761473599,99.1637667298
3871.3901625134,99.4640466387
3872.1041776670,99.4390390499
3872.8181928205,98.8517754017
3873.5322079740,98.6873486380
3874.2462231276,99.5306685097
3874.9602382811,99.5769059661
3875.6742534347,99.2849080929
3876.3882685882,99.3445756973
3877.1022837418,99.4553222007
3877.8162988953,99.2923622596
3878.5303140489,98.9351079388
3879.2443292024,98.6654963684
3879.9583443559,99.0053237213
3880.6723595095,99.6226085073
3881.3863746630,99.3010542794
3882.1003898166,99.0868574579
3882.8144049701,99.3604224592
3883.5284201237,99.4595577651
3884.2424352772,98.8549865592
3884.9564504307,98.4477411761
3885.6704655843,99.2457999016
3886.3844807378,99.6894815966
3887.0984958914,99.3678179173
3887.8125110449,99.2330281412
3888.5265261985,99.3564545845
3889.2405413520,99.2698620491
3889.9545565056,98.7921240665
3890.6685716591,98.6495768539
3891.3825868126,99.4744361213
3892.0966019662,99.5698448714
3892.8106171197,99.2774640301
3893.5246322733,99.2864873313
3894.2386474268,99.3333728311
3894.9526625804,99.3817491432
3895.6666777339,99.3878503791
3896.3806928874,99.2154851833
3897.0947080410,99.2471487425
3897.8087231945,99.0856789599
3898.5227383481,98.7170486551
3899.2367535016,99.5079870686
3899.9507686552,99.6908955828
3900.6647838087,98.8014651987
3901.3787989623,98.7762496361
3902.0928141158,99.4795884097
3902.8068292693,98.8379569685
3903.5208444229,98.5158438109
3904.2348595764,98.8756460874
3904.9488747300,99.0146012468
3905.6628898835,99.0775486059
3906.3769050371,99.0738272846
3907.0909201906,99.1160386230
3907.8049353441,99.2927416873
3908.5189504977,99.3074875624
3909.2329656512,99.2330934573
3909.9469808048,99.2291259757
3910.6609959583,99.2506104240
3911.3750111119,99.3275380025
3912.0890262654,99.3294737411
3912.8030414189,99.3096110120
3913.5170565725,99.3732286695
3914.2310717260,99.3440592898
3914.9450868796,99.1855845622
3915.6591020331,98.9142882248
3916.3731171867,98.8616736318
3917.0871323402,99.4310784303
3917.8011474938,99.5659462564
3918.5151626473,99.1509708420
3919.2291778008,99.0029245071
3919.9431929544,99.1709908881
3920.6572081079,99.3551170861
3921.3712232615,99.3834306980
3922.0852384150,99.2397325580
3922.7992535686,99.2277625133
3923.5132687221,99.2380214312
3924.2272838756,99.1235303694
3924.9412990292,99.3549484968
3925.6553141827,99.5299965121
3926.3693293363,99.3400520153
3927.0833444898,99.2708802641
3927.7973596434,99.2416804264
3928.5113747969,99.2279374444
3929.2253899505,99.4078357321
3929.9394051040,99.3807362687
3930.6534202575,99.1374815744
3931.3674354111,99.0641374767
3932.0814505646,99.1842684158
3932.7954657182,99.4182914252
3933.5094808717,99.4038572120
3934.2234960253,99.2354149043
3934.9375111788,99.3614800747
3935.6515263323,99.4622379817
3936.3655414859,99.2272661860
3937.0795566394,99.1644154743
3937.7935717930,99.3231153653
3938.5075869465,99.3242138760
3939.2216021001,99.3493634088
3939.9356172536,99.5118507731
3940.6496324071,99.4682439549
3941.3636475607,99.2387238447
3942.0776627142,99.2289053373
3942.7916778678,99.4074872225
3943.5056930213,99.3717544893
3944.2197081749,99.3153882916
3944.9337233284,99.3147401920
3945.6477384820,99.2377961523
3946.3617536355,99.1511748603
3947.0757687890,99.1837719774
3947.7897839426,99.2644302420
3948.5037990961,99.1568372007
3949.2178142497,99.0146447743
3949.9318294032,99.2011131472
3950.6458445568,99.4188768221
3951.3598597103,99.3256410468
3952.0738748638,99.3189649087
3952.7878900174,99.3782031866
3953.5019051709,99.2535709431
3954.2159203245,99.2604766883
3954.9299354780,99.3791232232
3955.6439506316,99.3503479117
3956.3579657851,99.3728923861
3957.0719809387,99.4306746815
3957.7859960922,99.3551819007
3958.5000112457,99.3151526235
3959.2140263993,99.3111179148
3959.9280415528,99.2135712398
3960.6420567064,99.1917218744
3961.3560718599,99.3417216955
3962.0700870135,99.4483536486
3962.7841021670,99.4191590377
3963.4981173205,99.3825719394
3964.2121324741,99.3204740714
3964.9261476276,99.2671448076
3965.6401627812,99.3155303726
3966.3541779347,99.3242360088
3967.0681930883,99.2833010404
3967.7822082418,99.3377072182
3968.4962233953,99.3572279360
3969.2102385489,99.3622214304
3969.9242537024,99.4621563146
3970.6382688560,99.3595176732
3971.3522840095,99.1767807578
3972.0662991631,99.3087930083
3972.7803143166,99.3796410749
3973.4943294702,99.2510521217
3974.2083446237,99.3347941074
3974.9223597772,99.3695897768
3975.6363749308,99.2528482172
3976.3503900843,99.3836941870
3977.0644052379,99.4563180918
3977.7784203914,99.3230106832
3978.4924355450,99.3311011991
3979.2064506985,99.3026830186
3979.9204658520,99.2845229631
3980.6344810056,99.5079282506
3981.3484961591,99.5038593044
3982.0625113127,99.2921966027
3982.7765264662,99.3683060555
3983.4905416198,99.4696197568
3984.2045567733,99.4125360166
3984.9185719269,99.4314174020
3985.6325870804,99.4328110404
3986.3466022339,99.3362417294
3987.0606173875,99.3129099532
3987.7746325410,99.3939193276
3988.4886476946,99.4105483211
3989.2026628481,99.3391265969
3989.9166780017,99.3954145942
3990.6306931552,99.4730990319
3991.3447083087,99.3526841628
3992.0587234623,99.3137203727
3992.7727386158,99.3962509130
3993.4867537694,99.3114427330
3994.2007689229,99.2297842720
3994.9147840765,99.3508233927
3995.6287992300,99.4556386392
3996.3428143835,99.3861700451
3997.0568295371,99.2968173726
3997.7708446906,99.3547245790
3998.4848598442,99.4194429208
3999.1988749977,99.3830777606
3999.9128901513,99.3655363796