399.8484859844,67.7946692050
400.5625011380,72.1450440330
401.2765162915,87.8140255902
401.9905314450,91.2346879457
402.7045465986,67.0810875437
403.4185617521,68.3644807144
404.1325769057,81.6456909044
404.8465920592,65.9221209833
405.5606072128,73.4014579094
406.2746223663,85.7101011524
406.9886375199,77.1919334482
407.7026526734,89.0016387594
408.4166678269,81.9044713136
409.1306829805,65.4712670926
409.8446981340,74.4402085685
410.5587132876,73.1992394811
411.2727284411,70.9528027799
411.9867435947,86.3851415505
412.7007587482,81.1598852815
413.4147739017,69.7981177897
414.1287890553,72.0354070930
414.8428042088,75.1253023551
415.5568193624,79.1116923831
416.2708345159,73.5320495137
416.9848496695,71.3538662209
417.6988648230,82.4942403654
418.4128799766,77.6806488416
419.1268951301,68.9751804378
419.8409102836,75.5640138610
420.5549254372,67.8755373046
421.2689405907,66.1676637455
421.9829557443,72.9897430892
422.6969708978,85.2414711417
423.4109860514,81.4867120293
424.1250012049,71.4530280841
424.8390163584,72.5155269809
425.5530315120,74.5018581793
426.2670466655,69.9628004964
426.9810618191,72.3219015177
427.6950769726,73.0822184878
428.4090921262,71.9895945308
429.1231072797,75.9122512001
429.8371224332,74.2049743205
430.5511375868,76.3791027115
431.2651527403,79.0474051235
431.9791678939,70.4063288628
432.6931830474,74.3974905111
433.4071982010,82.1226554379
434.1212133545,73.9293293376
434.8352285081,72.5242580134
435.5492436616,75.9548885043
436.2632588151,72.7976588811
436.9772739687,75.0649221760
437.6912891222,74.7013242330
438.4053042758,71.7486732594
439.1193194293,74.3387647867
439.8333345829,75.2048708689
440.5473497364,75.1644328208
441.2613648899,75.2639756387
441.9753800435,72.8239398777
442.6893951970,74.9395775069
443.4034103506,76.1456115093
444.1174255041,73.8586539203
444.8314406577,75.3392473145
445.5454558112,75.6410371599
446.2594709648,73.2028876475
446.9734861183,72.6100671072
447.6875012718,74.0325220141
448.4015164254,76.8268049627
449.1155315789,75.6428086523
449.8295467325,71.7577488295
450.5435618860,73.0092988216
451.2575770396,73.6291176254
451.9715921931,71.7851046551
452.6856073466,74.2705181631
453.3996225002,76.3550673438
454.1136376537,74.1990671483
454.8276528073,72.7243565718
455.5416679608,72.8581209024
456.2556831144,74.0630491099
456.9696982679,74.4508470177
457.6837134214,73.9005258015
458.3977285750,74.8738513011
459.1117437285,74.7555690016
459.8257588821,73.3839803762
460.5397740356,73.0890389226
461.2537891892,74.1169134945
461.9678043427,73.8179287883
462.6818194963,74.0296069138
463.3958346498,76.2228911445
464.1098498033,75.9444595504
464.8238649569,74.3322357490
465.5378801104,75.3362011051
466.2518952640,74.3858602419
466.9659104175,73.1758678987
467.6799255711,75.5360227203
468.3939407246,75.6210651571
469.1079558781,73.5424064611
469.8219710317,73.5303768110
470.5359861852,73.8215800151
471.2500013388,72.9233152425
471.9640164923,70.5593472727
472.6780316459,70.5234641561
473.3920467994,73.2186805705
474.1060619530,73.0958119052
474.8200771065,73.5386366461
475.5340922600,74.4326231228
476.2481074136,73.6343461065
476.9621225671,74.8764537650
477.6761377207,75.2047873959
478.3901528742,74.5040617533
479.1041680278,77.1245530716
479.8181831813,76.0289703953
480.5321983348,72.4031012647
481.2462134884,74.6041227651
481.9602286419,76.3196300298
482.6742437955,75.3428075773
483.3882589490,76.1526472641
484.1022741026,75.9549875258
484.8162892561,75.1404343828
485.5303044097,74.6847740327
486.2443195632,73.4384532419
486.9583347167,74.4347174423
487.6723498703,75.7357080835
488.3863650238,75.4916603121
489.1003801774,75.5957143153
489.8143953309,75.3400625276
490.5284104845,75.3552952891
491.2424256380,75.9031088160
491.9564407915,74.9878819949
492.6704559451,74.1668032019
493.3844710986,74.3260947316
494.0984862522,75.0217624905
494.8125014057,75.6811491082
495.5265165593,74.4538534933
496.2405317128,73.8708341367
496.9545468663,75.6006815095
497.6685620199,76.0625020551
498.3825771734,74.7008585619
499.0965923270,73.9475670756
499.8106074805,74.4967197966
500.5246226341,75.1145890835
501.2386377876,75.0140447615
501.9526529412,76.0948645285
502.6666680947,76.0621029249
503.3806832482,73.9471436212
504.0946984018,74.2584431881
504.8087135553,75.6444900821
505.5227287089,74.7605148855
506.2367438624,74.9824585088
506.9507590160,75.9890439675
507.6647741695,74.8258429714
508.3787893230,73.9567813724
509.0928044766,74.5901505489
509.8068196301,75.4137398902
510.5208347837,74.8587683453
511.2348499372,74.0295192607
511.9488650908,74.9795774262
512.6628802443,75.5186103272
513.3768953979,74.5910450409
514.0909105514,74.3712888626
514.8049257049,74.5569991612
515.5189408585,74.7159711047
516.2329560120,74.8360399180
516.9469711656,74.4199166909
517.6609863191,74.6110504221
518.3750014727,74.8252196745
519.0890166262,74.7215263407
519.8030317797,75.4204305252
520.5170469333,75.2498726811
521.2310620868,74.4017225998
521.9450772404,74.6252922264
522.6590923939,75.1774933910
523.3731075475,75.4603582955
524.0871227010,75.6075245005
524.8011378545,75.1759355790
525.5151530081,74.6038770297
526.2291681616,74.7454229357
526.9431833152,75.2558193407
527.6571984687,74.8806930288
528.3712136223,74.0826956947
529.0852287758,74.6859177182
529.7992439294,75.6280565090
530.5132590829,75.5455622194
531.2272742364,75.2424323150
531.9412893900,75.0304336630
532.6553045435,75.2235322377
533.3693196971,75.4513362561
534.0833348506,75.0759857366
534.7973500042,75.2662892704
535.5113651577,75.6502952873
536.2253803112,75.6221185786
536.9393954648,76.0112454062
537.6534106183,75.9371631966
538.3674257719,75.5808320115
539.0814409254,75.6320862231
539.7954560790,75.1850745566
540.5094712325,75.2401045275
541.2234863861,75.6582653083
541.9375015396,75.2460652784
542.6515166931,75.4219733030
543.3655318467,75.5044280569
544.0795470002,75.0442229847
544.7935621538,75.6820340669
545.5075773073,75.8610649388
546.2215924609,75.2708978304
546.9356076144,75.3001915692
547.6496227679,74.9540435734
548.3636379215,75.1095882160
549.0776530750,75.6364342423
549.7916682286,75.0951195920
550.5056833821,75.3150148833
551.2196985357,76.0307484908
551.9337136892,75.8001431488
552.6477288427,75.7993641020
553.3617439963,75.5851376481
554.0757591498,75.2762747506
554.7897743034,75.9903737976
555.5037894569,76.3340332452
556.2178046105,75.9261972957
556.9318197640,75.5107759904
557.6458349176,75.6836837422
558.3598500711,76.7025544594
559.0738652246,76.6535735239
559.7878803782,75.9704950569
560.5018955317,76.5859654634
561.2159106853,76.6226033517
561.9299258388,75.9072077775
562.6439409924,76.2269875160
563.3579561459,76.1446535180
564.0719712994,75.4797112525
564.7859864530,75.6976366495
565.5000016065,76.2733467816
566.2140167601,76.4970378996
566.9280319136,76.2231081120
567.6420470672,75.8708037160
568.3560622207,76.1834135667
569.0700773743,76.4940300771
569.7840925278,76.4351881335
570.4981076813,76.4424323898
571.2121228349,76.1966882725
571.9261379884,75.9605774508
572.6401531420,76.3570899840
573.3541682955,76.6464911422
574.0681834491,76.3996205614
574.7821986026,76.4266033088
575.4962137561,76.7620744136
576.2102289097,76.7469938198
576.9242440632,76.6876279179
577.6382592168,76.6960509529
578.3522743703,76.5796143963
579.0662895239,76.9405437830
579.7803046774,77.2637716849
580.4943198309,76.7867675753
581.2083349845,76.4835469313
581.9223501380,76.7323061716
582.6363652916,77.0087933936
583.3503804451,77.2582183952
584.0643955987,77.3320541724
584.7784107522,77.3816703799
585.4924259058,77.3738570072
586.2064410593,77.1850133929
586.9204562128,77.2057064895
587.6344713664,77.2061218468
588.3484865199,77.2908007721
589.0625016735,77.7384484629
589.7765168270,77.5748846814
590.4905319806,77.2869393266
591.2045471341,77.7854345393
591.9185622876,77.9804807012
592.6325774412,77.6714649171
593.3465925947,77.6725783933
594.0606077483,77.7371596671
594.7746229018,77.6834504348
595.4886380554,77.4551880325
596.2026532089,77.5971057162
596.9166683625,78.0516118759
597.6306835160,77.7199021286
598.3446986695,77.4994252170
599.0587138231,77.8845744451
599.7727289766,77.6594004943
600.4867441302,77.5105469649
601.2007592837,77.8048130011
601.9147744373,77.8382863631
602.6287895908,78.1221697979
603.3428047443,78.0733452318
604.0568198979,77.5992259966
604.7708350514,77.8655879036
605.4848502050,78.0202966837
606.1988653585,77.8772212238
606.9128805121,78.2008865963
607.6268956656,78.1707679403
608.3409108192,78.0010189632
609.0549259727,78.0782498361
609.7689411262,77.7529155707
610.4829562798,77.7337866678
611.1969714333,78.0315992792
611.9109865869,77.9578531880
612.6250017404,78.3062626078
613.3390168940,78.6676406273
614.0530320475,78.2378804308
614.7670472010,78.1324760581
615.4810623546,78.3193719225
616.1950775081,78.1296478978
616.9090926617,78.2320884984
617.6231078152,78.4099247299
618.3371229688,78.2764110184
619.0511381223,78.5052060244
619.7651532758,78.6273568743
620.4791684294,78.4561650946
621.1931835829,78.8372048166
621.9071987365,78.9290129211
622.6212138900,78.5010849435
623.3352290436,78.7883520749
624.0492441971,78.9530765816
624.7632593507,78.5367567286
625.4772745042,78.8556822628
626.1912896577,79.1849532573
626.9053048113,78.9525280773
627.6193199648,79.1040372029
628.3333351184,79.2943045924
629.0473502719,79.2333506763
629.7613654255,79.2107667707
630.4753805790,79.0297731390
631.1893957325,79.0089917356
631.9034108861,79.1896527761
632.6174260396,79.2769997362
633.3314411932,79.3360608384
634.0454563467,79.0574012546
634.7594715003,78.9410748848
635.4734866538,79.4418681717
636.1875018074,79.5160712652
636.9015169609,79.3743613366
637.6155321144,79.6317354853
638.3295472680,79.6799025224
639.0435624215,79.5394339186
639.7575775751,79.4289743072
640.4715927286,79.4080853982
641.1856078822,79.6751305137
641.8996230357,79.7022931677
642.6136381892,79.6018005679
643.3276533428,79.8525075431
644.0416684963,79.8904164745
644.7556836499,79.7997951029
645.4696988034,79.9851875209
646.1837139570,80.1091995420
646.8977291105,80.0533577263
647.6117442640,79.8419014832
648.3257594176,79.7838230712
649.0397745711,80.0937618029
649.7537897247,80.1716855591
650.4678048782,80.0098206727
651.1818200318,79.9283500140
651.8958351853,79.9058989397
652.6098503389,80.1255621725
653.3238654924,80.3238655372
654.0378806459,80.3557350585
654.7518957995,80.4178762199
655.4659109530,80.2305305565
656.1799261066,80.1010858677
656.8939412601,80.3118469967
657.6079564137,80.3092887925
658.3219715672,80.3602613435
659.0359867207,80.7310351911
659.7500018743,80.8082760241
660.4640170278,80.5382773045
661.1780321814,80.4321991802
661.8920473349,80.6150211570
662.6060624885,80.7465242229
663.3200776420,80.6799091220
664.0340927956,80.6203928674
664.7481079491,80.4822476262
665.4621231026,80.4828866462
666.1761382562,80.7986562807
666.8901534097,80.8209329303
667.6041685633,80.7870887955
668.3181837168,81.6359320963
669.0321988704,81.0549896121
669.7462140239,81.1397322850
670.4602291774,81.2786052550
671.1742443310,81.0077366828
671.8882594845,81.1420011813
672.6022746381,81.4422310266
673.3162897916,81.4349272933
674.0303049452,81.5800477440
674.7443200987,81.4470449641
675.4583352522,81.2164131241
676.1723504058,81.5001364191
676.8863655593,81.6933933952
677.6003807129,81.6415704822
678.3143958664,81.6712032010
679.0284110200,81.8084292390
679.7424261735,81.9290740492
680.4564413271,81.6100093704
681.1704564806,81.4979546997
681.8844716341,81.9888175132
682.5984867877,81.9637871080
683.3125019412,81.7108859229
684.0265170948,81.9273351661
684.7405322483,81.9179037158
685.4545474019,81.8081759764
686.1685625554,81.9710950890
686.8825777089,82.0527827411
687.5965928625,82.1120597379
688.3106080160,82.0988653704
689.0246231696,81.9677109765
689.7386383231,82.0162269243
690.4526534767,82.1438372770
691.1666686302,82.1504422356
691.8806837838,82.0833744336
692.5946989373,82.0698570128
693.3087140908,82.0784578143
694.0227292444,82.0650228292
694.7367443979,82.1184480914
695.4507595515,82.0723996867
696.1647747050,82.1249938474
696.8787898586,82.4620146206
697.5928050121,82.4197575261
698.3068201656,82.2724154527
699.0208353192,82.5693964538
699.7348504727,82.6373921906
700.4488656263,82.7394190439
701.1628807798,83.1032286772
701.8768959334,82.9596541219
702.5909110869,82.8475522893
703.3049262404,83.0180885948
704.0189413940,82.9805352522
704.7329565475,83.2454700154
705.4469717011,83.5825125731
706.1609868546,83.5218038276
706.8750020082,83.4841104912
707.5890171617,83.4229923410
708.3030323153,83.6088268468
709.0170474688,83.9361100493
709.7310626223,83.6626484990
710.4450777759,83.5523474934
711.1590929294,83.9097939140
711.8731080830,83.9387074952
712.5871232365,83.9244867176
713.3011383901,83.9969479603
714.0151535436,83.9268178891
714.7291686971,84.0170716929
715.4431838507,84.1944993033
716.1571990042,84.3554100800
716.8712141578,84.3973084971
717.5852293113,84.2344869285
718.2992444649,84.2540750042
719.0132596184,84.3427150595
719.7272747720,84.3611948954
720.4412899255,84.6021971155
721.1553050790,84.6955991819
721.8693202326,84.6209256076
722.5833353861,84.7621501457
723.2973505397,84.8829972739
724.0113656932,84.8298259757
724.7253808468,84.7826530736
725.4393960003,84.9515814322
726.1534111538,85.2067956079
726.8674263074,85.1879971219
727.5814414609,85.2439189617
728.2954566145,85.4025211420
729.0094717680,85.2121939475
729.7234869216,85.1226095662
730.4375020751,85.2705630384
731.1515172287,85.3130489583
731.8655323822,85.4335382929
732.5795475357,85.4886468753
733.2935626893,85.4048174963
734.0075778428,85.3633644208
734.7215929964,85.3135840313
735.4356081499,85.4957058800
736.1496233035,85.6424166820
736.8636384570,85.4463037950
737.5776536105,85.5428459790
738.2916687641,85.7854515117
739.0056839176,85.7734566808
739.7196990712,85.8610073088
740.4337142247,85.8425954313
741.1477293783,85.7246020455
741.8617445318,85.8329972652
742.5757596853,85.8385660059
743.2897748389,85.7963475391
744.0037899924,85.7821808577
744.7178051460,85.6479536392
745.4318202995,85.7869445214
746.1458354531,86.0027622069
746.8598506066,85.9331106422
747.5738657602,86.0163701484
748.2878809137,86.1632412323
749.0018960672,86.0545167751
749.7159112208,86.0131970758
750.4299263743,86.0631634312
751.1439415279,86.0217921878
751.8579566814,86.0389673905
752.5719718350,86.1196887713
753.2859869885,86.1363743835
754.0000021420,86.1932858346
754.7140172956,86.3186967939
755.4280324491,86.3531553904
756.1420476027,86.4155725083
756.8560627562,86.6062646464
757.5700779098,86.6876049399
758.2840930633,86.6469975284
758.9981082169,86.6309368868
759.7121233704,86.6575834867
760.4261385239,86.7246487806
761.1401536775,86.7233230473
761.8541688310,86.7160420574
762.5681839846,86.7796650138
763.2821991381,86.7611776656
763.9962142917,86.8071833023
764.7102294452,86.9398137474
765.4242445987,86.9821845247
766.1382597523,87.0627289469
766.8522749058,86.9877178116
767.5662900594,86.8161269951
768.2803052129,87.0584856448
768.9943203665,87.3242472712
769.7083355200,87.2598016653
770.4223506735,87.2369884348
771.1363658271,87.2414809741
771.8503809806,87.2164858144
772.5643961342,87.2203449331
773.2784112877,87.2491927656
773.9924264413,87.3597992506
774.7064415948,87.3619364152
775.4204567484,87.3553127323
776.1344719019,87.4485837482
776.8484870554,87.3608330626
777.5625022090,87.4401389372
778.2765173625,87.6815413888
778.9905325161,87.5701545159
779.7045476696,87.5013271310
780.4185628232,87.5478958069
781.1325779767,87.5425429109
781.8465931302,87.7978023686
782.5606082838,87.8701459762
783.2746234373,87.7129251902
783.9886385909,87.8101546580
784.7026537444,87.8053658533
785.4166688980,87.8565881542
786.1306840515,88.0550632901
786.8446992051,87.8836745872
787.5587143586,87.8023829125
788.2727295121,87.9306234877
788.9867446657,87.9358921173
789.7007598192,88.1736091669
790.4147749728,88.3114111477
791.1287901263,88.1241525269
791.8428052799,88.2288920382
792.5568204334,88.4517082464
793.2708355869,88.4391785565
793.9848507405,88.3853900489
794.6988658940,88.4595520171
795.4128810476,88.5899844437
796.1268962011,88.5547300247
796.8409113547,88.5217617390
797.5549265082,88.5300356617
798.2689416617,88.4379679962
798.9829568153,88.5879558906
799.6969719688,88.7061401781
800.4109871224,88.6165564077
801.1250022759,88.7603631385
801.8390174295,88.6490082237
802.5530325830,88.5188289715
803.2670477366,88.9548214656
803.9810628901,88.9875098026
804.6950780436,88.8317417290
805.4090931972,89.1004041802
806.1231083507,89.0322900370
806.8371235043,89.0572919715
807.5511386578,89.2772380271
808.2651538114,89.0563287170
808.9791689649,89.2384828466
809.6931841184,89.5001689208
810.4071992720,89.1408524088
811.1212144255,89.1733106747
811.8352295791,89.3223153545
812.5492447326,89.1082421805
813.2632598862,89.3061497264
813.9772750397,89.5267976444
814.6912901933,89.5024238308
815.4053053468,89.7110230621
816.1193205003,89.7449797924
816.8333356539,89.5789203361
817.5473508074,89.5922441798
818.2613659610,89.5506196895
818.9753811145,89.4823878911
819.6893962681,89.5786359644
820.4034114216,89.6723210828
821.1174265751,89.6507495697
821.8314417287,89.5823017906
822.5454568822,89.5675418945
823.2594720358,89.6665078919
823.9734871893,89.8312052993
824.6875023429,89.7988035145
825.4015174964,89.5549906850
826.1155326499,89.5082013646
826.8295478035,89.5649591551
827.5435629570,89.5156458249
828.2575781106,89.6095518494
828.9715932641,89.6811115362
829.6856084177,89.5724624208
830.3996235712,89.6085213037
831.1136387248,89.7589178510
831.8276538783,89.8344014699
832.5416690318,89.7752638896
833.2556841854,89.6156464149
833.9696993389,89.5826366230
834.6837144925,89.6121692943
835.3977296460,89.5843052721
836.1117447996,89.6766527186
836.8257599531,89.8068486361
837.5397751066,89.7799387408
838.2537902602,89.6915941096
838.9678054137,89.7709342128
839.6818205673,89.9536217213
840.3958357208,89.9128924228
841.1098508744,89.8549234444
841.8238660279,89.9407197527
842.5378811815,89.8727375659
843.2518963350,89.9208310971
843.9659114885,90.0761666025
844.6799266421,89.9118751853
845.3939417956,89.9400868642
846.1079569492,90.1778480754
846.8219721027,90.0192821756
847.5359872563,89.9162727558
848.2500024098,90.0498929406
848.9640175633,90.0344095537
849.6780327169,90.0719004938
850.3920478704,90.1437396868
851.1060630240,90.0777817311
851.8200781775,90.0658219633
852.5340933311,90.0535252493
853.2481084846,90.0183803540
853.9621236381,90.1358079310
854.6761387917,90.2810940817
855.3901539452,90.2725771434
856.1041690988,90.2291408571
856.8181842523,90.2695260124
857.5321994059,90.2735610859
858.2462145594,90.2435252778
858.9602297130,90.2522921129
859.6742448665,90.2187239030
860.3882600200,90.2795033121
861.1022751736,90.4179277623
861.8162903271,90.3642598563
862.5303054807,90.2903871818
863.2443206342,90.2974851442
863.9583357878,90.3319466253
864.6723509413,90.4857360033
865.3863660948,90.5004273479
866.1003812484,90.3568233888
866.8143964019,90.2881562130
867.5284115555,90.2237332790
868.2424267090,90.3654649714
868.9564418626,90.5385227676
869.6704570161,90.3968631592
870.3844721697,90.4636797820
871.0984873232,90.6072071813
871.8125024767,90.3663863649
872.5265176303,90.2561536382
873.2405327838,90.3359850327
873.9545479374,90.4527958914
874.6685630909,90.6242357154
875.3825782445,90.4251503576
876.0965933980,90.2263408036
876.8106085515,90.3887190725
877.5246237051,90.3933812746
878.2386388586,90.4144733199
878.9526540122,90.5494011348
879.6666691657,90.4505870733
880.3806843193,90.4501863775
881.0946994728,90.5448584761
881.8087146264,90.4553796365
882.5227297799,90.3900980068
883.2367449334,90.4744944906
883.9507600870,90.6744979975
884.6647752405,90.6539219021
885.3787903941,90.3880422311
886.0928055476,90.4673982699
886.8068207012,90.6534240687
887.5208358547,90.6260273353
888.2348510082,90.7039157399
888.9488661618,90.6649622603
889.6628813153,90.5077992400
890.3768964689,90.5778001012
891.0909116224,90.6577860615
891.8049267760,90.6940687010
892.5189419295,90.7069672403
893.2329570830,90.6524090360
893.9469722366,90.6703668442
894.6609873901,90.5758284761
895.3750025437,90.4929360560
896.0890176972,90.6191992337
896.8030328508,90.5008335399
897.5170480043,90.3342743639
898.2310631579,90.5208432142
898.9450783114,90.6308185286
899.6590934649,90.5258912320
900.3731086185,90.4360164063
901.0871237720,90.4246367634
901.8011389256,90.4629943370
902.5151540791,90.4277458354
903.2291692327,90.4619713734
903.9431843862,90.5267935452
904.6571995397,90.3726875863
905.3712146933,90.3528897881
906.0852298468,90.5277075198
906.7992450004,90.5077386132
907.5132601539,90.4254965641
908.2272753075,90.4130163862
908.9412904610,90.4331880375
909.6553056146,90.5108865945
910.3693207681,90.5375276520
911.0833359216,90.5656915658
911.7973510752,90.6214253547
912.5113662287,90.5734182254
913.2253813823,90.5145100505
913.9393965358,90.5223351286
914.6534116894,90.5609628729
915.3674268429,90.6190776659
916.0814419964,90.6620402941
916.7954571500,90.6282173130
917.5094723035,90.4568723365
918.2234874571,90.3919538362
918.9375026106,90.5676181844
919.6515177642,90.6549454587
920.3655329177,90.6568653058
921.0795480712,90.6541814194
921.7935632248,90.5919794495
922.5075783783,90.7342581031
923.2215935319,90.8081504963
923.9356086854,90.5919015965
924.6496238390,90.6614194550
925.3636389925,90.8320611126
926.0776541461,90.7843822510
926.7916692996,90.9099888295
927.5056844531,91.0360387637
928.2196996067,91.0430469040
928.9337147602,91.1064883706
929.6477299138,91.0540955302
930.3617450673,91.1677974583
931.0757602209,91.4853659162
931.7897753744,91.5161104201
932.5037905279,91.5278237732
933.2178056815,91.7623890839
933.9318208350,91.9679384692
934.6458359886,92.0912569480
935.3598511421,92.1351968040
936.0738662957,92.2426900887
936.7878814492,92.4278511833
937.5018966028,92.5287243219
938.2159117563,92.6483318597
938.9299269098,92.7224648872
939.6439420634,92.7920349293
940.3579572169,92.9998228895
941.0719723705,93.0418587642
941.7859875240,93.0582738933
942.5000026776,93.2152042611
943.2140178311,93.1419859930
943.9280329846,93.0977675850
944.6420481382,93.2209954385
945.3560632917,93.1878951457
946.0700784453,93.2616172999
946.7840935988,93.4390241342
947.4981087524,93.4403252194
948.2121239059,93.4239712390
948.9261390594,93.4455730118
949.6401542130,93.6003333138
950.3541693665,93.7641917220
951.0681845201,93.6770369588
951.7821996736,93.7769963551
952.4962148272,93.9875993644
953.2102299807,93.8396439233
953.9242451343,93.8480055669
954.6382602878,93.9757405631
955.3522754413,93.7018662287
956.0662905949,93.6210700932
956.7803057484,93.9255872641
957.4943209020,93.8871404074
958.2083360555,93.5616499243
958.9223512091,93.4062524380
959.6363663626,93.3662611458
960.3503815161,93.3180847290
961.0643966697,93.2172964631
961.7784118232,93.1116530351
962.4924269768,93.1825929125
963.2064421303,93.2595364136
963.9204572839,93.1539045066
964.6344724374,93.1934570213
965.3484875910,93.2746332821
966.0625027445,93.0896005256
966.7765178980,93.0582334497
967.4905330516,93.1262766982
968.2045482051,92.9168703823
968.9185633587,92.8363616396
969.6325785122,92.8190174159
970.3465936658,92.5683201814
971.0606088193,92.4684612342
971.7746239728,92.3803570196
972.4886391264,92.1055229280
973.2026542799,91.9730697544
973.9166694335,91.8056753619
974.6306845870,91.5197468586
975.3446997406,91.3993800893
976.0587148941,91.3295913393
976.7727300476,91.2302185668
977.4867452012,91.0822274455
978.2007603547,90.8648555908
978.9147755083,90.7888968395
979.6287906618,90.7234678734
980.3428058154,90.5319736844
981.0568209689,90.4598845356
981.7708361225,90.4252709350
982.4848512760,90.3329367386
983.1988664295,90.3362602902
983.9128815831,90.2863449557
984.6268967366,90.1397482525
985.3409118902,90.1168484514
986.0549270437,90.1363457424
986.7689421973,90.0884642752
987.4829573508,90.0746583465
988.1969725043,90.0321108629
988.9109876579,89.9242073946
989.6250028114,89.9327306293
990.3390179650,89.9685328016
991.0530331185,89.8770540019
991.7670482721,89.8126900336
992.4810634256,89.7794467884
993.1950785792,89.7921611835
993.9090937327,89.9106300402
994.6231088862,89.8259610419
995.3371240398,89.6735349877
996.0511391933,89.7696150032
996.7651543469,89.7227890876
997.4791695004,89.6040669018
998.1931846540,89.7241370906
998.9071998075,89.7145810246
999.6212149610,89.6259377462
1000.3352301146,89.6184734687
1001.0492452681,89.4967250662
1001.7632604217,89.5018891523
1002.4772755752,89.5571353780
1003.1912907288,89.4201796204
1003.9053058823,89.4427321787
1004.6193210359,89.5251299586
1005.3333361894,89.4167774655
1006.0473513429,89.3179368751
1006.7613664965,89.2522831915
1007.4753816500,89.2812216746
1008.1893968036,89.3177232179
1008.9034119571,89.1456180608
1009.6174271107,89.0510470862
1010.3314422642,89.0472603515
1011.0454574177,88.9488998056
1011.7594725713,88.9695940345
1012.4734877248,88.9990999353
1013.1875028784,88.8888463629
1013.9015180319,88.7856302273
1014.6155331855,88.7143197095
1015.3295483390,88.7725136695
1016.0435634925,88.8140411089
1016.7575786461,88.6499146819
1017.4715937996,88.5780489420
1018.1856089532,88.5854406077
1018.8996241067,88.5434487179
1019.6136392603,88.5585083372
1020.3276544138,88.4302464860
1021.0416695674,88.2839171642
1021.7556847209,88.3873711552
1022.4696998744,88.3970353353
1023.1837150280,88.2286742325
1023.8977301815,88.1565191666
1024.6117453351,88.2205964144
1025.3257604886,88.3079089632
1026.0397756422,88.2375093089
1026.7537907957,88.1762130677
1027.4678059492,88.2869093158
1028.1818211028,88.2370274601
1028.8958362563,88.1200675262
1029.6098514099,88.1963732825
1030.3238665634,88.1867778050
1031.0378817170,88.0983556812
1031.7518968705,88.1305421552
1032.4659120241,88.1177636944
1033.1799271776,88.0398265241
1033.8939423311,88.0191250848
1034.6079574847,87.9850202476
1035.3219726382,87.8759060859
1036.0359877918,87.8253099218
1036.7500029453,87.9256924684
1037.4640180989,87.9693580225
1038.1780332524,87.8401118386
1038.8920484059,87.7328396736
1039.6060635595,87.7044031422
1040.3200787130,87.6737939123
1041.0340938666,87.6520363379
1041.7481090201,87.6630468289
1042.4621241737,87.6781062267
1043.1761393272,87.6653206259
1043.8901544807,87.6945365683
1044.6041696343,87.7619688061
1045.3181847878,87.7963502642
1046.0321999414,87.8930308885
1046.7462150949,87.9771781504
1047.4602302485,87.9316210570
1048.1742454020,87.9387242115
1048.8882605556,87.9710561786
1049.6022757091,87.9611088126
1050.3162908626,88.0313886897
1051.0303060162,88.0535342688
1051.7443211697,88.0425544819
1052.4583363233,88.1240781820
1053.1723514768,88.1286360733
1053.8863666304,88.1585311518
1054.6003817839,88.3198421303
1055.3143969374,88.3808764910
1056.0284120910,88.3963424024
1056.7424272445,88.4257597893
1057.4564423981,88.3814920706
1058.1704575516,88.4423320612
1058.8844727052,88.5948325940
1059.5984878587,88.5845028349
1060.3125030123,88.5062106251
1061.0265181658,88.5913203828
1061.7405333193,88.7285388615
1062.4545484729,88.6850565065
1063.1685636264,88.5917274606
1063.8825787800,88.6653933361
1064.5965939335,88.7791647335
1065.3106090871,88.7775335470
1066.0246242406,88.7576797283
1066.7386393941,88.8939446895
1067.4526545477,89.0619150929
1068.1666697012,89.0474501945
1068.8806848548,89.1085169435
1069.5947000083,89.2694402186
1070.3087151619,89.1737933401
1071.0227303154,89.1374285036
1071.7367454689,89.2950573005
1072.4507606225,89.2095115158
1073.1647757760,89.1040387469
1073.8787909296,89.1270741335
1074.5928060831,88.9959742826
1075.3068212367,89.0017767969
1076.0208363902,89.1920503359
1076.7348515438,89.1637341593
1077.4488666973,89.1128141834
1078.1628818508,89.2130451415
1078.8768970044,89.2048204739
1079.5909121579,89.1334742979
1080.3049273115,89.1814377236
1081.0189424650,89.2367169099
1081.7329576186,89.2414860497
1082.4469727721,89.3052655940
1083.1609879256,89.3463885515
1083.8750030792,89.3082509308
1084.5890182327,89.3895643426
1085.3030333863,89.5572685754
1086.0170485398,89.6144459815
1086.7310636934,89.6145508603
1087.4450788469,89.6283284925
1088.1590940005,89.6232209302
1088.8731091540,89.5978329265
1089.5871243075,89.6168766467
1090.3011394611,89.6460414806
1091.0151546146,89.5326556541
1091.7291697682,89.4234075357
1092.4431849217,89.4561512635
1093.1572000753,89.4520041562
1093.8712152288,89.4331776116
1094.5852303823,89.3661367967
1095.2992455359,89.2058706512
1096.0132606894,89.2330016154
1096.7272758430,89.2685494301
1097.4412909965,89.1507141316
1098.1553061501,89.1676723698
1098.8693213036,89.0795390048
1099.5833364571,88.8884572342
1100.2973516107,88.9672316331
1101.0113667642,88.9868130162
1101.7253819178,88.9026078180
1102.4393970713,88.9227481055
1103.1534122249,88.8114210439
1103.8674273784,88.7885469212
1104.5814425320,88.8995220326
1105.2954576855,88.7816663811
1106.0094728390,88.7125114528
1106.7234879926,88.7666390519
1107.4375031461,88.7483903410
1108.1515182997,88.8430745392
1108.8655334532,88.8771893100
1109.5795486068,88.7505745923
1110.2935637603,88.8086844542
1111.0075789138,88.9684485314
1111.7215940674,89.0061711692
1112.4356092209,88.9662264161
1113.1496243745,88.8916852247
1113.8636395280,88.8262596965
1114.5776546816,88.8562228143
1115.2916698351,89.0027174648
1116.0056849887,89.0554856837
1116.7197001422,89.0054413135
1117.4337152957,89.1217370173
1118.1477304493,89.1796666733
1118.8617456028,89.0982493365
1119.5757607564,89.2278792098
1120.2897759099,89.2880714697
1121.0037910635,89.1630052647
1121.7178062170,89.2456843710
1122.4318213705,89.3157693413
1123.1458365241,89.2834654658
1123.8598516776,89.4611489059
1124.5738668312,89.5879447693
1125.2878819847,89.4899320208
1126.0018971383,89.5002903213
1126.7159122918,89.6691516313
1127.4299274454,89.7555291614
1128.1439425989,89.7649735010
1128.8579577524,89.8175865890
1129.5719729060,89.8147352739
1130.2859880595,89.8107154123
1131.0000032131,89.9450332874
1131.7140183666,90.0245064715
1132.4280335202,90.0673757798
1133.1420486737,90.1546409739
1133.8560638272,90.1219811777
1134.5700789808,90.1782522991
1135.2840941343,90.3025887496
1135.9981092879,90.2403920673
1136.7121244414,90.3164528616
1137.4261395950,90.4566838377
1138.1401547485,90.4402493928
1138.8541699020,90.5701865581
1139.5681850556,90.5970075293
1140.2822002091,90.4692563471
1140.9962153627,90.5874183817
1141.7102305162,90.5970887086
1142.4242456698,90.5380958148
1143.1382608233,90.7293907782
1143.8522759769,90.7243279405
1144.5662911304,90.6435909431
1145.2803062839,90.7466695836
1145.9943214375,90.6836633622
1146.7083365910,90.6889978929
1147.4223517446,90.8567477864
1148.1363668981,90.8136949939
1148.8503820517,90.8032359282
1149.5643972052,90.8720478589
1150.2784123587,90.7918727953
1150.9924275123,90.8030423281
1151.7064426658,90.8233593351
1152.4204578194,90.6843887047
1153.1344729729,90.6961064933
1153.8484881265,90.7479423232
1154.5625032800,90.5891316961
1155.2765184336,90.5075754149
1155.9905335871,90.5176586754
1156.7045487406,90.4160255532
1157.4185638942,90.3771679998
1158.1325790477,90.3492538992
1158.8465942013,90.1868769129
1159.5606093548,90.1764109882
1160.2746245084,90.3012157276
1160.9886396619,90.2434837745
1161.7026548154,90.0710225070
1162.4166699690,89.9729367580
1163.1306851225,89.9895011997
1163.8447002761,90.0077452881
1164.5587154296,89.9197861987
1165.2727305832,89.8308502407
1165.9867457367,89.6981178322
1166.7007608902,89.5286901364
1167.4147760438,89.5471225907
1168.1287911973,89.5308111050
1168.8428063509,89.3261810675
1169.5568215044,89.2126092056
1170.2708366580,89.1205371024
1170.9848518115,88.9967461753
1171.6988669651,88.9464961616
1172.4128821186,88.8166795740
1173.1268972721,88.7125171974
1173.8409124257,88.7786146888
1174.5549275792,88.8032719998
1175.2689427328,88.7211801444
1175.9829578863,88.6289030721
1176.6969730399,88.6122276611
1177.4109881934,88.6206192399
1178.1250033469,88.5353821812
1178.8390185005,88.4994412343
1179.5530336540,88.4561421991
1180.2670488076,88.3084929855
1180.9810639611,88.3121427301
1181.6950791147,88.2635675270
1182.4090942682,88.0393600982
1183.1231094218,88.0263777372
1183.8371245753,88.0037018333
1184.5511397288,87.8109181230
1185.2651548824,87.7748442741
1185.9791700359,87.7298091179
1186.6931851895,87.5870903377
1187.4072003430,87.5105062881
1188.1212154966,87.4039099444
1188.8352306501,87.3459472895
1189.5492458036,87.3262426037
1190.2632609572,87.1893834128
1190.9772761107,87.0897865180
1191.6912912643,87.0398803571
1192.4053064178,86.9619798591
1193.1193215714,86.9094406636
1193.8333367249,86.8408835061
1194.5473518784,86.7927182218
1195.2613670320,86.7416398171
1195.9753821855,86.6608312840
1196.6893973391,86.6807072609
1197.4034124926,86.6387779952
1198.1174276462,86.4768856321
1198.8314427997,86.4270089373
1199.5454579533,86.3899210140
1200.2594731068,86.3257330053
1200.9734882603,86.3108772661
1201.6875034139,86.2222639160
1202.4015185674,86.1620092461
1203.1155337210,86.1727284986
1203.8295488745,86.1249056859
1204.5435640281,86.1220144465
1205.2575791816,86.0973396136
1205.9715943351,85.9658047154
1206.6856094887,85.9202732563
1207.3996246422,85.9268425562
1208.1136397958,85.8968693575
1208.8276549493,85.9013566922
1209.5416701029,85.8936897339
1210.2556852564,85.8452635744
1210.9697004100,85.7901147154
1211.6837155635,85.7364003661
1212.3977307170,85.6722967569
1213.1117458706,85.6006484446
1213.8257610241,85.5951938689
1214.5397761777,85.5570420377
1215.2537913312,85.4330945523
1215.9678064848,85.4721327957
1216.6818216383,85.5423255116
1217.3958367918,85.3806262189
1218.1098519454,85.2555006353
1218.8238670989,85.2681089470
1219.5378822525,85.2527004529
1220.2518974060,85.2477322042
1220.9659125596,85.1927272251
1221.6799277131,85.0804275862
1222.3939428666,85.0691258367
1223.1079580202,85.0696952361
1223.8219731737,84.9994675222
1224.5359883273,84.9656696213
1225.2500034808,84.9855450623
1225.9640186344,85.0100110727
1226.6780337879,84.9867412348
1227.3920489415,84.9345993438
1228.1060640950,84.9720190820
1228.8200792485,85.0506451208
1229.5340944021,85.0386859202
1230.2481095556,85.0265680641
1230.9621247092,85.0873612961
1231.6761398627,85.0993895194
1232.3901550163,85.0655473298
1233.1041701698,85.1037934172
1233.8181853233,85.1800987850
1234.5322004769,85.2441916204
1235.2462156304,85.2819671204
1235.9602307840,85.2647919146
1236.6742459375,85.2896522354
1237.3882610911,85.3827290163
1238.1022762446,85.4385724377
1238.8162913982,85.4940075553
1239.5303065517,85.5482354631
1240.2443217052,85.5459213957
1240.9583368588,85.5800364702
1241.6723520123,85.6500210398
1242.3863671659,85.6931129093
1243.1003823194,85.7309087768
1243.8143974730,85.7497237185
1244.5284126265,85.7916446488
1245.2424277800,85.8942815612
1245.9564429336,86.0136019439
1246.6704580871,86.1388997343
1247.3844732407,86.2120340107
1248.0984883942,86.2719742450
1248.8125035478,86.4377065572
1249.5265187013,86.5908989424
1250.2405338549,86.6740052823
1250.9545490084,86.7805722674
1251.6685641619,86.8308710518
1252.3825793155,86.8052038260
1253.0965944690,86.8028425941
1253.8106096226,86.8083474909
1254.5246247761,86.8048551403
1255.2386399297,86.8123441161
1255.9526550832,86.7961070610
1256.6666702367,86.7360619877
1257.3806853903,86.7051464503
1258.0947005438,86.7422114243
1258.8087156974,86.7761235776
1259.5227308509,86.8045571160
1260.2367460045,86.8317810935
1260.9507611580,86.8211117121
1261.6647763115,86.8640522754
1262.3787914651,86.9261933090
1263.0928066186,86.9169035690
1263.8068217722,86.9306690578
1264.5208369257,86.9118127782
1265.2348520793,86.8372463737
1265.9488672328,86.8440103537
1266.6628823864,86.8512900073
1267.3768975399,86.8477845324
1268.0909126934,86.8565313239
1268.8049278470,86.7515685493
1269.5189430005,86.6860682356
1270.2329581541,86.7307231471
1270.9469733076,86.7032939863
1271.6609884612,86.6341293272
1272.3750036147,86.5258754591
1273.0890187682,86.4261044871
1273.8030339218,86.4564613861
1274.5170490753,86.4548462099
1275.2310642289,86.3847660864
1275.9450793824,86.3468605694
1276.6590945360,86.2638930966
1277.3731096895,86.2516787942
1278.0871248431,86.3123319744
1278.8011399966,86.2167433268
1279.5151551501,86.1135245421
1280.2291703037,86.1652230735
1280.9431854572,86.2147038014
1281.6572006108,86.1824964517
1282.3712157643,86.1291978757
1283.0852309179,86.1104532412
1283.7992460714,86.0864770967
1284.5132612249,86.0473606058
1285.2272763785,86.0442934109
1285.9412915320,86.0106705894
1286.6553066856,85.9872794085
1287.3693218391,86.0403617226
1288.0833369927,86.0482746483
1288.7973521462,86.0360905178
1289.5113672997,86.0092486677
1290.2253824533,85.9223007123
1290.9393976068,85.9465142599
1291.6534127604,85.9874359405
1292.3674279139,85.9250348434
1293.0814430675,85.9611419091
1293.7954582210,86.0063772376
1294.5094733746,85.9578744136
1295.2234885281,85.9590727106
1295.9375036816,85.9501647932
1296.6515188352,85.9296367013
1297.3655339887,85.9530881107
1298.0795491423,85.9614368860
1298.7935642958,85.9937644610
1299.5075794494,85.9949125461
1300.2215946029,85.9773783769
1300.9356097564,86.0437703804
1301.6496249100,86.0487482697
1302.3636400635,86.0352003715
1303.0776552171,86.0971234849
1303.7916703706,86.0725855882
1304.5056855242,86.0617602460
1305.2197006777,86.1291368513
1305.9337158313,86.1388372916
1306.6477309848,86.1392366974
1307.3617461383,86.1088150302
1308.0757612919,86.1261834497
1308.7897764454,86.2732069681
1309.5037915990,86.2693660615
1310.2178067525,86.2033155531
1310.9318219061,86.2564525190
1311.6458370596,86.2092964734
1312.3598522131,86.2204206445
1313.0738673667,86.4258599929
1313.7878825202,86.4467944133
1314.5018976738,86.3660114639
1315.2159128273,86.3944578642
1315.9299279809,86.4151350563
1316.6439431344,86.4669985964
1317.3579582879,86.5809120733
1318.0719734415,86.6171502805
1318.7859885950,86.6311140098
1319.5000037486,86.7089395520
1320.2140189021,86.7744231377
1320.9280340557,86.7953876684
1321.6420492092,86.8348246025
1322.3560643628,86.8756120759
1323.0700795163,86.9094552007
1323.7840946698,87.0022208119
1324.4981098234,87.0470778987
1325.2121249769,87.0178025813
1325.9261401305,87.0549061868
1326.6401552840,87.0859141143
1327.3541704376,87.1003122899
1328.0681855911,87.1461218292
1328.7822007446,87.1327579914
1329.4962158982,87.1640690719
1330.2102310517,87.2186198320
1330.9242462053,87.1756666248
1331.6382613588,87.2210572401
1332.3522765124,87.2654829510
1333.0662916659,87.1961596305
1333.7803068195,87.2414362986
1334.4943219730,87.2571048389
1335.2083371265,87.1632931874
1335.9223522801,87.1999728286
1336.6363674336,87.2523393919
1337.3503825872,87.2129229394
1338.0643977407,87.2143957905
1338.7784128943,87.2084376276
1339.4924280478,87.2106436197
1340.2064432013,87.2548438006
1340.9204583549,87.2652906880
1341.6344735084,87.2628899677
1342.3484886620,87.2921526568
1343.0625038155,87.3477742285
1343.7765189691,87.3952452320
1344.4905341226,87.4385625800
1345.2045492761,87.4365857277
1345.9185644297,87.3960213721
1346.6325795832,87.4637738205
1347.3465947368,87.5428489348
1348.0606098903,87.5036266101
1348.7746250439,87.5105711911
1349.4886401974,87.5236132000
1350.2026553510,87.5319507601
1350.9166705045,87.6203830563
1351.6306856580,87.5657905759
1352.3447008116,87.5118178486
1353.0587159651,87.6278551587
1353.7727311187,87.6060044864
1354.4867462722,87.6002977169
1355.2007614258,87.6785661491
1355.9147765793,87.5947992472
1356.6287917328,87.6587595846
1357.3428068864,87.7538311198
1358.0568220399,87.6392483652
1358.7708371935,87.7180513851
1359.4848523470,87.7589818855
1360.1988675006,87.5971531419
1360.9128826541,87.6399415418
1361.6268978077,87.6466795556
1362.3409129612,87.5149177218
1363.0549281147,87.5996070325
1363.7689432683,87.6292047535
1364.4829584218,87.5399377123
1365.1969735754,87.5707818213
1365.9109887289,87.6004362791
1366.6250038825,87.5537323279
1367.3390190360,87.4769173748
1368.0530341895,87.4703699407
1368.7670493431,87.6034030168
1369.4810644966,87.6911108620
1370.1950796502,87.7169232634
1370.9090948037,87.8147938657
1371.6231099573,87.9141343915
1372.3371251108,87.9620324903
1373.0511402643,88.0005190583
1373.7651554179,88.0148743832
1374.4791705714,88.0227064198
1375.1931857250,88.0325906793
1375.9072008785,88.1004629722
1376.6212160321,88.1627642802
1377.3352311856,88.1166147860
1378.0492463392,88.0659560432
1378.7632614927,88.1296475781
1379.4772766462,88.2345671519
1380.1912917998,88.2651230028
1380.9053069533,88.2195373245
1381.6193221069,88.2318414506
1382.3333372604,88.2396122184
1383.0473524140,88.1177778701
1383.7613675675,87.9260760392
1384.4753827210,87.7745169016
1385.1893978746,87.7703347760
1385.9034130281,87.7935299581
1386.6174281817,87.7117696867
1387.3314433352,87.8181014525
1388.0454584888,87.8945166969
1388.7594736423,87.6637272563
1389.4734887959,87.5787091467
1390.1875039494,87.6442923769
1390.9015191029,87.6318288856
1391.6155342565,87.6631335229
1392.3295494100,87.6939186649
1393.0435645636,87.6324893848
1393.7575797171,87.5706990705
1394.4715948707,87.5891065342
1395.1856100242,87.6165034023
1395.8996251777,87.4442699477
1396.6136403313,87.3234916306
1397.3276554848,87.3150752657
1398.0416706384,87.1004082653
1398.7556857919,86.9533967409
1399.4697009455,87.0849796102
1400.1837160990,86.9285476252
1400.8977312526,86.7981942111
1401.6117464061,86.7356766147
1402.3257615596,86.5764158452
1403.0397767132,86.5252237835
1403.7537918667,86.4438534448
1404.4678070203,86.3145050355
1405.1818221738,86.3939402028
1405.8958373274,86.2973652206
1406.6098524809,86.1746763999
1407.3238676344,86.2635308382
1408.0378827880,86.2192780183
1408.7518979415,86.1133961936
1409.4659130951,86.1544368219
1410.1799282486,86.1142383423
1410.8939434022,86.0535834225
1411.6079585557,86.0802036756
1412.3219737092,86.0930000099
1413.0359888628,86.0690630002
1413.7500040163,85.9846511101
1414.4640191699,85.9763511973
1415.1780343234,86.0229814694
1415.8920494770,85.9243675340
1416.6060646305,85.8688728506
1417.3200797841,85.8817690916
1418.0340949376,85.7257074859
1418.7481100911,85.6061486620
1419.4621252447,86.1091001175
1420.1761403982,86.0056811399
1420.8901555518,85.7849242933
1421.6041707053,85.7676756086
1422.3181858589,85.7732206949
1423.0322010124,85.6166884542
1423.7462161659,85.6397091802
1424.4602313195,85.7562914938
1425.1742464730,85.6462545416
1425.8882616266,85.6924152490
1426.6022767801,85.6938534344
1427.3162919337,85.4921761399
1428.0303070872,85.4581023644
1428.7443222408,85.3811963728
1429.4583373943,85.2252277459
1430.1723525478,85.3378115043
1430.8863677014,85.1698668208
1431.6003828549,84.9296663084
1432.3143980085,84.9115896852
1433.0284131620,84.7664023337
1433.7424283156,84.6315914933
1434.4564434691,84.6072818878
1435.1704586226,84.3523078893
1435.8844737762,84.0882869434
1436.5984889297,84.3763397973
1437.3125040833,84.5583397908
1438.0265192368,84.2449143727
1438.7405343904,84.0890804509
1439.4545495439,84.1083904075
1440.1685646974,84.0285441887
1440.8825798510,83.9514387436
1441.5965950045,83.9851168478
1442.3106101581,83.8622180629
1443.0246253116,83.8177873033
1443.7386404652,83.8883152513
1444.4526556187,83.7620469321
1445.1666707723,83.7729126249
1445.8806859258,83.8824905582
1446.5947010793,83.7734584616
1447.3087162329,83.7610089037
1448.0227313864,83.9406957464
1448.7367465400,83.9850865879
1449.4507616935,83.9491827114
1450.1647768471,83.8873860801
1450.8787920006,83.9220614410
1451.5928071541,83.9489723689
1452.3068223077,83.9724738455
1453.0208374612,84.0795427387
1453.7348526148,84.0314362715
1454.4488677683,84.1198264977
1455.1628829219,84.3181559380
1455.8768980754,84.0951649250
1456.5909132290,84.3298178479
1457.3049283825,85.0796303038
1458.0189435360,84.6660257956
1458.7329586896,84.8638413914
1459.4469738431,85.1134632471
1460.1609889967,85.0301454570
1460.8750041502,85.1934679231
1461.5890193038,85.2649882677
1462.3030344573,85.3647573456
1463.0170496108,85.5577571514
1463.7310647644,85.3315137669
1464.4450799179,85.2384429852
1465.1590950715,85.4445957785
1465.8731102250,85.0319846070
1466.5871253786,84.9144122079
1467.3011405321,85.0286391202
1468.0151556856,85.0260091620
1468.7291708392,85.0687235866
1469.4431859927,85.2347844836
1470.1572011463,85.4148785712
1470.8712162998,85.5297179919
1471.5852314534,85.7048004033
1472.2992466069,86.1545446352
1473.0132617605,86.3416365791
1473.7272769140,86.3492112085
1474.4412920675,86.0895135998
1475.1553072211,85.7733199597
1475.8693223746,85.5868430772
1476.5833375282,85.9712211472
1477.2973526817,85.6568998157
1478.0113678353,85.3580223554
1478.7253829888,85.4611951026
1479.4393981423,85.3507370502
1480.1534132959,85.1428694982
1480.8674284494,85.0685350188
1481.5814436030,84.8585124867
1482.2954587565,84.7816689671
1483.0094739101,84.6816148417
1483.7234890636,84.4053700561
1484.4375042172,84.2736550517
1485.1515193707,84.0428675265
1485.8655345242,83.7169992595
1486.5795496778,83.5689421500
1487.2935648313,83.3984542457
1488.0075799849,83.1750329514
1488.7215951384,82.8706502024
1489.4356102920,82.4891508355
1490.1496254455,82.5292693041
1490.8636405990,82.3446671856
1491.5776557526,81.9336051419
1492.2916709061,81.6397151170
1493.0056860597,81.2747878331
1493.7197012132,81.0813504580
1494.4337163668,80.8766438282
1495.1477315203,80.3311034373
1495.8617466738,80.1214012107
1496.5757618274,80.5824643930
1497.2897769809,79.9565023590
1498.0037921345,79.5829695603
1498.7178072880,79.6048852374
1499.4318224416,79.4200895242
1500.1458375951,79.0860860635
1500.8598527487,78.8174762749
1501.5738679022,78.6648783652
1502.2878830557,78.4261085979
1503.0018982093,78.1707659111
1503.7159133628,78.0378000005
1504.4299285164,77.6974378009
1505.1439436699,77.3377164820
1505.8579588235,77.6094531996
1506.5719739770,77.2525496186
1507.2859891305,77.2735880499
1508.0000042841,77.4885789299
1508.7140194376,77.0266124009
1509.4280345912,76.8655300086
1510.1420497447,76.8799634506
1510.8560648983,76.5660616147
1511.5700800518,76.4202787186
1512.2840952054,76.5794766652
1512.9981103589,76.5748698923
1513.7121255124,76.3472792960
1514.4261406660,76.1972131479
1515.1401558195,76.4499464716
1515.8541709731,76.3223991700
1516.5681861266,76.0143613248
1517.2822012802,76.9225922783
1517.9962164337,76.9393597155
1518.7102315872,76.6432355649
1519.4242467408,76.6062787065
1520.1382618943,76.3991470628
1520.8522770479,76.7792988836
1521.5662922014,77.2697348957
1522.2803073550,76.8982575040
1522.9943225085,77.2282231526
1523.7083376621,77.1482356427
1524.4223528156,76.6518785363
1525.1363679691,76.9193371757
1525.8503831227,77.4233978291
1526.5643982762,76.9097749105
1527.2784134298,76.7666389289
1527.9924285833,77.0286419204
1528.7064437369,77.1318550307
1529.4204588904,77.2386264837
1530.1344740439,77.1236069651
1530.8484891975,77.0563764195
1531.5625043510,77.2539186241
1532.2765195046,77.1806882149
1532.9905346581,77.0329755164
1533.7045498117,77.6859888919
1534.4185649652,77.8286761471
1535.1325801187,77.5961981065
1535.8465952723,77.6645432785
1536.5606104258,77.8621025354
1537.2746255794,77.7127442915
1537.9886407329,77.5222812198
1538.7026558865,77.7714960896
1539.4166710400,78.4501975490
1540.1306861936,78.8069191704
1540.8447013471,78.5770415375
1541.5587165006,78.2421185113
1542.2727316542,78.8140392190
1542.9867468077,79.1612219181
1543.7007619613,78.8016067521
1544.4147771148,78.7759616428
1545.1287922684,79.2817503183
1545.8428074219,79.6051907618
1546.5568225754,79.6617353668
1547.2708377290,79.6408082573
1547.9848528825,79.9116864929
1548.6988680361,80.1072954942
1549.4128831896,80.0400247220
1550.1268983432,80.8230024230
1550.8409134967,81.0546531055
1551.5549286503,80.8885993984
1552.2689438038,81.3232173494
1552.9829589573,81.4006301343
1553.6969741109,81.2127100912
1554.4109892644,82.4379738063
1555.1250044180,82.4115943344
1555.8390195715,82.2018434456
1556.5530347251,82.3886636232
1557.2670498786,82.1939809599
1557.9810650321,82.7480216818
1558.6950801857,83.6304481836
1559.4090953392,82.9635266535
1560.1231104928,85.0409677357
1560.8371256463,84.4593451883
1561.5511407999,83.8721189451
1562.2651559534,84.0553761470
1562.9791711069,84.2078002205
1563.6931862605,84.1014885652
1564.4072014140,84.3046514985
1565.1212165676,84.7112639005
1565.8352317211,84.8466717340
1566.5492468747,84.7901561170
1567.2632620282,84.9138635274
1567.9772771818,85.1324238505
1568.6912923353,84.8810411695
1569.4053074888,85.1048034900
1570.1193226424,86.0398390326
1570.8333377959,85.5928810517
1571.5473529495,85.5610519223
1572.2613681030,85.7909746121
1572.9753832566,85.6648929592
1573.6893984101,85.8325645807
1574.4034135636,85.8849543834
1575.1174287172,85.5835810765
1575.8314438707,85.9899278567
1576.5454590243,86.9250215500
1577.2594741778,86.2536055533
1577.9734893314,86.1383860747
1578.6875044849,86.2769346398
1579.4015196385,86.3222727296
1580.1155347920,86.2370146539
1580.8295499455,86.2005274040
1581.5435650991,86.2251346392
1582.2575802526,86.1952266961
1582.9715954062,86.2018950878
1583.6856105597,86.1129430523
1584.3996257133,85.9970187812
1585.1136408668,86.0420082999
1585.8276560203,85.9531948821
1586.5416711739,85.8482739787
1587.2556863274,85.8469623111
1587.9697014810,85.7031267953
1588.6837166345,85.6044130550
1589.3977317881,85.5286589659
1590.1117469416,85.3918208934
1590.8257620951,85.3074908914
1591.5397772487,85.1183248079
1592.2537924022,84.9947063764
1592.9678075558,84.8744677419
1593.6818227093,84.5951171275
1594.3958378629,84.5534446247
1595.1098530164,84.4040872476
1595.8238681700,84.0299677277
1596.5378833235,83.9672159866
1597.2518984770,83.8574146453
1597.9659136306,83.6410897326
1598.6799287841,83.5077546177
1599.3939439377,83.1910780791
1600.1079590912,83.0094164323
1600.8219742448,82.8894004680
1601.5359893983,82.5486440816
1602.2500045518,82.3320230857
1602.9640197054,82.0892635920
1603.6780348589,81.8329987343
1604.3920500125,81.6721028653
1605.1060651660,81.3669265543
1605.8200803196,81.1097146335
1606.5340954731,80.7989147000
1607.2481106267,80.4750901477
1607.9621257802,80.3709954255
1608.6761409337,79.9734272007
1609.3901560873,79.6392101195
1610.1041712408,79.5990056557
1610.8181863944,79.1363543413
1611.5322015479,78.8060112983
1612.2462167015,78.6785192147
1612.9602318550,78.2954194799
1613.6742470085,78.1284630134
1614.3882621621,78.0034912332
1615.1022773156,77.6266580148
1615.8162924692,77.2075352108
1616.5303076227,77.0468698392
1617.2443227763,77.7609776344
1617.9583379298,77.0842655801
1618.6723530833,76.5569637428
1619.3863682369,76.6961549530
1620.1003833904,76.3637106478
1620.8143985440,76.0257376307
1621.5284136975,76.2236841552
1622.2424288511,75.7003895391
1622.9564440046,75.3792839012
1623.6704591582,76.2149289838
1624.3844743117,75.6791683394
1625.0984894652,75.5752957858
1625.8125046188,75.7050969396
1626.5265197723,75.2802851090
1627.2405349259,75.3040206852
1627.9545500794,75.7461891835
1628.6685652330,75.6533518848
1629.3825803865,75.5313563387
1630.0965955400,75.3526905022
1630.8106106936,75.5151911069
1631.5246258471,75.6551409219
1632.2386410007,75.4569040679
1632.9526561542,75.5956828591
1633.6666713078,75.5221714291
1634.3806864613,75.0726405795
1635.0947016149,75.5313609372
1635.8087167684,76.9665764522
1636.5227319219,75.9980235274
1637.2367470755,75.8278525831
1637.9507622290,76.2428152166
1638.6647773826,76.1897147491
1639.3787925361,75.9474162328
1640.0928076897,76.1359350445
1640.8068228432,76.2687317625
1641.5208379967,76.1357124884
1642.2348531503,76.4368129190
1642.9488683038,76.6044556647
1643.6628834574,76.6463541841
1644.3768986109,76.7736366231
1645.0909137645,76.4532100819
1645.8049289180,76.7988271871
1646.5189440715,77.7696981798
1647.2329592251,77.1143550643
1647.9469743786,77.5451657340
1648.6609895322,78.2084827211
1649.3750046857,77.8038833069
1650.0890198393,78.1547725726
1650.8030349928,78.4062513963
1651.5170501464,77.8051257152
1652.2310652999,77.5793412713
1652.9450804534,81.4872960470
1653.6590956070,79.8227393197
1654.3731107605,80.2397089673
1655.0871259141,80.4220129088
1655.8011410676,80.2539624510
1656.5151562212,80.4106939036
1657.2291713747,80.7891636089
1657.9431865282,80.9837940528
1658.6572016818,81.1411430560
1659.3712168353,81.4692579073
1660.0852319889,81.7303037504
1660.7992471424,82.0569360095
1661.5132622960,82.2655817811
1662.2272774495,82.1369810707
1662.9412926031,82.9028277747
1663.6553077566,83.4078570477
1664.3693229101,83.1540624071
1665.0833380637,83.5024814639
1665.7973532172,83.8055491344
1666.5113683708,83.6960094416
1667.2253835243,84.2665686031
1667.9393986779,84.2492547292
1668.6534138314,83.6917556759
1669.3674289849,85.5851351499
1670.0814441385,85.3772424166
1670.7954592920,84.9082255279
1671.5094744456,85.6955491020
1672.2234895991,85.8442972139
1672.9375047527,85.8742395955
1673.6515199062,86.1904031006
1674.3655350598,85.8539738162
1675.0795502133,86.3993845632
1675.7935653668,87.9597944741
1676.5075805204,87.0549462514
1677.2215956739,87.0284458591
1677.9356108275,87.5800708682
1678.6496259810,87.6193452837
1679.3636411346,87.6699322567
1680.0776562881,88.0090897909
1680.7916714416,88.4662905860
1681.5056865952,88.6086784279
1682.2197017487,88.4753393840
1682.9337169023,88.6207935798
1683.6477320558,88.8885794312
1684.3617472094,89.1839727573
1685.0757623629,90.7467845249
1685.7897775164,90.4334051083
1686.5037926700,90.1445940516
1687.2178078235,90.2913227371
1687.9318229771,90.5585441210
1688.6458381306,90.8363537756
1689.3598532842,91.0977048835
1690.0738684377,91.3485206837
1690.7878835913,91.7731097461
1691.5018987448,91.9920316113
1692.2159138983,92.0864554471
1692.9299290519,92.4010495441
1693.6439442054,92.6738871720
1694.3579593590,92.6174504876
1695.0719745125,92.3519958062
1695.7859896661,94.2501805282
1696.5000048196,94.7022487962
1697.2140199731,93.9788102888
1697.9280351267,94.1690152582
1698.6420502802,94.4408464826
1699.3560654338,93.6950288211
1700.0700805873,92.2252926027
1700.7840957409,98.1513670086
1701.4981108944,95.5777555344
1702.2121260480,95.5558498729
1702.9261412015,95.7327147565
1703.6401563550,95.5168162855
1704.3541715086,96.2004817771
1705.0681866621,96.3807346118
1705.7822018157,95.9909548361
1706.4962169692,96.7004091442
1707.2102321228,97.0186914101
1707.9242472763,96.7821929518
1708.6382624298,96.9456853141
1709.3522775834,96.9528205793
1710.0662927369,96.9823237402
1710.7803078905,97.3099264813
1711.4943230440,97.2708159216
1712.2083381976,97.3003488401
1712.9223533511,97.4733270237
1713.6363685046,97.2484840039
1714.3503836582,97.1989774799
1715.0643988117,97.9353228274
1715.7784139653,97.7339453071
1716.4924291188,97.1385538011
1717.2064442724,97.1351498840
1717.9204594259,98.1668831358
1718.6344745795,97.9760214652
1719.3484897330,97.9057191932
1720.0625048865,97.8912005823
1720.7765200401,97.7387871394
1721.4905351936,97.8421752573
1722.2045503472,97.8165987238
1722.9185655007,97.6680043883
1723.6325806543,98.0132757944
1724.3465958078,98.0220834539
1725.0606109613,97.8024483998
1725.7746261149,98.0200197297
1726.4886412684,98.0053542894
1727.2026564220,97.8959272762
1727.9166715755,98.0904338103
1728.6306867291,97.9383441135
1729.3447018826,97.8254232574
1730.0587170362,98.1963959195
1730.7727321897,98.1616281042
1731.4867473432,98.0355908954
1732.2007624968,97.9097550229
1732.9147776503,97.6443280363
1733.6287928039,97.7929644008
1734.3428079574,98.6612939682
1735.0568231110,98.9522276408
1735.7708382645,98.5420271259
1736.4848534180,98.0866012801
1737.1988685716,98.1897140195
1737.9128837251,98.3318936145
1738.6268988787,97.8907180827
1739.3409140322,97.9628279295
1740.0549291858,98.8253484417
1740.7689443393,98.4764251604
1741.4829594928,98.2184024935
1742.1969746464,98.1819174390
1742.9109897999,98.2445802328
1743.6250049535,98.2792290176
1744.3390201070,98.1874865685
1745.0530352606,98.3089531573
1745.7670504141,98.3214070137
1746.4810655677,98.2279315114
1747.1950807212,98.3851671465
1747.9090958747,98.1637542231
1748.6231110283,98.1763831768
1749.3371261818,98.6803466083
1750.0511413354,98.1280091445
1750.7651564889,97.7523712842
1751.4791716425,99.1740611205
1752.1931867960,98.7258376450
1752.9072019495,98.3272874356
1753.6212171031,98.4761719987
1754.3352322566,98.4244241124
1755.0492474102,98.3629225720
1755.7632625637,98.2421150275
1756.4772777173,98.1470040080
1757.1912928708,98.6543410699
1757.9053080244,98.4916070419
1758.6193231779,98.2766109058
1759.3333383314,98.6366437084
1760.0473534850,98.4215821870
1760.7613686385,97.9523031107
1761.4753837921,98.1457813994
1762.1893989456,98.6264300030
1762.9034140992,98.4969201135
1763.6174292527,98.4313484898
1764.3314444062,98.4609895526
1765.0454595598,98.4050503610
1765.7594747133,98.3174488378
1766.4734898669,98.3512523862
1767.1875050204,98.1372293093
1767.9015201740,97.9944787729
1768.6155353275,98.7826013071
1769.3295504810,98.5197009960
1770.0435656346,98.0573763396
1770.7575807881,98.3468949445
1771.4715959417,98.2672551713
1772.1856110952,97.8993144681
1772.8996262488,98.9595067963
1773.6136414023,98.6956465533
1774.3276565559,98.2428282119
1775.0416717094,98.3759175343
1775.7556868629,98.5110886337
1776.4697020165,98.4711721827
1777.1837171700,98.3702160988
1777.8977323236,98.2257069775
1778.6117474771,98.3340058076
1779.3257626307,98.2424304026
1780.0397777842,98.1725090702
1780.7537929377,98.6039527002
1781.4678080913,98.4838846542
1782.1818232448,98.3431792893
1782.8958383984,98.4759397405
1783.6098535519,98.2025852817
1784.3238687055,98.1450320586
1785.0378838590,98.5766409925
1785.7518990126,98.4143543634
1786.4659141661,98.3137084248
1787.1799293196,98.3685528266
1787.8939444732,98.2584530434
1788.6079596267,98.3132572554
1789.3219747803,98.2338644077
1790.0359899338,98.0591242210
1790.7500050874,98.3180203707
1791.4640202409,98.2157103069
1792.1780353944,97.8821048057
1792.8920505480,98.6139214512
1793.6060657015,98.6337229421
1794.3200808551,98.1482184628
1795.0340960086,98.1490485509
1795.7481111622,98.3714788883
1796.4621263157,98.2363831810
1797.1761414693,98.2193269867
1797.8901566228,98.2109962241
1798.6041717763,98.1365548148
1799.3181869299,98.3125334723
1800.0322020834,98.3595200583
1800.7462172370,98.1571704112
1801.4602323905,98.1186472981
1802.1742475441,98.2187267577
1802.8882626976,98.2826160953
1803.6022778511,98.2744758931
1804.3162930047,98.2393869815
1805.0303081582,98.2497255006
1805.7443233118,98.2356009182
1806.4583384653,98.2134409468
1807.1723536189,98.2388569749
1807.8863687724,98.2633938008
1808.6003839259,98.2657748324
1809.3143990795,98.1370958954
1810.0284142330,98.0634772511
1810.7424293866,98.3233538284
1811.4564445401,98.2917067566
1812.1704596937,98.1280457475
1812.8844748472,98.2827146011
1813.5984900008,98.2585922588
1814.3125051543,98.1650626087
1815.0265203078,98.3336569164
1815.7405354614,98.2872734490
1816.4545506149,98.1971801036
1817.1685657685,98.2462537903
1817.8825809220,98.1096919429
1818.5965960756,98.1060525061
1819.3106112291,98.2052157156
1820.0246263826,98.1693674269
1820.7386415362,98.2052594855
1821.4526566897,98.1206431364
1822.1666718433,98.0249913601
1822.8806869968,98.1787390166
1823.5947021504,98.1382106110
1824.3087173039,98.0043670760
1825.0227324575,98.1481459453
1825.7367476110,98.3431063633
1826.4507627645,98.3033656864
1827.1647779181,98.1591551232
1827.8787930716,98.0420080602
1828.5928082252,98.0613400300
1829.3068233787,98.0879373613
1830.0208385323,98.3263009598
1830.7348536858,98.2783620279
1831.4488688393,98.0518515006
1832.1628839929,98.1188623528
1832.8768991464,98.1675983009
1833.5909143000,98.0712242142
1834.3049294535,98.1726292279
1835.0189446071,98.1578319352
1835.7329597606,98.1057789208
1836.4469749141,98.1446600859
1837.1609900677,98.0793384514
1837.8750052212,98.2376172311
1838.5890203748,98.3065477916
1839.3030355283,98.1507029573
1840.0170506819,98.2244617202
1840.7310658354,98.1422994599
1841.4450809890,98.0625854305
1842.1590961425,98.2409203184
1842.8731112960,97.8818496108
1843.5871264496,97.6477815070
1844.3011416031,98.6886547817
1845.0151567567,98.3246559749
1845.7291719102,97.8644755100
1846.4431870638,98.0274807012
1847.1572022173,98.1293846724
1847.8712173708,98.0882224592
1848.5852325244,98.0637263108
1849.2992476779,98.0186443843
1850.0132628315,98.1496224841
1850.7272779850,98.1592135623
1851.4412931386,98.0355407669
1852.1553082921,98.0437251751
1852.8693234457,98.0058430978
1853.5833385992,98.0497255564
1854.2973537527,98.1914233318
1855.0113689063,98.1342628368
1855.7253840598,98.0521751113
1856.4393992134,98.0880769939
1857.1534143669,98.0980903448
1857.8674295205,97.9945056325
1858.5814446740,97.9772373873
1859.2954598275,98.1806978245
1860.0094749811,98.1362696206
1860.7234901346,97.8365259368
1861.4375052882,97.8596519604
1862.1515204417,98.0893517679
1862.8655355953,98.1381073307
1863.5795507488,98.0370973361
1864.2935659023,97.9887847505
1865.0075810559,98.0736123174
1865.7215962094,98.0487161737
1866.4356113630,98.0596364299
1867.1496265165,98.1850374760
1867.8636416701,97.9215889983
1868.5776568236,97.7687935312
1869.2916719772,98.1582658483
1870.0056871307,98.1173378669
1870.7197022842,97.9532216961
1871.4337174378,98.0440360830
1872.1477325913,98.0426399092
1872.8617477449,98.0279605546
1873.5757628984,98.0555832358
1874.2897780520,98.0446008704
1875.0037932055,98.0614812823
1875.7178083590,97.8914901498
1876.4318235126,97.6881445611
1877.1458386661,97.8210091316
1877.8598538197,98.1244599868
1878.5738689732,98.1916297820
1879.2878841268,97.9706682736
1880.0018992803,97.9035374398
1880.7159144339,98.0763813973
1881.4299295874,98.0515342314
1882.1439447409,97.9539368817
1882.8579598945,97.9903413303
1883.5719750480,98.0118185665
1884.2859902016,98.0106951476
1885.0000053551,97.9331097114
1885.7140205087,97.9178265015
1886.4280356622,98.0258911833
1887.1420508157,98.0724788794
1887.8560659693,98.1017065752
1888.5700811228,97.9149911675
1889.2840962764,97.6269933452
1889.9981114299,97.9969905626
1890.7121265835,98.0910937801
1891.4261417370,97.8788322760
1892.1401568905,98.0661820480
1892.8541720441,98.1198348352
1893.5681871976,97.9486754736
1894.2822023512,97.9497596509
1894.9962175047,97.8972363845
1895.7102326583,98.0138679315
1896.4242478118,98.0350953006
1897.1382629654,97.8634068026
1897.8522781189,98.0848748674
1898.5662932724,98.1435533490
1899.2803084260,98.0446236282
1899.9943235795,98.3114689861
1900.7083387331,98.1801764749
1901.4223538866,97.9627033335
1902.1363690402,98.1238396349
1902.8503841937,97.9971843662
1903.5643993472,97.9558240168
1904.2784145008,98.0240366865
1904.9924296543,97.8316671666
1905.7064448079,97.8305490621
1906.4204599614,97.7109334761
1907.1344751150,97.6691062322
1907.8484902685,98.1237293846
1908.5625054221,98.0772953793
1909.2765205756,97.9324598111
1909.9905357291,98.1975572752
1910.7045508827,98.0965381978
1911.4185660362,98.0224722312
1912.1325811898,97.9890401653
1912.8465963433,97.8460835876
1913.5606114969,98.0450243838
1914.2746266504,97.9347994502
1914.9886418039,97.7967697776
1915.7026569575,98.2045272750
1916.4166721110,97.9590595825
1917.1306872646,97.5486631168
1917.8447024181,98.0247414861
1918.5587175717,98.1872092093
1919.2727327252,97.9554035765
1919.9867478788,98.0733852719
1920.7007630323,98.1389862825
1921.4147781858,98.0176322679
1922.1287933394,97.8818841702
1922.8428084929,98.0059432526
1923.5568236465,98.1738109974
1924.2708388000,97.9813758547
1924.9848539536,97.9613750369
1925.6988691071,98.0298526061
1926.4128842606,97.8770146863
1927.1268994142,98.0730607136
1927.8409145677,98.2710872234
1928.5549297213,98.0260404641
1929.2689448748,97.9747120870
1929.9829600284,98.0882583622
1930.6969751819,97.9703478630
1931.4109903354,97.7989349927
1932.1250054890,97.8288263644
1932.8390206425,98.0124159442
1933.5530357961,98.0245607481
1934.2670509496,97.9030498498
1934.9810661032,97.6661446704
1935.6950812567,97.4176396806
1936.4090964103,97.8455752573
1937.1231115638,98.2603621243
1937.8371267173,97.8404349180
1938.5511418709,97.7205670765
1939.2651570244,97.9053126958
1939.9791721780,97.5658165701
1940.6931873315,97.5891337758
1941.4072024851,97.9906863214
1942.1212176386,97.9691584403
1942.8352327921,97.9542571080
1943.5492479457,98.0807894712
1944.2632630992,97.9734283080
1944.9772782528,97.9204561181
1945.6912934063,98.0041078469
1946.4053085599,97.9461840167
1947.1193237134,97.8343907350
1947.8333388670,97.8962254096
1948.5473540205,98.0873124254
1949.2613691740,98.2229956020
1949.9753843276,98.2375420559
1950.6893994811,98.1424220757
1951.4034146347,97.9623864205
1952.1174297882,98.0406984832
1952.8314449418,98.4655643601
1953.5454600953,98.3612963587
1954.2594752488,97.6744540944
1954.9734904024,97.7710272486
1955.6875055559,98.3509595643
1956.4015207095,98.2031984179
1957.1155358630,98.1010812225
1957.8295510166,98.1023296286
1958.5435661701,97.6460376191
1959.2575813236,97.9169641640
1959.9715964772,98.5964740155
1960.6856116307,98.3841429554
1961.3996267843,98.0366489295
1962.1136419378,98.0830746334
1962.8276570914,98.3985053448
1963.5416722449,98.6520791169
1964.2556873985,98.3148589611
1964.9697025520,98.2636641879
1965.6837177055,98.6013057520
1966.3977328591,98.3093785677
1967.1117480126,98.0063389178
1967.8257631662,98.1672322907
1968.5397783197,98.3477112858
1969.2537934733,98.1754820699
1969.9678086268,97.5408985796
1970.6818237803,97.6465126524
1971.3958389339,98.1952434514
1972.1098540874,98.0121715528
1972.8238692410,98.2262207403
1973.5378843945,98.4553974066
1974.2518995481,97.8136160810
1974.9659147016,97.7617088403
1975.6799298552,98.0979204017
1976.3939450087,98.1909413135
1977.1079601622,98.1507322982
1977.8219753158,97.4225962321
1978.5359904693,97.0428457049
1979.2500056229,97.1863115346
1979.9640207764,97.2663357279
1980.6780359300,98.0038733848
1981.3920510835,98.0312783125
1982.1060662370,97.2652066809
1982.8200813906,97.7596020096
1983.5340965441,97.9846961939
1984.2481116977,97.3604679600
1984.9621268512,97.7917135765
1985.6761420048,97.9833527506
1986.3901571583,97.3814033485
1987.1041723118,97.6760780225
1987.8181874654,98.0454543848
1988.5322026189,97.7133103281
1989.2462177725,97.8157875855
1989.9602329260,98.1414430039
1990.6742480796,98.0082686846
1991.3882632331,97.9351053128
1992.1022783867,98.0562884965
1992.8162935402,97.9116094321
1993.5303086937,98.0998043503
1994.2443238473,98.6178072098
1994.9583390008,98.4649861691
1995.6723541544,98.0070585276
1996.3863693079,97.9623788641
1997.1003844615,98.1274061232
1997.8143996150,98.1037053656
1998.5284147685,97.6886979158
1999.2424299221,97.6856024269
1999.9564450756,98.2236925205
2000.6704602292,98.1740352912
2001.3844753827,98.1367810723
2002.0984905363,98.4298566196
2002.8125056898,97.9564864015
2003.5265208434,97.5760926191
2004.2405359969,97.8744583276
2004.9545511504,97.9587503310
2005.6685663040,97.6173207261
2006.3825814575,97.2149379525
2007.0965966111,97.6514418884
2007.8106117646,98.0113874511
2008.5246269182,97.2731310498
2009.2386420717,97.6037211774
2009.9526572252,98.4886855515
2010.6666723788,98.2152011088
2011.3806875323,98.6064989707
2012.0947026859,98.8816441235
2012.8087178394,98.2209722572
2013.5227329930,98.5102380674
2014.2367481465,98.3189927605
2014.9507633000,97.4725896476
2015.6647784536,97.7015388911
2016.3787936071,97.5297087875
2017.0928087607,97.3142099226
2017.8068239142,98.1537245262
2018.5208390678,98.2286321278
2019.2348542213,97.8140754177
2019.9488693749,98.0228281266
2020.6628845284,98.3346428201
2021.3768996819,98.1870183459
2022.0909148355,97.8156247103
2022.8049299890,98.1120441844
2023.5189451426,98.0898194004
2024.2329602961,97.3425586859
2024.9469754497,97.5764756501
2025.6609906032,97.8714923021
2026.3750057567,97.9587156702
2027.0890209103,98.9850512344
2027.8030360638,98.9074236495
2028.5170512174,98.1116674160
2029.2310663709,98.4423608803
2029.9450815245,98.3308381158
2030.6590966780,97.8287781886
2031.3731118316,97.7235642058
2032.0871269851,97.7708753242
2032.8011421386,98.3379169046
2033.5151572922,98.2285550023
2034.2291724457,97.5184594790
2034.9431875993,97.7382569325
2035.6572027528,97.8175219335
2036.3712179064,97.5727370681
2037.0852330599,97.8536509515
2037.7992482134,98.1924522235
2038.5132633670,98.3715346530
2039.2272785205,97.8339867847
2039.9412936741,97.1080634212
2040.6553088276,97.3449462347
2041.3693239812,97.7031556628
2042.0833391347,97.5729684327
2042.7973542883,97.3377303950
2043.5113694418,97.3476481127
2044.2253845953,97.9305591104
2044.9393997489,97.9327500186
2045.6534149024,97.4832869803
2046.3674300560,97.8925470571
2047.0814452095,97.8540152286
2047.7954603631,97.3442882326
2048.5094755166,97.8238594183
2049.2234906701,98.0199486650
2049.9375058237,97.2203871904
2050.6515209772,96.7952850417
2051.3655361308,97.1641541463
2052.0795512843,97.5423007940
2052.7935664379,97.4792382778
2053.5075815914,97.5556855353
2054.2215967449,97.7871390459
2054.9356118985,97.8416391837
2055.6496270520,98.1184731678
2056.3636422056,97.8080440001
2057.0776573591,97.0857439517
2057.7916725127,97.4312443921
2058.5056876662,97.7038748229
2059.2197028198,97.2766507621
2059.9337179733,97.4831867924
2060.6477331268,97.7671481934
2061.3617482804,97.4912724595
2062.0757634339,97.1353848581
2062.7897785875,96.9639569589
2063.5037937410,97.3364339215
2064.2178088946,97.6338579143
2064.9318240481,97.3934231682
2065.6458392016,97.3941139615
2066.3598543552,97.5697960879
2067.0738695087,97.6404859340
2067.7878846623,97.5730021668
2068.5018998158,97.3380954497
2069.2159149694,97.4502085341
2069.9299301229,97.6813667699
2070.6439452765,97.7074856826
2071.3579604300,97.6795024743
2072.0719755835,97.3559054551
2072.7859907371,97.3697387012
2073.5000058906,97.7037525939
2074.2140210442,97.4807258981
2074.9280361977,97.4802480622
2075.6420513513,97.5926839156
2076.3560665048,97.1914048525
2077.0700816583,97.2532825357
2077.7840968119,97.4210324272
2078.4981119654,97.3307843694
2079.2121271190,97.7196075911
2079.9261422725,97.7269178105
2080.6401574261,97.2064637996
2081.3541725796,97.1418821419
2082.0681877331,97.2882284865
2082.7822028867,97.3231064265
2083.4962180402,97.2474117923
2084.2102331938,97.2953894917
2084.9242483473,97.5279516397
2085.6382635009,97.4352449522
2086.3522786544,97.4562757325
2087.0662938080,97.5061990671
2087.7803089615,97.0879112780
2088.4943241150,97.3232417107
2089.2083392686,97.6558697584
2089.9223544221,97.1483502440
2090.6363695757,97.4058718219
2091.3503847292,97.9100746521
2092.0643998828,97.4546137428
2092.7784150363,97.4032528415
2093.4924301898,97.6954853506
2094.2064453434,97.5082193326
2094.9204604969,97.4285350536
2095.6344756505,97.3922465913
2096.3484908040,97.1920370660
2097.0625059576,97.1826851073
2097.7765211111,97.3766404134
2098.4905362647,97.4271286563
2099.2045514182,97.2719834290
2099.9185665717,97.4409117192
2100.6325817253,97.6290671162
2101.3465968788,97.4355093318
2102.0606120324,97.4550315770
2102.7746271859,97.3507213143
2103.4886423395,97.0713585490
2104.2026574930,97.2109653914
2104.9166726465,97.1167591252
2105.6306878001,97.0289228397
2106.3447029536,97.4323523499
2107.0587181072,97.4858088601
2107.7727332607,97.4232640975
2108.4867484143,97.3243774259
2109.2007635678,97.0391952566
2109.9147787213,97.3583908396
2110.6287938749,97.5215110129
2111.3428090284,97.1603249310
2112.0568241820,97.2959357308
2112.7708393355,97.3952608100
2113.4848544891,97.3416467545
2114.1988696426,97.4551753765
2114.9128847962,97.2222677511
2115.6268999497,97.2013217720
2116.3409151032,97.3955340399
2117.0549302568,97.3619867837
2117.7689454103,97.5622943778
2118.4829605639,97.4180855022
2119.1969757174,97.1623089460
2119.9109908710,97.5684597624
2120.6250060245,97.5467687012
2121.3390211780,97.2501883574
2122.0530363316,97.3892935663
2122.7670514851,97.4270335636
2123.4810666387,97.6894698358
2124.1950817922,97.8782931312
2124.9090969458,97.6013456431
2125.6231120993,97.6865258777
2126.3371272529,97.6720917800
2127.0511424064,97.5205213371
2127.7651575599,97.8008278631
2128.4791727135,97.6543215357
2129.1931878670,97.5066968045
2129.9072030206,97.8554789497
2130.6212181741,97.7262547602
2131.3352333277,97.5581310631
2132.0492484812,97.6288048755
2132.7632636347,97.5763777382
2133.4772787883,97.9570897849
2134.1912939418,98.0474720998
2134.9053090954,97.4098437466
2135.6193242489,97.3132528639
2136.3333394025,97.6211633480
2137.0473545560,97.5828224058
2137.7613697095,97.6159172044
2138.4753848631,97.7549553906
2139.1894000166,97.8024648168
2139.9034151702,98.0314001472
2140.6174303237,98.0805321183
2141.3314454773,97.6883644611
2142.0454606308,97.9672614762
2142.7594757844,98.3530118091
2143.4734909379,97.5428660291
2144.1875060914,97.3280088450
2144.9015212450,97.9186167305
2145.6155363985,97.7660208439
2146.3295515521,98.0235132514
2147.0435667056,98.3100845335
2147.7575818592,97.7552673347
2148.4715970127,97.9018180636
2149.1856121662,98.0325964660
2149.8996273198,98.0566785544
2150.6136424733,98.6460790629
2151.3276576269,97.9477291473
2152.0416727804,97.4786546095
2152.7556879340,98.2610937894
2153.4697030875,97.9801703101
2154.1837182411,97.9441069718
2154.8977333946,98.4093316987
2155.6117485481,97.9796304885
2156.3257637017,98.1638308423
2157.0397788552,97.9153414229
2157.7537940088,97.5642482055
2158.4678091623,98.6921408163
2159.1818243159,97.9126165819
2159.8958394694,96.9223012790
2160.6098546229,97.8517628602
2161.3238697765,97.4631531110
2162.0378849300,96.9980958608
2162.7519000836,97.5492660430
2163.4659152371,97.1545465377
2164.1799303907,97.0594765516
2164.8939455442,97.6281433190
2165.6079606978,97.4674547929
2166.3219758513,97.2424933344
2167.0359910048,97.4000951501
2167.7500061584,97.5082820714
2168.4640213119,97.4526089817
2169.1780364655,97.5622996188
2169.8920516190,97.7794880434
2170.6060667726,97.6496310954
2171.3200819261,97.6664074844
2172.0340970796,97.7029253368
2172.7481122332,97.6130585245
2173.4621273867,97.8398591401
2174.1761425403,97.3272824067
2174.8901576938,96.9300606173
2175.6041728474,97.7587496948
2176.3181880009,97.8192046251
2177.0322031544,97.5408606369
2177.7462183080,97.6643835659
2178.4602334615,97.1427008223
2179.1742486151,97.4741594382
2179.8882637686,97.9454974471
2180.6022789222,97.0259510822
2181.3162940757,97.0350655925
2182.0303092293,97.4605991270
2182.7443243828,97.3129230565
2183.4583395363,97.8912953126
2184.1723546899,97.7005527928
2184.8863698434,96.9742856247
2185.6003849970,96.9994034566
2186.3144001505,96.8354844780
2187.0284153041,97.0504536028
2187.7424304576,97.4965880485
2188.4564456111,97.2277976247
2189.1704607647,97.4012079300
2189.8844759182,97.3636760150
2190.5984910718,97.0902437982
2191.3125062253,97.7379449527
2192.0265213789,97.6532111165
2192.7405365324,97.0739169990
2193.4545516860,97.3913098393
2194.1685668395,97.3566507450
2194.8825819930,97.0612263472
2195.5965971466,97.4585678050
2196.3106123001,97.8266073308
2197.0246274537,97.7437009861
2197.7386426072,97.2997434939
2198.4526577608,97.0978450916
2199.1666729143,97.4170901628
2199.8806880678,97.5465487565
2200.5947032214,97.2400659961
2201.3087183749,97.0432338369
2202.0227335285,97.2854592832
2202.7367486820,97.3757576637
2203.4507638356,97.2065974034
2204.1647789891,97.3915917279
2204.8787941426,97.2698649943
2205.5928092962,96.9220398909
2206.3068244497,97.0756155923
2207.0208396033,97.1134352154
2207.7348547568,97.5646352960
2208.4488699104,98.2076526222
2209.1628850639,97.3979792722
2209.8769002175,97.0180996272
2210.5909153710,97.4538317876
2211.3049305245,97.0303429698
2212.0189456781,96.9483422428
2212.7329608316,97.1541642292
2213.4469759852,97.0027162939
2214.1609911387,97.4112897347
2214.8750062923,97.3365307190
2215.5890214458,97.1188077010
2216.3030365993,97.5044549373
2217.0170517529,97.0458008106
2217.7310669064,96.8800933276
2218.4450820600,97.3413694016
2219.1590972135,96.9752933853
2219.8731123671,97.0648545921
2220.5871275206,97.2697337730
2221.3011426742,96.8316895382
2222.0151578277,97.2069411622
2222.7291729812,97.4195981102
2223.4431881348,97.0718501757
2224.1572032883,97.2021519200
2224.8712184419,96.9514582808
2225.5852335954,96.7712961856
2226.2992487490,97.2791849629
2227.0132639025,97.4057686598
2227.7272790560,97.2808361725
2228.4412942096,97.0972988905
2229.1553093631,96.9898108059
2229.8693245167,97.1627787574
2230.5833396702,97.2363594962
2231.2973548238,97.3901698956
2232.0113699773,97.2255248467
2232.7253851308,96.8945595311
2233.4394002844,97.2915028092
2234.1534154379,97.2547349030
2234.8674305915,96.9580184311
2235.5814457450,97.4763344690
2236.2954608986,97.2914663412
2237.0094760521,96.8307883957
2237.7234912057,97.1772074062
2238.4375063592,97.1933070772
2239.1515215127,97.1506667194
2239.8655366663,97.2011442510
2240.5795518198,96.8986878368
2241.2935669734,97.0022021976
2242.0075821269,97.1725155750
2242.7215972805,97.1300089517
2243.4356124340,97.2297101024
2244.1496275875,96.9257235860
2244.8636427411,96.7829351861
2245.5776578946,97.2333673284
2246.2916730482,97.4125473062
2247.0056882017,97.2691983360
2247.7197033553,97.0386517645
2248.4337185088,97.1366151489
2249.1477336624,97.2698691737
2249.8617488159,97.0057441597
2250.5757639694,97.2458334196
2251.2897791230,97.3511136407
2252.0037942765,96.8498111888
2252.7178094301,97.1229037505
2253.4318245836,97.2801465324
2254.1458397372,96.9339650893
2254.8598548907,97.2053687922
2255.5738700442,97.0629275417
2256.2878851978,96.9033077902
2257.0019003513,97.3900664640
2257.7159155049,97.1571762347
2258.4299306584,96.9640083128
2259.1439458120,97.1275552472
2259.8579609655,96.9459110088
2260.5719761190,97.3055294169
2261.2859912726,97.3569540726
2262.0000064261,96.7424907819
2262.7140215797,96.9413672609
2263.4280367332,97.1598879669
2264.1420518868,96.9712920701
2264.8560670403,97.1375122874
2265.5700821939,97.0786446011
2266.2840973474,96.9485102320
2266.9981125009,97.0028528156
2267.7121276545,96.9582991600
2268.4261428080,97.0407599099
2269.1401579616,96.9307447627
2269.8541731151,96.8574526167
2270.5681882687,97.1723109581
2271.2822034222,97.1067553102
2271.9962185757,96.9103322115
2272.7102337293,96.9556538993
2273.4242488828,96.9633010670
2274.1382640364,97.1362677464
2274.8522791899,97.1910899579
2275.5662943435,97.0199764122
2276.2803094970,96.9212522440
2276.9943246506,96.8955644349
2277.7083398041,97.1236081740
2278.4223549576,97.1760011156
2279.1363701112,96.8722869590
2279.8503852647,96.9654410426
2280.5644004183,97.0574403752
2281.2784155718,96.9716553926
2281.9924307254,97.2437766877
2282.7064458789,97.1821582579
2283.4204610324,96.7935995821
2284.1344761860,96.7637506486
2284.8484913395,96.8830360749
2285.5625064931,96.8576872629
2286.2765216466,96.7481952355
2286.9905368002,96.8507082815
2287.7045519537,96.9949575357
2288.4185671072,96.7550829944
2289.1325822608,96.8075344169
2289.8465974143,97.0593591726
2290.5606125679,96.8699162682
2291.2746277214,97.0132333984
2291.9886428750,97.1825841454
2292.7026580285,96.8348665312
2293.4166731821,96.8120048223
2294.1306883356,96.9438055117
2294.8447034891,96.9219817694
2295.5587186427,97.0745240561
2296.2727337962,96.9589547431
2296.9867489498,96.7875581053
2297.7007641033,96.9109932663
2298.4147792569,97.0302095332
2299.1287944104,97.0678702723
2299.8428095639,96.9790415488
2300.5568247175,97.0472646857
2301.2708398710,97.1309035759
2301.9848550246,96.9868225064
2302.6988701781,97.2162512647
2303.4128853317,97.0376513929
2304.1269004852,96.5539901684
2304.8409156388,97.0068096304
2305.5549307923,97.0726030830
2306.2689459458,96.6570739789
2306.9829610994,97.1314535930
2307.6969762529,96.9372163190
2308.4109914065,96.6345233444
2309.1250065600,97.2582213079
2309.8390217136,96.8596368179
2310.5530368671,96.7233866825
2311.2670520206,97.3599375226
2311.9810671742,96.8116277913
2312.6950823277,96.8687147729
2313.4090974813,97.2447864089
2314.1231126348,96.6536880841
2314.8371277884,96.9504799561
2315.5511429419,97.1491340049
2316.2651580955,96.7589691915
2316.9791732490,97.3075675386
2317.6931884025,96.9470488916
2318.4072035561,96.5386563314
2319.1212187096,97.1888734856
2319.8352338632,96.7307000860
2320.5492490167,96.5016824604
2321.2632641703,97.2022646238
2321.9772793238,96.7952560550
2322.6912944773,96.7961632136
2323.4053096309,96.9966654883
2324.1193247844,96.4766104657
2324.8333399380,96.8396934948
2325.5473550915,97.1803401902
2326.2613702451,96.8172788624
2326.9753853986,97.1212683554
2327.6894005521,97.1515484355
2328.4034157057,96.9192040659
2329.1174308592,97.1123850715
2329.8314460128,97.0308750374
2330.5454611663,97.1253970185
2331.2594763199,97.2360433391
2331.9734914734,97.0310728915
2332.6875066270,97.2666317415
2333.4015217805,97.2102140874
2334.1155369340,96.9216064513
2334.8295520876,97.0824305953
2335.5435672411,97.1023725805
2336.2575823947,97.1768683229
2336.9715975482,97.2826869630
2337.6856127018,96.9788496774
2338.3996278553,97.0427033661
2339.1136430088,97.2011310048
2339.8276581624,97.0697335138
2340.5416733159,97.2410234990
2341.2556884695,97.2337134372
2341.9697036230,97.1018661121
2342.6837187766,97.2140110002
2343.3977339301,97.1146678026
2344.1117490837,97.0402788926
2344.8257642372,97.0992989334
2345.5397793907,97.1022314347
2346.2537945443,97.2911380189
2346.9678096978,97.2915851025
2347.6818248514,97.0822809721
2348.3958400049,97.0572285112
2349.1098551585,97.0633706946
2349.8238703120,97.0216781963
2350.5378854655,97.0287159150
2351.2519006191,97.0298466443
2351.9659157726,97.0183386176
2352.6799309262,96.9825629469
2353.3939460797,96.9669469863
2354.1079612333,96.8700220426
2354.8219763868,96.7761324008
2355.5359915403,97.0350750343
2356.2500066939,97.1688841441
2356.9640218474,96.9185448964
2357.6780370010,96.9845717210
2358.3920521545,96.9762068605
2359.1060673081,96.7674382010
2359.8200824616,96.9637743564
2360.5340976152,97.0723953479
2361.2481127687,96.9439023934
2361.9621279222,96.8815973465
2362.6761430758,96.7800984515
2363.3901582293,96.9442048667
2364.1041733829,97.1287477266
2364.8181885364,96.8939954280
2365.5322036900,96.9185408889
2366.2462188435,97.1154208171
2366.9602339970,97.0068834886
2367.6742491506,96.9414911767
2368.3882643041,97.0060828722
2369.1022794577,97.0788003813
2369.8162946112,97.0744487681
2370.5303097648,96.8766410571
2371.2443249183,96.7950693125
2371.9583400719,97.0039965222
2372.6723552254,97.1377542147
2373.3863703789,97.0857565261
2374.1003855325,97.0968728286
2374.8144006860,97.2353172230
2375.5284158396,97.1868109398
2376.2424309931,97.0107843374
2376.9564461467,97.0326224921
2377.6704613002,97.0939657004
2378.3844764537,97.0910902005
2379.0984916073,97.1104178626
2379.8125067608,97.0422718207
2380.5265219144,96.9858418858
2381.2405370679,97.0168524053
2381.9545522215,96.9995747043
2382.6685673750,97.0163867617
2383.3825825285,97.1153493264
2384.0965976821,97.1418677035
2384.8106128356,97.1280911200
2385.5246279892,97.1440865701
2386.2386431427,97.1214176949
2386.9526582963,97.0417372114
2387.6666734498,97.0160719899
2388.3806886034,97.0580798896
2389.0947037569,97.0746961534
2389.8087189104,97.1052434700
2390.5227340640,97.1344616682
2391.2367492175,97.0742390109
2391.9507643711,97.1164821246
2392.6647795246,97.0522684745
2393.3787946782,97.0467008971
2394.0928098317,97.0313642598
2394.8068249852,97.0765622479
2395.5208401388,97.0454527629
2396.2348552923,97.0599704637
2396.9488704459,97.0416100876
2397.6628855994,97.0668047966
2398.3769007530,97.0397627169
2399.0909159065,97.1539063447
2399.8049310601,97.0491077445
2400.5189462136,97.0673698214
2401.2329613671,97.0593016547
2401.9469765207,97.1281186208
2402.6609916742,97.1440875755
2403.3750068278,96.9816685885
2404.0890219813,96.9603734794
2404.8030371349,97.0096848199
2405.5170522884,96.9800702729
2406.2310674419,97.0033515897
2406.9450825955,96.9420574593
2407.6590977490,96.8513608744
2408.3731129026,96.9416559362
2409.0871280561,97.0115945314
2409.8011432097,96.9811854408
2410.5151583632,97.0046930184
2411.2291735167,97.0604083101
2411.9431886703,97.0556368056
2412.6572038238,96.9865071929
2413.3712189774,96.9891787089
2414.0852341309,97.0583198652
2414.7992492845,97.0295541213
2415.5132644380,96.9863470117
2416.2272795916,97.0301966822
2416.9412947451,97.0523025818
2417.6553098986,97.0107423414
2418.3693250522,96.9792342661
2419.0833402057,96.9940842291
2419.7973553593,96.9702415172
2420.5113705128,96.9708413277
2421.2253856664,97.1290149785
2421.9394008199,97.1826332074
2422.6534159734,97.0592581419
2423.3674311270,97.0871164240
2424.0814462805,97.1195103247
2424.7954614341,97.0536270332
2425.5094765876,97.1208274272
2426.2234917412,97.0911659423
2426.9375068947,96.9069186763
2427.6515220483,96.8957762558
2428.3655372018,96.9616437683
2429.0795523553,96.9987599821
2429.7935675089,97.0516044055
2430.5075826624,96.9864873670
2431.2215978160,96.9803914781
2431.9356129695,97.0841086141
2432.6496281231,96.9354978187
2433.3636432766,96.7393534667
2434.0776584301,96.8452748876
2434.7916735837,96.9591183471
2435.5056887372,96.9818423154
2436.2197038908,97.0398186665
2436.9337190443,96.9864779254
2437.6477341979,96.8757454052
2438.3617493514,96.9128149266
2439.0757645050,97.0002930858
2439.7897796585,97.0430031038
2440.5037948120,96.9931354096
2441.2178099656,96.8354023563
2441.9318251191,96.8351822061
2442.6458402727,96.9435146911
2443.3598554262,96.8436727880
2444.0738705798,96.8284674282
2444.7878857333,97.0817503997
2445.5019008868,97.1277530566
2446.2159160404,96.9701165590
2446.9299311939,96.8954349802
2447.6439463475,96.8378527942
2448.3579615010,96.8753612599
2449.0719766546,96.9225082583
2449.7859918081,96.7992316300
2450.5000069616,96.8589836091
2451.2140221152,96.9842995381
2451.9280372687,96.7763872570
2452.6420524223,96.7094176156
2453.3560675758,96.9063217615
2454.0700827294,96.9146821180
2454.7840978829,96.8794329675
2455.4981130365,96.8719405319
2456.2121281900,96.8444524936
2456.9261433435,96.9788062372
2457.6401584971,97.0148402547
2458.3541736506,96.9060025963
2459.0681888042,96.9232156096
2459.7822039577,96.8735071665
2460.4962191113,96.8544008607
2461.2102342648,96.9779514547
2461.9242494183,96.8409507744
2462.6382645719,96.6763241245
2463.3522797254,96.7843458751
2464.0662948790,96.8453561551
2464.7803100325,96.9139890539
2465.4943251861,96.9576324541
2466.2083403396,96.7887848502
2466.9223554932,96.7913157022
2467.6363706467,96.9191308744
2468.3503858002,96.8085679040
2469.0644009538,96.7761520655
2469.7784161073,96.9457873826
2470.4924312609,96.9524259568
2471.2064464144,96.8024353413
2471.9204615680,96.7836641664
2472.6344767215,96.9099804639
2473.3484918750,96.9438649076
2474.0625070286,96.9032673811
2474.7765221821,96.9117922034
2475.4905373357,96.8582795747
2476.2045524892,96.8340931350
2476.9185676428,96.8951808565
2477.6325827963,96.7966566781
2478.3465979498,96.7133590788
2479.0606131034,96.8556806955
2479.7746282569,96.9558233165
2480.4886434105,96.8951701053
2481.2026585640,96.7854950215
2481.9166737176,96.7639213827
2482.6306888711,96.8470991333
2483.3447040247,96.7829017842
2484.0587191782,96.6986142436
2484.7727343317,96.8139828166
2485.4867494853,96.8109141509
2486.2007646388,96.7459302228
2486.9147797924,96.8665777162
2487.6287949459,96.8294958377
2488.3428100995,96.6920427546
2489.0568252530,96.8166765906
2489.7708404065,96.9403385213
2490.4848555601,96.9166642538
2491.1988707136,96.8900087216
2491.9128858672,96.7544055581
2492.6269010207,96.6549455510
2493.3409161743,96.7602777648
2494.0549313278,96.7763152249
2494.7689464814,96.7179380854
2495.4829616349,96.8118686386
2496.1969767884,96.8220214182
2496.9109919420,96.7297312723
2497.6250070955,96.7736300556
2498.3390222491,96.7994018813
2499.0530374026,96.8216887581
2499.7670525562,96.9352017151
2500.4810677097,96.8271103794
2501.1950828632,96.6646103246
2501.9090980168,96.7937809221
2502.6231131703,96.8025272606
2503.3371283239,96.6633980309
2504.0511434774,96.7922242771
2504.7651586310,96.9044469971
2505.4791737845,96.8272932591
2506.1931889380,96.8048997847
2506.9072040916,96.7529004742
2507.6212192451,96.7603289572
2508.3352343987,96.8750782230
2509.0492495522,96.7715569575
2509.7632647058,96.6841101448
2510.4772798593,96.8092691101
2511.1912950129,96.7807277351
2511.9053101664,96.7773926051
2512.6193253199,96.9188909032
2513.3333404735,96.7992694007
2514.0473556270,96.6858475538
2514.7613707806,96.8068106795
2515.4753859341,96.8060440942
2516.1894010877,96.7885581202
2516.9034162412,96.8092173166
2517.6174313947,96.7168688138
2518.3314465483,96.7522837525
2519.0454617018,96.7995926945
2519.7594768554,96.7159362810
2520.4734920089,96.7949272816
2521.1875071625,96.8708239599
2521.9015223160,96.8412615080
2522.6155374696,96.8527679837
2523.3295526231,96.6861191926
2524.0435677766,96.5707647605
2524.7575829302,96.7361499109
2525.4715980837,96.7507657779
2526.1856132373,96.7259741671
2526.8996283908,96.7896190786
2527.6136435444,96.6596120033
2528.3276586979,96.6618945363
2529.0416738514,96.8109360326
2529.7556890050,96.7244247368
2530.4697041585,96.7142952220
2531.1837193121,96.7638505669
2531.8977344656,96.6031359973
2532.6117496192,96.6342414352
2533.3257647727,96.8043058924
2534.0397799262,96.7333771175
2534.7537950798,96.7035899261
2535.4678102333,96.8179427852
2536.1818253869,96.8329384538
2536.8958405404,96.8376386005
2537.6098556940,96.8620055899
2538.3238708475,96.7775447026
2539.0378860011,96.6736546525
2539.7519011546,96.6391798279
2540.4659163081,96.6848520234
2541.1799314617,96.7669187043
2541.8939466152,96.7054838789
2542.6079617688,96.6025843872
2543.3219769223,96.6599437487
2544.0359920759,96.6191393393
2544.7500072294,96.5199731923
2545.4640223829,96.6855777837
2546.1780375365,96.7424847547
2546.8920526900,96.5681222894
2547.6060678436,96.5910919250
2548.3200829971,96.6683581300
2549.0340981507,96.6475343867
2549.7481133042,96.6450094666
2550.4621284578,96.5725708729
2551.1761436113,96.5665112801
2551.8901587648,96.6336237320
2552.6041739184,96.6335723874
2553.3181890719,96.7510516172
2554.0322042255,96.7376905517
2554.7462193790,96.4896348550
2555.4602345326,96.5463152069
2556.1742496861,96.7205150164
2556.8882648396,96.6453692836
2557.6022799932,96.5638745463
2558.3162951467,96.5298522785
2559.0303103003,96.5959848192
2559.7443254538,96.7090548682
2560.4583406074,96.5773249515
2561.1723557609,96.4696196104
2561.8863709144,96.5682106288
2562.6003860680,96.5823097375
2563.3144012215,96.5734490003
2564.0284163751,96.6246126241
2564.7424315286,96.5888992014
2565.4564466822,96.4912993012
2566.1704618357,96.4845587600
2566.8844769893,96.6138861505
2567.5984921428,96.6290386328
2568.3125072963,96.5337396830
2569.0265224499,96.6466694910
2569.7405376034,96.7267338964
2570.4545527570,96.5584517984
2571.1685679105,96.4874509622
2571.8825830641,96.5697146017
2572.5965982176,96.6435784781
2573.3106133711,96.6560853308
2574.0246285247,96.5828188552
2574.7386436782,96.5119490215
2575.4526588318,96.4138205831
2576.1666739853,96.3456808592
2576.8806891389,96.4736951703
2577.5947042924,96.5080449384
2578.3087194460,96.3822470277
2579.0227345995,96.4419072201
2579.7367497530,96.5180183566
2580.4507649066,96.4373323126
2581.1647800601,96.4836020762
2581.8787952137,96.5941742253
2582.5928103672,96.4818233520
2583.3068255208,96.3776975595
2584.0208406743,96.5594737895
2584.7348558278,96.6953688413
2585.4488709814,96.5469527183
2586.1628861349,96.4217729789
2586.8769012885,96.4369570717
2587.5909164420,96.4631221341
2588.3049315956,96.5031319866
2589.0189467491,96.5215636535
2589.7329619027,96.4953327420
2590.4469770562,96.4411678627
2591.1609922097,96.4150392186
2591.8750073633,96.4682366726
2592.5890225168,96.4107263551
2593.3030376704,96.2926271720
2594.0170528239,96.3535588609
2594.7310679775,96.4091090065
2595.4450831310,96.4162733525
2596.1590982845,96.4462961019
2596.8731134381,96.3585411144
2597.5871285916,96.3075941098
2598.3011437452,96.3281031515
2599.0151588987,96.3539118397
2599.7291740523,96.5539207065
2600.4431892058,96.6090683834
2601.1572043593,96.3975489855
2601.8712195129,96.3084016808
2602.5852346664,96.2703195793
2603.2992498200,96.3230759807
2604.0132649735,96.4506869239
2604.7272801271,96.3253260784
2605.4412952806,96.3323078533
2606.1553104342,96.4957191077
2606.8693255877,96.3656512723
2607.5833407412,96.3519543108
2608.2973558948,96.4399252472
2609.0113710483,96.3002540097
2609.7253862019,96.3394613320
2610.4394013554,96.4247709446
2611.1534165090,96.3289790867
2611.8674316625,96.3334854098
2612.5814468160,96.2830653118
2613.2954619696,96.2520035011
2614.0094771231,96.4178145075
2614.7234922767,96.4088719443
2615.4375074302,96.2913890608
2616.1515225838,96.3145895369
2616.8655377373,96.3433359049
2617.5795528909,96.3335438868
2618.2935680444,96.2620790734
2619.0075831979,96.2397103520
2619.7215983515,96.3402927002
2620.4356135050,96.3268985588
2621.1496286586,96.2583792017
2621.8636438121,96.2686434382
2622.5776589657,96.2676262556
2623.2916741192,96.2984066854
2624.0056892727,96.2940323735
2624.7197044263,96.2429943065
2625.4337195798,96.3088275413
2626.1477347334,96.3517948886
2626.8617498869,96.2605293151
2627.5757650405,96.1876811026
2628.2897801940,96.2415277846
2629.0037953475,96.3385539719
2629.7178105011,96.3041645826
2630.4318256546,96.3038797040
2631.1458408082,96.3946302309
2631.8598559617,96.2887236227
2632.5738711153,96.2314164556
2633.2878862688,96.3293071471
2634.0019014224,96.2295298365
2634.7159165759,96.2149689471
2635.4299317294,96.3473954775
2636.1439468830,96.2668857496
2636.8579620365,96.2634667697
2637.5719771901,96.3346065535
2638.2859923436,96.2297540075
2639.0000074972,96.2722693090
2639.7140226507,96.3760172740
2640.4280378042,96.3136952196
2641.1420529578,96.3163030339
2641.8560681113,96.3257497837
2642.5700832649,96.2876682002
2643.2840984184,96.2840493557
2643.9981135720,96.2164285313
2644.7121287255,96.2286569628
2645.4261438791,96.3191919365
2646.1401590326,96.2532639080
2646.8541741861,96.2173161039
2647.5681893397,96.3036743233
2648.2822044932,96.3128811197
2648.9962196468,96.2633916776
2649.7102348003,96.2400201822
2650.4242499539,96.2886062678
2651.1382651074,96.3329910306
2651.8522802609,96.2427530473
2652.5662954145,96.2025481861
2653.2803105680,96.2920630419
2653.9943257216,96.3103859308
2654.7083408751,96.2803184460
2655.4223560287,96.2612104399
2656.1363711822,96.2331141445
2656.8503863357,96.2580454880
2657.5644014893,96.2638569596
2658.2784166428,96.2282328987
2658.9924317964,96.2717508287
2659.7064469499,96.3259707125
2660.4204621035,96.3145945176
2661.1344772570,96.2738627683
2661.8484924106,96.2213579057
2662.5625075641,96.2316708026
2663.2765227176,96.2845738803
2663.9905378712,96.2941649583
2664.7045530247,96.3213202341
2665.4185681783,96.3352388635
2666.1325833318,96.2757028310
2666.8465984854,96.2605249491
2667.5606136389,96.3079455223
2668.2746287924,96.3273074922
2668.9886439460,96.2987269712
2669.7026590995,96.2594883602
2670.4166742531,96.2772584600
2671.1306894066,96.2803543421
2671.8447045602,96.2134421509
2672.5587197137,96.2239333389
2673.2727348673,96.2639558362
2673.9867500208,96.2194078921
2674.7007651743,96.2110109469
2675.4147803279,96.2143706625
2676.1287954814,96.1845254671
2676.8428106350,96.2149945480
2677.5568257885,96.2120118438
2678.2708409421,96.1807178278
2678.9848560956,96.2441666312
2679.6988712491,96.2729669124
2680.4128864027,96.2357326438
2681.1269015562,96.2259862329
2681.8409167098,96.1800642139
2682.5549318633,96.1267375831
2683.2689470169,96.1473685590
2683.9829621704,96.1858341903
2684.6969773239,96.1923623200
2685.4109924775,96.1824492405
2686.1250076310,96.1886197805
2686.8390227846,96.1812718911
2687.5530379381,96.1395227324
2688.2670530917,96.1056139189
2688.9810682452,96.0863668577
2689.6950833988,96.1432360702
2690.4090985523,96.2107951803
2691.1231137058,96.1193880267
2691.8371288594,96.0834778985
2692.5511440129,96.1680416599
2693.2651591665,96.0997310652
2693.9791743200,96.0534471259
2694.6931894736,96.1043748790
2695.4072046271,96.0222006526
2696.1212197806,96.0080531943
2696.8352349342,96.0819509027
2697.5492500877,96.0361158773
2698.2632652413,96.0330872069
2698.9772803948,96.0478220831
2699.6912955484,96.0042138134
2700.4053107019,96.0098734085
2701.1193258555,95.9694701094
2701.8333410090,95.9970073452
2702.5473561625,96.1199760520
2703.2613713161,96.0175652561
2703.9753864696,95.9070041194
2704.6894016232,95.9915885214
2705.4034167767,95.9764190221
2706.1174319303,95.9501508025
2706.8314470838,96.0302076645
2707.5454622373,96.0258743006
2708.2594773909,95.9773778401
2708.9734925444,95.9453091435
2709.6875076980,95.9477708335
2710.4015228515,96.0139243105
2711.1155380051,95.9711979670
2711.8295531586,95.8476111610
2712.5435683122,95.8627622475
2713.2575834657,95.9601039606
2713.9715986192,95.9833190006
2714.6856137728,95.9043307748
2715.3996289263,95.8586221639
2716.1136440799,95.9513916680
2716.8276592334,95.9839122985
2717.5416743870,95.8837539181
2718.2556895405,95.8773106642
2718.9697046940,95.9322557029
2719.6837198476,95.8904357645
2720.3977350011,95.8367385595
2721.1117501547,95.8129215249
2721.8257653082,95.7913863838
2722.5397804618,95.8416305001
2723.2537956153,95.8855269554
2723.9678107688,95.8279023779
2724.6818259224,95.8318698032
2725.3958410759,95.8959126564
2726.1098562295,95.8550031381
2726.8238713830,95.8261729559
2727.5378865366,95.8657603187
2728.2519016901,95.8441017209
2728.9659168437,95.8026757741
2729.6799319972,95.7798144722
2730.3939471507,95.7870244919
2731.1079623043,95.8568807104
2731.8219774578,95.8307224882
2732.5359926114,95.7042370829
2733.2500077649,95.7042704363
2733.9640229185,95.7869782514
2734.6780380720,95.7812533904
2735.3920532255,95.7205816971
2736.1060683791,95.7145706207
2736.8200835326,95.7509791121
2737.5340986862,95.7556811957
2738.2481138397,95.7643222177
2738.9621289933,95.7639824194
2739.6761441468,95.7083739474
2740.3901593004,95.6916522018
2741.1041744539,95.6881682669
2741.8181896074,95.6648887087
2742.5322047610,95.6969700451
2743.2462199145,95.6600249069
2743.9602350681,95.5872654647
2744.6742502216,95.6526147620
2745.3882653752,95.6903073301
2746.1022805287,95.6402326298
2746.8162956822,95.6126727708
2747.5303108358,95.6022006606
2748.2443259893,95.6494739152
2748.9583411429,95.6397595186
2749.6723562964,95.5551877527
2750.3863714500,95.6201228426
2751.1003866035,95.6722360448
2751.8144017570,95.6006764575
2752.5284169106,95.5988874914
2753.2424320641,95.5887682701
2753.9564472177,95.5876538001
2754.6704623712,95.6599823818
2755.3844775248,95.6323733379
2756.0984926783,95.5977558117
2756.8125078319,95.6103084358
2757.5265229854,95.5547884558
2758.2405381389,95.5555264491
2758.9545532925,95.5728825483
2759.6685684460,95.5288262788
2760.3825835996,95.5418123280
2761.0965987531,95.5312831108
2761.8106139067,95.5103046262
2762.5246290602,95.5797851224
2763.2386442137,95.5939131533
2763.9526593673,95.5517781372
2764.6666745208,95.5503131340
2765.3806896744,95.5437407606
2766.0947048279,95.5284379683
2766.8087199815,95.5129096818
2767.5227351350,95.4981374693
2768.2367502886,95.4733615051
2768.9507654421,95.4570010717
2769.6647805956,95.4946951727
2770.3787957492,95.4575389922
2771.0928109027,95.3790284905
2771.8068260563,95.4434634491
2772.5208412098,95.4765847301
2773.2348563634,95.4216528600
2773.9488715169,95.4403055847
2774.6628866704,95.4220860876
2775.3769018240,95.3586609131
2776.0909169775,95.3697525093
2776.8049321311,95.3980881586
2777.5189472846,95.3855621926
2778.2329624382,95.3377385468
2778.9469775917,95.3790433952
2779.6609927452,95.4596393730
2780.3750078988,95.3664014394
2781.0890230523,95.3225365893
2781.8030382059,95.3797102825
2782.5170533594,95.2728747799
2783.2310685130,95.2664114657
2783.9450836665,95.3976727074
2784.6590988201,95.3442600945
2785.3731139736,95.3132692564
2786.0871291271,95.3557813754
2786.8011442807,95.2945142198
2787.5151594342,95.2805489805
2788.2291745878,95.2851009970
2788.9431897413,95.2599938476
2789.6572048949,95.2785305513
2790.3712200484,95.2403127657
2791.0852352019,95.2370682253
2791.7992503555,95.2843626345
2792.5132655090,95.2123677830
2793.2272806626,95.2086603064
2793.9412958161,95.2972199233
2794.6553109697,95.2437599975
2795.3693261232,95.1886721141
2796.0833412768,95.2392671562
2796.7973564303,95.2362635153
2797.5113715838,95.1745905431
2798.2253867374,95.1665404271
2798.9394018909,95.1868332721
2799.6534170445,95.1387103425
2800.3674321980,95.1012906225
2801.0814473516,95.1356137761
2801.7954625051,95.1507785755
2802.5094776586,95.1935895969
2803.2234928122,95.2132025394
2803.9375079657,95.1098606333
2804.6515231193,95.1008575272
2805.3655382728,95.1529133254
2806.0795534264,95.0798394074
2806.7935685799,95.0637703324
2807.5075837334,95.0875414398
2808.2215988870,95.0440359851
2808.9356140405,95.0654418829
2809.6496291941,95.0669155312
2810.3636443476,95.0408620422
2811.0776595012,95.0980143511
2811.7916746547,95.0626789597
2812.5056898083,94.9867034120
2813.2197049618,95.0434456822
2813.9337201153,95.0689832507
2814.6477352689,95.0150502366
2815.3617504224,94.9862874687
2816.0757655760,95.0160056761
2816.7897807295,95.0763795335
2817.5037958831,95.0204316380
2818.2178110366,94.9423625085
2818.9318261901,95.0172473009
2819.6458413437,95.0339240659
2820.3598564972,94.9678543463
2821.0738716508,94.9970020769
2821.7878868043,94.9889362005
2822.5019019579,94.9574809701
2823.2159171114,95.0054974711
2823.9299322650,94.9639223226
2824.6439474185,94.8823802745
2825.3579625720,94.9180136300
2826.0719777256,94.9704169081
2826.7859928791,94.9946080093
2827.5000080327,94.9814062457
2828.2140231862,94.9203843342
2828.9280383398,94.9169949279
2829.6420534933,94.9309637092
2830.3560686468,94.8931137746
2831.0700838004,94.8867140719
2831.7840989539,94.8850787789
2832.4981141075,94.8542309684
2833.2121292610,94.8375472388
2833.9261444146,94.8253898523
2834.6401595681,94.8572158552
2835.3541747217,94.8644098234
2836.0681898752,94.7597718042
2836.7822050287,94.7491620180
2837.4962201823,94.8369880370
2838.2102353358,94.8063317790
2838.9242504894,94.7720203041
2839.6382656429,94.7599998823
2840.3522807965,94.6474016528
2841.0662959500,94.6395128737
2841.7803111035,94.7309590398
2842.4943262571,94.6648167984
2843.2083414106,94.6090413630
2843.9223565642,94.6741358239
2844.6363717177,94.6017406610
2845.3503868713,94.4841682427
2846.0644020248,94.5564882796
2846.7784171783,94.5866642197
2847.4924323319,94.4460127263
2848.2064474854,94.3954335336
2848.9204626390,94.4349979114
2849.6344777925,94.4057941518
2850.3484929461,94.4019096849
2851.0625080996,94.4377474939
2851.7765232532,94.4256379648
2852.4905384067,94.4122470440
2853.2045535602,94.4260620000
2853.9185687138,94.4535224692
2854.6325838673,94.4530616170
2855.3465990209,94.4029220820
2856.0606141744,94.4070015330
2856.7746293280,94.4724797409
2857.4886444815,94.5061799467
2858.2026596350,94.4945874394
2858.9166747886,94.4760105184
2859.6306899421,94.5627077732
2860.3447050957,94.6855377003
2861.0587202492,94.6866469056
2861.7727354028,94.7308096165
2862.4867505563,94.7909035951
2863.2007657099,94.7260475299
2863.9147808634,94.8164418841
2864.6287960169,94.9494631142
2865.3428111705,94.8172341331
2866.0568263240,94.7486106603
2866.7708414776,94.7802678916
2867.4848566311,94.6997692549
2868.1988717847,94.7676802394
2868.9128869382,94.8910693685
2869.6269020917,94.8312642100
2870.3409172453,94.8247841836
2871.0549323988,94.8626215041
2871.7689475524,94.8575764914
2872.4829627059,94.9274708980
2873.1969778595,94.9320479509
2873.9109930130,94.8915173442
2874.6250081665,94.9851487523
2875.3390233201,95.0381110202
2876.0530384736,95.0330913414
2876.7670536272,95.1473454104
2877.4810687807,95.2680031804
2878.1950839343,95.3367833806
2878.9090990878,95.4693043429
2879.6231142414,95.6437195908
2880.3371293949,95.8014400311
2881.0511445484,95.9434343328
2881.7651597020,96.1169320130
2882.4791748555,96.3503487910
2883.1931900091,96.4821179233
2883.9072051626,96.4269274100
2884.6212203162,96.3564026181
2885.3352354697,96.3240456189
2886.0492506232,96.2937773012
2886.7632657768,96.3604519095
2887.4772809303,96.4716340061
2888.1912960839,96.4832966133
2888.9053112374,96.4862920387
2889.6193263910,96.4881964138
2890.3333415445,96.3713794588
2891.0473566981,96.2731326222
2891.7613718516,96.2673022349
2892.4753870051,96.2313241658
2893.1894021587,96.1679373257
2893.9034173122,96.0642465766
2894.6174324658,95.9666205540
2895.3314476193,95.9641614407
2896.0454627729,95.8725575225
2896.7594779264,95.7158816783
2897.4734930799,95.7237417866
2898.1875082335,95.7598962341
2898.9015233870,95.7454547723
2899.6155385406,95.7246731554
2900.3295536941,95.6146137601
2901.0435688477,95.5736265204
2901.7575840012,95.6410551713
2902.4715991547,95.5877914682
2903.1856143083,95.4925444185
2903.8996294618,95.4282747361
2904.6136446154,95.3473706562
2905.3276597689,95.3338902109
2906.0416749225,95.2939747091
2906.7556900760,95.2127406656
2907.4697052296,95.2156105433
2908.1837203831,95.1360199703
2908.8977355366,94.9676110129
2909.6117506902,94.8812653324
2910.3257658437,94.8225007021
2911.0397809973,94.8202428681
2911.7537961508,94.8164585486
2912.4678113044,94.6578178084
2913.1818264579,94.5677659590
2913.8958416114,94.5968009679
2914.6098567650,94.5055310066
2915.3238719185,94.3963043345
2916.0378870721,94.3754907302
2916.7519022256,94.3374285812
2917.4659173792,94.2514595369
2918.1799325327,94.0940858645
2918.8939476863,93.9645440063
2919.6079628398,93.9938621938
2920.3219779933,94.0564657935
2921.0359931469,94.0296014232
2921.7500083004,93.9144494617
2922.4640234540,93.7799835126
2923.1780386075,93.7406623359
2923.8920537611,93.7338476660
2924.6060689146,93.7423067326
2925.3200840681,93.8942112783
2926.0340992217,94.0134444823
2926.7481143752,93.9312078500
2927.4621295288,93.8548781237
2928.1761446823,93.8873426707
2928.8901598359,93.9054766300
2929.6041749894,93.9500947766
2930.3181901429,94.1282140891
2931.0322052965,94.2356048624
2931.7462204500,94.1431892510
2932.4602356036,94.0949857067
2933.1742507571,94.0185220757
2933.8882659107,93.8583253668
2934.6022810642,93.9795701213
2935.3162962178,94.1500070356
2936.0303113713,94.0931868529
2936.7443265248,94.2054025957
2937.4583416784,94.3111545700
2938.1723568319,94.2079905641
2938.8863719855,94.3433153209
2939.6003871390,94.5338680563
2940.3144022926,94.5058219819
2941.0284174461,94.5444730956
2941.7424325996,94.6104840386
2942.4564477532,94.6455381704
2943.1704629067,94.7494160364
2943.8844780603,94.8607860223
2944.5984932138,95.0239011121
2945.3125083674,95.1872698969
2946.0265235209,95.3163024937
2946.7405386745,95.4703741554
2947.4545538280,95.4720879526
2948.1685689815,95.4276399134
2948.8825841351,95.5561977702
2949.5965992886,95.7141358584
2950.3106144422,95.8365207973
2951.0246295957,95.8432010744
2951.7386447493,95.8214466720
2952.4526599028,96.0184374095
2953.1666750563,96.1576953109
2953.8806902099,96.2063027223
2954.5947053634,96.4044884802
2955.3087205170,96.4908858791
2956.0227356705,96.5297390279
2956.7367508241,96.6357045207
2957.4507659776,96.6407004674
2958.1647811312,96.8139478749
2958.8787962847,97.0277456473
2959.5928114382,97.0390751528
2960.3068265918,97.2504282383
2961.0208417453,97.5081030743
2961.7348568989,97.5516889092
2962.4488720524,97.6603791939
2963.1628872060,97.8344244897
2963.8769023595,98.0558966510
2964.5909175130,98.2990210790
2965.3049326666,98.5684196682
2966.0189478201,98.9693368499
2966.7329629737,99.0665529742
2967.4469781272,99.0280376422
2968.1609932808,99.3299037858
2968.8750084343,99.5538572232
2969.5890235878,100.3428343198
2970.3030387414,102.0224968728
2971.0170538949,102.3245528504
2971.7310690485,101.1422444240
2972.4450842020,100.7405472607
2973.1590993556,100.9398378243
2973.8731145091,100.8578892338
2974.5871296627,100.7669046162
2975.3011448162,100.8660113361
2976.0151599697,101.1336945378
2976.7291751233,101.4774300537
2977.4431902768,101.9145303488
2978.1572054304,102.5010465234
2978.8712205839,103.1486322657
2979.5852357375,103.8234603407
2980.2992508910,104.2306150874
2981.0132660445,104.7790886565
2981.7272811981,105.7704230371
2982.4412963516,104.9654067103
2983.1553115052,102.3026910287
2983.8693266587,100.8636044449
2984.5833418123,100.5822729384
2985.2973569658,100.1918995353
2986.0113721194,100.1169562108
2986.7253872729,100.0642335158
2987.4394024264,99.7031145669
2988.1534175800,99.6304227649
2988.8674327335,99.5773329950
2989.5814478871,99.4452545199
2990.2954630406,99.5158745801
2991.0094781942,99.4469750732
2991.7234933477,99.3274214165
2992.4375085012,99.3403454052
2993.1515236548,99.2464693183
2993.8655388083,99.0665231963
2994.5795539619,98.8278433332
2995.2935691154,98.6943359493
2996.0075842690,98.7324531995
2996.7215994225,98.6073438994
2997.4356145760,98.4261524289
2998.1496297296,98.2834456295
2998.8636448831,98.0458689331
2999.5776600367,97.9484601767
3000.2916751902,97.7936613446
3001.0056903438,97.4205783606
3001.7197054973,97.2751239154
3002.4337206509,97.1888397179
3003.1477358044,96.8960786203
3003.8617509579,96.6272391205
3004.5757661115,96.3150853188
3005.2897812650,96.0086295232
3006.0037964186,95.8626982062
3006.7178115721,95.6668587345
3007.4318267257,95.4333559693
3008.1458418792,95.2479069601
3008.8598570327,94.9906916394
3009.5738721863,94.7952642022
3010.2878873398,94.7212473555
3011.0019024934,94.5528614171
3011.7159176469,94.3619139153
3012.4299328005,94.2680989355
3013.1439479540,94.0782296280
3013.8579631076,93.8301817585
3014.5719782611,93.7799372951
3015.2859934146,93.7922567526
3016.0000085682,93.6733684339
3016.7140237217,93.5910185242
3017.4280388753,93.5847408091
3018.1420540288,93.4916402017
3018.8560691824,93.3606470090
3019.5700843359,93.3058204934
3020.2840994894,93.3173279806
3020.9981146430,93.3481613595
3021.7121297965,93.2715163240
3022.4261449501,93.1020604136
3023.1401601036,93.1213136491
3023.8541752572,93.2461415531
3024.5681904107,93.1598803259
3025.2822055642,93.0707444784
3025.9962207178,93.1060558058
3026.7102358713,93.0204139800
3027.4242510249,92.9473914647
3028.1382661784,92.9826591303
3028.8522813320,92.9718936002
3029.5662964855,93.0189682600
3030.2803116391,93.0417885697
3030.9943267926,92.9362632387
3031.7083419461,92.8939431552
3032.4223570997,92.7889782699
3033.1363722532,92.6621250467
3033.8503874068,92.7869942617
3034.5644025603,92.8655476785
3035.2784177139,92.7770882664
3035.9924328674,92.7466102718
3036.7064480209,92.6476094659
3037.4204631745,92.5497981559
3038.1344783280,92.5901533265
3038.8484934816,92.5709946554
3039.5625086351,92.5142038427
3040.2765237887,92.5204837691
3040.9905389422,92.5415353627
3041.7045540958,92.5596544432
3042.4185692493,92.5013795553
3043.1325844028,92.4322418085
3043.8465995564,92.4793925891
3044.5606147099,92.5065123826
3045.2746298635,92.3860577120
3045.9886450170,92.2393109941
3046.7026601706,92.2566298999
3047.4166753241,92.3573724230
3048.1306904776,92.3582612615
3048.8447056312,92.3451754081
3049.5587207847,92.3019596261
3050.2727359383,92.2259034111
3050.9867510918,92.2824747878
3051.7007662454,92.2566092373
3052.4147813989,92.1227750904
3053.1287965524,92.1376626329
3053.8428117060,92.0787863707
3054.5568268595,92.0122809716
3055.2708420131,92.1264978894
3055.9848571666,92.0471356873
3056.6988723202,91.9184343993
3057.4128874737,92.0156632810
3058.1269026273,92.0260297127
3058.8409177808,92.0341118696
3059.5549329343,92.1017348873
3060.2689480879,91.9626240716
3060.9829632414,91.8594553612
3061.6969783950,91.9916706990
3062.4109935485,92.0936086298
3063.1250087021,91.9989119899
3063.8390238556,91.8561705537
3064.5530390091,91.8586007108
3065.2670541627,91.8761940573
3065.9810693162,91.8898356726
3066.6950844698,92.0635451286
3067.4090996233,92.0903344836
3068.1231147769,91.9232016969
3068.8371299304,91.9130628266
3069.5511450840,91.8981204889
3070.2651602375,91.8351308699
3070.9791753910,91.9365340495
3071.6931905446,91.9996357156
3072.4072056981,91.9554877162
3073.1212208517,91.9477729686
3073.8352360052,91.9155297749
3074.5492511588,91.8827723210
3075.2632663123,91.9332754483
3075.9772814658,92.0006135283
3076.6912966194,91.9924861429
3077.4053117729,91.9528037363
3078.1193269265,91.9693160982
3078.8333420800,91.9767713038
3079.5473572336,91.9674172367
3080.2613723871,92.0007874159
3080.9753875406,92.0187939986
3081.6894026942,92.0269789536
3082.4034178477,92.0020610174
3083.1174330013,91.9719508389
3083.8314481548,92.0629702433
3084.5454633084,92.0899053849
3085.2594784619,92.0302825802
3085.9734936155,92.0774901753
3086.6875087690,92.0047711513
3087.4015239225,91.8814163740
3088.1155390761,91.9982371019
3088.8295542296,92.0574180597
3089.5435693832,92.0031276463
3090.2575845367,92.0501443064
3090.9715996903,92.0496676696
3091.6856148438,92.0257562071
3092.3996299973,92.0831811625
3093.1136451509,92.1163436435
3093.8276603044,92.1093772293
3094.5416754580,92.0522901941
3095.2556906115,92.0191218702
3095.9697057651,92.1335807541
3096.6837209186,92.2550959886
3097.3977360722,92.2437617741
3098.1117512257,92.1488782127
3098.8257663792,92.0911183964
3099.5397815328,92.1099417503
3100.2537966863,92.1130854226
3100.9678118399,92.1375302549
3101.6818269934,92.2055185369
3102.3958421470,92.2156887276
3103.1098573005,92.2180840949
3103.8238724540,92.2418699330
3104.5378876076,92.2679913284
3105.2519027611,92.2681296601
3105.9659179147,92.1644924847
3106.6799330682,92.1428163601
3107.3939482218,92.2513091484
3108.1079633753,92.2306342228
3108.8219785289,92.1887752329
3109.5359936824,92.2101386568
3110.2500088359,92.1913594618
3110.9640239895,92.2711451683
3111.6780391430,92.3456290823
3112.3920542966,92.2829778129
3113.1060694501,92.2389751714
3113.8200846037,92.1532402981
3114.5340997572,92.1068005397
3115.2481149107,92.2438495860
3115.9621300643,92.2846032146
3116.6761452178,92.1883431641
3117.3901603714,92.1430930680
3118.1041755249,92.1124424053
3118.8181906785,92.1231705350
3119.5322058320,92.1490984566
3120.2462209855,92.0823316789
3120.9602361391,91.9824698334
3121.6742512926,91.9826022296
3122.3882664462,92.0884575210
3123.1022815997,92.0655732228
3123.8162967533,91.9369065681
3124.5303119068,91.9851255393
3125.2443270604,92.0467269149
3125.9583422139,91.9749696728
3126.6723573674,91.9377709232
3127.3863725210,91.8872456706
3128.1003876745,91.8919322784
3128.8144028281,92.0098230917
3129.5284179816,91.9543254846
3130.2424331352,91.8132494731
3130.9564482887,91.8494854530
3131.6704634422,91.8917544526
3132.3844785958,91.8266774081
3133.0984937493,91.7835129476
3133.8125089029,91.7829857554
3134.5265240564,91.7521584707
3135.2405392100,91.7213373663
3135.9545543635,91.7151126138
3136.6685695171,91.6706445463
3137.3825846706,91.6594564400
3138.0965998241,91.6832779660
3138.8106149777,91.6173539036
3139.5246301312,91.6017691128
3140.2386452848,91.6614082922
3140.9526604383,91.6516836054
3141.6666755919,91.6643279355
3142.3806907454,91.6390236788
3143.0947058989,91.5317371937
3143.8087210525,91.4941997582
3144.5227362060,91.4355515519
3145.2367513596,91.3966903932
3145.9507665131,91.4363955548
3146.6647816667,91.3697681028
3147.3787968202,91.3544058036
3148.0928119737,91.4160885962
3148.8068271273,91.3468433590
3149.5208422808,91.3267383562
3150.2348574344,91.3243008566
3150.9488725879,91.2602078817
3151.6628877415,91.3270110303
3152.3769028950,91.2939044636
3153.0909180486,91.1078312193
3153.8049332021,91.0735098610
3154.5189483556,91.0666453781
3155.2329635092,91.0687796347
3155.9469786627,91.1540978663
3156.6609938163,91.0857786344
3157.3750089698,90.9683791390
3158.0890241234,91.0186196574
3158.8030392769,91.0433255972
3159.5170544304,90.9311836381
3160.2310695840,90.8099278739
3160.9450847375,90.7713593752
3161.6590998911,90.8252719178
3162.3731150446,90.8548131023
3163.0871301982,90.7279432497
3163.8011453517,90.6559516788
3164.5151605053,90.7926027709
3165.2291756588,90.7607035289
3165.9431908123,90.6204795172
3166.6572059659,90.7454512113
3167.3712211194,90.7100988905
3168.0852362730,90.4620129963
3168.7992514265,90.5194658316
3169.5132665801,90.6280418191
3170.2272817336,90.6085216983
3170.9412968871,90.5430252696
3171.6553120407,90.3314049563
3172.3693271942,90.3913255299
3173.0833423478,90.6268634481
3173.7973575013,90.4533608155
3174.5113726549,90.2897841812
3175.2253878084,90.3392744656
3175.9394029619,90.2949452850
3176.6534181155,90.3116144093
3177.3674332690,90.3108564593
3178.0814484226,90.2441219480
3178.7954635761,90.2549783607
3179.5094787297,90.1720912536
3180.2234938832,90.1239598989
3180.9375090368,90.1315090262
3181.6515241903,89.9870165094
3182.3655393438,89.9595851396
3183.0795544974,90.0658809023
3183.7935696509,90.0729159118
3184.5075848045,89.9716795400
3185.2215999580,89.8173371869
3185.9356151116,89.8848906816
3186.6496302651,89.9864749534
3187.3636454186,89.8462723694
3188.0776605722,89.8874400205
3188.7916757257,89.9024911278
3189.5056908793,89.6549321762
3190.2197060328,89.7175800784
3190.9337211864,89.7992900582
3191.6477363399,89.5628127484
3192.3617514935,89.5285708319
3193.0757666470,89.6571720444
3193.7897818005,89.7349523955
3194.5037969541,89.7552593571
3195.2178121076,89.6159462999
3195.9318272612,89.5531941851
3196.6458424147,89.6387574190
3197.3598575683,89.6964768147
3198.0738727218,89.6934164018
3198.7878878753,89.5153096483
3199.5019030289,89.3863406925
3200.2159181824,89.5125625101
3200.9299333360,89.5720799515
3201.6439484895,89.4968088988
3202.3579636431,89.4188309529
3203.0719787966,89.3730406818
3203.7859939501,89.3810719915
3204.5000091037,89.3161960875
3205.2140242572,89.2798724423
3205.9280394108,89.3331504701
3206.6420545643,89.2945283381
3207.3560697179,89.2802875608
3208.0700848714,89.2255677986
3208.7841000250,89.0337689096
3209.4981151785,89.0247100188
3210.2121303320,89.1324772043
3210.9261454856,89.1682266828
3211.6401606391,89.1731481093
3212.3541757927,89.0523914548
3213.0681909462,88.9679338652
3213.7822060998,89.0028165468
3214.4962212533,88.9890243048
3215.2102364068,89.0120903219
3215.9242515604,89.0023022379
3216.6382667139,88.9092114514
3217.3522818675,88.8806739011
3218.0662970210,88.8477572284
3218.7803121746,88.8809917342
3219.4943273281,88.9457802261
3220.2083424817,88.8513705067
3220.9223576352,88.8152852049
3221.6363727887,88.8503559498
3222.3503879423,88.8319507481
3223.0644030958,88.8707828200
3223.7784182494,88.8929081871
3224.4924334029,88.9069594737
3225.2064485565,88.8621664500
3225.9204637100,88.6773545358
3226.6344788635,88.6762927492
3227.3484940171,88.7490621583
3228.0625091706,88.6706063504
3228.7765243242,88.6850492894
3229.4905394777,88.6201015021
3230.2045546313,88.4576093882
3230.9185697848,88.5300769014
3231.6325849384,88.6328703730
3232.3466000919,88.6301403922
3233.0606152454,88.5759933568
3233.7746303990,88.5229458341
3234.4886455525,88.5589182461
3235.2026607061,88.4436958483
3235.9166758596,88.3342561397
3236.6306910132,88.5014632750
3237.3447061667,88.4893929049
3238.0587213202,88.3129923434
3238.7727364738,88.2924467993
3239.4867516273,88.2968251361
3240.2007667809,88.2932144336
3240.9147819344,88.1698994251
3241.6287970880,88.0901148717
3242.3428122415,88.2485544105
3243.0568273950,88.1846379173
3243.7708425486,88.0720941178
3244.4848577021,88.1546356089
3245.1988728557,88.0225405623
3245.9128880092,88.0233334979
3246.6269031628,88.1395714080
3247.3409183163,87.9083721571
3248.0549334699,87.8837311043
3248.7689486234,88.0356874921
3249.4829637769,87.8769323338
3250.1969789305,87.7384060183
3250.9109940840,87.6934361951
3251.6250092376,87.7200912285
3252.3390243911,87.8284484098
3253.0530395447,87.7756255223
3253.7670546982,87.7649667152
3254.4810698517,87.7959285824
3255.1950850053,87.6955993966
3255.9091001588,87.6535547728
3256.6231153124,87.5393576748
3257.3371304659,87.4779419940
3258.0511456195,87.6195237832
3258.7651607730,87.5946379784
3259.4791759266,87.5796679868
3260.1931910801,87.5998188390
3260.9072062336,87.4344506836
3261.6212213872,87.4851095551
3262.3352365407,87.5681592338
3263.0492516943,87.4563873241
3263.7632668478,87.4775722450
3264.4772820014,87.3877865315
3265.1912971549,87.2787478751
3265.9053123084,87.3718978707
3266.6193274620,87.2658265670
3267.3333426155,87.2336574444
3268.0473577691,87.3966211041
3268.7613729226,87.3451828617
3269.4753880762,87.3587563281
3270.1894032297,87.4431642827
3270.9034183832,87.3787915902
3271.6174335368,87.3882337837
3272.3314486903,87.3482981382
3273.0454638439,87.2821562356
3273.7594789974,87.3839105758
3274.4734941510,87.4415953675
3275.1875093045,87.4401935180
3275.9015244581,87.3944815498
3276.6155396116,87.3380742239
3277.3295547651,87.4279797602
3278.0435699187,87.4029742542
3278.7575850722,87.3251737064
3279.4716002258,87.5086488542
3280.1856153793,87.6494894748
3280.8996305329,87.5635841128
3281.6136456864,87.4465163942
3282.3276608399,87.4697661957
3283.0416759935,87.6225604677
3283.7556911470,87.5854950507
3284.4697063006,87.4981779575
3285.1837214541,87.6335794098
3285.8977366077,87.6375961572
3286.6117517612,87.5309235323
3287.3257669148,87.5457694643
3288.0397820683,87.5253620774
3288.7537972218,87.5771387057
3289.4678123754,87.6551518874
3290.1818275289,87.5886050834
3290.8958426825,87.6513140899
3291.6098578360,87.8045012446
3292.3238729896,87.8392421747
3293.0378881431,87.8571112319
3293.7519032966,87.8115705808
3294.4659184502,87.7835013168
3295.1799336037,87.8803719367
3295.8939487573,87.8776285543
3296.6079639108,87.8377315689
3297.3219790644,87.9516042450
3298.0359942179,88.0631113395
3298.7500093714,88.0944722980
3299.4640245250,88.0983970208
3300.1780396785,88.1012113819
3300.8920548321,88.1923183182
3301.6060699856,88.2772926604
3302.3200851392,88.2227168040
3303.0341002927,88.2296301152
3303.7481154463,88.3329957943
3304.4621305998,88.2978640756
3305.1761457533,88.2799502065
3305.8901609069,88.4083237588
3306.6041760604,88.4386910031
3307.3181912140,88.4607970241
3308.0322063675,88.5901142524
3308.7462215211,88.6157601960
3309.4602366746,88.6100358762
3310.1742518281,88.6363944953
3310.8882669817,88.5839551405
3311.6022821352,88.5636334427
3312.3162972888,88.5519966109
3313.0303124423,88.5929775690
3313.7443275959,88.8296474100
3314.4583427494,88.8955109997
3315.1723579030,88.7513896102
3315.8863730565,88.8283733022
3316.6003882100,88.9236764733
3317.3144033636,88.8040404770
3318.0284185171,88.7625628396
3318.7424336707,88.8752380210
3319.4564488242,89.0538247709
3320.1704639778,89.2058658198
3320.8844791313,89.1179772634
3321.5984942848,88.9501306468
3322.3125094384,89.0203083340
3323.0265245919,89.0898895443
3323.7405397455,89.0159571087
3324.4545548990,89.1165454330
3325.1685700526,89.2516994316
3325.8825852061,89.2055360326
3326.5966003596,89.2735386389
3327.3106155132,89.3532263154
3328.0246306667,89.2918811289
3328.7386458203,89.3738240329
3329.4526609738,89.4328110494
3330.1666761274,89.3737994276
3330.8806912809,89.4308360793
3331.5947064345,89.4222178649
3332.3087215880,89.4477871246
3333.0227367415,89.6571982833
3333.7367518951,89.6874724219
3334.4507670486,89.6103345385
3335.1647822022,89.5678786891
3335.8787973557,89.5270336207
3336.5928125093,89.6753388177
3337.3068276628,89.7126457162
3338.0208428163,89.6265782802
3338.7348579699,89.8450746899
3339.4488731234,89.9117104278
3340.1628882770,89.7376737564
3340.8769034305,89.8211288058
3341.5909185841,89.8729327372
3342.3049337376,89.8215264356
3343.0189488912,89.8794269696
3343.7329640447,89.8642598265
3344.4469791982,89.8896033797
3345.1609943518,90.0055307510
3345.8750095053,90.0583109955
3346.5890246589,90.0727858641
3347.3030398124,90.0253627553
3348.0170549660,90.0808955849
3348.7310701195,90.1661888843
3349.4450852730,90.0371858092
3350.1591004266,90.0614095972
3350.8731155801,90.1890159185
3351.5871307337,90.1057425221
3352.3011458872,90.1583266086
3353.0151610408,90.2799362251
3353.7291761943,90.2476834200
3354.4431913478,90.2897373319
3355.1572065014,90.4141126086
3355.8712216549,90.5480107333
3356.5852368085,90.4662168861
3357.2992519620,90.2579981592
3358.0132671156,90.4512194114
3358.7272822691,90.5749813158
3359.4412974227,90.3829421725
3360.1553125762,90.5482077878
3360.8693277297,90.6639880179
3361.5833428833,90.5186649828
3362.2973580368,90.7049376999
3363.0113731904,90.7844624063
3363.7253883439,90.5742753381
3364.4394034975,90.5276513076
3365.1534186510,90.5322578308
3365.8674338045,90.6302033970
3366.5814489581,90.7467335803
3367.2954641116,90.6748943568
3368.0094792652,90.7480785517
3368.7234944187,90.8683034892
3369.4375095723,90.8338358169
3370.1515247258,90.8271641799
3370.8655398794,90.7279366764
3371.5795550329,90.7099446476
3372.2935701864,90.9016442906
3373.0075853400,90.9004059454
3373.7216004935,90.8580768218
3374.4356156471,90.9477449561
3375.1496308006,90.9397827471
3375.8636459542,90.9669382397
3376.5776611077,90.9873124309
3377.2916762612,90.9353688543
3378.0056914148,91.1060919070
3378.7197065683,91.2593088989
3379.4337217219,91.1590278029
3380.1477368754,91.1871126913
3380.8617520290,91.2686914307
3381.5757671825,91.1022199136
3382.2897823361,91.0166887412
3383.0037974896,91.1443501091
3383.7178126431,91.1455756031
3384.4318277967,91.1132422893
3385.1458429502,91.1734063861
3385.8598581038,91.1184942452
3386.5738732573,91.1583170544
3387.2878884109,91.3221040347
3388.0019035644,91.2320139730
3388.7159187179,91.1296396305
3389.4299338715,91.1852771185
3390.1439490250,91.2070572080
3390.8579641786,91.3428663790
3391.5719793321,91.4384621663
3392.2859944857,91.4361824826
3393.0000096392,91.5698801047
3393.7140247927,91.4386595162
3394.4280399463,91.2603872778
3395.1420550998,91.5188022316
3395.8560702534,91.5585452609
3396.5700854069,91.4276586421
3397.2841005605,91.6427686108
3397.9981157140,91.6129098243
3398.7121308676,91.4030462208
3399.4261460211,91.5066020738
3400.1401611746,91.5790409477
3400.8541763282,91.5306591082
3401.5681914817,91.5326209007
3402.2822066353,91.6187887538
3402.9962217888,91.7383135279
3403.7102369424,91.6582548874
3404.4242520959,91.6875932330
3405.1382672494,91.8864123592
3405.8522824030,91.6880852242
3406.5662975565,91.5889609280
3407.2803127101,91.9234594774
3407.9943278636,91.9221216538
3408.7083430172,91.7572220204
3409.4223581707,91.8477847872
3410.1363733243,91.8557430583
3410.8503884778,91.8611541366
3411.5644036313,91.9086125162
3412.2784187849,91.8041395480
3412.9924339384,91.7802344647
3413.7064490920,91.8718093020
3414.4204642455,91.8926896423
3415.1344793991,91.8782563499
3415.8484945526,91.9404194493
3416.5625097061,92.1249828559
3417.2765248597,92.1977580385
3417.9905400132,92.0991662567
3418.7045551668,92.1208077007
3419.4185703203,92.1675131136
3420.1325854739,92.1415330931
3420.8466006274,92.2094131729
3421.5606157809,92.2686274056
3422.2746309345,92.3114104040
3422.9886460880,92.3346501843
3423.7026612416,92.2119083082
3424.4166763951,92.1707520615
3425.1306915487,92.2160308992
3425.8447067022,92.1753864500
3426.5587218558,92.2555774878
3427.2727370093,92.3504181946
3427.9867521628,92.2848185488
3428.7007673164,92.2626796198
3429.4147824699,92.2180885624
3430.1287976235,92.2156678070
3430.8428127770,92.3715172904
3431.5568279306,92.3245149217
3432.2708430841,92.2637545722
3432.9848582376,92.4777046999
3433.6988733912,92.5059822700
3434.4128885447,92.3950381533
3435.1269036983,92.4522435012
3435.8409188518,92.4722733877
3436.5549340054,92.4989559603
3437.2689491589,92.5137130138
3437.9829643125,92.4526851895
3438.6969794660,92.6260076928
3439.4109946195,92.7402088473
3440.1250097731,92.5580915643
3440.8390249266,92.5665859277
3441.5530400802,92.6483396588
3442.2670552337,92.6294027847
3442.9810703873,92.7371447985
3443.6950855408,92.6656937174
3444.4091006943,92.5781092814
3445.1231158479,92.8087852051
3445.8371310014,92.8012514966
3446.5511461550,92.6774545484
3447.2651613085,92.8762829389
3447.9791764621,92.8641224873
3448.6931916156,92.7483168718
3449.4072067691,92.8416685162
3450.1212219227,92.8049871685
3450.8352370762,92.8093766524
3451.5492522298,92.9642426121
3452.2632673833,92.9035604603
3452.9772825369,92.8722200805
3453.6912976904,93.0652962112
3454.4053128440,93.1382510201
3455.1193279975,92.9824217178
3455.8333431510,92.8052079494
3456.5473583046,92.8733620970
3457.2613734581,93.0609959524
3457.9753886117,93.0547760731
3458.6894037652,93.0105121921
3459.4034189188,93.0265110083
3460.1174340723,93.0380031814
3460.8314492258,93.1480547887
3461.5454643794,93.1490282994
3462.2594795329,93.0006948389
3462.9734946865,93.0328512610
3463.6875098400,93.0937439735
3464.4015249936,93.0651687163
3465.1155401471,93.1504561120
3465.8295553007,93.2135318974
3466.5435704542,93.1461531243
3467.2575856077,93.1042860877
3467.9716007613,93.1468707302
3468.6856159148,93.2172376182
3469.3996310684,93.2470637323
3470.1136462219,93.2743068515
3470.8276613755,93.2836840709
3471.5416765290,93.2251157409
3472.2556916825,93.2698164351
3472.9697068361,93.3666196416
3473.6837219896,93.3409622901
3474.3977371432,93.2955178924
3475.1117522967,93.2515697441
3475.8257674503,93.3369774252
3476.5397826038,93.5378196221
3477.2537977573,93.4583100636
3477.9678129109,93.3671576611
3478.6818280644,93.5713721642
3479.3958432180,93.5845363374
3480.1098583715,93.4259811522
3480.8238735251,93.4084882615
3481.5378886786,93.4452396717
3482.2519038322,93.5679788947
3482.9659189857,93.5728747919
3483.6799341392,93.4608201284
3484.3939492928,93.6083649008
3485.1079644463,93.7142392926
3485.8219795999,93.5778860553
3486.5359947534,93.5498168657
3487.2500099070,93.6358806609
3487.9640250605,93.7964264076
3488.6780402140,93.8629504197
3489.3920553676,93.7470908958
3490.1060705211,93.7732483461
3490.8200856747,93.7219226468
3491.5341008282,93.5682061764
3492.2481159818,93.7115925753
3492.9621311353,93.7101006987
3493.6761462889,93.5360003266
3494.3901614424,93.6591616715
3495.1041765959,93.7322930924
3495.8181917495,93.8066744719
3496.5322069030,94.0060985921
3497.2462220566,93.8773580959
3497.9602372101,93.7998962140
3498.6742523637,93.8895834154
3499.3882675172,93.7739261388
3500.1022826707,93.8208658178
3500.8162978243,93.8999654717
3501.5303129778,93.7377713667
3502.2443281314,93.8714575077
3502.9583432849,94.1226575927
3503.6723584385,94.0440330549
3504.3863735920,93.9972359378
3505.1003887456,94.0723589253
3505.8144038991,94.0753511109
3506.5284190526,94.0125958912
3507.2424342062,94.0493749901
3507.9564493597,94.1420971651
3508.6704645133,94.0318086118
3509.3844796668,94.0296408685
3510.0984948204,94.2303843518
3510.8125099739,94.1246012871
3511.5265251274,94.0897965865
3512.2405402810,94.2381086468
3512.9545554345,94.0575172352
3513.6685705881,94.0044303167
3514.3825857416,94.2303368083
3515.0966008952,94.2157723105
3515.8106160487,94.2624770634
3516.5246312022,94.3655442099
3517.2386463558,94.1860525586
3517.9526615093,94.2145679734
3518.6666766629,94.4744791944
3519.3806918164,94.4218717793
3520.0947069700,94.3012555030
3520.8087221235,94.4076393104
3521.5227372771,94.4489168495
3522.2367524306,94.4010682274
3522.9507675841,94.5177362196
3523.6647827377,94.6595742962
3524.3787978912,94.6628840887
3525.0928130448,94.6223344456
3525.8068281983,94.5747073648
3526.5208433519,94.6667572223
3527.2348585054,94.7756612420
3527.9488736589,94.6325883626
3528.6628888125,94.5732517138
3529.3769039660,94.6085008121
3530.0909191196,94.5298942740
3530.8049342731,94.6878797935
3531.5189494267,94.8554765475
3532.2329645802,94.6923029724
3532.9469797338,94.7369177964
3533.6609948873,94.9282386774
3534.3750100408,94.8766144286
3535.0890251944,94.8239871689
3535.8030403479,94.8422700437
3536.5170555015,94.8781730566
3537.2310706550,94.9166862752
3537.9450858086,94.9100052590
3538.6591009621,94.9140491083
3539.3731161156,94.7983266075
3540.0871312692,94.8168421448
3540.8011464227,94.8736606748
3541.5151615763,95.0052566175
3542.2291767298,94.7841420054
3542.9431918834,95.0407005886
3543.6572070369,95.0369788669
3544.3712221904,94.8362763406
3545.0852373440,95.0745077907
3545.7992524975,95.0573850870
3546.5132676511,94.8745737541
3547.2272828046,95.0715195723
3547.9412979582,95.1727380138
3548.6553131117,95.2080684875
3549.3693282653,95.3522431071
3550.0833434188,95.3025383290
3550.7973585723,95.1389204937
3551.5113737259,95.1300249843
3552.2253888794,95.3438484514
3552.9394040330,95.4273632247
3553.6534191865,95.2176333228
3554.3674343401,95.1128065430
3555.0814494936,95.2189215921
3555.7954646471,95.3018784356
3556.5094798007,95.4105691014
3557.2234949542,95.5522108126
3557.9375101078,95.6519574768
3558.6515252613,95.5388088506
3559.3655404149,95.2982962599
3560.0795555684,95.3581888926
3560.7935707220,95.5698659002
3561.5075858755,95.6325686238
3562.2216010290,95.6991500571
3562.9356161826,95.6495507423
3563.6496313361,95.6172913559
3564.3636464897,95.5931522449
3565.0776616432,95.2723337107
3565.7916767968,95.1577127215
3566.5056919503,95.4326862174
3567.2197071038,95.2433698316
3567.9337222574,95.4173912777
3568.6477374109,95.9957876671
3569.3617525645,95.8287599468
3570.0757677180,95.7289112197
3570.7897828716,95.9979762201
3571.5037980251,96.0567121554
3572.2178131786,95.9879392873
3572.9318283322,95.9368513679
3573.6458434857,95.8978206542
3574.3598586393,96.0050033439
3575.0738737928,96.0302091350
3575.7878889464,95.9172479664
3576.5019040999,96.0302000054
3577.2159192535,96.2684631506
3577.9299344070,96.2682013288
3578.6439495605,96.1971389426
3579.3579647141,96.1679941344
3580.0719798676,95.9799752701
3580.7859950212,95.8340594750
3581.5000101747,95.9996599307
3582.2140253283,96.1359221509
3582.9280404818,95.9909915994
3583.6420556353,96.0022614725
3584.3560707889,96.2651764859
3585.0700859424,96.1378830244
3585.7841010960,95.8617900430
3586.4981162495,96.1929734217
3587.2121314031,96.1168578462
3587.9261465566,95.7079973421
3588.6401617102,96.3844945159
3589.3541768637,96.6745607201
3590.0681920172,96.1909132191
3590.7822071708,96.4576360259
3591.4962223243,96.5724946726
3592.2102374779,96.0716677032
3592.9242526314,96.4173268590
3593.6382677850,96.7430755009
3594.3522829385,96.2790042476
3595.0662980920,96.3434537646
3595.7803132456,96.6128900847
3596.4943283991,96.5195353682
3597.2083435527,96.4605830605
3597.9223587062,96.3209451017
3598.6363738598,96.5458269541
3599.3503890133,96.6892739172
3600.0644041668,96.4161983320
3600.7784193204,96.7262697392
3601.4924344739,96.8722127740
3602.2064496275,96.5150236136
3602.9204647810,96.8210320326
3603.6344799346,97.0063463071
3604.3484950881,96.7833179723
3605.0625102417,96.9294465262
3605.7765253952,96.7355476423
3606.4905405487,96.4851490728
3607.2045557023,96.9404402518
3607.9185708558,96.7000951907
3608.6325860094,96.3377994841
3609.3466011629,97.0932578884
3610.0606163165,97.2888914030
3610.7746314700,96.8447976406
3611.4886466235,96.5832658889
3612.2026617771,96.7479049348
3612.9166769306,97.0736719950
3613.6306920842,96.7627225370
3614.3447072377,96.5381392840
3615.0587223913,97.0557528365
3615.7727375448,97.0006836815
3616.4867526984,96.4534480056
3617.2007678519,96.6987993149
3617.9147830054,97.2235689119
3618.6287981590,96.8104131256
3619.3428133125,97.0114165661
3620.0568284661,97.6223589658
3620.7708436196,97.2324613758
3621.4848587732,97.1990190944
3622.1988739267,97.3818064004
3622.9128890802,97.2233423861
3623.6269042338,97.4236592211
3624.3409193873,97.5877485927
3625.0549345409,97.3263655532
3625.7689496944,97.3855646047
3626.4829648480,97.3384167934
3627.1969800015,96.9411961528
3627.9109951551,96.7944780735
3628.6250103086,96.9638823042
3629.3390254621,97.7380563744
3630.0530406157,98.1625257850
3630.7670557692,97.8333655449
3631.4810709228,97.8065228828
3632.1950860763,97.7386077896
3632.9091012299,97.3388744140
3633.6231163834,97.5498352419
3634.3371315369,97.8904689005
3635.0511466905,97.8133771492
3635.7651618440,98.2063753637
3636.4791769976,98.4151039816
3637.1931921511,98.1851489725
3637.9072073047,98.2839292317
3638.6212224582,98.3030252478
3639.3352376117,98.2288815756
3640.0492527653,98.4292953043
3640.7632679188,98.4977156752
3641.4772830724,98.4234164840
3642.1912982259,98.4929385180
3642.9053133795,98.5431854818
3643.6193285330,98.3837814176
3644.3333436866,98.3361781581
3645.0473588401,98.4965554908
3645.7613739936,98.2084320974
3646.4753891472,97.8844386751
3647.1894043007,98.6751133987
3647.9034194543,98.5370221284
3648.6174346078,97.9648304592
3649.3314497614,98.2566858653
3650.0454649149,98.1163237896
3650.7594800684,98.0868098230
3651.4734952220,99.0732890115
3652.1875103755,98.9361350685
3652.9015255291,98.6455873248
3653.6155406826,98.8910151101
3654.3295558362,98.8839646928
3655.0435709897,98.4276922966
3655.7575861433,98.2633721613
3656.4716012968,99.0690350330
3657.1856164503,99.2619857897
3657.8996316039,99.0474628956
3658.6136467574,99.1888083354
3659.3276619110,99.2543196707
3660.0416770645,99.0615549216
3660.7556922181,99.1591997612
3661.4697073716,99.0651998119
3662.1837225251,98.9226784699
3662.8977376787,99.1178195292
3663.6117528322,99.0340874913
3664.3257679858,98.9707609827
3665.0397831393,99.0202104940
3665.7537982929,99.0159949355
3666.4678134464,99.1418281739
3667.1818285999,98.9081291544
3667.8958437535,98.5128060672
3668.6098589070,98.8680123122
3669.3238740606,98.7440699257
3670.0378892141,98.1735100343
3670.7519043677,98.9462000236
3671.4659195212,99.1821067611
3672.1799346748,98.7208116640
3672.8939498283,98.6240616504
3673.6079649818,98.3957298032
3674.3219801354,97.8157010758
3675.0359952889,97.6741271337
3675.7500104425,98.3581087486
3676.4640255960,98.5790057620
3677.1780407496,98.5628179197
3677.8920559031,98.4280295050
3678.6060710566,98.3376821930
3679.3200862102,98.4752639848
3680.0341013637,98.6804254467
3680.7481165173,98.5289489453
3681.4621316708,98.2881717803
3682.1761468244,98.3585808751
3682.8901619779,98.4113508259
3683.6041771315,98.4143160563
3684.3181922850,98.5691016512
3685.0322074385,98.3412467854
3685.7462225921,98.2649425840
3686.4602377456,98.3501975932
3687.1742528992,97.7576503849
3687.8882680527,97.4759507143
3688.6022832063,98.7654353621
3689.3162983598,98.2211628339
3690.0303135133,97.6323702926
3690.7443286669,97.7718001183
3691.4583438204,98.4888152001
3692.1723589740,98.3989894913
3692.8863741275,98.0877125499
3693.6003892811,98.1564486967
3694.3144044346,98.2611327508
3695.0284195881,97.9591294560
3695.7424347417,97.9829804784
3696.4564498952,98.2164836036
3697.1704650488,98.0665101610
3697.8844802023,98.0378267828
3698.5984953559,98.1818345365
3699.3125105094,98.2273914131
3700.0265256630,98.1406888612
3700.7405408165,97.8516974725
3701.4545559700,97.8770154444
3702.1685711236,98.3830309473
3702.8825862771,98.3746575958
3703.5966014307,98.3229369336
3704.3106165842,98.2431550986
3705.0246317378,97.9640569079
3705.7386468913,97.9348942937
3706.4526620448,98.1847862864
3707.1666771984,98.2762620842
3707.8806923519,97.9317505629
3708.5947075055,97.4392644262
3709.3087226590,97.9232937823
3710.0227378126,98.5422370571
3710.7367529661,97.7604459951
3711.4507681197,97.0768090932
3712.1647832732,98.2539859456
3712.8787984267,98.5470325247
3713.5928135803,98.0513209285
3714.3068287338,98.0725228441
3715.0208438874,98.2418162867
3715.7348590409,98.1375687732
3716.4488741945,98.2838744838
3717.1628893480,98.3731218675
3717.8769045015,98.0908857812
3718.5909196551,98.0954161753
3719.3049348086,98.3151298225
3720.0189499622,98.1457952832
3720.7329651157,97.9230374187
3721.4469802693,97.8109736359
3722.1609954228,98.0673496853
3722.8750105763,98.2915142502
3723.5890257299,98.0413301739
3724.3030408834,98.0244373084
3725.0170560370,98.1085505242
3725.7310711905,97.8137644188
3726.4450863441,98.0933095675
3727.1591014976,98.5585925084
3727.8731166512,98.2389492944
3728.5871318047,98.0971596540
3729.3011469582,98.1822517594
3730.0151621118,98.1140868124
3730.7291772653,97.8087389274
3731.4431924189,97.3756364695
3732.1572075724,98.0095304843
3732.8712227260,98.3599067365
3733.5852378795,97.6510846573
3734.2992530330,97.6230479742
3735.0132681866,98.4244635538
3735.7272833401,97.7125916674
3736.4412984937,97.8546591176
3737.1553136472,98.1699752418
3737.8693288008,97.8410894750
3738.5833439543,98.0815103675
3739.2973591079,98.1652452912
3740.0113742614,97.8824699078
3740.7253894149,98.0848584973
3741.4394045685,98.2636159609
3742.1534197220,98.0145768594
3742.8674348756,97.5711834894
3743.5814500291,96.8435658224
3744.2954651827,98.0239379758
3745.0094803362,99.4745604464
3745.7234954897,97.9597275605
3746.4375106433,97.8277912229
3747.1515257968,98.0960272094
3747.8655409504,97.6585220555
3748.5795561039,96.8433616182
3749.2935712575,97.4520243379
3750.0075864110,98.5388684335
3750.7216015645,97.5848891403
3751.4356167181,96.9388142071
3752.1496318716,98.5690756292
3752.8636470252,98.4709957107
3753.5776621787,97.8677975464
3754.2916773323,98.0681372549
3755.0056924858,98.0101996211
3755.7197076394,97.7435321354
3756.4337227929,98.1184892554
3757.1477379464,98.3756332025
3757.8617531000,97.9770409623
3758.5757682535,97.4896516073
3759.2897834071,97.6819387618
3760.0037985606,98.5757875800
3760.7178137142,98.4719864560
3761.4318288677,98.2416408336
3762.1458440212,98.2257686423
3762.8598591748,98.0395924542
3763.5738743283,98.0510673283
3764.2878894819,98.0326669923
3765.0019046354,97.6712418142
3765.7159197890,97.8287697591
3766.4299349425,98.1400625295
3767.1439500961,98.0392280586
3767.8579652496,98.0639175566
3768.5719804031,97.8336874646
3769.2859955567,97.5729866725
3770.0000107102,98.1555700301
3770.7140258638,98.3246542058
3771.4280410173,98.1680761432
3772.1420561709,98.0976859090
3772.8560713244,98.0412764205
3773.5700864779,98.1828237083
3774.2841016315,98.2295855093
3774.9981167850,98.0792770260
3775.7121319386,98.0876639088
3776.4261470921,98.0512958382
3777.1401622457,98.0533292479
3777.8541773992,98.0659196805
3778.5681925528,97.8035910615
3779.2822077063,97.8294505517
3779.9962228598,98.1812818534
3780.7102380134,98.0045240822
3781.4242531669,97.9783133148
3782.1382683205,98.1763636399
3782.8522834740,98.0216497316
3783.5662986276,97.7638204765
3784.2803137811,97.8739955970
3784.9943289346,98.0948441016
3785.7083440882,98.1063226449
3786.4223592417,98.0065313954
3787.1363743953,98.0593055116
3787.8503895488,98.1586806314
3788.5644047024,98.1344706112
3789.2784198559,98.1039807789
3789.9924350094,98.0984873951
3790.7064501630,98.2092863512
3791.4204653165,98.2955428988
3792.1344804701,98.1062903017
3792.8484956236,97.9931307110
3793.5625107772,98.0958090705
3794.2765259307,98.0959507097
3794.9905410843,97.8917672815
3795.7045562378,97.7066266602
3796.4185713913,98.1220113665
3797.1325865449,98.4644378638
3797.8466016984,98.1086422548
3798.5606168520,98.0952780346
3799.2746320055,98.1052437930
3799.9886471591,97.3839205377
3800.7026623126,97.0068367341
3801.4166774661,98.1167791804
3802.1306926197,98.0067544492
3802.8447077732,97.8099393472
3803.5587229268,98.0208871126
3804.2727380803,98.1381546730
3804.9867532339,98.0581206884
3805.7007683874,97.6066515038
3806.4147835410,97.4164903097
3807.1287986945,98.4770834956
3807.8428138480,98.3459444589
3808.5568290016,97.9994535159
3809.2708441551,98.2270375577
3809.9848593087,98.2392643924
3810.6988744622,98.0475757562
3811.4128896158,98.2150077694
3812.1269047693,98.2634260289
3812.8409199228,98.1825614194
3813.5549350764,98.2344060092
3814.2689502299,97.9645157534
3814.9829653835,97.4960527671
3815.6969805370,97.7635075150
3816.4109956906,98.6625175218
3817.1250108441,98.2250095292
3817.8390259976,98.0036160385
3818.5530411512,98.1281920989
3819.2670563047,97.9403856463
3819.9810714583,97.3710276038
3820.6950866118,97.3172831521
3821.4091017654,98.1294017560
3822.1231169189,98.2552475524
3822.8371320725,98.0948248149
3823.5511472260,98.0683210578
3824.2651623795,98.0593188162
3824.9791775331,97.9310759413
3825.6931926866,97.8620968855
3826.4072078402,98.0648778485
3827.1212229937,98.2206406350
3827.8352381473,98.0546209610
3828.5492533008,98.0457431031
3829.2632684543,98.2577795539
3829.9772836079,98.0846835122
3830.6912987614,97.6226318943
3831.4053139150,97.7942454402
3832.1193290685,98.3662655713
3832.8333442221,98.1770141671
3833.5473593756,97.8784930709
3834.2613745292,97.7337537763
3834.9753896827,98.0361737042
3835.6894048362,98.3451902978
3836.4034199898,97.8109499207
3837.1174351433,97.1512347731
3837.8314502969,98.0632354478
3838.5454654504,98.2907635695
3839.2594806040,97.6599529732
3839.9734957575,97.5782713392
3840.6875109110,97.9723687855
3841.4015260646,98.0322569840
3842.1155412181,97.8709780669
3842.8295563717,97.7528879689
3843.5435715252,98.1295761905
3844.2575866788,98.4059592012
3844.9716018323,98.1560935555
3845.6856169858,98.1965001796
3846.3996321394,98.2315625592
3847.1136472929,98.0824434948
3847.8276624465,98.1014602159
3848.5416776000,97.9712840319
3849.2556927536,97.9169209042
3849.9697079071,98.0473289231
3850.6837230607,97.4946231077
3851.3977382142,97.0591367027
3852.1117533677,97.9031144813
3852.8257685213,97.2683423455
3853.5397836748,96.1464827556
3854.2537988284,98.6805286856
3854.9678139819,98.5580838910
3855.6818291355,97.8520038159
3856.3958442890,97.8094925334
3857.1098594425,98.0323010062
3857.8238745961,97.9944879115
3858.5378897496,97.9665167681
3859.2519049032,98.0466763965
3859.9659200567,97.9964425784
3860.6799352103,97.7407203895
3861.3939503638,97.7440356925
3862.1079655174,98.1657596491
3862.8219806709,98.1606283987
3863.5359958244,97.8481211417
3864.2500109780,97.5733272369
3864.9640261315,97.8721491868
3865.6780412851,98.3649579521
3866.3920564386,98.1784978403
3867.1060715922,97.9118624976
3867.8200867457,97.8192941616
3868.5341018992,97.4025046849
3869.2481170528,97.0502909853
3869.9621322063,98.0745641903
3870.6761473599,98.1932282310
3871.3901625134,97.8812452937
3872.1041776670,97.9180074384
3872.8181928205,97.7660832179
3873.5322079740,97.6131502915
3874.2462231276,98.0806558658
3874.9602382811,98.1455684263
3875.6742534347,98.0376571169
3876.3882685882,98.1094736119
3877.1022837418,98.0588760230
3877.8162988953,98.0426917003
3878.5303140489,97.9307835659
3879.2443292024,97.4453627264
3879.9583443559,97.3605653643
3880.6723595095,98.1833599303
3881.3863746630,98.1877333653
3882.1003898166,97.9415131498
3882.8144049701,98.0332001845
3883.5284201237,98.0416681679
3884.2424352772,97.5696441234
3884.9564504307,97.1960859013
3885.6704655843,97.7556300956
3886.3844807378,98.2509938077
3887.0984958914,98.0040157046
3887.8125110449,97.8974344901
3888.5265261985,97.9506466905
3889.2405413520,97.9399137786
3889.9545565056,97.7132497190
3890.6685716591,97.4702675506
3891.3825868126,97.8835832247
3892.0966019662,98.1121653631
3892.8106171197,97.8401236388
3893.5246322733,97.9543044958
3894.2386474268,98.2032799226
3894.9526625804,98.0548675782
3895.6666777339,97.9610916277
3896.3806928874,97.8995115280
3897.0947080410,97.8455129744
3897.8087231945,97.7398703179
3898.5227383481,97.3597842598
3899.2367535016,97.7061552406
3899.9507686552,98.2469009325
3900.6647838087,97.5731588718
3901.3787989623,97.3813597766
3902.0928141158,98.2531924450
3902.8068292693,97.6212278603
3903.5208444229,97.2714885985
3904.2348595764,98.0329314239
3904.9488747300,97.8224598368
3905.6628898835,97.5713903486
3906.3769050371,98.0148955191
3907.0909201906,98.0459451847
3907.8049353441,97.8291659919
3908.5189504977,97.9092462629
3909.2329656512,98.0507264050
3909.9469808048,98.0671959120
3910.6609959583,98.0351172652
3911.3750111119,98.0227957185
3912.0890262654,97.9637222084
3912.8030414189,97.8817700637
3913.5170565725,97.9449376423
3914.2310717260,97.9647857315
3914.9450868796,97.8062546765
3915.6591020331,97.6773862710
3916.3731171867,97.7210920936
3917.0871323402,97.9744806109
3917.8011474938,98.0259174573
3918.5151626473,97.8299754904
3919.2291778008,97.7582335969
3919.9431929544,97.8314032085
3920.6572081079,97.9262887051
3921.3712232615,97.9844663370
3922.0852384150,97.9121245416
3922.7992535686,97.8564508237
3923.5132687221,97.8597386497
3924.2272838756,97.7729094669
3924.9412990292,97.8776646755
3925.6553141827,98.0431102812
3926.3693293363,97.9273325697
3927.0833444898,97.8761203234
3927.7973596434,97.9457068650
3928.5113747969,97.8503920167
3929.2253899505,97.7641315904
3929.9394051040,97.8335481602
3930.6534202575,97.7426164572
3931.3674354111,97.5406231708
3932.0814505646,97.6857850021
3932.7954657182,97.9942584142
3933.5094808717,97.9573478721
3934.2234960253,97.9712838639
3934.9375111788,98.0094923680
3935.6515263323,97.8996660125
3936.3655414859,97.9437654765
3937.0795566394,97.9549981119
3937.7935717930,97.8325197055
3938.5075869465,97.9439359397
3939.2216021001,98.0013806842
3939.9356172536,97.9034045929
3940.6496324071,97.8718802092
3941.3636475607,97.6772713701
3942.0776627142,97.5795713382
3942.7916778678,97.8531912583
3943.5056930213,97.8953687008
3944.2197081749,97.8641699382
3944.9337233284,97.9609684911
3945.6477384820,97.9101056565
3946.3617536355,97.8148646219
3947.0757687890,97.8231086128
3947.7897839426,97.9186004201
3948.5037990961,97.8707415351
3949.2178142497,97.6583384680
3949.9318294032,97.8046451953
3950.6458445568,98.1176748443
3951.3598597103,98.0162238625
3952.0738748638,97.8932875048
3952.7878900174,97.8407938514
3953.5019051709,97.7932375223
3954.2159203245,97.9047744491
3954.9299354780,97.8809939700
3955.6439506316,97.8318292396
3956.3579657851,98.0173326501
3957.0719809387,98.0095275795
3957.7859960922,97.8660827854
3958.5000112457,97.8977464118
3959.2140263993,97.9741580012
3959.9280415528,98.0031455596
3960.6420567064,97.8695252596
3961.3560718599,97.8022332710
3962.0700870135,97.9471812895
3962.7841021670,97.8670835521
3963.4981173205,97.7939160739
3964.2121324741,97.9548919009
3964.9261476276,97.9600644929
3965.6401627812,97.8950631279
3966.3541779347,97.8692504755
3967.0681930883,97.8413110767
3967.7822082418,97.9165951486
3968.4962233953,97.8575079980
3969.2102385489,97.8251131570
3969.9242537024,97.9982604200
3970.6382688560,97.9011452764
3971.3522840095,97.8274294946
3972.0662991631,98.0282123880
3972.7803143166,97.9477686297
3973.4943294702,97.8348693497
3974.2083446237,97.9410618941
3974.9223597772,97.8766775661
3975.6363749308,97.8111334454
3976.3503900843,97.8783434636
3977.0644052379,97.8677481359
3977.7784203914,97.8723145090
3978.4924355450,97.9166119665
3979.2064506985,97.9188343462
3979.9204658520,97.8868152900
3980.6344810056,97.8425742235
3981.3484961591,97.8200309475
3982.0625113127,97.8208462976
3982.7765264662,97.9070462681
3983.4905416198,97.9681853414
3984.2045567733,97.8641995743
3984.9185719269,97.8474165778
3985.6325870804,97.8805982781
3986.3466022339,97.7726423327
3987.0606173875,97.8115957794
3987.7746325410,97.9101646878
3988.4886476946,97.8368300809
3989.2026628481,97.8760567459
3989.9166780017,97.9689647382
3990.6306931552,97.8907356214
3991.3447083087,97.8440774565
3992.0587234623,97.8775176284
3992.7727386158,97.8588223783
3993.4867537694,97.7931107873
3994.2007689229,97.7850191390
3994.9147840765,97.8760305982
3995.6287992300,97.8814286011
3996.3428143835,97.7570079583
3997.0568295371,97.7184178460
3997.7708446906,97.8061641766
3998.4848598442,97.8558787341
3999.1988749977,97.8096699817
3999.9128901513,97.8010112781