399.8484859844,43.5235345803
400.5625011380,65.1462049636
401.2765162915,75.3069760262
401.9905314450,83.4839134101
402.7045465986,76.5226085518
403.4185617521,71.2145067894
404.1325769057,85.2945608648
404.8465920592,77.7199277216
405.5606072128,71.9936675829
406.2746223663,85.0650010751
406.9886375199,82.5984507982
407.7026526734,78.4710470298
408.4166678269,83.8860083095
409.1306829805,77.3907189017
409.8446981340,72.8316709148
410.5587132876,73.4459198802
411.2727284411,72.6493586621
411.9867435947,81.0632880415
412.7007587482,85.2546791107
413.4147739017,82.0152978047
414.1287890553,80.8961036517
414.8428042088,79.2628693388
415.5568193624,78.3301402815
416.2708345159,77.4983633889
416.9848496695,75.9673980089
417.6988648230,73.5775160371
418.4128799766,67.1751426243
419.1268951301,75.2432039404
419.8409102836,89.0947979397
420.5549254372,78.2962312797
421.2689405907,71.9452982820
421.9829557443,76.9432829740
422.6969708978,80.7430844551
423.4109860514,76.1594117845
424.1250012049,78.2725870539
424.8390163584,82.5190881273
425.5530315120,80.4672629497
426.2670466655,79.4303212767
426.9810618191,79.0658020526
427.6950769726,75.4838422930
428.4090921262,77.1280870690
429.1231072797,82.6562331870
429.8371224332,83.0064123684
430.5511375868,83.9018909466
431.2651527403,82.7446061648
431.9791678939,79.1158992708
432.6931830474,81.3263723235
433.4071982010,82.7349179483
434.1212133545,82.0534095883
434.8352285081,84.5488129457
435.5492436616,81.5069604520
436.2632588151,76.5631131087
436.9772739687,79.2372265450
437.6912891222,78.7642783264
438.4053042758,76.2030052055
439.1193194293,79.4060253357
439.8333345829,81.3277938504
440.5473497364,77.6455895709
441.2613648899,75.2139022695
441.9753800435,77.4454447925
442.6893951970,78.6902194013
443.4034103506,76.6068995056
444.1174255041,76.6632075964
444.8314406577,78.3062434117
445.5454558112,78.3583982109
446.2594709648,78.7812052490
446.9734861183,79.1058061709
447.6875012718,79.0058367164
448.4015164254,78.9016502853
449.1155315789,79.0192631168
449.8295467325,79.3972657785
450.5435618860,77.4980648670
451.2575770396,76.1500980626
451.9715921931,78.7428439787
452.6856073466,80.4513028785
453.3996225002,80.0129505119
454.1136376537,79.1134160729
454.8276528073,77.5535141220
455.5416679608,79.0797895180
456.2556831144,80.2027944692
456.9696982679,78.0876465076
457.6837134214,81.4189759163
458.3977285750,82.4358882238
459.1117437285,78.0871267283
459.8257588821,77.9405820970
460.5397740356,79.1196721852
461.2537891892,78.7339133606
461.9678043427,79.1575266408
462.6818194963,79.4187496461
463.3958346498,81.7158030343
464.1098498033,82.2517860082
464.8238649569,77.8749802558
465.5378801104,77.7854674880
466.2518952640,79.6125916354
466.9659104175,78.5568677834
467.6799255711,79.5920515826
468.3939407246,79.8458238664
469.1079558781,78.5519130277
469.8219710317,79.3127509795
470.5359861852,79.1973561379
471.2500013388,79.2263885427
471.9640164923,79.1014136874
472.6780316459,76.9111054915
473.3920467994,79.1260249820
474.1060619530,79.9114709293
474.8200771065,77.4048912788
475.5340922600,79.2019940184
476.2481074136,81.4212386161
476.9621225671,78.8435909785
477.6761377207,78.0434292292
478.3901528742,79.9829083183
479.1041680278,81.3587373781
479.8181831813,81.1774160254
480.5321983348,80.0813700109
481.2462134884,80.4016133759
481.9602286419,81.3118274820
482.6742437955,80.7681541415
483.3882589490,80.5557552047
484.1022741026,80.5939466558
484.8162892561,79.6075284340
485.5303044097,78.9554557675
486.2443195632,79.5562646237
486.9583347167,81.0680988186
487.6723498703,81.2940854144
488.3863650238,79.7291483515
489.1003801774,79.4122398114
489.8143953309,80.5810435536
490.5284104845,80.1322978432
491.2424256380,79.5974015834
491.9564407915,80.8940728049
492.6704559451,80.1969599430
493.3844710986,79.1125125728
494.0984862522,81.1209120462
494.8125014057,81.5881332748
495.5265165593,79.3345740681
496.2405317128,79.2433141997
496.9545468663,80.0385341059
497.6685620199,80.0571380009
498.3825771734,80.2493869003
499.0965923270,79.8202757990
499.8106074805,80.3129856170
500.5246226341,81.1809880476
501.2386377876,80.3407733184
501.9526529412,79.8877970651
502.6666680947,79.4656781380
503.3806832482,78.7499386366
504.0946984018,79.8033872819
504.8087135553,80.3525870607
505.5227287089,79.6485248987
506.2367438624,80.4297702663
506.9507590160,80.5060880724
507.6647741695,79.6335587165
508.3787893230,80.0202502483
509.0928044766,80.3780176152
509.8068196301,80.7374996481
510.5208347837,80.6833440262
511.2348499372,79.5936504010
511.9488650908,79.4325532924
512.6628802443,79.9888028806
513.3768953979,80.1772421018
514.0909105514,80.2197742565
514.8049257049,79.6696127698
515.5189408585,79.1941702087
516.2329560120,79.1064368660
516.9469711656,79.2602541235
517.6609863191,80.1461895452
518.3750014727,80.3730698630
519.0890166262,80.5332495623
519.8030317797,81.4751160525
520.5170469333,80.6949478595
521.2310620868,79.2650453990
521.9450772404,79.4242423643
522.6590923939,80.4191906296
523.3731075475,81.0383665391
524.0871227010,80.8988716528
524.8011378545,80.3957646693
525.5151530081,80.4543744696
526.2291681616,80.4316317665
526.9431833152,79.7912604964
527.6571984687,79.5523584052
528.3712136223,80.1427267617
529.0852287758,80.6508993152
529.7992439294,80.3396470278
530.5132590829,80.2198827734
531.2272742364,80.1900718461
531.9412893900,79.8319535306
532.6553045435,80.4744708648
533.3693196971,80.8323668771
534.0833348506,80.1091030742
534.7973500042,80.5348899050
535.5113651577,80.8574695379
536.2253803112,80.4198015422
536.9393954648,80.9797508277
537.6534106183,80.8973521643
538.3674257719,80.5086885800
539.0814409254,81.0900732304
539.7954560790,80.5529961306
540.5094712325,80.0116273643
541.2234863861,80.7291801612
541.9375015396,80.8082523212
542.6515166931,80.8390369747
543.3655318467,80.6973088952
544.0795470002,79.8655645031
544.7935621538,80.1601962340
545.5075773073,80.6293543203
546.2215924609,80.3012465400
546.9356076144,80.4761393756
547.6496227679,80.7449210266
548.3636379215,80.9449079270
549.0776530750,81.0530662870
549.7916682286,80.5951393330
550.5056833821,80.6927915233
551.2196985357,81.2612293131
551.9337136892,81.1296256350
552.6477288427,80.7032510202
553.3617439963,80.6149540241
554.0757591498,81.1980782808
554.7897743034,81.9486864778
555.5037894569,81.9016844702
556.2178046105,81.3357611412
556.9318197640,80.8072692039
557.6458349176,81.0278937076
558.3598500711,81.5795020124
559.0738652246,81.3138829424
559.7878803782,81.3382845336
560.5018955317,81.7394654109
561.2159106853,81.2975095794
561.9299258388,81.1729787901
562.6439409924,81.5106098873
563.3579561459,81.4888814876
564.0719712994,81.5977192319
564.7859864530,81.3148727343
565.5000016065,81.0129349799
566.2140167601,81.5062013370
566.9280319136,81.3035104620
567.6420470672,80.5996776125
568.3560622207,80.9565848848
569.0700773743,81.5399587963
569.7840925278,81.4757068345
570.4981076813,81.2201762202
571.2121228349,81.2332114774
571.9261379884,81.3486517424
572.6401531420,81.4495947169
573.3541682955,81.8015670927
574.0681834491,81.6913035621
574.7821986026,81.2287756190
575.4962137561,81.4602468418
576.2102289097,81.7187607978
576.9242440632,81.7765210597
577.6382592168,81.9012268156
578.3522743703,81.5273332200
579.0662895239,81.7738930890
579.7803046774,82.3388985714
580.4943198309,81.7414533128
581.2083349845,81.5915152917
581.9223501380,81.9932860272
582.6363652916,81.7665542101
583.3503804451,82.0492510736
584.0643955987,82.4460304335
584.7784107522,82.2704952082
585.4924259058,82.2586701516
586.2064410593,82.2063696168
586.9204562128,82.3371068243
587.6344713664,82.4348585883
588.3484865199,82.0686871778
589.0625016735,82.4372139228
589.7765168270,82.8409681526
590.4905319806,82.3375991466
591.2045471341,82.3667853172
591.9185622876,82.7697373125
592.6325774412,82.7699144432
593.3465925947,82.7277488564
594.0606077483,82.4847859044
594.7746229018,82.5148596642
595.4886380554,82.6639499641
596.2026532089,82.4381643389
596.9166683625,82.5453332804
597.6306835160,82.4753277676
598.3446986695,82.3007975521
599.0587138231,82.9951875700
599.7727289766,83.2361735921
600.4867441302,82.5508101005
601.2007592837,82.4221088811
601.9147744373,82.7183096771
602.6287895908,83.0548312637
603.3428047443,82.9456973852
604.0568198979,82.3748955910
604.7708350514,82.3646464400
605.4848502050,82.6660001779
606.1988653585,82.8801580693
606.9128805121,83.0161155915
607.6268956656,82.6672833897
608.3409108192,82.7250405307
609.0549259727,83.2364997648
609.7689411262,82.8310589504
610.4829562798,82.3824124786
611.1969714333,82.7960403390
611.9109865869,83.1488539040
612.6250017404,83.2671664719
613.3390168940,83.2865509753
614.0530320475,83.1399845579
614.7670472010,83.0979959748
615.4810623546,83.1150491873
616.1950775081,83.2145336193
616.9090926617,83.3295378452
617.6231078152,83.2157956509
618.3371229688,83.2522659019
619.0511381223,83.4896639658
619.7651532758,83.5083349994
620.4791684294,83.5344701721
621.1931835829,83.7926919690
621.9071987365,83.7863224973
622.6212138900,83.4527771736
623.3352290436,83.4078000988
624.0492441971,83.5684333721
624.7632593507,83.4774749777
625.4772745042,83.4625203850
626.1912896577,83.6528523261
626.9053048113,83.7474273329
627.6193199648,83.7363782078
628.3333351184,83.6077579877
629.0473502719,83.7125970278
629.7613654255,84.1142679136
630.4753805790,84.0458751570
631.1893957325,83.6310858383
631.9034108861,83.6381630446
632.6174260396,83.9908540330
633.3314411932,84.1385087338
634.0454563467,83.7948100649
634.7594715003,83.7169583555
635.4734866538,84.3230422149
636.1875018074,84.4232410922
636.9015169609,83.9896461665
637.6155321144,83.8846177731
638.3295472680,84.0085235950
639.0435624215,84.1926295852
639.7575775751,84.2347398996
640.4715927286,84.1487629238
641.1856078822,84.3244474757
641.8996230357,84.3547863466
642.6136381892,84.3602707690
643.3276533428,84.6657284493
644.0416684963,84.5813584145
644.7556836499,84.4882421164
645.4696988034,84.6880528482
646.1837139570,84.4637958935
646.8977291105,84.4078945567
647.6117442640,84.5604274053
648.3257594176,84.2726155883
649.0397745711,84.3414283061
649.7537897247,84.7178040684
650.4678048782,84.7351720686
651.1818200318,84.7236887150
651.8958351853,84.6553378911
652.6098503389,84.7147450479
653.3238654924,84.9687528328
654.0378806459,84.9244456027
654.7518957995,84.9346920234
655.4659109530,85.0023368840
656.1799261066,84.8833067320
656.8939412601,85.0289106009
657.6079564137,84.9707882435
658.3219715672,84.7435017339
659.0359867207,85.1761568197
659.7500018743,85.4403764681
660.4640170278,85.1131638396
661.1780321814,85.1875488882
661.8920473349,85.4098439765
662.6060624885,85.2456679729
663.3200776420,85.0592725801
664.0340927956,85.0480199877
664.7481079491,85.0577772481
665.4621231026,85.1247479067
666.1761382562,85.3150391640
666.8901534097,85.3567403633
667.6041685633,84.8745429588
668.3181837168,84.9170123100
669.0321988704,85.1873440001
669.7462140239,85.3600321730
670.4602291774,85.8059178905
671.1742443310,85.8071587792
671.8882594845,85.6662379567
672.6022746381,85.9338050781
673.3162897916,86.1357543047
674.0303049452,86.1493599361
674.7443200987,86.0153023490
675.4583352522,85.7723721726
676.1723504058,85.9172131072
676.8863655593,86.2372750005
677.6003807129,86.2048491540
678.3143958664,86.2012270657
679.0284110200,86.3268188020
679.7424261735,86.2063683241
680.4564413271,86.0073349754
681.1704564806,86.0888684390
681.8844716341,86.3009782132
682.5984867877,86.3507143791
683.3125019412,86.3928305947
684.0265170948,86.4578739450
684.7405322483,86.4232042426
685.4545474019,86.5444998349
686.1685625554,86.6267346522
686.8825777089,86.4726617841
687.5965928625,86.5362340074
688.3106080160,86.5525512225
689.0246231696,86.3526606088
689.7386383231,86.6061677558
690.4526534767,86.8985880573
691.1666686302,86.8188034297
691.8806837838,86.9684673055
692.5946989373,87.0614336597
693.3087140908,86.7541094844
694.0227292444,86.7333603201
694.7367443979,86.9803664088
695.4507595515,86.9221859101
696.1647747050,86.7972584041
696.8787898586,86.8400250137
697.5928050121,86.8363443992
698.3068201656,86.9233523286
699.0208353192,87.1150890376
699.7348504727,87.0103093846
700.4488656263,86.9052533386
701.1628807798,87.1323708399
701.8768959334,87.2124083498
702.5909110869,87.1770149370
703.3049262404,87.3223654161
704.0189413940,87.3597457204
704.7329565475,87.4229318413
705.4469717011,87.6271179785
706.1609868546,87.6660303232
706.8750020082,87.7053753190
707.5890171617,87.7724645033
708.3030323153,87.7852037664
709.0170474688,87.9060517088
709.7310626223,87.8525327399
710.4450777759,87.7791741018
711.1590929294,88.1112803954
711.8731080830,88.2379704569
712.5871232365,88.0316450154
713.3011383901,88.1675918011
714.0151535436,88.3623053023
714.7291686971,88.2667939659
715.4431838507,88.2680985753
716.1571990042,88.4716922304
716.8712141578,88.6393734365
717.5852293113,88.6559457204
718.2992444649,88.5991296892
719.0132596184,88.5646673894
719.7272747720,88.5574325352
720.4412899255,88.7056362906
721.1553050790,88.8799446044
721.8693202326,88.8102709957
722.5833353861,88.8209252047
723.2973505397,89.0089737949
724.0113656932,88.9180582792
724.7253808468,88.8225744855
725.4393960003,89.1230055632
726.1534111538,89.3493679602
726.8674263074,89.2406368910
727.5814414609,89.1781050036
728.2954566145,89.3279012528
729.0094717680,89.4318968145
729.7234869216,89.3558224862
730.4375020751,89.4425498698
731.1515172287,89.6362373241
731.8655323822,89.4670577203
732.5795475357,89.4279473954
733.2935626893,89.8040930407
734.0075778428,89.7466236416
734.7215929964,89.4573737501
735.4356081499,89.5910147770
736.1496233035,89.5813933859
736.8636384570,89.4121650577
737.5776536105,89.5251293562
738.2916687641,89.5720798472
739.0056839176,89.5925168330
739.7196990712,89.7162147281
740.4337142247,89.5950357513
741.1477293783,89.4631721816
741.8617445318,89.5342697914
742.5757596853,89.5763871608
743.2897748389,89.6362167706
744.0037899924,89.6264385810
744.7178051460,89.4705281833
745.4318202995,89.4296907957
746.1458354531,89.5293039375
746.8598506066,89.7206464805
747.5738657602,89.8970183311
748.2878809137,89.8343811014
749.0018960672,89.7051467956
749.7159112208,89.6279344097
750.4299263743,89.5619778327
751.1439415279,89.6460962512
751.8579566814,89.6632449552
752.5719718350,89.5749684120
753.2859869885,89.7688990283
754.0000021420,89.8728921035
754.7140172956,89.6678397744
755.4280324491,89.7696082121
756.1420476027,89.9417834397
756.8560627562,89.8050655144
757.5700779098,89.9081769546
758.2840930633,90.1282242418
758.9981082169,90.0641282546
759.7121233704,90.1243103543
760.4261385239,90.2355701643
761.1401536775,90.1610875773
761.8541688310,90.2223928586
762.5681839846,90.2531404784
763.2821991381,90.1768083332
763.9962142917,90.3894371939
764.7102294452,90.5949012031
765.4242445987,90.4635386063
766.1382597523,90.2922378828
766.8522749058,90.2847082242
767.5662900594,90.4335188310
768.2803052129,90.5365943741
768.9943203665,90.5613070307
769.7083355200,90.6285712164
770.4223506735,90.4847602580
771.1363658271,90.3690811697
771.8503809806,90.5683943678
772.5643961342,90.5217722299
773.2784112877,90.4226604781
773.9924264413,90.6420326497
774.7064415948,90.6350281021
775.4204567484,90.6155867903
776.1344719019,90.7775148194
776.8484870554,90.6481405932
777.5625022090,90.6413152863
778.2765173625,90.7961413681
778.9905325161,90.6794972390
779.7045476696,90.7558961651
780.4185628232,90.9188381001
781.1325779767,90.8228903761
781.8465931302,90.8901703573
782.5606082838,90.9854666492
783.2746234373,90.9300867371
783.9886385909,90.9603558793
784.7026537444,90.9766046118
785.4166688980,91.0701852336
786.1306840515,91.2481729767
786.8446992051,91.2666471659
787.5587143586,91.2164791692
788.2727295121,91.0743609060
788.9867446657,91.0468625833
789.7007598192,91.4187552489
790.4147749728,91.5863872738
791.1287901263,91.3505133616
791.8428052799,91.3763649908
792.5568204334,91.6327539310
793.2708355869,91.6582935901
793.9848507405,91.6024933596
794.6988658940,91.7359443583
795.4128810476,91.7416026504
796.1268962011,91.6221336425
796.8409113547,91.8664114778
797.5549265082,92.0248969143
798.2689416617,91.7852904151
798.9829568153,91.8070767275
799.6969719688,91.9128762298
800.4109871224,91.8889182260
801.1250022759,92.0460296131
801.8390174295,92.0286981583
802.5530325830,92.0305234253
803.2670477366,92.2149689197
803.9810628901,91.9639149017
804.6950780436,91.9063980167
805.4090931972,92.2626529757
806.1231083507,92.1373981793
806.8371235043,92.1135225280
807.5511386578,92.4233767742
808.2651538114,92.3253564597
808.9791689649,92.3120523352
809.6931841184,92.4683017916
810.4071992720,92.3371669047
811.1212144255,92.3411195668
811.8352295791,92.4606586855
812.5492447326,92.4879528548
813.2632598862,92.6088684110
813.9772750397,92.6143643694
814.6912901933,92.6289058448
815.4053053468,92.8984291331
816.1193205003,92.9455826967
816.8333356539,92.6648849599
817.5473508074,92.5337993561
818.2613659610,92.6499747335
818.9753811145,92.7496360006
819.6893962681,92.7676154817
820.4034114216,92.7958260378
821.1174265751,92.7494771332
821.8314417287,92.6713594818
822.5454568822,92.6794745519
823.2594720358,92.6538489136
823.9734871893,92.6735793523
824.6875023429,92.7737866237
825.4015174964,92.7097830093
826.1155326499,92.5706852817
826.8295478035,92.5135834997
827.5435629570,92.5896806410
828.2575781106,92.8552720595
828.9715932641,92.9041956425
829.6856084177,92.6152136725
830.3996235712,92.5633557212
831.1136387248,92.7878707907
831.8276538783,92.8680081505
832.5416690318,92.7953139263
833.2556841854,92.7748146996
833.9696993389,92.7665685345
834.6837144925,92.6308502680
835.3977296460,92.5513880419
836.1117447996,92.6805168786
836.8257599531,92.7594388960
837.5397751066,92.6878600154
838.2537902602,92.5970431475
838.9678054137,92.5758508418
839.6818205673,92.6562089453
840.3958357208,92.6778430217
841.1098508744,92.6383187270
841.8238660279,92.6560727066
842.5378811815,92.6412961657
843.2518963350,92.6947103002
843.9659114885,92.8089137554
844.6799266421,92.7825657450
845.3939417956,92.7975512822
846.1079569492,92.8054428039
846.8219721027,92.6848124046
847.5359872563,92.7405585205
848.2500024098,92.8040968866
848.9640175633,92.7406706064
849.6780327169,92.8549999384
850.3920478704,92.8638995736
851.1060630240,92.6760772430
851.8200781775,92.7040211133
852.5340933311,92.7597056377
853.2481084846,92.7615887964
853.9621236381,92.9325087585
854.6761387917,92.9996225203
855.3901539452,92.8799221873
856.1041690988,92.8456183895
856.8181842523,92.8738843103
857.5321994059,92.9001640449
858.2462145594,92.9439727648
858.9602297130,92.9370739430
859.6742448665,92.9053807017
860.3882600200,92.9608963240
861.1022751736,93.0437449473
861.8162903271,93.0100465834
862.5303054807,92.9484380224
863.2443206342,92.9766135186
863.9583357878,93.0215700195
864.6723509413,93.0707751926
865.3863660948,93.0954233240
866.1003812484,93.0112452127
866.8143964019,92.9668816502
867.5284115555,93.0287803855
868.2424267090,93.0152126721
868.9564418626,92.9745899600
869.6704570161,93.0692936416
870.3844721697,93.1948035690
871.0984873232,93.2210619562
871.8125024767,93.1589109300
872.5265176303,93.0125784986
873.2405327838,92.8957719636
873.9545479374,92.9656744893
874.6685630909,93.0617667550
875.3825782445,93.0125009120
876.0965933980,92.9595451807
876.8106085515,92.9725668744
877.5246237051,93.0434806770
878.2386388586,93.1741971650
878.9526540122,93.2312510710
879.6666691657,93.1773858431
880.3806843193,93.0801865630
881.0946994728,93.0360261819
881.8087146264,93.1470309939
882.5227297799,93.2019876192
883.2367449334,93.1700411642
883.9507600870,93.2836705630
884.6647752405,93.2861340500
885.3787903941,93.1673609382
886.0928055476,93.2332503880
886.8068207012,93.1968257678
887.5208358547,93.1723312398
888.2348510082,93.4129826916
888.9488661618,93.3298201082
889.6628813153,93.0945680457
890.3768964689,93.2785279802
891.0909116224,93.3635089673
891.8049267760,93.2701543941
892.5189419295,93.3986430292
893.2329570830,93.4147417341
893.9469722366,93.2918357306
894.6609873901,93.3253827864
895.3750025437,93.3266120918
896.0890176972,93.2164886354
896.8030328508,93.1373342119
897.5170480043,93.1907970520
898.2310631579,93.3415280862
898.9450783114,93.3051469418
899.6590934649,93.1704108908
900.3731086185,93.2611961279
901.0871237720,93.3228354498
901.8011389256,93.1847096057
902.5151540791,93.1617846302
903.2291692327,93.2860122920
903.9431843862,93.3049012236
904.6571995397,93.2063012438
905.3712146933,93.1906632858
906.0852298468,93.2866378122
906.7992450004,93.2977227429
907.5132601539,93.2526942584
908.2272753075,93.2932561833
908.9412904610,93.3109703437
909.6553056146,93.2972286862
910.3693207681,93.3336088672
911.0833359216,93.3300300548
911.7973510752,93.3264997366
912.5113662287,93.3711184384
913.2253813823,93.3516046515
913.9393965358,93.3253522140
914.6534116894,93.3422839122
915.3674268429,93.3396745246
916.0814419964,93.3741285071
916.7954571500,93.3963783451
917.5094723035,93.3498530820
918.2234874571,93.3644039987
918.9375026106,93.4482037369
919.6515177642,93.5448043787
920.3655329177,93.5802991350
921.0795480712,93.4822688299
921.7935632248,93.4751508381
922.5075783783,93.6213960467
923.2215935319,93.6746770682
923.9356086854,93.7119739365
924.6496238390,93.8154074534
925.3636389925,93.8428736117
926.0776541461,93.8865499541
926.7916692996,94.0323196412
927.5056844531,94.1777329813
928.2196996067,94.2401900440
928.9337147602,94.2604627553
929.6477299138,94.4040768257
930.3617450673,94.5755703317
931.0757602209,94.6375559114
931.7897753744,94.7850491919
932.5037905279,94.9283963335
933.2178056815,95.0146644660
933.9318208350,95.3620832345
934.6458359886,95.6863972807
935.3598511421,95.7036515987
936.0738662957,95.8182242941
936.7878814492,96.0128373011
937.5018966028,96.1128012992
938.2159117563,96.3067571526
938.9299269098,96.4728273709
939.6439420634,96.4780727549
940.3579572169,96.5036605460
941.0719723705,96.6805387450
941.7859875240,96.9300522152
942.5000026776,96.9273331504
943.2140178311,96.7757730201
943.9280329846,96.9043595233
944.6420481382,97.0553002856
945.3560632917,97.0320025017
946.0700784453,97.1454289028
946.7840935988,97.2549864403
947.4981087524,97.2146461067
948.2121239059,97.2391523997
948.9261390594,97.3200808342
949.6401542130,97.4884297836
950.3541693665,97.6796059096
951.0681845201,97.6428684161
951.7821996736,97.7116412078
952.4962148272,97.9880945966
953.2102299807,97.9051211095
953.9242451343,97.7525657181
954.6382602878,97.8749787511
955.3522754413,97.7040147641
956.0662905949,97.6161391064
956.7803057484,98.0634401042
957.4943209020,97.9907947852
958.2083360555,97.4407727810
958.9223512091,97.3859461969
959.6363663626,97.3365287333
960.3503815161,97.0818334328
961.0643966697,97.0521508610
961.7784118232,96.9321914646
962.4924269768,96.8830938560
963.2064421303,97.1333172856
963.9204572839,97.1674082676
964.6344724374,97.0893955902
965.3484875910,97.0831888972
966.0625027445,96.9817614594
966.7765178980,97.0161499491
967.4905330516,97.0355017206
968.2045482051,96.8215940733
968.9185633587,96.6525931991
969.6325785122,96.4826832795
970.3465936658,96.3108612189
971.0606088193,96.2070179524
971.7746239728,95.9575885660
972.4886391264,95.6931448749
973.2026542799,95.4986900938
973.9166694335,95.2443921479
974.6306845870,95.0128536607
975.3446997406,94.7400905929
976.0587148941,94.5146852232
976.7727300476,94.4966974927
977.4867452012,94.3664183147
978.2007603547,94.0705333347
978.9147755083,93.8495576080
979.6287906618,93.7214929875
980.3428058154,93.7306974838
981.0568209689,93.6948578309
981.7708361225,93.4303219452
982.4848512760,93.2354995094
983.1988664295,93.2382890073
983.9128815831,93.2708362256
984.6268967366,93.2524589769
985.3409118902,93.1492958859
986.0549270437,93.0270197598
986.7689421973,92.9907709787
987.4829573508,93.0295249917
988.1969725043,93.0032448992
988.9109876579,92.8923110590
989.6250028114,92.8981799205
990.3390179650,92.9228948150
991.0530331185,92.8169544094
991.7670482721,92.7713831878
992.4810634256,92.7254540901
993.1950785792,92.6833012472
993.9090937327,92.8139233599
994.6231088862,92.8000776613
995.3371240398,92.6693919869
996.0511391933,92.7442758676
996.7651543469,92.7383028060
997.4791695004,92.6270319041
998.1931846540,92.6458053159
998.9071998075,92.6989337777
999.6212149610,92.7896940643
1000.3352301146,92.7543223460
1001.0492452681,92.5541335837
1001.7632604217,92.5805143382
1002.4772755752,92.6473250975
1003.1912907288,92.4799813818
1003.9053058823,92.4006140265
1004.6193210359,92.4735424603
1005.3333361894,92.4914996766
1006.0473513429,92.3976066419
1006.7613664965,92.3484497593
1007.4753816500,92.4688119165
1008.1893968036,92.4613152734
1008.9034119571,92.2869418994
1009.6174271107,92.2356325031
1010.3314422642,92.1798318739
1011.0454574177,92.1130551850
1011.7594725713,92.1395513717
1012.4734877248,92.0964734076
1013.1875028784,92.0425996165
1013.9015180319,91.9575447766
1014.6155331855,91.8209065028
1015.3295483390,91.9140821437
1016.0435634925,92.0473946809
1016.7575786461,91.9743278414
1017.4715937996,91.8936230104
1018.1856089532,91.8319112357
1018.8996241067,91.8508576247
1019.6136392603,91.9207803457
1020.3276544138,91.8022668911
1021.0416695674,91.7016768291
1021.7556847209,91.7316606453
1022.4696998744,91.7160166100
1023.1837150280,91.7125319353
1023.8977301815,91.6426469221
1024.6117453351,91.5383274797
1025.3257604886,91.6141982159
1026.0397756422,91.6536860849
1026.7537907957,91.6158823037
1027.4678059492,91.6866092398
1028.1818211028,91.6461396099
1028.8958362563,91.5327596210
1029.6098514099,91.6094163090
1030.3238665634,91.6434905103
1031.0378817170,91.5430650818
1031.7518968705,91.6189698450
1032.4659120241,91.7357911783
1033.1799271776,91.6110059962
1033.8939423311,91.5262805533
1034.6079574847,91.5746504562
1035.3219726382,91.4481818648
1036.0359877918,91.3369857511
1036.7500029453,91.4534106364
1037.4640180989,91.5341055084
1038.1780332524,91.4899525403
1038.8920484059,91.3777708873
1039.6060635595,91.2854775398
1040.3200787130,91.3363499796
1041.0340938666,91.3667313545
1041.7481090201,91.3557760105
1042.4621241737,91.4225623968
1043.1761393272,91.4152283940
1043.8901544807,91.4203151687
1044.6041696343,91.5409855556
1045.3181847878,91.5957121130
1046.0321999414,91.6029041482
1046.7462150949,91.6127333080
1047.4602302485,91.7098132090
1048.1742454020,91.8689225899
1048.8882605556,91.7707180307
1049.6022757091,91.7122872776
1050.3162908626,91.9340705951
1051.0303060162,91.9428220856
1051.7443211697,91.9176670508
1052.4583363233,92.0914415851
1053.1723514768,92.0444100590
1053.8863666304,92.0370691595
1054.6003817839,92.2658113271
1055.3143969374,92.3511550179
1056.0284120910,92.4004528504
1056.7424272445,92.4563700651
1057.4564423981,92.4714243083
1058.1704575516,92.6556277406
1058.8844727052,92.7229569065
1059.5984878587,92.5882222788
1060.3125030123,92.6831854743
1061.0265181658,92.8516924711
1061.7405333193,92.8373371116
1062.4545484729,92.8323326797
1063.1685636264,92.8862813451
1063.8825787800,92.9571637116
1064.5965939335,93.0562777931
1065.3106090871,93.0763064956
1066.0246242406,93.0627554230
1066.7386393941,93.2227089685
1067.4526545477,93.4390357288
1068.1666697012,93.5199872790
1068.8806848548,93.6040098345
1069.5947000083,93.6589391429
1070.3087151619,93.6035031555
1071.0227303154,93.6851248678
1071.7367454689,93.8023192072
1072.4507606225,93.8030677493
1073.1647757760,93.8640982376
1073.8787909296,93.7423444413
1074.5928060831,93.4602565861
1075.3068212367,93.4822988257
1076.0208363902,93.5624142367
1076.7348515438,93.5218831321
1077.4488666973,93.6269984166
1078.1628818508,93.6529662940
1078.8768970044,93.5760403330
1079.5909121579,93.6750842974
1080.3049273115,93.6945918089
1081.0189424650,93.5580361937
1081.7329576186,93.6178837189
1082.4469727721,93.7906977642
1083.1609879256,93.7582379744
1083.8750030792,93.6678759218
1084.5890182327,93.7684530156
1085.3030333863,93.8132492366
1086.0170485398,93.7304074661
1086.7310636934,93.8572259925
1087.4450788469,93.9792472613
1088.1590940005,93.8432193108
1088.8731091540,93.8528484616
1089.5871243075,93.9500667216
1090.3011394611,93.7642360355
1091.0151546146,93.6458612394
1091.7291697682,93.7619516715
1092.4431849217,93.7012216681
1093.1572000753,93.5718766321
1093.8712152288,93.6172405907
1094.5852303823,93.5094255873
1095.2992455359,93.2511313377
1096.0132606894,93.1948340516
1096.7272758430,93.2043558371
1097.4412909965,93.1348997999
1098.1553061501,93.0541282506
1098.8693213036,92.9404299009
1099.5833364571,92.9221986259
1100.2973516107,92.9435822626
1101.0113667642,92.8169170634
1101.7253819178,92.7939509286
1102.4393970713,92.8790315523
1103.1534122249,92.8012833807
1103.8674273784,92.7330784420
1104.5814425320,92.7010190212
1105.2954576855,92.5720633600
1106.0094728390,92.5801745270
1106.7234879926,92.7308695333
1107.4375031461,92.7455194165
1108.1515182997,92.6745647293
1108.8655334532,92.7164654412
1109.5795486068,92.8077951048
1110.2935637603,92.8190501839
1111.0075789138,92.8437499076
1111.7215940674,92.8935145888
1112.4356092209,92.9008182244
1113.1496243745,92.9855134654
1113.8636395280,93.0055996456
1114.5776546816,92.8843630365
1115.2916698351,92.9699440064
1116.0056849887,93.0972417287
1116.7197001422,93.0494504423
1117.4337152957,93.1471098430
1118.1477304493,93.2533152287
1118.8617456028,93.2321369377
1119.5757607564,93.3259611274
1120.2897759099,93.3384087601
1121.0037910635,93.2979189019
1121.7178062170,93.4308889311
1122.4318213705,93.4288923562
1123.1458365241,93.3894411274
1123.8598516776,93.6033960132
1124.5738668312,93.7153586856
1125.2878819847,93.6699576299
1126.0018971383,93.7491007594
1126.7159122918,93.8336391048
1127.4299274454,93.8982053158
1128.1439425989,94.0646814306
1128.8579577524,94.1232754189
1129.5719729060,94.0470309088
1130.2859880595,94.1629686397
1131.0000032131,94.3466438934
1131.7140183666,94.3422348676
1132.4280335202,94.3860883897
1133.1420486737,94.4592593489
1133.8560638272,94.4095535457
1134.5700789808,94.5204827400
1135.2840941343,94.6924918776
1135.9981092879,94.7172010366
1136.7121244414,94.8363807234
1137.4261395950,94.9440161616
1138.1401547485,94.9550166582
1138.8541699020,95.0727487256
1139.5681850556,95.1256480907
1140.2822002091,95.1121719710
1140.9962153627,95.1518490488
1141.7102305162,95.1057711811
1142.4242456698,95.1635987481
1143.1382608233,95.3283430333
1143.8522759769,95.3325936253
1144.5662911304,95.3739613325
1145.2803062839,95.4429960191
1145.9943214375,95.3492512533
1146.7083365910,95.3426495963
1147.4223517446,95.4985702187
1148.1363668981,95.6155295517
1148.8503820517,95.6080901172
1149.5643972052,95.5627559999
1150.2784123587,95.6396600013
1150.9924275123,95.6708187536
1151.7064426658,95.5635935163
1152.4204578194,95.6047038233
1153.1344729729,95.6737824440
1153.8484881265,95.5498869069
1154.5625032800,95.4577023675
1155.2765184336,95.4397018243
1155.9905335871,95.3640448108
1156.7045487406,95.2769600263
1157.4185638942,95.2028003422
1158.1325790477,95.1528993510
1158.8465942013,95.1024269963
1159.5606093548,94.9956479951
1160.2746245084,94.9435593355
1160.9886396619,94.9417649613
1161.7026548154,94.8097696535
1162.4166699690,94.7015103966
1163.1306851225,94.7600105990
1163.8447002761,94.6895530291
1164.5587154296,94.5039451725
1165.2727305832,94.4436083105
1165.9867457367,94.2838898986
1166.7007608902,94.0673726640
1167.4147760438,94.0879432318
1168.1287911973,94.0643700745
1168.8428063509,93.8783577236
1169.5568215044,93.7676888510
1170.2708366580,93.6472560378
1170.9848518115,93.5102273870
1171.6988669651,93.4209348229
1172.4128821186,93.2791882254
1173.1268972721,93.1678811718
1173.8409124257,93.1564332610
1174.5549275792,93.1846374094
1175.2689427328,93.1453922802
1175.9829578863,92.9611523951
1176.6969730399,92.8641362525
1177.4109881934,92.9011170310
1178.1250033469,92.8496033119
1178.8390185005,92.7859623787
1179.5530336540,92.6600142066
1180.2670488076,92.4700185297
1180.9810639611,92.4953005722
1181.6950791147,92.4768088266
1182.4090942682,92.2390507236
1183.1231094218,92.1280484650
1183.8371245753,92.0997835603
1184.5511397288,92.0103224226
1185.2651548824,91.8827365397
1185.9791700359,91.6939245482
1186.6931851895,91.5882724523
1187.4072003430,91.5028049766
1188.1212154966,91.3601375417
1188.8352306501,91.3306644159
1189.5492458036,91.2240385022
1190.2632609572,91.0499440302
1190.9772761107,91.0782898748
1191.6912912643,91.0116584606
1192.4053064178,90.8434293144
1193.1193215714,90.8720101506
1193.8333367249,90.8274804162
1194.5473518784,90.6840408851
1195.2613670320,90.6745294445
1195.9753821855,90.6256763016
1196.6893973391,90.5149206758
1197.4034124926,90.4536200970
1198.1174276462,90.3860315016
1198.8314427997,90.3374147698
1199.5454579533,90.2853536723
1200.2594731068,90.2026693102
1200.9734882603,90.1630433227
1201.6875034139,90.1310451215
1202.4015185674,90.1070998475
1203.1155337210,90.1246935587
1203.8295488745,90.0949146632
1204.5435640281,90.0396372338
1205.2575791816,90.0108246553
1205.9715943351,89.9483358204
1206.6856094887,89.9414241348
1207.3996246422,90.0096757680
1208.1136397958,89.9219379847
1208.8276549493,89.7852038121
1209.5416701029,89.8530515558
1210.2556852564,89.8923412188
1210.9697004100,89.8138807664
1211.6837155635,89.8398438544
1212.3977307170,89.8085463074
1213.1117458706,89.6846045944
1213.8257610241,89.7198272650
1214.5397761777,89.7306263830
1215.2537913312,89.6061421678
1215.9678064848,89.6003567211
1216.6818216383,89.6553193913
1217.3958367918,89.5975137530
1218.1098519454,89.5073786950
1218.8238670989,89.4955396216
1219.5378822525,89.5465845449
1220.2518974060,89.5593529380
1220.9659125596,89.5144175213
1221.6799277131,89.4673749621
1222.3939428666,89.4794066583
1223.1079580202,89.5394985243
1223.8219731737,89.4774592723
1224.5359883273,89.4145669009
1225.2500034808,89.5810249833
1225.9640186344,89.6539203916
1226.6780337879,89.5373043233
1227.3920489415,89.5554437563
1228.1060640950,89.6378997380
1228.8200792485,89.7153467956
1229.5340944021,89.7869011731
1230.2481095556,89.7479591871
1230.9621247092,89.8363595564
1231.6761398627,89.9972490517
1232.3901550163,89.9371231132
1233.1041701698,89.9603725306
1233.8181853233,90.1451634177
1234.5322004769,90.2022288325
1235.2462156304,90.2057203448
1235.9602307840,90.2313562993
1236.6742459375,90.2978511021
1237.3882610911,90.3898693652
1238.1022762446,90.4050671728
1238.8162913982,90.4964802424
1239.5303065517,90.6204125787
1240.2443217052,90.5769907019
1240.9583368588,90.5881012853
1241.6723520123,90.7004755670
1242.3863671659,90.7229035838
1243.1003823194,90.7017739485
1243.8143974730,90.7194854850
1244.5284126265,90.8190933028
1245.2424277800,90.9159040280
1245.9564429336,90.9623813083
1246.6704580871,91.0899663808
1247.3844732407,91.1941101182
1248.0984883942,91.2881981521
1248.8125035478,91.5177788279
1249.5265187013,91.6140538177
1250.2405338549,91.6322464512
1250.9545490084,91.8360276258
1251.6685641619,91.9177096387
1252.3825793155,91.8048074491
1253.0965944690,91.7557700564
1253.8106096226,91.7480243917
1254.5246247761,91.7377466091
1255.2386399297,91.6871979208
1255.9526550832,91.6069476330
1256.6666702367,91.5938680992
1257.3806853903,91.5611163019
1258.0947005438,91.5053949773
1258.8087156974,91.5484541739
1259.5227308509,91.6153403227
1260.2367460045,91.6005561779
1260.9507611580,91.5615972158
1261.6647763115,91.6385811566
1262.3787914651,91.7300358889
1263.0928066186,91.6692884969
1263.8068217722,91.6183814219
1264.5208369257,91.5917559328
1265.2348520793,91.5067935295
1265.9488672328,91.5123524675
1266.6628823864,91.4904728319
1267.3768975399,91.3734818655
1268.0909126934,91.3304207260
1268.8049278470,91.2434218434
1269.5189430005,91.1552588762
1270.2329581541,91.1784779820
1270.9469733076,91.1007906352
1271.6609884612,90.9775363835
1272.3750036147,90.8919095412
1273.0890187682,90.7747667246
1273.8030339218,90.7812079676
1274.5170490753,90.8049083736
1275.2310642289,90.6707290585
1275.9450793824,90.5670248244
1276.6590945360,90.5010062525
1277.3731096895,90.4730902002
1278.0871248431,90.5185569580
1278.8011399966,90.4145918764
1279.5151551501,90.2735704698
1280.2291703037,90.2994463423
1280.9431854572,90.3147224468
1281.6572006108,90.3121285310
1282.3712157643,90.3129803618
1283.0852309179,90.2025722515
1283.7992460714,90.1304151327
1284.5132612249,90.1595282508
1285.2272763785,90.1450298723
1285.9412915320,90.1094584630
1286.6553066856,90.0897266045
1287.3693218391,90.0579667882
1288.0833369927,90.0582015351
1288.7973521462,90.1015498523
1289.5113672997,90.0950541746
1290.2253824533,90.0072369652
1290.9393976068,89.9844673007
1291.6534127604,90.0404410899
1292.3674279139,90.0097572428
1293.0814430675,89.9731990109
1293.7954582210,90.0243147445
1294.5094733746,90.0000862506
1295.2234885281,89.9391950232
1295.9375036816,89.9843620232
1296.6515188352,89.9969852911
1297.3655339887,89.9424720615
1298.0795491423,89.9846456307
1298.7935642958,90.0430978420
1299.5075794494,90.0193466607
1300.2215946029,90.0448900223
1300.9356097564,90.0826526725
1301.6496249100,90.0440043273
1302.3636400635,90.0771419027
1303.0776552171,90.1209053116
1303.7916703706,90.0453133312
1304.5056855242,90.0496045877
1305.2197006777,90.1287112317
1305.9337158313,90.1137308744
1306.6477309848,90.1107936558
1307.3617461383,90.1217762342
1308.0757612919,90.0958543100
1308.7897764454,90.1500192842
1309.5037915990,90.1947171533
1310.2178067525,90.1520449749
1310.9318219061,90.1526604622
1311.6458370596,90.1653846928
1312.3598522131,90.1578014668
1313.0738673667,90.2301304004
1313.7878825202,90.2781134931
1314.5018976738,90.2525720425
1315.2159128273,90.2899097443
1315.9299279809,90.3385561079
1316.6439431344,90.3282744374
1317.3579582879,90.3811044896
1318.0719734415,90.4549113379
1318.7859885950,90.4521973748
1319.5000037486,90.4911349477
1320.2140189021,90.5730980413
1320.9280340557,90.5986274343
1321.6420492092,90.6432651090
1322.3560643628,90.7139725707
1323.0700795163,90.7416349334
1323.7840946698,90.7645775899
1324.4981098234,90.7991008556
1325.2121249769,90.8522667587
1325.9261401305,90.8974070735
1326.6401552840,90.8933882370
1327.3541704376,90.9390443136
1328.0681855911,90.9782893762
1328.7822007446,90.9294078950
1329.4962158982,90.9891182513
1330.2102310517,91.0879725651
1330.9242462053,91.0570323240
1331.6382613588,91.0717226515
1332.3522765124,91.1186763832
1333.0662916659,91.1122723395
1333.7803068195,91.1439709314
1334.4943219730,91.1364473190
1335.2083371265,91.1063947016
1335.9223522801,91.1395243531
1336.6363674336,91.1246123137
1337.3503825872,91.0823352504
1338.0643977407,91.0888463309
1338.7784128943,91.1073629602
1339.4924280478,91.1275596733
1340.2064432013,91.1664010473
1340.9204583549,91.2400013161
1341.6344735084,91.2513967762
1342.3484886620,91.2581074734
1343.0625038155,91.3718398613
1343.7765189691,91.3951490089
1344.4905341226,91.3305978218
1345.2045492761,91.3636433796
1345.9185644297,91.3955055648
1346.6325795832,91.4679341101
1347.3465947368,91.5654940487
1348.0606098903,91.4906213661
1348.7746250439,91.4608112832
1349.4886401974,91.5326600804
1350.2026553510,91.5325165532
1350.9166705045,91.5964799535
1351.6306856580,91.6101624039
1352.3447008116,91.5670423493
1353.0587159651,91.6890161177
1353.7727311187,91.7304078172
1354.4867462722,91.7209922884
1355.2007614258,91.8361054576
1355.9147765793,91.8317689142
1356.6287917328,91.8587072211
1357.3428068864,91.9305400229
1358.0568220399,91.8458641112
1358.7708371935,91.9137965287
1359.4848523470,92.0152016988
1360.1988675006,91.9317461813
1360.9128826541,92.0071522792
1361.6268978077,92.0591903956
1362.3409129612,91.9165395279
1363.0549281147,91.9673052019
1363.7689432683,92.0881094181
1364.4829584218,92.0231951037
1365.1969735754,92.0474025455
1365.9109887289,92.1338283463
1366.6250038825,92.1627965992
1367.3390190360,92.1973509034
1368.0530341895,92.2199279678
1368.7670493431,92.2669605712
1369.4810644966,92.4497062198
1370.1950796502,92.6243506333
1370.9090948037,92.7093553320
1371.6231099573,92.8691359703
1372.3371251108,93.0655978453
1373.0511402643,93.0643051438
1373.7651554179,92.9456261931
1374.4791705714,93.0274504378
1375.1931857250,93.1253847249
1375.9072008785,93.3122238150
1376.6212160321,93.5362324372
1377.3352311856,93.5260984266
1378.0492463392,93.4695704688
1378.7632614927,93.6281945599
1379.4772766462,93.7711076588
1380.1912917998,93.8210352621
1380.9053069533,93.8506393151
1381.6193221069,93.8604385623
1382.3333372604,93.8492060981
1383.0473524140,93.7533867674
1383.7613675675,93.5524643073
1384.4753827210,93.4100727902
1385.1893978746,93.3980129563
1385.9034130281,93.3542224039
1386.6174281817,93.2620056626
1387.3314433352,93.3471320648
1388.0454584888,93.3373743716
1388.7594736423,93.1404021801
1389.4734887959,93.1143641230
1390.1875039494,93.1367455425
1390.9015191029,93.0762441029
1391.6155342565,93.1992918187
1392.3295494100,93.3108917889
1393.0435645636,93.1958074533
1393.7575797171,93.1030131266
1394.4715948707,93.0449824866
1395.1856100242,92.9530006402
1395.8996251777,92.8360460171
1396.6136403313,92.6671525958
1397.3276554848,92.4837167390
1398.0416706384,92.2867636485
1398.7556857919,92.1247720006
1399.4697009455,92.0887767575
1400.1837160990,92.0082829857
1400.8977312526,91.8466691136
1401.6117464061,91.6296236499
1402.3257615596,91.5108857469
1403.0397767132,91.4408104231
1403.7537918667,91.2183982773
1404.4678070203,91.0462367787
1405.1818221738,91.0568466825
1405.8958373274,90.9661428760
1406.6098524809,90.8818695763
1407.3238676344,90.8577894308
1408.0378827880,90.7685649676
1408.7518979415,90.7085250369
1409.4659130951,90.6703041282
1410.1799282486,90.5834544604
1410.8939434022,90.5316332815
1411.6079585557,90.4823521603
1412.3219737092,90.4288841096
1413.0359888628,90.4207149366
1413.7500040163,90.3990196171
1414.4640191699,90.3539800719
1415.1780343234,90.2994838058
1415.8920494770,90.2091813499
1416.6060646305,90.1335137544
1417.3200797841,90.0927421841
1418.0340949376,90.0052502255
1418.7481100911,89.8483745324
1419.4621252447,90.1094459770
1420.1761403982,90.1791587577
1420.8901555518,89.9761641496
1421.6041707053,89.9316058044
1422.3181858589,89.9802202222
1423.0322010124,89.8530523197
1423.7462161659,89.8310958159
1424.4602313195,89.9070419727
1425.1742464730,89.8522676525
1425.8882616266,89.9001162953
1426.6022767801,89.8335137500
1427.3162919337,89.6756347691
1428.0303070872,89.6861750407
1428.7443222408,89.5957902448
1429.4583373943,89.4705700137
1430.1723525478,89.5417964212
1430.8863677014,89.4458574797
1431.6003828549,89.3606534337
1432.3143980085,89.3115136275
1433.0284131620,89.1461138559
1433.7424283156,89.1345625253
1434.4564434691,89.1053809662
1435.1704586226,88.8785287348
1435.8844737762,88.6980129708
1436.5984889297,88.6031854420
1437.3125040833,88.8211324833
1438.0265192368,88.7552900742
1438.7405343904,88.6638868214
1439.4545495439,88.6933224167
1440.1685646974,88.6257080366
1440.8825798510,88.5814092613
1441.5965950045,88.7111584885
1442.3106101581,88.6109403944
1443.0246253116,88.5059244027
1443.7386404652,88.6095691458
1444.4526556187,88.5665151148
1445.1666707723,88.5648091923
1445.8806859258,88.6535718801
1446.5947010793,88.5694243191
1447.3087162329,88.4832130809
1448.0227313864,88.5066919326
1448.7367465400,88.6143863028
1449.4507616935,88.6476055199
1450.1647768471,88.6097515792
1450.8787920006,88.6857105584
1451.5928071541,88.7123188446
1452.3068223077,88.7300484711
1453.0208374612,88.9299710813
1453.7348526148,88.9178755472
1454.4488677683,88.9252184410
1455.1628829219,89.1740237317
1455.8768980754,89.1318796960
1456.5909132290,89.2074772440
1457.3049283825,89.6794937489
1458.0189435360,89.4700659419
1458.7329586896,89.6120609264
1459.4469738431,89.8217249389
1460.1609889967,89.8113242531
1460.8750041502,89.9315026536
1461.5890193038,90.0319956734
1462.3030344573,90.2113799618
1463.0170496108,90.3597631678
1463.7310647644,90.1650228125
1464.4450799179,90.0279936261
1465.1590950715,89.8042306730
1465.8731102250,89.5065302746
1466.5871253786,89.4970993999
1467.3011405321,89.5260140646
1468.0151556856,89.5242016619
1468.7291708392,89.6201475323
1469.4431859927,89.7650168018
1470.1572011463,89.9390383691
1470.8712162998,90.0854983499
1471.5852314534,90.3159134352
1472.2992466069,90.6833182082
1473.0132617605,90.7878418160
1473.7272769140,90.7516337589
1474.4412920675,90.4735908026
1475.1553072211,90.1576390327
1475.8693223746,89.8241465932
1476.5833375282,90.0021594422
1477.2973526817,89.8932179858
1478.0113678353,89.6796705700
1478.7253829888,89.6530757470
1479.4393981423,89.5514135916
1480.1534132959,89.4613743479
1480.8674284494,89.3896620877
1481.5814436030,89.1724869471
1482.2954587565,89.1350962886
1483.0094739101,89.0591394579
1483.7234890636,88.8302864647
1484.4375042172,88.7452767811
1485.1515193707,88.5531658509
1485.8655345242,88.2778787426
1486.5795496778,88.1699505825
1487.2935648313,87.9854630337
1488.0075799849,87.7566317346
1488.7215951384,87.5475872201
1489.4356102920,87.2584860523
1490.1496254455,87.1894975345
1490.8636405990,87.0191502456
1491.5776557526,86.7564806079
1492.2916709061,86.6153942716
1493.0056860597,86.3881230990
1493.7197012132,86.1797795738
1494.4337163668,85.9796294689
1495.1477315203,85.6495170286
1495.8617466738,85.4277796083
1496.5757618274,85.4566656300
1497.2897769809,85.2452508633
1498.0037921345,85.0959606056
1498.7178072880,84.8317373311
1499.4318224416,84.6719193929
1500.1458375951,84.5961142810
1500.8598527487,84.3796538534
1501.5738679022,84.2837697760
1502.2878830557,84.1713494486
1503.0018982093,83.8976874359
1503.7159133628,83.8412352379
1504.4299285164,83.7508339385
1505.1439436699,83.5025872776
1505.8579588235,83.5712167872
1506.5719739770,83.2830892988
1507.2859891305,82.9079104164
1508.0000042841,83.1431346714
1508.7140194376,83.0337090660
1509.4280345912,82.8583884060
1510.1420497447,82.7482840975
1510.8560648983,82.7180723356
1511.5700800518,82.8067916135
1512.2840952054,82.7409108179
1512.9981103589,82.6114766052
1513.7121255124,82.6539676441
1514.4261406660,82.5755899485
1515.1401558195,82.5794520821
1515.8541709731,82.6511819806
1516.5681861266,82.5004522654
1517.2822012802,82.6754484050
1517.9962164337,82.9306317848
1518.7102315872,82.9358589261
1519.4242467408,82.9441225021
1520.1382618943,82.8267558947
1520.8522770479,82.8409828781
1521.5662922014,83.0272615034
1522.2803073550,82.9297358821
1522.9943225085,83.1332407105
1523.7083376621,83.1948496288
1524.4223528156,83.0601799744
1525.1363679691,83.1507352157
1525.8503831227,83.2462827952
1526.5643982762,83.0823460076
1527.2784134298,83.0641449724
1527.9924285833,83.1815160670
1528.7064437369,83.2289985340
1529.4204588904,83.2859655354
1530.1344740439,83.3376295012
1530.8484891975,83.3828945333
1531.5625043510,83.3820591246
1532.2765195046,83.3694047066
1532.9905346581,83.3798919252
1533.7045498117,83.5067503754
1534.4185649652,83.6824507619
1535.1325801187,83.6715237069
1535.8465952723,83.6772090888
1536.5606104258,83.8492357756
1537.2746255794,83.8811487286
1537.9886407329,83.8546032864
1538.7026558865,84.1219174434
1539.4166710400,84.2483181827
1540.1306861936,84.2530180402
1540.8447013471,84.4177371226
1541.5587165006,84.3929939732
1542.2727316542,84.5623284668
1542.9867468077,84.6530531820
1543.7007619613,84.5715599893
1544.4147771148,84.6980610425
1545.1287922684,84.8847518469
1545.8428074219,85.1055177208
1546.5568225754,85.3609564938
1547.2708377290,85.3715896871
1547.9848528825,85.4833302508
1548.6988680361,85.7083449988
1549.4128831896,85.6458734583
1550.1268983432,86.0040848166
1550.8409134967,86.3139734515
1551.5549286503,86.2829849646
1552.2689438038,86.6040987233
1552.9829589573,86.7069723586
1553.6969741109,86.5530274566
1554.4109892644,87.3130501346
1555.1250044180,87.3877080353
1555.8390195715,87.2893192683
1556.5530347251,87.5030150828
1557.2670498786,87.4783873636
1557.9810650321,87.8500628178
1558.6950801857,88.3259493638
1559.4090953392,87.7787033854
1560.1231104928,88.7190074678
1560.8371256463,88.7474136431
1561.5511407999,88.4819027895
1562.2651559534,88.6906730683
1562.9791711069,88.8313567269
1563.6931862605,88.7254556667
1564.4072014140,88.8385706881
1565.1212165676,89.1535900273
1565.8352317211,89.3112565192
1566.5492468747,89.3046638766
1567.2632620282,89.3570297199
1567.9772771818,89.5266606098
1568.6912923353,89.4229602205
1569.4053074888,89.4912648038
1570.1193226424,90.0297932189
1570.8333377959,89.8031366467
1571.5473529495,89.7941466328
1572.2613681030,89.9577558265
1572.9753832566,89.8989751232
1573.6893984101,90.0130463763
1574.4034135636,90.0414122521
1575.1174287172,89.8175635132
1575.8314438707,90.0309052738
1576.5454590243,90.7040232779
1577.2594741778,90.2080546877
1577.9734893314,90.0868624350
1578.6875044849,90.2140923931
1579.4015196385,90.2676515322
1580.1155347920,90.2151444585
1580.8295499455,90.2064242308
1581.5435650991,90.1935763438
1582.2575802526,90.1664517522
1582.9715954062,90.2195339234
1583.6856105597,90.1695993293
1584.3996257133,90.0440173196
1585.1136408668,90.0334689880
1585.8276560203,90.0090051485
1586.5416711739,89.9971354397
1587.2556863274,89.9724176445
1587.9697014810,89.8244383122
1588.6837166345,89.7300041862
1589.3977317881,89.6660718110
1590.1117469416,89.5758057518
1590.8257620951,89.4608416108
1591.5397772487,89.2827131082
1592.2537924022,89.2451224855
1592.9678075558,89.1392370819
1593.6818227093,88.8608111899
1594.3958378629,88.8206420210
1595.1098530164,88.7471539581
1595.8238681700,88.5287584771
1596.5378833235,88.5100529079
1597.2518984770,88.4305034748
1597.9659136306,88.2581404267
1598.6799287841,88.0650462246
1599.3939439377,87.8204212491
1600.1079590912,87.7958536882
1600.8219742448,87.6908009982
1601.5359893983,87.3900863175
1602.2500045518,87.2513899707
1602.9640197054,87.0135163023
1603.6780348589,86.8369482616
1604.3920500125,86.8235678475
1605.1060651660,86.5688747398
1605.8200803196,86.2933048682
1606.5340954731,86.0485904650
1607.2481106267,85.8063403311
1607.9621257802,85.7490978816
1608.6761409337,85.5235944517
1609.3901560873,85.3190176084
1610.1041712408,85.2068808797
1610.8181863944,84.8308611811
1611.5322015479,84.6462366287
1612.2462167015,84.5337764808
1612.9602318550,84.2620545878
1613.6742470085,84.2243440763
1614.3882621621,84.0382982404
1615.1022773156,83.7612621964
1615.8162924692,83.7387676321
1616.5303076227,83.5378906695
1617.2443227763,83.3917177393
1617.9583379298,83.2870077690
1618.6723530833,83.1091522295
1619.3863682369,83.1341325632
1620.1003833904,82.8963506835
1620.8143985440,82.6701146830
1621.5284136975,82.7628277639
1622.2424288511,82.5022914139
1622.9564440046,82.3225732036
1623.6704591582,82.5427636534
1624.3844743117,82.2523037238
1625.0984894652,82.3292756122
1625.8125046188,82.4504069643
1626.5265197723,82.2499201530
1627.2405349259,82.3299197296
1627.9545500794,82.4385121833
1628.6685652330,82.3931023275
1629.3825803865,82.4200627987
1630.0965955400,82.2622825402
1630.8106106936,82.3558345936
1631.5246258471,82.5184909615
1632.2386410007,82.4268798540
1632.9526561542,82.5237686273
1633.6666713078,82.5456953593
1634.3806864613,82.4679337508
1635.0947016149,82.8397198195
1635.8087167684,82.8143298476
1636.5227319219,82.6245763546
1637.2367470755,82.6358353031
1637.9507622290,82.7248794856
1638.6647773826,82.8572476572
1639.3787925361,82.7694584721
1640.0928076897,82.7743157820
1640.8068228432,82.9577438996
1641.5208379967,82.9037432685
1642.2348531503,83.0361161572
1642.9488683038,83.2387777222
1643.6628834574,83.2715998379
1644.3768986109,83.3409930383
1645.0909137645,83.2389658573
1645.8049289180,83.3094674726
1646.5189440715,83.7742113969
1647.2329592251,83.4895389257
1647.9469743786,83.7408625232
1648.6609895322,84.1419786490
1649.3750046857,83.9296682928
1650.0890198393,84.1760891574
1650.8030349928,84.4201709662
1651.5170501464,84.1659994071
1652.2310652999,84.1431383549
1652.9450804534,85.8282200025
1653.6590956070,85.1132047147
1654.3731107605,85.4639321926
1655.0871259141,85.5472633737
1655.8011410676,85.5128288944
1656.5151562212,85.6395230947
1657.2291713747,85.8505004631
1657.9431865282,86.0412951004
1658.6572016818,86.2203957935
1659.3712168353,86.4656530624
1660.0852319889,86.6235408791
1660.7992471424,86.8004246059
1661.5132622960,87.0282795381
1662.2272774495,87.0071641026
1662.9412926031,87.3055712199
1663.6553077566,87.7213499981
1664.3693229101,87.6130246469
1665.0833380637,87.7260119738
1665.7973532172,88.0283941591
1666.5113683708,88.0791857930
1667.2253835243,88.3509224914
1667.9393986779,88.3347387572
1668.6534138314,88.0404613345
1669.3674289849,89.2721002273
1670.0814441385,89.1799323884
1670.7954592920,88.8083688428
1671.5094744456,89.2313642320
1672.2234895991,89.5051951117
1672.9375047527,89.5477344734
1673.6515199062,89.7065273825
1674.3655350598,89.5436906801
1675.0795502133,89.7487996064
1675.7935653668,90.7072031101
1676.5075805204,90.3724250669
1677.2215956739,90.4010380613
1677.9356108275,90.6980996106
1678.6496259810,90.8052540976
1679.3636411346,90.8786622377
1680.0776562881,91.0308058947
1680.7916714416,91.3899004579
1681.5056865952,91.5252053923
1682.2197017487,91.4239337729
1682.9337169023,91.5256953371
1683.6477320558,91.6843146491
1684.3617472094,92.0313932255
1685.0757623629,93.1615718028
1685.7897775164,92.8098898836
1686.5037926700,92.6489647097
1687.2178078235,92.7718056956
1687.9318229771,92.8855492208
1688.6458381306,93.1427060408
1689.3598532842,93.3862040734
1690.0738684377,93.5262157358
1690.7878835913,93.8998411467
1691.5018987448,94.1331176005
1692.2159138983,94.1793138384
1692.9299290519,94.4341126021
1693.6439442054,94.7099430724
1694.3579593590,94.6029679587
1695.0719745125,94.1997408160
1695.7859896661,95.7782012391
1696.5000048196,96.3689475621
1697.2140199731,95.6398127981
1697.9280351267,95.7268450423
1698.6420502802,95.9566068716
1699.3560654338,95.2527268543
1700.0700805873,90.7732298430
1700.7840957409,98.9977013733
1701.4981108944,96.7855067693
1702.2121260480,96.8177482185
1702.9261412015,96.9925319031
1703.6401563550,96.7492518849
1704.3541715086,97.3810831777
1705.0681866621,97.5207042346
1705.7822018157,97.0850208514
1706.4962169692,97.7075599422
1707.2102321228,97.9915329940
1707.9242472763,97.8017565713
1708.6382624298,98.0187725978
1709.3522775834,97.9405391502
1710.0662927369,97.9495100802
1710.7803078905,98.3956139306
1711.4943230440,98.2577268503
1712.2083381976,98.1763493958
1712.9223533511,98.4172853990
1713.6363685046,98.1971523594
1714.3503836582,98.1077027718
1715.0643988117,98.8441801676
1715.7784139653,98.5807798797
1716.4924291188,97.9953787569
1717.2064442724,97.9574475711
1717.9204594259,98.7882405483
1718.6344745795,98.7199903248
1719.3484897330,98.7087792954
1720.0625048865,98.6963568164
1720.7765200401,98.6176807525
1721.4905351936,98.7316629128
1722.2045503472,98.6622262691
1722.9185655007,98.4991087761
1723.6325806543,98.7637031693
1724.3465958078,98.8071275417
1725.0606109613,98.6629219876
1725.7746261149,98.8055634464
1726.4886412684,98.7789021673
1727.2026564220,98.7744424229
1727.9166715755,98.9587230608
1728.6306867291,98.7169146437
1729.3447018826,98.5293584041
1730.0587170362,98.9177219159
1730.7727321897,98.9677512873
1731.4867473432,98.8115142288
1732.2007624968,98.6395446243
1732.9147776503,98.3394087315
1733.6287928039,98.3131355574
1734.3428079574,99.2948767700
1735.0568231110,99.7972088331
1735.7708382645,99.2720164232
1736.4848534180,98.7928875132
1737.1988685716,98.9678099582
1737.9128837251,99.0800188004
1738.6268988787,98.6142445619
1739.3409140322,98.7342742608
1740.0549291858,99.5878585002
1740.7689443393,99.2046152686
1741.4829594928,98.9238687560
1742.1969746464,98.8731953990
1742.9109897999,99.0079310084
1743.6250049535,99.0796105116
1744.3390201070,98.9294628581
1745.0530352606,99.0310174787
1745.7670504141,99.0153693083
1746.4810655677,98.8877257219
1747.1950807212,99.0977111069
1747.9090958747,98.8943711403
1748.6231110283,98.8674299455
1749.3371261818,99.3628259579
1750.0511413354,98.7523642205
1750.7651564889,98.3100480286
1751.4791716425,99.8802114691
1752.1931867960,99.3822699046
1752.9072019495,98.9495349157
1753.6212171031,99.2173048724
1754.3352322566,99.1645940190
1755.0492474102,99.0139727060
1755.7632625637,98.9207717346
1756.4772777173,98.9059886444
1757.1912928708,99.5192437103
1757.9053080244,99.3155344458
1758.6193231779,98.9796817830
1759.3333383314,99.3325430195
1760.0473534850,99.1721855588
1760.7613686385,98.6665878804
1761.4753837921,98.8766859382
1762.1893989456,99.3691662739
1762.9034140992,99.1589090011
1763.6174292527,99.0824075189
1764.3314444062,99.1567147927
1765.0454595598,99.1513251919
1765.7594747133,99.0692392096
1766.4734898669,99.0626495963
1767.1875050204,98.8777713781
1767.9015201740,98.8153894883
1768.6155353275,99.5665300943
1769.3295504810,99.2195783267
1770.0435656346,98.7142777557
1770.7575807881,99.0608070708
1771.4715959417,99.0035720376
1772.1856110952,98.4483915359
1772.8996262488,99.5310488513
1773.6136414023,99.4032466817
1774.3276565559,98.8677005300
1775.0416717094,98.9583455349
1775.7556868629,99.1967061920
1776.4697020165,99.2469600562
1777.1837171700,99.1747884457
1777.8977323236,98.9884798032
1778.6117474771,99.1173577856
1779.3257626307,99.0203872009
1780.0397777842,98.8104111012
1780.7537929377,99.2404699759
1781.4678080913,99.2011377474
1782.1818232448,98.9920092536
1782.8958383984,99.1277225688
1783.6098535519,98.9195530763
1784.3238687055,98.9115036860
1785.0378838590,99.3414817703
1785.7518990126,99.0661400105
1786.4659141661,99.0114246758
1787.1799293196,99.1555905490
1787.8939444732,98.9923096365
1788.6079596267,99.1189159040
1789.3219747803,99.0416123031
1790.0359899338,98.7178931409
1790.7500050874,99.0704602597
1791.4640202409,98.9911221055
1792.1780353944,98.4497350608
1792.8920505480,99.2398515587
1793.6060657015,99.3464468266
1794.3200808551,98.8549834414
1795.0340960086,98.8900130701
1795.7481111622,99.0147362407
1796.4621263157,98.9500516415
1797.1761414693,99.0811004895
1797.8901566228,98.9065827062
1798.6041717763,98.7614984665
1799.3181869299,99.0946467897
1800.0322020834,99.1150869536
1800.7462172370,98.8575397104
1801.4602323905,98.8290237369
1802.1742475441,98.9384541621
1802.8882626976,99.0521683897
1803.6022778511,99.0282214226
1804.3162930047,98.9601590384
1805.0303081582,98.9794160609
1805.7443233118,98.9485039329
1806.4583384653,98.9143819807
1807.1723536189,98.9133947842
1807.8863687724,98.9451521617
1808.6003839259,99.0402299808
1809.3143990795,98.8790369014
1810.0284142330,98.7329395204
1810.7424293866,99.0904947099
1811.4564445401,99.0397916757
1812.1704596937,98.7815326753
1812.8844748472,99.0122078882
1813.5984900008,99.0318645454
1814.3125051543,98.8737900429
1815.0265203078,99.0681542856
1815.7405354614,99.0609673136
1816.4545506149,98.9533513928
1817.1685657685,99.0349116600
1817.8825809220,98.9180467216
1818.5965960756,98.8852331552
1819.3106112291,98.9544611387
1820.0246263826,98.8894050515
1820.7386415362,99.0024668861
1821.4526566897,99.0106277964
1822.1666718433,98.8862273537
1822.8806869968,99.0707540047
1823.5947021504,98.9584728672
1824.3087173039,98.5681458447
1825.0227324575,98.8089059237
1825.7367476110,99.2942502781
1826.4507627645,99.0137439653
1827.1647779181,98.8467385295
1827.8787930716,98.9051203664
1828.5928082252,98.7401481409
1829.3068233787,98.6586705866
1830.0208385323,99.1806180357
1830.7348536858,99.1194067967
1831.4488688393,98.8280035705
1832.1628839929,98.8767404585
1832.8768991464,98.9090267429
1833.5909143000,98.8814610949
1834.3049294535,98.9646138551
1835.0189446071,98.8881422481
1835.7329597606,98.8581351916
1836.4469749141,98.8955190407
1837.1609900677,98.9257688585
1837.8750052212,99.1786227966
1838.5890203748,99.0884680025
1839.3030355283,98.8498887093
1840.0170506819,99.0001605647
1840.7310658354,98.8827039572
1841.4450809890,98.8472371878
1842.1590961425,99.1922466854
1842.8731112960,98.7298913417
1843.5871264496,98.2747229001
1844.3011416031,99.3224396614
1845.0151567567,99.1161729830
1845.7291719102,98.7185268453
1846.4431870638,98.8729250098
1847.1572022173,98.7779146762
1847.8712173708,98.7541799938
1848.5852325244,98.9741129248
1849.2992476779,98.8231271099
1850.0132628315,98.8390579013
1850.7272779850,99.0019075670
1851.4412931386,98.8663154214
1852.1553082921,98.8627795144
1852.8693234457,98.9271934154
1853.5833385992,98.8388717503
1854.2973537527,98.9431736961
1855.0113689063,98.9964323887
1855.7253840598,98.7554005472
1856.4393992134,98.7562409379
1857.1534143669,98.9265401586
1857.8674295205,98.7699527929
1858.5814446740,98.8330868225
1859.2954598275,99.1792145227
1860.0094749811,98.9333705118
1860.7234901346,98.5918274972
1861.4375052882,98.7636340165
1862.1515204417,98.8431817690
1862.8655355953,98.8439859974
1863.5795507488,98.8989771253
1864.2935659023,98.7886129990
1865.0075810559,98.8137973413
1865.7215962094,98.7913827346
1866.4356113630,98.6870199976
1867.1496265165,98.8643668514
1867.8636416701,98.7015658960
1868.5776568236,98.4588714653
1869.2916719772,98.9265660322
1870.0056871307,98.9823446541
1870.7197022842,98.7751785464
1871.4337174378,98.8889761512
1872.1477325913,98.7872872460
1872.8617477449,98.7079579140
1873.5757628984,98.9080812294
1874.2897780520,98.9188681002
1875.0037932055,98.8536761358
1875.7178083590,98.8197648353
1876.4318235126,98.7008695175
1877.1458386661,98.6510899284
1877.8598538197,98.7973668181
1878.5738689732,99.0449787446
1879.2878841268,98.9250904397
1880.0018992803,98.6004380914
1880.7159144339,98.7872601507
1881.4299295874,98.9302852079
1882.1439447409,98.7134893717
1882.8579598945,98.7710895239
1883.5719750480,98.8202300251
1884.2859902016,98.7524984363
1885.0000053551,98.9059001054
1885.7140205087,98.8473938874
1886.4280356622,98.7025199539
1887.1420508157,98.8308309138
1887.8560659693,98.8559378925
1888.5700811228,98.7752582472
1889.2840962764,98.7792212044
1889.9981114299,98.7683509064
1890.7121265835,98.7371386900
1891.4261417370,98.6900404251
1892.1401568905,98.7425613288
1892.8541720441,98.8992048219
1893.5681871976,98.8476547910
1894.2822023512,98.6643250885
1894.9962175047,98.6409538176
1895.7102326583,98.7306273247
1896.4242478118,98.8020415538
1897.1382629654,98.8914399807
1897.8522781189,98.8715185968
1898.5662932724,98.7255956158
1899.2803084260,98.8143186822
1899.9943235795,98.9763668910
1900.7083387331,98.7549705751
1901.4223538866,98.6477994445
1902.1363690402,98.8610904302
1902.8503841937,98.8239619566
1903.5643993472,98.7656328877
1904.2784145008,98.8336226435
1904.9924296543,98.6845637477
1905.7064448079,98.6475252319
1906.4204599614,98.7672037820
1907.1344751150,98.7776889061
1907.8484902685,98.9189325256
1908.5625054221,98.9419283879
1909.2765205756,98.6738267520
1909.9905357291,98.5933682989
1910.7045508827,98.7883206741
1911.4185660362,98.8766853928
1912.1325811898,98.8101305278
1912.8465963433,98.7723595250
1913.5606114969,98.8368014312
1914.2746266504,98.7717960549
1914.9886418039,98.7513613579
1915.7026569575,98.8988120123
1916.4166721110,98.7278473993
1917.1306872646,98.5247297266
1917.8447024181,98.8737478699
1918.5587175717,99.0913792331
1919.2727327252,98.8605122382
1919.9867478788,98.8591607457
1920.7007630323,99.0060928777
1921.4147781858,98.9141400487
1922.1287933394,98.7073957681
1922.8428084929,98.7285189532
1923.5568236465,98.8333764576
1924.2708388000,98.7380803320
1924.9848539536,98.6756361511
1925.6988691071,98.7054610693
1926.4128842606,98.8396506453
1927.1268994142,99.0922793553
1927.8409145677,98.9233691514
1928.5549297213,98.4987544947
1929.2689448748,98.5875730273
1929.9829600284,98.7017646566
1930.6969751819,98.5304637997
1931.4109903354,98.5691218413
1932.1250054890,98.4962716940
1932.8390206425,98.3516195433
1933.5530357961,98.6885747861
1934.2670509496,98.8579779488
1934.9810661032,98.5083779816
1935.6950812567,98.4081515696
1936.4090964103,98.7211536999
1937.1231115638,98.9727809307
1937.8371267173,98.8928119812
1938.5511418709,98.6244273126
1939.2651570244,98.5282099923
1939.9791721780,98.5073911152
1940.6931873315,98.5251502398
1941.4072024851,98.7228548886
1942.1212176386,98.9320870916
1942.8352327921,99.0420700891
1943.5492479457,98.9401998990
1944.2632630992,98.7301203886
1944.9772782528,98.8194336165
1945.6912934063,98.8669595120
1946.4053085599,98.6263136879
1947.1193237134,98.7796859760
1947.8333388670,98.7835980548
1948.5473540205,98.5254465487
1949.2613691740,98.9501770834
1949.9753843276,99.0436299302
1950.6893994811,98.5007447976
1951.4034146347,98.6208777885
1952.1174297882,98.8131568977
1952.8314449418,98.8211109249
1953.5454600953,99.1794447606
1954.2594752488,99.1019720732
1954.9734904024,98.8359305243
1955.6875055559,98.9914199158
1956.4015207095,99.0600650309
1957.1155358630,99.0486298950
1957.8295510166,98.8412291023
1958.5435661701,98.6703834795
1959.2575813236,98.9705845234
1959.9715964772,98.8900015237
1960.6856116307,98.6302597286
1961.3996267843,98.6157945213
1962.1136419378,98.3999645537
1962.8276570914,98.6290151350
1963.5416722449,98.6567068473
1964.2556873985,98.1497657454
1964.9697025520,98.8553994271
1965.6837177055,99.4110158640
1966.3977328591,98.5966378277
1967.1117480126,98.3486146755
1967.8257631662,98.5625997031
1968.5397783197,98.7315047274
1969.2537934733,98.8886052467
1969.9678086268,98.3285663445
1970.6818237803,98.4086439300
1971.3958389339,99.0529007546
1972.1098540874,98.8163578847
1972.8238692410,98.9240806109
1973.5378843945,99.0201152317
1974.2518995481,98.3197395994
1974.9659147016,98.2979661465
1975.6799298552,98.6289759594
1976.3939450087,98.8898065581
1977.1079601622,98.9957910372
1977.8219753158,98.2316327885
1978.5359904693,98.1381650923
1979.2500056229,98.6467607967
1979.9640207764,98.2691372229
1980.6780359300,98.1725548887
1981.3920510835,98.4869137416
1982.1060662370,98.4528900563
1982.8200813906,98.8389214340
1983.5340965441,99.1489962874
1984.2481116977,98.5833701687
1984.9621268512,98.1582601556
1985.6761420048,98.3519309644
1986.3901571583,98.5048348331
1987.1041723118,98.5034731804
1987.8181874654,98.7327193592
1988.5322026189,98.8443853838
1989.2462177725,98.7041455785
1989.9602329260,98.7164523099
1990.6742480796,98.5961614304
1991.3882632331,98.5962069960
1992.1022783867,98.8754276203
1992.8162935402,98.6440195608
1993.5303086937,98.7986710092
1994.2443238473,99.1346474567
1994.9583390008,98.5026877086
1995.6723541544,98.3209501262
1996.3863693079,98.6037864396
1997.1003844615,98.4414709915
1997.8143996150,98.8588085400
1998.5284147685,98.9267457623
1999.2424299221,98.3513328667
1999.9564450756,98.8221169948
2000.6704602292,99.0422927544
2001.3844753827,98.6274049673
2002.0984905363,98.8331988313
2002.8125056898,98.7318063709
2003.5265208434,98.7816928986
2004.2405359969,99.2728646270
2004.9545511504,98.7974226753
2005.6685663040,98.3564402115
2006.3825814575,98.3803576956
2007.0965966111,98.0940380975
2007.8106117646,98.3204682378
2008.5246269182,98.8242553402
2009.2386420717,98.8675637246
2009.9526572252,98.7592485894
2010.6666723788,98.8324644585
2011.3806875323,99.2239052025
2012.0947026859,98.9182813126
2012.8087178394,98.2728784929
2013.5227329930,98.6340024369
2014.2367481465,98.6157530042
2014.9507633000,97.9896306348
2015.6647784536,98.2512796439
2016.3787936071,98.4070254074
2017.0928087607,97.9181089839
2017.8068239142,98.2408845352
2018.5208390678,99.1190690616
2019.2348542213,99.1519594668
2019.9488693749,98.5639978886
2020.6628845284,98.6080120764
2021.3768996819,98.3975214934
2022.0909148355,98.0141180531
2022.8049299890,98.9980337612
2023.5189451426,99.2160262712
2024.2329602961,97.9658993773
2024.9469754497,98.0920130997
2025.6609906032,98.4203699530
2026.3750057567,98.0570600411
2027.0890209103,98.9106950463
2027.8030360638,99.9023672147
2028.5170512174,99.7941123045
2029.2310663709,99.3135490204
2029.9450815245,98.9848614748
2030.6590966780,98.8411160533
2031.3731118316,98.0584539271
2032.0871269851,97.8795640047
2032.8011421386,98.8337932086
2033.5151572922,98.6815022739
2034.2291724457,98.5142626801
2034.9431875993,99.2223172036
2035.6572027528,98.7492920386
2036.3712179064,98.2320630015
2037.0852330599,98.2426982456
2037.7992482134,98.0713379422
2038.5132633670,98.4473709534
2039.2272785205,98.4591658311
2039.9412936741,98.2518060685
2040.6553088276,98.8216747258
2041.3693239812,98.6338325140
2042.0833391347,98.0540905910
2042.7973542883,98.0882261683
2043.5113694418,98.2483609884
2044.2253845953,98.9407848981
2044.9393997489,99.0176916856
2045.6534149024,98.2805811227
2046.3674300560,98.5710052411
2047.0814452095,98.7730576207
2047.7954603631,98.5336605804
2048.5094755166,98.8970175929
2049.2234906701,98.4901056818
2049.9375058237,97.8310607694
2050.6515209772,98.1449742244
2051.3655361308,98.2464100446
2052.0795512843,98.1703065673
2052.7935664379,98.3595611362
2053.5075815914,98.4042249797
2054.2215967449,98.4876822712
2054.9356118985,98.5529434658
2055.6496270520,98.4943152471
2056.3636422056,98.5340286290
2057.0776573591,98.4813253405
2057.7916725127,98.3073968560
2058.5056876662,98.1792352419
2059.2197028198,98.1379327102
2059.9337179733,98.3074469188
2060.6477331268,98.6002529343
2061.3617482804,98.5501199284
2062.0757634339,98.0285137211
2062.7897785875,97.8068577759
2063.5037937410,98.2435507152
2064.2178088946,98.6319554942
2064.9318240481,98.5886304466
2065.6458392016,98.2267332520
2066.3598543552,98.2121430605
2067.0738695087,98.7621074401
2067.7878846623,98.6425356700
2068.5018998158,98.2968003360
2069.2159149694,98.7983439637
2069.9299301229,98.7711532366
2070.6439452765,98.4151775652
2071.3579604300,98.6261528327
2072.0719755835,98.3184980876
2072.7859907371,98.1765772726
2073.5000058906,98.5273266631
2074.2140210442,98.2820327526
2074.9280361977,98.3796349631
2075.6420513513,98.5510538746
2076.3560665048,98.0429790573
2077.0700816583,98.1445852313
2077.7840968119,98.3090573710
2078.4981119654,98.1434351361
2079.2121271190,98.6350697544
2079.9261422725,98.7112578839
2080.6401574261,98.2057752811
2081.3541725796,98.1538189128
2082.0681877331,98.1943377271
2082.7822028867,98.3586340732
2083.4962180402,98.5318532563
2084.2102331938,98.3211207826
2084.9242483473,98.2200175551
2085.6382635009,98.1560167888
2086.3522786544,98.1462759606
2087.0662938080,98.2861690923
2087.7803089615,98.1266135150
2088.4943241150,98.2281320476
2089.2083392686,98.4876968614
2089.9223544221,98.1987523306
2090.6363695757,98.2932376328
2091.3503847292,98.7202494605
2092.0643998828,98.5849118466
2092.7784150363,98.5617534572
2093.4924301898,98.8169421768
2094.2064453434,98.6628999038
2094.9204604969,98.3106005321
2095.6344756505,98.3530739991
2096.3484908040,98.5694427223
2097.0625059576,98.4663347415
2097.7765211111,98.4047358556
2098.4905362647,98.4637842502
2099.2045514182,98.2539388433
2099.9185665717,98.2226347012
2100.6325817253,98.3664168899
2101.3465968788,98.4289479290
2102.0606120324,98.5582395437
2102.7746271859,98.2715008072
2103.4886423395,98.0449190136
2104.2026574930,98.3212187654
2104.9166726465,98.0836151916
2105.6306878001,97.9193674040
2106.3447029536,98.4031746531
2107.0587181072,98.4362271781
2107.7727332607,98.2868860060
2108.4867484143,98.2639751850
2109.2007635678,98.1238510405
2109.9147787213,98.2763236045
2110.6287938749,98.3173803751
2111.3428090284,98.2993276957
2112.0568241820,98.6345844465
2112.7708393355,98.5271142675
2113.4848544891,98.2406942027
2114.1988696426,98.2561390430
2114.9128847962,98.1826470346
2115.6268999497,98.2140979428
2116.3409151032,98.2436420121
2117.0549302568,98.3379801636
2117.7689454103,98.6318211303
2118.4829605639,98.3698983553
2119.1969757174,98.2249013328
2119.9109908710,98.6550877594
2120.6250060245,98.5365143964
2121.3390211780,98.2581011602
2122.0530363316,98.3135850625
2122.7670514851,98.3570670917
2123.4810666387,98.4801997488
2124.1950817922,98.3342977427
2124.9090969458,98.2882319628
2125.6231120993,98.5951465309
2126.3371272529,98.3783973286
2127.0511424064,98.3161171898
2127.7651575599,98.5964426884
2128.4791727135,98.3711317919
2129.1931878670,98.4199965085
2129.9072030206,98.5559204732
2130.6212181741,98.2914951834
2131.3352333277,98.4402029776
2132.0492484812,98.5787567620
2132.7632636347,98.7024204882
2133.4772787883,99.0822517405
2134.1912939418,98.7633373562
2134.9053090954,98.3301261245
2135.6193242489,98.2763760191
2136.3333394025,98.3619476040
2137.0473545560,98.7561689114
2137.7613697095,98.5377888267
2138.4753848631,98.1715853610
2139.1894000166,98.6851632847
2139.9034151702,98.8755388404
2140.6174303237,98.6780231623
2141.3314454773,98.5321405769
2142.0454606308,98.3043802058
2142.7594757844,98.4321137291
2143.4734909379,98.4460689288
2144.1875060914,98.4966240206
2144.9015212450,98.6738853072
2145.6155363985,98.1193295590
2146.3295515521,98.3573577084
2147.0435667056,99.0332993665
2147.7575818592,98.4786517328
2148.4715970127,98.6086356230
2149.1856121662,98.8868101933
2149.8996273198,98.4725922714
2150.6136424733,98.8915147499
2151.3276576269,98.6039170734
2152.0416727804,98.2894377333
2152.7556879340,99.3350010525
2153.4697030875,98.9574028658
2154.1837182411,98.7294579302
2154.8977333946,100.0810316889
2155.6117485481,99.5403242300
2156.3257637017,98.3517228191
2157.0397788552,98.9199602424
2157.7537940088,99.7341145871
2158.4678091623,99.1248565219
2159.1818243159,97.5345048106
2159.8958394694,97.9700634467
2160.6098546229,99.0910479192
2161.3238697765,98.0531416589
2162.0378849300,97.7697480708
2162.7519000836,98.5458519489
2163.4659152371,98.3879766826
2164.1799303907,98.6865255399
2164.8939455442,98.7625333901
2165.6079606978,97.9627315119
2166.3219758513,97.8988698128
2167.0359910048,98.4159219702
2167.7500061584,98.7285481560
2168.4640213119,98.7140334040
2169.1780364655,98.6338411519
2169.8920516190,98.6162788827
2170.6060667726,98.3547322903
2171.3200819261,98.5821188429
2172.0340970796,98.8841639501
2172.7481122332,98.4098955026
2173.4621273867,98.3943042692
2174.1761425403,98.3908919036
2174.8901576938,98.0936761308
2175.6041728474,98.5391151761
2176.3181880009,98.4605404492
2177.0322031544,98.0349362294
2177.7462183080,98.2834076855
2178.4602334615,98.1795817782
2179.1742486151,98.1391658516
2179.8882637686,98.3539086664
2180.6022789222,98.2881706714
2181.3162940757,98.4309906756
2182.0303092293,98.1264438673
2182.7443243828,98.0929740424
2183.4583395363,98.7421242750
2184.1723546899,98.4322754661
2184.8863698434,98.3045222034
2185.6003849970,98.3839547993
2186.3144001505,97.7360734862
2187.0284153041,97.9071194899
2187.7424304576,98.0521595858
2188.4564456111,97.8785905789
2189.1704607647,98.5164417005
2189.8844759182,98.0910810457
2190.5984910718,97.8790656944
2191.3125062253,98.8407922914
2192.0265213789,98.2294699881
2192.7405365324,97.9104721417
2193.4545516860,98.5356580874
2194.1685668395,97.9210290963
2194.8825819930,97.9837647452
2195.5965971466,98.5019383220
2196.3106123001,98.1426188324
2197.0246274537,98.4415838809
2197.7386426072,98.3817772010
2198.4526577608,98.0153522018
2199.1666729143,98.5589008253
2199.8806880678,98.4310697552
2200.5947032214,97.9984961911
2201.3087183749,98.0249021341
2202.0227335285,97.8582651235
2202.7367486820,98.1074713018
2203.4507638356,98.3279625291
2204.1647789891,98.1527039355
2204.8787941426,98.2538559546
2205.5928092962,98.0585589162
2206.3068244497,97.8485062902
2207.0208396033,98.2252883844
2207.7348547568,98.7123314818
2208.4488699104,98.9202834788
2209.1628850639,98.2655646875
2209.8769002175,97.9052388076
2210.5909153710,98.2941757114
2211.3049305245,98.0286177231
2212.0189456781,97.8836019468
2212.7329608316,98.3088458925
2213.4469759852,98.2509892682
2214.1609911387,98.3388142499
2214.8750062923,98.3797923798
2215.5890214458,98.1678485690
2216.3030365993,98.1172725394
2217.0170517529,97.7579177983
2217.7310669064,97.9778987193
2218.4450820600,98.5769798599
2219.1590972135,98.1347763763
2219.8731123671,98.1761966373
2220.5871275206,98.5383509882
2221.3011426742,98.0718338545
2222.0151578277,98.1165028718
2222.7291729812,98.2241998994
2223.4431881348,97.9989535134
2224.1572032883,98.2636893971
2224.8712184419,98.0842271134
2225.5852335954,97.8260531259
2226.2992487490,98.1024374110
2227.0132639025,98.0441874720
2227.7272790560,98.0398344575
2228.4412942096,98.0345935984
2229.1553093631,97.8527833071
2229.8693245167,98.1603663725
2230.5833396702,98.3447123872
2231.2973548238,98.4135917436
2232.0113699773,98.5724440214
2232.7253851308,98.2831477007
2233.4394002844,98.2368623689
2234.1534154379,98.3329518052
2234.8674305915,98.1432349530
2235.5814457450,98.2800217200
2236.2954608986,98.2598842530
2237.0094760521,98.0931514301
2237.7234912057,98.3187660603
2238.4375063592,98.2616948802
2239.1515215127,98.0026196674
2239.8655366663,97.8815737286
2240.5795518198,97.7947826042
2241.2935669734,97.8711156414
2242.0075821269,97.9111783167
2242.7215972805,98.0382935478
2243.4356124340,98.2055098552
2244.1496275875,97.9784831279
2244.8636427411,97.9938784578
2245.5776578946,98.0963436842
2246.2916730482,98.0094842818
2247.0056882017,98.3114671462
2247.7197033553,98.2801142357
2248.4337185088,98.0148096821
2249.1477336624,98.2089715456
2249.8617488159,98.1390841152
2250.5757639694,98.0141312940
2251.2897791230,98.0016585940
2252.0037942765,97.8416285285
2252.7178094301,98.0708371718
2253.4318245836,98.0933656987
2254.1458397372,97.8676420865
2254.8598548907,98.1570368866
2255.5738700442,98.0943635408
2256.2878851978,98.0168926147
2257.0019003513,98.3126438185
2257.7159155049,98.0587795608
2258.4299306584,98.0792227560
2259.1439458120,98.2608413708
2259.8579609655,97.8738753622
2260.5719761190,98.0281242452
2261.2859912726,98.3009037079
2262.0000064261,98.0903214546
2262.7140215797,98.1510245067
2263.4280367332,98.1143462526
2264.1420518868,98.0177096329
2264.8560670403,98.0877032547
2265.5700821939,98.0223120210
2266.2840973474,98.0468629835
2266.9981125009,97.8393691742
2267.7121276545,97.7647070239
2268.4261428080,98.1395484510
2269.1401579616,97.8614958366
2269.8541731151,97.6870049426
2270.5681882687,98.1180088185
2271.2822034222,97.9411900573
2271.9962185757,97.8943457367
2272.7102337293,98.1616999657
2273.4242488828,97.9975526470
2274.1382640364,98.0330939152
2274.8522791899,98.0346256150
2275.5662943435,98.0104420533
2276.2803094970,98.2546988527
2276.9943246506,97.9917040603
2277.7083398041,97.8755005121
2278.4223549576,98.1245132577
2279.1363701112,97.9221274326
2279.8503852647,97.9627711633
2280.5644004183,98.1137881874
2281.2784155718,97.9820178329
2281.9924307254,98.1813086996
2282.7064458789,98.1173901974
2283.4204610324,97.8203592186
2284.1344761860,97.9744480733
2284.8484913395,98.0649075547
2285.5625064931,97.9626514660
2286.2765216466,97.8700003827
2286.9905368002,97.8663779012
2287.7045519537,97.9967105935
2288.4185671072,97.9412059116
2289.1325822608,98.0079625771
2289.8465974143,98.1051506057
2290.5606125679,97.8353254071
2291.2746277214,97.9140400729
2291.9886428750,98.0686981228
2292.7026580285,97.8274010671
2293.4166731821,97.8945910485
2294.1306883356,97.9822716160
2294.8447034891,97.9360515895
2295.5587186427,98.0656482168
2296.2727337962,97.9208755531
2296.9867489498,97.8310246569
2297.7007641033,97.9377881925
2298.4147792569,97.9519693237
2299.1287944104,98.0183078803
2299.8428095639,97.9149719464
2300.5568247175,98.0198122890
2301.2708398710,98.1362746979
2301.9848550246,97.8095018460
2302.6988701781,98.1912944524
2303.4128853317,98.2970101223
2304.1269004852,97.6659282777
2304.8409156388,98.1369267200
2305.5549307923,98.1119677736
2306.2689459458,97.4975185968
2306.9829610994,98.3172266410
2307.6969762529,98.0664527088
2308.4109914065,97.5198398542
2309.1250065600,98.4530894131
2309.8390217136,97.8347273360
2310.5530368671,97.5415136173
2311.2670520206,98.6566319618
2311.9810671742,97.7105400754
2312.6950823277,97.5333772349
2313.4090974813,98.4589586447
2314.1231126348,97.5519764119
2314.8371277884,97.7478388959
2315.5511429419,98.3700990905
2316.2651580955,97.7391429948
2316.9791732490,98.3581768823
2317.6931884025,98.0480187399
2318.4072035561,97.3435309864
2319.1212187096,98.3026508405
2319.8352338632,97.8863071121
2320.5492490167,97.4306549904
2321.2632641703,98.3222137072
2321.9772793238,97.7490143643
2322.6912944773,97.6530925750
2323.4053096309,98.1256698716
2324.1193247844,97.4210716392
2324.8333399380,97.7403076416
2325.5473550915,98.2082564915
2326.2613702451,97.7364816057
2326.9753853986,98.1653169249
2327.6894005521,98.1946421340
2328.4034157057,97.8912954858
2329.1174308592,98.2310465255
2329.8314460128,97.9888158011
2330.5454611663,98.1285269150
2331.2594763199,98.4503175240
2331.9734914734,97.9767894086
2332.6875066270,98.2517221428
2333.4015217805,98.3693311308
2334.1155369340,97.9198084536
2334.8295520876,98.1026724732
2335.5435672411,97.9955355762
2336.2575823947,97.9255331569
2336.9715975482,98.3283436685
2337.6856127018,98.0419212160
2338.3996278553,98.0914447846
2339.1136430088,98.3710771326
2339.8276581624,98.0746817449
2340.5416733159,98.2138490192
2341.2556884695,98.1668629933
2341.9697036230,97.9020265411
2342.6837187766,98.1952296009
2343.3977339301,98.0193682305
2344.1117490837,97.7403729413
2344.8257642372,97.9956919748
2345.5397793907,97.9926867291
2346.2537945443,98.1196688666
2346.9678096978,98.2940596774
2347.6818248514,98.1587050004
2348.3958400049,98.1552016547
2349.1098551585,98.0558865082
2349.8238703120,97.9103026203
2350.5378854655,98.1545966111
2351.2519006191,98.2038036571
2351.9659157726,97.9372046367
2352.6799309262,97.9237550550
2353.3939460797,98.0572840802
2354.1079612333,98.0363501549
2354.8219763868,97.8340456865
2355.5359915403,97.9553909109
2356.2500066939,98.2610255572
2356.9640218474,98.0522136384
2357.6780370010,97.9450179233
2358.3920521545,98.0033636752
2359.1060673081,97.7956734418
2359.8200824616,97.8409058165
2360.5340976152,97.9531017457
2361.2481127687,97.8867213313
2361.9621279222,97.9600933179
2362.6761430758,97.8168284157
2363.3901582293,97.8129548944
2364.1041733829,98.1628167743
2364.8181885364,98.0661393738
2365.5322036900,97.9887350990
2366.2462188435,98.1866807102
2366.9602339970,98.1072506033
2367.6742491506,98.0403223303
2368.3882643041,98.1240975701
2369.1022794577,98.1235727095
2369.8162946112,98.1135256608
2370.5303097648,98.0458765286
2371.2443249183,97.9697585836
2371.9583400719,98.0408251071
2372.6723552254,98.0952138544
2373.3863703789,98.0525194399
2374.1003855325,98.1027341403
2374.8144006860,98.2553730925
2375.5284158396,98.2663733859
2376.2424309931,98.1589292502
2376.9564461467,98.1423422421
2377.6704613002,98.1317317524
2378.3844764537,98.0929069549
2379.0984916073,98.0632331265
2379.8125067608,98.0745904398
2380.5265219144,98.1703797370
2381.2405370679,98.1343739753
2381.9545522215,97.9804748124
2382.6685673750,98.0302932957
2383.3825825285,98.1388960113
2384.0965976821,98.1562366705
2384.8106128356,98.2077357708
2385.5246279892,98.2076560126
2386.2386431427,98.1828158599
2386.9526582963,98.0787219197
2387.6666734498,97.9559263823
2388.3806886034,98.0093781117
2389.0947037569,98.0778308428
2389.8087189104,98.1330045208
2390.5227340640,98.0933761296
2391.2367492175,98.1936821713
2391.9507643711,98.1846097472
2392.6647795246,98.1184698237
2393.3787946782,98.0848631954
2394.0928098317,98.0650302738
2394.8068249852,98.0278946991
2395.5208401388,97.9895431398
2396.2348552923,98.0407099617
2396.9488704459,98.1034041403
2397.6628855994,98.1290561235
2398.3769007530,98.0997608125
2399.0909159065,98.0604922483
2399.8049310601,98.0115617864
2400.5189462136,98.0376283117
2401.2329613671,98.1615031507
2401.9469765207,98.2723753515
2402.6609916742,98.1349756752
2403.3750068278,98.0016407400
2404.0890219813,98.0566246150
2404.8030371349,98.0283306892
2405.5170522884,98.0369819255
2406.2310674419,98.0650885837
2406.9450825955,97.9408540199
2407.6590977490,97.9804809727
2408.3731129026,98.0266219745
2409.0871280561,97.9530954100
2409.8011432097,98.1164427006
2410.5151583632,98.1582534016
2411.2291735167,97.9700907903
2411.9431886703,97.9913512379
2412.6572038238,98.0318614278
2413.3712189774,98.0434192513
2414.0852341309,98.0899167029
2414.7992492845,98.0135345150
2415.5132644380,98.0683424569
2416.2272795916,98.1246120350
2416.9412947451,98.0028151964
2417.6553098986,98.0657302706
2418.3693250522,98.1065578472
2419.0833402057,98.0195962809
2419.7973553593,98.0828529332
2420.5113705128,98.0439548526
2421.2253856664,97.9851543735
2421.9394008199,98.0930953091
2422.6534159734,98.0581778149
2423.3674311270,97.9984019130
2424.0814462805,98.0454601858
2424.7954614341,98.1097354572
2425.5094765876,98.2254290864
2426.2234917412,98.1084175463
2426.9375068947,97.8976100703
2427.6515220483,97.9774145211
2428.3655372018,98.0147549816
2429.0795523553,97.9605343967
2429.7935675089,98.0426889568
2430.5075826624,98.0081998082
2431.2215978160,97.9612270959
2431.9356129695,98.0537911432
2432.6496281231,98.0048695357
2433.3636432766,97.9339517894
2434.0776584301,98.0103230268
2434.7916735837,98.0146466326
2435.5056887372,97.9871045094
2436.2197038908,98.0464363276
2436.9337190443,98.0086563905
2437.6477341979,97.8856287675
2438.3617493514,97.9186216455
2439.0757645050,98.0259132782
2439.7897796585,98.0439318669
2440.5037948120,98.0486285010
2441.2178099656,98.0259324503
2441.9318251191,97.9454414563
2442.6458402727,97.8549738037
2443.3598554262,97.7804819772
2444.0738705798,97.8649824937
2444.7878857333,98.0303694785
2445.5019008868,98.0556739358
2446.2159160404,98.0755565060
2446.9299311939,98.0344358018
2447.6439463475,97.8909115292
2448.3579615010,97.9580528978
2449.0719766546,97.9796573467
2449.7859918081,97.7899664057
2450.5000069616,97.8557395598
2451.2140221152,97.9938681332
2451.9280372687,97.8822941863
2452.6420524223,97.8182654282
2453.3560675758,97.8396507245
2454.0700827294,97.8855339797
2454.7840978829,97.9657898382
2455.4981130365,97.9333772817
2456.2121281900,97.9509110170
2456.9261433435,98.0180893391
2457.6401584971,97.9175060922
2458.3541736506,97.8864131949
2459.0681888042,97.9451930097
2459.7822039577,97.8705625393
2460.4962191113,97.8665149713
2461.2102342648,97.9371653680
2461.9242494183,97.9012642016
2462.6382645719,97.9026885352
2463.3522797254,97.9135025474
2464.0662948790,97.8531617632
2464.7803100325,97.9308082718
2465.4943251861,98.0352770392
2466.2083403396,97.9009967818
2466.9223554932,97.8003983055
2467.6363706467,97.9290379628
2468.3503858002,97.9589987254
2469.0644009538,97.8720172993
2469.7784161073,97.9337607344
2470.4924312609,97.9510761113
2471.2064464144,97.8245355537
2471.9204615680,97.8759617190
2472.6344767215,98.0588951413
2473.3484918750,98.0455292387
2474.0625070286,97.8940961721
2474.7765221821,97.8515803348
2475.4905373357,97.9251826963
2476.2045524892,97.9810866807
2476.9185676428,97.9445860399
2477.6325827963,97.8328947127
2478.3465979498,97.7980233401
2479.0606131034,97.9611406240
2479.7746282569,98.1020636502
2480.4886434105,98.0043936634
2481.2026585640,97.8940665103
2481.9166737176,97.9255433980
2482.6306888711,97.9490649710
2483.3447040247,97.9063262146
2484.0587191782,97.8659524607
2484.7727343317,97.8504446289
2485.4867494853,97.8564393862
2486.2007646388,97.8820030325
2486.9147797924,97.8709024738
2487.6287949459,97.7828438078
2488.3428100995,97.7322409392
2489.0568252530,97.7890224091
2489.7708404065,97.8812839222
2490.4848555601,97.9367536025
2491.1988707136,97.8566807795
2491.9128858672,97.7237832035
2492.6269010207,97.8008201857
2493.3409161743,97.9193967555
2494.0549313278,97.8332323105
2494.7689464814,97.7797471205
2495.4829616349,97.8481247091
2496.1969767884,97.9231809605
2496.9109919420,98.0128670567
2497.6250070955,97.9558862141
2498.3390222491,97.8329534291
2499.0530374026,97.9635412671
2499.7670525562,98.0450287159
2500.4810677097,97.8290209723
2501.1950828632,97.7752291256
2501.9090980168,97.8928161060
2502.6231131703,97.7910167546
2503.3371283239,97.7536202644
2504.0511434774,97.9117738587
2504.7651586310,97.8903387776
2505.4791737845,97.8431058939
2506.1931889380,97.9088181711
2506.9072040916,97.8208815410
2507.6212192451,97.8035382124
2508.3352343987,97.9261062652
2509.0492495522,97.8566286480
2509.7632647058,97.8491021585
2510.4772798593,97.9546266706
2511.1912950129,97.8167347583
2511.9053101664,97.7444336983
2512.6193253199,97.9120936571
2513.3333404735,97.9645439389
2514.0473556270,97.8923935749
2514.7613707806,97.7920705058
2515.4753859341,97.7520412539
2516.1894010877,97.8682046496
2516.9034162412,97.9316474520
2517.6174313947,97.9013458792
2518.3314465483,97.9081397462
2519.0454617018,97.8694096207
2519.7594768554,97.8085012642
2520.4734920089,97.7481040767
2521.1875071625,97.6923202835
2521.9015223160,97.7975221331
2522.6155374696,97.9260634740
2523.3295526231,97.8481771337
2524.0435677766,97.7114765149
2524.7575829302,97.6842409457
2525.4715980837,97.7910532296
2526.1856132373,97.9498958126
2526.8996283908,97.9711280694
2527.6136435444,97.8479211726
2528.3276586979,97.7562589689
2529.0416738514,97.7765191610
2529.7556890050,97.7634757390
2530.4697041585,97.6803082404
2531.1837193121,97.6915439575
2531.8977344656,97.7080162203
2532.6117496192,97.6751403292
2533.3257647727,97.7819074471
2534.0397799262,97.8469506725
2534.7537950798,97.7360793178
2535.4678102333,97.7432792802
2536.1818253869,97.8728963578
2536.8958405404,97.9114122436
2537.6098556940,97.8257813535
2538.3238708475,97.7294184266
2539.0378860011,97.7414964912
2539.7519011546,97.7454152352
2540.4659163081,97.7415474304
2541.1799314617,97.7896131171
2541.8939466152,97.6868465797
2542.6079617688,97.6039120229
2543.3219769223,97.6645656931
2544.0359920759,97.6193601765
2544.7500072294,97.7102872350
2545.4640223829,97.8891440924
2546.1780375365,97.7820157390
2546.8920526900,97.7730885380
2547.6060678436,97.8250095044
2548.3200829971,97.6873602267
2549.0340981507,97.7705651181
2549.7481133042,97.8006833858
2550.4621284578,97.5774323752
2551.1761436113,97.6314736817
2551.8901587648,97.7077935561
2552.6041739184,97.6614555007
2553.3181890719,97.8311018676
2554.0322042255,97.8322858416
2554.7462193790,97.6454456028
2555.4602345326,97.6872121623
2556.1742496861,97.7478516674
2556.8882648396,97.7282644091
2557.6022799932,97.7479479594
2558.3162951467,97.7085297880
2559.0303103003,97.6133057173
2559.7443254538,97.6246852166
2560.4583406074,97.7638538182
2561.1723557609,97.7254972309
2561.8863709144,97.5525008486
2562.6003860680,97.6415542107
2563.3144012215,97.7288832897
2564.0284163751,97.6551540022
2564.7424315286,97.6853584655
2565.4564466822,97.6247272392
2566.1704618357,97.5953139570
2566.8844769893,97.7270307155
2567.5984921428,97.6179244728
2568.3125072963,97.5909238650
2569.0265224499,97.7745037454
2569.7405376034,97.6740739074
2570.4545527570,97.6108337498
2571.1685679105,97.6862723839
2571.8825830641,97.6127950711
2572.5965982176,97.6595348641
2573.3106133711,97.6780171037
2574.0246285247,97.5590808091
2574.7386436782,97.5747539663
2575.4526588318,97.4997292133
2576.1666739853,97.4685478314
2576.8806891389,97.6401875301
2577.5947042924,97.5662172074
2578.3087194460,97.4779681284
2579.0227345995,97.6167216034
2579.7367497530,97.5863387910
2580.4507649066,97.4943747731
2581.1647800601,97.5708222193
2581.8787952137,97.6636247694
2582.5928103672,97.6204836592
2583.3068255208,97.5047877127
2584.0208406743,97.6143257621
2584.7348558278,97.7657595514
2585.4488709814,97.6273663370
2586.1628861349,97.5328184093
2586.8769012885,97.5497571157
2587.5909164420,97.4991340131
2588.3049315956,97.5634703285
2589.0189467491,97.6059958509
2589.7329619027,97.5124771922
2590.4469770562,97.5252451992
2591.1609922097,97.6173039893
2591.8750073633,97.6384715183
2592.5890225168,97.5127354270
2593.3030376704,97.3916514841
2594.0170528239,97.5045016606
2594.7310679775,97.5776938993
2595.4450831310,97.4948983363
2596.1590982845,97.5117115603
2596.8731134381,97.5320689012
2597.5871285916,97.4921362178
2598.3011437452,97.4771043410
2599.0151588987,97.4712756564
2599.7291740523,97.5402344980
2600.4431892058,97.5857851196
2601.1572043593,97.5535663586
2601.8712195129,97.5376629027
2602.5852346664,97.4894469008
2603.2992498200,97.5544145189
2604.0132649735,97.6544619945
2604.7272801271,97.5203750040
2605.4412952806,97.5191318620
2606.1553104342,97.6532302782
2606.8693255877,97.5317825881
2607.5833407412,97.4749630912
2608.2973558948,97.5224170054
2609.0113710483,97.4496677655
2609.7253862019,97.5203439564
2610.4394013554,97.5898160970
2611.1534165090,97.4872724175
2611.8674316625,97.4717944860
2612.5814468160,97.4647528164
2613.2954619696,97.4593991968
2614.0094771231,97.5297247645
2614.7234922767,97.4895546637
2615.4375074302,97.4656912195
2616.1515225838,97.5303173565
2616.8655377373,97.5269001136
2617.5795528909,97.5508120977
2618.2935680444,97.5427746725
2619.0075831979,97.4770151937
2619.7215983515,97.5624049489
2620.4356135050,97.6042587424
2621.1496286586,97.4746314364
2621.8636438121,97.4296598320
2622.5776589657,97.4514095929
2623.2916741192,97.4449948899
2624.0056892727,97.4545018619
2624.7197044263,97.4357059421
2625.4337195798,97.4360030864
2626.1477347334,97.4938956382
2626.8617498869,97.4900605761
2627.5757650405,97.4659780377
2628.2897801940,97.5124789267
2629.0037953475,97.5140464876
2629.7178105011,97.4809624244
2630.4318256546,97.5515616530
2631.1458408082,97.5857412920
2631.8598559617,97.5006426683
2632.5738711153,97.4974906389
2633.2878862688,97.5126004138
2634.0019014224,97.4413595478
2634.7159165759,97.4999755443
2635.4299317294,97.6057321673
2636.1439468830,97.5457488631
2636.8579620365,97.4940403575
2637.5719771901,97.5115758505
2638.2859923436,97.5379186340
2639.0000074972,97.6071416477
2639.7140226507,97.5733284503
2640.4280378042,97.4839556341
2641.1420529578,97.5430469481
2641.8560681113,97.5582651982
2642.5700832649,97.4861603868
2643.2840984184,97.5069829195
2643.9981135720,97.4787823898
2644.7121287255,97.4348723475
2645.4261438791,97.5286397864
2646.1401590326,97.5393674342
2646.8541741861,97.4751711919
2647.5681893397,97.5298034798
2648.2822044932,97.5608690618
2648.9962196468,97.5220405360
2649.7102348003,97.4935399000
2650.4242499539,97.4682382780
2651.1382651074,97.5123280680
2651.8522802609,97.5326560451
2652.5662954145,97.4635293587
2653.2803105680,97.5036478795
2653.9943257216,97.5820268807
2654.7083408751,97.5583699323
2655.4223560287,97.5420944357
2656.1363711822,97.4985605648
2656.8503863357,97.4576123544
2657.5644014893,97.5135732986
2658.2784166428,97.5069873611
2658.9924317964,97.4774342949
2659.7064469499,97.5409698065
2660.4204621035,97.5469743153
2661.1344772570,97.5144060022
2661.8484924106,97.5193165502
2662.5625075641,97.5092475713
2663.2765227176,97.5286761735
2663.9905378712,97.5425556963
2664.7045530247,97.5301106282
2665.4185681783,97.5543735992
2666.1325833318,97.5289404317
2666.8465984854,97.4972107410
2667.5606136389,97.5389023201
2668.2746287924,97.5261391688
2668.9886439460,97.5032718700
2669.7026590995,97.5368551109
2670.4166742531,97.5244012526
2671.1306894066,97.4759300083
2671.8447045602,97.4247801885
2672.5587197137,97.4252942369
2673.2727348673,97.4785896381
2673.9867500208,97.4298163702
2674.7007651743,97.3922961362
2675.4147803279,97.4599545573
2676.1287954814,97.4239818583
2676.8428106350,97.3782610783
2677.5568257885,97.4265423684
2678.2708409421,97.4049649989
2678.9848560956,97.4144913894
2679.6988712491,97.4762225996
2680.4128864027,97.4199513948
2681.1269015562,97.3824694168
2681.8409167098,97.4225843416
2682.5549318633,97.3975294650
2683.2689470169,97.3446367571
2683.9829621704,97.3283698290
2684.6969773239,97.3578205827
2685.4109924775,97.3986828967
2686.1250076310,97.3727294919
2686.8390227846,97.3402977250
2687.5530379381,97.3481627210
2688.2670530917,97.3353268381
2688.9810682452,97.3257252260
2689.6950833988,97.3218026349
2690.4090985523,97.2996824813
2691.1231137058,97.3240011788
2691.8371288594,97.3663532887
2692.5511440129,97.3475670555
2693.2651591665,97.3307977293
2693.9791743200,97.3523379812
2694.6931894736,97.3271997946
2695.4072046271,97.2615666185
2696.1212197806,97.2641006025
2696.8352349342,97.3025887913
2697.5492500877,97.2624766585
2698.2632652413,97.2254740698
2698.9772803948,97.2880881154
2699.6912955484,97.2902568830
2700.4053107019,97.1836643196
2701.1193258555,97.1973740892
2701.8333410090,97.3039813321
2702.5473561625,97.2817940926
2703.2613713161,97.2140052557
2703.9753864696,97.1982584718
2704.6894016232,97.1807483024
2705.4034167767,97.2293632218
2706.1174319303,97.3030051862
2706.8314470838,97.2779350069
2707.5454622373,97.2329304187
2708.2594773909,97.1917650841
2708.9734925444,97.1590040961
2709.6875076980,97.2174540810
2710.4015228515,97.2456075889
2711.1155380051,97.1765612204
2711.8295531586,97.1328955237
2712.5435683122,97.1330976650
2713.2575834657,97.2022234443
2713.9715986192,97.2806004579
2714.6856137728,97.2087605934
2715.3996289263,97.1330078299
2716.1136440799,97.1820208441
2716.8276592334,97.1758005977
2717.5416743870,97.1059834788
2718.2556895405,97.1153358929
2718.9697046940,97.1705561909
2719.6837198476,97.1907467487
2720.3977350011,97.1551132458
2721.1117501547,97.0954702695
2721.8257653082,97.0959272549
2722.5397804618,97.1407949438
2723.2537956153,97.1171942038
2723.9678107688,97.0808453140
2724.6818259224,97.1235307582
2725.3958410759,97.1047301373
2726.1098562295,97.0370718014
2726.8238713830,97.0956640827
2727.5378865366,97.1336337223
2728.2519016901,97.0725023375
2728.9659168437,97.0740749097
2729.6799319972,97.0814739554
2730.3939471507,97.0935257499
2731.1079623043,97.1767351695
2731.8219774578,97.1515131004
2732.5359926114,97.0476128597
2733.2500077649,97.0697420641
2733.9640229185,97.1298610004
2734.6780380720,97.0841498646
2735.3920532255,96.9948757045
2736.1060683791,97.0079508211
2736.8200835326,97.0634577319
2737.5340986862,97.0256600017
2738.2481138397,97.0411263979
2738.9621289933,97.1008489384
2739.6761441468,97.0342081335
2740.3901593004,97.0061149212
2741.1041744539,97.0214375811
2741.8181896074,96.9556535931
2742.5322047610,96.9919764273
2743.2462199145,97.0618325505
2743.9602350681,97.0024210399
2744.6742502216,96.9778439845
2745.3882653752,96.9955912204
2746.1022805287,96.9760090880
2746.8162956822,96.9704031665
2747.5303108358,96.9731545668
2748.2443259893,96.9720707169
2748.9583411429,96.9305727379
2749.6723562964,96.8862780217
2750.3863714500,96.9365315992
2751.1003866035,96.9847563938
2751.8144017570,96.9840288039
2752.5284169106,96.9608405126
2753.2424320641,96.8993812440
2753.9564472177,96.9192270556
2754.6704623712,96.9903362484
2755.3844775248,96.9806321267
2756.0984926783,96.9395008726
2756.8125078319,96.8573911895
2757.5265229854,96.8365881817
2758.2405381389,96.9547251016
2758.9545532925,96.9376442677
2759.6685684460,96.8085889538
2760.3825835996,96.8040894962
2761.0965987531,96.8527240362
2761.8106139067,96.9144503245
2762.5246290602,96.9469105803
2763.2386442137,96.9106873247
2763.9526593673,96.9120092713
2764.6666745208,96.9062294181
2765.3806896744,96.9054195002
2766.0947048279,96.9547881092
2766.8087199815,96.9196610708
2767.5227351350,96.8853654410
2768.2367502886,96.9105879391
2768.9507654421,96.9028474874
2769.6647805956,96.9359232217
2770.3787957492,96.8878432641
2771.0928109027,96.7561818600
2771.8068260563,96.8276717135
2772.5208412098,96.9200540819
2773.2348563634,96.8692752535
2773.9488715169,96.8685685745
2774.6628866704,96.8651687324
2775.3769018240,96.8198152631
2776.0909169775,96.7719395438
2776.8049321311,96.6805064817
2777.5189472846,96.6752443724
2778.2329624382,96.7608927351
2778.9469775917,96.8286879983
2779.6609927452,96.8697902014
2780.3750078988,96.8067502354
2781.0890230523,96.7344812499
2781.8030382059,96.7436890430
2782.5170533594,96.7016659902
2783.2310685130,96.7183656992
2783.9450836665,96.8162129350
2784.6590988201,96.7797787240
2785.3731139736,96.7306430368
2786.0871291271,96.7659589395
2786.8011442807,96.7384712910
2787.5151594342,96.6980847451
2788.2291745878,96.7279838565
2788.9431897413,96.7520246721
2789.6572048949,96.7302110681
2790.3712200484,96.7234557487
2791.0852352019,96.7269237842
2791.7992503555,96.6730272130
2792.5132655090,96.6808567310
2793.2272806626,96.7826540284
2793.9412958161,96.7697091252
2794.6553109697,96.6918389624
2795.3693261232,96.6953071536
2796.0833412768,96.7060369257
2796.7973564303,96.6915811660
2797.5113715838,96.6490626694
2798.2253867374,96.6154048161
2798.9394018909,96.6425178222
2799.6534170445,96.6383669224
2800.3674321980,96.6140104394
2801.0814473516,96.6114045416
2801.7954625051,96.6062621790
2802.5094776586,96.6688349646
2803.2234928122,96.6734355988
2803.9375079657,96.5621569216
2804.6515231193,96.5898093407
2805.3655382728,96.6668545130
2806.0795534264,96.6158165281
2806.7935685799,96.5885948224
2807.5075837334,96.6070249038
2808.2215988870,96.6247302195
2808.9356140405,96.6172092231
2809.6496291941,96.5494824227
2810.3636443476,96.5640752428
2811.0776595012,96.6239231056
2811.7916746547,96.5923929162
2812.5056898083,96.5872191783
2813.2197049618,96.6070309225
2813.9337201153,96.5947735605
2814.6477352689,96.5938244896
2815.3617504224,96.5826326409
2816.0757655760,96.6339118207
2816.7897807295,96.6735814211
2817.5037958831,96.5619635474
2818.2178110366,96.5482046050
2818.9318261901,96.6463214570
2819.6458413437,96.5945047081
2820.3598564972,96.5343888884
2821.0738716508,96.5681049213
2821.7878868043,96.5735624520
2822.5019019579,96.5883461542
2823.2159171114,96.6137367844
2823.9299322650,96.5929036482
2824.6439474185,96.5664236967
2825.3579625720,96.5693923879
2826.0719777256,96.5830359850
2826.7859928791,96.5624682969
2827.5000080327,96.5425420731
2828.2140231862,96.5436049184
2828.9280383398,96.5206145580
2829.6420534933,96.5584723857
2830.3560686468,96.6212939957
2831.0700838004,96.5573836054
2831.7840989539,96.5046848314
2832.4981141075,96.5219555070
2833.2121292610,96.4844354022
2833.9261444146,96.4993268644
2834.6401595681,96.5727278089
2835.3541747217,96.5302137241
2836.0681898752,96.4740696263
2836.7822050287,96.5196538151
2837.4962201823,96.5307342924
2838.2102353358,96.4849108375
2838.9242504894,96.4845923727
2839.6382656429,96.4474092462
2840.3522807965,96.3663801471
2841.0662959500,96.4258600836
2841.7803111035,96.4918973000
2842.4943262571,96.4003753135
2843.2083414106,96.3797551260
2843.9223565642,96.4004120763
2844.6363717177,96.3054050967
2845.3503868713,96.3268262042
2846.0644020248,96.4363564336
2846.7784171783,96.4133613319
2847.4924323319,96.3787430845
2848.2064474854,96.3645148776
2848.9204626390,96.3394849539
2849.6344777925,96.3777183518
2850.3484929461,96.4074290119
2851.0625080996,96.4347132382
2851.7765232532,96.4657823689
2852.4905384067,96.4193977330
2853.2045535602,96.4435822221
2853.9185687138,96.5099453155
2854.6325838673,96.4699892089
2855.3465990209,96.5266163274
2856.0606141744,96.6303583828
2856.7746293280,96.5735256498
2857.4886444815,96.5800426975
2858.2026596350,96.6908822611
2858.9166747886,96.7198060795
2859.6306899421,96.7570954028
2860.3447050957,96.8256631541
2861.0587202492,96.8811514013
2861.7727354028,97.0037998583
2862.4867505563,97.0991050034
2863.2007657099,97.0903187549
2863.9147808634,97.1350149245
2864.6287960169,97.2184825718
2865.3428111705,97.1875585879
2866.0568263240,97.1622362128
2866.7708414776,97.2320565289
2867.4848566311,97.2395395919
2868.1988717847,97.2542469126
2868.9128869382,97.3717530752
2869.6269020917,97.3843455495
2870.3409172453,97.3390897178
2871.0549323988,97.3958098035
2871.7689475524,97.4230008512
2872.4829627059,97.4618039839
2873.1969778595,97.5525115937
2873.9109930130,97.5509946441
2874.6250081665,97.6008288726
2875.3390233201,97.7339706003
2876.0530384736,97.7695986132
2876.7670536272,97.8318496591
2877.4810687807,97.9638692195
2878.1950839343,98.0685945098
2878.9090990878,98.2192262661
2879.6231142414,98.3922097176
2880.3371293949,98.5820880870
2881.0511445484,98.8497531789
2881.7651597020,99.1486657855
2882.4791748555,99.4436452893
2883.1931900091,99.5158360591
2883.9072051626,99.3282392969
2884.6212203162,99.2841584573
2885.3352354697,99.3650581667
2886.0492506232,99.3366727301
2886.7632657768,99.3623835339
2887.4772809303,99.4531972449
2888.1912960839,99.5023755591
2888.9053112374,99.5309293353
2889.6193263910,99.4468868629
2890.3333415445,99.3562930803
2891.0473566981,99.3683703983
2891.7613718516,99.2685548756
2892.4753870051,99.1412144528
2893.1894021587,99.1079864187
2893.9034173122,98.9379531828
2894.6174324658,98.8068329833
2895.3314476193,98.8611705100
2896.0454627729,98.6992047540
2896.7594779264,98.4827657363
2897.4734930799,98.5902653474
2898.1875082335,98.6456201470
2898.9015233870,98.5439047187
2899.6155385406,98.5678967114
2900.3295536941,98.5088632491
2901.0435688477,98.3602231122
2901.7575840012,98.3836713999
2902.4715991547,98.3944939649
2903.1856143083,98.3500904411
2903.8996294618,98.3501299822
2904.6136446154,98.2050050815
2905.3276597689,98.0917446794
2906.0416749225,98.2048028762
2906.7556900760,98.2018257290
2907.4697052296,98.0794173373
2908.1837203831,98.0471064167
2908.8977355366,97.9287621563
2909.6117506902,97.7551424936
2910.3257658437,97.7076582368
2911.0397809973,97.6864111183
2911.7537961508,97.6267632960
2912.4678113044,97.5309021867
2913.1818264579,97.4243716923
2913.8958416114,97.3923844804
2914.6098567650,97.3911002191
2915.3238719185,97.3906543360
2916.0378870721,97.3683754389
2916.7519022256,97.2679668113
2917.4659173792,97.2128611002
2918.1799325327,97.1248614456
2918.8939476863,96.8919263507
2919.6079628398,96.8792952414
2920.3219779933,97.0507859193
2921.0359931469,96.9376164500
2921.7500083004,96.7473735474
2922.4640234540,96.7700050780
2923.1780386075,96.7720684264
2923.8920537611,96.7285332519
2924.6060689146,96.8084644374
2925.3200840681,96.9275067141
2926.0340992217,96.9574098749
2926.7481143752,96.9539055319
2927.4621295288,96.9846825179
2928.1761446823,96.9854769731
2928.8901598359,96.9475539002
2929.6041749894,96.9945454311
2930.3181901429,97.1738013202
2931.0322052965,97.3514610184
2931.7462204500,97.3369344367
2932.4602356036,97.1597047792
2933.1742507571,97.0172288582
2933.8882659107,97.0177210414
2934.6022810642,97.1198237452
2935.3162962178,97.1659789605
2936.0303113713,97.1602670959
2936.7443265248,97.2799805243
2937.4583416784,97.3817996131
2938.1723568319,97.3572239807
2938.8863719855,97.4454798738
2939.6003871390,97.6016435943
2940.3144022926,97.6481878112
2941.0284174461,97.6409096621
2941.7424325996,97.6276206104
2942.4564477532,97.7062069377
2943.1704629067,97.8832662484
2943.8844780603,98.0228274530
2944.5984932138,98.1657136543
2945.3125083674,98.3390540908
2946.0265235209,98.5527478767
2946.7405386745,98.7886075459
2947.4545538280,98.8412547650
2948.1685689815,98.8167364896
2948.8825841351,98.9546517275
2949.5965992886,99.1564349610
2950.3106144422,99.3331658406
2951.0246295957,99.4050901099
2951.7386447493,99.4207651646
2952.4526599028,99.6395703140
2953.1666750563,99.9383703997
2953.8806902099,100.1238310891
2954.5947053634,100.2919014977
2955.3087205170,100.4469059586
2956.0227356705,100.5765254754
2956.7367508241,100.6498271224
2957.4507659776,100.7571045984
2958.1647811312,101.0185644310
2958.8787962847,101.1275548377
2959.5928114382,101.1610306780
2960.3068265918,101.4581140336
2961.0208417453,101.6964590441
2961.7348568989,101.8367188492
2962.4488720524,102.0490799620
2963.1628872060,102.1730779819
2963.8769023595,102.4393130468
2964.5909175130,102.8312173121
2965.3049326666,103.1928926697
2966.0189478201,103.6980097518
2966.7329629737,103.8756084075
2967.4469781272,103.8443910129
2968.1609932808,104.1707138078
2968.8750084343,104.4357037750
2969.5890235878,105.4685270680
2970.3030387414,107.6816419485
2971.0170538949,108.1047347980
2971.7310690485,106.4792204355
2972.4450842020,105.9178490587
2973.1590993556,106.2011062211
2973.8731145091,105.9587952915
2974.5871296627,105.7509304163
2975.3011448162,105.9133559017
2976.0151599697,106.2574537121
2976.7291751233,106.8123679414
2977.4431902768,107.4597230526
2978.1572054304,108.0860913394
2978.8712205839,108.9320806393
2979.5852357375,109.9155841942
2980.2992508910,110.3454043601
2981.0132660445,110.9940187037
2981.7272811981,112.4073230469
2982.4412963516,111.3737149808
2983.1553115052,107.6423553864
2983.8693266587,105.4512610904
2984.5833418123,104.9623450306
2985.2973569658,104.5040836450
2986.0113721194,104.4522911601
2986.7253872729,104.3796055652
2987.4394024264,103.8806914396
2988.1534175800,103.7526569645
2988.8674327335,103.6506028915
2989.5814478871,103.4613894125
2990.2954630406,103.5365626578
2991.0094781942,103.3955666763
2991.7234933477,103.2103276071
2992.4375085012,103.1901950798
2993.1515236548,102.9784004031
2993.8655388083,102.7719464852
2994.5795539619,102.6012717693
2995.2935691154,102.4429051247
2996.0075842690,102.3664369700
2996.7215994225,102.0909046041
2997.4356145760,101.9049116885
2998.1496297296,101.8488515664
2998.8636448831,101.4828044317
2999.5776600367,101.2043706099
3000.2916751902,101.0178397146
3001.0056903438,100.6319595997
3001.7197054973,100.4273006236
3002.4337206509,100.1791040952
3003.1477358044,99.7470286443
3003.8617509579,99.5218596644
3004.5757661115,99.1922795594
3005.2897812650,98.7356378345
3006.0037964186,98.4924613258
3006.7178115721,98.2093521098
3007.4318267257,97.8944118995
3008.1458418792,97.6789288761
3008.8598570327,97.3910025907
3009.5738721863,97.1604075922
3010.2878873398,96.9972175229
3011.0019024934,96.6981102389
3011.7159176469,96.4727729410
3012.4299328005,96.4116652938
3013.1439479540,96.1945243753
3013.8579631076,95.8913798501
3014.5719782611,95.8556445092
3015.2859934146,95.8888834654
3016.0000085682,95.6948801730
3016.7140237217,95.5547696719
3017.4280388753,95.5497057691
3018.1420540288,95.3961033642
3018.8560691824,95.2304964648
3019.5700843359,95.2447471442
3020.2840994894,95.2639966109
3020.9981146430,95.2200007062
3021.7121297965,95.1829223526
3022.4261449501,95.1155663007
3023.1401601036,95.0188864760
3023.8541752572,95.0179138407
3024.5681904107,95.1215317671
3025.2822055642,95.1018963103
3025.9962207178,94.9570855729
3026.7102358713,94.9505277248
3027.4242510249,94.9448028473
3028.1382661784,94.7906803733
3028.8522813320,94.8007656647
3029.5662964855,94.9061611132
3030.2803116391,94.8111473095
3030.9943267926,94.8062509058
3031.7083419461,94.9049034024
3032.4223570997,94.7276595659
3033.1363722532,94.5980940637
3033.8503874068,94.7273291782
3034.5644025603,94.7065300800
3035.2784177139,94.6309670195
3035.9924328674,94.7222726454
3036.7064480209,94.6948198876
3037.4204631745,94.5666613606
3038.1344783280,94.5461797566
3038.8484934816,94.5439806607
3039.5625086351,94.5296155193
3040.2765237887,94.5190435520
3040.9905389422,94.4955866453
3041.7045540958,94.5008407244
3042.4185692493,94.5040727456
3043.1325844028,94.5005066557
3043.8465995564,94.5258774235
3044.5606147099,94.5254655929
3045.2746298635,94.4532028653
3045.9886450170,94.3812423049
3046.7026601706,94.4164861626
3047.4166753241,94.4426622929
3048.1306904776,94.3807662033
3048.8447056312,94.4297996502
3049.5587207847,94.4516757792
3050.2727359383,94.3099216683
3050.9867510918,94.2951231358
3051.7007662454,94.2886163242
3052.4147813989,94.2155928574
3053.1287965524,94.3075207736
3053.8428117060,94.2234798435
3054.5568268595,94.0487857898
3055.2708420131,94.2151632604
3055.9848571666,94.2262874212
3056.6988723202,94.0549407581
3057.4128874737,94.1673496942
3058.1269026273,94.2294248572
3058.8409177808,94.2500648091
3059.5549329343,94.3239776256
3060.2689480879,94.1010392179
3060.9829632414,94.0084563314
3061.6969783950,94.2462770856
3062.4109935485,94.2568752574
3063.1250087021,94.1385918698
3063.8390238556,94.0941454993
3064.5530390091,94.0343462845
3065.2670541627,94.0915432258
3065.9810693162,94.1492154017
3066.6950844698,94.1542202501
3067.4090996233,94.2317781490
3068.1231147769,94.2216934583
3068.8371299304,94.1998675805
3069.5511450840,94.2246485936
3070.2651602375,94.0776861134
3070.9791753910,93.9989719682
3071.6931905446,94.1290432981
3072.4072056981,94.1584220528
3073.1212208517,94.1278312328
3073.8352360052,94.1344855274
3074.5492511588,94.0743489631
3075.2632663123,94.0667585872
3075.9772814658,94.1330788330
3076.6912966194,94.1234772038
3077.4053117729,94.1116813819
3078.1193269265,94.1575369740
3078.8333420800,94.1684207070
3079.5473572336,94.1530302290
3080.2613723871,94.1657712255
3080.9753875406,94.1978701194
3081.6894026942,94.2225190691
3082.4034178477,94.2255188191
3083.1174330013,94.2734233682
3083.8314481548,94.3508724184
3084.5454633084,94.2792423499
3085.2594784619,94.1471114501
3085.9734936155,94.1917104181
3086.6875087690,94.2524125870
3087.4015239225,94.1850743185
3088.1155390761,94.1495051525
3088.8295542296,94.1300401769
3089.5435693832,94.0930279059
3090.2575845367,94.1788646576
3090.9715996903,94.3057505182
3091.6856148438,94.2942732989
3092.3996299973,94.2220508164
3093.1136451509,94.2308191787
3093.8276603044,94.2735236343
3094.5416754580,94.2530096194
3095.2556906115,94.2410613439
3095.9697057651,94.2984210191
3096.6837209186,94.3424100736
3097.3977360722,94.3269235007
3098.1117512257,94.2675280581
3098.8257663792,94.2547028203
3099.5397815328,94.3008803087
3100.2537966863,94.2163632397
3100.9678118399,94.1147509066
3101.6818269934,94.2273181518
3102.3958421470,94.2962108537
3103.1098573005,94.2263980513
3103.8238724540,94.2617742773
3104.5378876076,94.3279729134
3105.2519027611,94.3047460192
3105.9659179147,94.2708381917
3106.6799330682,94.2802861683
3107.3939482218,94.3128597394
3108.1079633753,94.2402695191
3108.8219785289,94.1811275274
3109.5359936824,94.3265022734
3110.2500088359,94.3512153769
3110.9640239895,94.2150789121
3111.6780391430,94.2817388661
3112.3920542966,94.3062804705
3113.1060694501,94.1893442030
3113.8200846037,94.2993468379
3114.5340997572,94.3759945373
3115.2481149107,94.2278119947
3115.9621300643,94.2625961921
3116.6761452178,94.3771052522
3117.3901603714,94.2753629853
3118.1041755249,94.1599886132
3118.8181906785,94.1301257052
3119.5322058320,94.1305086549
3120.2462209855,94.2011794975
3120.9602361391,94.2424907760
3121.6742512926,94.1645773646
3122.3882664462,94.0713387737
3123.1022815997,94.0611398507
3123.8162967533,94.1054215770
3124.5303119068,94.1274180476
3125.2443270604,94.1286358933
3125.9583422139,94.1344353348
3126.6723573674,94.0788360495
3127.3863725210,93.9815822100
3128.1003876745,93.9989444590
3128.8144028281,94.1237855466
3129.5284179816,94.1412102998
3130.2424331352,94.0193962153
3130.9564482887,93.9922169548
3131.6704634422,94.0488656456
3132.3844785958,94.0068883809
3133.0984937493,94.0141183991
3133.8125089029,94.0893420882
3134.5265240564,93.9811571748
3135.2405392100,93.8652347869
3135.9545543635,93.9233962126
3136.6685695171,93.9088534157
3137.3825846706,93.8250715978
3138.0965998241,93.8563590492
3138.8106149777,93.8949967685
3139.5246301312,93.8561022445
3140.2386452848,93.8275484365
3140.9526604383,93.8388114928
3141.6666755919,93.8242581612
3142.3806907454,93.8100857716
3143.0947058989,93.8329524627
3143.8087210525,93.7359997228
3144.5227362060,93.6192598630
3145.2367513596,93.7235168071
3145.9507665131,93.7636827604
3146.6647816667,93.6576403679
3147.3787968202,93.7047646418
3148.0928119737,93.6873859331
3148.8068271273,93.5621250841
3149.5208422808,93.6370061176
3150.2348574344,93.6568815113
3150.9488725879,93.5587439817
3151.6628877415,93.6295334438
3152.3769028950,93.6396394522
3153.0909180486,93.5241326068
3153.8049332021,93.5179721114
3154.5189483556,93.4972202366
3155.2329635092,93.4876106822
3155.9469786627,93.6018581697
3156.6609938163,93.6002156855
3157.3750089698,93.4824752402
3158.0890241234,93.4400236238
3158.8030392769,93.3722547929
3159.5170544304,93.2636764248
3160.2310695840,93.2145470686
3160.9450847375,93.2136273229
3161.6590998911,93.3360011014
3162.3731150446,93.4454596318
3163.0871301982,93.2873578821
3163.8011453517,93.1834170217
3164.5151605053,93.2783668653
3165.2291756588,93.2267805445
3165.9431908123,93.2140187379
3166.6572059659,93.2930119802
3167.3712211194,93.1396685211
3168.0852362730,93.0922766823
3168.7992514265,93.1700317658
3169.5132665801,93.0313336856
3170.2272817336,93.0338786528
3170.9412968871,93.0338096055
3171.6553120407,92.8295877308
3172.3693271942,93.0139583536
3173.0833423478,93.1993291473
3173.7973575013,92.9383712228
3174.5113726549,92.8919171015
3175.2253878084,92.9694881541
3175.9394029619,92.8838332968
3176.6534181155,92.9068061146
3177.3674332690,92.8383696115
3178.0814484226,92.7905839442
3178.7954635761,92.9602181966
3179.5094787297,92.8923823937
3180.2234938832,92.7671069747
3180.9375090368,92.8441050698
3181.6515241903,92.7621298427
3182.3655393438,92.6476322454
3183.0795544974,92.7119449119
3183.7935696509,92.7544929819
3184.5075848045,92.7404088570
3185.2215999580,92.7034724410
3185.9356151116,92.6545821992
3186.6496302651,92.6118774915
3187.3636454186,92.5789614501
3188.0776605722,92.5793574097
3188.7916757257,92.5473791750
3189.5056908793,92.5950612246
3190.2197060328,92.7452897299
3190.9337211864,92.6559718161
3191.6477363399,92.4384151809
3192.3617514935,92.3960224861
3193.0757666470,92.4082151086
3193.7897818005,92.4795473075
3194.5037969541,92.5331547458
3195.2178121076,92.4010671087
3195.9318272612,92.3864205677
3196.6458424147,92.5715745190
3197.3598575683,92.5822338839
3198.0738727218,92.4255085837
3198.7878878753,92.4056220879
3199.5019030289,92.4577815492
3200.2159181824,92.3567571401
3200.9299333360,92.2875157648
3201.6439484895,92.3939698763
3202.3579636431,92.3879300125
3203.0719787966,92.2759695066
3203.7859939501,92.2598881135
3204.5000091037,92.2452956401
3205.2140242572,92.2068884949
3205.9280394108,92.1627780850
3206.6420545643,92.1540910376
3207.3560697179,92.2289617506
3208.0700848714,92.1588707100
3208.7841000250,92.0508528855
3209.4981151785,92.1715757835
3210.2121303320,92.1799516197
3210.9261454856,92.0244765619
3211.6401606391,92.0675926803
3212.3541757927,92.1533507373
3213.0681909462,92.0716930693
3213.7822060998,91.9735833638
3214.4962212533,91.9487299108
3215.2102364068,91.9405280135
3215.9242515604,91.9814186137
3216.6382667139,92.0919505727
3217.3522818675,92.0167041261
3218.0662970210,91.8217152940
3218.7803121746,91.9066847536
3219.4943273281,92.0479056885
3220.2083424817,91.9537198447
3220.9223576352,91.8573246906
3221.6363727887,91.8654796172
3222.3503879423,91.9764191344
3223.0644030958,91.9656468130
3223.7784182494,91.7127686467
3224.4924334029,91.7534938808
3225.2064485565,92.0008903219
3225.9204637100,91.8962539791
3226.6344788635,91.7868875601
3227.3484940171,91.8567780254
3228.0625091706,91.7746021835
3228.7765243242,91.6685183232
3229.4905394777,91.6751888694
3230.2045546313,91.7025148880
3230.9185697848,91.7336299525
3231.6325849384,91.8203912341
3232.3466000919,91.8992326881
3233.0606152454,91.7571719845
3233.7746303990,91.6234728155
3234.4886455525,91.6701119951
3235.2026607061,91.5492960086
3235.9166758596,91.5033333848
3236.6306910132,91.6821617119
3237.3447061667,91.5613067121
3238.0587213202,91.4247581556
3238.7727364738,91.5800979938
3239.4867516273,91.5839706527
3240.2007667809,91.4593171709
3240.9147819344,91.4250578275
3241.6287970880,91.4971240607
3242.3428122415,91.5967816402
3243.0568273950,91.4321523894
3243.7708425486,91.2684075899
3244.4848577021,91.4088171147
3245.1988728557,91.4595032234
3245.9128880092,91.4064448396
3246.6269031628,91.4167305321
3247.3409183163,91.3040587602
3248.0549334699,91.2011441930
3248.7689486234,91.2412845715
3249.4829637769,91.2590838393
3250.1969789305,91.1872517199
3250.9109940840,91.1334500004
3251.6250092376,91.1592345585
3252.3390243911,91.0830389832
3253.0530395447,91.0069025171
3253.7670546982,91.1616753146
3254.4810698517,91.1983829644
3255.1950850053,91.0917109679
3255.9091001588,91.0973250808
3256.6231153124,90.9524803963
3257.3371304659,90.8099994876
3258.0511456195,90.9540829928
3258.7651607730,91.0657432094
3259.4791759266,91.0537148081
3260.1931910801,90.9450246467
3260.9072062336,90.7790362511
3261.6212213872,90.8269375212
3262.3352365407,90.9377317814
3263.0492516943,90.9207239340
3263.7632668478,90.8697830771
3264.4772820014,90.7564557172
3265.1912971549,90.7743821233
3265.9053123084,90.9547343949
3266.6193274620,90.9088057186
3267.3333426155,90.7565084846
3268.0473577691,90.7889291904
3268.7613729226,90.8232299349
3269.4753880762,90.7774163982
3270.1894032297,90.7847439958
3270.9034183832,90.7991356315
3271.6174335368,90.7502712636
3272.3314486903,90.7175443288
3273.0454638439,90.6699790508
3273.7594789974,90.6317226747
3274.4734941510,90.7677148464
3275.1875093045,90.8187193122
3275.9015244581,90.7269813811
3276.6155396116,90.8859464979
3277.3295547651,90.9353534966
3278.0435699187,90.6708577854
3278.7575850722,90.7314276415
3279.4716002258,90.9825755477
3280.1856153793,90.9932976150
3280.8996305329,90.9884014056
3281.6136456864,90.9468731708
3282.3276608399,90.8306199673
3283.0416759935,90.8546786632
3283.7556911470,90.9651564427
3284.4697063006,91.0339210397
3285.1837214541,90.9802584470
3285.8977366077,90.9206297304
3286.6117517612,90.9763653476
3287.3257669148,90.9395314427
3288.0397820683,90.8853038241
3288.7537972218,90.9118316020
3289.4678123754,90.8603418218
3290.1818275289,90.9473750826
3290.8958426825,91.0843127010
3291.6098578360,90.9919700904
3292.3238729896,91.0100911262
3293.0378881431,91.0710056817
3293.7519032966,90.9373090325
3294.4659184502,91.0004436123
3295.1799336037,91.1582492410
3295.8939487573,91.0444352243
3296.6079639108,90.9853264591
3297.3219790644,91.1997091734
3298.0359942179,91.3553902282
3298.7500093714,91.3191770851
3299.4640245250,91.3204445929
3300.1780396785,91.3399065763
3300.8920548321,91.3126072273
3301.6060699856,91.4009772314
3302.3200851392,91.4087390107
3303.0341002927,91.2948224495
3303.7481154463,91.3933704714
3304.4621305998,91.4364745062
3305.1761457533,91.3459387953
3305.8901609069,91.4846765730
3306.6041760604,91.5744705229
3307.3181912140,91.5386903813
3308.0322063675,91.6540956909
3308.7462215211,91.7127269292
3309.4602366746,91.6521591874
3310.1742518281,91.6066531851
3310.8882669817,91.5966947947
3311.6022821352,91.5912836102
3312.3162972888,91.4824459382
3313.0303124423,91.6111615140
3313.7443275959,91.9344887468
3314.4583427494,91.8108649885
3315.1723579030,91.6710173758
3315.8863730565,91.8487311151
3316.6003882100,91.8162344708
3317.3144033636,91.8119938579
3318.0284185171,91.9349260721
3318.7424336707,91.8368383600
3319.4564488242,91.8293735550
3320.1704639778,91.9041469292
3320.8844791313,91.8916280913
3321.5984942848,91.9721932714
3322.3125094384,91.9492997449
3323.0265245919,91.8858082365
3323.7405397455,91.9880262910
3324.4545548990,92.0336467145
3325.1685700526,92.0899651228
3325.8825852061,92.1602274023
3326.5966003596,92.0996215584
3327.3106155132,92.0941822678
3328.0246306667,92.0969771868
3328.7386458203,92.0455235136
3329.4526609738,92.0831863633
3330.1666761274,92.1690440426
3330.8806912809,92.2467328728
3331.5947064345,92.1938931727
3332.3087215880,92.1536593441
3333.0227367415,92.3817243011
3333.7367518951,92.4755481989
3334.4507670486,92.3422333986
3335.1647822022,92.3266787514
3335.8787973557,92.2827757752
3336.5928125093,92.2409679168
3337.3068276628,92.2706407408
3338.0208428163,92.2784694751
3338.7348579699,92.4909995278
3339.4488731234,92.5781216600
3340.1628882770,92.3714506720
3340.8769034305,92.4955318590
3341.5909185841,92.6353214977
3342.3049337376,92.4474871993
3343.0189488912,92.5075318153
3343.7329640447,92.6084819498
3344.4469791982,92.4918504636
3345.1609943518,92.5965706717
3345.8750095053,92.7305991924
3346.5890246589,92.6525465944
3347.3030398124,92.6198934821
3348.0170549660,92.5978348766
3348.7310701195,92.5886946551
3349.4450852730,92.6783732343
3350.1591004266,92.6758681205
3350.8731155801,92.6543817232
3351.5871307337,92.7379157023
3352.3011458872,92.6640045045
3353.0151610408,92.5850397007
3353.7291761943,92.7794036930
3354.4431913478,92.8216178451
3355.1572065014,92.7540377362
3355.8712216549,92.9747884374
3356.5852368085,92.9332937926
3357.2992519620,92.6740369128
3358.0132671156,92.9147524488
3358.7272822691,93.0802945919
3359.4412974227,92.8122009269
3360.1553125762,92.7769266576
3360.8693277297,92.9252253611
3361.5833428833,93.0376628582
3362.2973580368,93.1264464570
3363.0113731904,92.9881319057
3363.7253883439,92.8583134508
3364.4394034975,92.9223399578
3365.1534186510,93.0220862756
3365.8674338045,93.1447600256
3366.5814489581,93.0640533123
3367.2954641116,92.9174306694
3368.0094792652,93.0760006396
3368.7234944187,93.1808735501
3369.4375095723,93.1482734641
3370.1515247258,93.1956420490
3370.8655398794,93.1528538629
3371.5795550329,93.1594381968
3372.2935701864,93.1899824590
3373.0075853400,93.0361993737
3373.7216004935,93.0631890032
3374.4356156471,93.2400056740
3375.1496308006,93.2559804738
3375.8636459542,93.2637308133
3376.5776611077,93.2508025197
3377.2916762612,93.2545184551
3378.0056914148,93.3720470107
3378.7197065683,93.3764703534
3379.4337217219,93.3632341793
3380.1477368754,93.4698122674
3380.8617520290,93.4829814397
3381.5757671825,93.3938415325
3382.2897823361,93.3068262042
3383.0037974896,93.3475721404
3383.7178126431,93.5044006056
3384.4318277967,93.5153871065
3385.1458429502,93.4845336646
3385.8598581038,93.5298919364
3386.5738732573,93.4824245563
3387.2878884109,93.4773226750
3388.0019035644,93.4946841735
3388.7159187179,93.4221604675
3389.4299338715,93.5278620214
3390.1439490250,93.6854504635
3390.8579641786,93.6326054074
3391.5719793321,93.5792170410
3392.2859944857,93.5823117609
3393.0000096392,93.6069476679
3393.7140247927,93.6320834942
3394.4280399463,93.5584151519
3395.1420550998,93.6056899533
3395.8560702534,93.7373911283
3396.5700854069,93.6272740742
3397.2841005605,93.5884451260
3397.9981157140,93.7458319597
3398.7121308676,93.6742611758
3399.4261460211,93.5946371512
3400.1401611746,93.7734250419
3400.8541763282,93.8441799215
3401.5681914817,93.7820193508
3402.2822066353,93.8092682731
3402.9962217888,93.8049722292
3403.7102369424,93.8099534839
3404.4242520959,93.9141997202
3405.1382672494,93.8651399796
3405.8522824030,93.7106760208
3406.5662975565,93.7874255181
3407.2803127101,93.9352021202
3407.9943278636,93.9168983517
3408.7083430172,93.9071569671
3409.4223581707,93.9183890471
3410.1363733243,93.8670072501
3410.8503884778,93.9211436572
3411.5644036313,94.0020372056
3412.2784187849,93.8956054457
3412.9924339384,93.8204015583
3413.7064490920,93.9471877472
3414.4204642455,94.0350652744
3415.1344793991,93.9842202729
3415.8484945526,94.0156497037
3416.5625097061,94.1652005320
3417.2765248597,94.2041628478
3417.9905400132,94.1779840034
3418.7045551668,94.2433138863
3419.4185703203,94.2034747876
3420.1325854739,94.0749057622
3420.8466006274,94.1434452391
3421.5606157809,94.2551967671
3422.2746309345,94.2754765103
3422.9886460880,94.2832920636
3423.7026612416,94.2127611652
3424.4166763951,94.1780405761
3425.1306915487,94.2248536772
3425.8447067022,94.2093889465
3426.5587218558,94.2606618596
3427.2727370093,94.3278588564
3427.9867521628,94.3048066973
3428.7007673164,94.3624402691
3429.4147824699,94.3282356144
3430.1287976235,94.2505001878
3430.8428127770,94.3595673942
3431.5568279306,94.2687431708
3432.2708430841,94.1591659904
3432.9848582376,94.3949686927
3433.6988733912,94.3877136889
3434.4128885447,94.2231351985
3435.1269036983,94.3778775876
3435.8409188518,94.4656563113
3436.5549340054,94.4114974548
3437.2689491589,94.3556367894
3437.9829643125,94.3227414183
3438.6969794660,94.5209749648
3439.4109946195,94.5692642866
3440.1250097731,94.4183591236
3440.8390249266,94.5359793259
3441.5530400802,94.5281709577
3442.2670552337,94.4168930519
3442.9810703873,94.5789922340
3443.6950855408,94.4860513132
3444.4091006943,94.3791235605
3445.1231158479,94.6260697420
3445.8371310014,94.6047363840
3446.5511461550,94.4859089965
3447.2651613085,94.6094065363
3447.9791764621,94.5955435998
3448.6931916156,94.5462054525
3449.4072067691,94.5223949582
3450.1212219227,94.5798701356
3450.8352370762,94.8459927350
3451.5492522298,94.8516281067
3452.2632673833,94.6814305426
3452.9772825369,94.7425521536
3453.6912976904,94.7140883989
3454.4053128440,94.6852027882
3455.1193279975,94.7611364407
3455.8333431510,94.6603507575
3456.5473583046,94.7116535527
3457.2613734581,94.8779040620
3457.9753886117,94.7814112968
3458.6894037652,94.7448604833
3459.4034189188,94.8294730630
3460.1174340723,94.8706367952
3460.8314492258,94.9170343200
3461.5454643794,94.8210817487
3462.2594795329,94.7749905873
3462.9734946865,94.8747000553
3463.6875098400,94.8315290424
3464.4015249936,94.8925281283
3465.1155401471,95.0021167228
3465.8295553007,94.8487589567
3466.5435704542,94.9038303390
3467.2575856077,95.0873464829
3467.9716007613,94.8891903322
3468.6856159148,94.7849054096
3469.3996310684,94.9584177195
3470.1136462219,94.9814790103
3470.8276613755,94.9063590144
3471.5416765290,94.9124601582
3472.2556916825,95.0113057745
3472.9697068361,95.1071926167
3473.6837219896,95.0218797293
3474.3977371432,94.9424856662
3475.1117522967,95.0302362244
3475.8257674503,95.1116371188
3476.5397826038,95.1957124315
3477.2537977573,95.2416403785
3477.9678129109,95.1647712986
3478.6818280644,95.1645784901
3479.3958432180,95.1568354289
3480.1098583715,94.9664125165
3480.8238735251,94.9179289956
3481.5378886786,95.0823020304
3482.2519038322,95.1147684127
3482.9659189857,95.0523679640
3483.6799341392,95.0971205053
3484.3939492928,95.1640587509
3485.1079644463,95.1551343024
3485.8219795999,95.0703797041
3486.5359947534,95.0064712764
3487.2500099070,95.1523791425
3487.9640250605,95.4039005404
3488.6780402140,95.3853551969
3489.3920553676,95.2447768156
3490.1060705211,95.3033134761
3490.8200856747,95.3284622687
3491.5341008282,95.2577149587
3492.2481159818,95.3213137999
3492.9621311353,95.2860719475
3493.6761462889,95.0933155697
3494.3901614424,95.0860973492
3495.1041765959,95.2059126987
3495.8181917495,95.3333419390
3496.5322069030,95.5246660865
3497.2462220566,95.5240018132
3497.9602372101,95.3268041888
3498.6742523637,95.2399112990
3499.3882675172,95.2556170608
3500.1022826707,95.2943932550
3500.8162978243,95.3564780084
3501.5303129778,95.3167765217
3502.2443281314,95.2380149002
3502.9583432849,95.3485087205
3503.6723584385,95.5146811823
3504.3863735920,95.5336070617
3505.1003887456,95.5230897257
3505.8144038991,95.4957735781
3506.5284190526,95.4788897348
3507.2424342062,95.6023732800
3507.9564493597,95.6022677314
3508.6704645133,95.4316368545
3509.3844796668,95.5357516757
3510.0984948204,95.6424817705
3510.8125099739,95.4746709617
3511.5265251274,95.5312104130
3512.2405402810,95.6516303655
3512.9545554345,95.5487376853
3513.6685705881,95.6430160104
3514.3825857416,95.7593670053
3515.0966008952,95.6286592768
3515.8106160487,95.6404370652
3516.5246312022,95.7203718693
3517.2386463558,95.6549964071
3517.9526615093,95.7326341585
3518.6666766629,95.9231453932
3519.3806918164,95.8996613917
3520.0947069700,95.7508496727
3520.8087221235,95.7610006333
3521.5227372771,95.8137082073
3522.2367524306,95.7688479382
3522.9507675841,95.8607318763
3523.6647827377,96.0010492804
3524.3787978912,95.9382415445
3525.0928130448,95.8685571022
3525.8068281983,95.8540520725
3526.5208433519,95.9341414599
3527.2348585054,96.0337970088
3527.9488736589,95.8475287402
3528.6628888125,95.7670727352
3529.3769039660,95.9168704618
3530.0909191196,95.7927975252
3530.8049342731,95.7910356248
3531.5189494267,96.0637856676
3532.2329645802,96.0332595693
3532.9469797338,96.0201046324
3533.6609948873,96.1622194898
3534.3750100408,96.0750504939
3535.0890251944,96.0253307225
3535.8030403479,96.1518484338
3536.5170555015,96.2127948081
3537.2310706550,96.1618527760
3537.9450858086,96.0900593295
3538.6591009621,96.0947749654
3539.3731161156,96.0397736314
3540.0871312692,96.0420258958
3540.8011464227,96.1957110048
3541.5151615763,96.3077247202
3542.2291767298,96.1202114415
3542.9431918834,96.2534215583
3543.6572070369,96.2635134669
3544.3712221904,96.1122754997
3545.0852373440,96.2868759864
3545.7992524975,96.2633755550
3546.5132676511,96.0717195652
3547.2272828046,96.2137063613
3547.9412979582,96.3376928354
3548.6553131117,96.3453088449
3549.3693282653,96.3638851450
3550.0833434188,96.3606580041
3550.7973585723,96.4388975099
3551.5113737259,96.4918445048
3552.2253888794,96.4269045273
3552.9394040330,96.3892528515
3553.6534191865,96.4146274922
3554.3674343401,96.5406577679
3555.0814494936,96.5745165802
3555.7954646471,96.4619236287
3556.5094798007,96.4899220072
3557.2234949542,96.5903467422
3557.9375101078,96.6312285342
3558.6515252613,96.6275843669
3559.3655404149,96.5257443131
3560.0795555684,96.5443079114
3560.7935707220,96.6877199136
3561.5075858755,96.7221855289
3562.2216010290,96.6968670900
3562.9356161826,96.5615965596
3563.6496313361,96.6025677418
3564.3636464897,96.7450395176
3565.0776616432,96.3601145201
3565.7916767968,96.0380515461
3566.5056919503,96.4607043665
3567.2197071038,96.3681336795
3567.9337222574,96.3794677252
3568.6477374109,96.9181351256
3569.3617525645,96.7594084252
3570.0757677180,96.7078897552
3570.7897828716,97.0336346382
3571.5037980251,96.9483803217
3572.2178131786,96.8354722869
3572.9318283322,96.8795161708
3573.6458434857,96.7834444031
3574.3598586393,96.9086356707
3575.0738737928,96.9980004785
3575.7878889464,96.7673255001
3576.5019040999,96.8300640560
3577.2159192535,97.0810701962
3577.9299344070,96.9928864739
3578.6439495605,96.8535478086
3579.3579647141,96.8401449460
3580.0719798676,96.8951968853
3580.7859950212,97.0086537113
3581.5000101747,97.0555715336
3582.2140253283,97.0141053009
3582.9280404818,96.9026388678
3583.6420556353,96.9394564370
3584.3560707889,97.1332137275
3585.0700859424,96.9177200035
3585.7841010960,96.6367578635
3586.4981162495,97.2247167395
3587.2121314031,97.2079389463
3587.9261465566,96.5204376483
3588.6401617102,97.0531038859
3589.3541768637,97.5602063143
3590.0681920172,97.0831823598
3590.7822071708,97.2625438772
3591.4962223243,97.4670834486
3592.2102374779,97.0156406481
3592.9242526314,97.2626671352
3593.6382677850,97.6225156341
3594.3522829385,97.1231334316
3595.0662980920,97.0364185752
3595.7803132456,97.3858183719
3596.4943283991,97.2952031159
3597.2083435527,97.2107842844
3597.9223587062,97.2626948918
3598.6363738598,97.4126314915
3599.3503890133,97.3374442590
3600.0644041668,97.0967531500
3600.7784193204,97.3512400248
3601.4924344739,97.5357653975
3602.2064496275,97.3722912461
3602.9204647810,97.5778290880
3603.6344799346,97.6734801319
3604.3484950881,97.5398942386
3605.0625102417,97.5526683156
3605.7765253952,97.3171963995
3606.4905405487,97.2566346183
3607.2045557023,97.6178846004
3607.9185708558,97.2276852078
3608.6325860094,96.9572835395
3609.3466011629,97.7654696701
3610.0606163165,97.9692855861
3610.7746314700,97.5715444641
3611.4886466235,97.1749953502
3612.2026617771,97.2751992137
3612.9166769306,97.9806524043
3613.6306920842,97.7391539102
3614.3447072377,97.3291985299
3615.0587223913,97.9162418960
3615.7727375448,97.9220273822
3616.4867526984,97.2576526168
3617.2007678519,97.4418629478
3617.9147830054,97.8616260282
3618.6287981590,97.3030944651
3619.3428133125,97.5177303997
3620.0568284661,98.2468830901
3620.7708436196,97.8419464326
3621.4848587732,97.8600383214
3622.1988739267,98.1451843486
3622.9128890802,97.9297709326
3623.6269042338,98.0360791315
3624.3409193873,98.2764993610
3625.0549345409,98.1019540916
3625.7689496944,98.2048200417
3626.4829648480,98.2232528721
3627.1969800015,97.6947850099
3627.9109951551,97.1483928216
3628.6250103086,97.2244019376
3629.3390254621,98.3556995330
3630.0530406157,98.7234347847
3630.7670557692,98.3512523081
3631.4810709228,98.4123667807
3632.1950860763,98.4381138561
3632.9091012299,98.0578502468
3633.6231163834,98.2074832264
3634.3371315369,98.5565337629
3635.0511466905,98.5888752543
3635.7651618440,99.1222291768
3636.4791769976,99.4297894137
3637.1931921511,99.1092025004
3637.9072073047,99.0408995771
3638.6212224582,99.0839440832
3639.3352376117,99.0444278596
3640.0492527653,99.1987930430
3640.7632679188,99.3609065907
3641.4772830724,99.3153397885
3642.1912982259,99.2181749101
3642.9053133795,99.2988299140
3643.6193285330,99.3238496251
3644.3333436866,99.3740680198
3645.0473588401,99.5492613865
3645.7613739936,99.0586531348
3646.4753891472,98.5324841088
3647.1894043007,99.6185501085
3647.9034194543,99.4851469074
3648.6174346078,98.5950647554
3649.3314497614,99.0418704639
3650.0454649149,99.0349319616
3650.7594800684,98.7074144602
3651.4734952220,99.7871878929
3652.1875103755,99.7216912933
3652.9015255291,99.3591283640
3653.6155406826,99.8464132471
3654.3295558362,99.9708546229
3655.0435709897,99.2248309934
3655.7575861433,98.9635032388
3656.4716012968,100.1744367503
3657.1856164503,100.2125584800
3657.8996316039,99.7461961056
3658.6136467574,99.8540625476
3659.3276619110,99.9339652237
3660.0416770645,99.7947279036
3660.7556922181,99.9037744996
3661.4697073716,99.8897341296
3662.1837225251,99.8025556671
3662.8977376787,99.9094716891
3663.6117528322,99.8657050683
3664.3257679858,99.9139586416
3665.0397831393,99.9368479101
3665.7537982929,99.7711952180
3666.4678134464,99.9272244580
3667.1818285999,99.7210583721
3667.8958437535,99.2297155450
3668.6098589070,99.6319071221
3669.3238740606,99.5020267921
3670.0378892141,98.7434951971
3670.7519043677,99.7517422407
3671.4659195212,100.1367464674
3672.1799346748,99.5330581703
3672.8939498283,99.4121095879
3673.6079649818,99.1015914723
3674.3219801354,98.4253341430
3675.0359952889,98.3698517950
3675.7500104425,99.0649111074
3676.4640255960,99.2917737039
3677.1780407496,99.2243398111
3677.8920559031,99.0357272456
3678.6060710566,98.9678482783
3679.3200862102,99.0564120660
3680.0341013637,99.2545435805
3680.7481165173,99.1756433125
3681.4621316708,98.8694915715
3682.1761468244,98.9920215104
3682.8901619779,99.1152781642
3683.6041771315,98.9533479703
3684.3181922850,99.2298491200
3685.0322074385,99.0511499490
3685.7462225921,98.7331876604
3686.4602377456,98.8799531674
3687.1742528992,98.1821211236
3687.8882680527,97.5810224205
3688.6022832063,99.7678276491
3689.3162983598,98.9208384709
3690.0303135133,97.6712574316
3690.7443286669,97.9727247135
3691.4583438204,99.2269156902
3692.1723589740,98.9168251920
3692.8863741275,98.5190544669
3693.6003892811,98.5740868230
3694.3144044346,98.7105603850
3695.0284195881,98.4863516109
3695.7424347417,98.4993571326
3696.4564498952,98.8024744542
3697.1704650488,98.7018902526
3697.8844802023,98.5638508869
3698.5984953559,98.6705413807
3699.3125105094,98.7130121508
3700.0265256630,98.5007058693
3700.7405408165,98.0538642478
3701.4545559700,98.0434927386
3702.1685711236,98.7502841592
3702.8825862771,98.7678876058
3703.5966014307,98.6660867002
3704.3106165842,98.6487469844
3705.0246317378,98.4314975764
3705.7386468913,98.4077854023
3706.4526620448,98.6090485508
3707.1666771984,98.6755781329
3707.8806923519,98.4241438323
3708.5947075055,97.9564394936
3709.3087226590,98.4681038435
3710.0227378126,99.1643459510
3710.7367529661,98.1137545431
3711.4507681197,97.0867390398
3712.1647832732,98.5675289221
3712.8787984267,99.0445499033
3713.5928135803,98.2772203368
3714.3068287338,98.2511739102
3715.0208438874,98.6309079441
3715.7348590409,98.6597467421
3716.4488741945,98.7453074979
3717.1628893480,98.6356566208
3717.8769045015,98.2837722674
3718.5909196551,98.4436293806
3719.3049348086,98.8041192068
3720.0189499622,98.6280075235
3720.7329651157,98.3623216391
3721.4469802693,98.1300139595
3722.1609954228,98.3720927462
3722.8750105763,98.7941315895
3723.5890257299,98.3909312410
3724.3030408834,98.1268368389
3725.0170560370,98.3274602235
3725.7310711905,98.1112201893
3726.4450863441,98.2294994199
3727.1591014976,98.7722770833
3727.8731166512,98.5407927197
3728.5871318047,98.4581451887
3729.3011469582,98.7410871048
3730.0151621118,98.6964050355
3730.7291772653,98.1477331997
3731.4431924189,97.5858773880
3732.1572075724,98.6593491190
3732.8712227260,99.0654593822
3733.5852378795,97.8019150336
3734.2992530330,97.4428932797
3735.0132681866,98.7401582847
3735.7272833401,97.9061739819
3736.4412984937,97.9678186465
3737.1553136472,98.7466997802
3737.8693288008,98.3232672738
3738.5833439543,98.4933588815
3739.2973591079,98.7099854885
3740.0113742614,98.2765208927
3740.7253894149,98.4298212197
3741.4394045685,98.8807412536
3742.1534197220,98.6835956678
3742.8674348756,98.0696976693
3743.5814500291,96.9404454203
3744.2954651827,97.6202644186
3745.0094803362,100.5932115076
3745.7234954897,98.5893091707
3746.4375106433,98.2086994299
3747.1515257968,98.5778799364
3747.8655409504,98.0983389010
3748.5795561039,97.0828111264
3749.2935712575,98.0112450804
3750.0075864110,99.3002427314
3750.7216015645,97.8091464494
3751.4356167181,96.9876179551
3752.1496318716,99.5143426031
3752.8636470252,99.2576009913
3753.5776621787,98.2649867007
3754.2916773323,98.5349201541
3755.0056924858,98.4588455326
3755.7197076394,98.1297796163
3756.4337227929,98.7025973878
3757.1477379464,98.9481312049
3757.8617531000,98.3962823551
3758.5757682535,97.9056064385
3759.2897834071,98.1470554031
3760.0037985606,99.1323013127
3760.7178137142,98.8983504111
3761.4318288677,98.5492434676
3762.1458440212,98.6009192630
3762.8598591748,98.4978378855
3763.5738743283,98.5642120705
3764.2878894819,98.4857164071
3765.0019046354,98.0338704464
3765.7159197890,98.4740510021
3766.4299349425,98.7948033482
3767.1439500961,98.4151524153
3767.8579652496,98.4516847345
3768.5719804031,98.1849013435
3769.2859955567,97.8705725634
3770.0000107102,98.8620675686
3770.7140258638,98.8651162462
3771.4280410173,98.5088960763
3772.1420561709,98.6328416913
3772.8560713244,98.3966061487
3773.5700864779,98.3108092672
3774.2841016315,98.2684532978
3774.9981167850,98.4220258242
3775.7121319386,98.4510183843
3776.4261470921,98.5365813016
3777.1401622457,98.5435727214
3777.8541773992,98.4586221112
3778.5681925528,97.9919425248
3779.2822077063,98.1665057015
3779.9962228598,98.8461737304
3780.7102380134,98.4047404500
3781.4242531669,98.3769719340
3782.1382683205,98.8230852811
3782.8522834740,98.4805293288
3783.5662986276,98.0900841035
3784.2803137811,98.3131753059
3784.9943289346,98.4892858903
3785.7083440882,98.5654303881
3786.4223592417,98.5466891722
3787.1363743953,98.5579741416
3787.8503895488,98.6351939105
3788.5644047024,98.5094348617
3789.2784198559,98.4782781628
3789.9924350094,98.5907343499
3790.7064501630,98.6146025971
3791.4204653165,98.6564271767
3792.1344804701,98.5540038165
3792.8484956236,98.4424134472
3793.5625107772,98.5994594938
3794.2765259307,98.6061173457
3794.9905410843,98.2574220387
3795.7045562378,98.0603596639
3796.4185713913,98.6045819361
3797.1325865449,98.8622784822
3797.8466016984,98.3575572143
3798.5606168520,98.4230739470
3799.2746320055,98.6137602734
3799.9886471591,97.7814185366
3800.7026623126,97.1765627904
3801.4166774661,98.6176708689
3802.1306926197,98.5952321827
3802.8447077732,98.3054588562
3803.5587229268,98.5720527200
3804.2727380803,98.5928210117
3804.9867532339,98.3859268650
3805.7007683874,97.9044915844
3806.4147835410,97.6303061986
3807.1287986945,99.0218156839
3807.8428138480,99.0046600744
3808.5568290016,98.2943441134
3809.2708441551,98.4367897346
3809.9848593087,98.7089321863
3810.6988744622,98.5378578458
3811.4128896158,98.7086793561
3812.1269047693,98.7966103042
3812.8409199228,98.6252203936
3813.5549350764,98.7225416511
3814.2689502299,98.4094069127
3814.9829653835,97.5994898348
3815.6969805370,97.8046645151
3816.4109956906,99.3469992640
3817.1250108441,98.7700165453
3817.8390259976,98.4511924247
3818.5530411512,98.6361681235
3819.2670563047,98.4002428717
3819.9810714583,97.6578400587
3820.6950866118,97.3225660771
3821.4091017654,98.3756838746
3822.1231169189,98.7362437262
3822.8371320725,98.4588833505
3823.5511472260,98.4098394022
3824.2651623795,98.5244585707
3824.9791775331,98.3806069630
3825.6931926866,98.2002387903
3826.4072078402,98.3935686930
3827.1212229937,98.7063743501
3827.8352381473,98.5808034149
3828.5492533008,98.4799503932
3829.2632684543,98.6986926281
3829.9772836079,98.4614700991
3830.6912987614,97.8672770841
3831.4053139150,98.2430909457
3832.1193290685,98.9747051934
3832.8333442221,98.5547552259
3833.5473593756,98.2357704488
3834.2613745292,98.1428072191
3834.9753896827,98.5155129965
3835.6894048362,98.8614225624
3836.4034199898,98.0733834189
3837.1174351433,97.3186132397
3837.8314502969,98.9179848701
3838.5454654504,98.8986362208
3839.2594806040,98.0299798735
3839.9734957575,98.0217346907
3840.6875109110,98.4182009601
3841.4015260646,98.5670505901
3842.1155412181,98.2702578182
3842.8295563717,97.8772237516
3843.5435715252,98.4168684839
3844.2575866788,98.7849307943
3844.9716018323,98.3354336592
3845.6856169858,98.5518950825
3846.3996321394,98.6859641359
3847.1136472929,98.4550951912
3847.8276624465,98.6022734988
3848.5416776000,98.4595440713
3849.2556927536,98.4365701524
3849.9697079071,98.7109153812
3850.6837230607,97.9709534855
3851.3977382142,97.4621157869
3852.1117533677,98.5614979780
3852.8257685213,97.4543273262
3853.5397836748,95.7374537021
3854.2537988284,99.0649180456
3854.9678139819,98.9845197409
3855.6818291355,98.1324020805
3856.3958442890,98.1186985183
3857.1098594425,98.4381973596
3857.8238745961,98.4806230815
3858.5378897496,98.4242254992
3859.2519049032,98.4671738413
3859.9659200567,98.4558437036
3860.6799352103,98.2244050106
3861.3939503638,98.3088476117
3862.1079655174,98.7830610815
3862.8219806709,98.5850977493
3863.5359958244,98.1181782716
3864.2500109780,97.7970810395
3864.9640261315,98.3029157291
3865.6780412851,98.9592405773
3866.3920564386,98.5788352835
3867.1060715922,98.2682982385
3867.8200867457,98.3025941284
3868.5341018992,97.7508572638
3869.2481170528,97.2893784903
3869.9621322063,98.6621718010
3870.6761473599,98.6673398431
3871.3901625134,98.4659751482
3872.1041776670,98.5820776562
3872.8181928205,98.0454680500
3873.5322079740,97.8427760886
3874.2462231276,98.7371180910
3874.9602382811,98.6125659029
3875.6742534347,98.4079385567
3876.3882685882,98.5653904506
3877.1022837418,98.5089306193
3877.8162988953,98.5694274831
3878.5303140489,98.3968200145
3879.2443292024,97.7463200801
3879.9583443559,97.7387139503
3880.6723595095,98.6281695696
3881.3863746630,98.5749176304
3882.1003898166,98.3592695046
3882.8144049701,98.4600061699
3883.5284201237,98.5415260699
3884.2424352772,97.9499069984
3884.9564504307,97.2908884002
3885.6704655843,98.0684562384
3886.3844807378,98.7984117994
3887.0984958914,98.3733753094
3887.8125110449,98.3461236329
3888.5265261985,98.5434598116
3889.2405413520,98.5111745803
3889.9545565056,98.1366062049
3890.6685716591,97.6927188987
3891.3825868126,98.2814125497
3892.0966019662,98.6035094432
3892.8106171197,98.1829757733
3893.5246322733,98.3613681359
3894.2386474268,98.5508932187
3894.9526625804,98.3773004622
3895.6666777339,98.5647333543
3896.3806928874,98.4331687191
3897.0947080410,98.1988920894
3897.8087231945,98.2167757435
3898.5227383481,97.7653866080
3899.2367535016,98.1745240980
3899.9507686552,98.8394772390
3900.6647838087,97.8031736865
3901.3787989623,97.6807964933
3902.0928141158,99.1034140995
3902.8068292693,97.9733886845
3903.5208444229,97.3153317105
3904.2348595764,98.3250103516
3904.9488747300,98.2155106303
3905.6628898835,98.0357179113
3906.3769050371,98.5274808121
3907.0909201906,98.3941525786
3907.8049353441,98.1803369456
3908.5189504977,98.3705097155
3909.2329656512,98.4645339480
3909.9469808048,98.4354012787
3910.6609959583,98.4314630244
3911.3750111119,98.4441202900
3912.0890262654,98.4096266027
3912.8030414189,98.3830843854
3913.5170565725,98.4277115932
3914.2310717260,98.3246998340
3914.9450868796,98.1857702640
3915.6591020331,98.0817335162
3916.3731171867,97.9222350999
3917.0871323402,98.2569495435
3917.8011474938,98.5854557051
3918.5151626473,98.1543141113
3919.2291778008,97.8383972988
3919.9431929544,98.1454099548
3920.6572081079,98.4452865935
3921.3712232615,98.3603744387
3922.0852384150,98.2286905804
3922.7992535686,98.2897546393
3923.5132687221,98.2796368863
3924.2272838756,97.9867437751
3924.9412990292,98.1151103717
3925.6553141827,98.5379614977
3926.3693293363,98.4093248909
3927.0833444898,98.2329069257
3927.7973596434,98.3528791026
3928.5113747969,98.2830380004
3929.2253899505,98.1448756535
3929.9394051040,98.2832468168
3930.6534202575,98.1957774561
3931.3674354111,97.9094492611
3932.0814505646,98.1217290579
3932.7954657182,98.4573864292
3933.5094808717,98.2810734128
3934.2234960253,98.2267516215
3934.9375111788,98.2998787973
3935.6515263323,98.2967395511
3936.3655414859,98.4136879407
3937.0795566394,98.3731416556
3937.7935717930,98.2725769797
3938.5075869465,98.4476370840
3939.2216021001,98.3737409279
3939.9356172536,98.2180059645
3940.6496324071,98.3383088719
3941.3636475607,98.1614921258
3942.0776627142,97.9441846748
3942.7916778678,98.2141745934
3943.5056930213,98.2557230215
3944.2197081749,98.1555224848
3944.9337233284,98.2971628780
3945.6477384820,98.3286702717
3946.3617536355,98.1920588285
3947.0757687890,98.1487724895
3947.7897839426,98.2589919462
3948.5037990961,98.2177225521
3949.2178142497,98.0357667837
3949.9318294032,98.2071926137
3950.6458445568,98.4467926423
3951.3598597103,98.3029927533
3952.0738748638,98.2762728374
3952.7878900174,98.3245467446
3953.5019051709,98.3303664488
3954.2159203245,98.3981395333
3954.9299354780,98.3475038595
3955.6439506316,98.2312466453
3956.3579657851,98.3682515328
3957.0719809387,98.3312480888
3957.7859960922,98.2290338224
3958.5000112457,98.3141951813
3959.2140263993,98.3450525587
3959.9280415528,98.3645753106
3960.6420567064,98.3051980509
3961.3560718599,98.1960140459
3962.0700870135,98.2542666569
3962.7841021670,98.2011103338
3963.4981173205,98.1768063022
3964.2121324741,98.4216064276
3964.9261476276,98.4643104356
3965.6401627812,98.3280899704
3966.3541779347,98.3447902207
3967.0681930883,98.3685702948
3967.7822082418,98.3144704986
3968.4962233953,98.1605941627
3969.2102385489,98.1170321738
3969.9242537024,98.3466253012
3970.6382688560,98.3563956714
3971.3522840095,98.1729094466
3972.0662991631,98.2678783052
3972.7803143166,98.3329021672
3973.4943294702,98.1879099559
3974.2083446237,98.2247609063
3974.9223597772,98.3630568336
3975.6363749308,98.3358863013
3976.3503900843,98.2882821580
3977.0644052379,98.3254742665
3977.7784203914,98.3335357103
3978.4924355450,98.3263917619
3979.2064506985,98.3402623331
3979.9204658520,98.3048648899
3980.6344810056,98.2733258383
3981.3484961591,98.2486441465
3982.0625113127,98.1951809730
3982.7765264662,98.2459219127
3983.4905416198,98.2946628940
3984.2045567733,98.2582746978
3984.9185719269,98.2939885736
3985.6325870804,98.2113822236
3986.3466022339,98.0900638524
3987.0606173875,98.2894340804
3987.7746325410,98.3682575931
3988.4886476946,98.1542625518
3989.2026628481,98.2101394539
3989.9166780017,98.3541989034
3990.6306931552,98.2128048114
3991.3447083087,98.1378290446
3992.0587234623,98.2420684898
3992.7727386158,98.2856627370
3993.4867537694,98.2583292358
3994.2007689229,98.2355634381
3994.9147840765,98.2435428852
3995.6287992300,98.2788895776
3996.3428143835,98.2258488854
3997.0568295371,98.1084869266
3997.7708446906,98.1711006398
3998.4848598442,98.2960485964
3999.1988749977,98.2342496401
3999.9128901513,98.2405755755